2026-10-08T21:31:43.7500431Z Current runner version: '2.337.0'
2026-10-08T21:31:43.7520463Z ##[group]Runner Image Provisioner
2026-10-08T21:31:43.7521345Z Hosted Compute Agent
2026-10-08T21:31:43.7521986Z Version: 20261002.596
2026-10-08T21:31:43.7522761Z Commit: c3d12f3313a95f25162a1503be624f3b0617f8c0
2026-10-08T21:31:43.7523479Z Build Date: 2026-10-02T22:28:27Z
2026-10-08T21:31:43.7524506Z Worker ID: {97453a57-385c-4209-a2cd-f0b3e4c33cb5}
2026-10-08T21:31:43.7525131Z Region: centralus
2026-10-08T21:31:43.7525584Z Cloud: Azure
2026-10-08T21:31:43.7526021Z ##[endgroup]
2026-10-08T21:31:43.7527480Z ##[group]Operating System
2026-10-08T21:31:43.7527952Z Ubuntu
2026-10-08T21:31:43.7528393Z 24.04.5
2026-10-08T21:31:43.7528823Z LTS
2026-10-08T21:31:43.7529262Z ##[endgroup]
2026-10-08T21:31:43.7529745Z ##[group]Runner Image
2026-10-08T21:31:43.7530201Z Image: ubuntu-24.04
2026-10-08T21:31:43.7530725Z Version: 20261004.327.1
2026-10-08T21:31:43.7531719Z Included Software: https://github.com/actions/runner-images/blob/ubuntu24/20261004.327/images/ubuntu/Ubuntu2404-Readme.md
2026-10-08T21:31:43.7532950Z Image Release: https://github.com/actions/runner-images/releases/tag/ubuntu24%2F20261004.327
2026-10-08T21:31:43.7533668Z ##[endgroup]
2026-10-08T21:31:43.7534925Z ##[group]GITHUB_TOKEN Permissions
2026-10-08T21:31:43.7537077Z Contents: read
2026-10-08T21:31:43.7537571Z Metadata: read
2026-10-08T21:31:43.7538009Z ##[endgroup]
2026-10-08T21:31:43.7539708Z Secret source: Actions
2026-10-08T21:31:43.7540465Z Cache mode: write
2026-10-08T21:31:43.7540993Z Prepare workflow directory
2026-10-08T21:31:43.7990546Z Prepare all required actions
2026-10-08T21:31:43.8043870Z Getting action download info
2026-10-08T21:31:44.0469272Z Download action repository 'actions/checkout@v4' (SHA:11d5960a326750d5838078e36cf38b85af677262)
2026-10-08T21:31:44.1444686Z Download action repository 'actions/setup-node@v4' (SHA:49933ea5288caeca8642d1e84afbd3f7d6820020)
2026-10-08T21:31:44.2971914Z Download action repository 'actions/download-artifact@v4' (SHA:d3f86a106a0bac45b974a628896c90dbdf5c8093)
2026-10-08T21:31:44.8406381Z Download action repository 'actions/upload-artifact@v4' (SHA:ea165f8d65b6e75b540449e92b4886f43607fa02)
2026-10-08T21:31:45.1033446Z Complete job name: delivery
2026-10-08T21:31:45.1578150Z ##[group]Run actions/checkout@v4
2026-10-08T21:31:45.1578817Z with:
2026-10-08T21:31:45.1579289Z   ref: ae36b497cfd474f0eafc873bb2489b2529b4163e
2026-10-08T21:31:45.1579912Z   repository: luisitin/partybox-game-cores
2026-10-08T21:31:45.1583347Z   token: ***
2026-10-08T21:31:45.1584036Z   ssh-strict: true
2026-10-08T21:31:45.1584740Z   ssh-user: git
2026-10-08T21:31:45.1585181Z   persist-credentials: true
2026-10-08T21:31:45.1585650Z   clean: true
2026-10-08T21:31:45.1586086Z   sparse-checkout-cone-mode: true
2026-10-08T21:31:45.1586574Z   fetch-depth: 1
2026-10-08T21:31:45.1586972Z   fetch-tags: false
2026-10-08T21:31:45.1587421Z   show-progress: true
2026-10-08T21:31:45.1587854Z   lfs: false
2026-10-08T21:31:45.1588255Z   submodules: false
2026-10-08T21:31:45.1588680Z   set-safe-directory: true
2026-10-08T21:31:45.1589167Z   allow-unsafe-pr-checkout: false
2026-10-08T21:31:45.1589866Z env:
2026-10-08T21:31:45.1590472Z   G10_SOURCE_COMMIT: ae36b497cfd474f0eafc873bb2489b2529b4163e
2026-10-08T21:31:45.1591030Z ##[endgroup]
2026-10-08T21:31:45.2336361Z Syncing repository: luisitin/partybox-game-cores
2026-10-08T21:31:45.2338679Z ##[group]Getting Git version info
2026-10-08T21:31:45.2339524Z Working directory is '/home/runner/work/partybox-game-cores/partybox-game-cores'
2026-10-08T21:31:45.2340585Z [command]/usr/bin/git version
2026-10-08T21:31:45.2429772Z git version 2.55.0
2026-10-08T21:31:45.2448902Z ##[endgroup]
2026-10-08T21:31:45.2458796Z Temporarily overriding HOME='/home/runner/work/_temp/c176ae4c-bf9f-4c2e-aeb3-8efbec1c39ed' before making global git config changes
2026-10-08T21:31:45.2460588Z Adding repository directory to the temporary git global config as a safe directory
2026-10-08T21:31:45.2462547Z [command]/usr/bin/git config --global --add safe.directory /home/runner/work/partybox-game-cores/partybox-game-cores
2026-10-08T21:31:45.2502920Z Deleting the contents of '/home/runner/work/partybox-game-cores/partybox-game-cores'
2026-10-08T21:31:45.2507394Z ##[group]Initializing the repository
2026-10-08T21:31:45.2511329Z [command]/usr/bin/git init /home/runner/work/partybox-game-cores/partybox-game-cores
2026-10-08T21:31:45.2603155Z hint: Using 'master' as the name for the initial branch. This default branch name
2026-10-08T21:31:45.2604640Z hint: will change to "main" in Git 3.0. To configure the initial branch name
2026-10-08T21:31:45.2605816Z hint: to use in all of your new repositories, which will suppress this warning,
2026-10-08T21:31:45.2606722Z hint: call:
2026-10-08T21:31:45.2607202Z hint:
2026-10-08T21:31:45.2607976Z hint: 	git config --global init.defaultBranch <name>
2026-10-08T21:31:45.2608785Z hint:
2026-10-08T21:31:45.2609562Z hint: Names commonly chosen instead of 'master' are 'main', 'trunk' and
2026-10-08T21:31:45.2610676Z hint: 'development'. The just-created branch can be renamed via this command:
2026-10-08T21:31:45.2611381Z hint:
2026-10-08T21:31:45.2611789Z hint: 	git branch -m <name>
2026-10-08T21:31:45.2612226Z hint:
2026-10-08T21:31:45.2612879Z hint: Disable this message with "git config set advice.defaultBranchName false"
2026-10-08T21:31:45.2614109Z Initialized empty Git repository in /home/runner/work/partybox-game-cores/partybox-game-cores/.git/
2026-10-08T21:31:45.2616446Z [command]/usr/bin/git remote add origin https://github.com/luisitin/partybox-game-cores
2026-10-08T21:31:45.2666953Z ##[endgroup]
2026-10-08T21:31:45.2668216Z ##[group]Disabling automatic garbage collection
2026-10-08T21:31:45.2670289Z [command]/usr/bin/git config --local gc.auto 0
2026-10-08T21:31:45.2724121Z ##[endgroup]
2026-10-08T21:31:45.2725559Z ##[group]Setting up auth
2026-10-08T21:31:45.2728883Z [command]/usr/bin/git config --local --name-only --get-regexp core\.sshCommand
2026-10-08T21:31:45.2754257Z [command]/usr/bin/git submodule foreach --recursive sh -c "git config --local --name-only --get-regexp 'core\.sshCommand' && git config --local --unset-all 'core.sshCommand' || :"
2026-10-08T21:31:45.3020434Z [command]/usr/bin/git config --local --name-only --get-regexp http\.https\:\/\/github\.com\/\.extraheader
2026-10-08T21:31:45.3042565Z [command]/usr/bin/git submodule foreach --recursive sh -c "git config --local --name-only --get-regexp 'http\.https\:\/\/github\.com\/\.extraheader' && git config --local --unset-all 'http.https://github.com/.extraheader' || :"
2026-10-08T21:31:45.3184543Z [command]/usr/bin/git config --local --name-only --get-regexp ^includeIf\.gitdir:
2026-10-08T21:31:45.3209702Z [command]/usr/bin/git submodule foreach --recursive git config --local --show-origin --name-only --get-regexp remote.origin.url
2026-10-08T21:31:45.3353081Z [command]/usr/bin/git config --local http.https://github.com/.extraheader AUTHORIZATION: basic ***
2026-10-08T21:31:45.3386329Z ##[endgroup]
2026-10-08T21:31:45.3387438Z ##[group]Fetching the repository
2026-10-08T21:31:45.3394669Z [command]/usr/bin/git -c protocol.version=2 fetch --no-tags --prune --no-recurse-submodules --depth=1 origin ae36b497cfd474f0eafc873bb2489b2529b4163e
2026-10-08T21:32:03.4292487Z From https://github.com/luisitin/partybox-game-cores
2026-10-08T21:32:03.4293380Z  * branch            ae36b497cfd474f0eafc873bb2489b2529b4163e -> FETCH_HEAD
2026-10-08T21:32:03.4295956Z ##[endgroup]
2026-10-08T21:32:03.4296597Z ##[group]Determining the checkout info
2026-10-08T21:32:03.4297396Z ##[endgroup]
2026-10-08T21:32:03.4303285Z [command]/usr/bin/git sparse-checkout disable
2026-10-08T21:32:03.4450227Z [command]/usr/bin/git config --local --unset-all extensions.worktreeConfig
2026-10-08T21:32:03.5046328Z ##[group]Checking out the ref
2026-10-08T21:32:03.5050030Z [command]/usr/bin/git checkout --progress --force ae36b497cfd474f0eafc873bb2489b2529b4163e
2026-10-08T21:32:04.6541096Z Updating files:  11% (180/1509)
2026-10-08T21:32:05.5260335Z Updating files:  12% (182/1509)
2026-10-08T21:32:05.5848332Z Updating files:  12% (196/1509)
2026-10-08T21:32:06.4486435Z Updating files:  13% (197/1509)
2026-10-08T21:32:06.5873033Z Updating files:  14% (212/1509)
2026-10-08T21:32:07.5349365Z Updating files:  14% (213/1509)
2026-10-08T21:32:07.9583440Z Updating files:  14% (224/1509)
2026-10-08T21:32:08.6290483Z Updating files:  15% (227/1509)
2026-10-08T21:32:08.7651731Z Updating files:  15% (241/1509)
2026-10-08T21:32:09.4721743Z Updating files:  16% (242/1509)
2026-10-08T21:32:09.5220226Z Updating files:  17% (257/1509)
2026-10-08T21:32:09.5238789Z Updating files:  17% (263/1509)
2026-10-08T21:32:09.5243052Z Updating files:  18% (272/1509)
2026-10-08T21:32:09.5248799Z Updating files:  19% (287/1509)
2026-10-08T21:32:09.5255335Z Updating files:  20% (302/1509)
2026-10-08T21:32:09.5468544Z Updating files:  21% (317/1509)
2026-10-08T21:32:09.5472273Z Updating files:  22% (332/1509)
2026-10-08T21:32:09.5475759Z Updating files:  23% (348/1509)
2026-10-08T21:32:09.5615888Z Updating files:  24% (363/1509)
2026-10-08T21:32:09.5629868Z Updating files:  25% (378/1509)
2026-10-08T21:32:09.5633805Z Updating files:  26% (393/1509)
2026-10-08T21:32:09.5636376Z Updating files:  27% (408/1509)
2026-10-08T21:32:09.5639303Z Updating files:  28% (423/1509)
2026-10-08T21:32:09.5656790Z Updating files:  29% (438/1509)
2026-10-08T21:32:09.5666824Z Updating files:  30% (453/1509)
2026-10-08T21:32:09.5675307Z Updating files:  31% (468/1509)
2026-10-08T21:32:09.5681883Z Updating files:  32% (483/1509)
2026-10-08T21:32:09.5691047Z Updating files:  33% (498/1509)
2026-10-08T21:32:09.5694818Z Updating files:  34% (514/1509)
2026-10-08T21:32:09.5699615Z Updating files:  35% (529/1509)
2026-10-08T21:32:09.5772110Z Updating files:  36% (544/1509)
2026-10-08T21:32:09.5781297Z Updating files:  37% (559/1509)
2026-10-08T21:32:09.5961125Z Updating files:  38% (574/1509)
2026-10-08T21:32:09.6044163Z Updating files:  39% (589/1509)
2026-10-08T21:32:09.6048779Z Updating files:  40% (604/1509)
2026-10-08T21:32:09.6092898Z Updating files:  41% (619/1509)
2026-10-08T21:32:09.6100869Z Updating files:  42% (634/1509)
2026-10-08T21:32:09.6105978Z Updating files:  43% (649/1509)
2026-10-08T21:32:09.6110597Z Updating files:  44% (664/1509)
2026-10-08T21:32:09.6124631Z Updating files:  45% (680/1509)
2026-10-08T21:32:09.6246495Z Updating files:  46% (695/1509)
2026-10-08T21:32:09.6383113Z Updating files:  47% (710/1509)
2026-10-08T21:32:09.6429933Z Updating files:  48% (725/1509)
2026-10-08T21:32:09.6562301Z Updating files:  49% (740/1509)
2026-10-08T21:32:09.6723172Z Updating files:  50% (755/1509)
2026-10-08T21:32:09.6736178Z Updating files:  51% (770/1509)
2026-10-08T21:32:09.6741015Z Updating files:  52% (785/1509)
2026-10-08T21:32:09.6747291Z Updating files:  53% (800/1509)
2026-10-08T21:32:09.6791052Z Updating files:  54% (815/1509)
2026-10-08T21:32:09.6831693Z Updating files:  55% (830/1509)
2026-10-08T21:32:09.6837084Z Updating files:  56% (846/1509)
2026-10-08T21:32:09.6860900Z Updating files:  57% (861/1509)
2026-10-08T21:32:09.6887676Z Updating files:  58% (876/1509)
2026-10-08T21:32:09.6916704Z Updating files:  59% (891/1509)
2026-10-08T21:32:09.6951796Z Updating files:  60% (906/1509)
2026-10-08T21:32:09.6981359Z Updating files:  61% (921/1509)
2026-10-08T21:32:09.7012553Z Updating files:  62% (936/1509)
2026-10-08T21:32:09.7018268Z Updating files:  63% (951/1509)
2026-10-08T21:32:09.7035742Z Updating files:  64% (966/1509)
2026-10-08T21:32:09.7057968Z Updating files:  65% (981/1509)
2026-10-08T21:32:09.7083095Z Updating files:  66% (996/1509)
2026-10-08T21:32:09.7104916Z Updating files:  67% (1012/1509)
2026-10-08T21:32:09.7141208Z Updating files:  68% (1027/1509)
2026-10-08T21:32:09.7156499Z Updating files:  69% (1042/1509)
2026-10-08T21:32:09.7172003Z Updating files:  70% (1057/1509)
2026-10-08T21:32:09.7190488Z Updating files:  71% (1072/1509)
2026-10-08T21:32:09.7211978Z Updating files:  72% (1087/1509)
2026-10-08T21:32:09.7243624Z Updating files:  73% (1102/1509)
2026-10-08T21:32:09.7276801Z Updating files:  74% (1117/1509)
2026-10-08T21:32:09.7286306Z Updating files:  75% (1132/1509)
2026-10-08T21:32:09.7289412Z Updating files:  76% (1147/1509)
2026-10-08T21:32:09.7305898Z Updating files:  77% (1162/1509)
2026-10-08T21:32:09.7309807Z Updating files:  78% (1178/1509)
2026-10-08T21:32:09.7313843Z Updating files:  79% (1193/1509)
2026-10-08T21:32:09.7317157Z Updating files:  80% (1208/1509)
2026-10-08T21:32:09.7320243Z Updating files:  81% (1223/1509)
2026-10-08T21:32:09.7322307Z Updating files:  82% (1238/1509)
2026-10-08T21:32:09.7337454Z Updating files:  83% (1253/1509)
2026-10-08T21:32:09.7348947Z Updating files:  84% (1268/1509)
2026-10-08T21:32:09.7359809Z Updating files:  85% (1283/1509)
2026-10-08T21:32:09.7362977Z Updating files:  86% (1298/1509)
2026-10-08T21:32:09.7371869Z Updating files:  87% (1313/1509)
2026-10-08T21:32:09.7380994Z Updating files:  88% (1328/1509)
2026-10-08T21:32:09.7409278Z Updating files:  89% (1344/1509)
2026-10-08T21:32:09.7456439Z Updating files:  90% (1359/1509)
2026-10-08T21:32:09.7485232Z Updating files:  91% (1374/1509)
2026-10-08T21:32:09.7495748Z Updating files:  92% (1389/1509)
2026-10-08T21:32:09.7625662Z Updating files:  93% (1404/1509)
2026-10-08T21:32:10.1681303Z Updating files:  94% (1419/1509)
2026-10-08T21:32:10.1683165Z Updating files:  95% (1434/1509)
2026-10-08T21:32:10.1689009Z Updating files:  96% (1449/1509)
2026-10-08T21:32:10.1693748Z Updating files:  97% (1464/1509)
2026-10-08T21:32:10.1699455Z Updating files:  98% (1479/1509)
2026-10-08T21:32:10.1704615Z Updating files:  99% (1494/1509)
2026-10-08T21:32:10.1705373Z Updating files: 100% (1509/1509)
2026-10-08T21:32:10.1705702Z Updating files: 100% (1509/1509), done.
2026-10-08T21:32:10.1789666Z Note: switching to 'ae36b497cfd474f0eafc873bb2489b2529b4163e'.
2026-10-08T21:32:10.1790082Z 
2026-10-08T21:32:10.1790274Z You are in 'detached HEAD' state. You can look around, make experimental
2026-10-08T21:32:10.1790822Z changes and commit them, and you can discard any commits you make in this
2026-10-08T21:32:10.1791265Z state without impacting any branches by switching back to a branch.
2026-10-08T21:32:10.1791511Z 
2026-10-08T21:32:10.1791748Z If you want to create a new branch to retain commits you create, you may
2026-10-08T21:32:10.1792402Z do so (now or later) by using -c with the switch command. Example:
2026-10-08T21:32:10.1792653Z 
2026-10-08T21:32:10.1792749Z   git switch -c <new-branch-name>
2026-10-08T21:32:10.1792976Z 
2026-10-08T21:32:10.1793085Z Or undo this operation with:
2026-10-08T21:32:10.1793270Z 
2026-10-08T21:32:10.1793363Z   git switch -
2026-10-08T21:32:10.1793498Z 
2026-10-08T21:32:10.1793753Z Turn off this advice by setting config variable advice.detachedHead to false
2026-10-08T21:32:10.1794009Z 
2026-10-08T21:32:10.1794243Z HEAD is now at ae36b49 G10 execute the required bounded-delivery controls in CI
2026-10-08T21:32:10.1875719Z ##[endgroup]
2026-10-08T21:32:10.1915212Z [command]/usr/bin/git log -1 --format=%H
2026-10-08T21:32:10.1937851Z ae36b497cfd474f0eafc873bb2489b2529b4163e
2026-10-08T21:32:10.2916265Z ##[group]Run actions/setup-node@v4
2026-10-08T21:32:10.2916627Z with:
2026-10-08T21:32:10.2916874Z   node-version: 22.16.0
2026-10-08T21:32:10.2917147Z   cache: npm
2026-10-08T21:32:10.2917487Z   cache-dependency-path: jobs/G10-checkers/package-lock.json
2026-10-08T21:32:10.2917847Z   always-auth: false
2026-10-08T21:32:10.2918152Z   check-latest: false
2026-10-08T21:32:10.2920303Z   token: ***
2026-10-08T21:32:10.2920540Z env:
2026-10-08T21:32:10.2920826Z   G10_SOURCE_COMMIT: ae36b497cfd474f0eafc873bb2489b2529b4163e
2026-10-08T21:32:10.2921410Z ##[endgroup]
2026-10-08T21:32:10.4044820Z Attempting to download 22.16.0...
2026-10-08T21:32:10.4122190Z (node:2094) [DEP0040] DeprecationWarning: The `punycode` module is deprecated. Please use a userland alternative instead.
2026-10-08T21:32:10.4123010Z (Use `node --trace-deprecation ...` to show where the warning was created)
2026-10-08T21:32:11.1505397Z Acquiring 22.16.0 - x64 from https://github.com/actions/node-versions/releases/download/22.16.0-15177438473/node-22.16.0-linux-x64.tar.gz
2026-10-08T21:32:11.6408756Z Extracting ...
2026-10-08T21:32:11.6501139Z [command]/usr/bin/tar xz --strip 1 --warning=no-unknown-keyword --overwrite -C /home/runner/work/_temp/b901eb08-185d-4974-af6d-90f699ff5e90 -f /home/runner/work/_temp/9326d7ee-4091-4bf2-af2a-add54276c132
2026-10-08T21:32:12.6425419Z Adding to the cache ...
2026-10-08T21:32:14.4617005Z ##[group]Environment details
2026-10-08T21:32:14.7622593Z node: v22.16.0
2026-10-08T21:32:14.7623114Z npm: 10.9.2
2026-10-08T21:32:14.7623620Z yarn: 1.22.22
2026-10-08T21:32:14.7624742Z ##[endgroup]
2026-10-08T21:32:14.7638986Z [command]/opt/hostedtoolcache/node/22.16.0/x64/bin/npm config get cache
2026-10-08T21:32:14.8303869Z /home/runner/.npm
2026-10-08T21:32:14.9792852Z Cache hit for: node-cache-Linux-x64-npm-b79e3f2344d4218dbbb2f93f566da8e1ac49738aa1184813b150890d461d0c8a
2026-10-08T21:32:14.9873122Z (node:2094) [DEP0169] DeprecationWarning: `url.parse()` behavior is not standardized and prone to errors that have security implications. Use the WHATWG URL API instead. CVEs are not issued for `url.parse()` vulnerabilities.
2026-10-08T21:32:15.7593694Z Received 12676417 of 12676417 (100.0%), 19.5 MBs/sec
2026-10-08T21:32:15.7594207Z Cache Size: ~12 MB (12676417 B)
2026-10-08T21:32:15.7616728Z [command]/usr/bin/tar -xf /home/runner/work/_temp/73997894-8788-4f13-96d7-682c1773c8b9/cache.tzst -P -C /home/runner/work/partybox-game-cores/partybox-game-cores --use-compress-program unzstd
2026-10-08T21:32:15.7781694Z Cache restored successfully
2026-10-08T21:32:15.7789389Z Cache restored from key: node-cache-Linux-x64-npm-b79e3f2344d4218dbbb2f93f566da8e1ac49738aa1184813b150890d461d0c8a
2026-10-08T21:32:15.7946183Z ##[group]Run npm ci --ignore-scripts --no-audit --no-fund
2026-10-08T21:32:15.7946688Z [36;1mnpm ci --ignore-scripts --no-audit --no-fund[0m
2026-10-08T21:32:15.8136291Z shell: /usr/bin/bash -e {0}
2026-10-08T21:32:15.8136640Z env:
2026-10-08T21:32:15.8136911Z   G10_SOURCE_COMMIT: ae36b497cfd474f0eafc873bb2489b2529b4163e
2026-10-08T21:32:15.8137280Z ##[endgroup]
2026-10-08T21:32:16.4455882Z 
2026-10-08T21:32:16.4461035Z added 6 packages in 591ms
2026-10-08T21:32:16.4685320Z ##[group]Run sudo apt-get update
2026-10-08T21:32:16.4685774Z [36;1msudo apt-get update[0m
2026-10-08T21:32:16.4686158Z [36;1msudo apt-get install -y ffmpeg[0m
2026-10-08T21:32:16.4686565Z [36;1mffprobe -version[0m
2026-10-08T21:32:16.4686899Z [36;1mffmpeg -version[0m
2026-10-08T21:32:16.4732240Z shell: /usr/bin/bash -e {0}
2026-10-08T21:32:16.4732610Z env:
2026-10-08T21:32:16.4733075Z   G10_SOURCE_COMMIT: ae36b497cfd474f0eafc873bb2489b2529b4163e
2026-10-08T21:32:16.4733567Z ##[endgroup]
2026-10-08T21:32:16.5847176Z Get:1 file:/etc/apt/apt-mirrors.txt Mirrorlist [144 B]
2026-10-08T21:32:16.6095130Z Get:6 https://packages.microsoft.com/ubuntu/24.04/prod noble InRelease [3600 B]
2026-10-08T21:32:16.6315324Z Hit:2 http://azure.archive.ubuntu.com/ubuntu noble InRelease
2026-10-08T21:32:16.6325163Z Get:3 http://azure.archive.ubuntu.com/ubuntu noble-updates InRelease [126 kB]
2026-10-08T21:32:16.6377695Z Get:4 http://azure.archive.ubuntu.com/ubuntu noble-backports InRelease [126 kB]
2026-10-08T21:32:16.6440283Z Get:5 http://azure.archive.ubuntu.com/ubuntu noble-security InRelease [126 kB]
2026-10-08T21:32:16.7225670Z Get:7 https://packages.microsoft.com/ubuntu/24.04/prod noble/main all Packages [640 B]
2026-10-08T21:32:16.7374155Z Get:8 https://packages.microsoft.com/ubuntu/24.04/prod noble/main arm64 Packages [474 kB]
2026-10-08T21:32:16.7655233Z Get:9 https://packages.microsoft.com/ubuntu/24.04/prod noble/main amd64 Packages [531 kB]
2026-10-08T21:32:16.7787587Z Get:10 https://packages.microsoft.com/ubuntu/24.04/prod noble/main armhf Packages [12.3 kB]
2026-10-08T21:32:16.8105517Z Get:11 http://azure.archive.ubuntu.com/ubuntu noble-updates/main amd64 Packages [1375 kB]
2026-10-08T21:32:16.8156505Z Get:12 http://azure.archive.ubuntu.com/ubuntu noble-updates/main Translation-en [306 kB]
2026-10-08T21:32:16.8172120Z Get:13 http://azure.archive.ubuntu.com/ubuntu noble-updates/universe amd64 Packages [1702 kB]
2026-10-08T21:32:16.8231579Z Get:14 http://azure.archive.ubuntu.com/ubuntu noble-updates/universe Translation-en [342 kB]
2026-10-08T21:32:16.8265893Z Get:15 http://azure.archive.ubuntu.com/ubuntu noble-updates/restricted amd64 Packages [1761 kB]
2026-10-08T21:32:16.8310790Z Get:16 http://azure.archive.ubuntu.com/ubuntu noble-updates/restricted Translation-en [401 kB]
2026-10-08T21:32:16.8332496Z Get:17 http://azure.archive.ubuntu.com/ubuntu noble-updates/multiverse amd64 Packages [55.0 kB]
2026-10-08T21:32:16.8341083Z Get:18 http://azure.archive.ubuntu.com/ubuntu noble-updates/multiverse Translation-en [14.3 kB]
2026-10-08T21:32:16.8875439Z Get:19 http://azure.archive.ubuntu.com/ubuntu noble-security/main amd64 Packages [1115 kB]
2026-10-08T21:32:16.8913176Z Get:20 http://azure.archive.ubuntu.com/ubuntu noble-security/main Translation-en [227 kB]
2026-10-08T21:32:16.9349708Z Get:21 http://azure.archive.ubuntu.com/ubuntu noble-security/universe amd64 Packages [1218 kB]
2026-10-08T21:32:16.9390417Z Get:22 http://azure.archive.ubuntu.com/ubuntu noble-security/universe Translation-en [245 kB]
2026-10-08T21:32:16.9425920Z Get:23 http://azure.archive.ubuntu.com/ubuntu noble-security/restricted amd64 Packages [1632 kB]
2026-10-08T21:32:16.9453439Z Get:24 http://azure.archive.ubuntu.com/ubuntu noble-security/restricted Translation-en [376 kB]
2026-10-08T21:32:16.9469906Z Get:25 http://azure.archive.ubuntu.com/ubuntu noble-security/multiverse Translation-en [11.6 kB]
2026-10-08T21:32:26.5292156Z Fetched 12.2 MB in 1s (10.5 MB/s)
2026-10-08T21:32:27.2220089Z Reading package lists...
2026-10-08T21:32:27.2490262Z Reading package lists...
2026-10-08T21:32:27.3903041Z Building dependency tree...
2026-10-08T21:32:27.3908132Z Reading state information...
2026-10-08T21:32:27.5337519Z The following additional packages will be installed:
2026-10-08T21:32:27.5338345Z   i965-va-driver intel-media-va-driver libaacs0 libass9 libasyncns0
2026-10-08T21:32:27.5339229Z   libavc1394-0 libavcodec60 libavdevice60 libavfilter9 libavformat60
2026-10-08T21:32:27.5340464Z   libavutil58 libbdplus0 libblas3 libbluray2 libbs2b0 libcaca0
2026-10-08T21:32:27.5341298Z   libcdio-cdda2t64 libcdio-paranoia2t64 libcdio19t64 libchromaprint1 libcjson1
2026-10-08T21:32:27.5342379Z   libcodec2-1.2 libdav1d7 libdc1394-25 libdecor-0-0 libdecor-0-plugin-1-gtk
2026-10-08T21:32:27.5343272Z   libflac12t64 libflite1 libgme0 libgsm1 libhwy1t64 libiec61883-0 libigdgmm12
2026-10-08T21:32:27.5344156Z   libjack-jackd2-0 libjxl0.7 liblapack3 liblilv-0-0 libmbedcrypto7t64
2026-10-08T21:32:27.5345075Z   libmp3lame0 libmpg123-0t64 libmysofa1 libopenal-data libopenal1
2026-10-08T21:32:27.5345803Z   libopenmpt0t64 libopus0 libplacebo338 libpocketsphinx3 libpostproc57
2026-10-08T21:32:27.5346608Z   libpulse0 librav1e0 libraw1394-11 librist4 librsvg2-2 librsvg2-common
2026-10-08T21:32:27.5347325Z   librubberband2 libsamplerate0 libsdl2-2.0-0 libserd-0-0 libshine3
2026-10-08T21:32:27.5348139Z   libsndfile1 libsndio7.0 libsord-0-0 libsoxr0 libspeex1 libsphinxbase3t64
2026-10-08T21:32:27.5348937Z   libsratom-0-0 libsrt1.5-gnutls libssh-gcrypt-4 libsvtav1enc1d1
2026-10-08T21:32:27.5349764Z   libswresample4 libswscale7 libtheora0 libtwolame0 libudfread0 libunibreak5
2026-10-08T21:32:27.5350598Z   libva-drm2 libva-x11-2 libva2 libvdpau1 libvidstab1.1 libvorbisenc2 libvpl2
2026-10-08T21:32:27.5351500Z   libvpx9 libx264-164 libx265-199 libxcb-shape0 libxv1 libxvidcore4 libzimg2
2026-10-08T21:32:27.5352318Z   libzix-0-0 libzvbi-common libzvbi0t64 mesa-va-drivers mesa-vdpau-drivers
2026-10-08T21:32:27.5353067Z   ocl-icd-libopencl1 pocketsphinx-en-us va-driver-all vdpau-driver-all
2026-10-08T21:32:27.5355069Z Suggested packages:
2026-10-08T21:32:27.5355585Z   ffmpeg-doc i965-va-driver-shaders libcuda1 libnvcuvid1 libnvidia-encode1
2026-10-08T21:32:27.5356183Z   libbluray-bdj jackd2 libportaudio2 opus-tools pulseaudio libraw1394-doc
2026-10-08T21:32:27.5356676Z   librsvg2-bin serdi sndiod sordi speex opencl-icd libvdpau-va-gl1
2026-10-08T21:32:27.5968827Z The following NEW packages will be installed:
2026-10-08T21:32:27.5970085Z   ffmpeg i965-va-driver intel-media-va-driver libaacs0 libass9 libasyncns0
2026-10-08T21:32:27.5971010Z   libavc1394-0 libavcodec60 libavdevice60 libavfilter9 libavformat60
2026-10-08T21:32:27.5971651Z   libavutil58 libbdplus0 libblas3 libbluray2 libbs2b0 libcaca0
2026-10-08T21:32:27.5972308Z   libcdio-cdda2t64 libcdio-paranoia2t64 libcdio19t64 libchromaprint1 libcjson1
2026-10-08T21:32:27.5973103Z   libcodec2-1.2 libdav1d7 libdc1394-25 libdecor-0-0 libdecor-0-plugin-1-gtk
2026-10-08T21:32:27.5973880Z   libflac12t64 libflite1 libgme0 libgsm1 libhwy1t64 libiec61883-0 libigdgmm12
2026-10-08T21:32:27.5974871Z   libjack-jackd2-0 libjxl0.7 liblapack3 liblilv-0-0 libmbedcrypto7t64
2026-10-08T21:32:27.5975506Z   libmp3lame0 libmpg123-0t64 libmysofa1 libopenal-data libopenal1
2026-10-08T21:32:27.5976149Z   libopenmpt0t64 libopus0 libplacebo338 libpocketsphinx3 libpostproc57
2026-10-08T21:32:27.5976805Z   libpulse0 librav1e0 libraw1394-11 librist4 librsvg2-2 librsvg2-common
2026-10-08T21:32:27.5977400Z   librubberband2 libsamplerate0 libsdl2-2.0-0 libserd-0-0 libshine3
2026-10-08T21:32:27.5978081Z   libsndfile1 libsndio7.0 libsord-0-0 libsoxr0 libspeex1 libsphinxbase3t64
2026-10-08T21:32:27.5978750Z   libsratom-0-0 libsrt1.5-gnutls libssh-gcrypt-4 libsvtav1enc1d1
2026-10-08T21:32:27.5979446Z   libswresample4 libswscale7 libtheora0 libtwolame0 libudfread0 libunibreak5
2026-10-08T21:32:27.5980307Z   libva-drm2 libva-x11-2 libva2 libvdpau1 libvidstab1.1 libvorbisenc2 libvpl2
2026-10-08T21:32:27.5981033Z   libvpx9 libx264-164 libx265-199 libxcb-shape0 libxv1 libxvidcore4 libzimg2
2026-10-08T21:32:27.5981908Z   libzix-0-0 libzvbi-common libzvbi0t64 mesa-va-drivers mesa-vdpau-drivers
2026-10-08T21:32:27.5982611Z   ocl-icd-libopencl1 pocketsphinx-en-us va-driver-all vdpau-driver-all
2026-10-08T21:32:27.6138586Z 0 upgraded, 99 newly installed, 0 to remove and 23 not upgraded.
2026-10-08T21:32:27.6139211Z Need to get 94.1 MB of archives.
2026-10-08T21:32:27.6139826Z After this operation, 227 MB of additional disk space will be used.
2026-10-08T21:32:27.6140692Z Get:1 file:/etc/apt/apt-mirrors.txt Mirrorlist [144 B]
2026-10-08T21:32:27.6637947Z Get:2 http://azure.archive.ubuntu.com/ubuntu noble-updates/universe amd64 libva2 amd64 2.20.0-2ubuntu0.2 [66.4 kB]
2026-10-08T21:32:27.6960471Z Get:3 http://azure.archive.ubuntu.com/ubuntu noble-updates/universe amd64 libva-drm2 amd64 2.20.0-2ubuntu0.2 [7124 B]
2026-10-08T21:32:27.7273686Z Get:4 http://azure.archive.ubuntu.com/ubuntu noble-updates/universe amd64 libva-x11-2 amd64 2.20.0-2ubuntu0.2 [12.0 kB]
2026-10-08T21:32:27.7585923Z Get:5 http://azure.archive.ubuntu.com/ubuntu noble/main amd64 libvdpau1 amd64 1.5-2build1 [27.8 kB]
2026-10-08T21:32:27.7900926Z Get:6 http://azure.archive.ubuntu.com/ubuntu noble/universe amd64 libvpl2 amd64 2023.3.0-1build1 [99.8 kB]
2026-10-08T21:32:27.8246300Z Get:7 http://azure.archive.ubuntu.com/ubuntu noble/universe amd64 ocl-icd-libopencl1 amd64 2.3.2-1build1 [38.5 kB]
2026-10-08T21:32:27.8556358Z Get:8 http://azure.archive.ubuntu.com/ubuntu noble/universe amd64 libavutil58 amd64 7:6.1.1-3ubuntu5 [401 kB]
2026-10-08T21:32:27.8899880Z Get:9 http://azure.archive.ubuntu.com/ubuntu noble/universe amd64 libcodec2-1.2 amd64 1.2.0-2build1 [8998 kB]
2026-10-08T21:32:28.0178575Z Get:10 http://azure.archive.ubuntu.com/ubuntu noble/universe amd64 libdav1d7 amd64 1.4.1-1build1 [604 kB]
2026-10-08T21:32:28.0514186Z Get:11 http://azure.archive.ubuntu.com/ubuntu noble/universe amd64 libgsm1 amd64 1.0.22-1build1 [27.8 kB]
2026-10-08T21:32:28.0825994Z Get:12 http://azure.archive.ubuntu.com/ubuntu noble/universe amd64 libhwy1t64 amd64 1.0.7-8.1build1 [584 kB]
2026-10-08T21:32:28.1165090Z Get:13 http://azure.archive.ubuntu.com/ubuntu noble-updates/universe amd64 libjxl0.7 amd64 0.7.0-10.2ubuntu6.1 [1001 kB]
2026-10-08T21:32:28.1553833Z Get:14 http://azure.archive.ubuntu.com/ubuntu noble/main amd64 libmp3lame0 amd64 3.100-6build1 [142 kB]
2026-10-08T21:32:28.1870774Z Get:15 http://azure.archive.ubuntu.com/ubuntu noble/main amd64 libopus0 amd64 1.4-1build1 [208 kB]
2026-10-08T21:32:28.2189907Z Get:16 http://azure.archive.ubuntu.com/ubuntu noble/universe amd64 librav1e0 amd64 0.7.1-2 [1022 kB]
2026-10-08T21:32:28.2547668Z Get:17 http://azure.archive.ubuntu.com/ubuntu noble-updates/main amd64 librsvg2-2 amd64 2.58.0+dfsg-1ubuntu0.1 [2141 kB]
2026-10-08T21:32:28.2954236Z Get:18 http://azure.archive.ubuntu.com/ubuntu noble/universe amd64 libshine3 amd64 3.1.1-2build1 [23.2 kB]
2026-10-08T21:32:28.3267064Z Get:19 http://azure.archive.ubuntu.com/ubuntu noble-updates/main amd64 libspeex1 amd64 1.2.1-2ubuntu2.24.04.1 [59.6 kB]
2026-10-08T21:32:28.4007443Z Get:20 http://azure.archive.ubuntu.com/ubuntu noble/universe amd64 libsvtav1enc1d1 amd64 1.7.0+dfsg-2build1 [2425 kB]
2026-10-08T21:32:28.4421011Z Get:21 http://azure.archive.ubuntu.com/ubuntu noble/universe amd64 libsoxr0 amd64 0.1.3-4build3 [80.0 kB]
2026-10-08T21:32:28.4745880Z Get:22 http://azure.archive.ubuntu.com/ubuntu noble/universe amd64 libswresample4 amd64 7:6.1.1-3ubuntu5 [63.8 kB]
2026-10-08T21:32:28.5058372Z Get:23 http://azure.archive.ubuntu.com/ubuntu noble/main amd64 libtheora0 amd64 1.1.1+dfsg.1-16.1build3 [211 kB]
2026-10-08T21:32:28.5377340Z Get:24 http://azure.archive.ubuntu.com/ubuntu noble/main amd64 libtwolame0 amd64 0.4.0-2build3 [52.3 kB]
2026-10-08T21:32:28.5690162Z Get:25 http://azure.archive.ubuntu.com/ubuntu noble/main amd64 libvorbisenc2 amd64 1.3.7-1build3 [80.8 kB]
2026-10-08T21:32:28.6010824Z Get:26 http://azure.archive.ubuntu.com/ubuntu noble-updates/main amd64 libvpx9 amd64 1.14.0-1ubuntu2.3 [1143 kB]
2026-10-08T21:32:28.6375435Z Get:27 http://azure.archive.ubuntu.com/ubuntu noble/universe amd64 libx264-164 amd64 2:0.164.3108+git31e19f9-1 [604 kB]
2026-10-08T21:32:28.6714570Z Get:28 http://azure.archive.ubuntu.com/ubuntu noble/universe amd64 libx265-199 amd64 3.5-2build1 [1226 kB]
2026-10-08T21:32:28.7091055Z Get:29 http://azure.archive.ubuntu.com/ubuntu noble/universe amd64 libxvidcore4 amd64 2:1.3.7-1build1 [219 kB]
2026-10-08T21:32:28.7374697Z Get:30 http://azure.archive.ubuntu.com/ubuntu noble/universe amd64 libzvbi-common all 0.2.42-2 [42.4 kB]
2026-10-08T21:32:28.7665126Z Get:31 http://azure.archive.ubuntu.com/ubuntu noble/universe amd64 libzvbi0t64 amd64 0.2.42-2 [261 kB]
2026-10-08T21:32:28.8050317Z Get:32 http://azure.archive.ubuntu.com/ubuntu noble/universe amd64 libavcodec60 amd64 7:6.1.1-3ubuntu5 [5851 kB]
2026-10-08T21:32:28.9459127Z Get:33 http://azure.archive.ubuntu.com/ubuntu noble/main amd64 libraw1394-11 amd64 2.1.2-2build3 [26.2 kB]
2026-10-08T21:32:28.9731415Z Get:34 http://azure.archive.ubuntu.com/ubuntu noble/main amd64 libavc1394-0 amd64 0.5.4-5build3 [15.4 kB]
2026-10-08T21:32:29.0004618Z Get:35 http://azure.archive.ubuntu.com/ubuntu noble/universe amd64 libunibreak5 amd64 5.1-2build1 [25.0 kB]
2026-10-08T21:32:29.0284001Z Get:36 http://azure.archive.ubuntu.com/ubuntu noble/universe amd64 libass9 amd64 1:0.17.1-2build1 [104 kB]
2026-10-08T21:32:29.0556154Z Get:37 http://azure.archive.ubuntu.com/ubuntu noble/universe amd64 libudfread0 amd64 1.1.2-1build1 [19.0 kB]
2026-10-08T21:32:29.0830020Z Get:38 http://azure.archive.ubuntu.com/ubuntu noble/universe amd64 libbluray2 amd64 1:1.3.4-1build1 [159 kB]
2026-10-08T21:32:29.1562363Z Get:39 http://azure.archive.ubuntu.com/ubuntu noble/universe amd64 libchromaprint1 amd64 1.5.1-5 [30.5 kB]
2026-10-08T21:32:29.1872781Z Get:40 http://azure.archive.ubuntu.com/ubuntu noble/universe amd64 libgme0 amd64 0.6.3-7build1 [134 kB]
2026-10-08T21:32:29.2199386Z Get:41 http://azure.archive.ubuntu.com/ubuntu noble-updates/main amd64 libmpg123-0t64 amd64 1.32.5-1ubuntu1.1 [169 kB]
2026-10-08T21:32:29.2518994Z Get:42 http://azure.archive.ubuntu.com/ubuntu noble/universe amd64 libopenmpt0t64 amd64 0.7.3-1.1build3 [647 kB]
2026-10-08T21:32:29.2877224Z Get:43 http://azure.archive.ubuntu.com/ubuntu noble/universe amd64 libcjson1 amd64 1.7.17-1 [24.8 kB]
2026-10-08T21:32:29.3188047Z Get:44 http://azure.archive.ubuntu.com/ubuntu noble/universe amd64 libmbedcrypto7t64 amd64 2.28.8-1 [209 kB]
2026-10-08T21:32:29.3506776Z Get:45 http://azure.archive.ubuntu.com/ubuntu noble/universe amd64 librist4 amd64 0.2.10+dfsg-2 [74.9 kB]
2026-10-08T21:32:29.3822594Z Get:46 http://azure.archive.ubuntu.com/ubuntu noble/universe amd64 libsrt1.5-gnutls amd64 1.5.3-1build2 [316 kB]
2026-10-08T21:32:29.4147568Z Get:47 http://azure.archive.ubuntu.com/ubuntu noble-updates/main amd64 libssh-gcrypt-4 amd64 0.10.6-2ubuntu0.5 [226 kB]
2026-10-08T21:32:29.4470856Z Get:48 http://azure.archive.ubuntu.com/ubuntu noble/universe amd64 libavformat60 amd64 7:6.1.1-3ubuntu5 [1153 kB]
2026-10-08T21:32:29.4844604Z Get:49 http://azure.archive.ubuntu.com/ubuntu noble/universe amd64 libbs2b0 amd64 3.1.0+dfsg-7build1 [10.6 kB]
2026-10-08T21:32:29.5118533Z Get:50 http://azure.archive.ubuntu.com/ubuntu noble/universe amd64 libflite1 amd64 2.2-6build3 [13.6 MB]
2026-10-08T21:32:29.6606644Z Get:51 http://azure.archive.ubuntu.com/ubuntu noble/universe amd64 libserd-0-0 amd64 0.32.2-1 [43.6 kB]
2026-10-08T21:32:29.6881155Z Get:52 http://azure.archive.ubuntu.com/ubuntu noble/universe amd64 libzix-0-0 amd64 0.4.2-2build1 [23.6 kB]
2026-10-08T21:32:29.7155141Z Get:53 http://azure.archive.ubuntu.com/ubuntu noble/universe amd64 libsord-0-0 amd64 0.16.16-2build1 [15.8 kB]
2026-10-08T21:32:29.7429951Z Get:54 http://azure.archive.ubuntu.com/ubuntu noble/universe amd64 libsratom-0-0 amd64 0.6.16-1build1 [17.3 kB]
2026-10-08T21:32:29.7703225Z Get:55 http://azure.archive.ubuntu.com/ubuntu noble/universe amd64 liblilv-0-0 amd64 0.24.22-1build1 [41.0 kB]
2026-10-08T21:32:29.7977661Z Get:56 http://azure.archive.ubuntu.com/ubuntu noble/universe amd64 libmysofa1 amd64 1.3.2+dfsg-2ubuntu2 [1158 kB]
2026-10-08T21:32:29.8305673Z Get:57 http://azure.archive.ubuntu.com/ubuntu noble/universe amd64 libplacebo338 amd64 6.338.2-2build1 [2654 kB]
2026-10-08T21:32:29.9178561Z Get:58 http://azure.archive.ubuntu.com/ubuntu noble-updates/main amd64 libblas3 amd64 3.12.0-3build1.1 [238 kB]
2026-10-08T21:32:29.9498793Z Get:59 http://azure.archive.ubuntu.com/ubuntu noble-updates/main amd64 liblapack3 amd64 3.12.0-3build1.1 [2646 kB]
2026-10-08T21:32:29.9933758Z Get:60 http://azure.archive.ubuntu.com/ubuntu noble/main amd64 libasyncns0 amd64 0.8-6build4 [11.3 kB]
2026-10-08T21:32:30.0245583Z Get:61 http://azure.archive.ubuntu.com/ubuntu noble/main amd64 libflac12t64 amd64 1.4.3+ds-2.1ubuntu2 [197 kB]
2026-10-08T21:32:30.0578132Z Get:62 http://azure.archive.ubuntu.com/ubuntu noble-updates/main amd64 libsndfile1 amd64 1.2.2-1ubuntu5.24.04.1 [209 kB]
2026-10-08T21:32:30.0901249Z Get:63 http://azure.archive.ubuntu.com/ubuntu noble-updates/main amd64 libpulse0 amd64 1:16.1+dfsg1-2ubuntu10.1 [292 kB]
2026-10-08T21:32:30.1186869Z Get:64 http://azure.archive.ubuntu.com/ubuntu noble/universe amd64 libsphinxbase3t64 amd64 0.8+5prealpha+1-17build2 [126 kB]
2026-10-08T21:32:30.1481226Z Get:65 http://azure.archive.ubuntu.com/ubuntu noble/universe amd64 libpocketsphinx3 amd64 0.8.0+real5prealpha+1-15ubuntu5 [133 kB]
2026-10-08T21:32:30.1759798Z Get:66 http://azure.archive.ubuntu.com/ubuntu noble/universe amd64 libpostproc57 amd64 7:6.1.1-3ubuntu5 [49.9 kB]
2026-10-08T21:32:30.2035299Z Get:67 http://azure.archive.ubuntu.com/ubuntu noble/main amd64 libsamplerate0 amd64 0.2.2-4build1 [1344 kB]
2026-10-08T21:32:30.2369958Z Get:68 http://azure.archive.ubuntu.com/ubuntu noble/universe amd64 librubberband2 amd64 3.3.0+dfsg-2build1 [130 kB]
2026-10-08T21:32:30.2647313Z Get:69 http://azure.archive.ubuntu.com/ubuntu noble/universe amd64 libswscale7 amd64 7:6.1.1-3ubuntu5 [193 kB]
2026-10-08T21:32:30.2937566Z Get:70 http://azure.archive.ubuntu.com/ubuntu noble/universe amd64 libvidstab1.1 amd64 1.1.0-2build1 [38.5 kB]
2026-10-08T21:32:30.3214128Z Get:71 http://azure.archive.ubuntu.com/ubuntu noble/universe amd64 libzimg2 amd64 3.0.5+ds1-1build1 [254 kB]
2026-10-08T21:32:30.3503202Z Get:72 http://azure.archive.ubuntu.com/ubuntu noble/universe amd64 libavfilter9 amd64 7:6.1.1-3ubuntu5 [4235 kB]
2026-10-08T21:32:30.4121686Z Get:73 http://azure.archive.ubuntu.com/ubuntu noble-updates/main amd64 libcaca0 amd64 0.99.beta20-4ubuntu0.2 [209 kB]
2026-10-08T21:32:30.4411013Z Get:74 http://azure.archive.ubuntu.com/ubuntu noble-updates/main amd64 libcdio19t64 amd64 2.1.0-4.1ubuntu1.2 [62.4 kB]
2026-10-08T21:32:30.4694842Z Get:75 http://azure.archive.ubuntu.com/ubuntu noble/main amd64 libcdio-cdda2t64 amd64 10.2+2.0.1-1.1build2 [16.5 kB]
2026-10-08T21:32:30.5443552Z Get:76 http://azure.archive.ubuntu.com/ubuntu noble/main amd64 libcdio-paranoia2t64 amd64 10.2+2.0.1-1.1build2 [16.6 kB]
2026-10-08T21:32:30.5756111Z Get:77 http://azure.archive.ubuntu.com/ubuntu noble/universe amd64 libdc1394-25 amd64 2.2.6-4build1 [90.1 kB]
2026-10-08T21:32:30.6111171Z Get:78 http://azure.archive.ubuntu.com/ubuntu noble/main amd64 libiec61883-0 amd64 1.2.0-6build1 [24.5 kB]
2026-10-08T21:32:30.6388032Z Get:79 http://azure.archive.ubuntu.com/ubuntu noble/main amd64 libjack-jackd2-0 amd64 1.9.21~dfsg-3ubuntu3 [289 kB]
2026-10-08T21:32:30.6676108Z Get:80 http://azure.archive.ubuntu.com/ubuntu noble/universe amd64 libopenal-data all 1:1.23.1-4build1 [161 kB]
2026-10-08T21:32:30.6956685Z Get:81 http://azure.archive.ubuntu.com/ubuntu noble/universe amd64 libsndio7.0 amd64 1.9.0-0.3build3 [29.6 kB]
2026-10-08T21:32:30.7233136Z Get:82 http://azure.archive.ubuntu.com/ubuntu noble/universe amd64 libopenal1 amd64 1:1.23.1-4build1 [540 kB]
2026-10-08T21:32:30.7565983Z Get:83 http://azure.archive.ubuntu.com/ubuntu noble/main amd64 libdecor-0-0 amd64 0.2.2-1build2 [16.5 kB]
2026-10-08T21:32:30.7877042Z Get:84 http://azure.archive.ubuntu.com/ubuntu noble-updates/main amd64 libsdl2-2.0-0 amd64 2.30.0+dfsg-1ubuntu3.1 [686 kB]
2026-10-08T21:32:30.8220188Z Get:85 http://azure.archive.ubuntu.com/ubuntu noble/main amd64 libxcb-shape0 amd64 1.15-1ubuntu2 [6100 B]
2026-10-08T21:32:30.8529443Z Get:86 http://azure.archive.ubuntu.com/ubuntu noble/main amd64 libxv1 amd64 2:1.0.11-1.1build1 [10.7 kB]
2026-10-08T21:32:30.8839305Z Get:87 http://azure.archive.ubuntu.com/ubuntu noble/universe amd64 libavdevice60 amd64 7:6.1.1-3ubuntu5 [82.3 kB]
2026-10-08T21:32:30.9473540Z Get:88 http://azure.archive.ubuntu.com/ubuntu noble/universe amd64 ffmpeg amd64 7:6.1.1-3ubuntu5 [1879 kB]
2026-10-08T21:32:31.2074617Z Get:89 http://azure.archive.ubuntu.com/ubuntu noble-updates/universe amd64 libigdgmm12 amd64 22.3.17+ds1-1ubuntu1 [145 kB]
2026-10-08T21:32:31.2439512Z Get:90 http://azure.archive.ubuntu.com/ubuntu noble-updates/universe amd64 intel-media-va-driver amd64 24.1.0+dfsg1-1ubuntu0.2 [3163 kB]
2026-10-08T21:32:31.3077853Z Get:91 http://azure.archive.ubuntu.com/ubuntu noble/universe amd64 libaacs0 amd64 0.11.1-2build1 [62.9 kB]
2026-10-08T21:32:31.3389706Z Get:92 http://azure.archive.ubuntu.com/ubuntu noble/universe amd64 libbdplus0 amd64 0.2.0-3build1 [52.2 kB]
2026-10-08T21:32:31.3704658Z Get:93 http://azure.archive.ubuntu.com/ubuntu noble/main amd64 libdecor-0-plugin-1-gtk amd64 0.2.2-1build2 [22.2 kB]
2026-10-08T21:32:31.4017764Z Get:94 http://azure.archive.ubuntu.com/ubuntu noble-updates/main amd64 librsvg2-common amd64 2.58.0+dfsg-1ubuntu0.1 [11.8 kB]
2026-10-08T21:32:31.4768931Z Get:95 http://azure.archive.ubuntu.com/ubuntu noble-updates/universe amd64 mesa-va-drivers amd64 25.2.8-0ubuntu0.24.04.4 [6778 B]
2026-10-08T21:32:31.5074919Z Get:96 http://azure.archive.ubuntu.com/ubuntu noble-updates/main amd64 mesa-vdpau-drivers amd64 25.2.8-0ubuntu0.24.04.4 [23.4 kB]
2026-10-08T21:32:31.5389683Z Get:97 http://azure.archive.ubuntu.com/ubuntu noble-updates/universe amd64 i965-va-driver amd64 2.4.1+dfsg1-1ubuntu0.2 [332 kB]
2026-10-08T21:32:31.5728227Z Get:98 http://azure.archive.ubuntu.com/ubuntu noble-updates/universe amd64 va-driver-all amd64 2.20.0-2ubuntu0.2 [5014 B]
2026-10-08T21:32:31.6042070Z Get:99 http://azure.archive.ubuntu.com/ubuntu noble/main amd64 vdpau-driver-all amd64 1.5-2build1 [4414 B]
2026-10-08T21:32:31.6352995Z Get:100 http://azure.archive.ubuntu.com/ubuntu noble/universe amd64 pocketsphinx-en-us all 0.8.0+real5prealpha+1-15ubuntu5 [27.4 MB]
2026-10-08T21:32:32.3346514Z Fetched 94.1 MB in 4s (21.2 MB/s)
2026-10-08T21:32:32.3716533Z Selecting previously unselected package libva2:amd64.
2026-10-08T21:32:32.4089476Z (Reading database ... 
2026-10-08T21:32:32.4090328Z (Reading database ... 5%
2026-10-08T21:32:32.4091089Z (Reading database ... 10%
2026-10-08T21:32:32.4091761Z (Reading database ... 15%
2026-10-08T21:32:32.4092048Z (Reading database ... 20%
2026-10-08T21:32:32.4092304Z (Reading database ... 25%
2026-10-08T21:32:32.4092626Z (Reading database ... 30%
2026-10-08T21:32:32.4092881Z (Reading database ... 35%
2026-10-08T21:32:32.4093137Z (Reading database ... 40%
2026-10-08T21:32:32.4093430Z (Reading database ... 45%
2026-10-08T21:32:32.4093685Z (Reading database ... 50%
2026-10-08T21:32:32.4441214Z (Reading database ... 55%
2026-10-08T21:32:32.8041997Z (Reading database ... 60%
2026-10-08T21:32:33.0885242Z (Reading database ... 65%
2026-10-08T21:32:33.3559740Z (Reading database ... 70%
2026-10-08T21:32:33.6806552Z (Reading database ... 75%
2026-10-08T21:32:34.1031501Z (Reading database ... 80%
2026-10-08T21:32:34.7815523Z (Reading database ... 85%
2026-10-08T21:32:35.4111706Z (Reading database ... 90%
2026-10-08T21:32:36.0554729Z (Reading database ... 95%
2026-10-08T21:32:36.0555556Z (Reading database ... 100%
2026-10-08T21:32:36.0555972Z (Reading database ... 203191 files and directories currently installed.)
2026-10-08T21:32:36.0598568Z Preparing to unpack .../00-libva2_2.20.0-2ubuntu0.2_amd64.deb ...
2026-10-08T21:32:36.0640564Z Unpacking libva2:amd64 (2.20.0-2ubuntu0.2) ...
2026-10-08T21:32:36.0870452Z Selecting previously unselected package libva-drm2:amd64.
2026-10-08T21:32:36.0967893Z Preparing to unpack .../01-libva-drm2_2.20.0-2ubuntu0.2_amd64.deb ...
2026-10-08T21:32:36.0977166Z Unpacking libva-drm2:amd64 (2.20.0-2ubuntu0.2) ...
2026-10-08T21:32:36.1191319Z Selecting previously unselected package libva-x11-2:amd64.
2026-10-08T21:32:36.1292052Z Preparing to unpack .../02-libva-x11-2_2.20.0-2ubuntu0.2_amd64.deb ...
2026-10-08T21:32:36.1300314Z Unpacking libva-x11-2:amd64 (2.20.0-2ubuntu0.2) ...
2026-10-08T21:32:36.1471383Z Selecting previously unselected package libvdpau1:amd64.
2026-10-08T21:32:36.1562285Z Preparing to unpack .../03-libvdpau1_1.5-2build1_amd64.deb ...
2026-10-08T21:32:36.1571162Z Unpacking libvdpau1:amd64 (1.5-2build1) ...
2026-10-08T21:32:36.1731112Z Selecting previously unselected package libvpl2.
2026-10-08T21:32:36.1819472Z Preparing to unpack .../04-libvpl2_2023.3.0-1build1_amd64.deb ...
2026-10-08T21:32:36.1826659Z Unpacking libvpl2 (2023.3.0-1build1) ...
2026-10-08T21:32:36.2150584Z Selecting previously unselected package ocl-icd-libopencl1:amd64.
2026-10-08T21:32:36.2240680Z Preparing to unpack .../05-ocl-icd-libopencl1_2.3.2-1build1_amd64.deb ...
2026-10-08T21:32:36.2248680Z Unpacking ocl-icd-libopencl1:amd64 (2.3.2-1build1) ...
2026-10-08T21:32:36.2484789Z Selecting previously unselected package libavutil58:amd64.
2026-10-08T21:32:36.2573367Z Preparing to unpack .../06-libavutil58_7%3a6.1.1-3ubuntu5_amd64.deb ...
2026-10-08T21:32:36.2581079Z Unpacking libavutil58:amd64 (7:6.1.1-3ubuntu5) ...
2026-10-08T21:32:36.2782696Z Selecting previously unselected package libcodec2-1.2:amd64.
2026-10-08T21:32:36.2870757Z Preparing to unpack .../07-libcodec2-1.2_1.2.0-2build1_amd64.deb ...
2026-10-08T21:32:36.2878809Z Unpacking libcodec2-1.2:amd64 (1.2.0-2build1) ...
2026-10-08T21:32:36.4390260Z Selecting previously unselected package libdav1d7:amd64.
2026-10-08T21:32:36.4491097Z Preparing to unpack .../08-libdav1d7_1.4.1-1build1_amd64.deb ...
2026-10-08T21:32:36.4500262Z Unpacking libdav1d7:amd64 (1.4.1-1build1) ...
2026-10-08T21:32:36.4738531Z Selecting previously unselected package libgsm1:amd64.
2026-10-08T21:32:36.4836057Z Preparing to unpack .../09-libgsm1_1.0.22-1build1_amd64.deb ...
2026-10-08T21:32:36.4843616Z Unpacking libgsm1:amd64 (1.0.22-1build1) ...
2026-10-08T21:32:36.5016562Z Selecting previously unselected package libhwy1t64:amd64.
2026-10-08T21:32:36.5112376Z Preparing to unpack .../10-libhwy1t64_1.0.7-8.1build1_amd64.deb ...
2026-10-08T21:32:36.5120980Z Unpacking libhwy1t64:amd64 (1.0.7-8.1build1) ...
2026-10-08T21:32:36.5478094Z Selecting previously unselected package libjxl0.7:amd64.
2026-10-08T21:32:36.5570153Z Preparing to unpack .../11-libjxl0.7_0.7.0-10.2ubuntu6.1_amd64.deb ...
2026-10-08T21:32:36.5578522Z Unpacking libjxl0.7:amd64 (0.7.0-10.2ubuntu6.1) ...
2026-10-08T21:32:36.5947747Z Selecting previously unselected package libmp3lame0:amd64.
2026-10-08T21:32:36.6039104Z Preparing to unpack .../12-libmp3lame0_3.100-6build1_amd64.deb ...
2026-10-08T21:32:36.6046626Z Unpacking libmp3lame0:amd64 (3.100-6build1) ...
2026-10-08T21:32:36.6373550Z Selecting previously unselected package libopus0:amd64.
2026-10-08T21:32:36.6456545Z Preparing to unpack .../13-libopus0_1.4-1build1_amd64.deb ...
2026-10-08T21:32:36.6465498Z Unpacking libopus0:amd64 (1.4-1build1) ...
2026-10-08T21:32:36.6668895Z Selecting previously unselected package librav1e0:amd64.
2026-10-08T21:32:36.6752738Z Preparing to unpack .../14-librav1e0_0.7.1-2_amd64.deb ...
2026-10-08T21:32:36.6761112Z Unpacking librav1e0:amd64 (0.7.1-2) ...
2026-10-08T21:32:36.7079180Z Selecting previously unselected package librsvg2-2:amd64.
2026-10-08T21:32:36.7170683Z Preparing to unpack .../15-librsvg2-2_2.58.0+dfsg-1ubuntu0.1_amd64.deb ...
2026-10-08T21:32:36.7178688Z Unpacking librsvg2-2:amd64 (2.58.0+dfsg-1ubuntu0.1) ...
2026-10-08T21:32:36.7841106Z Selecting previously unselected package libshine3:amd64.
2026-10-08T21:32:36.7932129Z Preparing to unpack .../16-libshine3_3.1.1-2build1_amd64.deb ...
2026-10-08T21:32:36.7939809Z Unpacking libshine3:amd64 (3.1.1-2build1) ...
2026-10-08T21:32:36.8239713Z Selecting previously unselected package libspeex1:amd64.
2026-10-08T21:32:36.8328317Z Preparing to unpack .../17-libspeex1_1.2.1-2ubuntu2.24.04.1_amd64.deb ...
2026-10-08T21:32:36.8337355Z Unpacking libspeex1:amd64 (1.2.1-2ubuntu2.24.04.1) ...
2026-10-08T21:32:36.8498150Z Selecting previously unselected package libsvtav1enc1d1:amd64.
2026-10-08T21:32:36.8583896Z Preparing to unpack .../18-libsvtav1enc1d1_1.7.0+dfsg-2build1_amd64.deb ...
2026-10-08T21:32:36.8592912Z Unpacking libsvtav1enc1d1:amd64 (1.7.0+dfsg-2build1) ...
2026-10-08T21:32:36.9305509Z Selecting previously unselected package libsoxr0:amd64.
2026-10-08T21:32:36.9413768Z Preparing to unpack .../19-libsoxr0_0.1.3-4build3_amd64.deb ...
2026-10-08T21:32:36.9421556Z Unpacking libsoxr0:amd64 (0.1.3-4build3) ...
2026-10-08T21:32:36.9604104Z Selecting previously unselected package libswresample4:amd64.
2026-10-08T21:32:36.9699654Z Preparing to unpack .../20-libswresample4_7%3a6.1.1-3ubuntu5_amd64.deb ...
2026-10-08T21:32:36.9706852Z Unpacking libswresample4:amd64 (7:6.1.1-3ubuntu5) ...
2026-10-08T21:32:36.9880721Z Selecting previously unselected package libtheora0:amd64.
2026-10-08T21:32:36.9971611Z Preparing to unpack .../21-libtheora0_1.1.1+dfsg.1-16.1build3_amd64.deb ...
2026-10-08T21:32:36.9979056Z Unpacking libtheora0:amd64 (1.1.1+dfsg.1-16.1build3) ...
2026-10-08T21:32:37.0255650Z Selecting previously unselected package libtwolame0:amd64.
2026-10-08T21:32:37.0346524Z Preparing to unpack .../22-libtwolame0_0.4.0-2build3_amd64.deb ...
2026-10-08T21:32:37.0355256Z Unpacking libtwolame0:amd64 (0.4.0-2build3) ...
2026-10-08T21:32:37.0528528Z Selecting previously unselected package libvorbisenc2:amd64.
2026-10-08T21:32:37.0619792Z Preparing to unpack .../23-libvorbisenc2_1.3.7-1build3_amd64.deb ...
2026-10-08T21:32:37.0628730Z Unpacking libvorbisenc2:amd64 (1.3.7-1build3) ...
2026-10-08T21:32:37.0818324Z Selecting previously unselected package libvpx9:amd64.
2026-10-08T21:32:37.0906772Z Preparing to unpack .../24-libvpx9_1.14.0-1ubuntu2.3_amd64.deb ...
2026-10-08T21:32:37.0914522Z Unpacking libvpx9:amd64 (1.14.0-1ubuntu2.3) ...
2026-10-08T21:32:37.1256686Z Selecting previously unselected package libx264-164:amd64.
2026-10-08T21:32:37.1345159Z Preparing to unpack .../25-libx264-164_2%3a0.164.3108+git31e19f9-1_amd64.deb ...
2026-10-08T21:32:37.1353185Z Unpacking libx264-164:amd64 (2:0.164.3108+git31e19f9-1) ...
2026-10-08T21:32:37.1583386Z Selecting previously unselected package libx265-199:amd64.
2026-10-08T21:32:37.1672960Z Preparing to unpack .../26-libx265-199_3.5-2build1_amd64.deb ...
2026-10-08T21:32:37.1681299Z Unpacking libx265-199:amd64 (3.5-2build1) ...
2026-10-08T21:32:37.3090011Z Selecting previously unselected package libxvidcore4:amd64.
2026-10-08T21:32:37.3188151Z Preparing to unpack .../27-libxvidcore4_2%3a1.3.7-1build1_amd64.deb ...
2026-10-08T21:32:37.3195956Z Unpacking libxvidcore4:amd64 (2:1.3.7-1build1) ...
2026-10-08T21:32:37.3373374Z Selecting previously unselected package libzvbi-common.
2026-10-08T21:32:37.3470718Z Preparing to unpack .../28-libzvbi-common_0.2.42-2_all.deb ...
2026-10-08T21:32:37.3478365Z Unpacking libzvbi-common (0.2.42-2) ...
2026-10-08T21:32:37.3969461Z Selecting previously unselected package libzvbi0t64:amd64.
2026-10-08T21:32:37.4063219Z Preparing to unpack .../29-libzvbi0t64_0.2.42-2_amd64.deb ...
2026-10-08T21:32:37.4071183Z Unpacking libzvbi0t64:amd64 (0.2.42-2) ...
2026-10-08T21:32:37.4442575Z Selecting previously unselected package libavcodec60:amd64.
2026-10-08T21:32:37.4530318Z Preparing to unpack .../30-libavcodec60_7%3a6.1.1-3ubuntu5_amd64.deb ...
2026-10-08T21:32:37.4537921Z Unpacking libavcodec60:amd64 (7:6.1.1-3ubuntu5) ...
2026-10-08T21:32:37.5881619Z Selecting previously unselected package libraw1394-11:amd64.
2026-10-08T21:32:37.5978545Z Preparing to unpack .../31-libraw1394-11_2.1.2-2build3_amd64.deb ...
2026-10-08T21:32:37.5986334Z Unpacking libraw1394-11:amd64 (2.1.2-2build3) ...
2026-10-08T21:32:37.6354887Z Selecting previously unselected package libavc1394-0:amd64.
2026-10-08T21:32:37.6451057Z Preparing to unpack .../32-libavc1394-0_0.5.4-5build3_amd64.deb ...
2026-10-08T21:32:37.6459607Z Unpacking libavc1394-0:amd64 (0.5.4-5build3) ...
2026-10-08T21:32:37.6622366Z Selecting previously unselected package libunibreak5:amd64.
2026-10-08T21:32:37.6713430Z Preparing to unpack .../33-libunibreak5_5.1-2build1_amd64.deb ...
2026-10-08T21:32:37.6722238Z Unpacking libunibreak5:amd64 (5.1-2build1) ...
2026-10-08T21:32:37.6895225Z Selecting previously unselected package libass9:amd64.
2026-10-08T21:32:37.6982995Z Preparing to unpack .../34-libass9_1%3a0.17.1-2build1_amd64.deb ...
2026-10-08T21:32:37.6991333Z Unpacking libass9:amd64 (1:0.17.1-2build1) ...
2026-10-08T21:32:37.7166077Z Selecting previously unselected package libudfread0:amd64.
2026-10-08T21:32:37.7254171Z Preparing to unpack .../35-libudfread0_1.1.2-1build1_amd64.deb ...
2026-10-08T21:32:37.7262641Z Unpacking libudfread0:amd64 (1.1.2-1build1) ...
2026-10-08T21:32:37.7424244Z Selecting previously unselected package libbluray2:amd64.
2026-10-08T21:32:37.7511953Z Preparing to unpack .../36-libbluray2_1%3a1.3.4-1build1_amd64.deb ...
2026-10-08T21:32:37.7520520Z Unpacking libbluray2:amd64 (1:1.3.4-1build1) ...
2026-10-08T21:32:37.7693950Z Selecting previously unselected package libchromaprint1:amd64.
2026-10-08T21:32:37.7773740Z Preparing to unpack .../37-libchromaprint1_1.5.1-5_amd64.deb ...
2026-10-08T21:32:37.7783202Z Unpacking libchromaprint1:amd64 (1.5.1-5) ...
2026-10-08T21:32:37.7940066Z Selecting previously unselected package libgme0:amd64.
2026-10-08T21:32:37.8021424Z Preparing to unpack .../38-libgme0_0.6.3-7build1_amd64.deb ...
2026-10-08T21:32:37.8029184Z Unpacking libgme0:amd64 (0.6.3-7build1) ...
2026-10-08T21:32:37.8366927Z Selecting previously unselected package libmpg123-0t64:amd64.
2026-10-08T21:32:37.8455955Z Preparing to unpack .../39-libmpg123-0t64_1.32.5-1ubuntu1.1_amd64.deb ...
2026-10-08T21:32:37.8462832Z Unpacking libmpg123-0t64:amd64 (1.32.5-1ubuntu1.1) ...
2026-10-08T21:32:37.8641869Z Selecting previously unselected package libopenmpt0t64:amd64.
2026-10-08T21:32:37.8729228Z Preparing to unpack .../40-libopenmpt0t64_0.7.3-1.1build3_amd64.deb ...
2026-10-08T21:32:37.8737502Z Unpacking libopenmpt0t64:amd64 (0.7.3-1.1build3) ...
2026-10-08T21:32:37.8958353Z Selecting previously unselected package libcjson1:amd64.
2026-10-08T21:32:37.9044915Z Preparing to unpack .../41-libcjson1_1.7.17-1_amd64.deb ...
2026-10-08T21:32:37.9052462Z Unpacking libcjson1:amd64 (1.7.17-1) ...
2026-10-08T21:32:37.9213854Z Selecting previously unselected package libmbedcrypto7t64:amd64.
2026-10-08T21:32:37.9300868Z Preparing to unpack .../42-libmbedcrypto7t64_2.28.8-1_amd64.deb ...
2026-10-08T21:32:37.9309840Z Unpacking libmbedcrypto7t64:amd64 (2.28.8-1) ...
2026-10-08T21:32:37.9494628Z Selecting previously unselected package librist4:amd64.
2026-10-08T21:32:37.9580924Z Preparing to unpack .../43-librist4_0.2.10+dfsg-2_amd64.deb ...
2026-10-08T21:32:37.9589331Z Unpacking librist4:amd64 (0.2.10+dfsg-2) ...
2026-10-08T21:32:37.9756220Z Selecting previously unselected package libsrt1.5-gnutls:amd64.
2026-10-08T21:32:37.9843222Z Preparing to unpack .../44-libsrt1.5-gnutls_1.5.3-1build2_amd64.deb ...
2026-10-08T21:32:37.9851013Z Unpacking libsrt1.5-gnutls:amd64 (1.5.3-1build2) ...
2026-10-08T21:32:38.0036269Z Selecting previously unselected package libssh-gcrypt-4:amd64.
2026-10-08T21:32:38.0121641Z Preparing to unpack .../45-libssh-gcrypt-4_0.10.6-2ubuntu0.5_amd64.deb ...
2026-10-08T21:32:38.0244206Z Unpacking libssh-gcrypt-4:amd64 (0.10.6-2ubuntu0.5) ...
2026-10-08T21:32:38.0417305Z Selecting previously unselected package libavformat60:amd64.
2026-10-08T21:32:38.0497304Z Preparing to unpack .../46-libavformat60_7%3a6.1.1-3ubuntu5_amd64.deb ...
2026-10-08T21:32:38.0504765Z Unpacking libavformat60:amd64 (7:6.1.1-3ubuntu5) ...
2026-10-08T21:32:38.0827929Z Selecting previously unselected package libbs2b0:amd64.
2026-10-08T21:32:38.0907643Z Preparing to unpack .../47-libbs2b0_3.1.0+dfsg-7build1_amd64.deb ...
2026-10-08T21:32:38.0915524Z Unpacking libbs2b0:amd64 (3.1.0+dfsg-7build1) ...
2026-10-08T21:32:38.1085706Z Selecting previously unselected package libflite1:amd64.
2026-10-08T21:32:38.1171495Z Preparing to unpack .../48-libflite1_2.2-6build3_amd64.deb ...
2026-10-08T21:32:38.1180919Z Unpacking libflite1:amd64 (2.2-6build3) ...
2026-10-08T21:32:38.2896674Z Selecting previously unselected package libserd-0-0:amd64.
2026-10-08T21:32:38.2993790Z Preparing to unpack .../49-libserd-0-0_0.32.2-1_amd64.deb ...
2026-10-08T21:32:38.3002076Z Unpacking libserd-0-0:amd64 (0.32.2-1) ...
2026-10-08T21:32:38.3171340Z Selecting previously unselected package libzix-0-0:amd64.
2026-10-08T21:32:38.3267685Z Preparing to unpack .../50-libzix-0-0_0.4.2-2build1_amd64.deb ...
2026-10-08T21:32:38.3276471Z Unpacking libzix-0-0:amd64 (0.4.2-2build1) ...
2026-10-08T21:32:38.3432862Z Selecting previously unselected package libsord-0-0:amd64.
2026-10-08T21:32:38.3523932Z Preparing to unpack .../51-libsord-0-0_0.16.16-2build1_amd64.deb ...
2026-10-08T21:32:38.3532104Z Unpacking libsord-0-0:amd64 (0.16.16-2build1) ...
2026-10-08T21:32:38.3683331Z Selecting previously unselected package libsratom-0-0:amd64.
2026-10-08T21:32:38.3772843Z Preparing to unpack .../52-libsratom-0-0_0.6.16-1build1_amd64.deb ...
2026-10-08T21:32:38.3781003Z Unpacking libsratom-0-0:amd64 (0.6.16-1build1) ...
2026-10-08T21:32:38.3963818Z Selecting previously unselected package liblilv-0-0:amd64.
2026-10-08T21:32:38.4051334Z Preparing to unpack .../53-liblilv-0-0_0.24.22-1build1_amd64.deb ...
2026-10-08T21:32:38.4058792Z Unpacking liblilv-0-0:amd64 (0.24.22-1build1) ...
2026-10-08T21:32:38.4215103Z Selecting previously unselected package libmysofa1:amd64.
2026-10-08T21:32:38.4301581Z Preparing to unpack .../54-libmysofa1_1.3.2+dfsg-2ubuntu2_amd64.deb ...
2026-10-08T21:32:38.4309408Z Unpacking libmysofa1:amd64 (1.3.2+dfsg-2ubuntu2) ...
2026-10-08T21:32:38.4542418Z Selecting previously unselected package libplacebo338:amd64.
2026-10-08T21:32:38.4630497Z Preparing to unpack .../55-libplacebo338_6.338.2-2build1_amd64.deb ...
2026-10-08T21:32:38.4747519Z Unpacking libplacebo338:amd64 (6.338.2-2build1) ...
2026-10-08T21:32:38.5587880Z Selecting previously unselected package libblas3:amd64.
2026-10-08T21:32:38.5680093Z Preparing to unpack .../56-libblas3_3.12.0-3build1.1_amd64.deb ...
2026-10-08T21:32:38.5705591Z Unpacking libblas3:amd64 (3.12.0-3build1.1) ...
2026-10-08T21:32:38.5901937Z Selecting previously unselected package liblapack3:amd64.
2026-10-08T21:32:38.5990438Z Preparing to unpack .../57-liblapack3_3.12.0-3build1.1_amd64.deb ...
2026-10-08T21:32:38.6017304Z Unpacking liblapack3:amd64 (3.12.0-3build1.1) ...
2026-10-08T21:32:38.6953795Z Selecting previously unselected package libasyncns0:amd64.
2026-10-08T21:32:38.7049448Z Preparing to unpack .../58-libasyncns0_0.8-6build4_amd64.deb ...
2026-10-08T21:32:38.7059893Z Unpacking libasyncns0:amd64 (0.8-6build4) ...
2026-10-08T21:32:38.7227288Z Selecting previously unselected package libflac12t64:amd64.
2026-10-08T21:32:38.7312992Z Preparing to unpack .../59-libflac12t64_1.4.3+ds-2.1ubuntu2_amd64.deb ...
2026-10-08T21:32:38.7322152Z Unpacking libflac12t64:amd64 (1.4.3+ds-2.1ubuntu2) ...
2026-10-08T21:32:38.7502328Z Selecting previously unselected package libsndfile1:amd64.
2026-10-08T21:32:38.7585057Z Preparing to unpack .../60-libsndfile1_1.2.2-1ubuntu5.24.04.1_amd64.deb ...
2026-10-08T21:32:38.7592682Z Unpacking libsndfile1:amd64 (1.2.2-1ubuntu5.24.04.1) ...
2026-10-08T21:32:38.7793528Z Selecting previously unselected package libpulse0:amd64.
2026-10-08T21:32:38.7883567Z Preparing to unpack .../61-libpulse0_1%3a16.1+dfsg1-2ubuntu10.1_amd64.deb ...
2026-10-08T21:32:38.7937568Z Unpacking libpulse0:amd64 (1:16.1+dfsg1-2ubuntu10.1) ...
2026-10-08T21:32:38.8135970Z Selecting previously unselected package libsphinxbase3t64:amd64.
2026-10-08T21:32:38.8225567Z Preparing to unpack .../62-libsphinxbase3t64_0.8+5prealpha+1-17build2_amd64.deb ...
2026-10-08T21:32:38.8234123Z Unpacking libsphinxbase3t64:amd64 (0.8+5prealpha+1-17build2) ...
2026-10-08T21:32:38.8412249Z Selecting previously unselected package libpocketsphinx3:amd64.
2026-10-08T21:32:38.8502975Z Preparing to unpack .../63-libpocketsphinx3_0.8.0+real5prealpha+1-15ubuntu5_amd64.deb ...
2026-10-08T21:32:38.8511382Z Unpacking libpocketsphinx3:amd64 (0.8.0+real5prealpha+1-15ubuntu5) ...
2026-10-08T21:32:38.8862316Z Selecting previously unselected package libpostproc57:amd64.
2026-10-08T21:32:38.8944665Z Preparing to unpack .../64-libpostproc57_7%3a6.1.1-3ubuntu5_amd64.deb ...
2026-10-08T21:32:38.8952719Z Unpacking libpostproc57:amd64 (7:6.1.1-3ubuntu5) ...
2026-10-08T21:32:38.9117761Z Selecting previously unselected package libsamplerate0:amd64.
2026-10-08T21:32:38.9199237Z Preparing to unpack .../65-libsamplerate0_0.2.2-4build1_amd64.deb ...
2026-10-08T21:32:38.9209752Z Unpacking libsamplerate0:amd64 (0.2.2-4build1) ...
2026-10-08T21:32:38.9430652Z Selecting previously unselected package librubberband2:amd64.
2026-10-08T21:32:38.9522087Z Preparing to unpack .../66-librubberband2_3.3.0+dfsg-2build1_amd64.deb ...
2026-10-08T21:32:38.9530700Z Unpacking librubberband2:amd64 (3.3.0+dfsg-2build1) ...
2026-10-08T21:32:38.9700718Z Selecting previously unselected package libswscale7:amd64.
2026-10-08T21:32:38.9790676Z Preparing to unpack .../67-libswscale7_7%3a6.1.1-3ubuntu5_amd64.deb ...
2026-10-08T21:32:38.9798662Z Unpacking libswscale7:amd64 (7:6.1.1-3ubuntu5) ...
2026-10-08T21:32:38.9973336Z Selecting previously unselected package libvidstab1.1:amd64.
2026-10-08T21:32:39.0062714Z Preparing to unpack .../68-libvidstab1.1_1.1.0-2build1_amd64.deb ...
2026-10-08T21:32:39.0070993Z Unpacking libvidstab1.1:amd64 (1.1.0-2build1) ...
2026-10-08T21:32:39.0221034Z Selecting previously unselected package libzimg2:amd64.
2026-10-08T21:32:39.0304764Z Preparing to unpack .../69-libzimg2_3.0.5+ds1-1build1_amd64.deb ...
2026-10-08T21:32:39.0313768Z Unpacking libzimg2:amd64 (3.0.5+ds1-1build1) ...
2026-10-08T21:32:39.0488375Z Selecting previously unselected package libavfilter9:amd64.
2026-10-08T21:32:39.0569494Z Preparing to unpack .../70-libavfilter9_7%3a6.1.1-3ubuntu5_amd64.deb ...
2026-10-08T21:32:39.0752581Z Unpacking libavfilter9:amd64 (7:6.1.1-3ubuntu5) ...
2026-10-08T21:32:39.1939986Z Selecting previously unselected package libcaca0:amd64.
2026-10-08T21:32:39.2027005Z Preparing to unpack .../71-libcaca0_0.99.beta20-4ubuntu0.2_amd64.deb ...
2026-10-08T21:32:39.2035122Z Unpacking libcaca0:amd64 (0.99.beta20-4ubuntu0.2) ...
2026-10-08T21:32:39.2235979Z Selecting previously unselected package libcdio19t64:amd64.
2026-10-08T21:32:39.2327094Z Preparing to unpack .../72-libcdio19t64_2.1.0-4.1ubuntu1.2_amd64.deb ...
2026-10-08T21:32:39.2335780Z Unpacking libcdio19t64:amd64 (2.1.0-4.1ubuntu1.2) ...
2026-10-08T21:32:39.2507819Z Selecting previously unselected package libcdio-cdda2t64:amd64.
2026-10-08T21:32:39.2597117Z Preparing to unpack .../73-libcdio-cdda2t64_10.2+2.0.1-1.1build2_amd64.deb ...
2026-10-08T21:32:39.2703135Z Unpacking libcdio-cdda2t64:amd64 (10.2+2.0.1-1.1build2) ...
2026-10-08T21:32:39.2891282Z Selecting previously unselected package libcdio-paranoia2t64:amd64.
2026-10-08T21:32:39.2978486Z Preparing to unpack .../74-libcdio-paranoia2t64_10.2+2.0.1-1.1build2_amd64.deb ...
2026-10-08T21:32:39.2986334Z Unpacking libcdio-paranoia2t64:amd64 (10.2+2.0.1-1.1build2) ...
2026-10-08T21:32:39.3142397Z Selecting previously unselected package libdc1394-25:amd64.
2026-10-08T21:32:39.3229031Z Preparing to unpack .../75-libdc1394-25_2.2.6-4build1_amd64.deb ...
2026-10-08T21:32:39.3239212Z Unpacking libdc1394-25:amd64 (2.2.6-4build1) ...
2026-10-08T21:32:39.3404637Z Selecting previously unselected package libiec61883-0:amd64.
2026-10-08T21:32:39.3489203Z Preparing to unpack .../76-libiec61883-0_1.2.0-6build1_amd64.deb ...
2026-10-08T21:32:39.3496811Z Unpacking libiec61883-0:amd64 (1.2.0-6build1) ...
2026-10-08T21:32:39.3654037Z Selecting previously unselected package libjack-jackd2-0:amd64.
2026-10-08T21:32:39.3743336Z Preparing to unpack .../77-libjack-jackd2-0_1.9.21~dfsg-3ubuntu3_amd64.deb ...
2026-10-08T21:32:39.3752227Z Unpacking libjack-jackd2-0:amd64 (1.9.21~dfsg-3ubuntu3) ...
2026-10-08T21:32:39.3962108Z Selecting previously unselected package libopenal-data.
2026-10-08T21:32:39.4052045Z Preparing to unpack .../78-libopenal-data_1%3a1.23.1-4build1_all.deb ...
2026-10-08T21:32:39.4060588Z Unpacking libopenal-data (1:1.23.1-4build1) ...
2026-10-08T21:32:39.4237930Z Selecting previously unselected package libsndio7.0:amd64.
2026-10-08T21:32:39.4328183Z Preparing to unpack .../79-libsndio7.0_1.9.0-0.3build3_amd64.deb ...
2026-10-08T21:32:39.4336510Z Unpacking libsndio7.0:amd64 (1.9.0-0.3build3) ...
2026-10-08T21:32:39.4566173Z Selecting previously unselected package libopenal1:amd64.
2026-10-08T21:32:39.4656044Z Preparing to unpack .../80-libopenal1_1%3a1.23.1-4build1_amd64.deb ...
2026-10-08T21:32:39.4663914Z Unpacking libopenal1:amd64 (1:1.23.1-4build1) ...
2026-10-08T21:32:39.4879108Z Selecting previously unselected package libdecor-0-0:amd64.
2026-10-08T21:32:39.4960228Z Preparing to unpack .../81-libdecor-0-0_0.2.2-1build2_amd64.deb ...
2026-10-08T21:32:39.4968255Z Unpacking libdecor-0-0:amd64 (0.2.2-1build2) ...
2026-10-08T21:32:39.5128709Z Selecting previously unselected package libsdl2-2.0-0:amd64.
2026-10-08T21:32:39.5213498Z Preparing to unpack .../82-libsdl2-2.0-0_2.30.0+dfsg-1ubuntu3.1_amd64.deb ...
2026-10-08T21:32:39.5221173Z Unpacking libsdl2-2.0-0:amd64 (2.30.0+dfsg-1ubuntu3.1) ...
2026-10-08T21:32:39.6624172Z Selecting previously unselected package libxcb-shape0:amd64.
2026-10-08T21:32:39.6722663Z Preparing to unpack .../83-libxcb-shape0_1.15-1ubuntu2_amd64.deb ...
2026-10-08T21:32:39.6732436Z Unpacking libxcb-shape0:amd64 (1.15-1ubuntu2) ...
2026-10-08T21:32:39.6895417Z Selecting previously unselected package libxv1:amd64.
2026-10-08T21:32:39.6997092Z Preparing to unpack .../84-libxv1_2%3a1.0.11-1.1build1_amd64.deb ...
2026-10-08T21:32:39.7006056Z Unpacking libxv1:amd64 (2:1.0.11-1.1build1) ...
2026-10-08T21:32:39.7181078Z Selecting previously unselected package libavdevice60:amd64.
2026-10-08T21:32:39.7277415Z Preparing to unpack .../85-libavdevice60_7%3a6.1.1-3ubuntu5_amd64.deb ...
2026-10-08T21:32:39.7286073Z Unpacking libavdevice60:amd64 (7:6.1.1-3ubuntu5) ...
2026-10-08T21:32:39.7448358Z Selecting previously unselected package ffmpeg.
2026-10-08T21:32:39.7537770Z Preparing to unpack .../86-ffmpeg_7%3a6.1.1-3ubuntu5_amd64.deb ...
2026-10-08T21:32:39.7545647Z Unpacking ffmpeg (7:6.1.1-3ubuntu5) ...
2026-10-08T21:32:39.8048404Z Selecting previously unselected package libigdgmm12:amd64.
2026-10-08T21:32:39.8139220Z Preparing to unpack .../87-libigdgmm12_22.3.17+ds1-1ubuntu1_amd64.deb ...
2026-10-08T21:32:39.8147645Z Unpacking libigdgmm12:amd64 (22.3.17+ds1-1ubuntu1) ...
2026-10-08T21:32:39.8323692Z Selecting previously unselected package intel-media-va-driver:amd64.
2026-10-08T21:32:39.8413615Z Preparing to unpack .../88-intel-media-va-driver_24.1.0+dfsg1-1ubuntu0.2_amd64.deb ...
2026-10-08T21:32:39.8611690Z Unpacking intel-media-va-driver:amd64 (24.1.0+dfsg1-1ubuntu0.2) ...
2026-10-08T21:32:39.9796901Z Selecting previously unselected package libaacs0:amd64.
2026-10-08T21:32:39.9896700Z Preparing to unpack .../89-libaacs0_0.11.1-2build1_amd64.deb ...
2026-10-08T21:32:39.9909045Z Unpacking libaacs0:amd64 (0.11.1-2build1) ...
2026-10-08T21:32:40.0086068Z Selecting previously unselected package libbdplus0:amd64.
2026-10-08T21:32:40.0183160Z Preparing to unpack .../90-libbdplus0_0.2.0-3build1_amd64.deb ...
2026-10-08T21:32:40.0197464Z Unpacking libbdplus0:amd64 (0.2.0-3build1) ...
2026-10-08T21:32:40.0355607Z Selecting previously unselected package libdecor-0-plugin-1-gtk:amd64.
2026-10-08T21:32:40.0447725Z Preparing to unpack .../91-libdecor-0-plugin-1-gtk_0.2.2-1build2_amd64.deb ...
2026-10-08T21:32:40.0513896Z Unpacking libdecor-0-plugin-1-gtk:amd64 (0.2.2-1build2) ...
2026-10-08T21:32:40.0682855Z Selecting previously unselected package librsvg2-common:amd64.
2026-10-08T21:32:40.0770704Z Preparing to unpack .../92-librsvg2-common_2.58.0+dfsg-1ubuntu0.1_amd64.deb ...
2026-10-08T21:32:40.0779550Z Unpacking librsvg2-common:amd64 (2.58.0+dfsg-1ubuntu0.1) ...
2026-10-08T21:32:40.1050443Z Selecting previously unselected package mesa-va-drivers:amd64.
2026-10-08T21:32:40.1138796Z Preparing to unpack .../93-mesa-va-drivers_25.2.8-0ubuntu0.24.04.4_amd64.deb ...
2026-10-08T21:32:40.1146781Z Unpacking mesa-va-drivers:amd64 (25.2.8-0ubuntu0.24.04.4) ...
2026-10-08T21:32:40.1343543Z Selecting previously unselected package mesa-vdpau-drivers:amd64.
2026-10-08T21:32:40.1430548Z Preparing to unpack .../94-mesa-vdpau-drivers_25.2.8-0ubuntu0.24.04.4_amd64.deb ...
2026-10-08T21:32:40.1438665Z Unpacking mesa-vdpau-drivers:amd64 (25.2.8-0ubuntu0.24.04.4) ...
2026-10-08T21:32:40.1594079Z Selecting previously unselected package i965-va-driver:amd64.
2026-10-08T21:32:40.1673009Z Preparing to unpack .../95-i965-va-driver_2.4.1+dfsg1-1ubuntu0.2_amd64.deb ...
2026-10-08T21:32:40.1682416Z Unpacking i965-va-driver:amd64 (2.4.1+dfsg1-1ubuntu0.2) ...
2026-10-08T21:32:40.1882652Z Selecting previously unselected package va-driver-all:amd64.
2026-10-08T21:32:40.1961883Z Preparing to unpack .../96-va-driver-all_2.20.0-2ubuntu0.2_amd64.deb ...
2026-10-08T21:32:40.1970591Z Unpacking va-driver-all:amd64 (2.20.0-2ubuntu0.2) ...
2026-10-08T21:32:40.2113515Z Selecting previously unselected package vdpau-driver-all:amd64.
2026-10-08T21:32:40.2195700Z Preparing to unpack .../97-vdpau-driver-all_1.5-2build1_amd64.deb ...
2026-10-08T21:32:40.2207613Z Unpacking vdpau-driver-all:amd64 (1.5-2build1) ...
2026-10-08T21:32:40.2515079Z Selecting previously unselected package pocketsphinx-en-us.
2026-10-08T21:32:40.2603803Z Preparing to unpack .../98-pocketsphinx-en-us_0.8.0+real5prealpha+1-15ubuntu5_all.deb ...
2026-10-08T21:32:40.2612003Z Unpacking pocketsphinx-en-us (0.8.0+real5prealpha+1-15ubuntu5) ...
2026-10-08T21:32:40.5775985Z Setting up libgme0:amd64 (0.6.3-7build1) ...
2026-10-08T21:32:40.5804512Z Setting up libchromaprint1:amd64 (1.5.1-5) ...
2026-10-08T21:32:40.5826005Z Setting up libssh-gcrypt-4:amd64 (0.10.6-2ubuntu0.5) ...
2026-10-08T21:32:40.5850622Z Setting up libhwy1t64:amd64 (1.0.7-8.1build1) ...
2026-10-08T21:32:40.5875525Z Setting up libudfread0:amd64 (1.1.2-1build1) ...
2026-10-08T21:32:40.5897496Z Setting up libraw1394-11:amd64 (2.1.2-2build3) ...
2026-10-08T21:32:40.5924892Z Setting up libspeex1:amd64 (1.2.1-2ubuntu2.24.04.1) ...
2026-10-08T21:32:40.5946232Z Setting up libshine3:amd64 (3.1.1-2build1) ...
2026-10-08T21:32:40.5969522Z Setting up libcaca0:amd64 (0.99.beta20-4ubuntu0.2) ...
2026-10-08T21:32:40.5994711Z Setting up libvpl2 (2023.3.0-1build1) ...
2026-10-08T21:32:40.6019198Z Setting up libx264-164:amd64 (2:0.164.3108+git31e19f9-1) ...
2026-10-08T21:32:40.6045665Z Setting up libtwolame0:amd64 (0.4.0-2build3) ...
2026-10-08T21:32:40.6069391Z Setting up libmbedcrypto7t64:amd64 (2.28.8-1) ...
2026-10-08T21:32:40.6096223Z Setting up libgsm1:amd64 (1.0.22-1build1) ...
2026-10-08T21:32:40.6122500Z Setting up libsoxr0:amd64 (0.1.3-4build3) ...
2026-10-08T21:32:40.6145776Z Setting up libzix-0-0:amd64 (0.4.2-2build1) ...
2026-10-08T21:32:40.6172905Z Setting up libcodec2-1.2:amd64 (1.2.0-2build1) ...
2026-10-08T21:32:40.6196721Z Setting up libmysofa1:amd64 (1.3.2+dfsg-2ubuntu2) ...
2026-10-08T21:32:40.6223545Z Setting up libxcb-shape0:amd64 (1.15-1ubuntu2) ...
2026-10-08T21:32:40.6244663Z Setting up libcdio19t64:amd64 (2.1.0-4.1ubuntu1.2) ...
2026-10-08T21:32:40.6266520Z Setting up libsvtav1enc1d1:amd64 (1.7.0+dfsg-2build1) ...
2026-10-08T21:32:40.6291636Z Setting up libigdgmm12:amd64 (22.3.17+ds1-1ubuntu1) ...
2026-10-08T21:32:40.6314131Z Setting up libmpg123-0t64:amd64 (1.32.5-1ubuntu1.1) ...
2026-10-08T21:32:40.6342029Z Setting up libcjson1:amd64 (1.7.17-1) ...
2026-10-08T21:32:40.6365706Z Setting up libxvidcore4:amd64 (2:1.3.7-1build1) ...
2026-10-08T21:32:40.6388482Z Setting up librav1e0:amd64 (0.7.1-2) ...
2026-10-08T21:32:40.6416280Z Setting up libcdio-cdda2t64:amd64 (10.2+2.0.1-1.1build2) ...
2026-10-08T21:32:40.6438962Z Setting up librist4:amd64 (0.2.10+dfsg-2) ...
2026-10-08T21:32:40.6464202Z Setting up librsvg2-2:amd64 (2.58.0+dfsg-1ubuntu0.1) ...
2026-10-08T21:32:40.6489841Z Setting up libblas3:amd64 (3.12.0-3build1.1) ...
2026-10-08T21:32:40.6539831Z update-alternatives: using /usr/lib/x86_64-linux-gnu/blas/libblas.so.3 to provide /usr/lib/x86_64-linux-gnu/libblas.so.3 (libblas.so.3-x86_64-linux-gnu) in auto mode
2026-10-08T21:32:40.6556279Z Setting up libplacebo338:amd64 (6.338.2-2build1) ...
2026-10-08T21:32:40.6582409Z Setting up libva2:amd64 (2.20.0-2ubuntu0.2) ...
2026-10-08T21:32:40.6605881Z Setting up libopus0:amd64 (1.4-1build1) ...
2026-10-08T21:32:40.6633711Z Setting up libcdio-paranoia2t64:amd64 (10.2+2.0.1-1.1build2) ...
2026-10-08T21:32:40.6655287Z Setting up libdc1394-25:amd64 (2.2.6-4build1) ...
2026-10-08T21:32:40.6679983Z Setting up intel-media-va-driver:amd64 (24.1.0+dfsg1-1ubuntu0.2) ...
2026-10-08T21:32:40.6705242Z Setting up libxv1:amd64 (2:1.0.11-1.1build1) ...
2026-10-08T21:32:40.6728396Z Setting up libunibreak5:amd64 (5.1-2build1) ...
2026-10-08T21:32:40.6753659Z Setting up libaacs0:amd64 (0.11.1-2build1) ...
2026-10-08T21:32:40.6776202Z Setting up libjxl0.7:amd64 (0.7.0-10.2ubuntu6.1) ...
2026-10-08T21:32:40.6798766Z Setting up librsvg2-common:amd64 (2.58.0+dfsg-1ubuntu0.1) ...
2026-10-08T21:32:40.6900404Z Setting up pocketsphinx-en-us (0.8.0+real5prealpha+1-15ubuntu5) ...
2026-10-08T21:32:40.6920658Z Setting up libx265-199:amd64 (3.5-2build1) ...
2026-10-08T21:32:40.6952952Z Setting up libsndio7.0:amd64 (1.9.0-0.3build3) ...
2026-10-08T21:32:40.6973856Z Setting up libbdplus0:amd64 (0.2.0-3build1) ...
2026-10-08T21:32:40.6998914Z Setting up libvidstab1.1:amd64 (1.1.0-2build1) ...
2026-10-08T21:32:40.7027342Z Setting up libvpx9:amd64 (1.14.0-1ubuntu2.3) ...
2026-10-08T21:32:40.7049197Z Setting up libsrt1.5-gnutls:amd64 (1.5.3-1build2) ...
2026-10-08T21:32:40.7074710Z Setting up libflite1:amd64 (2.2-6build3) ...
2026-10-08T21:32:40.7095876Z Setting up libdav1d7:amd64 (1.4.1-1build1) ...
2026-10-08T21:32:40.7117040Z Setting up libva-drm2:amd64 (2.20.0-2ubuntu0.2) ...
2026-10-08T21:32:40.7139526Z Setting up ocl-icd-libopencl1:amd64 (2.3.2-1build1) ...
2026-10-08T21:32:40.7159933Z Setting up libasyncns0:amd64 (0.8-6build4) ...
2026-10-08T21:32:40.7182648Z Setting up libvdpau1:amd64 (1.5-2build1) ...
2026-10-08T21:32:40.7408478Z Setting up libbs2b0:amd64 (3.1.0+dfsg-7build1) ...
2026-10-08T21:32:40.7432285Z Setting up libtheora0:amd64 (1.1.1+dfsg.1-16.1build3) ...
2026-10-08T21:32:40.7452616Z Setting up libdecor-0-0:amd64 (0.2.2-1build2) ...
2026-10-08T21:32:40.7473571Z Setting up libzimg2:amd64 (3.0.5+ds1-1build1) ...
2026-10-08T21:32:40.7499441Z Setting up libopenal-data (1:1.23.1-4build1) ...
2026-10-08T21:32:40.7529235Z Setting up libflac12t64:amd64 (1.4.3+ds-2.1ubuntu2) ...
2026-10-08T21:32:40.7576299Z Setting up mesa-va-drivers:amd64 (25.2.8-0ubuntu0.24.04.4) ...
2026-10-08T21:32:40.7597913Z Setting up libbluray2:amd64 (1:1.3.4-1build1) ...
2026-10-08T21:32:40.7620610Z Setting up libsamplerate0:amd64 (0.2.2-4build1) ...
2026-10-08T21:32:40.7645191Z Setting up libva-x11-2:amd64 (2.20.0-2ubuntu0.2) ...
2026-10-08T21:32:40.7667110Z Setting up libdecor-0-plugin-1-gtk:amd64 (0.2.2-1build2) ...
2026-10-08T21:32:40.7692562Z Setting up libopenmpt0t64:amd64 (0.7.3-1.1build3) ...
2026-10-08T21:32:40.7713963Z Setting up libzvbi-common (0.2.42-2) ...
2026-10-08T21:32:40.7735477Z Setting up libmp3lame0:amd64 (3.100-6build1) ...
2026-10-08T21:32:40.7760362Z Setting up i965-va-driver:amd64 (2.4.1+dfsg1-1ubuntu0.2) ...
2026-10-08T21:32:40.7782287Z Setting up libvorbisenc2:amd64 (1.3.7-1build3) ...
2026-10-08T21:32:40.7807957Z Setting up libiec61883-0:amd64 (1.2.0-6build1) ...
2026-10-08T21:32:40.7831848Z Setting up libserd-0-0:amd64 (0.32.2-1) ...
2026-10-08T21:32:40.7852725Z Setting up libavc1394-0:amd64 (0.5.4-5build3) ...
2026-10-08T21:32:40.7877111Z Setting up mesa-vdpau-drivers:amd64 (25.2.8-0ubuntu0.24.04.4) ...
2026-10-08T21:32:40.7898339Z Setting up liblapack3:amd64 (3.12.0-3build1.1) ...
2026-10-08T21:32:40.7949180Z update-alternatives: using /usr/lib/x86_64-linux-gnu/lapack/liblapack.so.3 to provide /usr/lib/x86_64-linux-gnu/liblapack.so.3 (liblapack.so.3-x86_64-linux-gnu) in auto mode
2026-10-08T21:32:40.7965924Z Setting up libzvbi0t64:amd64 (0.2.42-2) ...
2026-10-08T21:32:40.7991648Z Setting up libavutil58:amd64 (7:6.1.1-3ubuntu5) ...
2026-10-08T21:32:40.8013036Z Setting up libopenal1:amd64 (1:1.23.1-4build1) ...
2026-10-08T21:32:40.8038000Z Setting up libass9:amd64 (1:0.17.1-2build1) ...
2026-10-08T21:32:40.8059134Z Setting up libswresample4:amd64 (7:6.1.1-3ubuntu5) ...
2026-10-08T21:32:40.8080607Z Setting up va-driver-all:amd64 (2.20.0-2ubuntu0.2) ...
2026-10-08T21:32:40.8104836Z Setting up libavcodec60:amd64 (7:6.1.1-3ubuntu5) ...
2026-10-08T21:32:40.8126486Z Setting up librubberband2:amd64 (3.3.0+dfsg-2build1) ...
2026-10-08T21:32:40.8928562Z Setting up libjack-jackd2-0:amd64 (1.9.21~dfsg-3ubuntu3) ...
2026-10-08T21:32:40.8949014Z Setting up vdpau-driver-all:amd64 (1.5-2build1) ...
2026-10-08T21:32:40.8973164Z Setting up libsord-0-0:amd64 (0.16.16-2build1) ...
2026-10-08T21:32:40.8994425Z Setting up libpostproc57:amd64 (7:6.1.1-3ubuntu5) ...
2026-10-08T21:32:40.9018236Z Setting up libsratom-0-0:amd64 (0.6.16-1build1) ...
2026-10-08T21:32:40.9037230Z Setting up libsndfile1:amd64 (1.2.2-1ubuntu5.24.04.1) ...
2026-10-08T21:32:40.9056979Z Setting up liblilv-0-0:amd64 (0.24.22-1build1) ...
2026-10-08T21:32:40.9080973Z Setting up libswscale7:amd64 (7:6.1.1-3ubuntu5) ...
2026-10-08T21:32:40.9101275Z Setting up libpulse0:amd64 (1:16.1+dfsg1-2ubuntu10.1) ...
2026-10-08T21:32:40.9171592Z Setting up libavformat60:amd64 (7:6.1.1-3ubuntu5) ...
2026-10-08T21:32:40.9191952Z Setting up libsphinxbase3t64:amd64 (0.8+5prealpha+1-17build2) ...
2026-10-08T21:32:40.9411507Z Setting up libsdl2-2.0-0:amd64 (2.30.0+dfsg-1ubuntu3.1) ...
2026-10-08T21:32:40.9436527Z Setting up libpocketsphinx3:amd64 (0.8.0+real5prealpha+1-15ubuntu5) ...
2026-10-08T21:32:40.9457982Z Setting up libavfilter9:amd64 (7:6.1.1-3ubuntu5) ...
2026-10-08T21:32:40.9482633Z Setting up libavdevice60:amd64 (7:6.1.1-3ubuntu5) ...
2026-10-08T21:32:40.9509281Z Setting up ffmpeg (7:6.1.1-3ubuntu5) ...
2026-10-08T21:32:40.9534637Z Processing triggers for man-db (2.12.0-4build2) ...
2026-10-08T21:32:40.9555252Z Not building database; man-db/auto-update is not 'true'.
2026-10-08T21:32:40.9573335Z Processing triggers for libgdk-pixbuf-2.0-0:amd64 (2.42.10+dfsg-3ubuntu3.3) ...
2026-10-08T21:32:41.1592299Z Processing triggers for libc-bin (2.39-0ubuntu8.9) ...
2026-10-08T21:32:44.2904090Z 
2026-10-08T21:32:44.2905245Z Running kernel seems to be up-to-date.
2026-10-08T21:32:44.2905627Z 
2026-10-08T21:32:44.2905957Z No services need to be restarted.
2026-10-08T21:32:44.2906232Z 
2026-10-08T21:32:44.2906460Z No containers need to be restarted.
2026-10-08T21:32:44.2906981Z 
2026-10-08T21:32:44.2907236Z No user sessions are running outdated binaries.
2026-10-08T21:32:44.2907583Z 
2026-10-08T21:32:44.2907935Z No VM guests are running outdated hypervisor (qemu) binaries on this host.
2026-10-08T21:32:45.1024934Z ffprobe version 6.1.1-3ubuntu5 Copyright (c) 2007-2023 the FFmpeg developers
2026-10-08T21:32:45.1025563Z built with gcc 13 (Ubuntu 13.2.0-23ubuntu3)
2026-10-08T21:32:45.1030792Z configuration: --prefix=/usr --extra-version=3ubuntu5 --toolchain=hardened --libdir=/usr/lib/x86_64-linux-gnu --incdir=/usr/include/x86_64-linux-gnu --arch=amd64 --enable-gpl --disable-stripping --disable-omx --enable-gnutls --enable-libaom --enable-libass --enable-libbs2b --enable-libcaca --enable-libcdio --enable-libcodec2 --enable-libdav1d --enable-libflite --enable-libfontconfig --enable-libfreetype --enable-libfribidi --enable-libglslang --enable-libgme --enable-libgsm --enable-libharfbuzz --enable-libmp3lame --enable-libmysofa --enable-libopenjpeg --enable-libopenmpt --enable-libopus --enable-librubberband --enable-libshine --enable-libsnappy --enable-libsoxr --enable-libspeex --enable-libtheora --enable-libtwolame --enable-libvidstab --enable-libvorbis --enable-libvpx --enable-libwebp --enable-libx265 --enable-libxml2 --enable-libxvid --enable-libzimg --enable-openal --enable-opencl --enable-opengl --disable-sndio --enable-libvpl --disable-libmfx --enable-libdc1394 --enable-libdrm --enable-libiec61883 --enable-chromaprint --enable-frei0r --enable-ladspa --enable-libbluray --enable-libjack --enable-libpulse --enable-librabbitmq --enable-librist --enable-libsrt --enable-libssh --enable-libsvtav1 --enable-libx264 --enable-libzmq --enable-libzvbi --enable-lv2 --enable-sdl2 --enable-libplacebo --enable-librav1e --enable-pocketsphinx --enable-librsvg --enable-libjxl --enable-shared
2026-10-08T21:32:45.1035074Z libavutil      58. 29.100 / 58. 29.100
2026-10-08T21:32:45.1035407Z libavcodec     60. 31.102 / 60. 31.102
2026-10-08T21:32:45.1035757Z libavformat    60. 16.100 / 60. 16.100
2026-10-08T21:32:45.1036323Z libavdevice    60.  3.100 / 60.  3.100
2026-10-08T21:32:45.1036633Z libavfilter     9. 12.100 /  9. 12.100
2026-10-08T21:32:45.1036982Z libswscale      7.  5.100 /  7.  5.100
2026-10-08T21:32:45.1037314Z libswresample   4. 12.100 /  4. 12.100
2026-10-08T21:32:45.1037616Z libpostproc    57.  3.100 / 57.  3.100
2026-10-08T21:32:45.1418621Z ffmpeg version 6.1.1-3ubuntu5 Copyright (c) 2000-2023 the FFmpeg developers
2026-10-08T21:32:45.1419163Z built with gcc 13 (Ubuntu 13.2.0-23ubuntu3)
2026-10-08T21:32:45.1424168Z configuration: --prefix=/usr --extra-version=3ubuntu5 --toolchain=hardened --libdir=/usr/lib/x86_64-linux-gnu --incdir=/usr/include/x86_64-linux-gnu --arch=amd64 --enable-gpl --disable-stripping --disable-omx --enable-gnutls --enable-libaom --enable-libass --enable-libbs2b --enable-libcaca --enable-libcdio --enable-libcodec2 --enable-libdav1d --enable-libflite --enable-libfontconfig --enable-libfreetype --enable-libfribidi --enable-libglslang --enable-libgme --enable-libgsm --enable-libharfbuzz --enable-libmp3lame --enable-libmysofa --enable-libopenjpeg --enable-libopenmpt --enable-libopus --enable-librubberband --enable-libshine --enable-libsnappy --enable-libsoxr --enable-libspeex --enable-libtheora --enable-libtwolame --enable-libvidstab --enable-libvorbis --enable-libvpx --enable-libwebp --enable-libx265 --enable-libxml2 --enable-libxvid --enable-libzimg --enable-openal --enable-opencl --enable-opengl --disable-sndio --enable-libvpl --disable-libmfx --enable-libdc1394 --enable-libdrm --enable-libiec61883 --enable-chromaprint --enable-frei0r --enable-ladspa --enable-libbluray --enable-libjack --enable-libpulse --enable-librabbitmq --enable-librist --enable-libsrt --enable-libssh --enable-libsvtav1 --enable-libx264 --enable-libzmq --enable-libzvbi --enable-lv2 --enable-sdl2 --enable-libplacebo --enable-librav1e --enable-pocketsphinx --enable-librsvg --enable-libjxl --enable-shared
2026-10-08T21:32:45.1428574Z libavutil      58. 29.100 / 58. 29.100
2026-10-08T21:32:45.1429152Z libavcodec     60. 31.102 / 60. 31.102
2026-10-08T21:32:45.1429478Z libavformat    60. 16.100 / 60. 16.100
2026-10-08T21:32:45.1429886Z libavdevice    60.  3.100 / 60.  3.100
2026-10-08T21:32:45.1430345Z libavfilter     9. 12.100 /  9. 12.100
2026-10-08T21:32:45.1430734Z libswscale      7.  5.100 /  7.  5.100
2026-10-08T21:32:45.1431152Z libswresample   4. 12.100 /  4. 12.100
2026-10-08T21:32:45.1431653Z libpostproc    57.  3.100 / 57.  3.100
2026-10-08T21:32:45.1515726Z ##[group]Run actions/download-artifact@v4
2026-10-08T21:32:45.1516045Z with:
2026-10-08T21:32:45.1516364Z   pattern: G10-stage-*-ae36b497cfd474f0eafc873bb2489b2529b4163e
2026-10-08T21:32:45.1516743Z   path: jobs/G10-checkers
2026-10-08T21:32:45.1517037Z   merge-multiple: true
2026-10-08T21:32:45.1517365Z   repository: luisitin/partybox-game-cores
2026-10-08T21:32:45.1517672Z   run-id: 37845153145
2026-10-08T21:32:45.1517916Z env:
2026-10-08T21:32:45.1518250Z   G10_SOURCE_COMMIT: ae36b497cfd474f0eafc873bb2489b2529b4163e
2026-10-08T21:32:45.1518590Z ##[endgroup]
2026-10-08T21:32:45.2730443Z (node:3517) [DEP0040] DeprecationWarning: The `punycode` module is deprecated. Please use a userland alternative instead.
2026-10-08T21:32:45.2731296Z (Use `node --trace-deprecation ...` to show where the warning was created)
2026-10-08T21:32:45.4863542Z Found 4 artifact(s)
2026-10-08T21:32:45.4864620Z Filtering artifacts by pattern 'G10-stage-*-ae36b497cfd474f0eafc873bb2489b2529b4163e'
2026-10-08T21:32:45.4882490Z Preparing to download the following artifacts:
2026-10-08T21:32:45.4884280Z - G10-stage-league-american-ae36b497cfd474f0eafc873bb2489b2529b4163e (ID: 11580300632, Size: 372088, Expected Digest: sha256:fc0a4f5514474ef4e52d5f152a14a92b387e7b818050f242388ac29dcc7b1eae)
2026-10-08T21:32:45.4886924Z - G10-stage-browser-ae36b497cfd474f0eafc873bb2489b2529b4163e (ID: 11580121305, Size: 8895871, Expected Digest: sha256:5333c8c677f2d04c2de5424541bf34c5b99dcce00e3afce2dc2b917fc99c5be1)
2026-10-08T21:32:45.4889101Z - G10-stage-league-international-ae36b497cfd474f0eafc873bb2489b2529b4163e (ID: 11579673387, Size: 490259, Expected Digest: sha256:59a99145e0405d973a1df648045a03d0fac8034c31d4ebd904f860577978d894)
2026-10-08T21:32:45.4891314Z - G10-stage-node-ae36b497cfd474f0eafc873bb2489b2529b4163e (ID: 11579208384, Size: 136580, Expected Digest: sha256:f9a233dd4c38a7e5213908f30f587268212d1c13dc973f5d9956729885783c30)
2026-10-08T21:32:45.6713955Z Redirecting to blob download url: https://productionresultssa9.blob.core.windows.net/actions-results/837bb3d3-4a51-8330-89fc-11c92d84a3bc/workflow-job-run-3be204c0-612f-57c2-8407-9e225705e06e/artifacts/15db8fce98065f04295ac733cbfaf0a40ae7b343f0b7a732d94f38752aaec7b6.zip
2026-10-08T21:32:45.6715686Z Starting download of artifact to: /home/runner/work/partybox-game-cores/partybox-game-cores/jobs/G10-checkers
2026-10-08T21:32:45.7497874Z Redirecting to blob download url: https://productionresultssa9.blob.core.windows.net/actions-results/837bb3d3-4a51-8330-89fc-11c92d84a3bc/workflow-job-run-f2304e6c-26a1-58e6-aa0c-8f82695b113f/artifacts/39091c0d9b422daccc4391747ec31f7f0bfc82b74d38a651bddbadb050429ea0.zip
2026-10-08T21:32:45.7499262Z Starting download of artifact to: /home/runner/work/partybox-game-cores/partybox-game-cores/jobs/G10-checkers
2026-10-08T21:32:45.7641987Z Redirecting to blob download url: https://productionresultssa9.blob.core.windows.net/actions-results/837bb3d3-4a51-8330-89fc-11c92d84a3bc/workflow-job-run-00454f7e-2cac-5c04-b20a-dd69673762c7/artifacts/34688ecbf79a1529308eab8f01ae9625e5b57886f803e90979ab4d16996e3238.zip
2026-10-08T21:32:45.7643449Z Starting download of artifact to: /home/runner/work/partybox-game-cores/partybox-game-cores/jobs/G10-checkers
2026-10-08T21:32:45.7926812Z Redirecting to blob download url: https://productionresultssa9.blob.core.windows.net/actions-results/837bb3d3-4a51-8330-89fc-11c92d84a3bc/workflow-job-run-1235d5c4-251a-5f6c-83a0-104e6bf783ce/artifacts/1429d813cf2e9a9836a24a0a66cc0ff1003b10d335226c4ec698fd732966bf91.zip
2026-10-08T21:32:45.7928857Z Starting download of artifact to: /home/runner/work/partybox-game-cores/partybox-game-cores/jobs/G10-checkers
2026-10-08T21:32:45.8716564Z (node:3517) [DEP0005] DeprecationWarning: Buffer() is deprecated due to security and usability issues. Please use the Buffer.alloc(), Buffer.allocUnsafe(), or Buffer.from() methods instead.
2026-10-08T21:32:45.9745853Z SHA256 digest of downloaded artifact is f9a233dd4c38a7e5213908f30f587268212d1c13dc973f5d9956729885783c30
2026-10-08T21:32:45.9746987Z Artifact download completed successfully.
2026-10-08T21:32:46.0433681Z SHA256 digest of downloaded artifact is fc0a4f5514474ef4e52d5f152a14a92b387e7b818050f242388ac29dcc7b1eae
2026-10-08T21:32:46.0434658Z Artifact download completed successfully.
2026-10-08T21:32:46.1906369Z SHA256 digest of downloaded artifact is 59a99145e0405d973a1df648045a03d0fac8034c31d4ebd904f860577978d894
2026-10-08T21:32:46.1907132Z Artifact download completed successfully.
2026-10-08T21:32:46.5468664Z SHA256 digest of downloaded artifact is 5333c8c677f2d04c2de5424541bf34c5b99dcce00e3afce2dc2b917fc99c5be1
2026-10-08T21:32:46.5469673Z Artifact download completed successfully.
2026-10-08T21:32:46.5470432Z Total of 4 artifact(s) downloaded
2026-10-08T21:32:46.5474536Z Download artifact has finished successfully
2026-10-08T21:32:46.5571862Z ##[group]Run set -o pipefail
2026-10-08T21:32:46.5572288Z [36;1mset -o pipefail[0m
2026-10-08T21:32:46.5572735Z [36;1mnode scripts/check.mjs --stage final 2>&1 | tee .work-stage-final.stdout[0m
2026-10-08T21:32:46.5610684Z shell: /usr/bin/bash -e {0}
2026-10-08T21:32:46.5611074Z env:
2026-10-08T21:32:46.5611448Z   G10_SOURCE_COMMIT: ae36b497cfd474f0eafc873bb2489b2529b4163e
2026-10-08T21:32:46.5611896Z ##[endgroup]
2026-10-08T21:32:46.6671021Z 
2026-10-08T21:32:46.6671657Z > partybox-g10-checkers@1.0.0 build
2026-10-08T21:32:46.6672142Z > tsc --noEmit && node scripts/build.mjs
2026-10-08T21:32:46.6672366Z 
2026-10-08T21:32:59.2433388Z PASS: complete offline single-page game written to /home/runner/work/partybox-game-cores/partybox-game-cores/jobs/G10-checkers/.work/play.html; original six-piece data is read in bounded blocks.
2026-10-08T21:33:16.4726097Z PASS: checksums, authoritative schemas/manifest, pure core source, fixed corpus provenance, original offline page (delivery execution gates explicitly excluded).
2026-10-08T21:33:37.6714817Z {"status":"PASS","games":4000,"files":80,"independentLegalMoveReplay":true}
2026-10-08T21:34:04.7129636Z PASS: checksums, authoritative schemas/manifest, pure core source, fixed corpus provenance, original offline page, required simulations/mutations/leagues and source-matched browser/media proof.
2026-10-08T21:34:08.2110363Z {"status":"PASS","stage":"final","sourceCommit":"ae36b497cfd474f0eafc873bb2489b2529b4163e","elapsedSeconds":81.614818715}
2026-10-08T21:34:08.2207477Z ##[group]Run node scripts/standalone-receipt.mjs
2026-10-08T21:34:08.2207936Z [36;1mnode scripts/standalone-receipt.mjs[0m
2026-10-08T21:34:08.2244104Z shell: /usr/bin/bash -e {0}
2026-10-08T21:34:08.2244653Z env:
2026-10-08T21:34:08.2244998Z   G10_SOURCE_COMMIT: ae36b497cfd474f0eafc873bb2489b2529b4163e
2026-10-08T21:34:08.2245449Z ##[endgroup]
2026-10-08T21:34:11.7620769Z Standalone page digest and exact-checkout receipt written.
2026-10-08T21:34:11.7730763Z ##[group]Run python3 scripts/standalone-parts.py split .work/play.html .work/standalone-delivery.json .work/standalone-parts
2026-10-08T21:34:11.7731900Z [36;1mpython3 scripts/standalone-parts.py split .work/play.html .work/standalone-delivery.json .work/standalone-parts[0m
2026-10-08T21:34:11.7769736Z shell: /usr/bin/bash -e {0}
2026-10-08T21:34:11.7770163Z env:
2026-10-08T21:34:11.7770543Z   G10_SOURCE_COMMIT: ae36b497cfd474f0eafc873bb2489b2529b4163e
2026-10-08T21:34:11.7770954Z ##[endgroup]
2026-10-08T21:34:15.6749509Z {"status": "PASS", "sourceCommit": "ae36b497cfd474f0eafc873bb2489b2529b4163e", "parts": 4, "bytes": 1390845993, "sha256": "5ed2173b7264574565dd29ff14773236cac5a00833bf75df3de9e64a66451801"}
2026-10-08T21:34:15.6858725Z ##[group]Run actions/upload-artifact@v4
2026-10-08T21:34:15.6859146Z with:
2026-10-08T21:34:15.6859449Z   name: G10-standalone-part-00-ae36b497cfd474f0eafc873bb2489b2529b4163e
2026-10-08T21:34:15.6860068Z   path: jobs/G10-checkers/.work/standalone-parts/play.html.part-00
jobs/G10-checkers/.work/standalone-parts/standalone-*

2026-10-08T21:34:15.6860576Z   if-no-files-found: error
2026-10-08T21:34:15.6860830Z   include-hidden-files: true
2026-10-08T21:34:15.6861077Z   compression-level: 1
2026-10-08T21:34:15.6861301Z   retention-days: 7
2026-10-08T21:34:15.6861504Z   overwrite: false
2026-10-08T21:34:15.6861712Z env:
2026-10-08T21:34:15.6861967Z   G10_SOURCE_COMMIT: ae36b497cfd474f0eafc873bb2489b2529b4163e
2026-10-08T21:34:15.6862277Z ##[endgroup]
2026-10-08T21:34:15.8201209Z (node:3681) [DEP0040] DeprecationWarning: The `punycode` module is deprecated. Please use a userland alternative instead.
2026-10-08T21:34:15.8202352Z (Use `node --trace-deprecation ...` to show where the warning was created)
2026-10-08T21:34:15.8286023Z With the provided path, there will be 4 files uploaded
2026-10-08T21:34:15.8288767Z Artifact name is valid!
2026-10-08T21:34:15.8289644Z Root directory input is valid!
2026-10-08T21:34:16.1149647Z Beginning upload of artifact content to blob storage
2026-10-08T21:34:16.4341600Z (node:3681) [DEP0169] DeprecationWarning: `url.parse()` behavior is not standardized and prone to errors that have security implications. Use the WHATWG URL API instead. CVEs are not issued for `url.parse()` vulnerabilities.
2026-10-08T21:34:17.0756945Z Uploaded bytes 8388608
2026-10-08T21:34:17.1744089Z Uploaded bytes 16777216
2026-10-08T21:34:17.4802487Z Uploaded bytes 25165824
2026-10-08T21:34:17.5170020Z Uploaded bytes 33554432
2026-10-08T21:34:17.7644248Z Uploaded bytes 41943040
2026-10-08T21:34:18.1237856Z Uploaded bytes 50331648
2026-10-08T21:34:18.3675576Z Uploaded bytes 58720256
2026-10-08T21:34:18.7254737Z Uploaded bytes 67108864
2026-10-08T21:34:18.9516808Z Uploaded bytes 75497472
2026-10-08T21:34:19.2470153Z Uploaded bytes 83886080
2026-10-08T21:34:19.6015529Z Uploaded bytes 92274688
2026-10-08T21:34:19.8548693Z Uploaded bytes 100663296
2026-10-08T21:34:20.2080492Z Uploaded bytes 109051904
2026-10-08T21:34:20.5373548Z Uploaded bytes 117440512
2026-10-08T21:34:20.7845418Z Uploaded bytes 125829120
2026-10-08T21:34:21.0998118Z Uploaded bytes 134217728
2026-10-08T21:34:21.3621165Z Uploaded bytes 142606336
2026-10-08T21:34:21.7484095Z Uploaded bytes 150994944
2026-10-08T21:34:21.9739909Z Uploaded bytes 159383552
2026-10-08T21:34:22.3831076Z Uploaded bytes 167772160
2026-10-08T21:34:22.6004036Z Uploaded bytes 176160768
2026-10-08T21:34:22.8699793Z Uploaded bytes 184549376
2026-10-08T21:34:23.2339196Z Uploaded bytes 192937984
2026-10-08T21:34:23.5127869Z Uploaded bytes 201326592
2026-10-08T21:34:23.8585061Z Uploaded bytes 209715200
2026-10-08T21:34:24.1653347Z Uploaded bytes 218103808
2026-10-08T21:34:24.3610021Z Uploaded bytes 226492416
2026-10-08T21:34:24.6613674Z Uploaded bytes 234881024
2026-10-08T21:34:24.9610792Z Uploaded bytes 243269632
2026-10-08T21:34:25.2421866Z Uploaded bytes 251658240
2026-10-08T21:34:25.7058544Z Uploaded bytes 260046848
2026-10-08T21:34:26.0579653Z Uploaded bytes 268435456
2026-10-08T21:34:26.2521351Z Uploaded bytes 275345043
2026-10-08T21:34:26.3022888Z Finished uploading artifact content to blob storage!
2026-10-08T21:34:26.3025427Z SHA256 digest of uploaded artifact zip is fd9599351f7853996f7bf477592628da8db0f0c45703e604af994a5195b2c817
2026-10-08T21:34:26.3029186Z Finalizing artifact upload
2026-10-08T21:34:26.6346352Z Artifact G10-standalone-part-00-ae36b497cfd474f0eafc873bb2489b2529b4163e.zip successfully finalized. Artifact ID 11579949209
2026-10-08T21:34:26.6347348Z Artifact G10-standalone-part-00-ae36b497cfd474f0eafc873bb2489b2529b4163e has been successfully uploaded! Final size is 275345043 bytes. Artifact ID is 11579949209
2026-10-08T21:34:26.6352833Z Artifact download URL: https://github.com/luisitin/partybox-game-cores/actions/runs/37845153145/artifacts/11579949209
2026-10-08T21:34:26.6489288Z ##[group]Run actions/upload-artifact@v4
2026-10-08T21:34:26.6489701Z with:
2026-10-08T21:34:26.6490016Z   name: G10-standalone-part-01-ae36b497cfd474f0eafc873bb2489b2529b4163e
2026-10-08T21:34:26.6490644Z   path: jobs/G10-checkers/.work/standalone-parts/play.html.part-01
jobs/G10-checkers/.work/standalone-parts/standalone-*

2026-10-08T21:34:26.6491150Z   if-no-files-found: error
2026-10-08T21:34:26.6491399Z   include-hidden-files: true
2026-10-08T21:34:26.6491650Z   compression-level: 1
2026-10-08T21:34:26.6491880Z   retention-days: 7
2026-10-08T21:34:26.6492095Z   overwrite: false
2026-10-08T21:34:26.6492302Z env:
2026-10-08T21:34:26.6492562Z   G10_SOURCE_COMMIT: ae36b497cfd474f0eafc873bb2489b2529b4163e
2026-10-08T21:34:26.6492891Z ##[endgroup]
2026-10-08T21:34:26.7887284Z (node:3697) [DEP0040] DeprecationWarning: The `punycode` module is deprecated. Please use a userland alternative instead.
2026-10-08T21:34:26.7888203Z (Use `node --trace-deprecation ...` to show where the warning was created)
2026-10-08T21:34:26.7974912Z With the provided path, there will be 4 files uploaded
2026-10-08T21:34:26.7980252Z Artifact name is valid!
2026-10-08T21:34:26.7980876Z Root directory input is valid!
2026-10-08T21:34:27.0874069Z Beginning upload of artifact content to blob storage
2026-10-08T21:34:27.4009945Z (node:3697) [DEP0169] DeprecationWarning: `url.parse()` behavior is not standardized and prone to errors that have security implications. Use the WHATWG URL API instead. CVEs are not issued for `url.parse()` vulnerabilities.
2026-10-08T21:34:27.9471261Z Uploaded bytes 8388608
2026-10-08T21:34:28.1746897Z Uploaded bytes 16777216
2026-10-08T21:34:28.1903394Z Uploaded bytes 25165824
2026-10-08T21:34:28.5724121Z Uploaded bytes 33554432
2026-10-08T21:34:28.7634818Z Uploaded bytes 41943040
2026-10-08T21:34:29.0541032Z Uploaded bytes 50331648
2026-10-08T21:34:29.4563070Z Uploaded bytes 58720256
2026-10-08T21:34:29.7524983Z Uploaded bytes 67108864
2026-10-08T21:34:29.9799837Z Uploaded bytes 75497472
2026-10-08T21:34:30.3010412Z Uploaded bytes 83886080
2026-10-08T21:34:30.5950877Z Uploaded bytes 92274688
2026-10-08T21:34:31.0328004Z Uploaded bytes 100663296
2026-10-08T21:34:31.4098915Z Uploaded bytes 109051904
2026-10-08T21:34:31.4851290Z Uploaded bytes 117440512
2026-10-08T21:34:31.8486020Z Uploaded bytes 125829120
2026-10-08T21:34:32.0669895Z Uploaded bytes 134217728
2026-10-08T21:34:32.3966214Z Uploaded bytes 142606336
2026-10-08T21:34:32.6598422Z Uploaded bytes 150994944
2026-10-08T21:34:33.0132535Z Uploaded bytes 159383552
2026-10-08T21:34:33.2491307Z Uploaded bytes 167772160
2026-10-08T21:34:33.5512603Z Uploaded bytes 176160768
2026-10-08T21:34:33.8418231Z Uploaded bytes 184549376
2026-10-08T21:34:34.2730920Z Uploaded bytes 192937984
2026-10-08T21:34:34.4489324Z Uploaded bytes 201326592
2026-10-08T21:34:34.7491998Z Uploaded bytes 209715200
2026-10-08T21:34:35.0619405Z Uploaded bytes 218103808
2026-10-08T21:34:35.3553310Z Uploaded bytes 226492416
2026-10-08T21:34:35.7183466Z Uploaded bytes 234881024
2026-10-08T21:34:35.9942911Z Uploaded bytes 243269632
2026-10-08T21:34:36.2117926Z Uploaded bytes 251658240
2026-10-08T21:34:36.5249593Z Uploaded bytes 260046848
2026-10-08T21:34:36.8625681Z Uploaded bytes 268435456
2026-10-08T21:34:37.1628231Z Uploaded bytes 276824064
2026-10-08T21:34:37.2521862Z Uploaded bytes 278877124
2026-10-08T21:34:37.2948546Z Finished uploading artifact content to blob storage!
2026-10-08T21:34:37.2950667Z SHA256 digest of uploaded artifact zip is 285902f2c5806b7600c301af16bc431ae55c3200a9088d7443ae8b6f7e6020ff
2026-10-08T21:34:37.2952395Z Finalizing artifact upload
2026-10-08T21:34:37.6836298Z Artifact G10-standalone-part-01-ae36b497cfd474f0eafc873bb2489b2529b4163e.zip successfully finalized. Artifact ID 11580113761
2026-10-08T21:34:37.6837539Z Artifact G10-standalone-part-01-ae36b497cfd474f0eafc873bb2489b2529b4163e has been successfully uploaded! Final size is 278877124 bytes. Artifact ID is 11580113761
2026-10-08T21:34:37.6842896Z Artifact download URL: https://github.com/luisitin/partybox-game-cores/actions/runs/37845153145/artifacts/11580113761
2026-10-08T21:34:37.6964787Z ##[group]Run actions/upload-artifact@v4
2026-10-08T21:34:37.6965091Z with:
2026-10-08T21:34:37.6965410Z   name: G10-standalone-part-02-ae36b497cfd474f0eafc873bb2489b2529b4163e
2026-10-08T21:34:37.6966048Z   path: jobs/G10-checkers/.work/standalone-parts/play.html.part-02
jobs/G10-checkers/.work/standalone-parts/standalone-*

2026-10-08T21:34:37.6966576Z   if-no-files-found: error
2026-10-08T21:34:37.6966833Z   include-hidden-files: true
2026-10-08T21:34:37.6967086Z   compression-level: 1
2026-10-08T21:34:37.6967321Z   retention-days: 7
2026-10-08T21:34:37.6967539Z   overwrite: false
2026-10-08T21:34:37.6967753Z env:
2026-10-08T21:34:37.6968020Z   G10_SOURCE_COMMIT: ae36b497cfd474f0eafc873bb2489b2529b4163e
2026-10-08T21:34:37.6968340Z ##[endgroup]
2026-10-08T21:34:37.8279904Z (node:3709) [DEP0040] DeprecationWarning: The `punycode` module is deprecated. Please use a userland alternative instead.
2026-10-08T21:34:37.8280792Z (Use `node --trace-deprecation ...` to show where the warning was created)
2026-10-08T21:34:37.8333426Z With the provided path, there will be 4 files uploaded
2026-10-08T21:34:37.8338454Z Artifact name is valid!
2026-10-08T21:34:37.8339019Z Root directory input is valid!
2026-10-08T21:34:38.1259934Z Beginning upload of artifact content to blob storage
2026-10-08T21:34:38.4444806Z (node:3709) [DEP0169] DeprecationWarning: `url.parse()` behavior is not standardized and prone to errors that have security implications. Use the WHATWG URL API instead. CVEs are not issued for `url.parse()` vulnerabilities.
2026-10-08T21:34:38.9839434Z Uploaded bytes 8388608
2026-10-08T21:34:39.2775129Z Uploaded bytes 16777216
2026-10-08T21:34:39.2824021Z Uploaded bytes 25165824
2026-10-08T21:34:39.5598889Z Uploaded bytes 33554432
2026-10-08T21:34:39.8534951Z Uploaded bytes 41943040
2026-10-08T21:34:40.1941974Z Uploaded bytes 50331648
2026-10-08T21:34:40.4143851Z Uploaded bytes 58720256
2026-10-08T21:34:40.7762702Z Uploaded bytes 67108864
2026-10-08T21:34:41.0173552Z Uploaded bytes 75497472
2026-10-08T21:34:41.5025920Z Uploaded bytes 83886080
2026-10-08T21:34:41.9125401Z Uploaded bytes 92274688
2026-10-08T21:34:41.9150330Z Uploaded bytes 100663296
2026-10-08T21:34:42.1795651Z Uploaded bytes 109051904
2026-10-08T21:34:42.6292780Z Uploaded bytes 117440512
2026-10-08T21:34:42.8712530Z Uploaded bytes 125829120
2026-10-08T21:34:43.1157164Z Uploaded bytes 134217728
2026-10-08T21:34:43.4297010Z Uploaded bytes 142606336
2026-10-08T21:34:43.7052115Z Uploaded bytes 150994944
2026-10-08T21:34:44.0655188Z Uploaded bytes 159383552
2026-10-08T21:34:44.4052375Z Uploaded bytes 167772160
2026-10-08T21:34:44.7126405Z Uploaded bytes 176160768
2026-10-08T21:34:44.8142506Z Uploaded bytes 184549376
2026-10-08T21:34:45.1279334Z Uploaded bytes 192937984
2026-10-08T21:34:45.3972113Z Uploaded bytes 201326592
2026-10-08T21:34:45.8354832Z Uploaded bytes 209715200
2026-10-08T21:34:46.0133284Z Uploaded bytes 218103808
2026-10-08T21:34:46.3345642Z Uploaded bytes 226492416
2026-10-08T21:34:46.5999159Z Uploaded bytes 234881024
2026-10-08T21:34:46.8990159Z Uploaded bytes 243269632
2026-10-08T21:34:47.1919123Z Uploaded bytes 251658240
2026-10-08T21:34:47.5069708Z Uploaded bytes 260046848
2026-10-08T21:34:47.7665947Z Uploaded bytes 268435456
2026-10-08T21:34:48.0843594Z Uploaded bytes 276824064
2026-10-08T21:34:48.5538748Z Uploaded bytes 285212672
2026-10-08T21:34:48.6120977Z Uploaded bytes 286220428
2026-10-08T21:34:48.6591568Z Finished uploading artifact content to blob storage!
2026-10-08T21:34:48.6593676Z SHA256 digest of uploaded artifact zip is 100759d056da0fcb2acb7796e3b7ac5035de0f233eb59202a60e02992fc0affe
2026-10-08T21:34:48.6595520Z Finalizing artifact upload
2026-10-08T21:34:48.9992212Z Artifact G10-standalone-part-02-ae36b497cfd474f0eafc873bb2489b2529b4163e.zip successfully finalized. Artifact ID 11580730720
2026-10-08T21:34:48.9993220Z Artifact G10-standalone-part-02-ae36b497cfd474f0eafc873bb2489b2529b4163e has been successfully uploaded! Final size is 286220428 bytes. Artifact ID is 11580730720
2026-10-08T21:34:48.9999526Z Artifact download URL: https://github.com/luisitin/partybox-game-cores/actions/runs/37845153145/artifacts/11580730720
2026-10-08T21:34:49.0449377Z ##[group]Run actions/upload-artifact@v4
2026-10-08T21:34:49.0449718Z with:
2026-10-08T21:34:49.0450035Z   name: G10-standalone-part-03-ae36b497cfd474f0eafc873bb2489b2529b4163e
2026-10-08T21:34:49.0450652Z   path: jobs/G10-checkers/.work/standalone-parts/play.html.part-03
jobs/G10-checkers/.work/standalone-parts/standalone-*

2026-10-08T21:34:49.0451139Z   if-no-files-found: error
2026-10-08T21:34:49.0451385Z   include-hidden-files: true
2026-10-08T21:34:49.0451625Z   compression-level: 1
2026-10-08T21:34:49.0451859Z   retention-days: 7
2026-10-08T21:34:49.0452071Z   overwrite: false
2026-10-08T21:34:49.0452281Z env:
2026-10-08T21:34:49.0452529Z   G10_SOURCE_COMMIT: ae36b497cfd474f0eafc873bb2489b2529b4163e
2026-10-08T21:34:49.0452829Z ##[endgroup]
2026-10-08T21:34:49.1784593Z (node:3723) [DEP0040] DeprecationWarning: The `punycode` module is deprecated. Please use a userland alternative instead.
2026-10-08T21:34:49.1785453Z (Use `node --trace-deprecation ...` to show where the warning was created)
2026-10-08T21:34:49.1867813Z With the provided path, there will be 4 files uploaded
2026-10-08T21:34:49.1875447Z Artifact name is valid!
2026-10-08T21:34:49.1876268Z Root directory input is valid!
2026-10-08T21:34:49.4603255Z Beginning upload of artifact content to blob storage
2026-10-08T21:34:49.7705097Z (node:3723) [DEP0169] DeprecationWarning: `url.parse()` behavior is not standardized and prone to errors that have security implications. Use the WHATWG URL API instead. CVEs are not issued for `url.parse()` vulnerabilities.
2026-10-08T21:34:50.3771257Z Uploaded bytes 8388608
2026-10-08T21:34:50.5603224Z Uploaded bytes 16777216
2026-10-08T21:34:50.8048240Z Uploaded bytes 25165824
2026-10-08T21:34:50.9739026Z Uploaded bytes 33554432
2026-10-08T21:34:51.1749217Z Uploaded bytes 41943040
2026-10-08T21:34:51.5654694Z Uploaded bytes 50331648
2026-10-08T21:34:51.7450694Z Uploaded bytes 58720256
2026-10-08T21:34:52.1094984Z Uploaded bytes 67108864
2026-10-08T21:34:52.3411255Z Uploaded bytes 75497472
2026-10-08T21:34:52.6783171Z Uploaded bytes 83886080
2026-10-08T21:34:53.0374508Z Uploaded bytes 92274688
2026-10-08T21:34:53.3595546Z Uploaded bytes 100663296
2026-10-08T21:34:53.5684930Z Uploaded bytes 109051904
2026-10-08T21:34:53.9244200Z Uploaded bytes 117440512
2026-10-08T21:34:54.2860349Z Uploaded bytes 125829120
2026-10-08T21:34:54.3506784Z Uploaded bytes 127624363
2026-10-08T21:34:54.4006946Z Finished uploading artifact content to blob storage!
2026-10-08T21:34:54.4009701Z SHA256 digest of uploaded artifact zip is b0b08ab81a74c499e09b26c44175bb9f572a48488aea5d6b6c1a102e47345407
2026-10-08T21:34:54.4011472Z Finalizing artifact upload
2026-10-08T21:34:54.6627273Z Artifact G10-standalone-part-03-ae36b497cfd474f0eafc873bb2489b2529b4163e.zip successfully finalized. Artifact ID 11579994349
2026-10-08T21:34:54.6628308Z Artifact G10-standalone-part-03-ae36b497cfd474f0eafc873bb2489b2529b4163e has been successfully uploaded! Final size is 127624363 bytes. Artifact ID is 11579994349
2026-10-08T21:34:54.6633062Z Artifact download URL: https://github.com/luisitin/partybox-game-cores/actions/runs/37845153145/artifacts/11579994349
2026-10-08T21:34:54.6776899Z ##[group]Run actions/upload-artifact@v4
2026-10-08T21:34:54.6777191Z with:
2026-10-08T21:34:54.6777496Z   name: G10-check-evidence-ae36b497cfd474f0eafc873bb2489b2529b4163e
2026-10-08T21:34:54.6778129Z   path: jobs/G10-checkers/.work-stage-*.stdout
jobs/G10-checkers/.work/checks
jobs/G10-checkers/.work/browser
jobs/G10-checkers/.work/media

2026-10-08T21:34:54.6778666Z   include-hidden-files: true
2026-10-08T21:34:54.6778928Z   retention-days: 7
2026-10-08T21:34:54.6779157Z   if-no-files-found: warn
2026-10-08T21:34:54.6779397Z   compression-level: 6
2026-10-08T21:34:54.6779637Z   overwrite: false
2026-10-08T21:34:54.6779845Z env:
2026-10-08T21:34:54.6780101Z   G10_SOURCE_COMMIT: ae36b497cfd474f0eafc873bb2489b2529b4163e
2026-10-08T21:34:54.6780429Z ##[endgroup]
2026-10-08T21:34:54.8088799Z (node:3735) [DEP0040] DeprecationWarning: The `punycode` module is deprecated. Please use a userland alternative instead.
2026-10-08T21:34:54.8089591Z (Use `node --trace-deprecation ...` to show where the warning was created)
2026-10-08T21:34:54.8400781Z With the provided path, there will be 239 files uploaded
2026-10-08T21:34:54.8404907Z Artifact name is valid!
2026-10-08T21:34:54.8405408Z Root directory input is valid!
2026-10-08T21:34:55.1818899Z Beginning upload of artifact content to blob storage
2026-10-08T21:34:55.7408336Z (node:3735) [DEP0169] DeprecationWarning: `url.parse()` behavior is not standardized and prone to errors that have security implications. Use the WHATWG URL API instead. CVEs are not issued for `url.parse()` vulnerabilities.
2026-10-08T21:34:56.2709140Z Uploaded bytes 8388608
2026-10-08T21:34:56.3936065Z Uploaded bytes 10735586
2026-10-08T21:34:56.4402041Z Finished uploading artifact content to blob storage!
2026-10-08T21:34:56.4402954Z SHA256 digest of uploaded artifact zip is 46fa2a20b8c0712bdf34e741746d7b240e9d58b10f99305781f2d5cceffe6d3f
2026-10-08T21:34:56.4404068Z Finalizing artifact upload
2026-10-08T21:34:56.7080338Z Artifact G10-check-evidence-ae36b497cfd474f0eafc873bb2489b2529b4163e.zip successfully finalized. Artifact ID 11579829579
2026-10-08T21:34:56.7081743Z Artifact G10-check-evidence-ae36b497cfd474f0eafc873bb2489b2529b4163e has been successfully uploaded! Final size is 10735586 bytes. Artifact ID is 11579829579
2026-10-08T21:34:56.7086445Z Artifact download URL: https://github.com/luisitin/partybox-game-cores/actions/runs/37845153145/artifacts/11579829579
2026-10-08T21:34:56.7235027Z Post job cleanup.
2026-10-08T21:34:56.8160853Z (node:3748) [DEP0040] DeprecationWarning: The `punycode` module is deprecated. Please use a userland alternative instead.
2026-10-08T21:34:56.8161499Z (Use `node --trace-deprecation ...` to show where the warning was created)
2026-10-08T21:34:56.8163812Z Cache hit occurred on the primary key node-cache-Linux-x64-npm-b79e3f2344d4218dbbb2f93f566da8e1ac49738aa1184813b150890d461d0c8a, not saving cache.
2026-10-08T21:34:56.8257032Z Post job cleanup.
2026-10-08T21:34:56.8880385Z [command]/usr/bin/git version
2026-10-08T21:34:56.8897156Z git version 2.55.0
2026-10-08T21:34:56.8927748Z Temporarily overriding HOME='/home/runner/work/_temp/6ee3be1d-89e4-46eb-9f03-cf32403b39d8' before making global git config changes
2026-10-08T21:34:56.8928656Z Adding repository directory to the temporary git global config as a safe directory
2026-10-08T21:34:56.8932567Z [command]/usr/bin/git config --global --add safe.directory /home/runner/work/partybox-game-cores/partybox-game-cores
2026-10-08T21:34:56.8960904Z [command]/usr/bin/git config --local --name-only --get-regexp core\.sshCommand
2026-10-08T21:34:56.8986586Z [command]/usr/bin/git submodule foreach --recursive sh -c "git config --local --name-only --get-regexp 'core\.sshCommand' && git config --local --unset-all 'core.sshCommand' || :"
2026-10-08T21:34:56.9147941Z [command]/usr/bin/git config --local --name-only --get-regexp http\.https\:\/\/github\.com\/\.extraheader
2026-10-08T21:34:56.9167026Z http.https://github.com/.extraheader
2026-10-08T21:34:56.9175422Z [command]/usr/bin/git config --local --unset-all http.https://github.com/.extraheader
2026-10-08T21:34:56.9207747Z [command]/usr/bin/git submodule foreach --recursive sh -c "git config --local --name-only --get-regexp 'http\.https\:\/\/github\.com\/\.extraheader' && git config --local --unset-all 'http.https://github.com/.extraheader' || :"
2026-10-08T21:34:56.9454269Z [command]/usr/bin/git config --local --name-only --get-regexp ^includeIf\.gitdir:
2026-10-08T21:34:56.9491995Z [command]/usr/bin/git submodule foreach --recursive git config --local --show-origin --name-only --get-regexp remote.origin.url
2026-10-08T21:34:56.9788593Z Cleaning up orphan processes
2026-10-08T21:34:56.9995281Z ##[warning]Node.js 20 is deprecated. The following actions target Node.js 20 but are being forced to run on Node.js 24: actions/checkout@v4, actions/download-artifact@v4, actions/setup-node@v4, actions/upload-artifact@v4. For more information see: https://github.blog/changelog/2025-09-19-deprecation-of-node-20-on-github-actions-runners/

