2026-10-08T22:03:24.2086333Z Current runner version: '2.337.0'
2026-10-08T22:03:24.2108077Z ##[group]Runner Image Provisioner
2026-10-08T22:03:24.2108853Z Hosted Compute Agent
2026-10-08T22:03:24.2109395Z Version: 20261002.596
2026-10-08T22:03:24.2109915Z Commit: c3d12f3313a95f25162a1503be624f3b0617f8c0
2026-10-08T22:03:24.2110604Z Build Date: 2026-10-02T22:28:27Z
2026-10-08T22:03:24.2111158Z Worker ID: {e9fe762c-3436-45d1-838c-7a2779edc85c}
2026-10-08T22:03:24.2111762Z Region: westcentralus
2026-10-08T22:03:24.2112242Z Cloud: Azure
2026-10-08T22:03:24.2112684Z ##[endgroup]
2026-10-08T22:03:24.2113844Z ##[group]Operating System
2026-10-08T22:03:24.2114351Z Ubuntu
2026-10-08T22:03:24.2114761Z 24.04.5
2026-10-08T22:03:24.2115292Z LTS
2026-10-08T22:03:24.2115713Z ##[endgroup]
2026-10-08T22:03:24.2116232Z ##[group]Runner Image
2026-10-08T22:03:24.2116863Z Image: ubuntu-24.04
2026-10-08T22:03:24.2117324Z Version: 20261004.327.1
2026-10-08T22:03:24.2118414Z Included Software: https://github.com/actions/runner-images/blob/ubuntu24/20261004.327/images/ubuntu/Ubuntu2404-Readme.md
2026-10-08T22:03:24.2119743Z Image Release: https://github.com/actions/runner-images/releases/tag/ubuntu24%2F20261004.327
2026-10-08T22:03:24.2120549Z ##[endgroup]
2026-10-08T22:03:24.2121495Z ##[group]GITHUB_TOKEN Permissions
2026-10-08T22:03:24.2123001Z Contents: read
2026-10-08T22:03:24.2123525Z Metadata: read
2026-10-08T22:03:24.2124075Z ##[endgroup]
2026-10-08T22:03:24.2125791Z Secret source: Actions
2026-10-08T22:03:24.2126826Z Cache mode: write
2026-10-08T22:03:24.2127418Z Prepare workflow directory
2026-10-08T22:03:24.2561449Z Prepare all required actions
2026-10-08T22:03:24.2601478Z Getting action download info
2026-10-08T22:03:24.5207920Z Download action repository 'actions/checkout@v4' (SHA:11d5960a326750d5838078e36cf38b85af677262)
2026-10-08T22:03:24.6025302Z Download action repository 'actions/setup-node@v4' (SHA:49933ea5288caeca8642d1e84afbd3f7d6820020)
2026-10-08T22:03:24.7165315Z Download action repository 'actions/download-artifact@v4' (SHA:d3f86a106a0bac45b974a628896c90dbdf5c8093)
2026-10-08T22:03:25.3746093Z Download action repository 'actions/upload-artifact@v4' (SHA:ea165f8d65b6e75b540449e92b4886f43607fa02)
2026-10-08T22:03:25.6127243Z Complete job name: delivery
2026-10-08T22:03:25.6801209Z ##[group]Run actions/checkout@v4
2026-10-08T22:03:25.6801898Z with:
2026-10-08T22:03:25.6802292Z   ref: 491f82f6a99c992faca4a26acf8b80dc4ecc67a1
2026-10-08T22:03:25.6802802Z   repository: luisitin/partybox-game-cores
2026-10-08T22:03:25.6805827Z   token: ***
2026-10-08T22:03:25.6806176Z   ssh-strict: true
2026-10-08T22:03:25.6806779Z   ssh-user: git
2026-10-08T22:03:25.6807150Z   persist-credentials: true
2026-10-08T22:03:25.6807541Z   clean: true
2026-10-08T22:03:25.6807900Z   sparse-checkout-cone-mode: true
2026-10-08T22:03:25.6808319Z   fetch-depth: 1
2026-10-08T22:03:25.6808658Z   fetch-tags: false
2026-10-08T22:03:25.6809014Z   show-progress: true
2026-10-08T22:03:25.6809383Z   lfs: false
2026-10-08T22:03:25.6809707Z   submodules: false
2026-10-08T22:03:25.6810067Z   set-safe-directory: true
2026-10-08T22:03:25.6810481Z   allow-unsafe-pr-checkout: false
2026-10-08T22:03:25.6811144Z env:
2026-10-08T22:03:25.6811607Z   G10_SOURCE_COMMIT: 491f82f6a99c992faca4a26acf8b80dc4ecc67a1
2026-10-08T22:03:25.6812125Z ##[endgroup]
2026-10-08T22:03:25.7644539Z Syncing repository: luisitin/partybox-game-cores
2026-10-08T22:03:25.7646580Z ##[group]Getting Git version info
2026-10-08T22:03:25.7647580Z Working directory is '/home/runner/work/partybox-game-cores/partybox-game-cores'
2026-10-08T22:03:25.7649066Z [command]/usr/bin/git version
2026-10-08T22:03:25.7707249Z git version 2.55.0
2026-10-08T22:03:25.7739706Z ##[endgroup]
2026-10-08T22:03:25.7749194Z Temporarily overriding HOME='/home/runner/work/_temp/b65e5067-cd7e-4ad2-9da6-1a695f8040f3' before making global git config changes
2026-10-08T22:03:25.7757074Z Adding repository directory to the temporary git global config as a safe directory
2026-10-08T22:03:25.7758954Z [command]/usr/bin/git config --global --add safe.directory /home/runner/work/partybox-game-cores/partybox-game-cores
2026-10-08T22:03:25.7795326Z Deleting the contents of '/home/runner/work/partybox-game-cores/partybox-game-cores'
2026-10-08T22:03:25.7797784Z ##[group]Initializing the repository
2026-10-08T22:03:25.7802150Z [command]/usr/bin/git init /home/runner/work/partybox-game-cores/partybox-game-cores
2026-10-08T22:03:25.7878695Z hint: Using 'master' as the name for the initial branch. This default branch name
2026-10-08T22:03:25.7880048Z hint: will change to "main" in Git 3.0. To configure the initial branch name
2026-10-08T22:03:25.7881207Z hint: to use in all of your new repositories, which will suppress this warning,
2026-10-08T22:03:25.7882171Z hint: call:
2026-10-08T22:03:25.7882651Z hint:
2026-10-08T22:03:25.7883128Z hint: 	git config --global init.defaultBranch <name>
2026-10-08T22:03:25.7883632Z hint:
2026-10-08T22:03:25.7884102Z hint: Names commonly chosen instead of 'master' are 'main', 'trunk' and
2026-10-08T22:03:25.7885044Z hint: 'development'. The just-created branch can be renamed via this command:
2026-10-08T22:03:25.7885678Z hint:
2026-10-08T22:03:25.7886025Z hint: 	git branch -m <name>
2026-10-08T22:03:25.7886414Z hint:
2026-10-08T22:03:25.7887157Z hint: Disable this message with "git config set advice.defaultBranchName false"
2026-10-08T22:03:25.7888567Z Initialized empty Git repository in /home/runner/work/partybox-game-cores/partybox-game-cores/.git/
2026-10-08T22:03:25.7890453Z [command]/usr/bin/git remote add origin https://github.com/luisitin/partybox-game-cores
2026-10-08T22:03:25.7933286Z ##[endgroup]
2026-10-08T22:03:25.7934014Z ##[group]Disabling automatic garbage collection
2026-10-08T22:03:25.7936918Z [command]/usr/bin/git config --local gc.auto 0
2026-10-08T22:03:25.7967507Z ##[endgroup]
2026-10-08T22:03:25.7968328Z ##[group]Setting up auth
2026-10-08T22:03:25.7973900Z [command]/usr/bin/git config --local --name-only --get-regexp core\.sshCommand
2026-10-08T22:03:25.8005733Z [command]/usr/bin/git submodule foreach --recursive sh -c "git config --local --name-only --get-regexp 'core\.sshCommand' && git config --local --unset-all 'core.sshCommand' || :"
2026-10-08T22:03:25.8305961Z [command]/usr/bin/git config --local --name-only --get-regexp http\.https\:\/\/github\.com\/\.extraheader
2026-10-08T22:03:25.8343731Z [command]/usr/bin/git submodule foreach --recursive sh -c "git config --local --name-only --get-regexp 'http\.https\:\/\/github\.com\/\.extraheader' && git config --local --unset-all 'http.https://github.com/.extraheader' || :"
2026-10-08T22:03:25.8548465Z [command]/usr/bin/git config --local --name-only --get-regexp ^includeIf\.gitdir:
2026-10-08T22:03:25.8581900Z [command]/usr/bin/git submodule foreach --recursive git config --local --show-origin --name-only --get-regexp remote.origin.url
2026-10-08T22:03:25.8783445Z [command]/usr/bin/git config --local http.https://github.com/.extraheader AUTHORIZATION: basic ***
2026-10-08T22:03:25.8822195Z ##[endgroup]
2026-10-08T22:03:25.8822873Z ##[group]Fetching the repository
2026-10-08T22:03:25.8830070Z [command]/usr/bin/git -c protocol.version=2 fetch --no-tags --prune --no-recurse-submodules --depth=1 origin 491f82f6a99c992faca4a26acf8b80dc4ecc67a1
2026-10-08T22:03:45.8212140Z From https://github.com/luisitin/partybox-game-cores
2026-10-08T22:03:45.8213115Z  * branch            491f82f6a99c992faca4a26acf8b80dc4ecc67a1 -> FETCH_HEAD
2026-10-08T22:03:45.8215594Z ##[endgroup]
2026-10-08T22:03:45.8216172Z ##[group]Determining the checkout info
2026-10-08T22:03:45.8217068Z ##[endgroup]
2026-10-08T22:03:45.8222532Z [command]/usr/bin/git sparse-checkout disable
2026-10-08T22:03:45.8317123Z [command]/usr/bin/git config --local --unset-all extensions.worktreeConfig
2026-10-08T22:03:45.8345554Z ##[group]Checking out the ref
2026-10-08T22:03:45.8348971Z [command]/usr/bin/git checkout --progress --force 491f82f6a99c992faca4a26acf8b80dc4ecc67a1
2026-10-08T22:03:47.6958280Z Updating files:  12% (188/1536)
2026-10-08T22:03:47.9293069Z Updating files:  13% (200/1536)
2026-10-08T22:03:48.5041200Z Updating files:  13% (203/1536)
2026-10-08T22:03:48.8650878Z Updating files:  14% (216/1536)
2026-10-08T22:03:49.6232293Z Updating files:  14% (222/1536)
2026-10-08T22:03:49.8788389Z Updating files:  15% (231/1536)
2026-10-08T22:03:50.3712729Z Updating files:  15% (240/1536)
2026-10-08T22:03:50.7022301Z Updating files:  16% (246/1536)
2026-10-08T22:03:50.7194560Z Updating files:  17% (262/1536)
2026-10-08T22:03:50.7199732Z Updating files:  18% (277/1536)
2026-10-08T22:03:50.7209562Z Updating files:  19% (292/1536)
2026-10-08T22:03:50.7215909Z Updating files:  20% (308/1536)
2026-10-08T22:03:50.7387115Z Updating files:  21% (323/1536)
2026-10-08T22:03:50.7391218Z Updating files:  22% (338/1536)
2026-10-08T22:03:50.7407405Z Updating files:  23% (354/1536)
2026-10-08T22:03:50.7531009Z Updating files:  24% (369/1536)
2026-10-08T22:03:50.7535068Z Updating files:  25% (384/1536)
2026-10-08T22:03:50.7541633Z Updating files:  26% (400/1536)
2026-10-08T22:03:50.7546358Z Updating files:  27% (415/1536)
2026-10-08T22:03:50.7563546Z Updating files:  28% (431/1536)
2026-10-08T22:03:50.7572275Z Updating files:  29% (446/1536)
2026-10-08T22:03:50.7582923Z Updating files:  30% (461/1536)
2026-10-08T22:03:50.7590444Z Updating files:  31% (477/1536)
2026-10-08T22:03:50.7600049Z Updating files:  32% (492/1536)
2026-10-08T22:03:50.7608841Z Updating files:  33% (507/1536)
2026-10-08T22:03:50.7614699Z Updating files:  34% (523/1536)
2026-10-08T22:03:50.7623457Z Updating files:  35% (538/1536)
2026-10-08T22:03:50.7683610Z Updating files:  36% (553/1536)
2026-10-08T22:03:50.7836647Z Updating files:  37% (569/1536)
2026-10-08T22:03:50.7982421Z Updating files:  38% (584/1536)
2026-10-08T22:03:50.7989086Z Updating files:  39% (600/1536)
2026-10-08T22:03:50.8060537Z Updating files:  40% (615/1536)
2026-10-08T22:03:50.8067537Z Updating files:  41% (630/1536)
2026-10-08T22:03:50.8109173Z Updating files:  42% (646/1536)
2026-10-08T22:03:50.8118057Z Updating files:  43% (661/1536)
2026-10-08T22:03:50.8124888Z Updating files:  44% (676/1536)
2026-10-08T22:03:50.8131474Z Updating files:  45% (692/1536)
2026-10-08T22:03:50.8146584Z Updating files:  46% (707/1536)
2026-10-08T22:03:50.8265822Z Updating files:  47% (722/1536)
2026-10-08T22:03:50.8385616Z Updating files:  48% (738/1536)
2026-10-08T22:03:50.8401343Z Updating files:  49% (753/1536)
2026-10-08T22:03:50.8449706Z Updating files:  49% (756/1536)
2026-10-08T22:03:50.8549757Z Updating files:  50% (768/1536)
2026-10-08T22:03:50.8670536Z Updating files:  51% (784/1536)
2026-10-08T22:03:50.8684317Z Updating files:  52% (799/1536)
2026-10-08T22:03:50.8690379Z Updating files:  53% (815/1536)
2026-10-08T22:03:50.8710678Z Updating files:  54% (830/1536)
2026-10-08T22:03:50.8740685Z Updating files:  55% (845/1536)
2026-10-08T22:03:50.8778221Z Updating files:  56% (861/1536)
2026-10-08T22:03:50.8782646Z Updating files:  57% (876/1536)
2026-10-08T22:03:50.8809407Z Updating files:  58% (891/1536)
2026-10-08T22:03:50.8840137Z Updating files:  59% (907/1536)
2026-10-08T22:03:50.8872911Z Updating files:  60% (922/1536)
2026-10-08T22:03:50.8902581Z Updating files:  61% (937/1536)
2026-10-08T22:03:50.8938116Z Updating files:  62% (953/1536)
2026-10-08T22:03:50.8956995Z Updating files:  63% (968/1536)
2026-10-08T22:03:50.8969838Z Updating files:  64% (984/1536)
2026-10-08T22:03:50.8988391Z Updating files:  65% (999/1536)
2026-10-08T22:03:50.9020444Z Updating files:  66% (1014/1536)
2026-10-08T22:03:50.9047557Z Updating files:  67% (1030/1536)
2026-10-08T22:03:50.9075427Z Updating files:  68% (1045/1536)
2026-10-08T22:03:50.9106830Z Updating files:  69% (1060/1536)
2026-10-08T22:03:50.9122828Z Updating files:  70% (1076/1536)
2026-10-08T22:03:50.9143842Z Updating files:  71% (1091/1536)
2026-10-08T22:03:50.9168153Z Updating files:  72% (1106/1536)
2026-10-08T22:03:50.9195025Z Updating files:  73% (1122/1536)
2026-10-08T22:03:50.9234287Z Updating files:  74% (1137/1536)
2026-10-08T22:03:50.9257691Z Updating files:  75% (1152/1536)
2026-10-08T22:03:50.9265284Z Updating files:  76% (1168/1536)
2026-10-08T22:03:50.9271920Z Updating files:  77% (1183/1536)
2026-10-08T22:03:50.9288789Z Updating files:  78% (1199/1536)
2026-10-08T22:03:50.9295135Z Updating files:  79% (1214/1536)
2026-10-08T22:03:50.9300551Z Updating files:  80% (1229/1536)
2026-10-08T22:03:50.9306181Z Updating files:  81% (1245/1536)
2026-10-08T22:03:50.9310932Z Updating files:  82% (1260/1536)
2026-10-08T22:03:50.9320215Z Updating files:  83% (1275/1536)
2026-10-08T22:03:50.9333674Z Updating files:  84% (1291/1536)
2026-10-08T22:03:50.9354345Z Updating files:  85% (1306/1536)
2026-10-08T22:03:50.9360981Z Updating files:  86% (1321/1536)
2026-10-08T22:03:50.9370562Z Updating files:  87% (1337/1536)
2026-10-08T22:03:50.9378451Z Updating files:  88% (1352/1536)
2026-10-08T22:03:50.9419746Z Updating files:  89% (1368/1536)
2026-10-08T22:03:50.9467501Z Updating files:  90% (1383/1536)
2026-10-08T22:03:50.9497739Z Updating files:  91% (1398/1536)
2026-10-08T22:03:50.9510506Z Updating files:  92% (1414/1536)
2026-10-08T22:03:50.9522392Z Updating files:  93% (1429/1536)
2026-10-08T22:03:51.2437999Z Updating files:  94% (1444/1536)
2026-10-08T22:03:51.2441615Z Updating files:  95% (1460/1536)
2026-10-08T22:03:51.2449041Z Updating files:  96% (1475/1536)
2026-10-08T22:03:51.2455909Z Updating files:  97% (1490/1536)
2026-10-08T22:03:51.2463016Z Updating files:  98% (1506/1536)
2026-10-08T22:03:51.2470375Z Updating files:  99% (1521/1536)
2026-10-08T22:03:51.2472189Z Updating files: 100% (1536/1536)
2026-10-08T22:03:51.2472720Z Updating files: 100% (1536/1536), done.
2026-10-08T22:03:51.2487834Z Note: switching to '491f82f6a99c992faca4a26acf8b80dc4ecc67a1'.
2026-10-08T22:03:51.2488074Z 
2026-10-08T22:03:51.2488298Z You are in 'detached HEAD' state. You can look around, make experimental
2026-10-08T22:03:51.2488686Z changes and commit them, and you can discard any commits you make in this
2026-10-08T22:03:51.2489048Z state without impacting any branches by switching back to a branch.
2026-10-08T22:03:51.2489254Z 
2026-10-08T22:03:51.2489408Z If you want to create a new branch to retain commits you create, you may
2026-10-08T22:03:51.2489784Z do so (now or later) by using -c with the switch command. Example:
2026-10-08T22:03:51.2489992Z 
2026-10-08T22:03:51.2490083Z   git switch -c <new-branch-name>
2026-10-08T22:03:51.2490411Z 
2026-10-08T22:03:51.2490494Z Or undo this operation with:
2026-10-08T22:03:51.2490625Z 
2026-10-08T22:03:51.2490700Z   git switch -
2026-10-08T22:03:51.2490797Z 
2026-10-08T22:03:51.2490969Z Turn off this advice by setting config variable advice.detachedHead to false
2026-10-08T22:03:51.2491196Z 
2026-10-08T22:03:51.2491372Z HEAD is now at 491f82f G10 archive verified bounded downloads and open draft PR
2026-10-08T22:03:51.2601265Z ##[endgroup]
2026-10-08T22:03:51.2645228Z [command]/usr/bin/git log -1 --format=%H
2026-10-08T22:03:51.2671923Z 491f82f6a99c992faca4a26acf8b80dc4ecc67a1
2026-10-08T22:03:51.2898319Z ##[group]Run actions/setup-node@v4
2026-10-08T22:03:51.2898555Z with:
2026-10-08T22:03:51.2898723Z   node-version: 22.16.0
2026-10-08T22:03:51.2898905Z   cache: npm
2026-10-08T22:03:51.2899149Z   cache-dependency-path: jobs/G10-checkers/package-lock.json
2026-10-08T22:03:51.2899424Z   always-auth: false
2026-10-08T22:03:51.2899599Z   check-latest: false
2026-10-08T22:03:51.2901458Z   token: ***
2026-10-08T22:03:51.2901614Z env:
2026-10-08T22:03:51.2901820Z   G10_SOURCE_COMMIT: 491f82f6a99c992faca4a26acf8b80dc4ecc67a1
2026-10-08T22:03:51.2902071Z ##[endgroup]
2026-10-08T22:03:51.4018709Z Attempting to download 22.16.0...
2026-10-08T22:03:51.4105043Z (node:2139) [DEP0040] DeprecationWarning: The `punycode` module is deprecated. Please use a userland alternative instead.
2026-10-08T22:03:51.4105923Z (Use `node --trace-deprecation ...` to show where the warning was created)
2026-10-08T22:03:52.3020304Z Acquiring 22.16.0 - x64 from https://github.com/actions/node-versions/releases/download/22.16.0-15177438473/node-22.16.0-linux-x64.tar.gz
2026-10-08T22:03:52.9920231Z Extracting ...
2026-10-08T22:03:53.0016010Z [command]/usr/bin/tar xz --strip 1 --warning=no-unknown-keyword --overwrite -C /home/runner/work/_temp/2c1f2f96-32e3-4a31-8936-9a3c4ec1440b -f /home/runner/work/_temp/0ec5c175-675f-4dd3-bf54-555917318073
2026-10-08T22:03:53.9992127Z Adding to the cache ...
2026-10-08T22:03:57.5307905Z ##[group]Environment details
2026-10-08T22:03:57.7145399Z node: v22.16.0
2026-10-08T22:03:57.7145710Z npm: 10.9.2
2026-10-08T22:03:57.7145940Z yarn: 1.22.22
2026-10-08T22:03:57.7146725Z ##[endgroup]
2026-10-08T22:03:57.7160432Z [command]/opt/hostedtoolcache/node/22.16.0/x64/bin/npm config get cache
2026-10-08T22:03:57.7890971Z /home/runner/.npm
2026-10-08T22:03:57.9820910Z Cache hit for: node-cache-Linux-x64-npm-b79e3f2344d4218dbbb2f93f566da8e1ac49738aa1184813b150890d461d0c8a
2026-10-08T22:03:57.9911575Z (node:2139) [DEP0169] DeprecationWarning: `url.parse()` behavior is not standardized and prone to errors that have security implications. Use the WHATWG URL API instead. CVEs are not issued for `url.parse()` vulnerabilities.
2026-10-08T22:03:59.0852521Z Received 12676330 of 12676330 (100.0%), 13.5 MBs/sec
2026-10-08T22:03:59.0852938Z Cache Size: ~12 MB (12676330 B)
2026-10-08T22:03:59.0938933Z [command]/usr/bin/tar -xf /home/runner/work/_temp/92ab9e11-f718-410a-ba4e-33d0b9a979b0/cache.tzst -P -C /home/runner/work/partybox-game-cores/partybox-game-cores --use-compress-program unzstd
2026-10-08T22:03:59.1230829Z Cache restored successfully
2026-10-08T22:03:59.1240055Z Cache restored from key: node-cache-Linux-x64-npm-b79e3f2344d4218dbbb2f93f566da8e1ac49738aa1184813b150890d461d0c8a
2026-10-08T22:03:59.1413471Z ##[group]Run npm ci --ignore-scripts --no-audit --no-fund
2026-10-08T22:03:59.1413863Z [36;1mnpm ci --ignore-scripts --no-audit --no-fund[0m
2026-10-08T22:03:59.1787281Z shell: /usr/bin/bash -e {0}
2026-10-08T22:03:59.1787544Z env:
2026-10-08T22:03:59.1787793Z   G10_SOURCE_COMMIT: 491f82f6a99c992faca4a26acf8b80dc4ecc67a1
2026-10-08T22:03:59.1788100Z ##[endgroup]
2026-10-08T22:03:59.8851496Z 
2026-10-08T22:03:59.8858986Z added 6 packages in 658ms
2026-10-08T22:03:59.9236075Z ##[group]Run sudo apt-get update
2026-10-08T22:03:59.9236362Z [36;1msudo apt-get update[0m
2026-10-08T22:03:59.9236792Z [36;1msudo apt-get install -y ffmpeg[0m
2026-10-08T22:03:59.9237027Z [36;1mffprobe -version[0m
2026-10-08T22:03:59.9237227Z [36;1mffmpeg -version[0m
2026-10-08T22:03:59.9292338Z shell: /usr/bin/bash -e {0}
2026-10-08T22:03:59.9292556Z env:
2026-10-08T22:03:59.9292792Z   G10_SOURCE_COMMIT: 491f82f6a99c992faca4a26acf8b80dc4ecc67a1
2026-10-08T22:03:59.9293069Z ##[endgroup]
2026-10-08T22:04:00.0598826Z Get:1 file:/etc/apt/apt-mirrors.txt Mirrorlist [144 B]
2026-10-08T22:04:00.0827128Z Get:6 https://packages.microsoft.com/ubuntu/24.04/prod noble InRelease [3600 B]
2026-10-08T22:04:00.1802867Z Hit:2 http://azure.archive.ubuntu.com/ubuntu noble InRelease
2026-10-08T22:04:00.1815797Z Get:3 http://azure.archive.ubuntu.com/ubuntu noble-updates InRelease [126 kB]
2026-10-08T22:04:00.2117876Z Get:4 http://azure.archive.ubuntu.com/ubuntu noble-backports InRelease [126 kB]
2026-10-08T22:04:00.2126044Z Get:5 http://azure.archive.ubuntu.com/ubuntu noble-security InRelease [126 kB]
2026-10-08T22:04:00.2994500Z Get:7 https://packages.microsoft.com/ubuntu/24.04/prod noble/main amd64 Packages [531 kB]
2026-10-08T22:04:00.3105908Z Get:8 https://packages.microsoft.com/ubuntu/24.04/prod noble/main armhf Packages [12.3 kB]
2026-10-08T22:04:00.3119320Z Get:9 https://packages.microsoft.com/ubuntu/24.04/prod noble/main all Packages [640 B]
2026-10-08T22:04:00.3140932Z Get:10 https://packages.microsoft.com/ubuntu/24.04/prod noble/main arm64 Packages [474 kB]
2026-10-08T22:04:00.3905943Z Get:11 http://azure.archive.ubuntu.com/ubuntu noble-updates/main amd64 Packages [1375 kB]
2026-10-08T22:04:00.3971321Z Get:12 http://azure.archive.ubuntu.com/ubuntu noble-updates/main Translation-en [306 kB]
2026-10-08T22:04:00.3997778Z Get:13 http://azure.archive.ubuntu.com/ubuntu noble-updates/universe amd64 Packages [1702 kB]
2026-10-08T22:04:00.4065681Z Get:14 http://azure.archive.ubuntu.com/ubuntu noble-updates/universe Translation-en [342 kB]
2026-10-08T22:04:00.4088609Z Get:15 http://azure.archive.ubuntu.com/ubuntu noble-updates/restricted amd64 Packages [1761 kB]
2026-10-08T22:04:00.4168053Z Get:16 http://azure.archive.ubuntu.com/ubuntu noble-updates/restricted Translation-en [401 kB]
2026-10-08T22:04:00.4195796Z Get:17 http://azure.archive.ubuntu.com/ubuntu noble-updates/multiverse amd64 Packages [55.0 kB]
2026-10-08T22:04:00.4214280Z Get:18 http://azure.archive.ubuntu.com/ubuntu noble-updates/multiverse Translation-en [14.3 kB]
2026-10-08T22:04:00.4820135Z Get:19 http://azure.archive.ubuntu.com/ubuntu noble-security/main amd64 Packages [1115 kB]
2026-10-08T22:04:00.4876031Z Get:20 http://azure.archive.ubuntu.com/ubuntu noble-security/main Translation-en [227 kB]
2026-10-08T22:04:00.5319558Z Get:21 http://azure.archive.ubuntu.com/ubuntu noble-security/universe amd64 Packages [1218 kB]
2026-10-08T22:04:00.5373120Z Get:22 http://azure.archive.ubuntu.com/ubuntu noble-security/universe Translation-en [245 kB]
2026-10-08T22:04:00.5391824Z Get:23 http://azure.archive.ubuntu.com/ubuntu noble-security/restricted amd64 Packages [1632 kB]
2026-10-08T22:04:00.5460822Z Get:24 http://azure.archive.ubuntu.com/ubuntu noble-security/restricted Translation-en [376 kB]
2026-10-08T22:04:00.5482098Z Get:25 http://azure.archive.ubuntu.com/ubuntu noble-security/multiverse Translation-en [11.6 kB]
2026-10-08T22:04:08.7580842Z Fetched 12.2 MB in 1s (9993 kB/s)
2026-10-08T22:04:09.4753046Z Reading package lists...
2026-10-08T22:04:09.5017539Z Reading package lists...
2026-10-08T22:04:09.7077852Z Building dependency tree...
2026-10-08T22:04:09.7084556Z Reading state information...
2026-10-08T22:04:09.8720926Z The following additional packages will be installed:
2026-10-08T22:04:09.8721589Z   i965-va-driver intel-media-va-driver libaacs0 libass9 libasyncns0
2026-10-08T22:04:09.8722251Z   libavc1394-0 libavcodec60 libavdevice60 libavfilter9 libavformat60
2026-10-08T22:04:09.8723492Z   libavutil58 libbdplus0 libblas3 libbluray2 libbs2b0 libcaca0
2026-10-08T22:04:09.8724173Z   libcdio-cdda2t64 libcdio-paranoia2t64 libcdio19t64 libchromaprint1 libcjson1
2026-10-08T22:04:09.8724910Z   libcodec2-1.2 libdav1d7 libdc1394-25 libdecor-0-0 libdecor-0-plugin-1-gtk
2026-10-08T22:04:09.8725610Z   libflac12t64 libflite1 libgme0 libgsm1 libhwy1t64 libiec61883-0 libigdgmm12
2026-10-08T22:04:09.8726276Z   libjack-jackd2-0 libjxl0.7 liblapack3 liblilv-0-0 libmbedcrypto7t64
2026-10-08T22:04:09.8727086Z   libmp3lame0 libmpg123-0t64 libmysofa1 libopenal-data libopenal1
2026-10-08T22:04:09.8727714Z   libopenmpt0t64 libopus0 libplacebo338 libpocketsphinx3 libpostproc57
2026-10-08T22:04:09.8728369Z   libpulse0 librav1e0 libraw1394-11 librist4 librsvg2-2 librsvg2-common
2026-10-08T22:04:09.8728971Z   librubberband2 libsamplerate0 libsdl2-2.0-0 libserd-0-0 libshine3
2026-10-08T22:04:09.8729606Z   libsndfile1 libsndio7.0 libsord-0-0 libsoxr0 libspeex1 libsphinxbase3t64
2026-10-08T22:04:09.8730233Z   libsratom-0-0 libsrt1.5-gnutls libssh-gcrypt-4 libsvtav1enc1d1
2026-10-08T22:04:09.8730887Z   libswresample4 libswscale7 libtheora0 libtwolame0 libudfread0 libunibreak5
2026-10-08T22:04:09.8731570Z   libva-drm2 libva-x11-2 libva2 libvdpau1 libvidstab1.1 libvorbisenc2 libvpl2
2026-10-08T22:04:09.8732309Z   libvpx9 libx264-164 libx265-199 libxcb-shape0 libxv1 libxvidcore4 libzimg2
2026-10-08T22:04:09.8733029Z   libzix-0-0 libzvbi-common libzvbi0t64 mesa-va-drivers mesa-vdpau-drivers
2026-10-08T22:04:09.8733694Z   ocl-icd-libopencl1 pocketsphinx-en-us va-driver-all vdpau-driver-all
2026-10-08T22:04:09.8736263Z Suggested packages:
2026-10-08T22:04:09.8736808Z   ffmpeg-doc i965-va-driver-shaders libcuda1 libnvcuvid1 libnvidia-encode1
2026-10-08T22:04:09.8737322Z   libbluray-bdj jackd2 libportaudio2 opus-tools pulseaudio libraw1394-doc
2026-10-08T22:04:09.9159908Z   librsvg2-bin serdi sndiod sordi speex opencl-icd libvdpau-va-gl1
2026-10-08T22:04:09.9160612Z The following NEW packages will be installed:
2026-10-08T22:04:09.9161342Z   ffmpeg i965-va-driver intel-media-va-driver libaacs0 libass9 libasyncns0
2026-10-08T22:04:09.9162514Z   libavc1394-0 libavcodec60 libavdevice60 libavfilter9 libavformat60
2026-10-08T22:04:09.9163241Z   libavutil58 libbdplus0 libblas3 libbluray2 libbs2b0 libcaca0
2026-10-08T22:04:09.9164270Z   libcdio-cdda2t64 libcdio-paranoia2t64 libcdio19t64 libchromaprint1 libcjson1
2026-10-08T22:04:09.9177333Z   libcodec2-1.2 libdav1d7 libdc1394-25 libdecor-0-0 libdecor-0-plugin-1-gtk
2026-10-08T22:04:09.9178199Z   libflac12t64 libflite1 libgme0 libgsm1 libhwy1t64 libiec61883-0 libigdgmm12
2026-10-08T22:04:09.9179710Z   libjack-jackd2-0 libjxl0.7 liblapack3 liblilv-0-0 libmbedcrypto7t64
2026-10-08T22:04:09.9180395Z   libmp3lame0 libmpg123-0t64 libmysofa1 libopenal-data libopenal1
2026-10-08T22:04:09.9181108Z   libopenmpt0t64 libopus0 libplacebo338 libpocketsphinx3 libpostproc57
2026-10-08T22:04:09.9181810Z   libpulse0 librav1e0 libraw1394-11 librist4 librsvg2-2 librsvg2-common
2026-10-08T22:04:09.9182511Z   librubberband2 libsamplerate0 libsdl2-2.0-0 libserd-0-0 libshine3
2026-10-08T22:04:09.9183303Z   libsndfile1 libsndio7.0 libsord-0-0 libsoxr0 libspeex1 libsphinxbase3t64
2026-10-08T22:04:09.9184043Z   libsratom-0-0 libsrt1.5-gnutls libssh-gcrypt-4 libsvtav1enc1d1
2026-10-08T22:04:09.9184760Z   libswresample4 libswscale7 libtheora0 libtwolame0 libudfread0 libunibreak5
2026-10-08T22:04:09.9185526Z   libva-drm2 libva-x11-2 libva2 libvdpau1 libvidstab1.1 libvorbisenc2 libvpl2
2026-10-08T22:04:09.9186301Z   libvpx9 libx264-164 libx265-199 libxcb-shape0 libxv1 libxvidcore4 libzimg2
2026-10-08T22:04:09.9187161Z   libzix-0-0 libzvbi-common libzvbi0t64 mesa-va-drivers mesa-vdpau-drivers
2026-10-08T22:04:09.9187900Z   ocl-icd-libopencl1 pocketsphinx-en-us va-driver-all vdpau-driver-all
2026-10-08T22:04:09.9360278Z 0 upgraded, 99 newly installed, 0 to remove and 23 not upgraded.
2026-10-08T22:04:09.9360837Z Need to get 94.1 MB of archives.
2026-10-08T22:04:09.9361385Z After this operation, 227 MB of additional disk space will be used.
2026-10-08T22:04:09.9362335Z Get:1 file:/etc/apt/apt-mirrors.txt Mirrorlist [144 B]
2026-10-08T22:04:10.0539992Z Get:2 http://azure.archive.ubuntu.com/ubuntu noble-updates/universe amd64 libva2 amd64 2.20.0-2ubuntu0.2 [66.4 kB]
2026-10-08T22:04:10.2124872Z Get:3 http://azure.archive.ubuntu.com/ubuntu noble-updates/universe amd64 libva-drm2 amd64 2.20.0-2ubuntu0.2 [7124 B]
2026-10-08T22:04:10.2619220Z Get:4 http://azure.archive.ubuntu.com/ubuntu noble-updates/universe amd64 libva-x11-2 amd64 2.20.0-2ubuntu0.2 [12.0 kB]
2026-10-08T22:04:10.3134648Z Get:5 http://azure.archive.ubuntu.com/ubuntu noble/main amd64 libvdpau1 amd64 1.5-2build1 [27.8 kB]
2026-10-08T22:04:10.3720939Z Get:6 http://azure.archive.ubuntu.com/ubuntu noble/universe amd64 libvpl2 amd64 2023.3.0-1build1 [99.8 kB]
2026-10-08T22:04:10.4674915Z Get:7 http://azure.archive.ubuntu.com/ubuntu noble/universe amd64 ocl-icd-libopencl1 amd64 2.3.2-1build1 [38.5 kB]
2026-10-08T22:04:10.5193254Z Get:8 http://azure.archive.ubuntu.com/ubuntu noble/universe amd64 libavutil58 amd64 7:6.1.1-3ubuntu5 [401 kB]
2026-10-08T22:04:10.6472101Z Get:9 http://azure.archive.ubuntu.com/ubuntu noble/universe amd64 libcodec2-1.2 amd64 1.2.0-2build1 [8998 kB]
2026-10-08T22:04:10.9405767Z Get:10 http://azure.archive.ubuntu.com/ubuntu noble/universe amd64 libdav1d7 amd64 1.4.1-1build1 [604 kB]
2026-10-08T22:04:10.9920978Z Get:11 http://azure.archive.ubuntu.com/ubuntu noble/universe amd64 libgsm1 amd64 1.0.22-1build1 [27.8 kB]
2026-10-08T22:04:11.0395926Z Get:12 http://azure.archive.ubuntu.com/ubuntu noble/universe amd64 libhwy1t64 amd64 1.0.7-8.1build1 [584 kB]
2026-10-08T22:04:11.0981979Z Get:13 http://azure.archive.ubuntu.com/ubuntu noble-updates/universe amd64 libjxl0.7 amd64 0.7.0-10.2ubuntu6.1 [1001 kB]
2026-10-08T22:04:11.1638482Z Get:14 http://azure.archive.ubuntu.com/ubuntu noble/main amd64 libmp3lame0 amd64 3.100-6build1 [142 kB]
2026-10-08T22:04:11.2119866Z Get:15 http://azure.archive.ubuntu.com/ubuntu noble/main amd64 libopus0 amd64 1.4-1build1 [208 kB]
2026-10-08T22:04:11.2615410Z Get:16 http://azure.archive.ubuntu.com/ubuntu noble/universe amd64 librav1e0 amd64 0.7.1-2 [1022 kB]
2026-10-08T22:04:11.3154653Z Get:17 http://azure.archive.ubuntu.com/ubuntu noble-updates/main amd64 librsvg2-2 amd64 2.58.0+dfsg-1ubuntu0.1 [2141 kB]
2026-10-08T22:04:11.3895774Z Get:18 http://azure.archive.ubuntu.com/ubuntu noble/universe amd64 libshine3 amd64 3.1.1-2build1 [23.2 kB]
2026-10-08T22:04:11.4363793Z Get:19 http://azure.archive.ubuntu.com/ubuntu noble-updates/main amd64 libspeex1 amd64 1.2.1-2ubuntu2.24.04.1 [59.6 kB]
2026-10-08T22:04:11.4845677Z Get:20 http://azure.archive.ubuntu.com/ubuntu noble/universe amd64 libsvtav1enc1d1 amd64 1.7.0+dfsg-2build1 [2425 kB]
2026-10-08T22:04:11.5532714Z Get:21 http://azure.archive.ubuntu.com/ubuntu noble/universe amd64 libsoxr0 amd64 0.1.3-4build3 [80.0 kB]
2026-10-08T22:04:11.6004535Z Get:22 http://azure.archive.ubuntu.com/ubuntu noble/universe amd64 libswresample4 amd64 7:6.1.1-3ubuntu5 [63.8 kB]
2026-10-08T22:04:11.6481557Z Get:23 http://azure.archive.ubuntu.com/ubuntu noble/main amd64 libtheora0 amd64 1.1.1+dfsg.1-16.1build3 [211 kB]
2026-10-08T22:04:11.6974071Z Get:24 http://azure.archive.ubuntu.com/ubuntu noble/main amd64 libtwolame0 amd64 0.4.0-2build3 [52.3 kB]
2026-10-08T22:04:11.7453068Z Get:25 http://azure.archive.ubuntu.com/ubuntu noble/main amd64 libvorbisenc2 amd64 1.3.7-1build3 [80.8 kB]
2026-10-08T22:04:11.7930676Z Get:26 http://azure.archive.ubuntu.com/ubuntu noble-updates/main amd64 libvpx9 amd64 1.14.0-1ubuntu2.3 [1143 kB]
2026-10-08T22:04:11.8547338Z Get:27 http://azure.archive.ubuntu.com/ubuntu noble/universe amd64 libx264-164 amd64 2:0.164.3108+git31e19f9-1 [604 kB]
2026-10-08T22:04:11.9090043Z Get:28 http://azure.archive.ubuntu.com/ubuntu noble/universe amd64 libx265-199 amd64 3.5-2build1 [1226 kB]
2026-10-08T22:04:11.9691354Z Get:29 http://azure.archive.ubuntu.com/ubuntu noble/universe amd64 libxvidcore4 amd64 2:1.3.7-1build1 [219 kB]
2026-10-08T22:04:12.0174844Z Get:30 http://azure.archive.ubuntu.com/ubuntu noble/universe amd64 libzvbi-common all 0.2.42-2 [42.4 kB]
2026-10-08T22:04:12.0649218Z Get:31 http://azure.archive.ubuntu.com/ubuntu noble/universe amd64 libzvbi0t64 amd64 0.2.42-2 [261 kB]
2026-10-08T22:04:12.1136200Z Get:32 http://azure.archive.ubuntu.com/ubuntu noble/universe amd64 libavcodec60 amd64 7:6.1.1-3ubuntu5 [5851 kB]
2026-10-08T22:04:12.2563691Z Get:33 http://azure.archive.ubuntu.com/ubuntu noble/main amd64 libraw1394-11 amd64 2.1.2-2build3 [26.2 kB]
2026-10-08T22:04:12.3034983Z Get:34 http://azure.archive.ubuntu.com/ubuntu noble/main amd64 libavc1394-0 amd64 0.5.4-5build3 [15.4 kB]
2026-10-08T22:04:12.3508008Z Get:35 http://azure.archive.ubuntu.com/ubuntu noble/universe amd64 libunibreak5 amd64 5.1-2build1 [25.0 kB]
2026-10-08T22:04:12.3982101Z Get:36 http://azure.archive.ubuntu.com/ubuntu noble/universe amd64 libass9 amd64 1:0.17.1-2build1 [104 kB]
2026-10-08T22:04:12.4470712Z Get:37 http://azure.archive.ubuntu.com/ubuntu noble/universe amd64 libudfread0 amd64 1.1.2-1build1 [19.0 kB]
2026-10-08T22:04:12.4942308Z Get:38 http://azure.archive.ubuntu.com/ubuntu noble/universe amd64 libbluray2 amd64 1:1.3.4-1build1 [159 kB]
2026-10-08T22:04:12.5433314Z Get:39 http://azure.archive.ubuntu.com/ubuntu noble/universe amd64 libchromaprint1 amd64 1.5.1-5 [30.5 kB]
2026-10-08T22:04:12.5912694Z Get:40 http://azure.archive.ubuntu.com/ubuntu noble/universe amd64 libgme0 amd64 0.6.3-7build1 [134 kB]
2026-10-08T22:04:12.6395420Z Get:41 http://azure.archive.ubuntu.com/ubuntu noble-updates/main amd64 libmpg123-0t64 amd64 1.32.5-1ubuntu1.1 [169 kB]
2026-10-08T22:04:12.6910550Z Get:42 http://azure.archive.ubuntu.com/ubuntu noble/universe amd64 libopenmpt0t64 amd64 0.7.3-1.1build3 [647 kB]
2026-10-08T22:04:12.7457978Z Get:43 http://azure.archive.ubuntu.com/ubuntu noble/universe amd64 libcjson1 amd64 1.7.17-1 [24.8 kB]
2026-10-08T22:04:12.7933116Z Get:44 http://azure.archive.ubuntu.com/ubuntu noble/universe amd64 libmbedcrypto7t64 amd64 2.28.8-1 [209 kB]
2026-10-08T22:04:12.8424725Z Get:45 http://azure.archive.ubuntu.com/ubuntu noble/universe amd64 librist4 amd64 0.2.10+dfsg-2 [74.9 kB]
2026-10-08T22:04:12.8901831Z Get:46 http://azure.archive.ubuntu.com/ubuntu noble/universe amd64 libsrt1.5-gnutls amd64 1.5.3-1build2 [316 kB]
2026-10-08T22:04:12.9406301Z Get:47 http://azure.archive.ubuntu.com/ubuntu noble-updates/main amd64 libssh-gcrypt-4 amd64 0.10.6-2ubuntu0.5 [226 kB]
2026-10-08T22:04:12.9897444Z Get:48 http://azure.archive.ubuntu.com/ubuntu noble/universe amd64 libavformat60 amd64 7:6.1.1-3ubuntu5 [1153 kB]
2026-10-08T22:04:13.0512063Z Get:49 http://azure.archive.ubuntu.com/ubuntu noble/universe amd64 libbs2b0 amd64 3.1.0+dfsg-7build1 [10.6 kB]
2026-10-08T22:04:13.0991586Z Get:50 http://azure.archive.ubuntu.com/ubuntu noble/universe amd64 libflite1 amd64 2.2-6build3 [13.6 MB]
2026-10-08T22:04:13.3680680Z Get:51 http://azure.archive.ubuntu.com/ubuntu noble/universe amd64 libserd-0-0 amd64 0.32.2-1 [43.6 kB]
2026-10-08T22:04:13.4154626Z Get:52 http://azure.archive.ubuntu.com/ubuntu noble/universe amd64 libzix-0-0 amd64 0.4.2-2build1 [23.6 kB]
2026-10-08T22:04:13.4625252Z Get:53 http://azure.archive.ubuntu.com/ubuntu noble/universe amd64 libsord-0-0 amd64 0.16.16-2build1 [15.8 kB]
2026-10-08T22:04:13.5095886Z Get:54 http://azure.archive.ubuntu.com/ubuntu noble/universe amd64 libsratom-0-0 amd64 0.6.16-1build1 [17.3 kB]
2026-10-08T22:04:13.5568056Z Get:55 http://azure.archive.ubuntu.com/ubuntu noble/universe amd64 liblilv-0-0 amd64 0.24.22-1build1 [41.0 kB]
2026-10-08T22:04:13.6043135Z Get:56 http://azure.archive.ubuntu.com/ubuntu noble/universe amd64 libmysofa1 amd64 1.3.2+dfsg-2ubuntu2 [1158 kB]
2026-10-08T22:04:13.6590091Z Get:57 http://azure.archive.ubuntu.com/ubuntu noble/universe amd64 libplacebo338 amd64 6.338.2-2build1 [2654 kB]
2026-10-08T22:04:13.7253600Z Get:58 http://azure.archive.ubuntu.com/ubuntu noble-updates/main amd64 libblas3 amd64 3.12.0-3build1.1 [238 kB]
2026-10-08T22:04:13.7760919Z Get:59 http://azure.archive.ubuntu.com/ubuntu noble-updates/main amd64 liblapack3 amd64 3.12.0-3build1.1 [2646 kB]
2026-10-08T22:04:13.8493699Z Get:60 http://azure.archive.ubuntu.com/ubuntu noble/main amd64 libasyncns0 amd64 0.8-6build4 [11.3 kB]
2026-10-08T22:04:13.8965259Z Get:61 http://azure.archive.ubuntu.com/ubuntu noble/main amd64 libflac12t64 amd64 1.4.3+ds-2.1ubuntu2 [197 kB]
2026-10-08T22:04:13.9452441Z Get:62 http://azure.archive.ubuntu.com/ubuntu noble-updates/main amd64 libsndfile1 amd64 1.2.2-1ubuntu5.24.04.1 [209 kB]
2026-10-08T22:04:13.9934875Z Get:63 http://azure.archive.ubuntu.com/ubuntu noble-updates/main amd64 libpulse0 amd64 1:16.1+dfsg1-2ubuntu10.1 [292 kB]
2026-10-08T22:04:14.0422977Z Get:64 http://azure.archive.ubuntu.com/ubuntu noble/universe amd64 libsphinxbase3t64 amd64 0.8+5prealpha+1-17build2 [126 kB]
2026-10-08T22:04:14.1142318Z Get:65 http://azure.archive.ubuntu.com/ubuntu noble/universe amd64 libpocketsphinx3 amd64 0.8.0+real5prealpha+1-15ubuntu5 [133 kB]
2026-10-08T22:04:14.1705792Z Get:66 http://azure.archive.ubuntu.com/ubuntu noble/universe amd64 libpostproc57 amd64 7:6.1.1-3ubuntu5 [49.9 kB]
2026-10-08T22:04:14.2179131Z Get:67 http://azure.archive.ubuntu.com/ubuntu noble/main amd64 libsamplerate0 amd64 0.2.2-4build1 [1344 kB]
2026-10-08T22:04:14.2729749Z Get:68 http://azure.archive.ubuntu.com/ubuntu noble/universe amd64 librubberband2 amd64 3.3.0+dfsg-2build1 [130 kB]
2026-10-08T22:04:14.3210429Z Get:69 http://azure.archive.ubuntu.com/ubuntu noble/universe amd64 libswscale7 amd64 7:6.1.1-3ubuntu5 [193 kB]
2026-10-08T22:04:14.3695087Z Get:70 http://azure.archive.ubuntu.com/ubuntu noble/universe amd64 libvidstab1.1 amd64 1.1.0-2build1 [38.5 kB]
2026-10-08T22:04:14.4167683Z Get:71 http://azure.archive.ubuntu.com/ubuntu noble/universe amd64 libzimg2 amd64 3.0.5+ds1-1build1 [254 kB]
2026-10-08T22:04:14.4658926Z Get:72 http://azure.archive.ubuntu.com/ubuntu noble/universe amd64 libavfilter9 amd64 7:6.1.1-3ubuntu5 [4235 kB]
2026-10-08T22:04:14.5691052Z Get:73 http://azure.archive.ubuntu.com/ubuntu noble-updates/main amd64 libcaca0 amd64 0.99.beta20-4ubuntu0.2 [209 kB]
2026-10-08T22:04:14.6172790Z Get:74 http://azure.archive.ubuntu.com/ubuntu noble-updates/main amd64 libcdio19t64 amd64 2.1.0-4.1ubuntu1.2 [62.4 kB]
2026-10-08T22:04:14.6662430Z Get:75 http://azure.archive.ubuntu.com/ubuntu noble/main amd64 libcdio-cdda2t64 amd64 10.2+2.0.1-1.1build2 [16.5 kB]
2026-10-08T22:04:14.7141925Z Get:76 http://azure.archive.ubuntu.com/ubuntu noble/main amd64 libcdio-paranoia2t64 amd64 10.2+2.0.1-1.1build2 [16.6 kB]
2026-10-08T22:04:14.7616254Z Get:77 http://azure.archive.ubuntu.com/ubuntu noble/universe amd64 libdc1394-25 amd64 2.2.6-4build1 [90.1 kB]
2026-10-08T22:04:14.8093563Z Get:78 http://azure.archive.ubuntu.com/ubuntu noble/main amd64 libiec61883-0 amd64 1.2.0-6build1 [24.5 kB]
2026-10-08T22:04:14.8574947Z Get:79 http://azure.archive.ubuntu.com/ubuntu noble/main amd64 libjack-jackd2-0 amd64 1.9.21~dfsg-3ubuntu3 [289 kB]
2026-10-08T22:04:14.9071037Z Get:80 http://azure.archive.ubuntu.com/ubuntu noble/universe amd64 libopenal-data all 1:1.23.1-4build1 [161 kB]
2026-10-08T22:04:14.9553286Z Get:81 http://azure.archive.ubuntu.com/ubuntu noble/universe amd64 libsndio7.0 amd64 1.9.0-0.3build3 [29.6 kB]
2026-10-08T22:04:15.0029722Z Get:82 http://azure.archive.ubuntu.com/ubuntu noble/universe amd64 libopenal1 amd64 1:1.23.1-4build1 [540 kB]
2026-10-08T22:04:15.0531981Z Get:83 http://azure.archive.ubuntu.com/ubuntu noble/main amd64 libdecor-0-0 amd64 0.2.2-1build2 [16.5 kB]
2026-10-08T22:04:15.1009340Z Get:84 http://azure.archive.ubuntu.com/ubuntu noble-updates/main amd64 libsdl2-2.0-0 amd64 2.30.0+dfsg-1ubuntu3.1 [686 kB]
2026-10-08T22:04:15.1523463Z Get:85 http://azure.archive.ubuntu.com/ubuntu noble/main amd64 libxcb-shape0 amd64 1.15-1ubuntu2 [6100 B]
2026-10-08T22:04:15.1995444Z Get:86 http://azure.archive.ubuntu.com/ubuntu noble/main amd64 libxv1 amd64 2:1.0.11-1.1build1 [10.7 kB]
2026-10-08T22:04:15.2471136Z Get:87 http://azure.archive.ubuntu.com/ubuntu noble/universe amd64 libavdevice60 amd64 7:6.1.1-3ubuntu5 [82.3 kB]
2026-10-08T22:04:15.2949659Z Get:88 http://azure.archive.ubuntu.com/ubuntu noble/universe amd64 ffmpeg amd64 7:6.1.1-3ubuntu5 [1879 kB]
2026-10-08T22:04:15.3555770Z Get:89 http://azure.archive.ubuntu.com/ubuntu noble-updates/universe amd64 libigdgmm12 amd64 22.3.17+ds1-1ubuntu1 [145 kB]
2026-10-08T22:04:15.4034334Z Get:90 http://azure.archive.ubuntu.com/ubuntu noble-updates/universe amd64 intel-media-va-driver amd64 24.1.0+dfsg1-1ubuntu0.2 [3163 kB]
2026-10-08T22:04:15.5024119Z Get:91 http://azure.archive.ubuntu.com/ubuntu noble/universe amd64 libaacs0 amd64 0.11.1-2build1 [62.9 kB]
2026-10-08T22:04:15.5501493Z Get:92 http://azure.archive.ubuntu.com/ubuntu noble/universe amd64 libbdplus0 amd64 0.2.0-3build1 [52.2 kB]
2026-10-08T22:04:15.5974028Z Get:93 http://azure.archive.ubuntu.com/ubuntu noble/main amd64 libdecor-0-plugin-1-gtk amd64 0.2.2-1build2 [22.2 kB]
2026-10-08T22:04:15.6448355Z Get:94 http://azure.archive.ubuntu.com/ubuntu noble-updates/main amd64 librsvg2-common amd64 2.58.0+dfsg-1ubuntu0.1 [11.8 kB]
2026-10-08T22:04:15.6928573Z Get:95 http://azure.archive.ubuntu.com/ubuntu noble-updates/universe amd64 mesa-va-drivers amd64 25.2.8-0ubuntu0.24.04.4 [6778 B]
2026-10-08T22:04:15.7400638Z Get:96 http://azure.archive.ubuntu.com/ubuntu noble-updates/main amd64 mesa-vdpau-drivers amd64 25.2.8-0ubuntu0.24.04.4 [23.4 kB]
2026-10-08T22:04:15.7874979Z Get:97 http://azure.archive.ubuntu.com/ubuntu noble-updates/universe amd64 i965-va-driver amd64 2.4.1+dfsg1-1ubuntu0.2 [332 kB]
2026-10-08T22:04:15.8367622Z Get:98 http://azure.archive.ubuntu.com/ubuntu noble-updates/universe amd64 va-driver-all amd64 2.20.0-2ubuntu0.2 [5014 B]
2026-10-08T22:04:15.8840359Z Get:99 http://azure.archive.ubuntu.com/ubuntu noble/main amd64 vdpau-driver-all amd64 1.5-2build1 [4414 B]
2026-10-08T22:04:15.9314604Z Get:100 http://azure.archive.ubuntu.com/ubuntu noble/universe amd64 pocketsphinx-en-us all 0.8.0+real5prealpha+1-15ubuntu5 [27.4 MB]
2026-10-08T22:04:16.8166359Z Fetched 94.1 MB in 7s (14.3 MB/s)
2026-10-08T22:04:16.9506735Z Selecting previously unselected package libva2:amd64.
2026-10-08T22:04:16.9696848Z (Reading database ... 
2026-10-08T22:04:16.9697269Z (Reading database ... 5%
2026-10-08T22:04:16.9697879Z (Reading database ... 10%
2026-10-08T22:04:16.9698633Z (Reading database ... 15%
2026-10-08T22:04:16.9698942Z (Reading database ... 20%
2026-10-08T22:04:16.9699244Z (Reading database ... 25%
2026-10-08T22:04:16.9699526Z (Reading database ... 30%
2026-10-08T22:04:16.9699718Z (Reading database ... 35%
2026-10-08T22:04:16.9699911Z (Reading database ... 40%
2026-10-08T22:04:16.9700114Z (Reading database ... 45%
2026-10-08T22:04:16.9700311Z (Reading database ... 50%
2026-10-08T22:04:17.1100719Z (Reading database ... 55%
2026-10-08T22:04:17.2004696Z (Reading database ... 60%
2026-10-08T22:04:17.4410350Z (Reading database ... 65%
2026-10-08T22:04:17.6020455Z (Reading database ... 70%
2026-10-08T22:04:17.8016912Z (Reading database ... 75%
2026-10-08T22:04:17.9595162Z (Reading database ... 80%
2026-10-08T22:04:18.0754382Z (Reading database ... 85%
2026-10-08T22:04:18.1570352Z (Reading database ... 90%
2026-10-08T22:04:18.3062368Z (Reading database ... 95%
2026-10-08T22:04:18.3062805Z (Reading database ... 100%
2026-10-08T22:04:18.3063332Z (Reading database ... 203191 files and directories currently installed.)
2026-10-08T22:04:18.3106316Z Preparing to unpack .../00-libva2_2.20.0-2ubuntu0.2_amd64.deb ...
2026-10-08T22:04:18.3172267Z Unpacking libva2:amd64 (2.20.0-2ubuntu0.2) ...
2026-10-08T22:04:18.3358554Z Selecting previously unselected package libva-drm2:amd64.
2026-10-08T22:04:18.3471671Z Preparing to unpack .../01-libva-drm2_2.20.0-2ubuntu0.2_amd64.deb ...
2026-10-08T22:04:18.3477589Z Unpacking libva-drm2:amd64 (2.20.0-2ubuntu0.2) ...
2026-10-08T22:04:18.3646280Z Selecting previously unselected package libva-x11-2:amd64.
2026-10-08T22:04:18.3758733Z Preparing to unpack .../02-libva-x11-2_2.20.0-2ubuntu0.2_amd64.deb ...
2026-10-08T22:04:18.3764208Z Unpacking libva-x11-2:amd64 (2.20.0-2ubuntu0.2) ...
2026-10-08T22:04:18.3933407Z Selecting previously unselected package libvdpau1:amd64.
2026-10-08T22:04:18.4044320Z Preparing to unpack .../03-libvdpau1_1.5-2build1_amd64.deb ...
2026-10-08T22:04:18.4190555Z Unpacking libvdpau1:amd64 (1.5-2build1) ...
2026-10-08T22:04:18.4411065Z Selecting previously unselected package libvpl2.
2026-10-08T22:04:18.4525291Z Preparing to unpack .../04-libvpl2_2023.3.0-1build1_amd64.deb ...
2026-10-08T22:04:18.4530822Z Unpacking libvpl2 (2023.3.0-1build1) ...
2026-10-08T22:04:18.4715300Z Selecting previously unselected package ocl-icd-libopencl1:amd64.
2026-10-08T22:04:18.4828237Z Preparing to unpack .../05-ocl-icd-libopencl1_2.3.2-1build1_amd64.deb ...
2026-10-08T22:04:18.4833745Z Unpacking ocl-icd-libopencl1:amd64 (2.3.2-1build1) ...
2026-10-08T22:04:18.5036800Z Selecting previously unselected package libavutil58:amd64.
2026-10-08T22:04:18.5152137Z Preparing to unpack .../06-libavutil58_7%3a6.1.1-3ubuntu5_amd64.deb ...
2026-10-08T22:04:18.5158135Z Unpacking libavutil58:amd64 (7:6.1.1-3ubuntu5) ...
2026-10-08T22:04:18.5417444Z Selecting previously unselected package libcodec2-1.2:amd64.
2026-10-08T22:04:18.5529789Z Preparing to unpack .../07-libcodec2-1.2_1.2.0-2build1_amd64.deb ...
2026-10-08T22:04:18.5535251Z Unpacking libcodec2-1.2:amd64 (1.2.0-2build1) ...
2026-10-08T22:04:18.7065674Z Selecting previously unselected package libdav1d7:amd64.
2026-10-08T22:04:18.7177689Z Preparing to unpack .../08-libdav1d7_1.4.1-1build1_amd64.deb ...
2026-10-08T22:04:18.7184344Z Unpacking libdav1d7:amd64 (1.4.1-1build1) ...
2026-10-08T22:04:18.7472441Z Selecting previously unselected package libgsm1:amd64.
2026-10-08T22:04:18.7592971Z Preparing to unpack .../09-libgsm1_1.0.22-1build1_amd64.deb ...
2026-10-08T22:04:18.7598540Z Unpacking libgsm1:amd64 (1.0.22-1build1) ...
2026-10-08T22:04:18.7802233Z Selecting previously unselected package libhwy1t64:amd64.
2026-10-08T22:04:18.7914487Z Preparing to unpack .../10-libhwy1t64_1.0.7-8.1build1_amd64.deb ...
2026-10-08T22:04:18.7919898Z Unpacking libhwy1t64:amd64 (1.0.7-8.1build1) ...
2026-10-08T22:04:18.8335271Z Selecting previously unselected package libjxl0.7:amd64.
2026-10-08T22:04:18.8445203Z Preparing to unpack .../11-libjxl0.7_0.7.0-10.2ubuntu6.1_amd64.deb ...
2026-10-08T22:04:18.8451546Z Unpacking libjxl0.7:amd64 (0.7.0-10.2ubuntu6.1) ...
2026-10-08T22:04:18.8874930Z Selecting previously unselected package libmp3lame0:amd64.
2026-10-08T22:04:18.8986841Z Preparing to unpack .../12-libmp3lame0_3.100-6build1_amd64.deb ...
2026-10-08T22:04:18.9143894Z Unpacking libmp3lame0:amd64 (3.100-6build1) ...
2026-10-08T22:04:18.9335121Z Selecting previously unselected package libopus0:amd64.
2026-10-08T22:04:18.9446704Z Preparing to unpack .../13-libopus0_1.4-1build1_amd64.deb ...
2026-10-08T22:04:18.9451915Z Unpacking libopus0:amd64 (1.4-1build1) ...
2026-10-08T22:04:18.9636072Z Selecting previously unselected package librav1e0:amd64.
2026-10-08T22:04:18.9748088Z Preparing to unpack .../14-librav1e0_0.7.1-2_amd64.deb ...
2026-10-08T22:04:18.9754129Z Unpacking librav1e0:amd64 (0.7.1-2) ...
2026-10-08T22:04:19.0138481Z Selecting previously unselected package librsvg2-2:amd64.
2026-10-08T22:04:19.0252183Z Preparing to unpack .../15-librsvg2-2_2.58.0+dfsg-1ubuntu0.1_amd64.deb ...
2026-10-08T22:04:19.0258253Z Unpacking librsvg2-2:amd64 (2.58.0+dfsg-1ubuntu0.1) ...
2026-10-08T22:04:19.0930756Z Selecting previously unselected package libshine3:amd64.
2026-10-08T22:04:19.1043258Z Preparing to unpack .../16-libshine3_3.1.1-2build1_amd64.deb ...
2026-10-08T22:04:19.1049272Z Unpacking libshine3:amd64 (3.1.1-2build1) ...
2026-10-08T22:04:19.1696900Z Selecting previously unselected package libspeex1:amd64.
2026-10-08T22:04:19.1811018Z Preparing to unpack .../17-libspeex1_1.2.1-2ubuntu2.24.04.1_amd64.deb ...
2026-10-08T22:04:19.1816866Z Unpacking libspeex1:amd64 (1.2.1-2ubuntu2.24.04.1) ...
2026-10-08T22:04:19.1988965Z Selecting previously unselected package libsvtav1enc1d1:amd64.
2026-10-08T22:04:19.2101104Z Preparing to unpack .../18-libsvtav1enc1d1_1.7.0+dfsg-2build1_amd64.deb ...
2026-10-08T22:04:19.2106968Z Unpacking libsvtav1enc1d1:amd64 (1.7.0+dfsg-2build1) ...
2026-10-08T22:04:19.2890620Z Selecting previously unselected package libsoxr0:amd64.
2026-10-08T22:04:19.3003478Z Preparing to unpack .../19-libsoxr0_0.1.3-4build3_amd64.deb ...
2026-10-08T22:04:19.3009666Z Unpacking libsoxr0:amd64 (0.1.3-4build3) ...
2026-10-08T22:04:19.3186259Z Selecting previously unselected package libswresample4:amd64.
2026-10-08T22:04:19.3297584Z Preparing to unpack .../20-libswresample4_7%3a6.1.1-3ubuntu5_amd64.deb ...
2026-10-08T22:04:19.3304720Z Unpacking libswresample4:amd64 (7:6.1.1-3ubuntu5) ...
2026-10-08T22:04:19.3682362Z Selecting previously unselected package libtheora0:amd64.
2026-10-08T22:04:19.3793402Z Preparing to unpack .../21-libtheora0_1.1.1+dfsg.1-16.1build3_amd64.deb ...
2026-10-08T22:04:19.3801205Z Unpacking libtheora0:amd64 (1.1.1+dfsg.1-16.1build3) ...
2026-10-08T22:04:19.4017152Z Selecting previously unselected package libtwolame0:amd64.
2026-10-08T22:04:19.4128966Z Preparing to unpack .../22-libtwolame0_0.4.0-2build3_amd64.deb ...
2026-10-08T22:04:19.4135499Z Unpacking libtwolame0:amd64 (0.4.0-2build3) ...
2026-10-08T22:04:19.4310977Z Selecting previously unselected package libvorbisenc2:amd64.
2026-10-08T22:04:19.4423233Z Preparing to unpack .../23-libvorbisenc2_1.3.7-1build3_amd64.deb ...
2026-10-08T22:04:19.4429541Z Unpacking libvorbisenc2:amd64 (1.3.7-1build3) ...
2026-10-08T22:04:19.5179549Z Selecting previously unselected package libvpx9:amd64.
2026-10-08T22:04:19.5292637Z Preparing to unpack .../24-libvpx9_1.14.0-1ubuntu2.3_amd64.deb ...
2026-10-08T22:04:19.5299769Z Unpacking libvpx9:amd64 (1.14.0-1ubuntu2.3) ...
2026-10-08T22:04:19.5903616Z Selecting previously unselected package libx264-164:amd64.
2026-10-08T22:04:19.6017580Z Preparing to unpack .../25-libx264-164_2%3a0.164.3108+git31e19f9-1_amd64.deb ...
2026-10-08T22:04:19.6023903Z Unpacking libx264-164:amd64 (2:0.164.3108+git31e19f9-1) ...
2026-10-08T22:04:19.6324979Z Selecting previously unselected package libx265-199:amd64.
2026-10-08T22:04:19.6438879Z Preparing to unpack .../26-libx265-199_3.5-2build1_amd64.deb ...
2026-10-08T22:04:19.6444606Z Unpacking libx265-199:amd64 (3.5-2build1) ...
2026-10-08T22:04:19.8262961Z Selecting previously unselected package libxvidcore4:amd64.
2026-10-08T22:04:19.8374060Z Preparing to unpack .../27-libxvidcore4_2%3a1.3.7-1build1_amd64.deb ...
2026-10-08T22:04:19.8380028Z Unpacking libxvidcore4:amd64 (2:1.3.7-1build1) ...
2026-10-08T22:04:19.8570627Z Selecting previously unselected package libzvbi-common.
2026-10-08T22:04:19.8682031Z Preparing to unpack .../28-libzvbi-common_0.2.42-2_all.deb ...
2026-10-08T22:04:19.8687878Z Unpacking libzvbi-common (0.2.42-2) ...
2026-10-08T22:04:19.8913676Z Selecting previously unselected package libzvbi0t64:amd64.
2026-10-08T22:04:19.9026027Z Preparing to unpack .../29-libzvbi0t64_0.2.42-2_amd64.deb ...
2026-10-08T22:04:19.9033193Z Unpacking libzvbi0t64:amd64 (0.2.42-2) ...
2026-10-08T22:04:20.0905293Z Selecting previously unselected package libavcodec60:amd64.
2026-10-08T22:04:20.1016952Z Preparing to unpack .../30-libavcodec60_7%3a6.1.1-3ubuntu5_amd64.deb ...
2026-10-08T22:04:20.1023454Z Unpacking libavcodec60:amd64 (7:6.1.1-3ubuntu5) ...
2026-10-08T22:04:20.3390758Z Selecting previously unselected package libraw1394-11:amd64.
2026-10-08T22:04:20.3502785Z Preparing to unpack .../31-libraw1394-11_2.1.2-2build3_amd64.deb ...
2026-10-08T22:04:20.3509404Z Unpacking libraw1394-11:amd64 (2.1.2-2build3) ...
2026-10-08T22:04:20.3681795Z Selecting previously unselected package libavc1394-0:amd64.
2026-10-08T22:04:20.3794428Z Preparing to unpack .../32-libavc1394-0_0.5.4-5build3_amd64.deb ...
2026-10-08T22:04:20.3800482Z Unpacking libavc1394-0:amd64 (0.5.4-5build3) ...
2026-10-08T22:04:20.5127208Z Selecting previously unselected package libunibreak5:amd64.
2026-10-08T22:04:20.5241406Z Preparing to unpack .../33-libunibreak5_5.1-2build1_amd64.deb ...
2026-10-08T22:04:20.5247956Z Unpacking libunibreak5:amd64 (5.1-2build1) ...
2026-10-08T22:04:20.5651013Z Selecting previously unselected package libass9:amd64.
2026-10-08T22:04:20.5764512Z Preparing to unpack .../34-libass9_1%3a0.17.1-2build1_amd64.deb ...
2026-10-08T22:04:20.5770870Z Unpacking libass9:amd64 (1:0.17.1-2build1) ...
2026-10-08T22:04:20.5956064Z Selecting previously unselected package libudfread0:amd64.
2026-10-08T22:04:20.6071347Z Preparing to unpack .../35-libudfread0_1.1.2-1build1_amd64.deb ...
2026-10-08T22:04:20.6076277Z Unpacking libudfread0:amd64 (1.1.2-1build1) ...
2026-10-08T22:04:20.6248660Z Selecting previously unselected package libbluray2:amd64.
2026-10-08T22:04:20.6361296Z Preparing to unpack .../36-libbluray2_1%3a1.3.4-1build1_amd64.deb ...
2026-10-08T22:04:20.6367105Z Unpacking libbluray2:amd64 (1:1.3.4-1build1) ...
2026-10-08T22:04:20.7889669Z Selecting previously unselected package libchromaprint1:amd64.
2026-10-08T22:04:20.8003751Z Preparing to unpack .../37-libchromaprint1_1.5.1-5_amd64.deb ...
2026-10-08T22:04:20.8010470Z Unpacking libchromaprint1:amd64 (1.5.1-5) ...
2026-10-08T22:04:20.8189317Z Selecting previously unselected package libgme0:amd64.
2026-10-08T22:04:20.8302348Z Preparing to unpack .../38-libgme0_0.6.3-7build1_amd64.deb ...
2026-10-08T22:04:20.8310204Z Unpacking libgme0:amd64 (0.6.3-7build1) ...
2026-10-08T22:04:20.8544965Z Selecting previously unselected package libmpg123-0t64:amd64.
2026-10-08T22:04:20.8658847Z Preparing to unpack .../39-libmpg123-0t64_1.32.5-1ubuntu1.1_amd64.deb ...
2026-10-08T22:04:20.8665786Z Unpacking libmpg123-0t64:amd64 (1.32.5-1ubuntu1.1) ...
2026-10-08T22:04:21.0296629Z Selecting previously unselected package libopenmpt0t64:amd64.
2026-10-08T22:04:21.0412080Z Preparing to unpack .../40-libopenmpt0t64_0.7.3-1.1build3_amd64.deb ...
2026-10-08T22:04:21.0416695Z Unpacking libopenmpt0t64:amd64 (0.7.3-1.1build3) ...
2026-10-08T22:04:21.0690423Z Selecting previously unselected package libcjson1:amd64.
2026-10-08T22:04:21.0803108Z Preparing to unpack .../41-libcjson1_1.7.17-1_amd64.deb ...
2026-10-08T22:04:21.0809129Z Unpacking libcjson1:amd64 (1.7.17-1) ...
2026-10-08T22:04:21.0979773Z Selecting previously unselected package libmbedcrypto7t64:amd64.
2026-10-08T22:04:21.1092488Z Preparing to unpack .../42-libmbedcrypto7t64_2.28.8-1_amd64.deb ...
2026-10-08T22:04:21.1099395Z Unpacking libmbedcrypto7t64:amd64 (2.28.8-1) ...
2026-10-08T22:04:21.2538902Z Selecting previously unselected package librist4:amd64.
2026-10-08T22:04:21.2662940Z Preparing to unpack .../43-librist4_0.2.10+dfsg-2_amd64.deb ...
2026-10-08T22:04:21.2669955Z Unpacking librist4:amd64 (0.2.10+dfsg-2) ...
2026-10-08T22:04:21.2851407Z Selecting previously unselected package libsrt1.5-gnutls:amd64.
2026-10-08T22:04:21.2965435Z Preparing to unpack .../44-libsrt1.5-gnutls_1.5.3-1build2_amd64.deb ...
2026-10-08T22:04:21.2971859Z Unpacking libsrt1.5-gnutls:amd64 (1.5.3-1build2) ...
2026-10-08T22:04:21.3201768Z Selecting previously unselected package libssh-gcrypt-4:amd64.
2026-10-08T22:04:21.3314310Z Preparing to unpack .../45-libssh-gcrypt-4_0.10.6-2ubuntu0.5_amd64.deb ...
2026-10-08T22:04:21.3321139Z Unpacking libssh-gcrypt-4:amd64 (0.10.6-2ubuntu0.5) ...
2026-10-08T22:04:21.5369832Z Selecting previously unselected package libavformat60:amd64.
2026-10-08T22:04:21.5482975Z Preparing to unpack .../46-libavformat60_7%3a6.1.1-3ubuntu5_amd64.deb ...
2026-10-08T22:04:21.5489675Z Unpacking libavformat60:amd64 (7:6.1.1-3ubuntu5) ...
2026-10-08T22:04:21.7876081Z Selecting previously unselected package libbs2b0:amd64.
2026-10-08T22:04:21.7991568Z Preparing to unpack .../47-libbs2b0_3.1.0+dfsg-7build1_amd64.deb ...
2026-10-08T22:04:21.7998552Z Unpacking libbs2b0:amd64 (3.1.0+dfsg-7build1) ...
2026-10-08T22:04:22.0309518Z Selecting previously unselected package libflite1:amd64.
2026-10-08T22:04:22.0424797Z Preparing to unpack .../48-libflite1_2.2-6build3_amd64.deb ...
2026-10-08T22:04:22.0430955Z Unpacking libflite1:amd64 (2.2-6build3) ...
2026-10-08T22:04:22.2864825Z Selecting previously unselected package libserd-0-0:amd64.
2026-10-08T22:04:22.2977853Z Preparing to unpack .../49-libserd-0-0_0.32.2-1_amd64.deb ...
2026-10-08T22:04:22.2983652Z Unpacking libserd-0-0:amd64 (0.32.2-1) ...
2026-10-08T22:04:22.4951963Z Selecting previously unselected package libzix-0-0:amd64.
2026-10-08T22:04:22.5065625Z Preparing to unpack .../50-libzix-0-0_0.4.2-2build1_amd64.deb ...
2026-10-08T22:04:22.5071405Z Unpacking libzix-0-0:amd64 (0.4.2-2build1) ...
2026-10-08T22:04:22.5243370Z Selecting previously unselected package libsord-0-0:amd64.
2026-10-08T22:04:22.5356715Z Preparing to unpack .../51-libsord-0-0_0.16.16-2build1_amd64.deb ...
2026-10-08T22:04:22.5362467Z Unpacking libsord-0-0:amd64 (0.16.16-2build1) ...
2026-10-08T22:04:22.7270330Z Selecting previously unselected package libsratom-0-0:amd64.
2026-10-08T22:04:22.7383692Z Preparing to unpack .../52-libsratom-0-0_0.6.16-1build1_amd64.deb ...
2026-10-08T22:04:22.7390460Z Unpacking libsratom-0-0:amd64 (0.6.16-1build1) ...
2026-10-08T22:04:22.7560238Z Selecting previously unselected package liblilv-0-0:amd64.
2026-10-08T22:04:22.7671335Z Preparing to unpack .../53-liblilv-0-0_0.24.22-1build1_amd64.deb ...
2026-10-08T22:04:22.7695082Z Unpacking liblilv-0-0:amd64 (0.24.22-1build1) ...
2026-10-08T22:04:22.7869821Z Selecting previously unselected package libmysofa1:amd64.
2026-10-08T22:04:22.7982086Z Preparing to unpack .../54-libmysofa1_1.3.2+dfsg-2ubuntu2_amd64.deb ...
2026-10-08T22:04:22.7988737Z Unpacking libmysofa1:amd64 (1.3.2+dfsg-2ubuntu2) ...
2026-10-08T22:04:22.8244393Z Selecting previously unselected package libplacebo338:amd64.
2026-10-08T22:04:22.8356301Z Preparing to unpack .../55-libplacebo338_6.338.2-2build1_amd64.deb ...
2026-10-08T22:04:22.8389691Z Unpacking libplacebo338:amd64 (6.338.2-2build1) ...
2026-10-08T22:04:22.9183004Z Selecting previously unselected package libblas3:amd64.
2026-10-08T22:04:22.9295642Z Preparing to unpack .../56-libblas3_3.12.0-3build1.1_amd64.deb ...
2026-10-08T22:04:22.9491270Z Unpacking libblas3:amd64 (3.12.0-3build1.1) ...
2026-10-08T22:04:22.9688083Z Selecting previously unselected package liblapack3:amd64.
2026-10-08T22:04:22.9800361Z Preparing to unpack .../57-liblapack3_3.12.0-3build1.1_amd64.deb ...
2026-10-08T22:04:22.9827481Z Unpacking liblapack3:amd64 (3.12.0-3build1.1) ...
2026-10-08T22:04:23.0524342Z Selecting previously unselected package libasyncns0:amd64.
2026-10-08T22:04:23.0635971Z Preparing to unpack .../58-libasyncns0_0.8-6build4_amd64.deb ...
2026-10-08T22:04:23.0643179Z Unpacking libasyncns0:amd64 (0.8-6build4) ...
2026-10-08T22:04:23.0820499Z Selecting previously unselected package libflac12t64:amd64.
2026-10-08T22:04:23.0931975Z Preparing to unpack .../59-libflac12t64_1.4.3+ds-2.1ubuntu2_amd64.deb ...
2026-10-08T22:04:23.0938466Z Unpacking libflac12t64:amd64 (1.4.3+ds-2.1ubuntu2) ...
2026-10-08T22:04:23.1141234Z Selecting previously unselected package libsndfile1:amd64.
2026-10-08T22:04:23.1254307Z Preparing to unpack .../60-libsndfile1_1.2.2-1ubuntu5.24.04.1_amd64.deb ...
2026-10-08T22:04:23.1260783Z Unpacking libsndfile1:amd64 (1.2.2-1ubuntu5.24.04.1) ...
2026-10-08T22:04:23.1647299Z Selecting previously unselected package libpulse0:amd64.
2026-10-08T22:04:23.1761904Z Preparing to unpack .../61-libpulse0_1%3a16.1+dfsg1-2ubuntu10.1_amd64.deb ...
2026-10-08T22:04:23.1820975Z Unpacking libpulse0:amd64 (1:16.1+dfsg1-2ubuntu10.1) ...
2026-10-08T22:04:23.2039130Z Selecting previously unselected package libsphinxbase3t64:amd64.
2026-10-08T22:04:23.2151003Z Preparing to unpack .../62-libsphinxbase3t64_0.8+5prealpha+1-17build2_amd64.deb ...
2026-10-08T22:04:23.2156787Z Unpacking libsphinxbase3t64:amd64 (0.8+5prealpha+1-17build2) ...
2026-10-08T22:04:23.2340430Z Selecting previously unselected package libpocketsphinx3:amd64.
2026-10-08T22:04:23.2452495Z Preparing to unpack .../63-libpocketsphinx3_0.8.0+real5prealpha+1-15ubuntu5_amd64.deb ...
2026-10-08T22:04:23.2458493Z Unpacking libpocketsphinx3:amd64 (0.8.0+real5prealpha+1-15ubuntu5) ...
2026-10-08T22:04:23.2641830Z Selecting previously unselected package libpostproc57:amd64.
2026-10-08T22:04:23.2753412Z Preparing to unpack .../64-libpostproc57_7%3a6.1.1-3ubuntu5_amd64.deb ...
2026-10-08T22:04:23.2760187Z Unpacking libpostproc57:amd64 (7:6.1.1-3ubuntu5) ...
2026-10-08T22:04:23.3001061Z Selecting previously unselected package libsamplerate0:amd64.
2026-10-08T22:04:23.3065855Z Preparing to unpack .../65-libsamplerate0_0.2.2-4build1_amd64.deb ...
2026-10-08T22:04:23.3071497Z Unpacking libsamplerate0:amd64 (0.2.2-4build1) ...
2026-10-08T22:04:23.3336323Z Selecting previously unselected package librubberband2:amd64.
2026-10-08T22:04:23.3447501Z Preparing to unpack .../66-librubberband2_3.3.0+dfsg-2build1_amd64.deb ...
2026-10-08T22:04:23.3454390Z Unpacking librubberband2:amd64 (3.3.0+dfsg-2build1) ...
2026-10-08T22:04:23.3814934Z Selecting previously unselected package libswscale7:amd64.
2026-10-08T22:04:23.3927740Z Preparing to unpack .../67-libswscale7_7%3a6.1.1-3ubuntu5_amd64.deb ...
2026-10-08T22:04:23.3934592Z Unpacking libswscale7:amd64 (7:6.1.1-3ubuntu5) ...
2026-10-08T22:04:23.4135110Z Selecting previously unselected package libvidstab1.1:amd64.
2026-10-08T22:04:23.4247113Z Preparing to unpack .../68-libvidstab1.1_1.1.0-2build1_amd64.deb ...
2026-10-08T22:04:23.4253177Z Unpacking libvidstab1.1:amd64 (1.1.0-2build1) ...
2026-10-08T22:04:23.4422278Z Selecting previously unselected package libzimg2:amd64.
2026-10-08T22:04:23.4534473Z Preparing to unpack .../69-libzimg2_3.0.5+ds1-1build1_amd64.deb ...
2026-10-08T22:04:23.4540640Z Unpacking libzimg2:amd64 (3.0.5+ds1-1build1) ...
2026-10-08T22:04:23.4758385Z Selecting previously unselected package libavfilter9:amd64.
2026-10-08T22:04:23.4870003Z Preparing to unpack .../70-libavfilter9_7%3a6.1.1-3ubuntu5_amd64.deb ...
2026-10-08T22:04:23.4876718Z Unpacking libavfilter9:amd64 (7:6.1.1-3ubuntu5) ...
2026-10-08T22:04:23.6259382Z Selecting previously unselected package libcaca0:amd64.
2026-10-08T22:04:23.6371437Z Preparing to unpack .../71-libcaca0_0.99.beta20-4ubuntu0.2_amd64.deb ...
2026-10-08T22:04:23.6378196Z Unpacking libcaca0:amd64 (0.99.beta20-4ubuntu0.2) ...
2026-10-08T22:04:23.6675658Z Selecting previously unselected package libcdio19t64:amd64.
2026-10-08T22:04:23.6788629Z Preparing to unpack .../72-libcdio19t64_2.1.0-4.1ubuntu1.2_amd64.deb ...
2026-10-08T22:04:23.6794972Z Unpacking libcdio19t64:amd64 (2.1.0-4.1ubuntu1.2) ...
2026-10-08T22:04:23.6973606Z Selecting previously unselected package libcdio-cdda2t64:amd64.
2026-10-08T22:04:23.7086274Z Preparing to unpack .../73-libcdio-cdda2t64_10.2+2.0.1-1.1build2_amd64.deb ...
2026-10-08T22:04:23.7093063Z Unpacking libcdio-cdda2t64:amd64 (10.2+2.0.1-1.1build2) ...
2026-10-08T22:04:23.7269215Z Selecting previously unselected package libcdio-paranoia2t64:amd64.
2026-10-08T22:04:23.7382599Z Preparing to unpack .../74-libcdio-paranoia2t64_10.2+2.0.1-1.1build2_amd64.deb ...
2026-10-08T22:04:23.7388772Z Unpacking libcdio-paranoia2t64:amd64 (10.2+2.0.1-1.1build2) ...
2026-10-08T22:04:23.7566399Z Selecting previously unselected package libdc1394-25:amd64.
2026-10-08T22:04:23.7681794Z Preparing to unpack .../75-libdc1394-25_2.2.6-4build1_amd64.deb ...
2026-10-08T22:04:23.7687470Z Unpacking libdc1394-25:amd64 (2.2.6-4build1) ...
2026-10-08T22:04:23.7907332Z Selecting previously unselected package libiec61883-0:amd64.
2026-10-08T22:04:23.8019246Z Preparing to unpack .../76-libiec61883-0_1.2.0-6build1_amd64.deb ...
2026-10-08T22:04:23.8026105Z Unpacking libiec61883-0:amd64 (1.2.0-6build1) ...
2026-10-08T22:04:23.8520238Z Selecting previously unselected package libjack-jackd2-0:amd64.
2026-10-08T22:04:23.8630890Z Preparing to unpack .../77-libjack-jackd2-0_1.9.21~dfsg-3ubuntu3_amd64.deb ...
2026-10-08T22:04:23.8637902Z Unpacking libjack-jackd2-0:amd64 (1.9.21~dfsg-3ubuntu3) ...
2026-10-08T22:04:23.8854691Z Selecting previously unselected package libopenal-data.
2026-10-08T22:04:23.8966948Z Preparing to unpack .../78-libopenal-data_1%3a1.23.1-4build1_all.deb ...
2026-10-08T22:04:23.8972442Z Unpacking libopenal-data (1:1.23.1-4build1) ...
2026-10-08T22:04:23.9162705Z Selecting previously unselected package libsndio7.0:amd64.
2026-10-08T22:04:23.9274167Z Preparing to unpack .../79-libsndio7.0_1.9.0-0.3build3_amd64.deb ...
2026-10-08T22:04:23.9281062Z Unpacking libsndio7.0:amd64 (1.9.0-0.3build3) ...
2026-10-08T22:04:23.9569210Z Selecting previously unselected package libopenal1:amd64.
2026-10-08T22:04:23.9680785Z Preparing to unpack .../80-libopenal1_1%3a1.23.1-4build1_amd64.deb ...
2026-10-08T22:04:23.9687541Z Unpacking libopenal1:amd64 (1:1.23.1-4build1) ...
2026-10-08T22:04:23.9939306Z Selecting previously unselected package libdecor-0-0:amd64.
2026-10-08T22:04:24.0050391Z Preparing to unpack .../81-libdecor-0-0_0.2.2-1build2_amd64.deb ...
2026-10-08T22:04:24.0057201Z Unpacking libdecor-0-0:amd64 (0.2.2-1build2) ...
2026-10-08T22:04:24.0229333Z Selecting previously unselected package libsdl2-2.0-0:amd64.
2026-10-08T22:04:24.0342270Z Preparing to unpack .../82-libsdl2-2.0-0_2.30.0+dfsg-1ubuntu3.1_amd64.deb ...
2026-10-08T22:04:24.0409415Z Unpacking libsdl2-2.0-0:amd64 (2.30.0+dfsg-1ubuntu3.1) ...
2026-10-08T22:04:24.1409409Z Selecting previously unselected package libxcb-shape0:amd64.
2026-10-08T22:04:24.1521566Z Preparing to unpack .../83-libxcb-shape0_1.15-1ubuntu2_amd64.deb ...
2026-10-08T22:04:24.1528169Z Unpacking libxcb-shape0:amd64 (1.15-1ubuntu2) ...
2026-10-08T22:04:24.1697390Z Selecting previously unselected package libxv1:amd64.
2026-10-08T22:04:24.1809293Z Preparing to unpack .../84-libxv1_2%3a1.0.11-1.1build1_amd64.deb ...
2026-10-08T22:04:24.1815597Z Unpacking libxv1:amd64 (2:1.0.11-1.1build1) ...
2026-10-08T22:04:24.1999690Z Selecting previously unselected package libavdevice60:amd64.
2026-10-08T22:04:24.2111965Z Preparing to unpack .../85-libavdevice60_7%3a6.1.1-3ubuntu5_amd64.deb ...
2026-10-08T22:04:24.2117892Z Unpacking libavdevice60:amd64 (7:6.1.1-3ubuntu5) ...
2026-10-08T22:04:24.2308702Z Selecting previously unselected package ffmpeg.
2026-10-08T22:04:24.2420593Z Preparing to unpack .../86-ffmpeg_7%3a6.1.1-3ubuntu5_amd64.deb ...
2026-10-08T22:04:24.2588348Z Unpacking ffmpeg (7:6.1.1-3ubuntu5) ...
2026-10-08T22:04:24.2923330Z Selecting previously unselected package libigdgmm12:amd64.
2026-10-08T22:04:24.3035992Z Preparing to unpack .../87-libigdgmm12_22.3.17+ds1-1ubuntu1_amd64.deb ...
2026-10-08T22:04:24.3042459Z Unpacking libigdgmm12:amd64 (22.3.17+ds1-1ubuntu1) ...
2026-10-08T22:04:24.3234481Z Selecting previously unselected package intel-media-va-driver:amd64.
2026-10-08T22:04:24.3346632Z Preparing to unpack .../88-intel-media-va-driver_24.1.0+dfsg1-1ubuntu0.2_amd64.deb ...
2026-10-08T22:04:24.3352497Z Unpacking intel-media-va-driver:amd64 (24.1.0+dfsg1-1ubuntu0.2) ...
2026-10-08T22:04:24.4499347Z Selecting previously unselected package libaacs0:amd64.
2026-10-08T22:04:24.4611956Z Preparing to unpack .../89-libaacs0_0.11.1-2build1_amd64.deb ...
2026-10-08T22:04:24.4747308Z Unpacking libaacs0:amd64 (0.11.1-2build1) ...
2026-10-08T22:04:24.4927572Z Selecting previously unselected package libbdplus0:amd64.
2026-10-08T22:04:24.5038522Z Preparing to unpack .../90-libbdplus0_0.2.0-3build1_amd64.deb ...
2026-10-08T22:04:24.5044461Z Unpacking libbdplus0:amd64 (0.2.0-3build1) ...
2026-10-08T22:04:24.5216161Z Selecting previously unselected package libdecor-0-plugin-1-gtk:amd64.
2026-10-08T22:04:24.5327786Z Preparing to unpack .../91-libdecor-0-plugin-1-gtk_0.2.2-1build2_amd64.deb ...
2026-10-08T22:04:24.5333516Z Unpacking libdecor-0-plugin-1-gtk:amd64 (0.2.2-1build2) ...
2026-10-08T22:04:24.5501868Z Selecting previously unselected package librsvg2-common:amd64.
2026-10-08T22:04:24.5613693Z Preparing to unpack .../92-librsvg2-common_2.58.0+dfsg-1ubuntu0.1_amd64.deb ...
2026-10-08T22:04:24.5619533Z Unpacking librsvg2-common:amd64 (2.58.0+dfsg-1ubuntu0.1) ...
2026-10-08T22:04:24.5813462Z Selecting previously unselected package mesa-va-drivers:amd64.
2026-10-08T22:04:24.5925904Z Preparing to unpack .../93-mesa-va-drivers_25.2.8-0ubuntu0.24.04.4_amd64.deb ...
2026-10-08T22:04:24.5931609Z Unpacking mesa-va-drivers:amd64 (25.2.8-0ubuntu0.24.04.4) ...
2026-10-08T22:04:24.6105842Z Selecting previously unselected package mesa-vdpau-drivers:amd64.
2026-10-08T22:04:24.6215910Z Preparing to unpack .../94-mesa-vdpau-drivers_25.2.8-0ubuntu0.24.04.4_amd64.deb ...
2026-10-08T22:04:24.6221620Z Unpacking mesa-vdpau-drivers:amd64 (25.2.8-0ubuntu0.24.04.4) ...
2026-10-08T22:04:24.6398722Z Selecting previously unselected package i965-va-driver:amd64.
2026-10-08T22:04:24.6509305Z Preparing to unpack .../95-i965-va-driver_2.4.1+dfsg1-1ubuntu0.2_amd64.deb ...
2026-10-08T22:04:24.6515531Z Unpacking i965-va-driver:amd64 (2.4.1+dfsg1-1ubuntu0.2) ...
2026-10-08T22:04:24.6914029Z Selecting previously unselected package va-driver-all:amd64.
2026-10-08T22:04:24.7026967Z Preparing to unpack .../96-va-driver-all_2.20.0-2ubuntu0.2_amd64.deb ...
2026-10-08T22:04:24.7047365Z Unpacking va-driver-all:amd64 (2.20.0-2ubuntu0.2) ...
2026-10-08T22:04:24.7214058Z Selecting previously unselected package vdpau-driver-all:amd64.
2026-10-08T22:04:24.7325985Z Preparing to unpack .../97-vdpau-driver-all_1.5-2build1_amd64.deb ...
2026-10-08T22:04:24.7333055Z Unpacking vdpau-driver-all:amd64 (1.5-2build1) ...
2026-10-08T22:04:24.7492468Z Selecting previously unselected package pocketsphinx-en-us.
2026-10-08T22:04:24.7603699Z Preparing to unpack .../98-pocketsphinx-en-us_0.8.0+real5prealpha+1-15ubuntu5_all.deb ...
2026-10-08T22:04:24.7611279Z Unpacking pocketsphinx-en-us (0.8.0+real5prealpha+1-15ubuntu5) ...
2026-10-08T22:04:25.0777834Z Setting up libgme0:amd64 (0.6.3-7build1) ...
2026-10-08T22:04:25.0796100Z Setting up libchromaprint1:amd64 (1.5.1-5) ...
2026-10-08T22:04:25.0812253Z Setting up libssh-gcrypt-4:amd64 (0.10.6-2ubuntu0.5) ...
2026-10-08T22:04:25.0852646Z Setting up libhwy1t64:amd64 (1.0.7-8.1build1) ...
2026-10-08T22:04:25.0866899Z Setting up libudfread0:amd64 (1.1.2-1build1) ...
2026-10-08T22:04:25.0881987Z Setting up libraw1394-11:amd64 (2.1.2-2build3) ...
2026-10-08T22:04:25.0897190Z Setting up libspeex1:amd64 (1.2.1-2ubuntu2.24.04.1) ...
2026-10-08T22:04:25.0910530Z Setting up libshine3:amd64 (3.1.1-2build1) ...
2026-10-08T22:04:25.0924784Z Setting up libcaca0:amd64 (0.99.beta20-4ubuntu0.2) ...
2026-10-08T22:04:25.0938012Z Setting up libvpl2 (2023.3.0-1build1) ...
2026-10-08T22:04:25.0952479Z Setting up libx264-164:amd64 (2:0.164.3108+git31e19f9-1) ...
2026-10-08T22:04:25.0967860Z Setting up libtwolame0:amd64 (0.4.0-2build3) ...
2026-10-08T22:04:25.0981381Z Setting up libmbedcrypto7t64:amd64 (2.28.8-1) ...
2026-10-08T22:04:25.0996102Z Setting up libgsm1:amd64 (1.0.22-1build1) ...
2026-10-08T22:04:25.1017125Z Setting up libsoxr0:amd64 (0.1.3-4build3) ...
2026-10-08T22:04:25.1031683Z Setting up libzix-0-0:amd64 (0.4.2-2build1) ...
2026-10-08T22:04:25.1044702Z Setting up libcodec2-1.2:amd64 (1.2.0-2build1) ...
2026-10-08T22:04:25.1057993Z Setting up libmysofa1:amd64 (1.3.2+dfsg-2ubuntu2) ...
2026-10-08T22:04:25.1072773Z Setting up libxcb-shape0:amd64 (1.15-1ubuntu2) ...
2026-10-08T22:04:25.1086333Z Setting up libcdio19t64:amd64 (2.1.0-4.1ubuntu1.2) ...
2026-10-08T22:04:25.1100258Z Setting up libsvtav1enc1d1:amd64 (1.7.0+dfsg-2build1) ...
2026-10-08T22:04:25.1113424Z Setting up libigdgmm12:amd64 (22.3.17+ds1-1ubuntu1) ...
2026-10-08T22:04:25.1127733Z Setting up libmpg123-0t64:amd64 (1.32.5-1ubuntu1.1) ...
2026-10-08T22:04:25.1143201Z Setting up libcjson1:amd64 (1.7.17-1) ...
2026-10-08T22:04:25.1157914Z Setting up libxvidcore4:amd64 (2:1.3.7-1build1) ...
2026-10-08T22:04:25.1172277Z Setting up librav1e0:amd64 (0.7.1-2) ...
2026-10-08T22:04:25.1186899Z Setting up libcdio-cdda2t64:amd64 (10.2+2.0.1-1.1build2) ...
2026-10-08T22:04:25.1200198Z Setting up librist4:amd64 (0.2.10+dfsg-2) ...
2026-10-08T22:04:25.1214859Z Setting up librsvg2-2:amd64 (2.58.0+dfsg-1ubuntu0.1) ...
2026-10-08T22:04:25.1228149Z Setting up libblas3:amd64 (3.12.0-3build1.1) ...
2026-10-08T22:04:25.1281122Z update-alternatives: using /usr/lib/x86_64-linux-gnu/blas/libblas.so.3 to provide /usr/lib/x86_64-linux-gnu/libblas.so.3 (libblas.so.3-x86_64-linux-gnu) in auto mode
2026-10-08T22:04:25.1294932Z Setting up libplacebo338:amd64 (6.338.2-2build1) ...
2026-10-08T22:04:25.1307719Z Setting up libva2:amd64 (2.20.0-2ubuntu0.2) ...
2026-10-08T22:04:25.1320928Z Setting up libopus0:amd64 (1.4-1build1) ...
2026-10-08T22:04:25.1337226Z Setting up libcdio-paranoia2t64:amd64 (10.2+2.0.1-1.1build2) ...
2026-10-08T22:04:25.1350342Z Setting up libdc1394-25:amd64 (2.2.6-4build1) ...
2026-10-08T22:04:25.1366106Z Setting up intel-media-va-driver:amd64 (24.1.0+dfsg1-1ubuntu0.2) ...
2026-10-08T22:04:25.1378468Z Setting up libxv1:amd64 (2:1.0.11-1.1build1) ...
2026-10-08T22:04:25.1391438Z Setting up libunibreak5:amd64 (5.1-2build1) ...
2026-10-08T22:04:25.1405874Z Setting up libaacs0:amd64 (0.11.1-2build1) ...
2026-10-08T22:04:25.1419763Z Setting up libjxl0.7:amd64 (0.7.0-10.2ubuntu6.1) ...
2026-10-08T22:04:25.1437218Z Setting up librsvg2-common:amd64 (2.58.0+dfsg-1ubuntu0.1) ...
2026-10-08T22:04:25.1547580Z Setting up pocketsphinx-en-us (0.8.0+real5prealpha+1-15ubuntu5) ...
2026-10-08T22:04:25.1591051Z Setting up libx265-199:amd64 (3.5-2build1) ...
2026-10-08T22:04:25.1604840Z Setting up libsndio7.0:amd64 (1.9.0-0.3build3) ...
2026-10-08T22:04:25.1620625Z Setting up libbdplus0:amd64 (0.2.0-3build1) ...
2026-10-08T22:04:25.1636313Z Setting up libvidstab1.1:amd64 (1.1.0-2build1) ...
2026-10-08T22:04:25.1649636Z Setting up libvpx9:amd64 (1.14.0-1ubuntu2.3) ...
2026-10-08T22:04:25.1664398Z Setting up libsrt1.5-gnutls:amd64 (1.5.3-1build2) ...
2026-10-08T22:04:25.1677711Z Setting up libflite1:amd64 (2.2-6build3) ...
2026-10-08T22:04:25.1829905Z Setting up libdav1d7:amd64 (1.4.1-1build1) ...
2026-10-08T22:04:25.1847532Z Setting up libva-drm2:amd64 (2.20.0-2ubuntu0.2) ...
2026-10-08T22:04:25.1861170Z Setting up ocl-icd-libopencl1:amd64 (2.3.2-1build1) ...
2026-10-08T22:04:25.1876248Z Setting up libasyncns0:amd64 (0.8-6build4) ...
2026-10-08T22:04:25.1889377Z Setting up libvdpau1:amd64 (1.5-2build1) ...
2026-10-08T22:04:25.1908794Z Setting up libbs2b0:amd64 (3.1.0+dfsg-7build1) ...
2026-10-08T22:04:25.1923115Z Setting up libtheora0:amd64 (1.1.1+dfsg.1-16.1build3) ...
2026-10-08T22:04:25.1937660Z Setting up libdecor-0-0:amd64 (0.2.2-1build2) ...
2026-10-08T22:04:25.1951575Z Setting up libzimg2:amd64 (3.0.5+ds1-1build1) ...
2026-10-08T22:04:25.1966419Z Setting up libopenal-data (1:1.23.1-4build1) ...
2026-10-08T22:04:25.1987320Z Setting up libflac12t64:amd64 (1.4.3+ds-2.1ubuntu2) ...
2026-10-08T22:04:25.2000794Z Setting up mesa-va-drivers:amd64 (25.2.8-0ubuntu0.24.04.4) ...
2026-10-08T22:04:25.2013564Z Setting up libbluray2:amd64 (1:1.3.4-1build1) ...
2026-10-08T22:04:25.2028044Z Setting up libsamplerate0:amd64 (0.2.2-4build1) ...
2026-10-08T22:04:25.2040929Z Setting up libva-x11-2:amd64 (2.20.0-2ubuntu0.2) ...
2026-10-08T22:04:25.2054727Z Setting up libdecor-0-plugin-1-gtk:amd64 (0.2.2-1build2) ...
2026-10-08T22:04:25.2067672Z Setting up libopenmpt0t64:amd64 (0.7.3-1.1build3) ...
2026-10-08T22:04:25.2082164Z Setting up libzvbi-common (0.2.42-2) ...
2026-10-08T22:04:25.2096862Z Setting up libmp3lame0:amd64 (3.100-6build1) ...
2026-10-08T22:04:25.2110803Z Setting up i965-va-driver:amd64 (2.4.1+dfsg1-1ubuntu0.2) ...
2026-10-08T22:04:25.2125994Z Setting up libvorbisenc2:amd64 (1.3.7-1build3) ...
2026-10-08T22:04:25.2139853Z Setting up libiec61883-0:amd64 (1.2.0-6build1) ...
2026-10-08T22:04:25.2152822Z Setting up libserd-0-0:amd64 (0.32.2-1) ...
2026-10-08T22:04:25.2168025Z Setting up libavc1394-0:amd64 (0.5.4-5build3) ...
2026-10-08T22:04:25.2182689Z Setting up mesa-vdpau-drivers:amd64 (25.2.8-0ubuntu0.24.04.4) ...
2026-10-08T22:04:25.2195428Z Setting up liblapack3:amd64 (3.12.0-3build1.1) ...
2026-10-08T22:04:25.2249921Z update-alternatives: using /usr/lib/x86_64-linux-gnu/lapack/liblapack.so.3 to provide /usr/lib/x86_64-linux-gnu/liblapack.so.3 (liblapack.so.3-x86_64-linux-gnu) in auto mode
2026-10-08T22:04:25.2262556Z Setting up libzvbi0t64:amd64 (0.2.42-2) ...
2026-10-08T22:04:25.2277923Z Setting up libavutil58:amd64 (7:6.1.1-3ubuntu5) ...
2026-10-08T22:04:25.2293513Z Setting up libopenal1:amd64 (1:1.23.1-4build1) ...
2026-10-08T22:04:25.2307610Z Setting up libass9:amd64 (1:0.17.1-2build1) ...
2026-10-08T22:04:25.2324000Z Setting up libswresample4:amd64 (7:6.1.1-3ubuntu5) ...
2026-10-08T22:04:25.2337811Z Setting up va-driver-all:amd64 (2.20.0-2ubuntu0.2) ...
2026-10-08T22:04:25.2350712Z Setting up libavcodec60:amd64 (7:6.1.1-3ubuntu5) ...
2026-10-08T22:04:25.2367854Z Setting up librubberband2:amd64 (3.3.0+dfsg-2build1) ...
2026-10-08T22:04:25.2961009Z Setting up libjack-jackd2-0:amd64 (1.9.21~dfsg-3ubuntu3) ...
2026-10-08T22:04:25.2974906Z Setting up vdpau-driver-all:amd64 (1.5-2build1) ...
2026-10-08T22:04:25.2988146Z Setting up libsord-0-0:amd64 (0.16.16-2build1) ...
2026-10-08T22:04:25.3003705Z Setting up libpostproc57:amd64 (7:6.1.1-3ubuntu5) ...
2026-10-08T22:04:25.3018436Z Setting up libsratom-0-0:amd64 (0.6.16-1build1) ...
2026-10-08T22:04:25.3034270Z Setting up libsndfile1:amd64 (1.2.2-1ubuntu5.24.04.1) ...
2026-10-08T22:04:25.3047652Z Setting up liblilv-0-0:amd64 (0.24.22-1build1) ...
2026-10-08T22:04:25.3060607Z Setting up libswscale7:amd64 (7:6.1.1-3ubuntu5) ...
2026-10-08T22:04:25.3075871Z Setting up libpulse0:amd64 (1:16.1+dfsg1-2ubuntu10.1) ...
2026-10-08T22:04:25.3136309Z Setting up libavformat60:amd64 (7:6.1.1-3ubuntu5) ...
2026-10-08T22:04:25.3151735Z Setting up libsphinxbase3t64:amd64 (0.8+5prealpha+1-17build2) ...
2026-10-08T22:04:25.3164867Z Setting up libsdl2-2.0-0:amd64 (2.30.0+dfsg-1ubuntu3.1) ...
2026-10-08T22:04:25.3179241Z Setting up libpocketsphinx3:amd64 (0.8.0+real5prealpha+1-15ubuntu5) ...
2026-10-08T22:04:25.3431816Z Setting up libavfilter9:amd64 (7:6.1.1-3ubuntu5) ...
2026-10-08T22:04:25.3446408Z Setting up libavdevice60:amd64 (7:6.1.1-3ubuntu5) ...
2026-10-08T22:04:25.3459196Z Setting up ffmpeg (7:6.1.1-3ubuntu5) ...
2026-10-08T22:04:25.3478675Z Processing triggers for man-db (2.12.0-4build2) ...
2026-10-08T22:04:25.3496263Z Not building database; man-db/auto-update is not 'true'.
2026-10-08T22:04:25.3509200Z Processing triggers for libgdk-pixbuf-2.0-0:amd64 (2.42.10+dfsg-3ubuntu3.3) ...
2026-10-08T22:04:25.5029725Z Processing triggers for libc-bin (2.39-0ubuntu8.9) ...
2026-10-08T22:04:26.1416847Z 
2026-10-08T22:04:26.1417475Z Running kernel seems to be up-to-date.
2026-10-08T22:04:26.1417784Z 
2026-10-08T22:04:26.1417971Z No services need to be restarted.
2026-10-08T22:04:26.1418185Z 
2026-10-08T22:04:26.1418376Z No containers need to be restarted.
2026-10-08T22:04:26.1418594Z 
2026-10-08T22:04:26.1418845Z No user sessions are running outdated binaries.
2026-10-08T22:04:26.1419396Z 
2026-10-08T22:04:26.1419748Z No VM guests are running outdated hypervisor (qemu) binaries on this host.
2026-10-08T22:04:27.2642481Z ffprobe version 6.1.1-3ubuntu5 Copyright (c) 2007-2023 the FFmpeg developers
2026-10-08T22:04:27.2643116Z built with gcc 13 (Ubuntu 13.2.0-23ubuntu3)
2026-10-08T22:04:27.2650515Z configuration: --prefix=/usr --extra-version=3ubuntu5 --toolchain=hardened --libdir=/usr/lib/x86_64-linux-gnu --incdir=/usr/include/x86_64-linux-gnu --arch=amd64 --enable-gpl --disable-stripping --disable-omx --enable-gnutls --enable-libaom --enable-libass --enable-libbs2b --enable-libcaca --enable-libcdio --enable-libcodec2 --enable-libdav1d --enable-libflite --enable-libfontconfig --enable-libfreetype --enable-libfribidi --enable-libglslang --enable-libgme --enable-libgsm --enable-libharfbuzz --enable-libmp3lame --enable-libmysofa --enable-libopenjpeg --enable-libopenmpt --enable-libopus --enable-librubberband --enable-libshine --enable-libsnappy --enable-libsoxr --enable-libspeex --enable-libtheora --enable-libtwolame --enable-libvidstab --enable-libvorbis --enable-libvpx --enable-libwebp --enable-libx265 --enable-libxml2 --enable-libxvid --enable-libzimg --enable-openal --enable-opencl --enable-opengl --disable-sndio --enable-libvpl --disable-libmfx --enable-libdc1394 --enable-libdrm --enable-libiec61883 --enable-chromaprint --enable-frei0r --enable-ladspa --enable-libbluray --enable-libjack --enable-libpulse --enable-librabbitmq --enable-librist --enable-libsrt --enable-libssh --enable-libsvtav1 --enable-libx264 --enable-libzmq --enable-libzvbi --enable-lv2 --enable-sdl2 --enable-libplacebo --enable-librav1e --enable-pocketsphinx --enable-librsvg --enable-libjxl --enable-shared
2026-10-08T22:04:27.2657312Z libavutil      58. 29.100 / 58. 29.100
2026-10-08T22:04:27.2657696Z libavcodec     60. 31.102 / 60. 31.102
2026-10-08T22:04:27.2658077Z libavformat    60. 16.100 / 60. 16.100
2026-10-08T22:04:27.2658818Z libavdevice    60.  3.100 / 60.  3.100
2026-10-08T22:04:27.2659204Z libavfilter     9. 12.100 /  9. 12.100
2026-10-08T22:04:27.2659588Z libswscale      7.  5.100 /  7.  5.100
2026-10-08T22:04:27.2659976Z libswresample   4. 12.100 /  4. 12.100
2026-10-08T22:04:27.2660393Z libpostproc    57.  3.100 / 57.  3.100
2026-10-08T22:04:27.3040642Z ffmpeg version 6.1.1-3ubuntu5 Copyright (c) 2000-2023 the FFmpeg developers
2026-10-08T22:04:27.3041228Z built with gcc 13 (Ubuntu 13.2.0-23ubuntu3)
2026-10-08T22:04:27.3049646Z configuration: --prefix=/usr --extra-version=3ubuntu5 --toolchain=hardened --libdir=/usr/lib/x86_64-linux-gnu --incdir=/usr/include/x86_64-linux-gnu --arch=amd64 --enable-gpl --disable-stripping --disable-omx --enable-gnutls --enable-libaom --enable-libass --enable-libbs2b --enable-libcaca --enable-libcdio --enable-libcodec2 --enable-libdav1d --enable-libflite --enable-libfontconfig --enable-libfreetype --enable-libfribidi --enable-libglslang --enable-libgme --enable-libgsm --enable-libharfbuzz --enable-libmp3lame --enable-libmysofa --enable-libopenjpeg --enable-libopenmpt --enable-libopus --enable-librubberband --enable-libshine --enable-libsnappy --enable-libsoxr --enable-libspeex --enable-libtheora --enable-libtwolame --enable-libvidstab --enable-libvorbis --enable-libvpx --enable-libwebp --enable-libx265 --enable-libxml2 --enable-libxvid --enable-libzimg --enable-openal --enable-opencl --enable-opengl --disable-sndio --enable-libvpl --disable-libmfx --enable-libdc1394 --enable-libdrm --enable-libiec61883 --enable-chromaprint --enable-frei0r --enable-ladspa --enable-libbluray --enable-libjack --enable-libpulse --enable-librabbitmq --enable-librist --enable-libsrt --enable-libssh --enable-libsvtav1 --enable-libx264 --enable-libzmq --enable-libzvbi --enable-lv2 --enable-sdl2 --enable-libplacebo --enable-librav1e --enable-pocketsphinx --enable-librsvg --enable-libjxl --enable-shared
2026-10-08T22:04:27.3056376Z libavutil      58. 29.100 / 58. 29.100
2026-10-08T22:04:27.3056875Z libavcodec     60. 31.102 / 60. 31.102
2026-10-08T22:04:27.3057237Z libavformat    60. 16.100 / 60. 16.100
2026-10-08T22:04:27.3057954Z libavdevice    60.  3.100 / 60.  3.100
2026-10-08T22:04:27.3058308Z libavfilter     9. 12.100 /  9. 12.100
2026-10-08T22:04:27.3058662Z libswscale      7.  5.100 /  7.  5.100
2026-10-08T22:04:27.3059014Z libswresample   4. 12.100 /  4. 12.100
2026-10-08T22:04:27.3059394Z libpostproc    57.  3.100 / 57.  3.100
2026-10-08T22:04:27.3142602Z ##[group]Run actions/download-artifact@v4
2026-10-08T22:04:27.3142851Z with:
2026-10-08T22:04:27.3143083Z   pattern: G10-stage-*-491f82f6a99c992faca4a26acf8b80dc4ecc67a1
2026-10-08T22:04:27.3143362Z   path: jobs/G10-checkers
2026-10-08T22:04:27.3143566Z   merge-multiple: true
2026-10-08T22:04:27.3143777Z   repository: luisitin/partybox-game-cores
2026-10-08T22:04:27.3144007Z   run-id: 37848566924
2026-10-08T22:04:27.3144178Z env:
2026-10-08T22:04:27.3144394Z   G10_SOURCE_COMMIT: 491f82f6a99c992faca4a26acf8b80dc4ecc67a1
2026-10-08T22:04:27.3144654Z ##[endgroup]
2026-10-08T22:04:27.4498782Z (node:3563) [DEP0040] DeprecationWarning: The `punycode` module is deprecated. Please use a userland alternative instead.
2026-10-08T22:04:27.4499476Z (Use `node --trace-deprecation ...` to show where the warning was created)
2026-10-08T22:04:27.6393005Z Found 4 artifact(s)
2026-10-08T22:04:27.6394079Z Filtering artifacts by pattern 'G10-stage-*-491f82f6a99c992faca4a26acf8b80dc4ecc67a1'
2026-10-08T22:04:27.6410517Z Preparing to download the following artifacts:
2026-10-08T22:04:27.6411984Z - G10-stage-league-international-491f82f6a99c992faca4a26acf8b80dc4ecc67a1 (ID: 11581723759, Size: 490241, Expected Digest: sha256:4b70a9bac44eb41e2df9a4e080c4d42cdf3e49cc363c5874b2bf7af83dea29fd)
2026-10-08T22:04:27.6413282Z - G10-stage-browser-491f82f6a99c992faca4a26acf8b80dc4ecc67a1 (ID: 11581356587, Size: 8299660, Expected Digest: sha256:7b0d01abda8398806868db4f331424d41ed3d884658176f4d24d273d981600bd)
2026-10-08T22:04:27.6414435Z - G10-stage-node-491f82f6a99c992faca4a26acf8b80dc4ecc67a1 (ID: 11580877807, Size: 136596, Expected Digest: sha256:ca559ef0a6fb4b30cdf5c53801b57690a6ec61b4a223505c5cfd92c8a94689c1)
2026-10-08T22:04:27.6416124Z - G10-stage-league-american-491f82f6a99c992faca4a26acf8b80dc4ecc67a1 (ID: 11580438074, Size: 372068, Expected Digest: sha256:4a69402ced039cac57ffa2af0afe13fb2c2caafe02cd78d731fd9b429493e6fc)
2026-10-08T22:04:27.8715337Z Redirecting to blob download url: https://productionresultssa0.blob.core.windows.net/actions-results/9d130ed1-b3d5-834a-957c-3ddf3aac48b5/workflow-job-run-7c69377e-4a5c-58dd-9631-d9a428c245c7/artifacts/a0cad0a27d4a5635cbd9c31bdfec17200387e4864089ce869fa4460d01b872a9.zip
2026-10-08T22:04:27.8717821Z Starting download of artifact to: /home/runner/work/partybox-game-cores/partybox-game-cores/jobs/G10-checkers
2026-10-08T22:04:27.9217111Z Redirecting to blob download url: https://productionresultssa0.blob.core.windows.net/actions-results/9d130ed1-b3d5-834a-957c-3ddf3aac48b5/workflow-job-run-d3333df8-3eaa-564b-b64d-86fa45bca7c6/artifacts/bd62ec3027217e27590601b8ba1c9480c0937509ce21231ad693297dc396345f.zip
2026-10-08T22:04:27.9219093Z Starting download of artifact to: /home/runner/work/partybox-game-cores/partybox-game-cores/jobs/G10-checkers
2026-10-08T22:04:27.9389810Z Redirecting to blob download url: https://productionresultssa0.blob.core.windows.net/actions-results/9d130ed1-b3d5-834a-957c-3ddf3aac48b5/workflow-job-run-e8d76910-5434-57f7-a900-02ad127c04b1/artifacts/3b8b504a7280a7957d46dc03b7d6343060f1507e1208165bf2812757b63f8c2d.zip
2026-10-08T22:04:27.9391718Z Starting download of artifact to: /home/runner/work/partybox-game-cores/partybox-game-cores/jobs/G10-checkers
2026-10-08T22:04:27.9464516Z Redirecting to blob download url: https://productionresultssa0.blob.core.windows.net/actions-results/9d130ed1-b3d5-834a-957c-3ddf3aac48b5/workflow-job-run-ff6b3482-f7a9-5d4a-af06-a30f12cfd759/artifacts/beb43783d4be5ffcdf159f3f28f6408acf60f0111054f2ec1b3a936c1795060b.zip
2026-10-08T22:04:27.9467097Z Starting download of artifact to: /home/runner/work/partybox-game-cores/partybox-game-cores/jobs/G10-checkers
2026-10-08T22:04:28.0902795Z (node:3563) [DEP0005] DeprecationWarning: Buffer() is deprecated due to security and usability issues. Please use the Buffer.alloc(), Buffer.allocUnsafe(), or Buffer.from() methods instead.
2026-10-08T22:04:28.2949142Z SHA256 digest of downloaded artifact is ca559ef0a6fb4b30cdf5c53801b57690a6ec61b4a223505c5cfd92c8a94689c1
2026-10-08T22:04:28.2949948Z Artifact download completed successfully.
2026-10-08T22:04:28.3441488Z SHA256 digest of downloaded artifact is 4b70a9bac44eb41e2df9a4e080c4d42cdf3e49cc363c5874b2bf7af83dea29fd
2026-10-08T22:04:28.3442030Z Artifact download completed successfully.
2026-10-08T22:04:28.3645501Z SHA256 digest of downloaded artifact is 4a69402ced039cac57ffa2af0afe13fb2c2caafe02cd78d731fd9b429493e6fc
2026-10-08T22:04:28.3646028Z Artifact download completed successfully.
2026-10-08T22:04:28.9113601Z SHA256 digest of downloaded artifact is 7b0d01abda8398806868db4f331424d41ed3d884658176f4d24d273d981600bd
2026-10-08T22:04:28.9114401Z Artifact download completed successfully.
2026-10-08T22:04:28.9114887Z Total of 4 artifact(s) downloaded
2026-10-08T22:04:28.9118719Z Download artifact has finished successfully
2026-10-08T22:04:28.9237373Z ##[group]Run set -o pipefail
2026-10-08T22:04:28.9237668Z [36;1mset -o pipefail[0m
2026-10-08T22:04:28.9238014Z [36;1mnode scripts/check.mjs --stage final 2>&1 | tee .work-stage-final.stdout[0m
2026-10-08T22:04:28.9293287Z shell: /usr/bin/bash -e {0}
2026-10-08T22:04:28.9293525Z env:
2026-10-08T22:04:28.9293797Z   G10_SOURCE_COMMIT: 491f82f6a99c992faca4a26acf8b80dc4ecc67a1
2026-10-08T22:04:28.9294101Z ##[endgroup]
2026-10-08T22:04:29.0420046Z 
2026-10-08T22:04:29.0420729Z > partybox-g10-checkers@1.0.0 build
2026-10-08T22:04:29.0421327Z > tsc --noEmit && node scripts/build.mjs
2026-10-08T22:04:29.0421636Z 
2026-10-08T22:04:39.7720539Z PASS: complete offline single-page game written to /home/runner/work/partybox-game-cores/partybox-game-cores/jobs/G10-checkers/.work/play.html; original six-piece data is read in bounded blocks.
2026-10-08T22:04:55.0653251Z PASS: checksums, authoritative schemas/manifest, pure core source, fixed corpus provenance, original offline page (delivery execution gates explicitly excluded).
2026-10-08T22:05:14.1734155Z {"status":"PASS","games":4000,"files":80,"independentLegalMoveReplay":true}
2026-10-08T22:05:37.6646958Z PASS: checksums, authoritative schemas/manifest, pure core source, fixed corpus provenance, original offline page, required simulations/mutations/leagues and source-matched browser/media proof.
2026-10-08T22:05:40.5615317Z {"status":"PASS","stage":"final","sourceCommit":"491f82f6a99c992faca4a26acf8b80dc4ecc67a1","elapsedSeconds":71.595267066}
2026-10-08T22:05:40.5716815Z ##[group]Run node scripts/standalone-receipt.mjs
2026-10-08T22:05:40.5717173Z [36;1mnode scripts/standalone-receipt.mjs[0m
2026-10-08T22:05:40.5772473Z shell: /usr/bin/bash -e {0}
2026-10-08T22:05:40.5772701Z env:
2026-10-08T22:05:40.5772946Z   G10_SOURCE_COMMIT: 491f82f6a99c992faca4a26acf8b80dc4ecc67a1
2026-10-08T22:05:40.5773235Z ##[endgroup]
2026-10-08T22:05:43.5849258Z Standalone page digest and exact-checkout receipt written.
2026-10-08T22:05:43.5954356Z ##[group]Run python3 scripts/standalone-parts.py split .work/play.html .work/standalone-delivery.json .work/standalone-parts
2026-10-08T22:05:43.5955572Z [36;1mpython3 scripts/standalone-parts.py split .work/play.html .work/standalone-delivery.json .work/standalone-parts[0m
2026-10-08T22:05:43.6021934Z shell: /usr/bin/bash -e {0}
2026-10-08T22:05:43.6022179Z env:
2026-10-08T22:05:43.6022446Z   G10_SOURCE_COMMIT: 491f82f6a99c992faca4a26acf8b80dc4ecc67a1
2026-10-08T22:05:43.6022757Z ##[endgroup]
2026-10-08T22:05:47.0977632Z {"status": "PASS", "sourceCommit": "491f82f6a99c992faca4a26acf8b80dc4ecc67a1", "parts": 4, "bytes": 1390845993, "sha256": "5ed2173b7264574565dd29ff14773236cac5a00833bf75df3de9e64a66451801"}
2026-10-08T22:05:47.1093355Z ##[group]Run actions/upload-artifact@v4
2026-10-08T22:05:47.1093760Z with:
2026-10-08T22:05:47.1094188Z   name: G10-standalone-part-00-491f82f6a99c992faca4a26acf8b80dc4ecc67a1
2026-10-08T22:05:47.1095326Z   path: jobs/G10-checkers/.work/standalone-parts/play.html.part-00
jobs/G10-checkers/.work/standalone-parts/standalone-*

2026-10-08T22:05:47.1096046Z   if-no-files-found: error
2026-10-08T22:05:47.1096395Z   include-hidden-files: true
2026-10-08T22:05:47.1096942Z   compression-level: 1
2026-10-08T22:05:47.1097251Z   retention-days: 7
2026-10-08T22:05:47.1097540Z   overwrite: false
2026-10-08T22:05:47.1097836Z env:
2026-10-08T22:05:47.1098199Z   G10_SOURCE_COMMIT: 491f82f6a99c992faca4a26acf8b80dc4ecc67a1
2026-10-08T22:05:47.1098659Z ##[endgroup]
2026-10-08T22:05:47.2447761Z (node:3727) [DEP0040] DeprecationWarning: The `punycode` module is deprecated. Please use a userland alternative instead.
2026-10-08T22:05:47.2448522Z (Use `node --trace-deprecation ...` to show where the warning was created)
2026-10-08T22:05:47.2560663Z With the provided path, there will be 4 files uploaded
2026-10-08T22:05:47.2607329Z Artifact name is valid!
2026-10-08T22:05:47.2607778Z Root directory input is valid!
2026-10-08T22:05:47.5491660Z Beginning upload of artifact content to blob storage
2026-10-08T22:05:47.8240442Z (node:3727) [DEP0169] DeprecationWarning: `url.parse()` behavior is not standardized and prone to errors that have security implications. Use the WHATWG URL API instead. CVEs are not issued for `url.parse()` vulnerabilities.
2026-10-08T22:05:48.4881140Z Uploaded bytes 8388608
2026-10-08T22:05:48.7687616Z Uploaded bytes 16777216
2026-10-08T22:05:48.7964834Z Uploaded bytes 25165824
2026-10-08T22:05:49.0506898Z Uploaded bytes 33554432
2026-10-08T22:05:49.0900245Z Uploaded bytes 41943040
2026-10-08T22:05:49.3919255Z Uploaded bytes 50331648
2026-10-08T22:05:49.5600038Z Uploaded bytes 58720256
2026-10-08T22:05:49.8766780Z Uploaded bytes 67108864
2026-10-08T22:05:50.1060904Z Uploaded bytes 75497472
2026-10-08T22:05:50.3727187Z Uploaded bytes 83886080
2026-10-08T22:05:50.6065464Z Uploaded bytes 92274688
2026-10-08T22:05:50.8604469Z Uploaded bytes 100663296
2026-10-08T22:05:51.0882126Z Uploaded bytes 109051904
2026-10-08T22:05:51.3505636Z Uploaded bytes 117440512
2026-10-08T22:05:51.6523775Z Uploaded bytes 125829120
2026-10-08T22:05:51.8923296Z Uploaded bytes 134217728
2026-10-08T22:05:52.1438887Z Uploaded bytes 142606336
2026-10-08T22:05:52.4813868Z Uploaded bytes 150994944
2026-10-08T22:05:52.7227831Z Uploaded bytes 159383552
2026-10-08T22:05:53.0128553Z Uploaded bytes 167772160
2026-10-08T22:05:53.3519174Z Uploaded bytes 176160768
2026-10-08T22:05:53.8395082Z Uploaded bytes 184549376
2026-10-08T22:05:53.9063654Z Uploaded bytes 192937984
2026-10-08T22:05:54.1783997Z Uploaded bytes 201326592
2026-10-08T22:05:54.3893566Z Uploaded bytes 209715200
2026-10-08T22:05:54.6636401Z Uploaded bytes 218103808
2026-10-08T22:05:55.0150706Z Uploaded bytes 226492416
2026-10-08T22:05:55.2869253Z Uploaded bytes 234881024
2026-10-08T22:05:55.4721787Z Uploaded bytes 243269632
2026-10-08T22:05:55.7138791Z Uploaded bytes 251658240
2026-10-08T22:05:55.9659859Z Uploaded bytes 260046848
2026-10-08T22:05:56.2311342Z Uploaded bytes 268435456
2026-10-08T22:05:56.4654028Z Uploaded bytes 275345040
2026-10-08T22:05:56.5279041Z Finished uploading artifact content to blob storage!
2026-10-08T22:05:56.5280901Z SHA256 digest of uploaded artifact zip is 11eb0b47e2afb2a15f85ac7fce65c7133fc360d84e2dc293e395738b436c8bbd
2026-10-08T22:05:56.5282419Z Finalizing artifact upload
2026-10-08T22:05:56.8830865Z Artifact G10-standalone-part-00-491f82f6a99c992faca4a26acf8b80dc4ecc67a1.zip successfully finalized. Artifact ID 11582435527
2026-10-08T22:05:56.8832559Z Artifact G10-standalone-part-00-491f82f6a99c992faca4a26acf8b80dc4ecc67a1 has been successfully uploaded! Final size is 275345040 bytes. Artifact ID is 11582435527
2026-10-08T22:05:56.8837043Z Artifact download URL: https://github.com/luisitin/partybox-game-cores/actions/runs/37848566924/artifacts/11582435527
2026-10-08T22:05:56.8986707Z ##[group]Run actions/upload-artifact@v4
2026-10-08T22:05:56.8986988Z with:
2026-10-08T22:05:56.8987280Z   name: G10-standalone-part-01-491f82f6a99c992faca4a26acf8b80dc4ecc67a1
2026-10-08T22:05:56.8987996Z   path: jobs/G10-checkers/.work/standalone-parts/play.html.part-01
jobs/G10-checkers/.work/standalone-parts/standalone-*

2026-10-08T22:05:56.8988454Z   if-no-files-found: error
2026-10-08T22:05:56.8988685Z   include-hidden-files: true
2026-10-08T22:05:56.8988914Z   compression-level: 1
2026-10-08T22:05:56.8989122Z   retention-days: 7
2026-10-08T22:05:56.8989317Z   overwrite: false
2026-10-08T22:05:56.8989508Z env:
2026-10-08T22:05:56.8989744Z   G10_SOURCE_COMMIT: 491f82f6a99c992faca4a26acf8b80dc4ecc67a1
2026-10-08T22:05:56.8990033Z ##[endgroup]
2026-10-08T22:05:57.0387537Z (node:3741) [DEP0040] DeprecationWarning: The `punycode` module is deprecated. Please use a userland alternative instead.
2026-10-08T22:05:57.0388289Z (Use `node --trace-deprecation ...` to show where the warning was created)
2026-10-08T22:05:57.0443122Z With the provided path, there will be 4 files uploaded
2026-10-08T22:05:57.0443888Z Artifact name is valid!
2026-10-08T22:05:57.0444307Z Root directory input is valid!
2026-10-08T22:05:57.3287358Z Beginning upload of artifact content to blob storage
2026-10-08T22:05:57.6031379Z (node:3741) [DEP0169] DeprecationWarning: `url.parse()` behavior is not standardized and prone to errors that have security implications. Use the WHATWG URL API instead. CVEs are not issued for `url.parse()` vulnerabilities.
2026-10-08T22:05:58.2185110Z Uploaded bytes 8388608
2026-10-08T22:05:58.5222580Z Uploaded bytes 16777216
2026-10-08T22:05:58.6296345Z Uploaded bytes 25165824
2026-10-08T22:05:58.8037549Z Uploaded bytes 33554432
2026-10-08T22:05:58.9663156Z Uploaded bytes 41943040
2026-10-08T22:05:59.1291996Z Uploaded bytes 50331648
2026-10-08T22:05:59.3972183Z Uploaded bytes 58720256
2026-10-08T22:05:59.6293828Z Uploaded bytes 67108864
2026-10-08T22:05:59.9380640Z Uploaded bytes 75497472
2026-10-08T22:06:00.1455918Z Uploaded bytes 83886080
2026-10-08T22:06:00.5092780Z Uploaded bytes 92274688
2026-10-08T22:06:00.8530501Z Uploaded bytes 100663296
2026-10-08T22:06:00.9199042Z Uploaded bytes 109051904
2026-10-08T22:06:01.1583336Z Uploaded bytes 117440512
2026-10-08T22:06:01.4203346Z Uploaded bytes 125829120
2026-10-08T22:06:01.6745167Z Uploaded bytes 134217728
2026-10-08T22:06:01.9496030Z Uploaded bytes 142606336
2026-10-08T22:06:02.1802741Z Uploaded bytes 150994944
2026-10-08T22:06:02.4814339Z Uploaded bytes 159383552
2026-10-08T22:06:02.9088300Z Uploaded bytes 167772160
2026-10-08T22:06:02.9623870Z Uploaded bytes 176160768
2026-10-08T22:06:03.2427626Z Uploaded bytes 184549376
2026-10-08T22:06:03.5398702Z Uploaded bytes 192937984
2026-10-08T22:06:03.7275258Z Uploaded bytes 201326592
2026-10-08T22:06:04.0208223Z Uploaded bytes 209715200
2026-10-08T22:06:04.2665489Z Uploaded bytes 218103808
2026-10-08T22:06:04.5251226Z Uploaded bytes 226492416
2026-10-08T22:06:04.7726990Z Uploaded bytes 234881024
2026-10-08T22:06:05.0356131Z Uploaded bytes 243269632
2026-10-08T22:06:05.2856762Z Uploaded bytes 251658240
2026-10-08T22:06:05.6122349Z Uploaded bytes 260046848
2026-10-08T22:06:06.0588977Z Uploaded bytes 268435456
2026-10-08T22:06:06.0617144Z Uploaded bytes 276824064
2026-10-08T22:06:06.1470750Z Uploaded bytes 278877121
2026-10-08T22:06:06.2054126Z Finished uploading artifact content to blob storage!
2026-10-08T22:06:06.2055947Z SHA256 digest of uploaded artifact zip is fae406a424753185dbadc7fa2e160d0bec6c574e85588cec4ed8c1768873d22d
2026-10-08T22:06:06.2057795Z Finalizing artifact upload
2026-10-08T22:06:06.5327753Z Artifact G10-standalone-part-01-491f82f6a99c992faca4a26acf8b80dc4ecc67a1.zip successfully finalized. Artifact ID 11581789360
2026-10-08T22:06:06.5329428Z Artifact G10-standalone-part-01-491f82f6a99c992faca4a26acf8b80dc4ecc67a1 has been successfully uploaded! Final size is 278877121 bytes. Artifact ID is 11581789360
2026-10-08T22:06:06.5334026Z Artifact download URL: https://github.com/luisitin/partybox-game-cores/actions/runs/37848566924/artifacts/11581789360
2026-10-08T22:06:06.5499639Z ##[group]Run actions/upload-artifact@v4
2026-10-08T22:06:06.5500054Z with:
2026-10-08T22:06:06.5500680Z   name: G10-standalone-part-02-491f82f6a99c992faca4a26acf8b80dc4ecc67a1
2026-10-08T22:06:06.5501616Z   path: jobs/G10-checkers/.work/standalone-parts/play.html.part-02
jobs/G10-checkers/.work/standalone-parts/standalone-*

2026-10-08T22:06:06.5502370Z   if-no-files-found: error
2026-10-08T22:06:06.5502721Z   include-hidden-files: true
2026-10-08T22:06:06.5503054Z   compression-level: 1
2026-10-08T22:06:06.5503359Z   retention-days: 7
2026-10-08T22:06:06.5503654Z   overwrite: false
2026-10-08T22:06:06.5503945Z env:
2026-10-08T22:06:06.5504311Z   G10_SOURCE_COMMIT: 491f82f6a99c992faca4a26acf8b80dc4ecc67a1
2026-10-08T22:06:06.5504777Z ##[endgroup]
2026-10-08T22:06:06.6805088Z (node:3754) [DEP0040] DeprecationWarning: The `punycode` module is deprecated. Please use a userland alternative instead.
2026-10-08T22:06:06.6805894Z (Use `node --trace-deprecation ...` to show where the warning was created)
2026-10-08T22:06:06.6864794Z With the provided path, there will be 4 files uploaded
2026-10-08T22:06:06.6869132Z Artifact name is valid!
2026-10-08T22:06:06.6869783Z Root directory input is valid!
2026-10-08T22:06:06.9915061Z Beginning upload of artifact content to blob storage
2026-10-08T22:06:07.2672235Z (node:3754) [DEP0169] DeprecationWarning: `url.parse()` behavior is not standardized and prone to errors that have security implications. Use the WHATWG URL API instead. CVEs are not issued for `url.parse()` vulnerabilities.
2026-10-08T22:06:08.0229009Z Uploaded bytes 8388608
2026-10-08T22:06:08.1963794Z Uploaded bytes 16777216
2026-10-08T22:06:08.2910457Z Uploaded bytes 25165824
2026-10-08T22:06:08.4970714Z Uploaded bytes 33554432
2026-10-08T22:06:08.5644462Z Uploaded bytes 41943040
2026-10-08T22:06:08.8334965Z Uploaded bytes 50331648
2026-10-08T22:06:09.1351160Z Uploaded bytes 58720256
2026-10-08T22:06:09.3719357Z Uploaded bytes 67108864
2026-10-08T22:06:09.5520664Z Uploaded bytes 75497472
2026-10-08T22:06:09.8262998Z Uploaded bytes 83886080
2026-10-08T22:06:10.0462059Z Uploaded bytes 92274688
2026-10-08T22:06:10.3162774Z Uploaded bytes 100663296
2026-10-08T22:06:10.5563835Z Uploaded bytes 109051904
2026-10-08T22:06:10.8734336Z Uploaded bytes 117440512
2026-10-08T22:06:11.3045888Z Uploaded bytes 125829120
2026-10-08T22:06:11.3440136Z Uploaded bytes 134217728
2026-10-08T22:06:11.5830492Z Uploaded bytes 142606336
2026-10-08T22:06:11.8588373Z Uploaded bytes 150994944
2026-10-08T22:06:12.0747835Z Uploaded bytes 159383552
2026-10-08T22:06:12.3748031Z Uploaded bytes 167772160
2026-10-08T22:06:12.6702840Z Uploaded bytes 176160768
2026-10-08T22:06:12.8812855Z Uploaded bytes 184549376
2026-10-08T22:06:13.1134385Z Uploaded bytes 192937984
2026-10-08T22:06:13.4012192Z Uploaded bytes 201326592
2026-10-08T22:06:13.7309805Z Uploaded bytes 209715200
2026-10-08T22:06:13.8787414Z Uploaded bytes 218103808
2026-10-08T22:06:14.1737822Z Uploaded bytes 226492416
2026-10-08T22:06:14.4038227Z Uploaded bytes 234881024
2026-10-08T22:06:14.6761726Z Uploaded bytes 243269632
2026-10-08T22:06:14.9033687Z Uploaded bytes 251658240
2026-10-08T22:06:15.1169487Z Uploaded bytes 260046848
2026-10-08T22:06:15.3974254Z Uploaded bytes 268435456
2026-10-08T22:06:15.6565206Z Uploaded bytes 276824064
2026-10-08T22:06:15.9538724Z Uploaded bytes 285212672
2026-10-08T22:06:16.0554072Z Uploaded bytes 286220425
2026-10-08T22:06:16.1185196Z Finished uploading artifact content to blob storage!
2026-10-08T22:06:16.1187585Z SHA256 digest of uploaded artifact zip is 61d53ca21c807273f40d538fa126e350ecbdbf680e797972257399857ed4f3fa
2026-10-08T22:06:16.1189511Z Finalizing artifact upload
2026-10-08T22:06:16.4793994Z Artifact G10-standalone-part-02-491f82f6a99c992faca4a26acf8b80dc4ecc67a1.zip successfully finalized. Artifact ID 11581888160
2026-10-08T22:06:16.4795012Z Artifact G10-standalone-part-02-491f82f6a99c992faca4a26acf8b80dc4ecc67a1 has been successfully uploaded! Final size is 286220425 bytes. Artifact ID is 11581888160
2026-10-08T22:06:16.4801178Z Artifact download URL: https://github.com/luisitin/partybox-game-cores/actions/runs/37848566924/artifacts/11581888160
2026-10-08T22:06:16.4953940Z ##[group]Run actions/upload-artifact@v4
2026-10-08T22:06:16.4954212Z with:
2026-10-08T22:06:16.4954517Z   name: G10-standalone-part-03-491f82f6a99c992faca4a26acf8b80dc4ecc67a1
2026-10-08T22:06:16.4955095Z   path: jobs/G10-checkers/.work/standalone-parts/play.html.part-03
jobs/G10-checkers/.work/standalone-parts/standalone-*

2026-10-08T22:06:16.4955555Z   if-no-files-found: error
2026-10-08T22:06:16.4955789Z   include-hidden-files: true
2026-10-08T22:06:16.4956024Z   compression-level: 1
2026-10-08T22:06:16.4956244Z   retention-days: 7
2026-10-08T22:06:16.4956605Z   overwrite: false
2026-10-08T22:06:16.4956892Z env:
2026-10-08T22:06:16.4957140Z   G10_SOURCE_COMMIT: 491f82f6a99c992faca4a26acf8b80dc4ecc67a1
2026-10-08T22:06:16.4957439Z ##[endgroup]
2026-10-08T22:06:16.6268524Z (node:3768) [DEP0040] DeprecationWarning: The `punycode` module is deprecated. Please use a userland alternative instead.
2026-10-08T22:06:16.6269745Z (Use `node --trace-deprecation ...` to show where the warning was created)
2026-10-08T22:06:16.6328607Z With the provided path, there will be 4 files uploaded
2026-10-08T22:06:16.6332568Z Artifact name is valid!
2026-10-08T22:06:16.6333069Z Root directory input is valid!
2026-10-08T22:06:16.9572811Z Beginning upload of artifact content to blob storage
2026-10-08T22:06:17.2312835Z (node:3768) [DEP0169] DeprecationWarning: `url.parse()` behavior is not standardized and prone to errors that have security implications. Use the WHATWG URL API instead. CVEs are not issued for `url.parse()` vulnerabilities.
2026-10-08T22:06:17.8761961Z Uploaded bytes 8388608
2026-10-08T22:06:18.1571847Z Uploaded bytes 16777216
2026-10-08T22:06:18.2106191Z Uploaded bytes 25165824
2026-10-08T22:06:18.3366813Z Uploaded bytes 33554432
2026-10-08T22:06:18.4920072Z Uploaded bytes 41943040
2026-10-08T22:06:18.7316865Z Uploaded bytes 50331648
2026-10-08T22:06:18.9958068Z Uploaded bytes 58720256
2026-10-08T22:06:19.2309103Z Uploaded bytes 67108864
2026-10-08T22:06:19.5301634Z Uploaded bytes 75497472
2026-10-08T22:06:19.7535094Z Uploaded bytes 83886080
2026-10-08T22:06:19.9961836Z Uploaded bytes 92274688
2026-10-08T22:06:20.2971280Z Uploaded bytes 100663296
2026-10-08T22:06:20.5546163Z Uploaded bytes 109051904
2026-10-08T22:06:20.7666057Z Uploaded bytes 117440512
2026-10-08T22:06:21.0402141Z Uploaded bytes 125829120
2026-10-08T22:06:21.1604593Z Uploaded bytes 127624360
2026-10-08T22:06:21.2134490Z Finished uploading artifact content to blob storage!
2026-10-08T22:06:21.2137323Z SHA256 digest of uploaded artifact zip is ffc4553ab25461f3c1c26fe8d952900ea3053bc987bb089fc511f79f17817c72
2026-10-08T22:06:21.2138782Z Finalizing artifact upload
2026-10-08T22:06:21.4927322Z Artifact G10-standalone-part-03-491f82f6a99c992faca4a26acf8b80dc4ecc67a1.zip successfully finalized. Artifact ID 11581868193
2026-10-08T22:06:21.4929012Z Artifact G10-standalone-part-03-491f82f6a99c992faca4a26acf8b80dc4ecc67a1 has been successfully uploaded! Final size is 127624360 bytes. Artifact ID is 11581868193
2026-10-08T22:06:21.4933166Z Artifact download URL: https://github.com/luisitin/partybox-game-cores/actions/runs/37848566924/artifacts/11581868193
2026-10-08T22:06:21.5203676Z ##[group]Run actions/upload-artifact@v4
2026-10-08T22:06:21.5204106Z with:
2026-10-08T22:06:21.5204544Z   name: G10-check-evidence-491f82f6a99c992faca4a26acf8b80dc4ecc67a1
2026-10-08T22:06:21.5205642Z   path: jobs/G10-checkers/.work-stage-*.stdout
jobs/G10-checkers/.work/checks
jobs/G10-checkers/.work/browser
jobs/G10-checkers/.work/media

2026-10-08T22:06:21.5206223Z   include-hidden-files: true
2026-10-08T22:06:21.5206653Z   retention-days: 7
2026-10-08T22:06:21.5206876Z   if-no-files-found: warn
2026-10-08T22:06:21.5207109Z   compression-level: 6
2026-10-08T22:06:21.5207336Z   overwrite: false
2026-10-08T22:06:21.5207541Z env:
2026-10-08T22:06:21.5207794Z   G10_SOURCE_COMMIT: 491f82f6a99c992faca4a26acf8b80dc4ecc67a1
2026-10-08T22:06:21.5208099Z ##[endgroup]
2026-10-08T22:06:21.6588061Z (node:3781) [DEP0040] DeprecationWarning: The `punycode` module is deprecated. Please use a userland alternative instead.
2026-10-08T22:06:21.6589720Z (Use `node --trace-deprecation ...` to show where the warning was created)
2026-10-08T22:06:21.6933145Z With the provided path, there will be 239 files uploaded
2026-10-08T22:06:21.6937494Z Artifact name is valid!
2026-10-08T22:06:21.6938076Z Root directory input is valid!
2026-10-08T22:06:22.0093418Z Beginning upload of artifact content to blob storage
2026-10-08T22:06:22.5125443Z (node:3781) [DEP0169] DeprecationWarning: `url.parse()` behavior is not standardized and prone to errors that have security implications. Use the WHATWG URL API instead. CVEs are not issued for `url.parse()` vulnerabilities.
2026-10-08T22:06:23.2842517Z Uploaded bytes 8388608
2026-10-08T22:06:23.3862219Z Uploaded bytes 10139344
2026-10-08T22:06:23.4484021Z Finished uploading artifact content to blob storage!
2026-10-08T22:06:23.4485017Z SHA256 digest of uploaded artifact zip is 6223b771f3d1c46e9b9c9a2aa2a24ea5fc3c6d231c1a08a90760f51441ccab07
2026-10-08T22:06:23.4485796Z Finalizing artifact upload
2026-10-08T22:06:23.7245461Z Artifact G10-check-evidence-491f82f6a99c992faca4a26acf8b80dc4ecc67a1.zip successfully finalized. Artifact ID 11581379453
2026-10-08T22:06:23.7246751Z Artifact G10-check-evidence-491f82f6a99c992faca4a26acf8b80dc4ecc67a1 has been successfully uploaded! Final size is 10139344 bytes. Artifact ID is 11581379453
2026-10-08T22:06:23.7250736Z Artifact download URL: https://github.com/luisitin/partybox-game-cores/actions/runs/37848566924/artifacts/11581379453
2026-10-08T22:06:23.7667557Z Post job cleanup.
2026-10-08T22:06:23.8645541Z (node:3796) [DEP0040] DeprecationWarning: The `punycode` module is deprecated. Please use a userland alternative instead.
2026-10-08T22:06:23.8646245Z (Use `node --trace-deprecation ...` to show where the warning was created)
2026-10-08T22:06:23.8648453Z Cache hit occurred on the primary key node-cache-Linux-x64-npm-b79e3f2344d4218dbbb2f93f566da8e1ac49738aa1184813b150890d461d0c8a, not saving cache.
2026-10-08T22:06:23.8833764Z Post job cleanup.
2026-10-08T22:06:23.9597624Z [command]/usr/bin/git version
2026-10-08T22:06:23.9635179Z git version 2.55.0
2026-10-08T22:06:23.9670012Z Temporarily overriding HOME='/home/runner/work/_temp/99775c45-bb60-4ed9-b63b-033ded5c8fde' before making global git config changes
2026-10-08T22:06:23.9671203Z Adding repository directory to the temporary git global config as a safe directory
2026-10-08T22:06:23.9674677Z [command]/usr/bin/git config --global --add safe.directory /home/runner/work/partybox-game-cores/partybox-game-cores
2026-10-08T22:06:24.0035231Z [command]/usr/bin/git config --local --name-only --get-regexp core\.sshCommand
2026-10-08T22:06:24.0077533Z [command]/usr/bin/git submodule foreach --recursive sh -c "git config --local --name-only --get-regexp 'core\.sshCommand' && git config --local --unset-all 'core.sshCommand' || :"
2026-10-08T22:06:24.0291123Z [command]/usr/bin/git config --local --name-only --get-regexp http\.https\:\/\/github\.com\/\.extraheader
2026-10-08T22:06:24.0323285Z http.https://github.com/.extraheader
2026-10-08T22:06:24.0329537Z [command]/usr/bin/git config --local --unset-all http.https://github.com/.extraheader
2026-10-08T22:06:24.1208414Z [command]/usr/bin/git submodule foreach --recursive sh -c "git config --local --name-only --get-regexp 'http\.https\:\/\/github\.com\/\.extraheader' && git config --local --unset-all 'http.https://github.com/.extraheader' || :"
2026-10-08T22:06:24.1410120Z [command]/usr/bin/git config --local --name-only --get-regexp ^includeIf\.gitdir:
2026-10-08T22:06:24.1473717Z [command]/usr/bin/git submodule foreach --recursive git config --local --show-origin --name-only --get-regexp remote.origin.url
2026-10-08T22:06:24.2268063Z Cleaning up orphan processes
2026-10-08T22:06:24.2525746Z ##[warning]Node.js 20 is deprecated. The following actions target Node.js 20 but are being forced to run on Node.js 24: actions/checkout@v4, actions/download-artifact@v4, actions/setup-node@v4, actions/upload-artifact@v4. For more information see: https://github.blog/changelog/2025-09-19-deprecation-of-node-20-on-github-actions-runners/

