2026-10-08T21:41:45.9313636Z Current runner version: '2.337.0'
2026-10-08T21:41:45.9341112Z ##[group]Runner Image Provisioner
2026-10-08T21:41:45.9342329Z Hosted Compute Agent
2026-10-08T21:41:45.9342947Z Version: 20261002.596
2026-10-08T21:41:45.9343695Z Commit: c3d12f3313a95f25162a1503be624f3b0617f8c0
2026-10-08T21:41:45.9344483Z Build Date: 2026-10-02T22:28:27Z
2026-10-08T21:41:45.9345149Z Worker ID: {310b6774-cdbb-4e69-8329-2e5b4e0e7b73}
2026-10-08T21:41:45.9345946Z Region: westcentralus
2026-10-08T21:41:45.9346521Z Cloud: Azure
2026-10-08T21:41:45.9347098Z ##[endgroup]
2026-10-08T21:41:45.9349050Z ##[group]Operating System
2026-10-08T21:41:45.9349782Z Ubuntu
2026-10-08T21:41:45.9350419Z 24.04.5
2026-10-08T21:41:45.9350942Z LTS
2026-10-08T21:41:45.9351580Z ##[endgroup]
2026-10-08T21:41:45.9352385Z ##[group]Runner Image
2026-10-08T21:41:45.9352989Z Image: ubuntu-24.04
2026-10-08T21:41:45.9353634Z Version: 20261004.327.1
2026-10-08T21:41:45.9354910Z Included Software: https://github.com/actions/runner-images/blob/ubuntu24/20261004.327/images/ubuntu/Ubuntu2404-Readme.md
2026-10-08T21:41:45.9356554Z Image Release: https://github.com/actions/runner-images/releases/tag/ubuntu24%2F20261004.327
2026-10-08T21:41:45.9357506Z ##[endgroup]
2026-10-08T21:41:45.9358699Z ##[group]GITHUB_TOKEN Permissions
2026-10-08T21:41:45.9361027Z Contents: read
2026-10-08T21:41:45.9361963Z Metadata: read
2026-10-08T21:41:45.9362578Z ##[endgroup]
2026-10-08T21:41:45.9364863Z Secret source: Actions
2026-10-08T21:41:45.9365863Z Cache mode: write
2026-10-08T21:41:45.9367092Z Prepare workflow directory
2026-10-08T21:41:45.9952974Z Prepare all required actions
2026-10-08T21:41:46.0006743Z Getting action download info
2026-10-08T21:41:46.2815122Z Download action repository 'actions/checkout@v4' (SHA:11d5960a326750d5838078e36cf38b85af677262)
2026-10-08T21:41:46.4007119Z Download action repository 'actions/setup-node@v4' (SHA:49933ea5288caeca8642d1e84afbd3f7d6820020)
2026-10-08T21:41:46.5057311Z Download action repository 'actions/upload-artifact@v4' (SHA:ea165f8d65b6e75b540449e92b4886f43607fa02)
2026-10-08T21:41:46.7158833Z Complete job name: checks (node)
2026-10-08T21:41:46.7942477Z ##[group]Run actions/checkout@v4
2026-10-08T21:41:46.7943662Z with:
2026-10-08T21:41:46.7944169Z   ref: 491f82f6a99c992faca4a26acf8b80dc4ecc67a1
2026-10-08T21:41:46.7944826Z   repository: luisitin/partybox-game-cores
2026-10-08T21:41:46.7948734Z   token: ***
2026-10-08T21:41:46.7949181Z   ssh-strict: true
2026-10-08T21:41:46.7949633Z   ssh-user: git
2026-10-08T21:41:46.7950082Z   persist-credentials: true
2026-10-08T21:41:46.7950585Z   clean: true
2026-10-08T21:41:46.7951039Z   sparse-checkout-cone-mode: true
2026-10-08T21:41:46.7951578Z   fetch-depth: 1
2026-10-08T21:41:46.7952573Z   fetch-tags: false
2026-10-08T21:41:46.7953196Z   show-progress: true
2026-10-08T21:41:46.7953657Z   lfs: false
2026-10-08T21:41:46.7954075Z   submodules: false
2026-10-08T21:41:46.7954530Z   set-safe-directory: true
2026-10-08T21:41:46.7955039Z   allow-unsafe-pr-checkout: false
2026-10-08T21:41:46.7955958Z env:
2026-10-08T21:41:46.7956564Z   G10_SOURCE_COMMIT: 491f82f6a99c992faca4a26acf8b80dc4ecc67a1
2026-10-08T21:41:46.7957223Z ##[endgroup]
2026-10-08T21:41:46.9048194Z Syncing repository: luisitin/partybox-game-cores
2026-10-08T21:41:46.9051256Z ##[group]Getting Git version info
2026-10-08T21:41:46.9052933Z Working directory is '/home/runner/work/partybox-game-cores/partybox-game-cores'
2026-10-08T21:41:46.9054844Z [command]/usr/bin/git version
2026-10-08T21:41:46.9184766Z git version 2.55.0
2026-10-08T21:41:46.9255981Z ##[endgroup]
2026-10-08T21:41:46.9265992Z Temporarily overriding HOME='/home/runner/work/_temp/a9aa3052-4d45-4737-98db-d5db6524ab0e' before making global git config changes
2026-10-08T21:41:46.9268454Z Adding repository directory to the temporary git global config as a safe directory
2026-10-08T21:41:46.9270778Z [command]/usr/bin/git config --global --add safe.directory /home/runner/work/partybox-game-cores/partybox-game-cores
2026-10-08T21:41:46.9329055Z Deleting the contents of '/home/runner/work/partybox-game-cores/partybox-game-cores'
2026-10-08T21:41:46.9334947Z ##[group]Initializing the repository
2026-10-08T21:41:46.9340709Z [command]/usr/bin/git init /home/runner/work/partybox-game-cores/partybox-game-cores
2026-10-08T21:41:46.9489609Z hint: Using 'master' as the name for the initial branch. This default branch name
2026-10-08T21:41:46.9495208Z hint: will change to "main" in Git 3.0. To configure the initial branch name
2026-10-08T21:41:46.9496641Z hint: to use in all of your new repositories, which will suppress this warning,
2026-10-08T21:41:46.9497450Z hint: call:
2026-10-08T21:41:46.9497904Z hint:
2026-10-08T21:41:46.9498630Z hint: 	git config --global init.defaultBranch <name>
2026-10-08T21:41:46.9499273Z hint:
2026-10-08T21:41:46.9499876Z hint: Names commonly chosen instead of 'master' are 'main', 'trunk' and
2026-10-08T21:41:46.9500847Z hint: 'development'. The just-created branch can be renamed via this command:
2026-10-08T21:41:46.9501605Z hint:
2026-10-08T21:41:46.9502311Z hint: 	git branch -m <name>
2026-10-08T21:41:46.9502854Z hint:
2026-10-08T21:41:46.9503511Z hint: Disable this message with "git config set advice.defaultBranchName false"
2026-10-08T21:41:46.9504722Z Initialized empty Git repository in /home/runner/work/partybox-game-cores/partybox-game-cores/.git/
2026-10-08T21:41:46.9508532Z [command]/usr/bin/git remote add origin https://github.com/luisitin/partybox-game-cores
2026-10-08T21:41:46.9576000Z ##[endgroup]
2026-10-08T21:41:46.9577450Z ##[group]Disabling automatic garbage collection
2026-10-08T21:41:46.9580807Z [command]/usr/bin/git config --local gc.auto 0
2026-10-08T21:41:46.9646282Z ##[endgroup]
2026-10-08T21:41:46.9647548Z ##[group]Setting up auth
2026-10-08T21:41:46.9659279Z [command]/usr/bin/git config --local --name-only --get-regexp core\.sshCommand
2026-10-08T21:41:46.9715555Z [command]/usr/bin/git submodule foreach --recursive sh -c "git config --local --name-only --get-regexp 'core\.sshCommand' && git config --local --unset-all 'core.sshCommand' || :"
2026-10-08T21:41:47.0187436Z [command]/usr/bin/git config --local --name-only --get-regexp http\.https\:\/\/github\.com\/\.extraheader
2026-10-08T21:41:47.0237853Z [command]/usr/bin/git submodule foreach --recursive sh -c "git config --local --name-only --get-regexp 'http\.https\:\/\/github\.com\/\.extraheader' && git config --local --unset-all 'http.https://github.com/.extraheader' || :"
2026-10-08T21:41:47.0501488Z [command]/usr/bin/git config --local --name-only --get-regexp ^includeIf\.gitdir:
2026-10-08T21:41:47.0544521Z [command]/usr/bin/git submodule foreach --recursive git config --local --show-origin --name-only --get-regexp remote.origin.url
2026-10-08T21:41:47.0785058Z [command]/usr/bin/git config --local http.https://github.com/.extraheader AUTHORIZATION: basic ***
2026-10-08T21:41:47.0832791Z ##[endgroup]
2026-10-08T21:41:47.0834179Z ##[group]Fetching the repository
2026-10-08T21:41:47.0844891Z [command]/usr/bin/git -c protocol.version=2 fetch --no-tags --prune --no-recurse-submodules --depth=1 origin 491f82f6a99c992faca4a26acf8b80dc4ecc67a1
2026-10-08T21:42:05.8898543Z From https://github.com/luisitin/partybox-game-cores
2026-10-08T21:42:05.8900814Z  * branch            491f82f6a99c992faca4a26acf8b80dc4ecc67a1 -> FETCH_HEAD
2026-10-08T21:42:05.8912767Z ##[endgroup]
2026-10-08T21:42:05.8914890Z ##[group]Determining the checkout info
2026-10-08T21:42:05.8916872Z ##[endgroup]
2026-10-08T21:42:05.8918086Z [command]/usr/bin/git sparse-checkout disable
2026-10-08T21:42:05.8976041Z [command]/usr/bin/git config --local --unset-all extensions.worktreeConfig
2026-10-08T21:42:05.9012668Z ##[group]Checking out the ref
2026-10-08T21:42:05.9014242Z [command]/usr/bin/git checkout --progress --force 491f82f6a99c992faca4a26acf8b80dc4ecc67a1
2026-10-08T21:42:07.0113144Z Updating files:  11% (180/1536)
2026-10-08T21:42:07.9956718Z Updating files:  12% (185/1536)
2026-10-08T21:42:08.0742485Z Updating files:  12% (199/1536)
2026-10-08T21:42:09.0128770Z Updating files:  13% (200/1536)
2026-10-08T21:42:09.9705339Z Updating files:  14% (216/1536)
2026-10-08T21:42:10.3248646Z Updating files:  14% (226/1536)
2026-10-08T21:42:11.0054321Z Updating files:  15% (231/1536)
2026-10-08T21:42:11.1938786Z Updating files:  15% (243/1536)
2026-10-08T21:42:11.5773861Z Updating files:  16% (246/1536)
2026-10-08T21:42:11.5974831Z Updating files:  17% (262/1536)
2026-10-08T21:42:11.5993183Z Updating files:  18% (277/1536)
2026-10-08T21:42:11.6003569Z Updating files:  19% (292/1536)
2026-10-08T21:42:11.6004389Z Updating files:  20% (308/1536)
2026-10-08T21:42:11.6204917Z Updating files:  21% (323/1536)
2026-10-08T21:42:11.6223152Z Updating files:  22% (338/1536)
2026-10-08T21:42:11.6224248Z Updating files:  23% (354/1536)
2026-10-08T21:42:11.6435738Z Updating files:  24% (369/1536)
2026-10-08T21:42:11.6442241Z Updating files:  25% (384/1536)
2026-10-08T21:42:11.6450824Z Updating files:  26% (400/1536)
2026-10-08T21:42:11.6457407Z Updating files:  27% (415/1536)
2026-10-08T21:42:11.6471224Z Updating files:  28% (431/1536)
2026-10-08T21:42:11.6481949Z Updating files:  29% (446/1536)
2026-10-08T21:42:11.6497679Z Updating files:  30% (461/1536)
2026-10-08T21:42:11.6508351Z Updating files:  31% (477/1536)
2026-10-08T21:42:11.6521277Z Updating files:  32% (492/1536)
2026-10-08T21:42:11.6532683Z Updating files:  33% (507/1536)
2026-10-08T21:42:11.6540999Z Updating files:  34% (523/1536)
2026-10-08T21:42:11.6552794Z Updating files:  35% (538/1536)
2026-10-08T21:42:11.6626375Z Updating files:  36% (553/1536)
2026-10-08T21:42:11.6814878Z Updating files:  37% (569/1536)
2026-10-08T21:42:11.6988563Z Updating files:  38% (584/1536)
2026-10-08T21:42:11.6998847Z Updating files:  39% (600/1536)
2026-10-08T21:42:11.7087489Z Updating files:  40% (615/1536)
2026-10-08T21:42:11.7097416Z Updating files:  41% (630/1536)
2026-10-08T21:42:11.7147839Z Updating files:  42% (646/1536)
2026-10-08T21:42:11.7162544Z Updating files:  43% (661/1536)
2026-10-08T21:42:11.7178782Z Updating files:  44% (676/1536)
2026-10-08T21:42:11.7186882Z Updating files:  45% (692/1536)
2026-10-08T21:42:11.7206412Z Updating files:  46% (707/1536)
2026-10-08T21:42:11.7342947Z Updating files:  47% (722/1536)
2026-10-08T21:42:11.7487412Z Updating files:  48% (738/1536)
2026-10-08T21:42:11.7561435Z Updating files:  49% (753/1536)
2026-10-08T21:42:11.7613655Z Updating files:  50% (768/1536)
2026-10-08T21:42:11.7762577Z Updating files:  51% (784/1536)
2026-10-08T21:42:11.7779851Z Updating files:  52% (799/1536)
2026-10-08T21:42:11.7788434Z Updating files:  53% (815/1536)
2026-10-08T21:42:11.7813616Z Updating files:  54% (830/1536)
2026-10-08T21:42:11.7851401Z Updating files:  55% (845/1536)
2026-10-08T21:42:11.7896970Z Updating files:  56% (861/1536)
2026-10-08T21:42:11.7902908Z Updating files:  57% (876/1536)
2026-10-08T21:42:11.7933824Z Updating files:  58% (891/1536)
2026-10-08T21:42:11.7972572Z Updating files:  59% (907/1536)
2026-10-08T21:42:11.8012931Z Updating files:  60% (922/1536)
2026-10-08T21:42:11.8049433Z Updating files:  61% (937/1536)
2026-10-08T21:42:11.8092158Z Updating files:  62% (953/1536)
2026-10-08T21:42:11.8116157Z Updating files:  63% (968/1536)
2026-10-08T21:42:11.8134548Z Updating files:  64% (984/1536)
2026-10-08T21:42:11.8157470Z Updating files:  65% (999/1536)
2026-10-08T21:42:11.8187446Z Updating files:  66% (1014/1536)
2026-10-08T21:42:11.8219609Z Updating files:  67% (1030/1536)
2026-10-08T21:42:11.8253431Z Updating files:  68% (1045/1536)
2026-10-08T21:42:11.8290857Z Updating files:  69% (1060/1536)
2026-10-08T21:42:11.8311130Z Updating files:  70% (1076/1536)
2026-10-08T21:42:11.8337222Z Updating files:  71% (1091/1536)
2026-10-08T21:42:11.8378027Z Updating files:  72% (1106/1536)
2026-10-08T21:42:11.8424502Z Updating files:  73% (1122/1536)
2026-10-08T21:42:11.8488650Z Updating files:  74% (1137/1536)
2026-10-08T21:42:11.8520021Z Updating files:  75% (1152/1536)
2026-10-08T21:42:11.8531073Z Updating files:  76% (1168/1536)
2026-10-08T21:42:11.8539702Z Updating files:  77% (1183/1536)
2026-10-08T21:42:11.8561437Z Updating files:  78% (1199/1536)
2026-10-08T21:42:11.8570338Z Updating files:  79% (1214/1536)
2026-10-08T21:42:11.8577788Z Updating files:  80% (1229/1536)
2026-10-08T21:42:11.8585908Z Updating files:  81% (1245/1536)
2026-10-08T21:42:11.8592145Z Updating files:  82% (1260/1536)
2026-10-08T21:42:11.8604259Z Updating files:  83% (1275/1536)
2026-10-08T21:42:11.8620672Z Updating files:  84% (1291/1536)
2026-10-08T21:42:11.8647074Z Updating files:  85% (1306/1536)
2026-10-08T21:42:11.8655200Z Updating files:  86% (1321/1536)
2026-10-08T21:42:11.8667462Z Updating files:  87% (1337/1536)
2026-10-08T21:42:11.8677756Z Updating files:  88% (1352/1536)
2026-10-08T21:42:11.8717007Z Updating files:  89% (1368/1536)
2026-10-08T21:42:11.8773423Z Updating files:  90% (1383/1536)
2026-10-08T21:42:11.8809081Z Updating files:  91% (1398/1536)
2026-10-08T21:42:11.8824353Z Updating files:  92% (1414/1536)
2026-10-08T21:42:11.8840522Z Updating files:  93% (1429/1536)
2026-10-08T21:42:11.9122130Z Updating files:  94% (1444/1536)
2026-10-08T21:42:12.2246496Z Updating files:  94% (1452/1536)
2026-10-08T21:42:12.2252707Z Updating files:  95% (1460/1536)
2026-10-08T21:42:12.2261628Z Updating files:  96% (1475/1536)
2026-10-08T21:42:12.2271005Z Updating files:  97% (1490/1536)
2026-10-08T21:42:12.2279678Z Updating files:  98% (1506/1536)
2026-10-08T21:42:12.2302428Z Updating files:  99% (1521/1536)
2026-10-08T21:42:12.2311915Z Updating files: 100% (1536/1536)
2026-10-08T21:42:12.2312820Z Updating files: 100% (1536/1536), done.
2026-10-08T21:42:12.2313385Z Note: switching to '491f82f6a99c992faca4a26acf8b80dc4ecc67a1'.
2026-10-08T21:42:12.2313874Z 
2026-10-08T21:42:12.2314250Z You are in 'detached HEAD' state. You can look around, make experimental
2026-10-08T21:42:12.2315120Z changes and commit them, and you can discard any commits you make in this
2026-10-08T21:42:12.2316043Z state without impacting any branches by switching back to a branch.
2026-10-08T21:42:12.2316535Z 
2026-10-08T21:42:12.2316854Z If you want to create a new branch to retain commits you create, you may
2026-10-08T21:42:12.2317615Z do so (now or later) by using -c with the switch command. Example:
2026-10-08T21:42:12.2318077Z 
2026-10-08T21:42:12.2318588Z   git switch -c <new-branch-name>
2026-10-08T21:42:12.2318892Z 
2026-10-08T21:42:12.2319072Z Or undo this operation with:
2026-10-08T21:42:12.2319346Z 
2026-10-08T21:42:12.2319489Z   git switch -
2026-10-08T21:42:12.2319699Z 
2026-10-08T21:42:12.2319912Z Turn off this advice by setting config variable advice.detachedHead to false
2026-10-08T21:42:12.2320230Z 
2026-10-08T21:42:12.2320440Z HEAD is now at 491f82f G10 archive verified bounded downloads and open draft PR
2026-10-08T21:42:12.2451089Z ##[endgroup]
2026-10-08T21:42:12.2500176Z [command]/usr/bin/git log -1 --format=%H
2026-10-08T21:42:12.2528534Z 491f82f6a99c992faca4a26acf8b80dc4ecc67a1
2026-10-08T21:42:12.2789715Z ##[group]Run actions/setup-node@v4
2026-10-08T21:42:12.2790014Z with:
2026-10-08T21:42:12.2790218Z   node-version: 22.16.0
2026-10-08T21:42:12.2790435Z   cache: npm
2026-10-08T21:42:12.2790718Z   cache-dependency-path: jobs/G10-checkers/package-lock.json
2026-10-08T21:42:12.2791090Z   always-auth: false
2026-10-08T21:42:12.2791301Z   check-latest: false
2026-10-08T21:42:12.2794097Z   token: ***
2026-10-08T21:42:12.2794306Z env:
2026-10-08T21:42:12.2794572Z   G10_SOURCE_COMMIT: 491f82f6a99c992faca4a26acf8b80dc4ecc67a1
2026-10-08T21:42:12.2794909Z ##[endgroup]
2026-10-08T21:42:12.4218314Z Attempting to download 22.16.0...
2026-10-08T21:42:12.4325407Z (node:2305) [DEP0040] DeprecationWarning: The `punycode` module is deprecated. Please use a userland alternative instead.
2026-10-08T21:42:12.4326455Z (Use `node --trace-deprecation ...` to show where the warning was created)
2026-10-08T21:42:13.3159812Z Acquiring 22.16.0 - x64 from https://github.com/actions/node-versions/releases/download/22.16.0-15177438473/node-22.16.0-linux-x64.tar.gz
2026-10-08T21:42:13.9909525Z Extracting ...
2026-10-08T21:42:14.0035758Z [command]/usr/bin/tar xz --strip 1 --warning=no-unknown-keyword --overwrite -C /home/runner/work/_temp/3c159078-d13b-4429-aefd-d9aa26a5a004 -f /home/runner/work/_temp/eaba2599-c5ad-422f-be58-5b3dbed29858
2026-10-08T21:42:15.2125076Z Adding to the cache ...
2026-10-08T21:42:17.5242940Z ##[group]Environment details
2026-10-08T21:42:17.7541840Z node: v22.16.0
2026-10-08T21:42:17.7542303Z npm: 10.9.2
2026-10-08T21:42:17.7542694Z yarn: 1.22.22
2026-10-08T21:42:17.7543619Z ##[endgroup]
2026-10-08T21:42:17.7564374Z [command]/opt/hostedtoolcache/node/22.16.0/x64/bin/npm config get cache
2026-10-08T21:42:17.8511321Z /home/runner/.npm
2026-10-08T21:42:18.0499131Z npm cache is not found
2026-10-08T21:42:18.0698496Z ##[group]Run npm ci --ignore-scripts --no-audit --no-fund
2026-10-08T21:42:18.0699025Z [36;1mnpm ci --ignore-scripts --no-audit --no-fund[0m
2026-10-08T21:42:18.1020757Z shell: /usr/bin/bash -e {0}
2026-10-08T21:42:18.1021111Z env:
2026-10-08T21:42:18.1021470Z   G10_SOURCE_COMMIT: 491f82f6a99c992faca4a26acf8b80dc4ecc67a1
2026-10-08T21:42:18.1022243Z ##[endgroup]
2026-10-08T21:42:19.3749118Z 
2026-10-08T21:42:19.3758813Z added 6 packages in 1s
2026-10-08T21:42:19.4213047Z ##[group]Run sudo apt-get update
2026-10-08T21:42:19.4213390Z [36;1msudo apt-get update[0m
2026-10-08T21:42:19.4213664Z [36;1msudo apt-get install -y ffmpeg[0m
2026-10-08T21:42:19.4213954Z [36;1mffprobe -version[0m
2026-10-08T21:42:19.4214204Z [36;1mffmpeg -version[0m
2026-10-08T21:42:19.4279960Z shell: /usr/bin/bash -e {0}
2026-10-08T21:42:19.4280222Z env:
2026-10-08T21:42:19.4280496Z   G10_SOURCE_COMMIT: 491f82f6a99c992faca4a26acf8b80dc4ecc67a1
2026-10-08T21:42:19.4280847Z ##[endgroup]
2026-10-08T21:42:19.5234830Z Get:1 file:/etc/apt/apt-mirrors.txt Mirrorlist [144 B]
2026-10-08T21:42:19.5566060Z Hit:2 http://azure.archive.ubuntu.com/ubuntu noble InRelease
2026-10-08T21:42:19.5567601Z Get:6 https://packages.microsoft.com/ubuntu/24.04/prod noble InRelease [3600 B]
2026-10-08T21:42:19.5582503Z Get:3 http://azure.archive.ubuntu.com/ubuntu noble-updates InRelease [126 kB]
2026-10-08T21:42:19.5614949Z Get:4 http://azure.archive.ubuntu.com/ubuntu noble-backports InRelease [126 kB]
2026-10-08T21:42:19.5634872Z Get:5 http://azure.archive.ubuntu.com/ubuntu noble-security InRelease [126 kB]
2026-10-08T21:42:19.7030819Z Get:7 https://packages.microsoft.com/ubuntu/24.04/prod noble/main armhf Packages [12.3 kB]
2026-10-08T21:42:19.7125875Z Get:8 https://packages.microsoft.com/ubuntu/24.04/prod noble/main amd64 Packages [531 kB]
2026-10-08T21:42:19.7183089Z Get:9 https://packages.microsoft.com/ubuntu/24.04/prod noble/main all Packages [640 B]
2026-10-08T21:42:19.7200899Z Get:10 https://packages.microsoft.com/ubuntu/24.04/prod noble/main arm64 Packages [474 kB]
2026-10-08T21:42:19.7573331Z Get:11 http://azure.archive.ubuntu.com/ubuntu noble-updates/main amd64 Packages [1375 kB]
2026-10-08T21:42:19.7630763Z Get:12 http://azure.archive.ubuntu.com/ubuntu noble-updates/main Translation-en [306 kB]
2026-10-08T21:42:19.7652838Z Get:13 http://azure.archive.ubuntu.com/ubuntu noble-updates/universe amd64 Packages [1702 kB]
2026-10-08T21:42:19.7733367Z Get:14 http://azure.archive.ubuntu.com/ubuntu noble-updates/universe Translation-en [342 kB]
2026-10-08T21:42:19.7752050Z Get:15 http://azure.archive.ubuntu.com/ubuntu noble-updates/restricted amd64 Packages [1761 kB]
2026-10-08T21:42:19.7840105Z Get:16 http://azure.archive.ubuntu.com/ubuntu noble-updates/restricted Translation-en [401 kB]
2026-10-08T21:42:19.7860019Z Get:17 http://azure.archive.ubuntu.com/ubuntu noble-updates/multiverse amd64 Packages [55.0 kB]
2026-10-08T21:42:19.7883253Z Get:18 http://azure.archive.ubuntu.com/ubuntu noble-updates/multiverse Translation-en [14.3 kB]
2026-10-08T21:42:19.8685519Z Get:19 http://azure.archive.ubuntu.com/ubuntu noble-security/main amd64 Packages [1115 kB]
2026-10-08T21:42:19.8745829Z Get:20 http://azure.archive.ubuntu.com/ubuntu noble-security/main Translation-en [227 kB]
2026-10-08T21:42:19.9218832Z Get:21 http://azure.archive.ubuntu.com/ubuntu noble-security/universe amd64 Packages [1218 kB]
2026-10-08T21:42:19.9279829Z Get:22 http://azure.archive.ubuntu.com/ubuntu noble-security/universe Translation-en [245 kB]
2026-10-08T21:42:19.9296021Z Get:23 http://azure.archive.ubuntu.com/ubuntu noble-security/restricted amd64 Packages [1632 kB]
2026-10-08T21:42:19.9376362Z Get:24 http://azure.archive.ubuntu.com/ubuntu noble-security/restricted Translation-en [376 kB]
2026-10-08T21:42:19.9405424Z Get:25 http://azure.archive.ubuntu.com/ubuntu noble-security/multiverse Translation-en [11.6 kB]
2026-10-08T21:42:24.9232640Z Fetched 12.2 MB in 1s (9633 kB/s)
2026-10-08T21:42:25.8003187Z Reading package lists...
2026-10-08T21:42:25.8311988Z Reading package lists...
2026-10-08T21:42:26.0332507Z Building dependency tree...
2026-10-08T21:42:26.0340359Z Reading state information...
2026-10-08T21:42:26.2024632Z The following additional packages will be installed:
2026-10-08T21:42:26.2025902Z   i965-va-driver intel-media-va-driver libaacs0 libass9 libasyncns0
2026-10-08T21:42:26.2027052Z   libavc1394-0 libavcodec60 libavdevice60 libavfilter9 libavformat60
2026-10-08T21:42:26.2029017Z   libavutil58 libbdplus0 libblas3 libbluray2 libbs2b0 libcaca0
2026-10-08T21:42:26.2030372Z   libcdio-cdda2t64 libcdio-paranoia2t64 libcdio19t64 libchromaprint1 libcjson1
2026-10-08T21:42:26.2032153Z   libcodec2-1.2 libdav1d7 libdc1394-25 libdecor-0-0 libdecor-0-plugin-1-gtk
2026-10-08T21:42:26.2033436Z   libflac12t64 libflite1 libgme0 libgsm1 libhwy1t64 libiec61883-0 libigdgmm12
2026-10-08T21:42:26.2034912Z   libjack-jackd2-0 libjxl0.7 liblapack3 liblilv-0-0 libmbedcrypto7t64
2026-10-08T21:42:26.2035980Z   libmp3lame0 libmpg123-0t64 libmysofa1 libopenal-data libopenal1
2026-10-08T21:42:26.2037118Z   libopenmpt0t64 libopus0 libplacebo338 libpocketsphinx3 libpostproc57
2026-10-08T21:42:26.2038303Z   libpulse0 librav1e0 libraw1394-11 librist4 librsvg2-2 librsvg2-common
2026-10-08T21:42:26.2039494Z   librubberband2 libsamplerate0 libsdl2-2.0-0 libserd-0-0 libshine3
2026-10-08T21:42:26.2040523Z   libsndfile1 libsndio7.0 libsord-0-0 libsoxr0 libspeex1 libsphinxbase3t64
2026-10-08T21:42:26.2041966Z   libsratom-0-0 libsrt1.5-gnutls libssh-gcrypt-4 libsvtav1enc1d1
2026-10-08T21:42:26.2043281Z   libswresample4 libswscale7 libtheora0 libtwolame0 libudfread0 libunibreak5
2026-10-08T21:42:26.2044655Z   libva-drm2 libva-x11-2 libva2 libvdpau1 libvidstab1.1 libvorbisenc2 libvpl2
2026-10-08T21:42:26.2045750Z   libvpx9 libx264-164 libx265-199 libxcb-shape0 libxv1 libxvidcore4 libzimg2
2026-10-08T21:42:26.2046775Z   libzix-0-0 libzvbi-common libzvbi0t64 mesa-va-drivers mesa-vdpau-drivers
2026-10-08T21:42:26.2047778Z   ocl-icd-libopencl1 pocketsphinx-en-us va-driver-all vdpau-driver-all
2026-10-08T21:42:26.2048559Z Suggested packages:
2026-10-08T21:42:26.2049292Z   ffmpeg-doc i965-va-driver-shaders libcuda1 libnvcuvid1 libnvidia-encode1
2026-10-08T21:42:26.2050349Z   libbluray-bdj jackd2 libportaudio2 opus-tools pulseaudio libraw1394-doc
2026-10-08T21:42:26.2051363Z   librsvg2-bin serdi sndiod sordi speex opencl-icd libvdpau-va-gl1
2026-10-08T21:42:26.2525205Z The following NEW packages will be installed:
2026-10-08T21:42:26.2526520Z   ffmpeg i965-va-driver intel-media-va-driver libaacs0 libass9 libasyncns0
2026-10-08T21:42:26.2527726Z   libavc1394-0 libavcodec60 libavdevice60 libavfilter9 libavformat60
2026-10-08T21:42:26.2528740Z   libavutil58 libbdplus0 libblas3 libbluray2 libbs2b0 libcaca0
2026-10-08T21:42:26.2529876Z   libcdio-cdda2t64 libcdio-paranoia2t64 libcdio19t64 libchromaprint1 libcjson1
2026-10-08T21:42:26.2531245Z   libcodec2-1.2 libdav1d7 libdc1394-25 libdecor-0-0 libdecor-0-plugin-1-gtk
2026-10-08T21:42:26.2533302Z   libflac12t64 libflite1 libgme0 libgsm1 libhwy1t64 libiec61883-0 libigdgmm12
2026-10-08T21:42:26.2534883Z   libjack-jackd2-0 libjxl0.7 liblapack3 liblilv-0-0 libmbedcrypto7t64
2026-10-08T21:42:26.2536321Z   libmp3lame0 libmpg123-0t64 libmysofa1 libopenal-data libopenal1
2026-10-08T21:42:26.2537624Z   libopenmpt0t64 libopus0 libplacebo338 libpocketsphinx3 libpostproc57
2026-10-08T21:42:26.2539005Z   libpulse0 librav1e0 libraw1394-11 librist4 librsvg2-2 librsvg2-common
2026-10-08T21:42:26.2540339Z   librubberband2 libsamplerate0 libsdl2-2.0-0 libserd-0-0 libshine3
2026-10-08T21:42:26.2542575Z   libsndfile1 libsndio7.0 libsord-0-0 libsoxr0 libspeex1 libsphinxbase3t64
2026-10-08T21:42:26.2543914Z   libsratom-0-0 libsrt1.5-gnutls libssh-gcrypt-4 libsvtav1enc1d1
2026-10-08T21:42:26.2545279Z   libswresample4 libswscale7 libtheora0 libtwolame0 libudfread0 libunibreak5
2026-10-08T21:42:26.2546839Z   libva-drm2 libva-x11-2 libva2 libvdpau1 libvidstab1.1 libvorbisenc2 libvpl2
2026-10-08T21:42:26.2548031Z   libvpx9 libx264-164 libx265-199 libxcb-shape0 libxv1 libxvidcore4 libzimg2
2026-10-08T21:42:26.2549294Z   libzix-0-0 libzvbi-common libzvbi0t64 mesa-va-drivers mesa-vdpau-drivers
2026-10-08T21:42:26.2550587Z   ocl-icd-libopencl1 pocketsphinx-en-us va-driver-all vdpau-driver-all
2026-10-08T21:42:26.2756999Z 0 upgraded, 99 newly installed, 0 to remove and 23 not upgraded.
2026-10-08T21:42:26.2757593Z Need to get 94.1 MB of archives.
2026-10-08T21:42:26.2758040Z After this operation, 227 MB of additional disk space will be used.
2026-10-08T21:42:26.2758822Z Get:1 file:/etc/apt/apt-mirrors.txt Mirrorlist [144 B]
2026-10-08T21:42:26.3415353Z Get:2 http://azure.archive.ubuntu.com/ubuntu noble-updates/universe amd64 libva2 amd64 2.20.0-2ubuntu0.2 [66.4 kB]
2026-10-08T21:42:26.3906243Z Get:3 http://azure.archive.ubuntu.com/ubuntu noble-updates/universe amd64 libva-drm2 amd64 2.20.0-2ubuntu0.2 [7124 B]
2026-10-08T21:42:26.4382997Z Get:4 http://azure.archive.ubuntu.com/ubuntu noble-updates/universe amd64 libva-x11-2 amd64 2.20.0-2ubuntu0.2 [12.0 kB]
2026-10-08T21:42:26.4868591Z Get:5 http://azure.archive.ubuntu.com/ubuntu noble/main amd64 libvdpau1 amd64 1.5-2build1 [27.8 kB]
2026-10-08T21:42:26.5346119Z Get:6 http://azure.archive.ubuntu.com/ubuntu noble/universe amd64 libvpl2 amd64 2023.3.0-1build1 [99.8 kB]
2026-10-08T21:42:26.5827315Z Get:7 http://azure.archive.ubuntu.com/ubuntu noble/universe amd64 ocl-icd-libopencl1 amd64 2.3.2-1build1 [38.5 kB]
2026-10-08T21:42:26.6304908Z Get:8 http://azure.archive.ubuntu.com/ubuntu noble/universe amd64 libavutil58 amd64 7:6.1.1-3ubuntu5 [401 kB]
2026-10-08T21:42:26.6824738Z Get:9 http://azure.archive.ubuntu.com/ubuntu noble/universe amd64 libcodec2-1.2 amd64 1.2.0-2build1 [8998 kB]
2026-10-08T21:42:26.8750136Z Get:10 http://azure.archive.ubuntu.com/ubuntu noble/universe amd64 libdav1d7 amd64 1.4.1-1build1 [604 kB]
2026-10-08T21:42:26.9282660Z Get:11 http://azure.archive.ubuntu.com/ubuntu noble/universe amd64 libgsm1 amd64 1.0.22-1build1 [27.8 kB]
2026-10-08T21:42:26.9757277Z Get:12 http://azure.archive.ubuntu.com/ubuntu noble/universe amd64 libhwy1t64 amd64 1.0.7-8.1build1 [584 kB]
2026-10-08T21:42:27.0294804Z Get:13 http://azure.archive.ubuntu.com/ubuntu noble-updates/universe amd64 libjxl0.7 amd64 0.7.0-10.2ubuntu6.1 [1001 kB]
2026-10-08T21:42:27.0887532Z Get:14 http://azure.archive.ubuntu.com/ubuntu noble/main amd64 libmp3lame0 amd64 3.100-6build1 [142 kB]
2026-10-08T21:42:27.1369121Z Get:15 http://azure.archive.ubuntu.com/ubuntu noble/main amd64 libopus0 amd64 1.4-1build1 [208 kB]
2026-10-08T21:42:27.1857200Z Get:16 http://azure.archive.ubuntu.com/ubuntu noble/universe amd64 librav1e0 amd64 0.7.1-2 [1022 kB]
2026-10-08T21:42:27.2411017Z Get:17 http://azure.archive.ubuntu.com/ubuntu noble-updates/main amd64 librsvg2-2 amd64 2.58.0+dfsg-1ubuntu0.1 [2141 kB]
2026-10-08T21:42:27.3235848Z Get:18 http://azure.archive.ubuntu.com/ubuntu noble/universe amd64 libshine3 amd64 3.1.1-2build1 [23.2 kB]
2026-10-08T21:42:27.3710927Z Get:19 http://azure.archive.ubuntu.com/ubuntu noble-updates/main amd64 libspeex1 amd64 1.2.1-2ubuntu2.24.04.1 [59.6 kB]
2026-10-08T21:42:27.4185435Z Get:20 http://azure.archive.ubuntu.com/ubuntu noble/universe amd64 libsvtav1enc1d1 amd64 1.7.0+dfsg-2build1 [2425 kB]
2026-10-08T21:42:27.4881799Z Get:21 http://azure.archive.ubuntu.com/ubuntu noble/universe amd64 libsoxr0 amd64 0.1.3-4build3 [80.0 kB]
2026-10-08T21:42:27.5333503Z Get:22 http://azure.archive.ubuntu.com/ubuntu noble/universe amd64 libswresample4 amd64 7:6.1.1-3ubuntu5 [63.8 kB]
2026-10-08T21:42:27.5809742Z Get:23 http://azure.archive.ubuntu.com/ubuntu noble/main amd64 libtheora0 amd64 1.1.1+dfsg.1-16.1build3 [211 kB]
2026-10-08T21:42:27.6324996Z Get:24 http://azure.archive.ubuntu.com/ubuntu noble/main amd64 libtwolame0 amd64 0.4.0-2build3 [52.3 kB]
2026-10-08T21:42:27.6802227Z Get:25 http://azure.archive.ubuntu.com/ubuntu noble/main amd64 libvorbisenc2 amd64 1.3.7-1build3 [80.8 kB]
2026-10-08T21:42:27.7293753Z Get:26 http://azure.archive.ubuntu.com/ubuntu noble-updates/main amd64 libvpx9 amd64 1.14.0-1ubuntu2.3 [1143 kB]
2026-10-08T21:42:27.7994539Z Get:27 http://azure.archive.ubuntu.com/ubuntu noble/universe amd64 libx264-164 amd64 2:0.164.3108+git31e19f9-1 [604 kB]
2026-10-08T21:42:27.8506609Z Get:28 http://azure.archive.ubuntu.com/ubuntu noble/universe amd64 libx265-199 amd64 3.5-2build1 [1226 kB]
2026-10-08T21:42:27.9089164Z Get:29 http://azure.archive.ubuntu.com/ubuntu noble/universe amd64 libxvidcore4 amd64 2:1.3.7-1build1 [219 kB]
2026-10-08T21:42:27.9581037Z Get:30 http://azure.archive.ubuntu.com/ubuntu noble/universe amd64 libzvbi-common all 0.2.42-2 [42.4 kB]
2026-10-08T21:42:28.0060018Z Get:31 http://azure.archive.ubuntu.com/ubuntu noble/universe amd64 libzvbi0t64 amd64 0.2.42-2 [261 kB]
2026-10-08T21:42:28.0556614Z Get:32 http://azure.archive.ubuntu.com/ubuntu noble/universe amd64 libavcodec60 amd64 7:6.1.1-3ubuntu5 [5851 kB]
2026-10-08T21:42:28.2009850Z Get:33 http://azure.archive.ubuntu.com/ubuntu noble/main amd64 libraw1394-11 amd64 2.1.2-2build3 [26.2 kB]
2026-10-08T21:42:28.2484359Z Get:34 http://azure.archive.ubuntu.com/ubuntu noble/main amd64 libavc1394-0 amd64 0.5.4-5build3 [15.4 kB]
2026-10-08T21:42:28.2958997Z Get:35 http://azure.archive.ubuntu.com/ubuntu noble/universe amd64 libunibreak5 amd64 5.1-2build1 [25.0 kB]
2026-10-08T21:42:28.3433510Z Get:36 http://azure.archive.ubuntu.com/ubuntu noble/universe amd64 libass9 amd64 1:0.17.1-2build1 [104 kB]
2026-10-08T21:42:28.3918917Z Get:37 http://azure.archive.ubuntu.com/ubuntu noble/universe amd64 libudfread0 amd64 1.1.2-1build1 [19.0 kB]
2026-10-08T21:42:28.4392712Z Get:38 http://azure.archive.ubuntu.com/ubuntu noble/universe amd64 libbluray2 amd64 1:1.3.4-1build1 [159 kB]
2026-10-08T21:42:28.4875362Z Get:39 http://azure.archive.ubuntu.com/ubuntu noble/universe amd64 libchromaprint1 amd64 1.5.1-5 [30.5 kB]
2026-10-08T21:42:28.5350482Z Get:40 http://azure.archive.ubuntu.com/ubuntu noble/universe amd64 libgme0 amd64 0.6.3-7build1 [134 kB]
2026-10-08T21:42:28.5832458Z Get:41 http://azure.archive.ubuntu.com/ubuntu noble-updates/main amd64 libmpg123-0t64 amd64 1.32.5-1ubuntu1.1 [169 kB]
2026-10-08T21:42:28.6315018Z Get:42 http://azure.archive.ubuntu.com/ubuntu noble/universe amd64 libopenmpt0t64 amd64 0.7.3-1.1build3 [647 kB]
2026-10-08T21:42:28.6830117Z Get:43 http://azure.archive.ubuntu.com/ubuntu noble/universe amd64 libcjson1 amd64 1.7.17-1 [24.8 kB]
2026-10-08T21:42:28.7305758Z Get:44 http://azure.archive.ubuntu.com/ubuntu noble/universe amd64 libmbedcrypto7t64 amd64 2.28.8-1 [209 kB]
2026-10-08T21:42:28.7790340Z Get:45 http://azure.archive.ubuntu.com/ubuntu noble/universe amd64 librist4 amd64 0.2.10+dfsg-2 [74.9 kB]
2026-10-08T21:42:28.8266462Z Get:46 http://azure.archive.ubuntu.com/ubuntu noble/universe amd64 libsrt1.5-gnutls amd64 1.5.3-1build2 [316 kB]
2026-10-08T21:42:28.8760045Z Get:47 http://azure.archive.ubuntu.com/ubuntu noble-updates/main amd64 libssh-gcrypt-4 amd64 0.10.6-2ubuntu0.5 [226 kB]
2026-10-08T21:42:28.9248874Z Get:48 http://azure.archive.ubuntu.com/ubuntu noble/universe amd64 libavformat60 amd64 7:6.1.1-3ubuntu5 [1153 kB]
2026-10-08T21:42:28.9802419Z Get:49 http://azure.archive.ubuntu.com/ubuntu noble/universe amd64 libbs2b0 amd64 3.1.0+dfsg-7build1 [10.6 kB]
2026-10-08T21:42:29.0276246Z Get:50 http://azure.archive.ubuntu.com/ubuntu noble/universe amd64 libflite1 amd64 2.2-6build3 [13.6 MB]
2026-10-08T21:42:29.3109920Z Get:51 http://azure.archive.ubuntu.com/ubuntu noble/universe amd64 libserd-0-0 amd64 0.32.2-1 [43.6 kB]
2026-10-08T21:42:29.3586114Z Get:52 http://azure.archive.ubuntu.com/ubuntu noble/universe amd64 libzix-0-0 amd64 0.4.2-2build1 [23.6 kB]
2026-10-08T21:42:29.4062326Z Get:53 http://azure.archive.ubuntu.com/ubuntu noble/universe amd64 libsord-0-0 amd64 0.16.16-2build1 [15.8 kB]
2026-10-08T21:42:29.4536132Z Get:54 http://azure.archive.ubuntu.com/ubuntu noble/universe amd64 libsratom-0-0 amd64 0.6.16-1build1 [17.3 kB]
2026-10-08T21:42:29.5012045Z Get:55 http://azure.archive.ubuntu.com/ubuntu noble/universe amd64 liblilv-0-0 amd64 0.24.22-1build1 [41.0 kB]
2026-10-08T21:42:29.5490369Z Get:56 http://azure.archive.ubuntu.com/ubuntu noble/universe amd64 libmysofa1 amd64 1.3.2+dfsg-2ubuntu2 [1158 kB]
2026-10-08T21:42:29.6038822Z Get:57 http://azure.archive.ubuntu.com/ubuntu noble/universe amd64 libplacebo338 amd64 6.338.2-2build1 [2654 kB]
2026-10-08T21:42:29.6838474Z Get:58 http://azure.archive.ubuntu.com/ubuntu noble-updates/main amd64 libblas3 amd64 3.12.0-3build1.1 [238 kB]
2026-10-08T21:42:29.7327400Z Get:59 http://azure.archive.ubuntu.com/ubuntu noble-updates/main amd64 liblapack3 amd64 3.12.0-3build1.1 [2646 kB]
2026-10-08T21:42:29.8035192Z Get:60 http://azure.archive.ubuntu.com/ubuntu noble/main amd64 libasyncns0 amd64 0.8-6build4 [11.3 kB]
2026-10-08T21:42:29.8507823Z Get:61 http://azure.archive.ubuntu.com/ubuntu noble/main amd64 libflac12t64 amd64 1.4.3+ds-2.1ubuntu2 [197 kB]
2026-10-08T21:42:29.8997068Z Get:62 http://azure.archive.ubuntu.com/ubuntu noble-updates/main amd64 libsndfile1 amd64 1.2.2-1ubuntu5.24.04.1 [209 kB]
2026-10-08T21:42:29.9488600Z Get:63 http://azure.archive.ubuntu.com/ubuntu noble-updates/main amd64 libpulse0 amd64 1:16.1+dfsg1-2ubuntu10.1 [292 kB]
2026-10-08T21:42:29.9973781Z Get:64 http://azure.archive.ubuntu.com/ubuntu noble/universe amd64 libsphinxbase3t64 amd64 0.8+5prealpha+1-17build2 [126 kB]
2026-10-08T21:42:30.0449582Z Get:65 http://azure.archive.ubuntu.com/ubuntu noble/universe amd64 libpocketsphinx3 amd64 0.8.0+real5prealpha+1-15ubuntu5 [133 kB]
2026-10-08T21:42:30.0923610Z Get:66 http://azure.archive.ubuntu.com/ubuntu noble/universe amd64 libpostproc57 amd64 7:6.1.1-3ubuntu5 [49.9 kB]
2026-10-08T21:42:30.1398876Z Get:67 http://azure.archive.ubuntu.com/ubuntu noble/main amd64 libsamplerate0 amd64 0.2.2-4build1 [1344 kB]
2026-10-08T21:42:30.1951249Z Get:68 http://azure.archive.ubuntu.com/ubuntu noble/universe amd64 librubberband2 amd64 3.3.0+dfsg-2build1 [130 kB]
2026-10-08T21:42:30.2427459Z Get:69 http://azure.archive.ubuntu.com/ubuntu noble/universe amd64 libswscale7 amd64 7:6.1.1-3ubuntu5 [193 kB]
2026-10-08T21:42:30.2909129Z Get:70 http://azure.archive.ubuntu.com/ubuntu noble/universe amd64 libvidstab1.1 amd64 1.1.0-2build1 [38.5 kB]
2026-10-08T21:42:30.3377880Z Get:71 http://azure.archive.ubuntu.com/ubuntu noble/universe amd64 libzimg2 amd64 3.0.5+ds1-1build1 [254 kB]
2026-10-08T21:42:30.3865245Z Get:72 http://azure.archive.ubuntu.com/ubuntu noble/universe amd64 libavfilter9 amd64 7:6.1.1-3ubuntu5 [4235 kB]
2026-10-08T21:42:30.4881482Z Get:73 http://azure.archive.ubuntu.com/ubuntu noble-updates/main amd64 libcaca0 amd64 0.99.beta20-4ubuntu0.2 [209 kB]
2026-10-08T21:42:30.5362252Z Get:74 http://azure.archive.ubuntu.com/ubuntu noble-updates/main amd64 libcdio19t64 amd64 2.1.0-4.1ubuntu1.2 [62.4 kB]
2026-10-08T21:42:30.5834476Z Get:75 http://azure.archive.ubuntu.com/ubuntu noble/main amd64 libcdio-cdda2t64 amd64 10.2+2.0.1-1.1build2 [16.5 kB]
2026-10-08T21:42:30.6308372Z Get:76 http://azure.archive.ubuntu.com/ubuntu noble/main amd64 libcdio-paranoia2t64 amd64 10.2+2.0.1-1.1build2 [16.6 kB]
2026-10-08T21:42:30.6778135Z Get:77 http://azure.archive.ubuntu.com/ubuntu noble/universe amd64 libdc1394-25 amd64 2.2.6-4build1 [90.1 kB]
2026-10-08T21:42:30.7250719Z Get:78 http://azure.archive.ubuntu.com/ubuntu noble/main amd64 libiec61883-0 amd64 1.2.0-6build1 [24.5 kB]
2026-10-08T21:42:30.7721148Z Get:79 http://azure.archive.ubuntu.com/ubuntu noble/main amd64 libjack-jackd2-0 amd64 1.9.21~dfsg-3ubuntu3 [289 kB]
2026-10-08T21:42:30.8246977Z Get:80 http://azure.archive.ubuntu.com/ubuntu noble/universe amd64 libopenal-data all 1:1.23.1-4build1 [161 kB]
2026-10-08T21:42:30.8732948Z Get:81 http://azure.archive.ubuntu.com/ubuntu noble/universe amd64 libsndio7.0 amd64 1.9.0-0.3build3 [29.6 kB]
2026-10-08T21:42:30.9204750Z Get:82 http://azure.archive.ubuntu.com/ubuntu noble/universe amd64 libopenal1 amd64 1:1.23.1-4build1 [540 kB]
2026-10-08T21:42:30.9715993Z Get:83 http://azure.archive.ubuntu.com/ubuntu noble/main amd64 libdecor-0-0 amd64 0.2.2-1build2 [16.5 kB]
2026-10-08T21:42:31.0189033Z Get:84 http://azure.archive.ubuntu.com/ubuntu noble-updates/main amd64 libsdl2-2.0-0 amd64 2.30.0+dfsg-1ubuntu3.1 [686 kB]
2026-10-08T21:42:31.0724304Z Get:85 http://azure.archive.ubuntu.com/ubuntu noble/main amd64 libxcb-shape0 amd64 1.15-1ubuntu2 [6100 B]
2026-10-08T21:42:31.1195691Z Get:86 http://azure.archive.ubuntu.com/ubuntu noble/main amd64 libxv1 amd64 2:1.0.11-1.1build1 [10.7 kB]
2026-10-08T21:42:31.1666069Z Get:87 http://azure.archive.ubuntu.com/ubuntu noble/universe amd64 libavdevice60 amd64 7:6.1.1-3ubuntu5 [82.3 kB]
2026-10-08T21:42:31.2143120Z Get:88 http://azure.archive.ubuntu.com/ubuntu noble/universe amd64 ffmpeg amd64 7:6.1.1-3ubuntu5 [1879 kB]
2026-10-08T21:42:31.2757366Z Get:89 http://azure.archive.ubuntu.com/ubuntu noble-updates/universe amd64 libigdgmm12 amd64 22.3.17+ds1-1ubuntu1 [145 kB]
2026-10-08T21:42:31.3257193Z Get:90 http://azure.archive.ubuntu.com/ubuntu noble-updates/universe amd64 intel-media-va-driver amd64 24.1.0+dfsg1-1ubuntu0.2 [3163 kB]
2026-10-08T21:42:31.4280029Z Get:91 http://azure.archive.ubuntu.com/ubuntu noble/universe amd64 libaacs0 amd64 0.11.1-2build1 [62.9 kB]
2026-10-08T21:42:31.4760671Z Get:92 http://azure.archive.ubuntu.com/ubuntu noble/universe amd64 libbdplus0 amd64 0.2.0-3build1 [52.2 kB]
2026-10-08T21:42:31.5246311Z Get:93 http://azure.archive.ubuntu.com/ubuntu noble/main amd64 libdecor-0-plugin-1-gtk amd64 0.2.2-1build2 [22.2 kB]
2026-10-08T21:42:31.5723058Z Get:94 http://azure.archive.ubuntu.com/ubuntu noble-updates/main amd64 librsvg2-common amd64 2.58.0+dfsg-1ubuntu0.1 [11.8 kB]
2026-10-08T21:42:31.6167244Z Get:95 http://azure.archive.ubuntu.com/ubuntu noble-updates/universe amd64 mesa-va-drivers amd64 25.2.8-0ubuntu0.24.04.4 [6778 B]
2026-10-08T21:42:31.6610727Z Get:96 http://azure.archive.ubuntu.com/ubuntu noble-updates/main amd64 mesa-vdpau-drivers amd64 25.2.8-0ubuntu0.24.04.4 [23.4 kB]
2026-10-08T21:42:31.7055521Z Get:97 http://azure.archive.ubuntu.com/ubuntu noble-updates/universe amd64 i965-va-driver amd64 2.4.1+dfsg1-1ubuntu0.2 [332 kB]
2026-10-08T21:42:31.7667802Z Get:98 http://azure.archive.ubuntu.com/ubuntu noble-updates/universe amd64 va-driver-all amd64 2.20.0-2ubuntu0.2 [5014 B]
2026-10-08T21:42:31.8137143Z Get:99 http://azure.archive.ubuntu.com/ubuntu noble/main amd64 vdpau-driver-all amd64 1.5-2build1 [4414 B]
2026-10-08T21:42:31.8612923Z Get:100 http://azure.archive.ubuntu.com/ubuntu noble/universe amd64 pocketsphinx-en-us all 0.8.0+real5prealpha+1-15ubuntu5 [27.4 MB]
2026-10-08T21:42:32.7291070Z Fetched 94.1 MB in 6s (15.4 MB/s)
2026-10-08T21:42:32.7557387Z Selecting previously unselected package libva2:amd64.
2026-10-08T21:42:32.7915544Z (Reading database ... 
2026-10-08T21:42:32.7916218Z (Reading database ... 5%
2026-10-08T21:42:32.7916693Z (Reading database ... 10%
2026-10-08T21:42:32.7917121Z (Reading database ... 15%
2026-10-08T21:42:32.7917553Z (Reading database ... 20%
2026-10-08T21:42:32.7917949Z (Reading database ... 25%
2026-10-08T21:42:32.7918343Z (Reading database ... 30%
2026-10-08T21:42:32.7918660Z (Reading database ... 35%
2026-10-08T21:42:32.7918970Z (Reading database ... 40%
2026-10-08T21:42:32.7919272Z (Reading database ... 45%
2026-10-08T21:42:32.7919558Z (Reading database ... 50%
2026-10-08T21:42:32.7965430Z (Reading database ... 55%
2026-10-08T21:42:32.8909410Z (Reading database ... 60%
2026-10-08T21:42:33.0373324Z (Reading database ... 65%
2026-10-08T21:42:33.2428158Z (Reading database ... 70%
2026-10-08T21:42:33.4275480Z (Reading database ... 75%
2026-10-08T21:42:33.6251510Z (Reading database ... 80%
2026-10-08T21:42:33.8331352Z (Reading database ... 85%
2026-10-08T21:42:34.0245810Z (Reading database ... 90%
2026-10-08T21:42:34.1907090Z (Reading database ... 95%
2026-10-08T21:42:34.1907815Z (Reading database ... 100%
2026-10-08T21:42:34.1909203Z (Reading database ... 203191 files and directories currently installed.)
2026-10-08T21:42:34.1951332Z Preparing to unpack .../00-libva2_2.20.0-2ubuntu0.2_amd64.deb ...
2026-10-08T21:42:34.1993752Z Unpacking libva2:amd64 (2.20.0-2ubuntu0.2) ...
2026-10-08T21:42:34.2211242Z Selecting previously unselected package libva-drm2:amd64.
2026-10-08T21:42:34.2338942Z Preparing to unpack .../01-libva-drm2_2.20.0-2ubuntu0.2_amd64.deb ...
2026-10-08T21:42:34.2346423Z Unpacking libva-drm2:amd64 (2.20.0-2ubuntu0.2) ...
2026-10-08T21:42:34.2567231Z Selecting previously unselected package libva-x11-2:amd64.
2026-10-08T21:42:34.2692770Z Preparing to unpack .../02-libva-x11-2_2.20.0-2ubuntu0.2_amd64.deb ...
2026-10-08T21:42:34.2700002Z Unpacking libva-x11-2:amd64 (2.20.0-2ubuntu0.2) ...
2026-10-08T21:42:34.2899268Z Selecting previously unselected package libvdpau1:amd64.
2026-10-08T21:42:34.3027418Z Preparing to unpack .../03-libvdpau1_1.5-2build1_amd64.deb ...
2026-10-08T21:42:34.3052863Z Unpacking libvdpau1:amd64 (1.5-2build1) ...
2026-10-08T21:42:34.3258322Z Selecting previously unselected package libvpl2.
2026-10-08T21:42:34.3385659Z Preparing to unpack .../04-libvpl2_2023.3.0-1build1_amd64.deb ...
2026-10-08T21:42:34.3393249Z Unpacking libvpl2 (2023.3.0-1build1) ...
2026-10-08T21:42:34.3614398Z Selecting previously unselected package ocl-icd-libopencl1:amd64.
2026-10-08T21:42:34.3743394Z Preparing to unpack .../05-ocl-icd-libopencl1_2.3.2-1build1_amd64.deb ...
2026-10-08T21:42:34.3750742Z Unpacking ocl-icd-libopencl1:amd64 (2.3.2-1build1) ...
2026-10-08T21:42:34.4005145Z Selecting previously unselected package libavutil58:amd64.
2026-10-08T21:42:34.4135847Z Preparing to unpack .../06-libavutil58_7%3a6.1.1-3ubuntu5_amd64.deb ...
2026-10-08T21:42:34.4146408Z Unpacking libavutil58:amd64 (7:6.1.1-3ubuntu5) ...
2026-10-08T21:42:34.4387336Z Selecting previously unselected package libcodec2-1.2:amd64.
2026-10-08T21:42:34.4512451Z Preparing to unpack .../07-libcodec2-1.2_1.2.0-2build1_amd64.deb ...
2026-10-08T21:42:34.4519157Z Unpacking libcodec2-1.2:amd64 (1.2.0-2build1) ...
2026-10-08T21:42:34.5260983Z Selecting previously unselected package libdav1d7:amd64.
2026-10-08T21:42:34.5388588Z Preparing to unpack .../08-libdav1d7_1.4.1-1build1_amd64.deb ...
2026-10-08T21:42:34.5396153Z Unpacking libdav1d7:amd64 (1.4.1-1build1) ...
2026-10-08T21:42:34.5659481Z Selecting previously unselected package libgsm1:amd64.
2026-10-08T21:42:34.5785360Z Preparing to unpack .../09-libgsm1_1.0.22-1build1_amd64.deb ...
2026-10-08T21:42:34.5793120Z Unpacking libgsm1:amd64 (1.0.22-1build1) ...
2026-10-08T21:42:34.5998578Z Selecting previously unselected package libhwy1t64:amd64.
2026-10-08T21:42:34.6126106Z Preparing to unpack .../10-libhwy1t64_1.0.7-8.1build1_amd64.deb ...
2026-10-08T21:42:34.6133462Z Unpacking libhwy1t64:amd64 (1.0.7-8.1build1) ...
2026-10-08T21:42:34.6462402Z Selecting previously unselected package libjxl0.7:amd64.
2026-10-08T21:42:34.6592248Z Preparing to unpack .../11-libjxl0.7_0.7.0-10.2ubuntu6.1_amd64.deb ...
2026-10-08T21:42:34.6599660Z Unpacking libjxl0.7:amd64 (0.7.0-10.2ubuntu6.1) ...
2026-10-08T21:42:34.6920541Z Selecting previously unselected package libmp3lame0:amd64.
2026-10-08T21:42:34.7045502Z Preparing to unpack .../12-libmp3lame0_3.100-6build1_amd64.deb ...
2026-10-08T21:42:34.7053255Z Unpacking libmp3lame0:amd64 (3.100-6build1) ...
2026-10-08T21:42:34.7265952Z Selecting previously unselected package libopus0:amd64.
2026-10-08T21:42:34.7395000Z Preparing to unpack .../13-libopus0_1.4-1build1_amd64.deb ...
2026-10-08T21:42:34.7402219Z Unpacking libopus0:amd64 (1.4-1build1) ...
2026-10-08T21:42:34.7622071Z Selecting previously unselected package librav1e0:amd64.
2026-10-08T21:42:34.7751217Z Preparing to unpack .../14-librav1e0_0.7.1-2_amd64.deb ...
2026-10-08T21:42:34.7763901Z Unpacking librav1e0:amd64 (0.7.1-2) ...
2026-10-08T21:42:34.8085238Z Selecting previously unselected package librsvg2-2:amd64.
2026-10-08T21:42:34.8213025Z Preparing to unpack .../15-librsvg2-2_2.58.0+dfsg-1ubuntu0.1_amd64.deb ...
2026-10-08T21:42:34.8220384Z Unpacking librsvg2-2:amd64 (2.58.0+dfsg-1ubuntu0.1) ...
2026-10-08T21:42:34.8711437Z Selecting previously unselected package libshine3:amd64.
2026-10-08T21:42:34.8838801Z Preparing to unpack .../16-libshine3_3.1.1-2build1_amd64.deb ...
2026-10-08T21:42:34.8845840Z Unpacking libshine3:amd64 (3.1.1-2build1) ...
2026-10-08T21:42:34.9035730Z Selecting previously unselected package libspeex1:amd64.
2026-10-08T21:42:34.9163554Z Preparing to unpack .../17-libspeex1_1.2.1-2ubuntu2.24.04.1_amd64.deb ...
2026-10-08T21:42:34.9171128Z Unpacking libspeex1:amd64 (1.2.1-2ubuntu2.24.04.1) ...
2026-10-08T21:42:34.9372583Z Selecting previously unselected package libsvtav1enc1d1:amd64.
2026-10-08T21:42:34.9498405Z Preparing to unpack .../18-libsvtav1enc1d1_1.7.0+dfsg-2build1_amd64.deb ...
2026-10-08T21:42:34.9505872Z Unpacking libsvtav1enc1d1:amd64 (1.7.0+dfsg-2build1) ...
2026-10-08T21:42:34.9988344Z Selecting previously unselected package libsoxr0:amd64.
2026-10-08T21:42:35.0114325Z Preparing to unpack .../19-libsoxr0_0.1.3-4build3_amd64.deb ...
2026-10-08T21:42:35.0120977Z Unpacking libsoxr0:amd64 (0.1.3-4build3) ...
2026-10-08T21:42:35.0329176Z Selecting previously unselected package libswresample4:amd64.
2026-10-08T21:42:35.0458225Z Preparing to unpack .../20-libswresample4_7%3a6.1.1-3ubuntu5_amd64.deb ...
2026-10-08T21:42:35.0465538Z Unpacking libswresample4:amd64 (7:6.1.1-3ubuntu5) ...
2026-10-08T21:42:35.0674436Z Selecting previously unselected package libtheora0:amd64.
2026-10-08T21:42:35.0804822Z Preparing to unpack .../21-libtheora0_1.1.1+dfsg.1-16.1build3_amd64.deb ...
2026-10-08T21:42:35.0812189Z Unpacking libtheora0:amd64 (1.1.1+dfsg.1-16.1build3) ...
2026-10-08T21:42:35.1039994Z Selecting previously unselected package libtwolame0:amd64.
2026-10-08T21:42:35.1167950Z Preparing to unpack .../22-libtwolame0_0.4.0-2build3_amd64.deb ...
2026-10-08T21:42:35.1175676Z Unpacking libtwolame0:amd64 (0.4.0-2build3) ...
2026-10-08T21:42:35.1380688Z Selecting previously unselected package libvorbisenc2:amd64.
2026-10-08T21:42:35.1509024Z Preparing to unpack .../23-libvorbisenc2_1.3.7-1build3_amd64.deb ...
2026-10-08T21:42:35.1520934Z Unpacking libvorbisenc2:amd64 (1.3.7-1build3) ...
2026-10-08T21:42:35.1755758Z Selecting previously unselected package libvpx9:amd64.
2026-10-08T21:42:35.1889686Z Preparing to unpack .../24-libvpx9_1.14.0-1ubuntu2.3_amd64.deb ...
2026-10-08T21:42:35.1897748Z Unpacking libvpx9:amd64 (1.14.0-1ubuntu2.3) ...
2026-10-08T21:42:35.2222570Z Selecting previously unselected package libx264-164:amd64.
2026-10-08T21:42:35.2356251Z Preparing to unpack .../25-libx264-164_2%3a0.164.3108+git31e19f9-1_amd64.deb ...
2026-10-08T21:42:35.2364385Z Unpacking libx264-164:amd64 (2:0.164.3108+git31e19f9-1) ...
2026-10-08T21:42:35.2636497Z Selecting previously unselected package libx265-199:amd64.
2026-10-08T21:42:35.2765202Z Preparing to unpack .../26-libx265-199_3.5-2build1_amd64.deb ...
2026-10-08T21:42:35.2772314Z Unpacking libx265-199:amd64 (3.5-2build1) ...
2026-10-08T21:42:35.3403843Z Selecting previously unselected package libxvidcore4:amd64.
2026-10-08T21:42:35.3536672Z Preparing to unpack .../27-libxvidcore4_2%3a1.3.7-1build1_amd64.deb ...
2026-10-08T21:42:35.3544877Z Unpacking libxvidcore4:amd64 (2:1.3.7-1build1) ...
2026-10-08T21:42:35.3767817Z Selecting previously unselected package libzvbi-common.
2026-10-08T21:42:35.3900223Z Preparing to unpack .../28-libzvbi-common_0.2.42-2_all.deb ...
2026-10-08T21:42:35.3907523Z Unpacking libzvbi-common (0.2.42-2) ...
2026-10-08T21:42:35.4344014Z Selecting previously unselected package libzvbi0t64:amd64.
2026-10-08T21:42:35.4473922Z Preparing to unpack .../29-libzvbi0t64_0.2.42-2_amd64.deb ...
2026-10-08T21:42:35.4481303Z Unpacking libzvbi0t64:amd64 (0.2.42-2) ...
2026-10-08T21:42:35.4718586Z Selecting previously unselected package libavcodec60:amd64.
2026-10-08T21:42:35.4845240Z Preparing to unpack .../30-libavcodec60_7%3a6.1.1-3ubuntu5_amd64.deb ...
2026-10-08T21:42:35.4853235Z Unpacking libavcodec60:amd64 (7:6.1.1-3ubuntu5) ...
2026-10-08T21:42:35.5709907Z Selecting previously unselected package libraw1394-11:amd64.
2026-10-08T21:42:35.5844907Z Preparing to unpack .../31-libraw1394-11_2.1.2-2build3_amd64.deb ...
2026-10-08T21:42:35.5853463Z Unpacking libraw1394-11:amd64 (2.1.2-2build3) ...
2026-10-08T21:42:35.6067406Z Selecting previously unselected package libavc1394-0:amd64.
2026-10-08T21:42:35.6199861Z Preparing to unpack .../32-libavc1394-0_0.5.4-5build3_amd64.deb ...
2026-10-08T21:42:35.6208141Z Unpacking libavc1394-0:amd64 (0.5.4-5build3) ...
2026-10-08T21:42:35.6451088Z Selecting previously unselected package libunibreak5:amd64.
2026-10-08T21:42:35.6585956Z Preparing to unpack .../33-libunibreak5_5.1-2build1_amd64.deb ...
2026-10-08T21:42:35.6594192Z Unpacking libunibreak5:amd64 (5.1-2build1) ...
2026-10-08T21:42:35.6812229Z Selecting previously unselected package libass9:amd64.
2026-10-08T21:42:35.6942816Z Preparing to unpack .../34-libass9_1%3a0.17.1-2build1_amd64.deb ...
2026-10-08T21:42:35.6951085Z Unpacking libass9:amd64 (1:0.17.1-2build1) ...
2026-10-08T21:42:35.7230773Z Selecting previously unselected package libudfread0:amd64.
2026-10-08T21:42:35.7359757Z Preparing to unpack .../35-libudfread0_1.1.2-1build1_amd64.deb ...
2026-10-08T21:42:35.7398413Z Unpacking libudfread0:amd64 (1.1.2-1build1) ...
2026-10-08T21:42:35.7700991Z Selecting previously unselected package libbluray2:amd64.
2026-10-08T21:42:35.7833088Z Preparing to unpack .../36-libbluray2_1%3a1.3.4-1build1_amd64.deb ...
2026-10-08T21:42:35.7842629Z Unpacking libbluray2:amd64 (1:1.3.4-1build1) ...
2026-10-08T21:42:35.8072170Z Selecting previously unselected package libchromaprint1:amd64.
2026-10-08T21:42:35.8204849Z Preparing to unpack .../37-libchromaprint1_1.5.1-5_amd64.deb ...
2026-10-08T21:42:35.8213376Z Unpacking libchromaprint1:amd64 (1.5.1-5) ...
2026-10-08T21:42:35.8430073Z Selecting previously unselected package libgme0:amd64.
2026-10-08T21:42:35.8563323Z Preparing to unpack .../38-libgme0_0.6.3-7build1_amd64.deb ...
2026-10-08T21:42:35.8574164Z Unpacking libgme0:amd64 (0.6.3-7build1) ...
2026-10-08T21:42:35.8801574Z Selecting previously unselected package libmpg123-0t64:amd64.
2026-10-08T21:42:35.8936813Z Preparing to unpack .../39-libmpg123-0t64_1.32.5-1ubuntu1.1_amd64.deb ...
2026-10-08T21:42:35.8945331Z Unpacking libmpg123-0t64:amd64 (1.32.5-1ubuntu1.1) ...
2026-10-08T21:42:35.9179033Z Selecting previously unselected package libopenmpt0t64:amd64.
2026-10-08T21:42:35.9311338Z Preparing to unpack .../40-libopenmpt0t64_0.7.3-1.1build3_amd64.deb ...
2026-10-08T21:42:35.9318332Z Unpacking libopenmpt0t64:amd64 (0.7.3-1.1build3) ...
2026-10-08T21:42:35.9600324Z Selecting previously unselected package libcjson1:amd64.
2026-10-08T21:42:35.9728657Z Preparing to unpack .../41-libcjson1_1.7.17-1_amd64.deb ...
2026-10-08T21:42:35.9736128Z Unpacking libcjson1:amd64 (1.7.17-1) ...
2026-10-08T21:42:35.9943899Z Selecting previously unselected package libmbedcrypto7t64:amd64.
2026-10-08T21:42:36.0077019Z Preparing to unpack .../42-libmbedcrypto7t64_2.28.8-1_amd64.deb ...
2026-10-08T21:42:36.0084879Z Unpacking libmbedcrypto7t64:amd64 (2.28.8-1) ...
2026-10-08T21:42:36.0326907Z Selecting previously unselected package librist4:amd64.
2026-10-08T21:42:36.0460144Z Preparing to unpack .../43-librist4_0.2.10+dfsg-2_amd64.deb ...
2026-10-08T21:42:36.0468510Z Unpacking librist4:amd64 (0.2.10+dfsg-2) ...
2026-10-08T21:42:36.0715080Z Selecting previously unselected package libsrt1.5-gnutls:amd64.
2026-10-08T21:42:36.0848808Z Preparing to unpack .../44-libsrt1.5-gnutls_1.5.3-1build2_amd64.deb ...
2026-10-08T21:42:36.0856997Z Unpacking libsrt1.5-gnutls:amd64 (1.5.3-1build2) ...
2026-10-08T21:42:36.1109568Z Selecting previously unselected package libssh-gcrypt-4:amd64.
2026-10-08T21:42:36.1243257Z Preparing to unpack .../45-libssh-gcrypt-4_0.10.6-2ubuntu0.5_amd64.deb ...
2026-10-08T21:42:36.1250332Z Unpacking libssh-gcrypt-4:amd64 (0.10.6-2ubuntu0.5) ...
2026-10-08T21:42:36.1488002Z Selecting previously unselected package libavformat60:amd64.
2026-10-08T21:42:36.1621345Z Preparing to unpack .../46-libavformat60_7%3a6.1.1-3ubuntu5_amd64.deb ...
2026-10-08T21:42:36.1630714Z Unpacking libavformat60:amd64 (7:6.1.1-3ubuntu5) ...
2026-10-08T21:42:36.1956382Z Selecting previously unselected package libbs2b0:amd64.
2026-10-08T21:42:36.2093748Z Preparing to unpack .../47-libbs2b0_3.1.0+dfsg-7build1_amd64.deb ...
2026-10-08T21:42:36.2103303Z Unpacking libbs2b0:amd64 (3.1.0+dfsg-7build1) ...
2026-10-08T21:42:36.2329655Z Selecting previously unselected package libflite1:amd64.
2026-10-08T21:42:36.2457902Z Preparing to unpack .../48-libflite1_2.2-6build3_amd64.deb ...
2026-10-08T21:42:36.2465365Z Unpacking libflite1:amd64 (2.2-6build3) ...
2026-10-08T21:42:36.3560471Z Selecting previously unselected package libserd-0-0:amd64.
2026-10-08T21:42:36.3693764Z Preparing to unpack .../49-libserd-0-0_0.32.2-1_amd64.deb ...
2026-10-08T21:42:36.3701321Z Unpacking libserd-0-0:amd64 (0.32.2-1) ...
2026-10-08T21:42:36.3914170Z Selecting previously unselected package libzix-0-0:amd64.
2026-10-08T21:42:36.4047602Z Preparing to unpack .../50-libzix-0-0_0.4.2-2build1_amd64.deb ...
2026-10-08T21:42:36.4055700Z Unpacking libzix-0-0:amd64 (0.4.2-2build1) ...
2026-10-08T21:42:36.4269942Z Selecting previously unselected package libsord-0-0:amd64.
2026-10-08T21:42:36.4402419Z Preparing to unpack .../51-libsord-0-0_0.16.16-2build1_amd64.deb ...
2026-10-08T21:42:36.4409994Z Unpacking libsord-0-0:amd64 (0.16.16-2build1) ...
2026-10-08T21:42:36.4615589Z Selecting previously unselected package libsratom-0-0:amd64.
2026-10-08T21:42:36.4744991Z Preparing to unpack .../52-libsratom-0-0_0.6.16-1build1_amd64.deb ...
2026-10-08T21:42:36.4752930Z Unpacking libsratom-0-0:amd64 (0.6.16-1build1) ...
2026-10-08T21:42:36.4970446Z Selecting previously unselected package liblilv-0-0:amd64.
2026-10-08T21:42:36.5104950Z Preparing to unpack .../53-liblilv-0-0_0.24.22-1build1_amd64.deb ...
2026-10-08T21:42:36.5113679Z Unpacking liblilv-0-0:amd64 (0.24.22-1build1) ...
2026-10-08T21:42:36.5333105Z Selecting previously unselected package libmysofa1:amd64.
2026-10-08T21:42:36.5465025Z Preparing to unpack .../54-libmysofa1_1.3.2+dfsg-2ubuntu2_amd64.deb ...
2026-10-08T21:42:36.5473120Z Unpacking libmysofa1:amd64 (1.3.2+dfsg-2ubuntu2) ...
2026-10-08T21:42:36.5733229Z Selecting previously unselected package libplacebo338:amd64.
2026-10-08T21:42:36.5865853Z Preparing to unpack .../55-libplacebo338_6.338.2-2build1_amd64.deb ...
2026-10-08T21:42:36.5874049Z Unpacking libplacebo338:amd64 (6.338.2-2build1) ...
2026-10-08T21:42:36.6418240Z Selecting previously unselected package libblas3:amd64.
2026-10-08T21:42:36.6552771Z Preparing to unpack .../56-libblas3_3.12.0-3build1.1_amd64.deb ...
2026-10-08T21:42:36.6584090Z Unpacking libblas3:amd64 (3.12.0-3build1.1) ...
2026-10-08T21:42:36.6835197Z Selecting previously unselected package liblapack3:amd64.
2026-10-08T21:42:36.6967652Z Preparing to unpack .../57-liblapack3_3.12.0-3build1.1_amd64.deb ...
2026-10-08T21:42:36.6999188Z Unpacking liblapack3:amd64 (3.12.0-3build1.1) ...
2026-10-08T21:42:36.7484572Z Selecting previously unselected package libasyncns0:amd64.
2026-10-08T21:42:36.7622426Z Preparing to unpack .../58-libasyncns0_0.8-6build4_amd64.deb ...
2026-10-08T21:42:36.7630646Z Unpacking libasyncns0:amd64 (0.8-6build4) ...
2026-10-08T21:42:36.7853098Z Selecting previously unselected package libflac12t64:amd64.
2026-10-08T21:42:36.7986534Z Preparing to unpack .../59-libflac12t64_1.4.3+ds-2.1ubuntu2_amd64.deb ...
2026-10-08T21:42:36.7995635Z Unpacking libflac12t64:amd64 (1.4.3+ds-2.1ubuntu2) ...
2026-10-08T21:42:36.8227109Z Selecting previously unselected package libsndfile1:amd64.
2026-10-08T21:42:36.8362368Z Preparing to unpack .../60-libsndfile1_1.2.2-1ubuntu5.24.04.1_amd64.deb ...
2026-10-08T21:42:36.8373799Z Unpacking libsndfile1:amd64 (1.2.2-1ubuntu5.24.04.1) ...
2026-10-08T21:42:36.8626237Z Selecting previously unselected package libpulse0:amd64.
2026-10-08T21:42:36.8756554Z Preparing to unpack .../61-libpulse0_1%3a16.1+dfsg1-2ubuntu10.1_amd64.deb ...
2026-10-08T21:42:36.8827054Z Unpacking libpulse0:amd64 (1:16.1+dfsg1-2ubuntu10.1) ...
2026-10-08T21:42:36.9091999Z Selecting previously unselected package libsphinxbase3t64:amd64.
2026-10-08T21:42:36.9223495Z Preparing to unpack .../62-libsphinxbase3t64_0.8+5prealpha+1-17build2_amd64.deb ...
2026-10-08T21:42:36.9233754Z Unpacking libsphinxbase3t64:amd64 (0.8+5prealpha+1-17build2) ...
2026-10-08T21:42:36.9465002Z Selecting previously unselected package libpocketsphinx3:amd64.
2026-10-08T21:42:36.9596457Z Preparing to unpack .../63-libpocketsphinx3_0.8.0+real5prealpha+1-15ubuntu5_amd64.deb ...
2026-10-08T21:42:36.9604800Z Unpacking libpocketsphinx3:amd64 (0.8.0+real5prealpha+1-15ubuntu5) ...
2026-10-08T21:42:36.9832017Z Selecting previously unselected package libpostproc57:amd64.
2026-10-08T21:42:36.9963925Z Preparing to unpack .../64-libpostproc57_7%3a6.1.1-3ubuntu5_amd64.deb ...
2026-10-08T21:42:36.9971797Z Unpacking libpostproc57:amd64 (7:6.1.1-3ubuntu5) ...
2026-10-08T21:42:37.0185603Z Selecting previously unselected package libsamplerate0:amd64.
2026-10-08T21:42:37.0318100Z Preparing to unpack .../65-libsamplerate0_0.2.2-4build1_amd64.deb ...
2026-10-08T21:42:37.0326118Z Unpacking libsamplerate0:amd64 (0.2.2-4build1) ...
2026-10-08T21:42:37.0600577Z Selecting previously unselected package librubberband2:amd64.
2026-10-08T21:42:37.0733482Z Preparing to unpack .../66-librubberband2_3.3.0+dfsg-2build1_amd64.deb ...
2026-10-08T21:42:37.0742315Z Unpacking librubberband2:amd64 (3.3.0+dfsg-2build1) ...
2026-10-08T21:42:37.0966857Z Selecting previously unselected package libswscale7:amd64.
2026-10-08T21:42:37.1102053Z Preparing to unpack .../67-libswscale7_7%3a6.1.1-3ubuntu5_amd64.deb ...
2026-10-08T21:42:37.1109606Z Unpacking libswscale7:amd64 (7:6.1.1-3ubuntu5) ...
2026-10-08T21:42:37.1338067Z Selecting previously unselected package libvidstab1.1:amd64.
2026-10-08T21:42:37.1467221Z Preparing to unpack .../68-libvidstab1.1_1.1.0-2build1_amd64.deb ...
2026-10-08T21:42:37.1475656Z Unpacking libvidstab1.1:amd64 (1.1.0-2build1) ...
2026-10-08T21:42:37.1690021Z Selecting previously unselected package libzimg2:amd64.
2026-10-08T21:42:37.1821841Z Preparing to unpack .../69-libzimg2_3.0.5+ds1-1build1_amd64.deb ...
2026-10-08T21:42:37.1829559Z Unpacking libzimg2:amd64 (3.0.5+ds1-1build1) ...
2026-10-08T21:42:37.2070264Z Selecting previously unselected package libavfilter9:amd64.
2026-10-08T21:42:37.2202662Z Preparing to unpack .../70-libavfilter9_7%3a6.1.1-3ubuntu5_amd64.deb ...
2026-10-08T21:42:37.2214738Z Unpacking libavfilter9:amd64 (7:6.1.1-3ubuntu5) ...
2026-10-08T21:42:37.2957647Z Selecting previously unselected package libcaca0:amd64.
2026-10-08T21:42:37.3087794Z Preparing to unpack .../71-libcaca0_0.99.beta20-4ubuntu0.2_amd64.deb ...
2026-10-08T21:42:37.3095830Z Unpacking libcaca0:amd64 (0.99.beta20-4ubuntu0.2) ...
2026-10-08T21:42:37.3342286Z Selecting previously unselected package libcdio19t64:amd64.
2026-10-08T21:42:37.3472356Z Preparing to unpack .../72-libcdio19t64_2.1.0-4.1ubuntu1.2_amd64.deb ...
2026-10-08T21:42:37.3480027Z Unpacking libcdio19t64:amd64 (2.1.0-4.1ubuntu1.2) ...
2026-10-08T21:42:37.3695141Z Selecting previously unselected package libcdio-cdda2t64:amd64.
2026-10-08T21:42:37.3830225Z Preparing to unpack .../73-libcdio-cdda2t64_10.2+2.0.1-1.1build2_amd64.deb ...
2026-10-08T21:42:37.3838992Z Unpacking libcdio-cdda2t64:amd64 (10.2+2.0.1-1.1build2) ...
2026-10-08T21:42:37.4052674Z Selecting previously unselected package libcdio-paranoia2t64:amd64.
2026-10-08T21:42:37.4186046Z Preparing to unpack .../74-libcdio-paranoia2t64_10.2+2.0.1-1.1build2_amd64.deb ...
2026-10-08T21:42:37.4193644Z Unpacking libcdio-paranoia2t64:amd64 (10.2+2.0.1-1.1build2) ...
2026-10-08T21:42:37.4405909Z Selecting previously unselected package libdc1394-25:amd64.
2026-10-08T21:42:37.4543051Z Preparing to unpack .../75-libdc1394-25_2.2.6-4build1_amd64.deb ...
2026-10-08T21:42:37.4551349Z Unpacking libdc1394-25:amd64 (2.2.6-4build1) ...
2026-10-08T21:42:37.4770299Z Selecting previously unselected package libiec61883-0:amd64.
2026-10-08T21:42:37.4909170Z Preparing to unpack .../76-libiec61883-0_1.2.0-6build1_amd64.deb ...
2026-10-08T21:42:37.4918247Z Unpacking libiec61883-0:amd64 (1.2.0-6build1) ...
2026-10-08T21:42:37.5130719Z Selecting previously unselected package libjack-jackd2-0:amd64.
2026-10-08T21:42:37.5266455Z Preparing to unpack .../77-libjack-jackd2-0_1.9.21~dfsg-3ubuntu3_amd64.deb ...
2026-10-08T21:42:37.5274179Z Unpacking libjack-jackd2-0:amd64 (1.9.21~dfsg-3ubuntu3) ...
2026-10-08T21:42:37.5524798Z Selecting previously unselected package libopenal-data.
2026-10-08T21:42:37.5656461Z Preparing to unpack .../78-libopenal-data_1%3a1.23.1-4build1_all.deb ...
2026-10-08T21:42:37.5664084Z Unpacking libopenal-data (1:1.23.1-4build1) ...
2026-10-08T21:42:37.5889796Z Selecting previously unselected package libsndio7.0:amd64.
2026-10-08T21:42:37.6019908Z Preparing to unpack .../79-libsndio7.0_1.9.0-0.3build3_amd64.deb ...
2026-10-08T21:42:37.6027485Z Unpacking libsndio7.0:amd64 (1.9.0-0.3build3) ...
2026-10-08T21:42:37.6235431Z Selecting previously unselected package libopenal1:amd64.
2026-10-08T21:42:37.6365548Z Preparing to unpack .../80-libopenal1_1%3a1.23.1-4build1_amd64.deb ...
2026-10-08T21:42:37.6373112Z Unpacking libopenal1:amd64 (1:1.23.1-4build1) ...
2026-10-08T21:42:37.6630214Z Selecting previously unselected package libdecor-0-0:amd64.
2026-10-08T21:42:37.6765209Z Preparing to unpack .../81-libdecor-0-0_0.2.2-1build2_amd64.deb ...
2026-10-08T21:42:37.6774057Z Unpacking libdecor-0-0:amd64 (0.2.2-1build2) ...
2026-10-08T21:42:37.6984342Z Selecting previously unselected package libsdl2-2.0-0:amd64.
2026-10-08T21:42:37.7121418Z Preparing to unpack .../82-libsdl2-2.0-0_2.30.0+dfsg-1ubuntu3.1_amd64.deb ...
2026-10-08T21:42:37.7130374Z Unpacking libsdl2-2.0-0:amd64 (2.30.0+dfsg-1ubuntu3.1) ...
2026-10-08T21:42:37.7666444Z Selecting previously unselected package libxcb-shape0:amd64.
2026-10-08T21:42:37.7801455Z Preparing to unpack .../83-libxcb-shape0_1.15-1ubuntu2_amd64.deb ...
2026-10-08T21:42:37.7809641Z Unpacking libxcb-shape0:amd64 (1.15-1ubuntu2) ...
2026-10-08T21:42:37.8017880Z Selecting previously unselected package libxv1:amd64.
2026-10-08T21:42:37.8155015Z Preparing to unpack .../84-libxv1_2%3a1.0.11-1.1build1_amd64.deb ...
2026-10-08T21:42:37.8162121Z Unpacking libxv1:amd64 (2:1.0.11-1.1build1) ...
2026-10-08T21:42:37.8373858Z Selecting previously unselected package libavdevice60:amd64.
2026-10-08T21:42:37.8502869Z Preparing to unpack .../85-libavdevice60_7%3a6.1.1-3ubuntu5_amd64.deb ...
2026-10-08T21:42:37.8510885Z Unpacking libavdevice60:amd64 (7:6.1.1-3ubuntu5) ...
2026-10-08T21:42:37.8715439Z Selecting previously unselected package ffmpeg.
2026-10-08T21:42:37.8845286Z Preparing to unpack .../86-ffmpeg_7%3a6.1.1-3ubuntu5_amd64.deb ...
2026-10-08T21:42:37.8852288Z Unpacking ffmpeg (7:6.1.1-3ubuntu5) ...
2026-10-08T21:42:37.9249936Z Selecting previously unselected package libigdgmm12:amd64.
2026-10-08T21:42:37.9378263Z Preparing to unpack .../87-libigdgmm12_22.3.17+ds1-1ubuntu1_amd64.deb ...
2026-10-08T21:42:37.9385342Z Unpacking libigdgmm12:amd64 (22.3.17+ds1-1ubuntu1) ...
2026-10-08T21:42:37.9592841Z Selecting previously unselected package intel-media-va-driver:amd64.
2026-10-08T21:42:37.9718734Z Preparing to unpack .../88-intel-media-va-driver_24.1.0+dfsg1-1ubuntu0.2_amd64.deb ...
2026-10-08T21:42:37.9726078Z Unpacking intel-media-va-driver:amd64 (24.1.0+dfsg1-1ubuntu0.2) ...
2026-10-08T21:42:38.0350335Z Selecting previously unselected package libaacs0:amd64.
2026-10-08T21:42:38.0478550Z Preparing to unpack .../89-libaacs0_0.11.1-2build1_amd64.deb ...
2026-10-08T21:42:38.0486769Z Unpacking libaacs0:amd64 (0.11.1-2build1) ...
2026-10-08T21:42:38.0697097Z Selecting previously unselected package libbdplus0:amd64.
2026-10-08T21:42:38.0822424Z Preparing to unpack .../90-libbdplus0_0.2.0-3build1_amd64.deb ...
2026-10-08T21:42:38.0829080Z Unpacking libbdplus0:amd64 (0.2.0-3build1) ...
2026-10-08T21:42:38.1021791Z Selecting previously unselected package libdecor-0-plugin-1-gtk:amd64.
2026-10-08T21:42:38.1149070Z Preparing to unpack .../91-libdecor-0-plugin-1-gtk_0.2.2-1build2_amd64.deb ...
2026-10-08T21:42:38.1155674Z Unpacking libdecor-0-plugin-1-gtk:amd64 (0.2.2-1build2) ...
2026-10-08T21:42:38.1345034Z Selecting previously unselected package librsvg2-common:amd64.
2026-10-08T21:42:38.1469734Z Preparing to unpack .../92-librsvg2-common_2.58.0+dfsg-1ubuntu0.1_amd64.deb ...
2026-10-08T21:42:38.1529487Z Unpacking librsvg2-common:amd64 (2.58.0+dfsg-1ubuntu0.1) ...
2026-10-08T21:42:38.1866356Z Selecting previously unselected package mesa-va-drivers:amd64.
2026-10-08T21:42:38.1992292Z Preparing to unpack .../93-mesa-va-drivers_25.2.8-0ubuntu0.24.04.4_amd64.deb ...
2026-10-08T21:42:38.1999984Z Unpacking mesa-va-drivers:amd64 (25.2.8-0ubuntu0.24.04.4) ...
2026-10-08T21:42:38.2257022Z Selecting previously unselected package mesa-vdpau-drivers:amd64.
2026-10-08T21:42:38.2384575Z Preparing to unpack .../94-mesa-vdpau-drivers_25.2.8-0ubuntu0.24.04.4_amd64.deb ...
2026-10-08T21:42:38.2390502Z Unpacking mesa-vdpau-drivers:amd64 (25.2.8-0ubuntu0.24.04.4) ...
2026-10-08T21:42:38.2609477Z Selecting previously unselected package i965-va-driver:amd64.
2026-10-08T21:42:38.2734258Z Preparing to unpack .../95-i965-va-driver_2.4.1+dfsg1-1ubuntu0.2_amd64.deb ...
2026-10-08T21:42:38.2746345Z Unpacking i965-va-driver:amd64 (2.4.1+dfsg1-1ubuntu0.2) ...
2026-10-08T21:42:38.2990931Z Selecting previously unselected package va-driver-all:amd64.
2026-10-08T21:42:38.3116508Z Preparing to unpack .../96-va-driver-all_2.20.0-2ubuntu0.2_amd64.deb ...
2026-10-08T21:42:38.3123438Z Unpacking va-driver-all:amd64 (2.20.0-2ubuntu0.2) ...
2026-10-08T21:42:38.3306997Z Selecting previously unselected package vdpau-driver-all:amd64.
2026-10-08T21:42:38.3430822Z Preparing to unpack .../97-vdpau-driver-all_1.5-2build1_amd64.deb ...
2026-10-08T21:42:38.3437542Z Unpacking vdpau-driver-all:amd64 (1.5-2build1) ...
2026-10-08T21:42:38.3624425Z Selecting previously unselected package pocketsphinx-en-us.
2026-10-08T21:42:38.3752807Z Preparing to unpack .../98-pocketsphinx-en-us_0.8.0+real5prealpha+1-15ubuntu5_all.deb ...
2026-10-08T21:42:38.3759698Z Unpacking pocketsphinx-en-us (0.8.0+real5prealpha+1-15ubuntu5) ...
2026-10-08T21:42:38.5650943Z Setting up libgme0:amd64 (0.6.3-7build1) ...
2026-10-08T21:42:38.5674017Z Setting up libchromaprint1:amd64 (1.5.1-5) ...
2026-10-08T21:42:38.5691576Z Setting up libssh-gcrypt-4:amd64 (0.10.6-2ubuntu0.5) ...
2026-10-08T21:42:38.5707796Z Setting up libhwy1t64:amd64 (1.0.7-8.1build1) ...
2026-10-08T21:42:38.5736920Z Setting up libudfread0:amd64 (1.1.2-1build1) ...
2026-10-08T21:42:38.5755483Z Setting up libraw1394-11:amd64 (2.1.2-2build3) ...
2026-10-08T21:42:38.5773352Z Setting up libspeex1:amd64 (1.2.1-2ubuntu2.24.04.1) ...
2026-10-08T21:42:38.5795260Z Setting up libshine3:amd64 (3.1.1-2build1) ...
2026-10-08T21:42:38.5813361Z Setting up libcaca0:amd64 (0.99.beta20-4ubuntu0.2) ...
2026-10-08T21:42:38.5830206Z Setting up libvpl2 (2023.3.0-1build1) ...
2026-10-08T21:42:38.5846838Z Setting up libx264-164:amd64 (2:0.164.3108+git31e19f9-1) ...
2026-10-08T21:42:38.5863029Z Setting up libtwolame0:amd64 (0.4.0-2build3) ...
2026-10-08T21:42:38.5901014Z Setting up libmbedcrypto7t64:amd64 (2.28.8-1) ...
2026-10-08T21:42:38.5919430Z Setting up libgsm1:amd64 (1.0.22-1build1) ...
2026-10-08T21:42:38.5936698Z Setting up libsoxr0:amd64 (0.1.3-4build3) ...
2026-10-08T21:42:38.5953606Z Setting up libzix-0-0:amd64 (0.4.2-2build1) ...
2026-10-08T21:42:38.5971382Z Setting up libcodec2-1.2:amd64 (1.2.0-2build1) ...
2026-10-08T21:42:38.5989626Z Setting up libmysofa1:amd64 (1.3.2+dfsg-2ubuntu2) ...
2026-10-08T21:42:38.6009261Z Setting up libxcb-shape0:amd64 (1.15-1ubuntu2) ...
2026-10-08T21:42:38.6026525Z Setting up libcdio19t64:amd64 (2.1.0-4.1ubuntu1.2) ...
2026-10-08T21:42:38.6046589Z Setting up libsvtav1enc1d1:amd64 (1.7.0+dfsg-2build1) ...
2026-10-08T21:42:38.6062563Z Setting up libigdgmm12:amd64 (22.3.17+ds1-1ubuntu1) ...
2026-10-08T21:42:38.6079177Z Setting up libmpg123-0t64:amd64 (1.32.5-1ubuntu1.1) ...
2026-10-08T21:42:38.6098097Z Setting up libcjson1:amd64 (1.7.17-1) ...
2026-10-08T21:42:38.6116747Z Setting up libxvidcore4:amd64 (2:1.3.7-1build1) ...
2026-10-08T21:42:38.6135386Z Setting up librav1e0:amd64 (0.7.1-2) ...
2026-10-08T21:42:38.6152809Z Setting up libcdio-cdda2t64:amd64 (10.2+2.0.1-1.1build2) ...
2026-10-08T21:42:38.6170625Z Setting up librist4:amd64 (0.2.10+dfsg-2) ...
2026-10-08T21:42:38.6188457Z Setting up librsvg2-2:amd64 (2.58.0+dfsg-1ubuntu0.1) ...
2026-10-08T21:42:38.6219458Z Setting up libblas3:amd64 (3.12.0-3build1.1) ...
2026-10-08T21:42:38.6280880Z update-alternatives: using /usr/lib/x86_64-linux-gnu/blas/libblas.so.3 to provide /usr/lib/x86_64-linux-gnu/libblas.so.3 (libblas.so.3-x86_64-linux-gnu) in auto mode
2026-10-08T21:42:38.6295919Z Setting up libplacebo338:amd64 (6.338.2-2build1) ...
2026-10-08T21:42:38.6315498Z Setting up libva2:amd64 (2.20.0-2ubuntu0.2) ...
2026-10-08T21:42:38.6334118Z Setting up libopus0:amd64 (1.4-1build1) ...
2026-10-08T21:42:38.6355203Z Setting up libcdio-paranoia2t64:amd64 (10.2+2.0.1-1.1build2) ...
2026-10-08T21:42:38.6373756Z Setting up libdc1394-25:amd64 (2.2.6-4build1) ...
2026-10-08T21:42:38.6392614Z Setting up intel-media-va-driver:amd64 (24.1.0+dfsg1-1ubuntu0.2) ...
2026-10-08T21:42:38.6410337Z Setting up libxv1:amd64 (2:1.0.11-1.1build1) ...
2026-10-08T21:42:38.6429341Z Setting up libunibreak5:amd64 (5.1-2build1) ...
2026-10-08T21:42:38.6448375Z Setting up libaacs0:amd64 (0.11.1-2build1) ...
2026-10-08T21:42:38.6467688Z Setting up libjxl0.7:amd64 (0.7.0-10.2ubuntu6.1) ...
2026-10-08T21:42:38.6485830Z Setting up librsvg2-common:amd64 (2.58.0+dfsg-1ubuntu0.1) ...
2026-10-08T21:42:38.6594645Z Setting up pocketsphinx-en-us (0.8.0+real5prealpha+1-15ubuntu5) ...
2026-10-08T21:42:38.6611380Z Setting up libx265-199:amd64 (3.5-2build1) ...
2026-10-08T21:42:38.6628335Z Setting up libsndio7.0:amd64 (1.9.0-0.3build3) ...
2026-10-08T21:42:38.6645499Z Setting up libbdplus0:amd64 (0.2.0-3build1) ...
2026-10-08T21:42:38.6674847Z Setting up libvidstab1.1:amd64 (1.1.0-2build1) ...
2026-10-08T21:42:38.6694150Z Setting up libvpx9:amd64 (1.14.0-1ubuntu2.3) ...
2026-10-08T21:42:38.6712509Z Setting up libsrt1.5-gnutls:amd64 (1.5.3-1build2) ...
2026-10-08T21:42:38.6729945Z Setting up libflite1:amd64 (2.2-6build3) ...
2026-10-08T21:42:38.6749125Z Setting up libdav1d7:amd64 (1.4.1-1build1) ...
2026-10-08T21:42:38.6768121Z Setting up libva-drm2:amd64 (2.20.0-2ubuntu0.2) ...
2026-10-08T21:42:38.6787232Z Setting up ocl-icd-libopencl1:amd64 (2.3.2-1build1) ...
2026-10-08T21:42:38.6805458Z Setting up libasyncns0:amd64 (0.8-6build4) ...
2026-10-08T21:42:38.6836020Z Setting up libvdpau1:amd64 (1.5-2build1) ...
2026-10-08T21:42:38.6862289Z Setting up libbs2b0:amd64 (3.1.0+dfsg-7build1) ...
2026-10-08T21:42:38.6881970Z Setting up libtheora0:amd64 (1.1.1+dfsg.1-16.1build3) ...
2026-10-08T21:42:38.6900721Z Setting up libdecor-0-0:amd64 (0.2.2-1build2) ...
2026-10-08T21:42:38.6919026Z Setting up libzimg2:amd64 (3.0.5+ds1-1build1) ...
2026-10-08T21:42:38.6936945Z Setting up libopenal-data (1:1.23.1-4build1) ...
2026-10-08T21:42:38.6963687Z Setting up libflac12t64:amd64 (1.4.3+ds-2.1ubuntu2) ...
2026-10-08T21:42:38.6996057Z Setting up mesa-va-drivers:amd64 (25.2.8-0ubuntu0.24.04.4) ...
2026-10-08T21:42:38.7017168Z Setting up libbluray2:amd64 (1:1.3.4-1build1) ...
2026-10-08T21:42:38.7035255Z Setting up libsamplerate0:amd64 (0.2.2-4build1) ...
2026-10-08T21:42:38.7054241Z Setting up libva-x11-2:amd64 (2.20.0-2ubuntu0.2) ...
2026-10-08T21:42:38.7071325Z Setting up libdecor-0-plugin-1-gtk:amd64 (0.2.2-1build2) ...
2026-10-08T21:42:38.7090542Z Setting up libopenmpt0t64:amd64 (0.7.3-1.1build3) ...
2026-10-08T21:42:38.7110469Z Setting up libzvbi-common (0.2.42-2) ...
2026-10-08T21:42:38.7129983Z Setting up libmp3lame0:amd64 (3.100-6build1) ...
2026-10-08T21:42:38.7148659Z Setting up i965-va-driver:amd64 (2.4.1+dfsg1-1ubuntu0.2) ...
2026-10-08T21:42:38.7169745Z Setting up libvorbisenc2:amd64 (1.3.7-1build3) ...
2026-10-08T21:42:38.7188186Z Setting up libiec61883-0:amd64 (1.2.0-6build1) ...
2026-10-08T21:42:38.7208206Z Setting up libserd-0-0:amd64 (0.32.2-1) ...
2026-10-08T21:42:38.7225822Z Setting up libavc1394-0:amd64 (0.5.4-5build3) ...
2026-10-08T21:42:38.7244484Z Setting up mesa-vdpau-drivers:amd64 (25.2.8-0ubuntu0.24.04.4) ...
2026-10-08T21:42:38.7264630Z Setting up liblapack3:amd64 (3.12.0-3build1.1) ...
2026-10-08T21:42:38.7324006Z update-alternatives: using /usr/lib/x86_64-linux-gnu/lapack/liblapack.so.3 to provide /usr/lib/x86_64-linux-gnu/liblapack.so.3 (liblapack.so.3-x86_64-linux-gnu) in auto mode
2026-10-08T21:42:38.7338941Z Setting up libzvbi0t64:amd64 (0.2.42-2) ...
2026-10-08T21:42:38.7359931Z Setting up libavutil58:amd64 (7:6.1.1-3ubuntu5) ...
2026-10-08T21:42:38.7380018Z Setting up libopenal1:amd64 (1:1.23.1-4build1) ...
2026-10-08T21:42:38.7398715Z Setting up libass9:amd64 (1:0.17.1-2build1) ...
2026-10-08T21:42:38.7421157Z Setting up libswresample4:amd64 (7:6.1.1-3ubuntu5) ...
2026-10-08T21:42:38.7439572Z Setting up va-driver-all:amd64 (2.20.0-2ubuntu0.2) ...
2026-10-08T21:42:38.7461959Z Setting up libavcodec60:amd64 (7:6.1.1-3ubuntu5) ...
2026-10-08T21:42:38.7479736Z Setting up librubberband2:amd64 (3.3.0+dfsg-2build1) ...
2026-10-08T21:42:38.7722651Z Setting up libjack-jackd2-0:amd64 (1.9.21~dfsg-3ubuntu3) ...
2026-10-08T21:42:38.7741457Z Setting up vdpau-driver-all:amd64 (1.5-2build1) ...
2026-10-08T21:42:38.7773990Z Setting up libsord-0-0:amd64 (0.16.16-2build1) ...
2026-10-08T21:42:38.7793825Z Setting up libpostproc57:amd64 (7:6.1.1-3ubuntu5) ...
2026-10-08T21:42:38.7814522Z Setting up libsratom-0-0:amd64 (0.6.16-1build1) ...
2026-10-08T21:42:38.7832246Z Setting up libsndfile1:amd64 (1.2.2-1ubuntu5.24.04.1) ...
2026-10-08T21:42:38.7852843Z Setting up liblilv-0-0:amd64 (0.24.22-1build1) ...
2026-10-08T21:42:38.7870176Z Setting up libswscale7:amd64 (7:6.1.1-3ubuntu5) ...
2026-10-08T21:42:38.7888055Z Setting up libpulse0:amd64 (1:16.1+dfsg1-2ubuntu10.1) ...
2026-10-08T21:42:38.7958878Z Setting up libavformat60:amd64 (7:6.1.1-3ubuntu5) ...
2026-10-08T21:42:38.7976751Z Setting up libsphinxbase3t64:amd64 (0.8+5prealpha+1-17build2) ...
2026-10-08T21:42:38.7996249Z Setting up libsdl2-2.0-0:amd64 (2.30.0+dfsg-1ubuntu3.1) ...
2026-10-08T21:42:38.8015840Z Setting up libpocketsphinx3:amd64 (0.8.0+real5prealpha+1-15ubuntu5) ...
2026-10-08T21:42:38.8034387Z Setting up libavfilter9:amd64 (7:6.1.1-3ubuntu5) ...
2026-10-08T21:42:38.8053973Z Setting up libavdevice60:amd64 (7:6.1.1-3ubuntu5) ...
2026-10-08T21:42:38.8120402Z Setting up ffmpeg (7:6.1.1-3ubuntu5) ...
2026-10-08T21:42:38.8148771Z Processing triggers for man-db (2.12.0-4build2) ...
2026-10-08T21:42:38.8173572Z Not building database; man-db/auto-update is not 'true'.
2026-10-08T21:42:38.8187954Z Processing triggers for libgdk-pixbuf-2.0-0:amd64 (2.42.10+dfsg-3ubuntu3.3) ...
2026-10-08T21:42:39.0206509Z Processing triggers for libc-bin (2.39-0ubuntu8.9) ...
2026-10-08T21:42:39.7103644Z 
2026-10-08T21:42:39.7104432Z Running kernel seems to be up-to-date.
2026-10-08T21:42:39.7105024Z 
2026-10-08T21:42:39.7105394Z No services need to be restarted.
2026-10-08T21:42:39.7105844Z 
2026-10-08T21:42:39.7106202Z No containers need to be restarted.
2026-10-08T21:42:39.7106669Z 
2026-10-08T21:42:39.7107187Z No user sessions are running outdated binaries.
2026-10-08T21:42:39.7107766Z 
2026-10-08T21:42:39.7108470Z No VM guests are running outdated hypervisor (qemu) binaries on this host.
2026-10-08T21:42:40.8979174Z ffprobe version 6.1.1-3ubuntu5 Copyright (c) 2007-2023 the FFmpeg developers
2026-10-08T21:42:40.8980234Z built with gcc 13 (Ubuntu 13.2.0-23ubuntu3)
2026-10-08T21:42:40.8990176Z configuration: --prefix=/usr --extra-version=3ubuntu5 --toolchain=hardened --libdir=/usr/lib/x86_64-linux-gnu --incdir=/usr/include/x86_64-linux-gnu --arch=amd64 --enable-gpl --disable-stripping --disable-omx --enable-gnutls --enable-libaom --enable-libass --enable-libbs2b --enable-libcaca --enable-libcdio --enable-libcodec2 --enable-libdav1d --enable-libflite --enable-libfontconfig --enable-libfreetype --enable-libfribidi --enable-libglslang --enable-libgme --enable-libgsm --enable-libharfbuzz --enable-libmp3lame --enable-libmysofa --enable-libopenjpeg --enable-libopenmpt --enable-libopus --enable-librubberband --enable-libshine --enable-libsnappy --enable-libsoxr --enable-libspeex --enable-libtheora --enable-libtwolame --enable-libvidstab --enable-libvorbis --enable-libvpx --enable-libwebp --enable-libx265 --enable-libxml2 --enable-libxvid --enable-libzimg --enable-openal --enable-opencl --enable-opengl --disable-sndio --enable-libvpl --disable-libmfx --enable-libdc1394 --enable-libdrm --enable-libiec61883 --enable-chromaprint --enable-frei0r --enable-ladspa --enable-libbluray --enable-libjack --enable-libpulse --enable-librabbitmq --enable-librist --enable-libsrt --enable-libssh --enable-libsvtav1 --enable-libx264 --enable-libzmq --enable-libzvbi --enable-lv2 --enable-sdl2 --enable-libplacebo --enable-librav1e --enable-pocketsphinx --enable-librsvg --enable-libjxl --enable-shared
2026-10-08T21:42:40.8996519Z libavutil      58. 29.100 / 58. 29.100
2026-10-08T21:42:40.8996841Z libavcodec     60. 31.102 / 60. 31.102
2026-10-08T21:42:40.8997154Z libavformat    60. 16.100 / 60. 16.100
2026-10-08T21:42:40.8997614Z libavdevice    60.  3.100 / 60.  3.100
2026-10-08T21:42:40.8997938Z libavfilter     9. 12.100 /  9. 12.100
2026-10-08T21:42:40.8998250Z libswscale      7.  5.100 /  7.  5.100
2026-10-08T21:42:40.8998554Z libswresample   4. 12.100 /  4. 12.100
2026-10-08T21:42:40.8998860Z libpostproc    57.  3.100 / 57.  3.100
2026-10-08T21:42:40.9476277Z ffmpeg version 6.1.1-3ubuntu5 Copyright (c) 2000-2023 the FFmpeg developers
2026-10-08T21:42:40.9477153Z built with gcc 13 (Ubuntu 13.2.0-23ubuntu3)
2026-10-08T21:42:40.9489659Z configuration: --prefix=/usr --extra-version=3ubuntu5 --toolchain=hardened --libdir=/usr/lib/x86_64-linux-gnu --incdir=/usr/include/x86_64-linux-gnu --arch=amd64 --enable-gpl --disable-stripping --disable-omx --enable-gnutls --enable-libaom --enable-libass --enable-libbs2b --enable-libcaca --enable-libcdio --enable-libcodec2 --enable-libdav1d --enable-libflite --enable-libfontconfig --enable-libfreetype --enable-libfribidi --enable-libglslang --enable-libgme --enable-libgsm --enable-libharfbuzz --enable-libmp3lame --enable-libmysofa --enable-libopenjpeg --enable-libopenmpt --enable-libopus --enable-librubberband --enable-libshine --enable-libsnappy --enable-libsoxr --enable-libspeex --enable-libtheora --enable-libtwolame --enable-libvidstab --enable-libvorbis --enable-libvpx --enable-libwebp --enable-libx265 --enable-libxml2 --enable-libxvid --enable-libzimg --enable-openal --enable-opencl --enable-opengl --disable-sndio --enable-libvpl --disable-libmfx --enable-libdc1394 --enable-libdrm --enable-libiec61883 --enable-chromaprint --enable-frei0r --enable-ladspa --enable-libbluray --enable-libjack --enable-libpulse --enable-librabbitmq --enable-librist --enable-libsrt --enable-libssh --enable-libsvtav1 --enable-libx264 --enable-libzmq --enable-libzvbi --enable-lv2 --enable-sdl2 --enable-libplacebo --enable-librav1e --enable-pocketsphinx --enable-librsvg --enable-libjxl --enable-shared
2026-10-08T21:42:40.9499688Z libavutil      58. 29.100 / 58. 29.100
2026-10-08T21:42:40.9500232Z libavcodec     60. 31.102 / 60. 31.102
2026-10-08T21:42:40.9500776Z libavformat    60. 16.100 / 60. 16.100
2026-10-08T21:42:40.9501304Z libavdevice    60.  3.100 / 60.  3.100
2026-10-08T21:42:40.9502045Z libavfilter     9. 12.100 /  9. 12.100
2026-10-08T21:42:40.9502576Z libswscale      7.  5.100 /  7.  5.100
2026-10-08T21:42:40.9503105Z libswresample   4. 12.100 /  4. 12.100
2026-10-08T21:42:40.9503628Z libpostproc    57.  3.100 / 57.  3.100
2026-10-08T21:42:40.9548535Z ##[group]Run node --version
2026-10-08T21:42:40.9549002Z [36;1mnode --version[0m
2026-10-08T21:42:40.9549422Z [36;1mnproc[0m
2026-10-08T21:42:40.9601008Z [36;1mawk '/MemTotal/ { print }' /proc/meminfo[0m
2026-10-08T21:42:40.9601379Z [36;1mdf -Pk .[0m
2026-10-08T21:42:40.9664504Z shell: /usr/bin/bash -e {0}
2026-10-08T21:42:40.9664751Z env:
2026-10-08T21:42:40.9665015Z   G10_SOURCE_COMMIT: 491f82f6a99c992faca4a26acf8b80dc4ecc67a1
2026-10-08T21:42:40.9665356Z ##[endgroup]
2026-10-08T21:42:40.9773233Z v22.16.0
2026-10-08T21:42:40.9907028Z 4
2026-10-08T21:42:40.9926046Z MemTotal:       16373452 kB
2026-10-08T21:42:41.0084576Z Filesystem     1024-blocks     Used Available Capacity Mounted on
2026-10-08T21:42:41.0085331Z /dev/root        151263856 64304164  86943308      43% /
2026-10-08T21:42:41.0144347Z ##[group]Run set -o pipefail
2026-10-08T21:42:41.0144657Z [36;1mset -o pipefail[0m
2026-10-08T21:42:41.0145037Z [36;1mnode scripts/check.mjs --stage 'node' 2>&1 | tee '.work-stage-node.stdout'[0m
2026-10-08T21:42:41.0202921Z shell: /usr/bin/bash -e {0}
2026-10-08T21:42:41.0203189Z env:
2026-10-08T21:42:41.0203476Z   G10_SOURCE_COMMIT: 491f82f6a99c992faca4a26acf8b80dc4ecc67a1
2026-10-08T21:42:41.0203860Z ##[endgroup]
2026-10-08T21:42:41.1550836Z 
2026-10-08T21:42:41.1551390Z > partybox-g10-checkers@1.0.0 build
2026-10-08T21:42:41.1552175Z > tsc --noEmit && node scripts/build.mjs
2026-10-08T21:42:41.1552464Z 
2026-10-08T21:42:54.7284765Z PASS: complete offline single-page game written to /home/runner/work/partybox-game-cores/partybox-game-cores/jobs/G10-checkers/.work/play.html; original six-piece data is read in bounded blocks.
2026-10-08T21:43:13.1133352Z PASS: checksums, authoritative schemas/manifest, pure core source, fixed corpus provenance, original offline page (delivery execution gates explicitly excluded).
2026-10-08T21:43:16.9786137Z {"status": "PASS", "positives": 4, "rejected": 21, "controls": ["wrong-part-order", "duplicate-part", "gap-offset", "wrong-part-size", "wrong-part-sha", "wrong-whole-sha", "wrong-checkout", "wrong-whole-size", "oversized-part-limit", "absolute-part-path", "wrong-helper-sha", "missing-accepted-stage", "coherent-sidecars-wrong-whole-sha", "truncated-part", "changed-part-same-size", "JOIN-removes-incomplete-output", "missing-part", "symlink-part", "extra-stale-part", "duplicate-json-key", "JOIN-keeps-existing-output"], "scope": "Real split/re-read/JOIN boundary fixture plus meaningful part/order/digest/source and incomplete-output corruptions; not game delivery acceptance"}
2026-10-08T21:43:27.6787920Z {"status":"PASS","positives":14,"rejected":127,"scope":"Independent host-validator component controls against genuine historical 30-check reports, American-only 600-frame data, actual failed International data and actual historical WebM clips, plus explicitly labeled structural identity/telemetry/relative-coordinate components and isolated counterfactual thresholds. No current browser/capture acceptance is inferred."}
2026-10-08T21:43:48.8038431Z {"status":"PASS","positives":10,"rejected":72,"scope":"Genuine current historical4000-game records replayed independently; derived partition metadata and explicit synthetic stage-schema fixtures test components only. No fresh partition execution, current hosted acceptance or CI-fit inference."}
2026-10-08T21:43:58.7760823Z {"suite":"endgame-generation","stats":{"american":{"positions":7216,"edges":16138,"wins":1552,"losses":924,"draws":4740,"maximumDtm":13,"tacticalThreeToSix":{"candidates":10931,"accepted":2000,"definition":"every legal forced capture removes the sole opposing piece"}},"international":{"positions":18070,"edges":105140,"wins":6600,"losses":4114,"draws":7356,"maximumDtm":17,"tacticalThreeToSix":{"candidates":5892,"accepted":2000,"definition":"every legal forced capture removes the sole opposing piece"}}},"totalRows":29286}
2026-10-08T21:44:08.2946561Z Two phase fixtures, projections, schemas and manifest generated.
2026-10-08T21:44:18.2826197Z {"suite":"endgame-generation","stats":{"american":{"positions":7216,"edges":16138,"wins":1552,"losses":924,"draws":4740,"maximumDtm":13,"tacticalThreeToSix":{"candidates":10931,"accepted":2000,"definition":"every legal forced capture removes the sole opposing piece"}},"international":{"positions":18070,"edges":105140,"wins":6600,"losses":4114,"draws":7356,"maximumDtm":17,"tacticalThreeToSix":{"candidates":5892,"accepted":2000,"definition":"every legal forced capture removes the sole opposing piece"}}},"totalRows":29286}
2026-10-08T21:44:27.7750114Z Two phase fixtures, projections, schemas and manifest generated.
2026-10-08T21:44:27.8616787Z {"phase": "start", "pid": 3982, "pgid": 2055}
2026-10-08T21:44:29.7943966Z {"phase": "complete", "manifest": {"schemaVersion": 1, "author": "Chinook project, University of Alberta", "archiveUrl": "https://webdocs.cs.ualberta.ca/~chinook/DataBases/DB6.zip", "termsUrl": "https://webdocs.cs.ualberta.ca/~chinook/Software/", "terms": "Free use requires acknowledgement of the Chinook project; sale of these databases is prohibited.", "formatSourceUrl": "https://webdocs.cs.ualberta.ca/~chinook/databases/code.c", "files": {"DB6.zip": {"bytes": 27701728, "sha256": "35835dae65a962eafdf5cde290bce380117445acb21819dd0e266b3b0efab3b3"}, "DB6": {"bytes": 48132029, "sha256": "baee42a2b49390edd96e5a751189366275619c941d79021f3ca45774c3e7071f"}, "DB6.idx": {"bytes": 900418, "sha256": "10cb5cfc2a8c67e18c322563c17ceef0adeac87786a16c767c4616e9a574f4fd"}}, "baseSlices": 3935, "materialCoverage": [{"pieces": 2, "pieceTypeTuples": 4, "materialSplits": [[1, 1]]}, {"pieces": 3, "pieceTypeTuples": 12, "materialSplits": [[1, 2]]}, {"pieces": 4, "pieceTypeTuples": 25, "materialSplits": [[1, 3], [2, 2]]}, {"pieces": 5, "pieceTypeTuples": 44, "materialSplits": [[1, 4], [2, 3]]}, {"pieces": 6, "pieceTypeTuples": 70, "materialSplits": [[1, 5], [2, 4], [3, 3]]}], "coverageCheckScope": "All nonempty 2\u20136 material/king/man tuples are present; probe/rank correctness requires separate independent checks.", "probeContract": "American theoretical WDL; direct stored queries require no capture for either side. Draw history is not stored."}}
2026-10-08T21:44:29.9187515Z {"phase": "start", "pid": 3985, "pgid": 2055}
2026-10-08T21:44:30.2586184Z {"phase": "complete", "manifest": {"schemaVersion": 1, "author": "Chinook project, University of Alberta", "archiveUrl": "https://webdocs.cs.ualberta.ca/~chinook/DataBases/DB6.zip", "termsUrl": "https://webdocs.cs.ualberta.ca/~chinook/Software/", "terms": "Free use requires acknowledgement of the Chinook project; sale of these databases is prohibited.", "formatSourceUrl": "https://webdocs.cs.ualberta.ca/~chinook/databases/code.c", "files": {"DB6.zip": {"bytes": 27701728, "sha256": "35835dae65a962eafdf5cde290bce380117445acb21819dd0e266b3b0efab3b3"}, "DB6": {"bytes": 48132029, "sha256": "baee42a2b49390edd96e5a751189366275619c941d79021f3ca45774c3e7071f"}, "DB6.idx": {"bytes": 900418, "sha256": "10cb5cfc2a8c67e18c322563c17ceef0adeac87786a16c767c4616e9a574f4fd"}}, "baseSlices": 3935, "materialCoverage": [{"pieces": 2, "pieceTypeTuples": 4, "materialSplits": [[1, 1]]}, {"pieces": 3, "pieceTypeTuples": 12, "materialSplits": [[1, 2]]}, {"pieces": 4, "pieceTypeTuples": 25, "materialSplits": [[1, 3], [2, 2]]}, {"pieces": 5, "pieceTypeTuples": 44, "materialSplits": [[1, 4], [2, 3]]}, {"pieces": 6, "pieceTypeTuples": 70, "materialSplits": [[1, 5], [2, 4], [3, 3]]}], "coverageCheckScope": "All nonempty 2\u20136 material/king/man tuples are present; probe/rank correctness requires separate independent checks.", "probeContract": "American theoretical WDL; direct stored queries require no capture for either side. Draw history is not stored."}}
2026-10-08T21:44:30.3704738Z TAP version 13
2026-10-08T21:44:42.5729546Z # Subtest: PVS/transposition tie handling agrees with independent exhaustive minimax and capture horizon
2026-10-08T21:44:42.5737637Z ok 1 - PVS/transposition tie handling agrees with independent exhaustive minimax and capture horizon
2026-10-08T21:44:42.5738451Z   ---
2026-10-08T21:44:42.5738725Z   duration_ms: 405.141825
2026-10-08T21:44:42.5739052Z   type: 'test'
2026-10-08T21:44:42.5739288Z   ...
2026-10-08T21:44:42.5739965Z # Subtest: independent Chinook reader decodes high-to-low ternary digits
2026-10-08T21:44:42.5740926Z ok 2 - independent Chinook reader decodes high-to-low ternary digits
2026-10-08T21:44:42.5741439Z   ---
2026-10-08T21:44:42.5742003Z   duration_ms: 1.145883
2026-10-08T21:44:42.5742345Z   type: 'test'
2026-10-08T21:44:42.5742585Z   ...
2026-10-08T21:44:42.5743256Z # Subtest: independent Chinook reader consumes default runs before ordinary records
2026-10-08T21:44:42.5746610Z ok 3 - independent Chinook reader consumes default runs before ordinary records
2026-10-08T21:44:42.5748188Z   ---
2026-10-08T21:44:42.5748806Z   duration_ms: 0.336172
2026-10-08T21:44:42.5749256Z   type: 'test'
2026-10-08T21:44:42.5749627Z   ...
2026-10-08T21:44:42.5750479Z # Subtest: independent Chinook uniform records need no binary payload
2026-10-08T21:44:42.5751190Z ok 4 - independent Chinook uniform records need no binary payload
2026-10-08T21:44:42.5751991Z   ---
2026-10-08T21:44:42.5752354Z   duration_ms: 0.193762
2026-10-08T21:44:42.5752743Z   type: 'test'
2026-10-08T21:44:42.5753072Z   ...
2026-10-08T21:44:42.5753947Z # Subtest: independent Chinook raw stored probe rejects current-side and opponent-only captures
2026-10-08T21:44:42.5755225Z ok 5 - independent Chinook raw stored probe rejects current-side and opponent-only captures
2026-10-08T21:44:42.5755983Z   ---
2026-10-08T21:44:42.5756307Z   duration_ms: 0.306073
2026-10-08T21:44:42.5756681Z   type: 'test'
2026-10-08T21:44:42.5757012Z   ...
2026-10-08T21:44:42.5757770Z # Subtest: independent Chinook reader rejects malformed or out-of-bounds index records
2026-10-08T21:44:42.5758922Z ok 6 - independent Chinook reader rejects malformed or out-of-bounds index records
2026-10-08T21:44:42.5759614Z   ---
2026-10-08T21:44:42.5759911Z   duration_ms: 0.374761
2026-10-08T21:44:42.5760142Z   type: 'test'
2026-10-08T21:44:42.5760342Z   ...
2026-10-08T21:44:42.5760780Z # Subtest: acquired full American corpus bytes/index match fixed primary-source hashes
2026-10-08T21:44:42.5761439Z ok 7 - acquired full American corpus bytes/index match fixed primary-source hashes
2026-10-08T21:44:42.5762008Z   ---
2026-10-08T21:44:42.5762202Z   duration_ms: 31.542341
2026-10-08T21:44:42.5762432Z   type: 'test'
2026-10-08T21:44:42.5762619Z   ...
2026-10-08T21:44:42.5763150Z # Subtest: both independent corpus readers match exact fully closed two-piece WDL where wire format applies
2026-10-08T21:44:42.5763967Z ok 8 - both independent corpus readers match exact fully closed two-piece WDL where wire format applies
2026-10-08T21:44:42.5772335Z   ---
2026-10-08T21:44:42.5772763Z   duration_ms: 348.006537
2026-10-08T21:44:42.5773201Z   type: 'test'
2026-10-08T21:44:42.5773415Z   ...
2026-10-08T21:44:42.5777293Z # Subtest: 10,000 mixed2–6piece production ranks/decodes equal independent enumeration and reject capture threats
2026-10-08T21:44:42.5779220Z ok 9 - 10,000 mixed2–6piece production ranks/decodes equal independent enumeration and reject capture threats
2026-10-08T21:44:42.5780203Z   ---
2026-10-08T21:44:42.5780600Z   duration_ms: 522.274573
2026-10-08T21:44:42.5781035Z   type: 'test'
2026-10-08T21:44:42.5781376Z   ...
2026-10-08T21:44:42.5782578Z # Subtest: production corpus factory snapshots inputs and rejects damaged or incompatible metadata
2026-10-08T21:44:42.5784004Z ok 10 - production corpus factory snapshots inputs and rejects damaged or incompatible metadata
2026-10-08T21:44:42.5784823Z   ---
2026-10-08T21:44:42.5785169Z   duration_ms: 0.902738
2026-10-08T21:44:42.5785558Z   type: 'test'
2026-10-08T21:44:42.5785914Z   ...
2026-10-08T21:44:42.5786748Z # Subtest: contract manifest/counts/settings and deterministic initial boards
2026-10-08T21:44:42.5787928Z ok 11 - contract manifest/counts/settings and deterministic initial boards
2026-10-08T21:44:42.5788627Z   ---
2026-10-08T21:44:42.5788967Z   duration_ms: 2.034585
2026-10-08T21:44:42.5789362Z   type: 'test'
2026-10-08T21:44:42.5789698Z   ...
2026-10-08T21:44:42.5790540Z # Subtest: contract total immutable reducer ignores malformed/unknown events in both phases
2026-10-08T21:44:42.5792113Z ok 12 - contract total immutable reducer ignores malformed/unknown events in both phases
2026-10-08T21:44:42.5792939Z   ---
2026-10-08T21:44:42.5793293Z   duration_ms: 4.593591
2026-10-08T21:44:42.5793699Z   type: 'test'
2026-10-08T21:44:42.5794060Z   ...
2026-10-08T21:44:42.5794843Z # Subtest: contract live timer requires exact phase instance and elapsed deadline
2026-10-08T21:44:42.5796015Z ok 13 - contract live timer requires exact phase instance and elapsed deadline
2026-10-08T21:44:42.5796752Z   ---
2026-10-08T21:44:42.5797371Z   duration_ms: 0.340877
2026-10-08T21:44:42.5797787Z   type: 'test'
2026-10-08T21:44:42.5798145Z   ...
2026-10-08T21:44:42.5799108Z # Subtest: VIP pause/resume shifts only the deadline; skip/end remain available
2026-10-08T21:44:42.5800240Z ok 14 - VIP pause/resume shifts only the deadline; skip/end remain available
2026-10-08T21:44:42.5800898Z   ---
2026-10-08T21:44:42.5801246Z   duration_ms: 3.667108
2026-10-08T21:44:42.5801909Z   type: 'test'
2026-10-08T21:44:42.5802302Z   ...
2026-10-08T21:44:42.5803185Z # Subtest: presence auto-holds empty rooms, resumes clocks and permanently preserves leavers
2026-10-08T21:44:42.5804542Z ok 15 - presence auto-holds empty rooms, resumes clocks and permanently preserves leavers
2026-10-08T21:44:42.5805377Z   ---
2026-10-08T21:44:42.5805747Z   duration_ms: 4.207849
2026-10-08T21:44:42.5806154Z   type: 'test'
2026-10-08T21:44:42.5806483Z   ...
2026-10-08T21:44:42.5807309Z # Subtest: hostile seat IDs, public view equality, spectator safety and cloned projections
2026-10-08T21:44:42.5808605Z ok 16 - hostile seat IDs, public view equality, spectator safety and cloned projections
2026-10-08T21:44:42.5809393Z   ---
2026-10-08T21:44:42.5809767Z   duration_ms: 2.242714
2026-10-08T21:44:42.5810184Z   type: 'test'
2026-10-08T21:44:42.5810539Z   ...
2026-10-08T21:44:42.5811308Z # Subtest: complete legal inputs and terminal scores preserve every original seat
2026-10-08T21:44:42.5812700Z ok 17 - complete legal inputs and terminal scores preserve every original seat
2026-10-08T21:44:42.5813451Z   ---
2026-10-08T21:44:42.5813807Z   duration_ms: 2.212578
2026-10-08T21:44:42.5814204Z   type: 'test'
2026-10-08T21:44:42.5814563Z   ...
2026-10-08T21:44:42.5815437Z # Subtest: all three bot levels are schema-valid deterministic pure choices in every phase/role
2026-10-08T21:44:42.5816858Z ok 18 - all three bot levels are schema-valid deterministic pure choices in every phase/role
2026-10-08T21:44:42.5817644Z   ---
2026-10-08T21:44:42.5817991Z   duration_ms: 211.925688
2026-10-08T21:44:42.5818418Z   type: 'test'
2026-10-08T21:44:42.5818771Z   ...
2026-10-08T21:45:58.1917520Z # Subtest: manifest and every generated phase fixture replay without throwing
2026-10-08T21:45:58.1922723Z ok 19 - manifest and every generated phase fixture replay without throwing
2026-10-08T21:45:58.1923869Z   ---
2026-10-08T21:45:58.1924471Z   duration_ms: 7.396702
2026-10-08T21:45:58.1924805Z   type: 'test'
2026-10-08T21:45:58.1925133Z   ...
2026-10-08T21:45:58.1925877Z # Subtest: authoritative state/data schemas validate generated files and reject corrupt rows
2026-10-08T21:45:58.1926895Z ok 20 - authoritative state/data schemas validate generated files and reject corrupt rows
2026-10-08T21:45:58.1927481Z   ---
2026-10-08T21:45:58.1927857Z   duration_ms: 208.120094
2026-10-08T21:45:58.1928159Z   type: 'test'
2026-10-08T21:45:58.1928408Z   ...
2026-10-08T21:45:58.1929203Z # Subtest: source-backed forty/25 move allowances use both players, with exact boundary
2026-10-08T21:45:58.1930166Z ok 21 - source-backed forty/25 move allowances use both players, with exact boundary
2026-10-08T21:45:58.1930869Z   ---
2026-10-08T21:45:58.1931236Z   duration_ms: 0.548977
2026-10-08T21:45:58.1931841Z   type: 'test'
2026-10-08T21:45:58.1932204Z   ...
2026-10-08T21:45:58.1933049Z # Subtest: quiet king moves increment while every man move and capture reset counters/history
2026-10-08T21:45:58.1934161Z ok 22 - quiet king moves increment while every man move and capture reset counters/history
2026-10-08T21:45:58.1934956Z   ---
2026-10-08T21:45:58.1935170Z   duration_ms: 1.433621
2026-10-08T21:45:58.1935558Z   type: 'test'
2026-10-08T21:45:58.1935852Z   ...
2026-10-08T21:45:58.1936511Z # Subtest: threefold includes side to move and can be disabled explicitly
2026-10-08T21:45:58.1937449Z ok 23 - threefold includes side to move and can be disabled explicitly
2026-10-08T21:45:58.1938134Z   ---
2026-10-08T21:45:58.1938495Z   duration_ms: 0.225602
2026-10-08T21:45:58.1938913Z   type: 'test'
2026-10-08T21:45:58.1939267Z   ...
2026-10-08T21:45:58.1940493Z # Subtest: official king windows start after creation, preserve old deadlines and intersect
2026-10-08T21:45:58.1942165Z ok 24 - official king windows start after creation, preserve old deadlines and intersect
2026-10-08T21:45:58.1942942Z   ---
2026-10-08T21:45:58.1943274Z   duration_ms: 0.594372
2026-10-08T21:45:58.1943660Z   type: 'test'
2026-10-08T21:45:58.1943985Z   ...
2026-10-08T21:45:58.1944754Z # Subtest: latest FMJD large diagonal has a five-each window only when occupied solely by weak king
2026-10-08T21:45:58.1945844Z ok 25 - latest FMJD large diagonal has a five-each window only when occupied solely by weak king
2026-10-08T21:45:58.1946312Z   ---
2026-10-08T21:45:58.1946695Z   duration_ms: 0.247112
2026-10-08T21:45:58.1946933Z   type: 'test'
2026-10-08T21:45:58.1947192Z   ...
2026-10-08T21:45:58.1947870Z # Subtest: published32-ply FMJD regression draws when original16-each window expires
2026-10-08T21:45:58.1948705Z ok 26 - published32-ply FMJD regression draws when original16-each window expires
2026-10-08T21:45:58.1949131Z   ---
2026-10-08T21:45:58.1949481Z   duration_ms: 2.452206
2026-10-08T21:45:58.1949795Z   type: 'test'
2026-10-08T21:45:58.1950071Z   ...
2026-10-08T21:45:58.1950587Z # Subtest: last permitted move capturing final opponent wins before a draw counter expires
2026-10-08T21:45:58.1951519Z ok 27 - last permitted move capturing final opponent wins before a draw counter expires
2026-10-08T21:45:58.1952400Z   ---
2026-10-08T21:45:58.1952603Z   duration_ms: 0.186639
2026-10-08T21:45:58.1952824Z   type: 'test'
2026-10-08T21:45:58.1953089Z   ...
2026-10-08T21:45:58.1953928Z # Subtest: optimized ending classification matches independently counted material and diagonal memberships
2026-10-08T21:45:58.1955027Z ok 28 - optimized ending classification matches independently counted material and diagonal memberships
2026-10-08T21:45:58.1955712Z   ---
2026-10-08T21:45:58.1955981Z   duration_ms: 76.767693
2026-10-08T21:45:58.1956303Z   type: 'test'
2026-10-08T21:45:58.1956665Z   ...
2026-10-08T21:45:58.1957063Z # Subtest: independent WDL never labels a truncated king graph as draw
2026-10-08T21:45:58.1957790Z ok 29 - independent WDL never labels a truncated king graph as draw
2026-10-08T21:45:58.1958298Z   ---
2026-10-08T21:45:58.1958625Z   duration_ms: 0.241431
2026-10-08T21:45:58.1958887Z   type: 'test'
2026-10-08T21:45:58.1959077Z   ...
2026-10-08T21:45:58.1959672Z # Subtest: independent WDL certifies complete six-piece forced-capture components
2026-10-08T21:45:58.1960524Z ok 30 - independent WDL certifies complete six-piece forced-capture components
2026-10-08T21:45:58.1961018Z   ---
2026-10-08T21:45:58.1961211Z   duration_ms: 0.623906
2026-10-08T21:45:58.1961568Z   type: 'test'
2026-10-08T21:45:58.1961983Z   ...
2026-10-08T21:45:58.1962672Z # Subtest: independent complete one-vs-one man/king domains have valid WDL and distance certificates
2026-10-08T21:45:58.1963615Z ok 31 - independent complete one-vs-one man/king domains have valid WDL and distance certificates
2026-10-08T21:45:58.1964247Z   ---
2026-10-08T21:45:58.1964443Z   duration_ms: 943.33792
2026-10-08T21:45:58.1964833Z   type: 'test'
2026-10-08T21:45:58.1965098Z   ...
2026-10-08T21:45:58.1965687Z # Subtest: production complete one-vs-one lookup matches independent WDL AND distance on every row
2026-10-08T21:45:58.1966683Z ok 32 - production complete one-vs-one lookup matches independent WDL AND distance on every row
2026-10-08T21:45:58.1967333Z   ---
2026-10-08T21:45:58.1967531Z   duration_ms: 697.404702
2026-10-08T21:45:58.1967759Z   type: 'test'
2026-10-08T21:45:58.1968077Z   ...
2026-10-08T21:45:58.1968553Z # Subtest: every generated three-to-six witness is independently one-turn terminal win
2026-10-08T21:45:58.1969543Z ok 33 - every generated three-to-six witness is independently one-turn terminal win
2026-10-08T21:45:58.1970034Z   ---
2026-10-08T21:45:58.1970308Z   duration_ms: 109.461787
2026-10-08T21:45:58.1970537Z   type: 'test'
2026-10-08T21:45:58.1970868Z   ...
2026-10-08T21:45:58.1971582Z # Subtest: six-piece full jumps and installed quiet draws resolve while absent or oversized data stays unknown
2026-10-08T21:45:58.1973315Z ok 34 - six-piece full jumps and installed quiet draws resolve while absent or oversized data stays unknown
2026-10-08T21:45:58.1973990Z   ---
2026-10-08T21:45:58.1974193Z   duration_ms: 10.360266
2026-10-08T21:45:58.1974520Z   type: 'test'
2026-10-08T21:45:58.1974784Z   ...
2026-10-08T21:45:58.1975420Z # Subtest: exact generator/dataset includes all legal one-per-side roots and cloned coverage
2026-10-08T21:45:58.1976303Z ok 35 - exact generator/dataset includes all legal one-per-side roots and cloned coverage
2026-10-08T21:45:58.1976915Z   ---
2026-10-08T21:45:58.1977168Z   duration_ms: 50.975947
2026-10-08T21:45:58.1977514Z   type: 'test'
2026-10-08T21:45:58.1977847Z   ...
2026-10-08T21:45:58.1978507Z # Subtest: actual public default has all41 files/156 slices and agrees with all10k native/reference cases
2026-10-08T21:45:58.1979663Z ok 36 - actual public default has all41 files/156 slices and agrees with all10k native/reference cases
2026-10-08T21:45:58.1980271Z   ---
2026-10-08T21:45:58.1980531Z   duration_ms: 2257.476731
2026-10-08T21:45:58.1980898Z   type: 'test'
2026-10-08T21:45:58.1981090Z   ...
2026-10-08T21:45:58.1982162Z # Subtest: actual default Strong game respects captures, official/house clocks and third repetition
2026-10-08T21:45:58.1983125Z ok 37 - actual default Strong game respects captures, official/house clocks and third repetition
2026-10-08T21:45:58.1983920Z   ---
2026-10-08T21:45:58.1984300Z   duration_ms: 155.819119
2026-10-08T21:45:58.1984700Z   type: 'test'
2026-10-08T21:45:58.1985017Z   ...
2026-10-08T21:45:58.1985884Z # Subtest: 48 predeclared default/block transactions preserve every report field and random cursor
2026-10-08T21:45:58.1986790Z ok 38 - 48 predeclared default/block transactions preserve every report field and random cursor
2026-10-08T21:45:58.1987389Z   ---
2026-10-08T21:45:58.1987711Z   duration_ms: 33859.494902
2026-10-08T21:45:58.1988110Z   type: 'test'
2026-10-08T21:45:58.1988355Z   ...
2026-10-08T21:45:58.1988895Z # Subtest: three complete game transcripts match default/block decisions and independent legal transitions
2026-10-08T21:45:58.1989710Z ok 39 - three complete game transcripts match default/block decisions and independent legal transitions
2026-10-08T21:45:58.1990178Z   ---
2026-10-08T21:45:58.1990370Z   duration_ms: 26311.419853
2026-10-08T21:45:58.1990608Z   type: 'test'
2026-10-08T21:45:58.1990799Z   ...
2026-10-08T21:45:58.1991303Z # Subtest: immutable encoded and block transports equal all10k retained independent/native WLD outcomes
2026-10-08T21:45:58.1992639Z ok 40 - immutable encoded and block transports equal all10k retained independent/native WLD outcomes
2026-10-08T21:45:58.1993493Z   ---
2026-10-08T21:45:58.1993731Z   duration_ms: 1095.666912
2026-10-08T21:45:58.1993965Z   type: 'test'
2026-10-08T21:45:58.1994321Z   ...
2026-10-08T21:45:58.1995123Z # Subtest: an absent nonuniform block is explicit; uniform slices require no synthetic bytes
2026-10-08T21:45:58.1996346Z ok 41 - an absent nonuniform block is explicit; uniform slices require no synthetic bytes
2026-10-08T21:45:58.1997000Z   ---
2026-10-08T21:45:58.1997200Z   duration_ms: 196.316361
2026-10-08T21:45:58.1997426Z   type: 'test'
2026-10-08T21:45:58.1997619Z   ...
2026-10-08T21:45:58.1998098Z # Subtest: transaction retries require all missing original blocks and then equal native outcomes
2026-10-08T21:45:58.1998830Z ok 42 - transaction retries require all missing original blocks and then equal native outcomes
2026-10-08T21:45:58.1999265Z   ---
2026-10-08T21:45:58.1999453Z   duration_ms: 69.551417
2026-10-08T21:45:58.1999676Z   type: 'test'
2026-10-08T21:45:58.1999869Z   ...
2026-10-08T21:45:58.2000393Z # Subtest: encoded lists, block buffers, source metadata and dictionary inputs remain immutable snapshots
2026-10-08T21:45:58.2001193Z ok 43 - encoded lists, block buffers, source metadata and dictionary inputs remain immutable snapshots
2026-10-08T21:45:58.2001838Z   ---
2026-10-08T21:45:58.2002222Z   duration_ms: 59.88098
2026-10-08T21:45:58.2002445Z   type: 'test'
2026-10-08T21:45:58.2002634Z   ...
2026-10-08T21:45:58.2003208Z # Subtest: canonical encoding and bounded block metadata reject corrupt input before probing
2026-10-08T21:45:58.2003905Z ok 44 - canonical encoding and bounded block metadata reject corrupt input before probing
2026-10-08T21:45:58.2004321Z   ---
2026-10-08T21:45:58.2004507Z   duration_ms: 4.744544
2026-10-08T21:45:58.2004725Z   type: 'test'
2026-10-08T21:45:58.2004919Z   ...
2026-10-08T21:45:58.2005382Z # Subtest: one-byte final blocks and nonaligned encoded ranges match the full snapshot decoder
2026-10-08T21:45:58.2006085Z ok 45 - one-byte final blocks and nonaligned encoded ranges match the full snapshot decoder
2026-10-08T21:45:58.2006505Z   ---
2026-10-08T21:45:58.2006694Z   duration_ms: 29.468534
2026-10-08T21:45:58.2006912Z   type: 'test'
2026-10-08T21:45:58.2007104Z   ...
2026-10-08T21:45:58.2009935Z # Subtest: production actual2–5 WLD/ranks match 10,000 retained original C++ and independent queries
2026-10-08T21:45:58.2011514Z ok 46 - production actual2–5 WLD/ranks match 10,000 retained original C++ and independent queries
2026-10-08T21:45:58.2012652Z   ---
2026-10-08T21:45:58.2013006Z   duration_ms: 319.234509
2026-10-08T21:45:58.2013435Z   type: 'test'
2026-10-08T21:45:58.2013790Z   ...
2026-10-08T21:45:58.2014629Z # Subtest: actual International dictionary/data match pinned licensed-source hashes
2026-10-08T21:45:58.2015842Z ok 47 - actual International dictionary/data match pinned licensed-source hashes
2026-10-08T21:45:58.2016545Z   ---
2026-10-08T21:45:58.2016889Z   duration_ms: 0.225812
2026-10-08T21:45:58.2017265Z   type: 'test'
2026-10-08T21:45:58.2017595Z   ...
2026-10-08T21:45:58.2018597Z # Subtest: production/reference International probes agree with independently closed full two-piece WLD
2026-10-08T21:45:58.2020071Z ok 48 - production/reference International probes agree with independently closed full two-piece WLD
2026-10-08T21:45:58.2020936Z   ---
2026-10-08T21:45:58.2021281Z   duration_ms: 1509.296946
2026-10-08T21:45:58.2021931Z   type: 'test'
2026-10-08T21:45:58.2022276Z   ...
2026-10-08T21:45:58.2023152Z # Subtest: 10,000 International material/orientation ranks agree with separately authored reference
2026-10-08T21:45:58.2024510Z ok 49 - 10,000 International material/orientation ranks agree with separately authored reference
2026-10-08T21:45:58.2025380Z   ---
2026-10-08T21:45:58.2025758Z   duration_ms: 146.746955
2026-10-08T21:45:58.2026198Z   type: 'test'
2026-10-08T21:45:58.2026552Z   ...
2026-10-08T21:45:58.2027531Z # Subtest: International constructor snapshots buffers and rejects corrupt dictionaries/index metadata
2026-10-08T21:45:58.2029084Z ok 50 - International constructor snapshots buffers and rejects corrupt dictionaries/index metadata
2026-10-08T21:45:58.2030000Z   ---
2026-10-08T21:45:58.2030368Z   duration_ms: 9.987559
2026-10-08T21:45:58.2030788Z   type: 'test'
2026-10-08T21:45:58.2031142Z   ...
2026-10-08T21:45:58.2032247Z # Subtest: production rules: American forced complete double jump excludes quiet moves
2026-10-08T21:45:58.2033507Z ok 51 - production rules: American forced complete double jump excludes quiet moves
2026-10-08T21:45:58.2034271Z   ---
2026-10-08T21:45:58.2034624Z   duration_ms: 0.394878
2026-10-08T21:45:58.2035022Z   type: 'test'
2026-10-08T21:45:58.2035380Z   ...
2026-10-08T21:45:58.2035902Z # Subtest: production rules: American crown ends capture even with backward king jump available
2026-10-08T21:45:58.2036644Z ok 52 - production rules: American crown ends capture even with backward king jump available
2026-10-08T21:45:58.2037075Z   ---
2026-10-08T21:45:58.2037268Z   duration_ms: 0.107611
2026-10-08T21:45:58.2037485Z   type: 'test'
2026-10-08T21:45:58.2037672Z   ...
2026-10-08T21:45:58.2038153Z # Subtest: production rules: International man passes crown row and remains man after continuing
2026-10-08T21:45:58.2038927Z ok 53 - production rules: International man passes crown row and remains man after continuing
2026-10-08T21:45:58.2039600Z   ---
2026-10-08T21:45:58.2039794Z   duration_ms: 0.141064
2026-10-08T21:45:58.2040017Z   type: 'test'
2026-10-08T21:45:58.2040332Z   ...
2026-10-08T21:45:58.2040831Z # Subtest: production rules: International global longest route excludes another piece short route
2026-10-08T21:45:58.2041593Z ok 54 - production rules: International global longest route excludes another piece short route
2026-10-08T21:45:58.2042531Z   ---
2026-10-08T21:45:58.2042733Z   duration_ms: 0.101049
2026-10-08T21:45:58.2042954Z   type: 'test'
2026-10-08T21:45:58.2043145Z   ...
2026-10-08T21:45:58.2043566Z # Subtest: production rules: American permits shorter route from a different piece
2026-10-08T21:45:58.2044213Z ok 55 - production rules: American permits shorter route from a different piece
2026-10-08T21:45:58.2044612Z   ---
2026-10-08T21:45:58.2044802Z   duration_ms: 0.162314
2026-10-08T21:45:58.2045019Z   type: 'test'
2026-10-08T21:45:58.2045211Z   ...
2026-10-08T21:45:58.2045706Z # Subtest: production rules: International taken pieces block reversing king between two enemies
2026-10-08T21:45:58.2046456Z ok 56 - production rules: International taken pieces block reversing king between two enemies
2026-10-08T21:45:58.2046896Z   ---
2026-10-08T21:45:58.2047086Z   duration_ms: 0.258573
2026-10-08T21:45:58.2047305Z   type: 'test'
2026-10-08T21:45:58.2047492Z   ...
2026-10-08T21:45:58.2047877Z # Subtest: production rules: International uncrowned man captures backwards
2026-10-08T21:45:58.2048453Z ok 57 - production rules: International uncrowned man captures backwards
2026-10-08T21:45:58.2048816Z   ---
2026-10-08T21:45:58.2049002Z   duration_ms: 0.09093
2026-10-08T21:45:58.2049216Z   type: 'test'
2026-10-08T21:45:58.2049403Z   ...
2026-10-08T21:45:58.2049787Z # Subtest: production rules: American uncrowned man cannot capture backwards
2026-10-08T21:45:58.2050394Z ok 58 - production rules: American uncrowned man cannot capture backwards
2026-10-08T21:45:58.2050768Z   ---
2026-10-08T21:45:58.2050964Z   duration_ms: 0.080982
2026-10-08T21:45:58.2051184Z   type: 'test'
2026-10-08T21:45:58.2051374Z   ...
2026-10-08T21:45:58.2052075Z # Subtest: production rules: American king may return to origin in a four-enemy capture
2026-10-08T21:45:58.2052760Z ok 59 - production rules: American king may return to origin in a four-enemy capture
2026-10-08T21:45:58.2053161Z   ---
2026-10-08T21:45:58.2053453Z   duration_ms: 0.088535
2026-10-08T21:45:58.2053705Z   type: 'test'
2026-10-08T21:45:58.2054062Z   ...
2026-10-08T21:45:58.2054868Z # Subtest: production rules: American short king has only adjacent quiet destinations
2026-10-08T21:45:58.2056127Z ok 60 - production rules: American short king has only adjacent quiet destinations
2026-10-08T21:45:58.2056895Z   ---
2026-10-08T21:45:58.2057238Z   duration_ms: 0.096892
2026-10-08T21:45:58.2057637Z   type: 'test'
2026-10-08T21:45:58.2057987Z   ...
2026-10-08T21:45:58.2058933Z # Subtest: 10,000 independent move differentials plus color-rotated twins and every resulting board
2026-10-08T21:45:58.2060385Z ok 61 - 10,000 independent move differentials plus color-rotated twins and every resulting board
2026-10-08T21:45:58.2061248Z   ---
2026-10-08T21:45:58.2061806Z   duration_ms: 740.501301
2026-10-08T21:45:58.2062265Z   type: 'test'
2026-10-08T21:45:58.2062620Z   ...
2026-10-08T21:45:58.2063580Z # Subtest: property seeds1,2,3 plus1,000 recorded random seeds conserve material and deterministic replay
2026-10-08T21:45:58.2065006Z ok 62 - property seeds1,2,3 plus1,000 recorded random seeds conserve material and deterministic replay
2026-10-08T21:45:58.2065813Z   ---
2026-10-08T21:45:58.2066133Z   duration_ms: 6551.726063
2026-10-08T21:45:58.2066516Z   type: 'test'
2026-10-08T21:45:58.2066828Z   ...
2026-10-08T21:45:58.2067774Z # Subtest: purity scanner distinguishes actual host identifiers from comments, strings and local draw windows
2026-10-08T21:45:58.2069271Z ok 63 - purity scanner distinguishes actual host identifiers from comments, strings and local draw windows
2026-10-08T21:45:58.2070350Z   ---
2026-10-08T21:45:58.2070665Z   duration_ms: 15.283073
2026-10-08T21:45:58.2071039Z   type: 'test'
2026-10-08T21:45:58.2071348Z   ...
2026-10-08T21:45:58.2072545Z # Subtest: all delivered pure production modules pass AST inspection; host adapters are explicit
2026-10-08T21:45:58.2073352Z ok 64 - all delivered pure production modules pass AST inspection; host adapters are explicit
2026-10-08T21:45:58.2073793Z   ---
2026-10-08T21:45:58.2073985Z   duration_ms: 117.719772
2026-10-08T21:45:58.2074212Z   type: 'test'
2026-10-08T21:45:58.2074399Z   ...
2026-10-08T21:45:58.2074808Z # Subtest: independent International rank has exact back-rank group boundaries
2026-10-08T21:45:58.2075595Z ok 65 - independent International rank has exact back-rank group boundaries
2026-10-08T21:45:58.2075991Z   ---
2026-10-08T21:45:58.2076183Z   duration_ms: 0.482592
2026-10-08T21:45:58.2076401Z   type: 'test'
2026-10-08T21:45:58.2076586Z   ...
2026-10-08T21:45:58.2076972Z # Subtest: all two-piece material ranks are complete independent bijections
2026-10-08T21:45:58.2077551Z ok 66 - all two-piece material ranks are complete independent bijections
2026-10-08T21:45:58.2077911Z   ---
2026-10-08T21:45:58.2078104Z   duration_ms: 30.268509
2026-10-08T21:45:58.2078333Z   type: 'test'
2026-10-08T21:45:58.2093635Z   ...
2026-10-08T21:45:58.2094244Z # Subtest: rotation and colour reversal preserve canonical location
2026-10-08T21:45:58.2095145Z ok 67 - rotation and colour reversal preserve canonical location
2026-10-08T21:45:58.2095729Z   ---
2026-10-08T21:45:58.2096082Z   duration_ms: 0.565667
2026-10-08T21:45:58.2096477Z   type: 'test'
2026-10-08T21:45:58.2096817Z   ...
2026-10-08T21:45:58.2097331Z # Subtest: six-piece ranks include 3v3 and 5v1 kings
2026-10-08T21:45:58.2098036Z ok 68 - six-piece ranks include 3v3 and 5v1 kings
2026-10-08T21:45:58.2098559Z   ---
2026-10-08T21:45:58.2098887Z   duration_ms: 0.207337
2026-10-08T21:45:58.2099285Z   type: 'test'
2026-10-08T21:45:58.2099509Z   ...
2026-10-08T21:45:58.2099970Z # Subtest: invalid crowns, side, board and out-of-scope material do not produce ranks
2026-10-08T21:45:58.2100644Z ok 69 - invalid crowns, side, board and out-of-scope material do not produce ranks
2026-10-08T21:45:58.2101054Z   ---
2026-10-08T21:45:58.2101253Z   duration_ms: 0.127378
2026-10-08T21:45:58.2101482Z   type: 'test'
2026-10-08T21:45:58.2102613Z   ...
2026-10-08T21:45:58.2103029Z # Subtest: synthetic token mapping and uniform slice decode without mutation
2026-10-08T21:45:58.2103615Z ok 70 - synthetic token mapping and uniform slice decode without mutation
2026-10-08T21:45:58.2104000Z   ---
2026-10-08T21:45:58.2104198Z   duration_ms: 6.115776
2026-10-08T21:45:58.2104421Z   type: 'test'
2026-10-08T21:45:58.2104614Z   ...
2026-10-08T21:45:58.2105026Z # Subtest: synthetic checkpoint changes catalogue at the physical block boundary
2026-10-08T21:45:58.2105643Z ok 71 - synthetic checkpoint changes catalogue at the physical block boundary
2026-10-08T21:45:58.2106032Z   ---
2026-10-08T21:45:58.2106232Z   duration_ms: 1.128058
2026-10-08T21:45:58.2106453Z   type: 'test'
2026-10-08T21:45:58.2106645Z   ...
2026-10-08T21:45:58.2107046Z # Subtest: a token uses a declared-length prefix of a longer shared run record
2026-10-08T21:45:58.2107627Z ok 72 - a token uses a declared-length prefix of a longer shared run record
2026-10-08T21:45:58.2108005Z   ---
2026-10-08T21:45:58.2108195Z   duration_ms: 1.01162
2026-10-08T21:45:58.2108415Z   type: 'test'
2026-10-08T21:45:58.2108608Z   ...
2026-10-08T21:45:58.2109064Z # Subtest: current captures are excluded but opponent-only threats are valid for v2 at <=6
2026-10-08T21:45:58.2109749Z ok 73 - current captures are excluded but opponent-only threats are valid for v2 at <=6
2026-10-08T21:45:58.2110169Z   ---
2026-10-08T21:45:58.2110360Z   duration_ms: 1.043259
2026-10-08T21:45:58.2110579Z   type: 'test'
2026-10-08T21:45:58.2110766Z   ...
2026-10-08T21:45:58.2111159Z # Subtest: malformed dictionary, permutation and checkpoint are rejected
2026-10-08T21:45:58.2112006Z ok 74 - malformed dictionary, permutation and checkpoint are rejected
2026-10-08T21:45:58.2112641Z   ---
2026-10-08T21:45:58.2112840Z   duration_ms: 0.579823
2026-10-08T21:45:58.2113247Z   type: 'test'
2026-10-08T21:45:58.2113447Z   ...
2026-10-08T21:45:58.2113916Z # Subtest: actual licensed two-piece sample agrees with exact corner and quiet-king cases
2026-10-08T21:45:58.2114610Z ok 75 - actual licensed two-piece sample agrees with exact corner and quiet-king cases
2026-10-08T21:45:58.2115037Z   ---
2026-10-08T21:45:58.2115239Z   duration_ms: 9.679846
2026-10-08T21:45:58.2115462Z   type: 'test'
2026-10-08T21:45:58.2115657Z   ...
2026-10-08T21:45:58.2116101Z # Subtest: independent oracle: American forced complete double jump excludes quiet moves
2026-10-08T21:45:58.2116775Z ok 76 - independent oracle: American forced complete double jump excludes quiet moves
2026-10-08T21:45:58.2117237Z   ---
2026-10-08T21:45:58.2117435Z   duration_ms: 0.283039
2026-10-08T21:45:58.2117655Z   type: 'test'
2026-10-08T21:45:58.2117852Z   ...
2026-10-08T21:45:58.2118358Z # Subtest: independent oracle: American crown ends capture even with backward king jump available
2026-10-08T21:45:58.2119115Z ok 77 - independent oracle: American crown ends capture even with backward king jump available
2026-10-08T21:45:58.2119557Z   ---
2026-10-08T21:45:58.2119753Z   duration_ms: 0.097923
2026-10-08T21:45:58.2119974Z   type: 'test'
2026-10-08T21:45:58.2120167Z   ...
2026-10-08T21:45:58.2120670Z # Subtest: independent oracle: International man passes crown row and remains man after continuing
2026-10-08T21:45:58.2121423Z ok 78 - independent oracle: International man passes crown row and remains man after continuing
2026-10-08T21:45:58.2122051Z   ---
2026-10-08T21:45:58.2122246Z   duration_ms: 0.087233
2026-10-08T21:45:58.2122466Z   type: 'test'
2026-10-08T21:45:58.2122658Z   ...
2026-10-08T21:45:58.2123163Z # Subtest: independent oracle: International global longest route excludes another piece short route
2026-10-08T21:45:58.2123928Z ok 79 - independent oracle: International global longest route excludes another piece short route
2026-10-08T21:45:58.2124385Z   ---
2026-10-08T21:45:58.2124578Z   duration_ms: 0.085189
2026-10-08T21:45:58.2124803Z   type: 'test'
2026-10-08T21:45:58.2124996Z   ...
2026-10-08T21:45:58.2125430Z # Subtest: independent oracle: American permits shorter route from a different piece
2026-10-08T21:45:58.2126073Z ok 80 - independent oracle: American permits shorter route from a different piece
2026-10-08T21:45:58.2126471Z   ---
2026-10-08T21:45:58.2126671Z   duration_ms: 0.087043
2026-10-08T21:45:58.2126896Z   type: 'test'
2026-10-08T21:45:58.2127090Z   ...
2026-10-08T21:45:58.2127586Z # Subtest: independent oracle: International taken pieces block reversing king between two enemies
2026-10-08T21:45:58.2128335Z ok 81 - independent oracle: International taken pieces block reversing king between two enemies
2026-10-08T21:45:58.2128783Z   ---
2026-10-08T21:45:58.2128976Z   duration_ms: 0.208559
2026-10-08T21:45:58.2129196Z   type: 'test'
2026-10-08T21:45:58.2129393Z   ...
2026-10-08T21:45:58.2129792Z # Subtest: independent oracle: International uncrowned man captures backwards
2026-10-08T21:45:58.2130387Z ok 82 - independent oracle: International uncrowned man captures backwards
2026-10-08T21:45:58.2130763Z   ---
2026-10-08T21:45:58.2130953Z   duration_ms: 0.089618
2026-10-08T21:45:58.2131170Z   type: 'test'
2026-10-08T21:45:58.2131362Z   ...
2026-10-08T21:45:58.2131900Z # Subtest: independent oracle: American uncrowned man cannot capture backwards
2026-10-08T21:45:58.2132609Z ok 83 - independent oracle: American uncrowned man cannot capture backwards
2026-10-08T21:45:58.2132988Z   ---
2026-10-08T21:45:58.2133178Z   duration_ms: 0.081322
2026-10-08T21:45:58.2133397Z   type: 'test'
2026-10-08T21:45:58.2133585Z   ...
2026-10-08T21:45:58.2134032Z # Subtest: independent oracle: American king may return to origin in a four-enemy capture
2026-10-08T21:45:58.2134703Z ok 84 - independent oracle: American king may return to origin in a four-enemy capture
2026-10-08T21:45:58.2135269Z   ---
2026-10-08T21:45:58.2135461Z   duration_ms: 0.111037
2026-10-08T21:45:58.2135679Z   type: 'test'
2026-10-08T21:45:58.2135867Z   ...
2026-10-08T21:45:58.2136428Z # Subtest: independent oracle: American short king has only adjacent quiet destinations
2026-10-08T21:45:58.2137086Z ok 85 - independent oracle: American short king has only adjacent quiet destinations
2026-10-08T21:45:58.2137483Z   ---
2026-10-08T21:45:58.2137670Z   duration_ms: 0.09082
2026-10-08T21:45:58.2137883Z   type: 'test'
2026-10-08T21:45:58.2138068Z   ...
2026-10-08T21:45:58.2138489Z # Subtest: independent oracle: flying king has all seventeen quiet ray destinations
2026-10-08T21:45:58.2139113Z ok 86 - independent oracle: flying king has all seventeen quiet ray destinations
2026-10-08T21:45:58.2139501Z   ---
2026-10-08T21:45:58.2139693Z   duration_ms: 0.173234
2026-10-08T21:45:58.2139914Z   type: 'test'
2026-10-08T21:45:58.2140102Z   ...
2026-10-08T21:45:58.2140531Z # Subtest: independent oracle: International complete capture can return to its origin
2026-10-08T21:45:58.2141185Z ok 87 - independent oracle: International complete capture can return to its origin
2026-10-08T21:45:58.2141693Z   ---
2026-10-08T21:45:58.2141900Z   duration_ms: 0.158396
2026-10-08T21:45:58.2142112Z   type: 'test'
2026-10-08T21:45:58.2142302Z   ...
2026-10-08T21:45:58.2142761Z # Subtest: independent oracle: full published 16-each draw regression consists of legal turns
2026-10-08T21:45:58.2143466Z ok 88 - independent oracle: full published 16-each draw regression consists of legal turns
2026-10-08T21:45:58.2143889Z   ---
2026-10-08T21:45:58.2144084Z   duration_ms: 1.067034
2026-10-08T21:45:58.2144299Z   type: 'test'
2026-10-08T21:45:58.2144487Z   ...
2026-10-08T21:46:12.0052543Z # Subtest: variant bundles preserve exact choices, reports, cursors and complete game transcripts
2026-10-08T21:46:12.0053965Z ok 89 - variant bundles preserve exact choices, reports, cursors and complete game transcripts
2026-10-08T21:46:12.0054748Z   ---
2026-10-08T21:46:12.0055128Z   duration_ms: 12658.645962
2026-10-08T21:46:12.0055545Z   type: 'test'
2026-10-08T21:46:12.0055888Z   ...
2026-10-08T21:46:17.5944022Z # Subtest: native decompression reproduces exact installed corpora and preserves queued first requests
2026-10-08T21:46:17.5945834Z ok 90 - native decompression reproduces exact installed corpora and preserves queued first requests
2026-10-08T21:46:17.5947336Z   ---
2026-10-08T21:46:17.5947792Z   duration_ms: 6742.516905
2026-10-08T21:46:17.5948398Z   type: 'test'
2026-10-08T21:46:17.5948953Z   ...
2026-10-08T21:46:17.5954827Z # Subtest: bootstrap reports unsupported native decompression without losing a pending caller silently
2026-10-08T21:46:17.5956802Z ok 91 - bootstrap reports unsupported native decompression without losing a pending caller silently
2026-10-08T21:46:17.5958102Z   ---
2026-10-08T21:46:17.5958707Z   duration_ms: 2.493617
2026-10-08T21:46:17.5959083Z   type: 'test'
2026-10-08T21:46:17.5959362Z   ...
2026-10-08T21:46:17.7434744Z 1..91
2026-10-08T21:46:17.7435525Z # tests 91
2026-10-08T21:46:17.7436161Z # suites 0
2026-10-08T21:46:17.7436553Z # pass 91
2026-10-08T21:46:17.7440674Z # fail 0
2026-10-08T21:46:17.7441079Z # cancelled 0
2026-10-08T21:46:17.7441543Z # skipped 0
2026-10-08T21:46:17.7442129Z # todo 0
2026-10-08T21:46:17.7442508Z # duration_ms 107388.723136
2026-10-08T21:46:27.5902469Z {"baseline":"PASS","cases":9}
2026-10-08T21:46:27.9392268Z {"id":1,"name":"input admits extra fields","before":").max(21)}).strict(),","after":").max(21)}),","caseCount":9,"failedCases":["contract total immutable reducer ignores malformed/unknown events in both phases"],"assertionKilled":true}
2026-10-08T21:46:28.2673474Z {"id":2,"name":"International input truncated to32 squares","before":".int().min(0).max(49)","after":".int().min(0).max(31)","caseCount":9,"failedCases":["all three bot levels are schema-valid deterministic pure choices in every phase/role"],"assertionKilled":true}
2026-10-08T21:46:28.4418580Z {"id":3,"name":"International variant ignored","before":"values.variant==='international'","after":"false","caseCount":9,"failedCases":["contract manifest/counts/settings and deterministic initial boards","complete legal inputs and terminal scores preserve every original seat","all three bot levels are schema-valid deterministic pure choices in every phase/role"],"assertionKilled":true}
2026-10-08T21:46:28.7572798Z {"id":4,"name":"forty-move house setting ignored","before":"values.drawPolicy==='fortyMove'","after":"false","caseCount":9,"failedCases":["contract manifest/counts/settings and deterministic initial boards"],"assertionKilled":true}
2026-10-08T21:46:29.0708199Z {"id":5,"name":"repetition setting inverted","before":"typeof values.repetition==='boolean'?values.repetition:true","after":"typeof values.repetition==='boolean'?!values.repetition:true","caseCount":9,"failedCases":["contract manifest/counts/settings and deterministic initial boards"],"assertionKilled":true}
2026-10-08T21:46:29.3943499Z {"id":6,"name":"turn clock cap becomes30","before":"Math.min(300,Math.round(seconds))","after":"Math.min(30,Math.round(seconds))","caseCount":9,"failedCases":["contract manifest/counts/settings and deterministic initial boards"],"assertionKilled":true}
2026-10-08T21:46:29.7095296Z {"id":7,"name":"zero host time rejected","before":"now>=0","after":"now>0","caseCount":9,"failedCases":["contract manifest/counts/settings and deterministic initial boards"],"assertionKilled":true}
2026-10-08T21:46:30.0407454Z {"id":8,"name":"duplicate seats accepted","before":"new Set(ctx.players.map(player=>player.id)).size!==2","after":"false","caseCount":9,"failedCases":["contract manifest/counts/settings and deterministic initial boards"],"assertionKilled":true}
2026-10-08T21:46:30.1359668Z {"id":9,"name":"wrong player count accepted","before":"ctx.players.length!==2","after":"ctx.players.length===2","caseCount":9,"failedCases":["contract manifest/counts/settings and deterministic initial boards","contract total immutable reducer ignores malformed/unknown events in both phases","contract live timer requires exact phase instance and elapsed deadline","VIP pause/resume shifts only the deadline; skip/end remain available","presence auto-holds empty rooms, resumes clocks and permanently preserves leavers","hostile seat IDs, public view equality, spectator safety and cloned projections","complete legal inputs and terminal scores preserve every original seat","all three bot levels are schema-valid deterministic pure choices in every phase/role"],"assertionKilled":true}
2026-10-08T21:46:30.4616806Z {"id":10,"name":"disconnected seats always present","before":"s.players[id].connected&&!s.left.includes(id)","after":"true&&!s.left.includes(id)","caseCount":9,"failedCases":["presence auto-holds empty rooms, resumes clocks and permanently preserves leavers"],"assertionKilled":true}
2026-10-08T21:46:30.5710004Z {"id":11,"name":"light side assigned wrong turn","before":"s.side===1?0:1","after":"s.side===1?1:0","caseCount":9,"failedCases":["contract total immutable reducer ignores malformed/unknown events in both phases","contract live timer requires exact phase instance and elapsed deadline","presence auto-holds empty rooms, resumes clocks and permanently preserves leavers","hostile seat IDs, public view equality, spectator safety and cloned projections","complete legal inputs and terminal scores preserve every original seat","all three bot levels are schema-valid deterministic pure choices in every phase/role","manifest and every generated phase fixture replay without throwing"],"assertionKilled":true}
2026-10-08T21:46:30.9140398Z {"id":12,"name":"same-tick phase uniqueness removed","before":"Math.max(now,s.phaseClock+1)","after":"now","caseCount":9,"failedCases":["contract live timer requires exact phase instance and elapsed deadline"],"assertionKilled":true}
2026-10-08T21:46:31.2528659Z {"id":13,"name":"untimed game receives immediate clock","before":"s.settings.turnSeconds>0","after":"s.settings.turnSeconds>=0","caseCount":9,"failedCases":["contract manifest/counts/settings and deterministic initial boards","contract live timer requires exact phase instance and elapsed deadline"],"assertionKilled":true}
2026-10-08T21:46:31.5693060Z {"id":14,"name":"seed discarded","before":"rng:seedRng(ctx.seed)","after":"rng:seedRng(0)","caseCount":9,"failedCases":["contract manifest/counts/settings and deterministic initial boards"],"assertionKilled":true}
2026-10-08T21:46:31.9030954Z {"id":15,"name":"empty initialization misses automatic hold","before":"state={...state,autoPaused:true","after":"state={...state,autoPaused:false","caseCount":9,"failedCases":["presence auto-holds empty rooms, resumes clocks and permanently preserves leavers"],"assertionKilled":true}
2026-10-08T21:46:32.2144576Z {"id":16,"name":"winner assigned to losing side","before":"s.order[winner===1?0:1]","after":"s.order[winner===1?1:0]","caseCount":9,"failedCases":["contract live timer requires exact phase instance and elapsed deadline","complete legal inputs and terminal scores preserve every original seat","manifest and every generated phase fixture replay without throwing"],"assertionKilled":true}
2026-10-08T21:46:32.3238665Z {"id":17,"name":"finish reenters move phase","before":"endReason:reason},'done',now)","after":"endReason:reason},'move',now)","caseCount":9,"failedCases":["contract live timer requires exact phase instance and elapsed deadline","VIP pause/resume shifts only the deadline; skip/end remain available","hostile seat IDs, public view equality, spectator safety and cloned projections","complete legal inputs and terminal scores preserve every original seat","all three bot levels are schema-valid deterministic pure choices in every phase/role","manifest and every generated phase fixture replay without throwing"],"assertionKilled":true}
2026-10-08T21:46:32.6367393Z {"id":18,"name":"opponent legal moves cause incorrect win","before":"if(!legalMoves(next.board,next.variant,next.side).length)","after":"if(legalMoves(next.board,next.variant,next.side).length)","caseCount":9,"failedCases":["VIP pause/resume shifts only the deadline; skip/end remain available","hostile seat IDs, public view equality, spectator safety and cloned projections","complete legal inputs and terminal scores preserve every original seat"],"assertionKilled":true}
2026-10-08T21:46:32.9794703Z {"id":19,"name":"left seat reconnects","before":"connected=!wasLeft&&!gone&&e.connected","after":"connected=e.connected","caseCount":9,"failedCases":["presence auto-holds empty rooms, resumes clocks and permanently preserves leavers"],"assertionKilled":true}
2026-10-08T21:46:33.2984000Z {"id":20,"name":"resume subtracts held time","before":"next.phase.deadline+delta","after":"next.phase.deadline-delta","caseCount":9,"failedCases":["presence auto-holds empty rooms, resumes clocks and permanently preserves leavers"],"assertionKilled":true}
2026-10-08T21:46:33.6173145Z {"id":21,"name":"paused VIP skip forgets to hold next turn","before":"s.phase.paused&&next.phase.id!=='done'","after":"false&&next.phase.id!=='done'","caseCount":9,"failedCases":["VIP pause/resume shifts only the deadline; skip/end remain available"],"assertionKilled":true}
2026-10-08T21:46:33.9377711Z {"id":22,"name":"timer ignores instance identity","before":"e.startedAt===s.phase.startedAt&&","after":"","caseCount":9,"failedCases":["contract total immutable reducer ignores malformed/unknown events in both phases","contract live timer requires exact phase instance and elapsed deadline"],"assertionKilled":true}
2026-10-08T21:46:34.2632150Z {"id":23,"name":"exact deadline does not fire","before":"e.now>=s.phase.deadline","after":"e.now>s.phase.deadline","caseCount":9,"failedCases":["contract live timer requires exact phase instance and elapsed deadline"],"assertionKilled":true}
2026-10-08T21:46:34.5852001Z {"id":24,"name":"inactive seat can resign","before":"e.playerId!==turnId(s)||","after":"","caseCount":9,"failedCases":["contract total immutable reducer ignores malformed/unknown events in both phases"],"assertionKilled":true}
2026-10-08T21:46:34.8993875Z {"id":25,"name":"paused game accepts inputs/timers","before":"if(s.phase.paused||s.phase.id==='done')","after":"if(s.phase.id==='done')","caseCount":9,"failedCases":["VIP pause/resume shifts only the deadline; skip/end remain available"],"assertionKilled":true}
2026-10-08T21:46:51.4603130Z {"settings":{"variant":"american"},"playerCount":2,"games":1000,"wins":954,"draws":46,"moves":70215,"maximumPlies":219}
2026-10-08T21:46:57.1962026Z {"settings":{"variant":"american","drawPolicy":"fortyMove"},"playerCount":2,"games":1000,"wins":964,"draws":36,"moves":69087,"maximumPlies":221}
2026-10-08T21:47:03.3016758Z {"settings":{"variant":"american","repetition":false},"playerCount":2,"games":1000,"wins":993,"draws":7,"moves":72973,"maximumPlies":230}
2026-10-08T21:47:09.2328808Z {"settings":{"variant":"american","turnSeconds":20},"playerCount":2,"games":1000,"wins":964,"draws":36,"moves":69907,"maximumPlies":205}
2026-10-08T21:47:18.1134929Z {"settings":{"variant":"international"},"playerCount":2,"games":1000,"wins":972,"draws":28,"moves":92727,"maximumPlies":152}
2026-10-08T21:47:26.7642991Z {"settings":{"variant":"international","drawPolicy":"fortyMove"},"playerCount":2,"games":1000,"wins":1000,"draws":0,"moves":91599,"maximumPlies":166}
2026-10-08T21:47:35.3707757Z {"settings":{"variant":"international","repetition":false},"playerCount":2,"games":1000,"wins":973,"draws":27,"moves":91917,"maximumPlies":165}
2026-10-08T21:47:38.9393616Z {"status":"PASS","stage":"node","sourceCommit":"491f82f6a99c992faca4a26acf8b80dc4ecc67a1","elapsedSeconds":297.87678285199996}
2026-10-08T21:47:38.9537415Z ##[group]Run actions/upload-artifact@v4
2026-10-08T21:47:38.9537722Z with:
2026-10-08T21:47:38.9538010Z   name: G10-stage-node-491f82f6a99c992faca4a26acf8b80dc4ecc67a1
2026-10-08T21:47:38.9538709Z   path: jobs/G10-checkers/.work-stage-node.stdout
jobs/G10-checkers/.work/checks
jobs/G10-checkers/.work/browser
jobs/G10-checkers/.work/media

2026-10-08T21:47:38.9539335Z   if-no-files-found: error
2026-10-08T21:47:38.9539577Z   include-hidden-files: true
2026-10-08T21:47:38.9539811Z   retention-days: 7
2026-10-08T21:47:38.9540035Z   compression-level: 6
2026-10-08T21:47:38.9540259Z   overwrite: false
2026-10-08T21:47:38.9540447Z env:
2026-10-08T21:47:38.9540693Z   G10_SOURCE_COMMIT: 491f82f6a99c992faca4a26acf8b80dc4ecc67a1
2026-10-08T21:47:38.9541015Z ##[endgroup]
2026-10-08T21:47:39.1242284Z (node:4093) [DEP0040] DeprecationWarning: The `punycode` module is deprecated. Please use a userland alternative instead.
2026-10-08T21:47:39.1243384Z (Use `node --trace-deprecation ...` to show where the warning was created)
2026-10-08T21:47:39.1429638Z Multiple search paths detected. Calculating the least common ancestor of all paths
2026-10-08T21:47:39.1433698Z The least common ancestor is /home/runner/work/partybox-game-cores/partybox-game-cores/jobs/G10-checkers. This will be the root directory of the artifact
2026-10-08T21:47:39.1435221Z With the provided path, there will be 51 files uploaded
2026-10-08T21:47:39.1439169Z Artifact name is valid!
2026-10-08T21:47:39.1440265Z Root directory input is valid!
2026-10-08T21:47:39.4807766Z Beginning upload of artifact content to blob storage
2026-10-08T21:47:39.5650530Z (node:4093) [DEP0169] DeprecationWarning: `url.parse()` behavior is not standardized and prone to errors that have security implications. Use the WHATWG URL API instead. CVEs are not issued for `url.parse()` vulnerabilities.
2026-10-08T21:47:39.9091495Z Uploaded bytes 136596
2026-10-08T21:47:39.9695140Z Finished uploading artifact content to blob storage!
2026-10-08T21:47:39.9696030Z SHA256 digest of uploaded artifact zip is ca559ef0a6fb4b30cdf5c53801b57690a6ec61b4a223505c5cfd92c8a94689c1
2026-10-08T21:47:39.9697813Z Finalizing artifact upload
2026-10-08T21:47:40.2321353Z Artifact G10-stage-node-491f82f6a99c992faca4a26acf8b80dc4ecc67a1.zip successfully finalized. Artifact ID 11580877807
2026-10-08T21:47:40.2323998Z Artifact G10-stage-node-491f82f6a99c992faca4a26acf8b80dc4ecc67a1 has been successfully uploaded! Final size is 136596 bytes. Artifact ID is 11580877807
2026-10-08T21:47:40.2329378Z Artifact download URL: https://github.com/luisitin/partybox-game-cores/actions/runs/37848566924/artifacts/11580877807
2026-10-08T21:47:40.2501304Z Post job cleanup.
2026-10-08T21:47:40.3729252Z (node:4106) [DEP0040] DeprecationWarning: The `punycode` module is deprecated. Please use a userland alternative instead.
2026-10-08T21:47:40.3730171Z (Use `node --trace-deprecation ...` to show where the warning was created)
2026-10-08T21:47:40.3966275Z [command]/usr/bin/tar --posix -cf cache.tzst --exclude cache.tzst -P -C /home/runner/work/partybox-game-cores/partybox-game-cores --files-from manifest.txt --use-compress-program zstdmt
2026-10-08T21:47:40.6120018Z Failed to save: Unable to reserve cache with key node-cache-Linux-x64-npm-b79e3f2344d4218dbbb2f93f566da8e1ac49738aa1184813b150890d461d0c8a, another job may be creating this cache.
2026-10-08T21:47:40.6267590Z Post job cleanup.
2026-10-08T21:47:40.7144301Z [command]/usr/bin/git version
2026-10-08T21:47:40.7190336Z git version 2.55.0
2026-10-08T21:47:40.7263507Z Temporarily overriding HOME='/home/runner/work/_temp/379d99bb-512a-4ff9-bb1f-5c6c03e5d7a4' before making global git config changes
2026-10-08T21:47:40.7265406Z Adding repository directory to the temporary git global config as a safe directory
2026-10-08T21:47:40.7288015Z [command]/usr/bin/git config --global --add safe.directory /home/runner/work/partybox-game-cores/partybox-game-cores
2026-10-08T21:47:40.7325963Z [command]/usr/bin/git config --local --name-only --get-regexp core\.sshCommand
2026-10-08T21:47:40.7400823Z [command]/usr/bin/git submodule foreach --recursive sh -c "git config --local --name-only --get-regexp 'core\.sshCommand' && git config --local --unset-all 'core.sshCommand' || :"
2026-10-08T21:47:40.7663222Z [command]/usr/bin/git config --local --name-only --get-regexp http\.https\:\/\/github\.com\/\.extraheader
2026-10-08T21:47:40.7713236Z http.https://github.com/.extraheader
2026-10-08T21:47:40.7772755Z [command]/usr/bin/git config --local --unset-all http.https://github.com/.extraheader
2026-10-08T21:47:40.7786633Z [command]/usr/bin/git submodule foreach --recursive sh -c "git config --local --name-only --get-regexp 'http\.https\:\/\/github\.com\/\.extraheader' && git config --local --unset-all 'http.https://github.com/.extraheader' || :"
2026-10-08T21:47:40.8020309Z [command]/usr/bin/git config --local --name-only --get-regexp ^includeIf\.gitdir:
2026-10-08T21:47:40.8070971Z [command]/usr/bin/git submodule foreach --recursive git config --local --show-origin --name-only --get-regexp remote.origin.url
2026-10-08T21:47:40.8464330Z Cleaning up orphan processes
2026-10-08T21:47:40.8804696Z ##[warning]Node.js 20 is deprecated. The following actions target Node.js 20 but are being forced to run on Node.js 24: actions/checkout@v4, actions/setup-node@v4, actions/upload-artifact@v4. For more information see: https://github.blog/changelog/2025-09-19-deprecation-of-node-20-on-github-actions-runners/

