2026-10-09T03:11:06.9490649Z Current runner version: '2.337.0'
2026-10-09T03:11:06.9511808Z ##[group]Runner Image Provisioner
2026-10-09T03:11:06.9512528Z Hosted Compute Agent
2026-10-09T03:11:06.9513021Z Version: 20261002.596
2026-10-09T03:11:06.9513638Z Commit: c3d12f3313a95f25162a1503be624f3b0617f8c0
2026-10-09T03:11:06.9514248Z Build Date: 2026-10-02T22:28:27Z
2026-10-09T03:11:06.9514835Z Worker ID: {1d9b645d-4774-4830-bd61-7c0f93160dbb}
2026-10-09T03:11:06.9515441Z Region: northcentralus
2026-10-09T03:11:06.9515931Z Cloud: Azure
2026-10-09T03:11:06.9516472Z ##[endgroup]
2026-10-09T03:11:06.9517544Z ##[group]Operating System
2026-10-09T03:11:06.9518090Z Ubuntu
2026-10-09T03:11:06.9518680Z 24.04.5
2026-10-09T03:11:06.9519112Z LTS
2026-10-09T03:11:06.9519623Z ##[endgroup]
2026-10-09T03:11:06.9520079Z ##[group]Runner Image
2026-10-09T03:11:06.9520566Z Image: ubuntu-24.04
2026-10-09T03:11:06.9521104Z Version: 20261004.327.1
2026-10-09T03:11:06.9522122Z Included Software: https://github.com/actions/runner-images/blob/ubuntu24/20261004.327/images/ubuntu/Ubuntu2404-Readme.md
2026-10-09T03:11:06.9523529Z Image Release: https://github.com/actions/runner-images/releases/tag/ubuntu24%2F20261004.327
2026-10-09T03:11:06.9524320Z ##[endgroup]
2026-10-09T03:11:06.9525344Z ##[group]GITHUB_TOKEN Permissions
2026-10-09T03:11:06.9527099Z Contents: read
2026-10-09T03:11:06.9527715Z Metadata: read
2026-10-09T03:11:06.9528176Z ##[endgroup]
2026-10-09T03:11:06.9530221Z Secret source: Actions
2026-10-09T03:11:06.9530981Z Cache mode: write
2026-10-09T03:11:06.9531893Z Prepare workflow directory
2026-10-09T03:11:06.9967299Z Prepare all required actions
2026-10-09T03:11:07.0006726Z Getting action download info
2026-10-09T03:11:07.2220361Z Download action repository 'actions/checkout@v4' (SHA:11d5960a326750d5838078e36cf38b85af677262)
2026-10-09T03:11:07.3328791Z Download action repository 'actions/setup-node@v4' (SHA:49933ea5288caeca8642d1e84afbd3f7d6820020)
2026-10-09T03:11:07.4605905Z Download action repository 'actions/download-artifact@v4' (SHA:d3f86a106a0bac45b974a628896c90dbdf5c8093)
2026-10-09T03:11:07.8169707Z Download action repository 'actions/upload-artifact@v4' (SHA:ea165f8d65b6e75b540449e92b4886f43607fa02)
2026-10-09T03:11:08.0502856Z Complete job name: delivery
2026-10-09T03:11:08.1145224Z ##[group]Run actions/checkout@v4
2026-10-09T03:11:08.1145873Z with:
2026-10-09T03:11:08.1146244Z   ref: cd9c554133769c264e0157c298d0bdc682d87b27
2026-10-09T03:11:08.1146739Z   repository: luisitin/partybox-game-cores
2026-10-09T03:11:08.1150022Z   token: ***
2026-10-09T03:11:08.1150362Z   ssh-strict: true
2026-10-09T03:11:08.1150704Z   ssh-user: git
2026-10-09T03:11:08.1151053Z   persist-credentials: true
2026-10-09T03:11:08.1151424Z   clean: true
2026-10-09T03:11:08.1151765Z   sparse-checkout-cone-mode: true
2026-10-09T03:11:08.1152160Z   fetch-depth: 1
2026-10-09T03:11:08.1152491Z   fetch-tags: false
2026-10-09T03:11:08.1152831Z   show-progress: true
2026-10-09T03:11:08.1153181Z   lfs: false
2026-10-09T03:11:08.1153492Z   submodules: false
2026-10-09T03:11:08.1153847Z   set-safe-directory: true
2026-10-09T03:11:08.1154232Z   allow-unsafe-pr-checkout: false
2026-10-09T03:11:08.1154763Z env:
2026-10-09T03:11:08.1155196Z   G10_SOURCE_COMMIT: cd9c554133769c264e0157c298d0bdc682d87b27
2026-10-09T03:11:08.1155687Z ##[endgroup]
2026-10-09T03:11:08.1959921Z Syncing repository: luisitin/partybox-game-cores
2026-10-09T03:11:08.1961992Z ##[group]Getting Git version info
2026-10-09T03:11:08.1962990Z Working directory is '/home/runner/work/partybox-game-cores/partybox-game-cores'
2026-10-09T03:11:08.1964430Z [command]/usr/bin/git version
2026-10-09T03:11:08.1987643Z git version 2.55.0
2026-10-09T03:11:08.2005416Z ##[endgroup]
2026-10-09T03:11:08.2017836Z Temporarily overriding HOME='/home/runner/work/_temp/284778d9-1aa1-4b05-a0e9-165501e05f78' before making global git config changes
2026-10-09T03:11:08.2019520Z Adding repository directory to the temporary git global config as a safe directory
2026-10-09T03:11:08.2023006Z [command]/usr/bin/git config --global --add safe.directory /home/runner/work/partybox-game-cores/partybox-game-cores
2026-10-09T03:11:08.2072432Z Deleting the contents of '/home/runner/work/partybox-game-cores/partybox-game-cores'
2026-10-09T03:11:08.2079043Z ##[group]Initializing the repository
2026-10-09T03:11:08.2080197Z [command]/usr/bin/git init /home/runner/work/partybox-game-cores/partybox-game-cores
2026-10-09T03:11:08.2196204Z hint: Using 'master' as the name for the initial branch. This default branch name
2026-10-09T03:11:08.2197740Z hint: will change to "main" in Git 3.0. To configure the initial branch name
2026-10-09T03:11:08.2199127Z hint: to use in all of your new repositories, which will suppress this warning,
2026-10-09T03:11:08.2199739Z hint: call:
2026-10-09T03:11:08.2200076Z hint:
2026-10-09T03:11:08.2200642Z hint: 	git config --global init.defaultBranch <name>
2026-10-09T03:11:08.2201396Z hint:
2026-10-09T03:11:08.2202016Z hint: Names commonly chosen instead of 'master' are 'main', 'trunk' and
2026-10-09T03:11:08.2202746Z hint: 'development'. The just-created branch can be renamed via this command:
2026-10-09T03:11:08.2203373Z hint:
2026-10-09T03:11:08.2203710Z hint: 	git branch -m <name>
2026-10-09T03:11:08.2204086Z hint:
2026-10-09T03:11:08.2204580Z hint: Disable this message with "git config set advice.defaultBranchName false"
2026-10-09T03:11:08.2205787Z Initialized empty Git repository in /home/runner/work/partybox-game-cores/partybox-game-cores/.git/
2026-10-09T03:11:08.2210181Z [command]/usr/bin/git remote add origin https://github.com/luisitin/partybox-game-cores
2026-10-09T03:11:08.2249828Z ##[endgroup]
2026-10-09T03:11:08.2250747Z ##[group]Disabling automatic garbage collection
2026-10-09T03:11:08.2254082Z [command]/usr/bin/git config --local gc.auto 0
2026-10-09T03:11:08.2282457Z ##[endgroup]
2026-10-09T03:11:08.2283308Z ##[group]Setting up auth
2026-10-09T03:11:08.2289122Z [command]/usr/bin/git config --local --name-only --get-regexp core\.sshCommand
2026-10-09T03:11:08.2320179Z [command]/usr/bin/git submodule foreach --recursive sh -c "git config --local --name-only --get-regexp 'core\.sshCommand' && git config --local --unset-all 'core.sshCommand' || :"
2026-10-09T03:11:08.2609917Z [command]/usr/bin/git config --local --name-only --get-regexp http\.https\:\/\/github\.com\/\.extraheader
2026-10-09T03:11:08.2641656Z [command]/usr/bin/git submodule foreach --recursive sh -c "git config --local --name-only --get-regexp 'http\.https\:\/\/github\.com\/\.extraheader' && git config --local --unset-all 'http.https://github.com/.extraheader' || :"
2026-10-09T03:11:08.2844769Z [command]/usr/bin/git config --local --name-only --get-regexp ^includeIf\.gitdir:
2026-10-09T03:11:08.2876147Z [command]/usr/bin/git submodule foreach --recursive git config --local --show-origin --name-only --get-regexp remote.origin.url
2026-10-09T03:11:08.3066879Z [command]/usr/bin/git config --local http.https://github.com/.extraheader AUTHORIZATION: basic ***
2026-10-09T03:11:08.3102448Z ##[endgroup]
2026-10-09T03:11:08.3109531Z ##[group]Fetching the repository
2026-10-09T03:11:08.3110697Z [command]/usr/bin/git -c protocol.version=2 fetch --no-tags --prune --no-recurse-submodules --depth=1 origin cd9c554133769c264e0157c298d0bdc682d87b27
2026-10-09T03:11:27.5222212Z From https://github.com/luisitin/partybox-game-cores
2026-10-09T03:11:27.5222855Z  * branch            cd9c554133769c264e0157c298d0bdc682d87b27 -> FETCH_HEAD
2026-10-09T03:11:27.5225224Z ##[endgroup]
2026-10-09T03:11:27.5228051Z ##[group]Determining the checkout info
2026-10-09T03:11:27.5229539Z ##[endgroup]
2026-10-09T03:11:27.5233973Z [command]/usr/bin/git sparse-checkout disable
2026-10-09T03:11:27.6570708Z [command]/usr/bin/git config --local --unset-all extensions.worktreeConfig
2026-10-09T03:11:27.6609944Z ##[group]Checking out the ref
2026-10-09T03:11:27.6612733Z [command]/usr/bin/git checkout --progress --force cd9c554133769c264e0157c298d0bdc682d87b27
2026-10-09T03:11:29.2789713Z Updating files:   9% (188/1944)
2026-10-09T03:11:29.8548365Z Updating files:  10% (195/1944)
2026-10-09T03:11:30.3136053Z Updating files:  10% (203/1944)
2026-10-09T03:11:30.7873746Z Updating files:  11% (214/1944)
2026-10-09T03:11:31.5586156Z Updating files:  11% (222/1944)
2026-10-09T03:11:31.8013776Z Updating files:  12% (234/1944)
2026-10-09T03:11:32.4445682Z Updating files:  12% (240/1944)
2026-10-09T03:11:32.6417094Z Updating files:  13% (253/1944)
2026-10-09T03:11:32.6423568Z Updating files:  14% (273/1944)
2026-10-09T03:11:32.6440018Z Updating files:  15% (292/1944)
2026-10-09T03:11:32.6604711Z Updating files:  16% (312/1944)
2026-10-09T03:11:32.6610533Z Updating files:  17% (331/1944)
2026-10-09T03:11:32.6624260Z Updating files:  18% (350/1944)
2026-10-09T03:11:32.6802369Z Updating files:  19% (370/1944)
2026-10-09T03:11:32.6822167Z Updating files:  20% (389/1944)
2026-10-09T03:11:32.6831078Z Updating files:  21% (409/1944)
2026-10-09T03:11:32.6839211Z Updating files:  22% (428/1944)
2026-10-09T03:11:32.6855615Z Updating files:  23% (448/1944)
2026-10-09T03:11:32.6872276Z Updating files:  24% (467/1944)
2026-10-09T03:11:32.6887974Z Updating files:  25% (486/1944)
2026-10-09T03:11:32.6905355Z Updating files:  26% (506/1944)
2026-10-09T03:11:32.6915107Z Updating files:  27% (525/1944)
2026-10-09T03:11:32.6929611Z Updating files:  28% (545/1944)
2026-10-09T03:11:32.7022350Z Updating files:  29% (564/1944)
2026-10-09T03:11:32.7181259Z Updating files:  30% (584/1944)
2026-10-09T03:11:32.7326427Z Updating files:  31% (603/1944)
2026-10-09T03:11:32.7399190Z Updating files:  32% (623/1944)
2026-10-09T03:11:32.7411934Z Updating files:  33% (642/1944)
2026-10-09T03:11:32.7626731Z Updating files:  34% (661/1944)
2026-10-09T03:11:32.7628748Z Updating files:  34% (673/1944)
2026-10-09T03:11:32.7785051Z Updating files:  35% (681/1944)
2026-10-09T03:11:32.7796160Z Updating files:  36% (700/1944)
2026-10-09T03:11:32.7944416Z Updating files:  37% (720/1944)
2026-10-09T03:11:32.7961910Z Updating files:  38% (739/1944)
2026-10-09T03:11:32.8116854Z Updating files:  39% (759/1944)
2026-10-09T03:11:32.8263061Z Updating files:  40% (778/1944)
2026-10-09T03:11:32.8276257Z Updating files:  41% (798/1944)
2026-10-09T03:11:32.8287148Z Updating files:  42% (817/1944)
2026-10-09T03:11:32.8333565Z Updating files:  43% (836/1944)
2026-10-09T03:11:32.8343083Z Updating files:  44% (856/1944)
2026-10-09T03:11:32.8351124Z Updating files:  45% (875/1944)
2026-10-09T03:11:32.8368735Z Updating files:  46% (895/1944)
2026-10-09T03:11:32.8507637Z Updating files:  47% (914/1944)
2026-10-09T03:11:32.8643972Z Updating files:  48% (934/1944)
2026-10-09T03:11:32.8714608Z Updating files:  49% (953/1944)
2026-10-09T03:11:32.8841970Z Updating files:  50% (972/1944)
2026-10-09T03:11:32.8857354Z Updating files:  51% (992/1944)
2026-10-09T03:11:32.8874894Z Updating files:  52% (1011/1944)
2026-10-09T03:11:32.8915034Z Updating files:  53% (1031/1944)
2026-10-09T03:11:32.8959013Z Updating files:  54% (1050/1944)
2026-10-09T03:11:32.8986371Z Updating files:  55% (1070/1944)
2026-10-09T03:11:32.9024446Z Updating files:  56% (1089/1944)
2026-10-09T03:11:32.9064019Z Updating files:  57% (1109/1944)
2026-10-09T03:11:32.9109990Z Updating files:  58% (1128/1944)
2026-10-09T03:11:32.9164279Z Updating files:  59% (1147/1944)
2026-10-09T03:11:32.9181750Z Updating files:  60% (1167/1944)
2026-10-09T03:11:32.9217944Z Updating files:  61% (1186/1944)
2026-10-09T03:11:32.9256226Z Updating files:  62% (1206/1944)
2026-10-09T03:11:32.9297609Z Updating files:  63% (1225/1944)
2026-10-09T03:11:32.9335027Z Updating files:  64% (1245/1944)
2026-10-09T03:11:32.9355507Z Updating files:  65% (1264/1944)
2026-10-09T03:11:32.9382240Z Updating files:  66% (1284/1944)
2026-10-09T03:11:32.9415444Z Updating files:  67% (1303/1944)
2026-10-09T03:11:32.9472045Z Updating files:  68% (1322/1944)
2026-10-09T03:11:32.9493336Z Updating files:  69% (1342/1944)
2026-10-09T03:11:32.9500584Z Updating files:  70% (1361/1944)
2026-10-09T03:11:32.9517811Z Updating files:  71% (1381/1944)
2026-10-09T03:11:32.9526060Z Updating files:  72% (1400/1944)
2026-10-09T03:11:32.9532240Z Updating files:  73% (1420/1944)
2026-10-09T03:11:32.9539414Z Updating files:  74% (1439/1944)
2026-10-09T03:11:32.9548972Z Updating files:  75% (1458/1944)
2026-10-09T03:11:32.9580667Z Updating files:  76% (1478/1944)
2026-10-09T03:11:32.9589719Z Updating files:  77% (1497/1944)
2026-10-09T03:11:32.9597349Z Updating files:  78% (1517/1944)
2026-10-09T03:11:32.9604232Z Updating files:  79% (1536/1944)
2026-10-09T03:11:32.9611341Z Updating files:  80% (1556/1944)
2026-10-09T03:11:32.9619211Z Updating files:  81% (1575/1944)
2026-10-09T03:11:32.9625300Z Updating files:  82% (1595/1944)
2026-10-09T03:11:32.9632363Z Updating files:  83% (1614/1944)
2026-10-09T03:11:32.9640968Z Updating files:  84% (1633/1944)
2026-10-09T03:11:32.9662897Z Updating files:  85% (1653/1944)
2026-10-09T03:11:32.9669805Z Updating files:  86% (1672/1944)
2026-10-09T03:11:32.9676934Z Updating files:  87% (1692/1944)
2026-10-09T03:11:32.9683026Z Updating files:  88% (1711/1944)
2026-10-09T03:11:32.9689038Z Updating files:  89% (1731/1944)
2026-10-09T03:11:32.9701057Z Updating files:  90% (1750/1944)
2026-10-09T03:11:32.9734425Z Updating files:  91% (1770/1944)
2026-10-09T03:11:32.9779560Z Updating files:  92% (1789/1944)
2026-10-09T03:11:32.9810993Z Updating files:  93% (1808/1944)
2026-10-09T03:11:32.9824410Z Updating files:  94% (1828/1944)
2026-10-09T03:11:33.2729523Z Updating files:  95% (1847/1944)
2026-10-09T03:11:33.2736848Z Updating files:  96% (1867/1944)
2026-10-09T03:11:33.2744683Z Updating files:  97% (1886/1944)
2026-10-09T03:11:33.2753220Z Updating files:  98% (1906/1944)
2026-10-09T03:11:33.2761825Z Updating files:  99% (1925/1944)
2026-10-09T03:11:33.2762249Z Updating files: 100% (1944/1944)
2026-10-09T03:11:33.2762742Z Updating files: 100% (1944/1944), done.
2026-10-09T03:11:33.2990480Z Note: switching to 'cd9c554133769c264e0157c298d0bdc682d87b27'.
2026-10-09T03:11:33.2990826Z 
2026-10-09T03:11:33.2991111Z You are in 'detached HEAD' state. You can look around, make experimental
2026-10-09T03:11:33.2991708Z changes and commit them, and you can discard any commits you make in this
2026-10-09T03:11:33.2992115Z state without impacting any branches by switching back to a branch.
2026-10-09T03:11:33.2992321Z 
2026-10-09T03:11:33.2992658Z If you want to create a new branch to retain commits you create, you may
2026-10-09T03:11:33.2993021Z do so (now or later) by using -c with the switch command. Example:
2026-10-09T03:11:33.2993216Z 
2026-10-09T03:11:33.2993305Z   git switch -c <new-branch-name>
2026-10-09T03:11:33.2993445Z 
2026-10-09T03:11:33.2993526Z Or undo this operation with:
2026-10-09T03:11:33.2993658Z 
2026-10-09T03:11:33.2993729Z   git switch -
2026-10-09T03:11:33.2993832Z 
2026-10-09T03:11:33.2994001Z Turn off this advice by setting config variable advice.detachedHead to false
2026-10-09T03:11:33.2994225Z 
2026-10-09T03:11:33.2994446Z HEAD is now at cd9c554 G10 archive bounded delivery controller and recover duplicate installer
2026-10-09T03:11:33.3114933Z ##[endgroup]
2026-10-09T03:11:33.3159713Z [command]/usr/bin/git log -1 --format=%H
2026-10-09T03:11:33.3184436Z cd9c554133769c264e0157c298d0bdc682d87b27
2026-10-09T03:11:33.3615308Z ##[group]Run actions/setup-node@v4
2026-10-09T03:11:33.3615548Z with:
2026-10-09T03:11:33.3615721Z   node-version: 22.16.0
2026-10-09T03:11:33.3615900Z   cache: npm
2026-10-09T03:11:33.3616135Z   cache-dependency-path: jobs/G10-checkers/package-lock.json
2026-10-09T03:11:33.3616408Z   always-auth: false
2026-10-09T03:11:33.3616589Z   check-latest: false
2026-10-09T03:11:33.3618949Z   token: ***
2026-10-09T03:11:33.3619113Z env:
2026-10-09T03:11:33.3619318Z   G10_SOURCE_COMMIT: cd9c554133769c264e0157c298d0bdc682d87b27
2026-10-09T03:11:33.3619576Z ##[endgroup]
2026-10-09T03:11:33.4868544Z Attempting to download 22.16.0...
2026-10-09T03:11:33.4950931Z (node:2087) [DEP0040] DeprecationWarning: The `punycode` module is deprecated. Please use a userland alternative instead.
2026-10-09T03:11:33.4951834Z (Use `node --trace-deprecation ...` to show where the warning was created)
2026-10-09T03:11:34.1190686Z Acquiring 22.16.0 - x64 from https://github.com/actions/node-versions/releases/download/22.16.0-15177438473/node-22.16.0-linux-x64.tar.gz
2026-10-09T03:11:34.5529409Z Extracting ...
2026-10-09T03:11:34.5625973Z [command]/usr/bin/tar xz --strip 1 --warning=no-unknown-keyword --overwrite -C /home/runner/work/_temp/dee5c1fd-90df-4bbe-be1b-3b6836c5f0be -f /home/runner/work/_temp/20e7376a-0021-424c-96d2-8d481b02e4a9
2026-10-09T03:11:35.5711892Z Adding to the cache ...
2026-10-09T03:11:39.5484668Z ##[group]Environment details
2026-10-09T03:11:39.7238929Z node: v22.16.0
2026-10-09T03:11:39.7239252Z npm: 10.9.2
2026-10-09T03:11:39.7239488Z yarn: 1.22.22
2026-10-09T03:11:39.7240081Z ##[endgroup]
2026-10-09T03:11:39.7254841Z [command]/opt/hostedtoolcache/node/22.16.0/x64/bin/npm config get cache
2026-10-09T03:11:39.7972029Z /home/runner/.npm
2026-10-09T03:11:39.9419458Z Cache hit for: node-cache-Linux-x64-npm-b79e3f2344d4218dbbb2f93f566da8e1ac49738aa1184813b150890d461d0c8a
2026-10-09T03:11:39.9519612Z (node:2087) [DEP0169] DeprecationWarning: `url.parse()` behavior is not standardized and prone to errors that have security implications. Use the WHATWG URL API instead. CVEs are not issued for `url.parse()` vulnerabilities.
2026-10-09T03:11:40.5814817Z Received 12676330 of 12676330 (100.0%), 22.6 MBs/sec
2026-10-09T03:11:40.5815281Z Cache Size: ~12 MB (12676330 B)
2026-10-09T03:11:40.5835970Z [command]/usr/bin/tar -xf /home/runner/work/_temp/4700d9d8-30b2-4892-b555-bf3e7baadd1d/cache.tzst -P -C /home/runner/work/partybox-game-cores/partybox-game-cores --use-compress-program unzstd
2026-10-09T03:11:40.6021285Z Cache restored successfully
2026-10-09T03:11:40.6029263Z Cache restored from key: node-cache-Linux-x64-npm-b79e3f2344d4218dbbb2f93f566da8e1ac49738aa1184813b150890d461d0c8a
2026-10-09T03:11:40.6208254Z ##[group]Run npm ci --ignore-scripts --no-audit --no-fund
2026-10-09T03:11:40.6208953Z [36;1mnpm ci --ignore-scripts --no-audit --no-fund[0m
2026-10-09T03:11:40.6402918Z shell: /usr/bin/bash -e {0}
2026-10-09T03:11:40.6403156Z env:
2026-10-09T03:11:40.6403383Z   G10_SOURCE_COMMIT: cd9c554133769c264e0157c298d0bdc682d87b27
2026-10-09T03:11:40.6403666Z ##[endgroup]
2026-10-09T03:11:41.3268580Z 
2026-10-09T03:11:41.3273735Z added 6 packages in 641ms
2026-10-09T03:11:41.3649986Z ##[group]Run if [ -f /etc/apt/apt-mirrors.txt ]; then
2026-10-09T03:11:41.3650338Z [36;1mif [ -f /etc/apt/apt-mirrors.txt ]; then[0m
2026-10-09T03:11:41.3650841Z [36;1m  sudo sed -i 's#http://azure.archive.ubuntu.com/ubuntu#https://archive.ubuntu.com/ubuntu#g' /etc/apt/apt-mirrors.txt[0m
2026-10-09T03:11:41.3651281Z [36;1mfi[0m
2026-10-09T03:11:41.3709562Z shell: /usr/bin/bash -e {0}
2026-10-09T03:11:41.3709774Z env:
2026-10-09T03:11:41.3710008Z   G10_SOURCE_COMMIT: cd9c554133769c264e0157c298d0bdc682d87b27
2026-10-09T03:11:41.3710283Z ##[endgroup]
2026-10-09T03:11:41.3881720Z ##[group]Run sudo apt-get update
2026-10-09T03:11:41.3881965Z [36;1msudo apt-get update[0m
2026-10-09T03:11:41.3882192Z [36;1msudo apt-get install -y ffmpeg[0m
2026-10-09T03:11:41.3882426Z [36;1mffprobe -version[0m
2026-10-09T03:11:41.3882635Z [36;1mffmpeg -version[0m
2026-10-09T03:11:41.3933926Z shell: /usr/bin/bash -e {0}
2026-10-09T03:11:41.3934145Z env:
2026-10-09T03:11:41.3934371Z   G10_SOURCE_COMMIT: cd9c554133769c264e0157c298d0bdc682d87b27
2026-10-09T03:11:41.3934645Z ##[endgroup]
2026-10-09T03:11:41.4620680Z Get:1 file:/etc/apt/apt-mirrors.txt Mirrorlist [139 B]
2026-10-09T03:11:41.4885907Z Get:6 https://packages.microsoft.com/ubuntu/24.04/prod noble InRelease [3600 B]
2026-10-09T03:11:41.5552112Z Get:7 https://packages.microsoft.com/ubuntu/24.04/prod noble/main arm64 Packages [475 kB]
2026-10-09T03:11:41.5690463Z Get:8 https://packages.microsoft.com/ubuntu/24.04/prod noble/main armhf Packages [12.3 kB]
2026-10-09T03:11:41.5722898Z Get:9 https://packages.microsoft.com/ubuntu/24.04/prod noble/main all Packages [640 B]
2026-10-09T03:11:41.5760553Z Get:10 https://packages.microsoft.com/ubuntu/24.04/prod noble/main amd64 Packages [531 kB]
2026-10-09T03:11:41.8065581Z Hit:2 https://archive.ubuntu.com/ubuntu noble InRelease
2026-10-09T03:11:41.8349942Z Get:3 https://archive.ubuntu.com/ubuntu noble-updates InRelease [126 kB]
2026-10-09T03:11:41.9340718Z Get:4 https://archive.ubuntu.com/ubuntu noble-backports InRelease [126 kB]
2026-10-09T03:11:41.9900628Z Get:5 https://archive.ubuntu.com/ubuntu noble-security InRelease [126 kB]
2026-10-09T03:11:42.3184466Z Get:11 https://archive.ubuntu.com/ubuntu noble-updates/main amd64 Packages [1375 kB]
2026-10-09T03:11:42.4797961Z Get:12 https://archive.ubuntu.com/ubuntu noble-updates/main Translation-en [306 kB]
2026-10-09T03:11:42.5187438Z Get:13 https://archive.ubuntu.com/ubuntu noble-updates/universe amd64 Packages [1702 kB]
2026-10-09T03:11:42.5861255Z Get:14 https://archive.ubuntu.com/ubuntu noble-updates/universe Translation-en [342 kB]
2026-10-09T03:11:42.6593294Z Get:15 https://archive.ubuntu.com/ubuntu noble-updates/restricted amd64 Packages [1761 kB]
2026-10-09T03:11:42.8032790Z Get:16 https://archive.ubuntu.com/ubuntu noble-updates/restricted Translation-en [401 kB]
2026-10-09T03:11:42.9162976Z Get:17 https://archive.ubuntu.com/ubuntu noble-updates/multiverse amd64 Packages [55.0 kB]
2026-10-09T03:11:43.0312206Z Get:18 https://archive.ubuntu.com/ubuntu noble-updates/multiverse Translation-en [14.3 kB]
2026-10-09T03:11:43.1752888Z Get:19 https://archive.ubuntu.com/ubuntu noble-security/main amd64 Packages [1118 kB]
2026-10-09T03:11:43.2339299Z Get:20 https://archive.ubuntu.com/ubuntu noble-security/main Translation-en [228 kB]
2026-10-09T03:11:43.4191792Z Get:21 https://archive.ubuntu.com/ubuntu noble-security/universe amd64 Packages [1220 kB]
2026-10-09T03:11:43.4741077Z Get:22 https://archive.ubuntu.com/ubuntu noble-security/universe Translation-en [245 kB]
2026-10-09T03:11:43.5970413Z Get:23 https://archive.ubuntu.com/ubuntu noble-security/restricted amd64 Packages [1667 kB]
2026-10-09T03:11:43.7307297Z Get:24 https://archive.ubuntu.com/ubuntu noble-security/restricted Translation-en [383 kB]
2026-10-09T03:11:43.9329813Z Get:25 https://archive.ubuntu.com/ubuntu noble-security/multiverse amd64 Packages [49.8 kB]
2026-10-09T03:11:43.9647223Z Get:26 https://archive.ubuntu.com/ubuntu noble-security/multiverse Translation-en [12.4 kB]
2026-10-09T03:11:51.3611621Z Fetched 12.3 MB in 3s (4695 kB/s)
2026-10-09T03:11:51.9995109Z Reading package lists...
2026-10-09T03:11:52.0252828Z Reading package lists...
2026-10-09T03:11:52.1857404Z Building dependency tree...
2026-10-09T03:11:52.1863469Z Reading state information...
2026-10-09T03:11:52.3185776Z The following additional packages will be installed:
2026-10-09T03:11:52.3186486Z   i965-va-driver intel-media-va-driver libaacs0 libass9 libasyncns0
2026-10-09T03:11:52.3187181Z   libavc1394-0 libavcodec60 libavdevice60 libavfilter9 libavformat60
2026-10-09T03:11:52.3188591Z   libavutil58 libbdplus0 libblas3 libbluray2 libbs2b0 libcaca0
2026-10-09T03:11:52.3189285Z   libcdio-cdda2t64 libcdio-paranoia2t64 libcdio19t64 libchromaprint1 libcjson1
2026-10-09T03:11:52.3190014Z   libcodec2-1.2 libdav1d7 libdc1394-25 libdecor-0-0 libdecor-0-plugin-1-gtk
2026-10-09T03:11:52.3190742Z   libflac12t64 libflite1 libgme0 libgsm1 libhwy1t64 libiec61883-0 libigdgmm12
2026-10-09T03:11:52.3191472Z   libjack-jackd2-0 libjxl0.7 liblapack3 liblilv-0-0 libmbedcrypto7t64
2026-10-09T03:11:52.3192115Z   libmp3lame0 libmpg123-0t64 libmysofa1 libopenal-data libopenal1
2026-10-09T03:11:52.3192775Z   libopenmpt0t64 libopus0 libplacebo338 libpocketsphinx3 libpostproc57
2026-10-09T03:11:52.3193447Z   libpulse0 librav1e0 libraw1394-11 librist4 librsvg2-2 librsvg2-common
2026-10-09T03:11:52.3194187Z   librubberband2 libsamplerate0 libsdl2-2.0-0 libserd-0-0 libshine3
2026-10-09T03:11:52.3194889Z   libsndfile1 libsndio7.0 libsord-0-0 libsoxr0 libspeex1 libsphinxbase3t64
2026-10-09T03:11:52.3195602Z   libsratom-0-0 libsrt1.5-gnutls libssh-gcrypt-4 libsvtav1enc1d1
2026-10-09T03:11:52.3196296Z   libswresample4 libswscale7 libtheora0 libtwolame0 libudfread0 libunibreak5
2026-10-09T03:11:52.3197024Z   libva-drm2 libva-x11-2 libva2 libvdpau1 libvidstab1.1 libvorbisenc2 libvpl2
2026-10-09T03:11:52.3197890Z   libvpx9 libx264-164 libx265-199 libxcb-shape0 libxv1 libxvidcore4 libzimg2
2026-10-09T03:11:52.3198556Z   libzix-0-0 libzvbi-common libzvbi0t64 mesa-va-drivers mesa-vdpau-drivers
2026-10-09T03:11:52.3199029Z   ocl-icd-libopencl1 pocketsphinx-en-us va-driver-all vdpau-driver-all
2026-10-09T03:11:52.3199360Z Suggested packages:
2026-10-09T03:11:52.3199693Z   ffmpeg-doc i965-va-driver-shaders libcuda1 libnvcuvid1 libnvidia-encode1
2026-10-09T03:11:52.3200278Z   libbluray-bdj jackd2 libportaudio2 opus-tools pulseaudio libraw1394-doc
2026-10-09T03:11:52.3200697Z   librsvg2-bin serdi sndiod sordi speex opencl-icd libvdpau-va-gl1
2026-10-09T03:11:52.3574124Z The following NEW packages will be installed:
2026-10-09T03:11:52.3574859Z   ffmpeg i965-va-driver intel-media-va-driver libaacs0 libass9 libasyncns0
2026-10-09T03:11:52.3575530Z   libavc1394-0 libavcodec60 libavdevice60 libavfilter9 libavformat60
2026-10-09T03:11:52.3575928Z   libavutil58 libbdplus0 libblas3 libbluray2 libbs2b0 libcaca0
2026-10-09T03:11:52.3576372Z   libcdio-cdda2t64 libcdio-paranoia2t64 libcdio19t64 libchromaprint1 libcjson1
2026-10-09T03:11:52.3576983Z   libcodec2-1.2 libdav1d7 libdc1394-25 libdecor-0-0 libdecor-0-plugin-1-gtk
2026-10-09T03:11:52.3577583Z   libflac12t64 libflite1 libgme0 libgsm1 libhwy1t64 libiec61883-0 libigdgmm12
2026-10-09T03:11:52.3578004Z   libjack-jackd2-0 libjxl0.7 liblapack3 liblilv-0-0 libmbedcrypto7t64
2026-10-09T03:11:52.3578707Z   libmp3lame0 libmpg123-0t64 libmysofa1 libopenal-data libopenal1
2026-10-09T03:11:52.3579115Z   libopenmpt0t64 libopus0 libplacebo338 libpocketsphinx3 libpostproc57
2026-10-09T03:11:52.3579529Z   libpulse0 librav1e0 libraw1394-11 librist4 librsvg2-2 librsvg2-common
2026-10-09T03:11:52.3580036Z   librubberband2 libsamplerate0 libsdl2-2.0-0 libserd-0-0 libshine3
2026-10-09T03:11:52.3580475Z   libsndfile1 libsndio7.0 libsord-0-0 libsoxr0 libspeex1 libsphinxbase3t64
2026-10-09T03:11:52.3580934Z   libsratom-0-0 libsrt1.5-gnutls libssh-gcrypt-4 libsvtav1enc1d1
2026-10-09T03:11:52.3581351Z   libswresample4 libswscale7 libtheora0 libtwolame0 libudfread0 libunibreak5
2026-10-09T03:11:52.3581795Z   libva-drm2 libva-x11-2 libva2 libvdpau1 libvidstab1.1 libvorbisenc2 libvpl2
2026-10-09T03:11:52.3582215Z   libvpx9 libx264-164 libx265-199 libxcb-shape0 libxv1 libxvidcore4 libzimg2
2026-10-09T03:11:52.3582633Z   libzix-0-0 libzvbi-common libzvbi0t64 mesa-va-drivers mesa-vdpau-drivers
2026-10-09T03:11:52.3583057Z   ocl-icd-libopencl1 pocketsphinx-en-us va-driver-all vdpau-driver-all
2026-10-09T03:11:52.3752581Z 0 upgraded, 99 newly installed, 0 to remove and 23 not upgraded.
2026-10-09T03:11:52.3753161Z Need to get 94.1 MB of archives.
2026-10-09T03:11:52.3753727Z After this operation, 227 MB of additional disk space will be used.
2026-10-09T03:11:52.3754674Z Get:1 file:/etc/apt/apt-mirrors.txt Mirrorlist [139 B]
2026-10-09T03:11:52.9807562Z Get:2 https://archive.ubuntu.com/ubuntu noble-updates/universe amd64 libva2 amd64 2.20.0-2ubuntu0.2 [66.4 kB]
2026-10-09T03:11:53.3290712Z Get:3 https://archive.ubuntu.com/ubuntu noble-updates/universe amd64 libva-drm2 amd64 2.20.0-2ubuntu0.2 [7124 B]
2026-10-09T03:11:53.4455405Z Get:4 https://archive.ubuntu.com/ubuntu noble-updates/universe amd64 libva-x11-2 amd64 2.20.0-2ubuntu0.2 [12.0 kB]
2026-10-09T03:11:53.5672716Z Get:5 https://archive.ubuntu.com/ubuntu noble/main amd64 libvdpau1 amd64 1.5-2build1 [27.8 kB]
2026-10-09T03:11:53.7024076Z Get:6 https://archive.ubuntu.com/ubuntu noble/universe amd64 libvpl2 amd64 2023.3.0-1build1 [99.8 kB]
2026-10-09T03:11:53.9330457Z Get:7 https://archive.ubuntu.com/ubuntu noble/universe amd64 ocl-icd-libopencl1 amd64 2.3.2-1build1 [38.5 kB]
2026-10-09T03:11:54.0609649Z Get:8 https://archive.ubuntu.com/ubuntu noble/universe amd64 libavutil58 amd64 7:6.1.1-3ubuntu5 [401 kB]
2026-10-09T03:11:54.4033499Z Get:9 https://archive.ubuntu.com/ubuntu noble/universe amd64 libcodec2-1.2 amd64 1.2.0-2build1 [8998 kB]
2026-10-09T03:11:55.3208656Z Get:10 https://archive.ubuntu.com/ubuntu noble/universe amd64 libdav1d7 amd64 1.4.1-1build1 [604 kB]
2026-10-09T03:11:55.4410513Z Get:11 https://archive.ubuntu.com/ubuntu noble/universe amd64 libgsm1 amd64 1.0.22-1build1 [27.8 kB]
2026-10-09T03:11:55.5539054Z Get:12 https://archive.ubuntu.com/ubuntu noble/universe amd64 libhwy1t64 amd64 1.0.7-8.1build1 [584 kB]
2026-10-09T03:11:55.6736073Z Get:13 https://archive.ubuntu.com/ubuntu noble-updates/universe amd64 libjxl0.7 amd64 0.7.0-10.2ubuntu6.1 [1001 kB]
2026-10-09T03:11:55.7995277Z Get:14 https://archive.ubuntu.com/ubuntu noble/main amd64 libmp3lame0 amd64 3.100-6build1 [142 kB]
2026-10-09T03:11:55.9137143Z Get:15 https://archive.ubuntu.com/ubuntu noble/main amd64 libopus0 amd64 1.4-1build1 [208 kB]
2026-10-09T03:11:56.0284502Z Get:16 https://archive.ubuntu.com/ubuntu noble/universe amd64 librav1e0 amd64 0.7.1-2 [1022 kB]
2026-10-09T03:11:56.1541639Z Get:17 https://archive.ubuntu.com/ubuntu noble-updates/main amd64 librsvg2-2 amd64 2.58.0+dfsg-1ubuntu0.1 [2141 kB]
2026-10-09T03:11:56.2940751Z Get:18 https://archive.ubuntu.com/ubuntu noble/universe amd64 libshine3 amd64 3.1.1-2build1 [23.2 kB]
2026-10-09T03:11:56.4069622Z Get:19 https://archive.ubuntu.com/ubuntu noble-updates/main amd64 libspeex1 amd64 1.2.1-2ubuntu2.24.04.1 [59.6 kB]
2026-10-09T03:11:56.5199146Z Get:20 https://archive.ubuntu.com/ubuntu noble/universe amd64 libsvtav1enc1d1 amd64 1.7.0+dfsg-2build1 [2425 kB]
2026-10-09T03:11:56.8161246Z Get:21 https://archive.ubuntu.com/ubuntu noble/universe amd64 libsoxr0 amd64 0.1.3-4build3 [80.0 kB]
2026-10-09T03:11:56.9293861Z Get:22 https://archive.ubuntu.com/ubuntu noble/universe amd64 libswresample4 amd64 7:6.1.1-3ubuntu5 [63.8 kB]
2026-10-09T03:11:57.0423710Z Get:23 https://archive.ubuntu.com/ubuntu noble/main amd64 libtheora0 amd64 1.1.1+dfsg.1-16.1build3 [211 kB]
2026-10-09T03:11:57.1574497Z Get:24 https://archive.ubuntu.com/ubuntu noble/main amd64 libtwolame0 amd64 0.4.0-2build3 [52.3 kB]
2026-10-09T03:11:57.2703785Z Get:25 https://archive.ubuntu.com/ubuntu noble/main amd64 libvorbisenc2 amd64 1.3.7-1build3 [80.8 kB]
2026-10-09T03:11:57.3835480Z Get:26 https://archive.ubuntu.com/ubuntu noble-updates/main amd64 libvpx9 amd64 1.14.0-1ubuntu2.3 [1143 kB]
2026-10-09T03:11:57.5105391Z Get:27 https://archive.ubuntu.com/ubuntu noble/universe amd64 libx264-164 amd64 2:0.164.3108+git31e19f9-1 [604 kB]
2026-10-09T03:11:57.6305964Z Get:28 https://archive.ubuntu.com/ubuntu noble/universe amd64 libx265-199 amd64 3.5-2build1 [1226 kB]
2026-10-09T03:11:57.7589183Z Get:29 https://archive.ubuntu.com/ubuntu noble/universe amd64 libxvidcore4 amd64 2:1.3.7-1build1 [219 kB]
2026-10-09T03:11:57.8740218Z Get:30 https://archive.ubuntu.com/ubuntu noble/universe amd64 libzvbi-common all 0.2.42-2 [42.4 kB]
2026-10-09T03:11:57.9867563Z Get:31 https://archive.ubuntu.com/ubuntu noble/universe amd64 libzvbi0t64 amd64 0.2.42-2 [261 kB]
2026-10-09T03:11:58.1021636Z Get:32 https://archive.ubuntu.com/ubuntu noble/universe amd64 libavcodec60 amd64 7:6.1.1-3ubuntu5 [5851 kB]
2026-10-09T03:11:58.2909473Z Get:33 https://archive.ubuntu.com/ubuntu noble/main amd64 libraw1394-11 amd64 2.1.2-2build3 [26.2 kB]
2026-10-09T03:11:58.4038749Z Get:34 https://archive.ubuntu.com/ubuntu noble/main amd64 libavc1394-0 amd64 0.5.4-5build3 [15.4 kB]
2026-10-09T03:11:58.5166791Z Get:35 https://archive.ubuntu.com/ubuntu noble/universe amd64 libunibreak5 amd64 5.1-2build1 [25.0 kB]
2026-10-09T03:11:58.6295158Z Get:36 https://archive.ubuntu.com/ubuntu noble/universe amd64 libass9 amd64 1:0.17.1-2build1 [104 kB]
2026-10-09T03:11:58.7427390Z Get:37 https://archive.ubuntu.com/ubuntu noble/universe amd64 libudfread0 amd64 1.1.2-1build1 [19.0 kB]
2026-10-09T03:11:58.8557727Z Get:38 https://archive.ubuntu.com/ubuntu noble/universe amd64 libbluray2 amd64 1:1.3.4-1build1 [159 kB]
2026-10-09T03:11:58.9697873Z Get:39 https://archive.ubuntu.com/ubuntu noble/universe amd64 libchromaprint1 amd64 1.5.1-5 [30.5 kB]
2026-10-09T03:11:59.2360393Z Get:40 https://archive.ubuntu.com/ubuntu noble/universe amd64 libgme0 amd64 0.6.3-7build1 [134 kB]
2026-10-09T03:11:59.3497198Z Get:41 https://archive.ubuntu.com/ubuntu noble-updates/main amd64 libmpg123-0t64 amd64 1.32.5-1ubuntu1.1 [169 kB]
2026-10-09T03:11:59.4637978Z Get:42 https://archive.ubuntu.com/ubuntu noble/universe amd64 libopenmpt0t64 amd64 0.7.3-1.1build3 [647 kB]
2026-10-09T03:11:59.5832524Z Get:43 https://archive.ubuntu.com/ubuntu noble/universe amd64 libcjson1 amd64 1.7.17-1 [24.8 kB]
2026-10-09T03:11:59.6960321Z Get:44 https://archive.ubuntu.com/ubuntu noble/universe amd64 libmbedcrypto7t64 amd64 2.28.8-1 [209 kB]
2026-10-09T03:11:59.8107758Z Get:45 https://archive.ubuntu.com/ubuntu noble/universe amd64 librist4 amd64 0.2.10+dfsg-2 [74.9 kB]
2026-10-09T03:11:59.9238379Z Get:46 https://archive.ubuntu.com/ubuntu noble/universe amd64 libsrt1.5-gnutls amd64 1.5.3-1build2 [316 kB]
2026-10-09T03:12:00.0395972Z Get:47 https://archive.ubuntu.com/ubuntu noble-updates/main amd64 libssh-gcrypt-4 amd64 0.10.6-2ubuntu0.5 [226 kB]
2026-10-09T03:12:00.1543633Z Get:48 https://archive.ubuntu.com/ubuntu noble/universe amd64 libavformat60 amd64 7:6.1.1-3ubuntu5 [1153 kB]
2026-10-09T03:12:00.2795538Z Get:49 https://archive.ubuntu.com/ubuntu noble/universe amd64 libbs2b0 amd64 3.1.0+dfsg-7build1 [10.6 kB]
2026-10-09T03:12:00.3922888Z Get:50 https://archive.ubuntu.com/ubuntu noble/universe amd64 libflite1 amd64 2.2-6build3 [13.6 MB]
2026-10-09T03:12:00.6578080Z Get:51 https://archive.ubuntu.com/ubuntu noble/universe amd64 libserd-0-0 amd64 0.32.2-1 [43.6 kB]
2026-10-09T03:12:00.7705679Z Get:52 https://archive.ubuntu.com/ubuntu noble/universe amd64 libzix-0-0 amd64 0.4.2-2build1 [23.6 kB]
2026-10-09T03:12:00.8833353Z Get:53 https://archive.ubuntu.com/ubuntu noble/universe amd64 libsord-0-0 amd64 0.16.16-2build1 [15.8 kB]
2026-10-09T03:12:00.9960391Z Get:54 https://archive.ubuntu.com/ubuntu noble/universe amd64 libsratom-0-0 amd64 0.6.16-1build1 [17.3 kB]
2026-10-09T03:12:01.1087173Z Get:55 https://archive.ubuntu.com/ubuntu noble/universe amd64 liblilv-0-0 amd64 0.24.22-1build1 [41.0 kB]
2026-10-09T03:12:01.2216767Z Get:56 https://archive.ubuntu.com/ubuntu noble/universe amd64 libmysofa1 amd64 1.3.2+dfsg-2ubuntu2 [1158 kB]
2026-10-09T03:12:01.3402236Z Get:57 https://archive.ubuntu.com/ubuntu noble/universe amd64 libplacebo338 amd64 6.338.2-2build1 [2654 kB]
2026-10-09T03:12:01.4662567Z Get:58 https://archive.ubuntu.com/ubuntu noble-updates/main amd64 libblas3 amd64 3.12.0-3build1.1 [238 kB]
2026-10-09T03:12:01.5801021Z Get:59 https://archive.ubuntu.com/ubuntu noble-updates/main amd64 liblapack3 amd64 3.12.0-3build1.1 [2646 kB]
2026-10-09T03:12:01.8590110Z Get:60 https://archive.ubuntu.com/ubuntu noble/main amd64 libasyncns0 amd64 0.8-6build4 [11.3 kB]
2026-10-09T03:12:01.9716741Z Get:61 https://archive.ubuntu.com/ubuntu noble/main amd64 libflac12t64 amd64 1.4.3+ds-2.1ubuntu2 [197 kB]
2026-10-09T03:12:02.0853966Z Get:62 https://archive.ubuntu.com/ubuntu noble-updates/main amd64 libsndfile1 amd64 1.2.2-1ubuntu5.24.04.1 [209 kB]
2026-10-09T03:12:02.1990302Z Get:63 https://archive.ubuntu.com/ubuntu noble-updates/main amd64 libpulse0 amd64 1:16.1+dfsg1-2ubuntu10.1 [292 kB]
2026-10-09T03:12:02.3133558Z Get:64 https://archive.ubuntu.com/ubuntu noble/universe amd64 libsphinxbase3t64 amd64 0.8+5prealpha+1-17build2 [126 kB]
2026-10-09T03:12:02.4267370Z Get:65 https://archive.ubuntu.com/ubuntu noble/universe amd64 libpocketsphinx3 amd64 0.8.0+real5prealpha+1-15ubuntu5 [133 kB]
2026-10-09T03:12:02.5400157Z Get:66 https://archive.ubuntu.com/ubuntu noble/universe amd64 libpostproc57 amd64 7:6.1.1-3ubuntu5 [49.9 kB]
2026-10-09T03:12:02.6527556Z Get:67 https://archive.ubuntu.com/ubuntu noble/main amd64 libsamplerate0 amd64 0.2.2-4build1 [1344 kB]
2026-10-09T03:12:02.7723069Z Get:68 https://archive.ubuntu.com/ubuntu noble/universe amd64 librubberband2 amd64 3.3.0+dfsg-2build1 [130 kB]
2026-10-09T03:12:02.8858946Z Get:69 https://archive.ubuntu.com/ubuntu noble/universe amd64 libswscale7 amd64 7:6.1.1-3ubuntu5 [193 kB]
2026-10-09T03:12:02.9993989Z Get:70 https://archive.ubuntu.com/ubuntu noble/universe amd64 libvidstab1.1 amd64 1.1.0-2build1 [38.5 kB]
2026-10-09T03:12:03.1122668Z Get:71 https://archive.ubuntu.com/ubuntu noble/universe amd64 libzimg2 amd64 3.0.5+ds1-1build1 [254 kB]
2026-10-09T03:12:03.2261622Z Get:72 https://archive.ubuntu.com/ubuntu noble/universe amd64 libavfilter9 amd64 7:6.1.1-3ubuntu5 [4235 kB]
2026-10-09T03:12:03.7259703Z Get:73 https://archive.ubuntu.com/ubuntu noble-updates/main amd64 libcaca0 amd64 0.99.beta20-4ubuntu0.2 [209 kB]
2026-10-09T03:12:04.1847878Z Get:74 https://archive.ubuntu.com/ubuntu noble-updates/main amd64 libcdio19t64 amd64 2.1.0-4.1ubuntu1.2 [62.4 kB]
2026-10-09T03:12:04.2990517Z Get:75 https://archive.ubuntu.com/ubuntu noble/main amd64 libcdio-cdda2t64 amd64 10.2+2.0.1-1.1build2 [16.5 kB]
2026-10-09T03:12:04.3969778Z Get:76 https://archive.ubuntu.com/ubuntu noble/main amd64 libcdio-paranoia2t64 amd64 10.2+2.0.1-1.1build2 [16.6 kB]
2026-10-09T03:12:04.4949103Z Get:77 https://archive.ubuntu.com/ubuntu noble/universe amd64 libdc1394-25 amd64 2.2.6-4build1 [90.1 kB]
2026-10-09T03:12:04.6202252Z Get:78 https://archive.ubuntu.com/ubuntu noble/main amd64 libiec61883-0 amd64 1.2.0-6build1 [24.5 kB]
2026-10-09T03:12:04.7213438Z Get:79 https://archive.ubuntu.com/ubuntu noble/main amd64 libjack-jackd2-0 amd64 1.9.21~dfsg-3ubuntu3 [289 kB]
2026-10-09T03:12:04.9483413Z Get:80 https://archive.ubuntu.com/ubuntu noble/universe amd64 libopenal-data all 1:1.23.1-4build1 [161 kB]
2026-10-09T03:12:05.0708219Z Get:81 https://archive.ubuntu.com/ubuntu noble/universe amd64 libsndio7.0 amd64 1.9.0-0.3build3 [29.6 kB]
2026-10-09T03:12:05.1690467Z Get:82 https://archive.ubuntu.com/ubuntu noble/universe amd64 libopenal1 amd64 1:1.23.1-4build1 [540 kB]
2026-10-09T03:12:05.3911743Z Get:83 https://archive.ubuntu.com/ubuntu noble/main amd64 libdecor-0-0 amd64 0.2.2-1build2 [16.5 kB]
2026-10-09T03:12:05.4883726Z Get:84 https://archive.ubuntu.com/ubuntu noble-updates/main amd64 libsdl2-2.0-0 amd64 2.30.0+dfsg-1ubuntu3.1 [686 kB]
2026-10-09T03:12:05.6442184Z Get:85 https://archive.ubuntu.com/ubuntu noble/main amd64 libxcb-shape0 amd64 1.15-1ubuntu2 [6100 B]
2026-10-09T03:12:05.7374709Z Get:86 https://archive.ubuntu.com/ubuntu noble/main amd64 libxv1 amd64 2:1.0.11-1.1build1 [10.7 kB]
2026-10-09T03:12:05.8312617Z Get:87 https://archive.ubuntu.com/ubuntu noble/universe amd64 libavdevice60 amd64 7:6.1.1-3ubuntu5 [82.3 kB]
2026-10-09T03:12:05.9302191Z Get:88 https://archive.ubuntu.com/ubuntu noble/universe amd64 ffmpeg amd64 7:6.1.1-3ubuntu5 [1879 kB]
2026-10-09T03:12:06.1916826Z Get:89 https://archive.ubuntu.com/ubuntu noble-updates/universe amd64 libigdgmm12 amd64 22.3.17+ds1-1ubuntu1 [145 kB]
2026-10-09T03:12:06.2888951Z Get:90 https://archive.ubuntu.com/ubuntu noble-updates/universe amd64 intel-media-va-driver amd64 24.1.0+dfsg1-1ubuntu0.2 [3163 kB]
2026-10-09T03:12:06.6529180Z Get:91 https://archive.ubuntu.com/ubuntu noble/universe amd64 libaacs0 amd64 0.11.1-2build1 [62.9 kB]
2026-10-09T03:12:06.7471027Z Get:92 https://archive.ubuntu.com/ubuntu noble/universe amd64 libbdplus0 amd64 0.2.0-3build1 [52.2 kB]
2026-10-09T03:12:06.8411887Z Get:93 https://archive.ubuntu.com/ubuntu noble/main amd64 libdecor-0-plugin-1-gtk amd64 0.2.2-1build2 [22.2 kB]
2026-10-09T03:12:07.0297926Z Get:94 https://archive.ubuntu.com/ubuntu noble-updates/main amd64 librsvg2-common amd64 2.58.0+dfsg-1ubuntu0.1 [11.8 kB]
2026-10-09T03:12:07.1265286Z Get:95 https://archive.ubuntu.com/ubuntu noble-updates/universe amd64 mesa-va-drivers amd64 25.2.8-0ubuntu0.24.04.4 [6778 B]
2026-10-09T03:12:07.2323653Z Get:96 https://archive.ubuntu.com/ubuntu noble-updates/main amd64 mesa-vdpau-drivers amd64 25.2.8-0ubuntu0.24.04.4 [23.4 kB]
2026-10-09T03:12:07.3367048Z Get:97 https://archive.ubuntu.com/ubuntu noble-updates/universe amd64 i965-va-driver amd64 2.4.1+dfsg1-1ubuntu0.2 [332 kB]
2026-10-09T03:12:07.5106944Z Get:98 https://archive.ubuntu.com/ubuntu noble-updates/universe amd64 va-driver-all amd64 2.20.0-2ubuntu0.2 [5014 B]
2026-10-09T03:12:07.6987562Z Get:99 https://archive.ubuntu.com/ubuntu noble/main amd64 vdpau-driver-all amd64 1.5-2build1 [4414 B]
2026-10-09T03:12:07.7934382Z Get:100 https://archive.ubuntu.com/ubuntu noble/universe amd64 pocketsphinx-en-us all 0.8.0+real5prealpha+1-15ubuntu5 [27.4 MB]
2026-10-09T03:12:08.6613189Z Fetched 94.1 MB in 16s (5889 kB/s)
2026-10-09T03:12:09.1299413Z Selecting previously unselected package libva2:amd64.
2026-10-09T03:12:09.1506889Z (Reading database ... 
2026-10-09T03:12:09.1507184Z (Reading database ... 5%
2026-10-09T03:12:09.1507673Z (Reading database ... 10%
2026-10-09T03:12:09.1508204Z (Reading database ... 15%
2026-10-09T03:12:09.1508689Z (Reading database ... 20%
2026-10-09T03:12:09.1508988Z (Reading database ... 25%
2026-10-09T03:12:09.1509239Z (Reading database ... 30%
2026-10-09T03:12:09.1509439Z (Reading database ... 35%
2026-10-09T03:12:09.1509648Z (Reading database ... 40%
2026-10-09T03:12:09.1509857Z (Reading database ... 45%
2026-10-09T03:12:09.1510078Z (Reading database ... 50%
2026-10-09T03:12:09.1590874Z (Reading database ... 55%
2026-10-09T03:12:09.2365665Z (Reading database ... 60%
2026-10-09T03:12:09.4714974Z (Reading database ... 65%
2026-10-09T03:12:09.6328971Z (Reading database ... 70%
2026-10-09T03:12:09.8923303Z (Reading database ... 75%
2026-10-09T03:12:09.9832028Z (Reading database ... 80%
2026-10-09T03:12:10.1223183Z (Reading database ... 85%
2026-10-09T03:12:10.2402097Z (Reading database ... 90%
2026-10-09T03:12:10.3851653Z (Reading database ... 95%
2026-10-09T03:12:10.3852055Z (Reading database ... 100%
2026-10-09T03:12:10.3852613Z (Reading database ... 203191 files and directories currently installed.)
2026-10-09T03:12:10.3890943Z Preparing to unpack .../00-libva2_2.20.0-2ubuntu0.2_amd64.deb ...
2026-10-09T03:12:10.3978212Z Unpacking libva2:amd64 (2.20.0-2ubuntu0.2) ...
2026-10-09T03:12:10.4153252Z Selecting previously unselected package libva-drm2:amd64.
2026-10-09T03:12:10.4258186Z Preparing to unpack .../01-libva-drm2_2.20.0-2ubuntu0.2_amd64.deb ...
2026-10-09T03:12:10.4263300Z Unpacking libva-drm2:amd64 (2.20.0-2ubuntu0.2) ...
2026-10-09T03:12:10.4419360Z Selecting previously unselected package libva-x11-2:amd64.
2026-10-09T03:12:10.4521474Z Preparing to unpack .../02-libva-x11-2_2.20.0-2ubuntu0.2_amd64.deb ...
2026-10-09T03:12:10.4527099Z Unpacking libva-x11-2:amd64 (2.20.0-2ubuntu0.2) ...
2026-10-09T03:12:10.4881086Z Selecting previously unselected package libvdpau1:amd64.
2026-10-09T03:12:10.4987234Z Preparing to unpack .../03-libvdpau1_1.5-2build1_amd64.deb ...
2026-10-09T03:12:10.4993239Z Unpacking libvdpau1:amd64 (1.5-2build1) ...
2026-10-09T03:12:10.5158007Z Selecting previously unselected package libvpl2.
2026-10-09T03:12:10.5260100Z Preparing to unpack .../04-libvpl2_2023.3.0-1build1_amd64.deb ...
2026-10-09T03:12:10.5266285Z Unpacking libvpl2 (2023.3.0-1build1) ...
2026-10-09T03:12:10.5435181Z Selecting previously unselected package ocl-icd-libopencl1:amd64.
2026-10-09T03:12:10.5537647Z Preparing to unpack .../05-ocl-icd-libopencl1_2.3.2-1build1_amd64.deb ...
2026-10-09T03:12:10.5543109Z Unpacking ocl-icd-libopencl1:amd64 (2.3.2-1build1) ...
2026-10-09T03:12:10.5939747Z Selecting previously unselected package libavutil58:amd64.
2026-10-09T03:12:10.6047729Z Preparing to unpack .../06-libavutil58_7%3a6.1.1-3ubuntu5_amd64.deb ...
2026-10-09T03:12:10.6053225Z Unpacking libavutil58:amd64 (7:6.1.1-3ubuntu5) ...
2026-10-09T03:12:10.6302550Z Selecting previously unselected package libcodec2-1.2:amd64.
2026-10-09T03:12:10.6404734Z Preparing to unpack .../07-libcodec2-1.2_1.2.0-2build1_amd64.deb ...
2026-10-09T03:12:10.6410288Z Unpacking libcodec2-1.2:amd64 (1.2.0-2build1) ...
2026-10-09T03:12:10.8325099Z Selecting previously unselected package libdav1d7:amd64.
2026-10-09T03:12:10.8434530Z Preparing to unpack .../08-libdav1d7_1.4.1-1build1_amd64.deb ...
2026-10-09T03:12:10.8439738Z Unpacking libdav1d7:amd64 (1.4.1-1build1) ...
2026-10-09T03:12:10.8828027Z Selecting previously unselected package libgsm1:amd64.
2026-10-09T03:12:10.8936039Z Preparing to unpack .../09-libgsm1_1.0.22-1build1_amd64.deb ...
2026-10-09T03:12:10.8941949Z Unpacking libgsm1:amd64 (1.0.22-1build1) ...
2026-10-09T03:12:10.9104823Z Selecting previously unselected package libhwy1t64:amd64.
2026-10-09T03:12:10.9210614Z Preparing to unpack .../10-libhwy1t64_1.0.7-8.1build1_amd64.deb ...
2026-10-09T03:12:10.9216286Z Unpacking libhwy1t64:amd64 (1.0.7-8.1build1) ...
2026-10-09T03:12:10.9618124Z Selecting previously unselected package libjxl0.7:amd64.
2026-10-09T03:12:10.9726785Z Preparing to unpack .../11-libjxl0.7_0.7.0-10.2ubuntu6.1_amd64.deb ...
2026-10-09T03:12:10.9733084Z Unpacking libjxl0.7:amd64 (0.7.0-10.2ubuntu6.1) ...
2026-10-09T03:12:11.0384905Z Selecting previously unselected package libmp3lame0:amd64.
2026-10-09T03:12:11.0494597Z Preparing to unpack .../12-libmp3lame0_3.100-6build1_amd64.deb ...
2026-10-09T03:12:11.0500180Z Unpacking libmp3lame0:amd64 (3.100-6build1) ...
2026-10-09T03:12:11.0684372Z Selecting previously unselected package libopus0:amd64.
2026-10-09T03:12:11.0793180Z Preparing to unpack .../13-libopus0_1.4-1build1_amd64.deb ...
2026-10-09T03:12:11.0798046Z Unpacking libopus0:amd64 (1.4-1build1) ...
2026-10-09T03:12:11.0984551Z Selecting previously unselected package librav1e0:amd64.
2026-10-09T03:12:11.1091022Z Preparing to unpack .../14-librav1e0_0.7.1-2_amd64.deb ...
2026-10-09T03:12:11.1096251Z Unpacking librav1e0:amd64 (0.7.1-2) ...
2026-10-09T03:12:11.1495529Z Selecting previously unselected package librsvg2-2:amd64.
2026-10-09T03:12:11.1603567Z Preparing to unpack .../15-librsvg2-2_2.58.0+dfsg-1ubuntu0.1_amd64.deb ...
2026-10-09T03:12:11.1608992Z Unpacking librsvg2-2:amd64 (2.58.0+dfsg-1ubuntu0.1) ...
2026-10-09T03:12:11.2637435Z Selecting previously unselected package libshine3:amd64.
2026-10-09T03:12:11.2749102Z Preparing to unpack .../16-libshine3_3.1.1-2build1_amd64.deb ...
2026-10-09T03:12:11.2754974Z Unpacking libshine3:amd64 (3.1.1-2build1) ...
2026-10-09T03:12:11.2922391Z Selecting previously unselected package libspeex1:amd64.
2026-10-09T03:12:11.3026073Z Preparing to unpack .../17-libspeex1_1.2.1-2ubuntu2.24.04.1_amd64.deb ...
2026-10-09T03:12:11.3031830Z Unpacking libspeex1:amd64 (1.2.1-2ubuntu2.24.04.1) ...
2026-10-09T03:12:11.3192423Z Selecting previously unselected package libsvtav1enc1d1:amd64.
2026-10-09T03:12:11.3306660Z Preparing to unpack .../18-libsvtav1enc1d1_1.7.0+dfsg-2build1_amd64.deb ...
2026-10-09T03:12:11.3312419Z Unpacking libsvtav1enc1d1:amd64 (1.7.0+dfsg-2build1) ...
2026-10-09T03:12:11.4011280Z Selecting previously unselected package libsoxr0:amd64.
2026-10-09T03:12:11.4120652Z Preparing to unpack .../19-libsoxr0_0.1.3-4build3_amd64.deb ...
2026-10-09T03:12:11.4126509Z Unpacking libsoxr0:amd64 (0.1.3-4build3) ...
2026-10-09T03:12:11.4295187Z Selecting previously unselected package libswresample4:amd64.
2026-10-09T03:12:11.4401957Z Preparing to unpack .../20-libswresample4_7%3a6.1.1-3ubuntu5_amd64.deb ...
2026-10-09T03:12:11.4407048Z Unpacking libswresample4:amd64 (7:6.1.1-3ubuntu5) ...
2026-10-09T03:12:11.4588749Z Selecting previously unselected package libtheora0:amd64.
2026-10-09T03:12:11.4692131Z Preparing to unpack .../21-libtheora0_1.1.1+dfsg.1-16.1build3_amd64.deb ...
2026-10-09T03:12:11.4697440Z Unpacking libtheora0:amd64 (1.1.1+dfsg.1-16.1build3) ...
2026-10-09T03:12:11.5610888Z Selecting previously unselected package libtwolame0:amd64.
2026-10-09T03:12:11.5719014Z Preparing to unpack .../22-libtwolame0_0.4.0-2build3_amd64.deb ...
2026-10-09T03:12:11.5724476Z Unpacking libtwolame0:amd64 (0.4.0-2build3) ...
2026-10-09T03:12:11.5889694Z Selecting previously unselected package libvorbisenc2:amd64.
2026-10-09T03:12:11.5995429Z Preparing to unpack .../23-libvorbisenc2_1.3.7-1build3_amd64.deb ...
2026-10-09T03:12:11.6001022Z Unpacking libvorbisenc2:amd64 (1.3.7-1build3) ...
2026-10-09T03:12:11.6198208Z Selecting previously unselected package libvpx9:amd64.
2026-10-09T03:12:11.6300685Z Preparing to unpack .../24-libvpx9_1.14.0-1ubuntu2.3_amd64.deb ...
2026-10-09T03:12:11.6306739Z Unpacking libvpx9:amd64 (1.14.0-1ubuntu2.3) ...
2026-10-09T03:12:11.6723796Z Selecting previously unselected package libx264-164:amd64.
2026-10-09T03:12:11.6831863Z Preparing to unpack .../25-libx264-164_2%3a0.164.3108+git31e19f9-1_amd64.deb ...
2026-10-09T03:12:11.6837988Z Unpacking libx264-164:amd64 (2:0.164.3108+git31e19f9-1) ...
2026-10-09T03:12:11.7142914Z Selecting previously unselected package libx265-199:amd64.
2026-10-09T03:12:11.7248788Z Preparing to unpack .../26-libx265-199_3.5-2build1_amd64.deb ...
2026-10-09T03:12:11.7254647Z Unpacking libx265-199:amd64 (3.5-2build1) ...
2026-10-09T03:12:11.8530194Z Selecting previously unselected package libxvidcore4:amd64.
2026-10-09T03:12:11.8638144Z Preparing to unpack .../27-libxvidcore4_2%3a1.3.7-1build1_amd64.deb ...
2026-10-09T03:12:11.8643656Z Unpacking libxvidcore4:amd64 (2:1.3.7-1build1) ...
2026-10-09T03:12:11.8983606Z Selecting previously unselected package libzvbi-common.
2026-10-09T03:12:11.9089957Z Preparing to unpack .../28-libzvbi-common_0.2.42-2_all.deb ...
2026-10-09T03:12:11.9095596Z Unpacking libzvbi-common (0.2.42-2) ...
2026-10-09T03:12:11.9305146Z Selecting previously unselected package libzvbi0t64:amd64.
2026-10-09T03:12:11.9410236Z Preparing to unpack .../29-libzvbi0t64_0.2.42-2_amd64.deb ...
2026-10-09T03:12:11.9415965Z Unpacking libzvbi0t64:amd64 (0.2.42-2) ...
2026-10-09T03:12:11.9617492Z Selecting previously unselected package libavcodec60:amd64.
2026-10-09T03:12:11.9720856Z Preparing to unpack .../30-libavcodec60_7%3a6.1.1-3ubuntu5_amd64.deb ...
2026-10-09T03:12:11.9726128Z Unpacking libavcodec60:amd64 (7:6.1.1-3ubuntu5) ...
2026-10-09T03:12:12.1122063Z Selecting previously unselected package libraw1394-11:amd64.
2026-10-09T03:12:12.1231263Z Preparing to unpack .../31-libraw1394-11_2.1.2-2build3_amd64.deb ...
2026-10-09T03:12:12.1236894Z Unpacking libraw1394-11:amd64 (2.1.2-2build3) ...
2026-10-09T03:12:12.1396594Z Selecting previously unselected package libavc1394-0:amd64.
2026-10-09T03:12:12.1501362Z Preparing to unpack .../32-libavc1394-0_0.5.4-5build3_amd64.deb ...
2026-10-09T03:12:12.1507307Z Unpacking libavc1394-0:amd64 (0.5.4-5build3) ...
2026-10-09T03:12:12.1667068Z Selecting previously unselected package libunibreak5:amd64.
2026-10-09T03:12:12.1773913Z Preparing to unpack .../33-libunibreak5_5.1-2build1_amd64.deb ...
2026-10-09T03:12:12.1779838Z Unpacking libunibreak5:amd64 (5.1-2build1) ...
2026-10-09T03:12:12.1954807Z Selecting previously unselected package libass9:amd64.
2026-10-09T03:12:12.2060497Z Preparing to unpack .../34-libass9_1%3a0.17.1-2build1_amd64.deb ...
2026-10-09T03:12:12.2065765Z Unpacking libass9:amd64 (1:0.17.1-2build1) ...
2026-10-09T03:12:12.2234724Z Selecting previously unselected package libudfread0:amd64.
2026-10-09T03:12:12.2335496Z Preparing to unpack .../35-libudfread0_1.1.2-1build1_amd64.deb ...
2026-10-09T03:12:12.2340727Z Unpacking libudfread0:amd64 (1.1.2-1build1) ...
2026-10-09T03:12:12.2498744Z Selecting previously unselected package libbluray2:amd64.
2026-10-09T03:12:12.2596875Z Preparing to unpack .../36-libbluray2_1%3a1.3.4-1build1_amd64.deb ...
2026-10-09T03:12:12.2603362Z Unpacking libbluray2:amd64 (1:1.3.4-1build1) ...
2026-10-09T03:12:12.2783177Z Selecting previously unselected package libchromaprint1:amd64.
2026-10-09T03:12:12.2882695Z Preparing to unpack .../37-libchromaprint1_1.5.1-5_amd64.deb ...
2026-10-09T03:12:12.2888683Z Unpacking libchromaprint1:amd64 (1.5.1-5) ...
2026-10-09T03:12:12.3046617Z Selecting previously unselected package libgme0:amd64.
2026-10-09T03:12:12.3148231Z Preparing to unpack .../38-libgme0_0.6.3-7build1_amd64.deb ...
2026-10-09T03:12:12.3153198Z Unpacking libgme0:amd64 (0.6.3-7build1) ...
2026-10-09T03:12:12.3331568Z Selecting previously unselected package libmpg123-0t64:amd64.
2026-10-09T03:12:12.3435696Z Preparing to unpack .../39-libmpg123-0t64_1.32.5-1ubuntu1.1_amd64.deb ...
2026-10-09T03:12:12.3441372Z Unpacking libmpg123-0t64:amd64 (1.32.5-1ubuntu1.1) ...
2026-10-09T03:12:12.3625105Z Selecting previously unselected package libopenmpt0t64:amd64.
2026-10-09T03:12:12.3726448Z Preparing to unpack .../40-libopenmpt0t64_0.7.3-1.1build3_amd64.deb ...
2026-10-09T03:12:12.3732061Z Unpacking libopenmpt0t64:amd64 (0.7.3-1.1build3) ...
2026-10-09T03:12:12.4016006Z Selecting previously unselected package libcjson1:amd64.
2026-10-09T03:12:12.4121376Z Preparing to unpack .../41-libcjson1_1.7.17-1_amd64.deb ...
2026-10-09T03:12:12.4127135Z Unpacking libcjson1:amd64 (1.7.17-1) ...
2026-10-09T03:12:12.4286940Z Selecting previously unselected package libmbedcrypto7t64:amd64.
2026-10-09T03:12:12.4394351Z Preparing to unpack .../42-libmbedcrypto7t64_2.28.8-1_amd64.deb ...
2026-10-09T03:12:12.4400024Z Unpacking libmbedcrypto7t64:amd64 (2.28.8-1) ...
2026-10-09T03:12:12.4742986Z Selecting previously unselected package librist4:amd64.
2026-10-09T03:12:12.4850630Z Preparing to unpack .../43-librist4_0.2.10+dfsg-2_amd64.deb ...
2026-10-09T03:12:12.4856371Z Unpacking librist4:amd64 (0.2.10+dfsg-2) ...
2026-10-09T03:12:12.6523274Z Selecting previously unselected package libsrt1.5-gnutls:amd64.
2026-10-09T03:12:12.6633310Z Preparing to unpack .../44-libsrt1.5-gnutls_1.5.3-1build2_amd64.deb ...
2026-10-09T03:12:12.6639100Z Unpacking libsrt1.5-gnutls:amd64 (1.5.3-1build2) ...
2026-10-09T03:12:12.6864858Z Selecting previously unselected package libssh-gcrypt-4:amd64.
2026-10-09T03:12:12.6972257Z Preparing to unpack .../45-libssh-gcrypt-4_0.10.6-2ubuntu0.5_amd64.deb ...
2026-10-09T03:12:12.6977773Z Unpacking libssh-gcrypt-4:amd64 (0.10.6-2ubuntu0.5) ...
2026-10-09T03:12:12.7178797Z Selecting previously unselected package libavformat60:amd64.
2026-10-09T03:12:12.7284498Z Preparing to unpack .../46-libavformat60_7%3a6.1.1-3ubuntu5_amd64.deb ...
2026-10-09T03:12:12.7289921Z Unpacking libavformat60:amd64 (7:6.1.1-3ubuntu5) ...
2026-10-09T03:12:12.7788937Z Selecting previously unselected package libbs2b0:amd64.
2026-10-09T03:12:12.7897971Z Preparing to unpack .../47-libbs2b0_3.1.0+dfsg-7build1_amd64.deb ...
2026-10-09T03:12:12.7904304Z Unpacking libbs2b0:amd64 (3.1.0+dfsg-7build1) ...
2026-10-09T03:12:12.8185516Z Selecting previously unselected package libflite1:amd64.
2026-10-09T03:12:12.8294037Z Preparing to unpack .../48-libflite1_2.2-6build3_amd64.deb ...
2026-10-09T03:12:12.8300955Z Unpacking libflite1:amd64 (2.2-6build3) ...
2026-10-09T03:12:13.0232584Z Selecting previously unselected package libserd-0-0:amd64.
2026-10-09T03:12:13.0341839Z Preparing to unpack .../49-libserd-0-0_0.32.2-1_amd64.deb ...
2026-10-09T03:12:13.0393995Z Unpacking libserd-0-0:amd64 (0.32.2-1) ...
2026-10-09T03:12:13.0562762Z Selecting previously unselected package libzix-0-0:amd64.
2026-10-09T03:12:13.0671588Z Preparing to unpack .../50-libzix-0-0_0.4.2-2build1_amd64.deb ...
2026-10-09T03:12:13.0680096Z Unpacking libzix-0-0:amd64 (0.4.2-2build1) ...
2026-10-09T03:12:13.0845375Z Selecting previously unselected package libsord-0-0:amd64.
2026-10-09T03:12:13.0952602Z Preparing to unpack .../51-libsord-0-0_0.16.16-2build1_amd64.deb ...
2026-10-09T03:12:13.0958940Z Unpacking libsord-0-0:amd64 (0.16.16-2build1) ...
2026-10-09T03:12:13.1118808Z Selecting previously unselected package libsratom-0-0:amd64.
2026-10-09T03:12:13.1224910Z Preparing to unpack .../52-libsratom-0-0_0.6.16-1build1_amd64.deb ...
2026-10-09T03:12:13.1230546Z Unpacking libsratom-0-0:amd64 (0.6.16-1build1) ...
2026-10-09T03:12:13.1389336Z Selecting previously unselected package liblilv-0-0:amd64.
2026-10-09T03:12:13.1492933Z Preparing to unpack .../53-liblilv-0-0_0.24.22-1build1_amd64.deb ...
2026-10-09T03:12:13.1498907Z Unpacking liblilv-0-0:amd64 (0.24.22-1build1) ...
2026-10-09T03:12:13.1657985Z Selecting previously unselected package libmysofa1:amd64.
2026-10-09T03:12:13.1760741Z Preparing to unpack .../54-libmysofa1_1.3.2+dfsg-2ubuntu2_amd64.deb ...
2026-10-09T03:12:13.1765906Z Unpacking libmysofa1:amd64 (1.3.2+dfsg-2ubuntu2) ...
2026-10-09T03:12:13.2005490Z Selecting previously unselected package libplacebo338:amd64.
2026-10-09T03:12:13.2113042Z Preparing to unpack .../55-libplacebo338_6.338.2-2build1_amd64.deb ...
2026-10-09T03:12:13.2118848Z Unpacking libplacebo338:amd64 (6.338.2-2build1) ...
2026-10-09T03:12:13.2934192Z Selecting previously unselected package libblas3:amd64.
2026-10-09T03:12:13.3043003Z Preparing to unpack .../56-libblas3_3.12.0-3build1.1_amd64.deb ...
2026-10-09T03:12:13.3066676Z Unpacking libblas3:amd64 (3.12.0-3build1.1) ...
2026-10-09T03:12:13.3271439Z Selecting previously unselected package liblapack3:amd64.
2026-10-09T03:12:13.3378618Z Preparing to unpack .../57-liblapack3_3.12.0-3build1.1_amd64.deb ...
2026-10-09T03:12:13.3401760Z Unpacking liblapack3:amd64 (3.12.0-3build1.1) ...
2026-10-09T03:12:13.4099595Z Selecting previously unselected package libasyncns0:amd64.
2026-10-09T03:12:13.4207616Z Preparing to unpack .../58-libasyncns0_0.8-6build4_amd64.deb ...
2026-10-09T03:12:13.4213398Z Unpacking libasyncns0:amd64 (0.8-6build4) ...
2026-10-09T03:12:13.4370787Z Selecting previously unselected package libflac12t64:amd64.
2026-10-09T03:12:13.4476718Z Preparing to unpack .../59-libflac12t64_1.4.3+ds-2.1ubuntu2_amd64.deb ...
2026-10-09T03:12:13.4482802Z Unpacking libflac12t64:amd64 (1.4.3+ds-2.1ubuntu2) ...
2026-10-09T03:12:13.4670207Z Selecting previously unselected package libsndfile1:amd64.
2026-10-09T03:12:13.4774756Z Preparing to unpack .../60-libsndfile1_1.2.2-1ubuntu5.24.04.1_amd64.deb ...
2026-10-09T03:12:13.4781281Z Unpacking libsndfile1:amd64 (1.2.2-1ubuntu5.24.04.1) ...
2026-10-09T03:12:13.5162363Z Selecting previously unselected package libpulse0:amd64.
2026-10-09T03:12:13.5271385Z Preparing to unpack .../61-libpulse0_1%3a16.1+dfsg1-2ubuntu10.1_amd64.deb ...
2026-10-09T03:12:13.5325730Z Unpacking libpulse0:amd64 (1:16.1+dfsg1-2ubuntu10.1) ...
2026-10-09T03:12:13.5549409Z Selecting previously unselected package libsphinxbase3t64:amd64.
2026-10-09T03:12:13.5651897Z Preparing to unpack .../62-libsphinxbase3t64_0.8+5prealpha+1-17build2_amd64.deb ...
2026-10-09T03:12:13.5657599Z Unpacking libsphinxbase3t64:amd64 (0.8+5prealpha+1-17build2) ...
2026-10-09T03:12:13.5830033Z Selecting previously unselected package libpocketsphinx3:amd64.
2026-10-09T03:12:13.5935278Z Preparing to unpack .../63-libpocketsphinx3_0.8.0+real5prealpha+1-15ubuntu5_amd64.deb ...
2026-10-09T03:12:13.5940110Z Unpacking libpocketsphinx3:amd64 (0.8.0+real5prealpha+1-15ubuntu5) ...
2026-10-09T03:12:13.6525071Z Selecting previously unselected package libpostproc57:amd64.
2026-10-09T03:12:13.6632948Z Preparing to unpack .../64-libpostproc57_7%3a6.1.1-3ubuntu5_amd64.deb ...
2026-10-09T03:12:13.6642072Z Unpacking libpostproc57:amd64 (7:6.1.1-3ubuntu5) ...
2026-10-09T03:12:13.6807239Z Selecting previously unselected package libsamplerate0:amd64.
2026-10-09T03:12:13.6912476Z Preparing to unpack .../65-libsamplerate0_0.2.2-4build1_amd64.deb ...
2026-10-09T03:12:13.6917857Z Unpacking libsamplerate0:amd64 (0.2.2-4build1) ...
2026-10-09T03:12:13.7207446Z Selecting previously unselected package librubberband2:amd64.
2026-10-09T03:12:13.7308738Z Preparing to unpack .../66-librubberband2_3.3.0+dfsg-2build1_amd64.deb ...
2026-10-09T03:12:13.7314633Z Unpacking librubberband2:amd64 (3.3.0+dfsg-2build1) ...
2026-10-09T03:12:13.7494457Z Selecting previously unselected package libswscale7:amd64.
2026-10-09T03:12:13.7595959Z Preparing to unpack .../67-libswscale7_7%3a6.1.1-3ubuntu5_amd64.deb ...
2026-10-09T03:12:13.7601923Z Unpacking libswscale7:amd64 (7:6.1.1-3ubuntu5) ...
2026-10-09T03:12:13.7804361Z Selecting previously unselected package libvidstab1.1:amd64.
2026-10-09T03:12:13.7908757Z Preparing to unpack .../68-libvidstab1.1_1.1.0-2build1_amd64.deb ...
2026-10-09T03:12:13.8290802Z Unpacking libvidstab1.1:amd64 (1.1.0-2build1) ...
2026-10-09T03:12:13.8451972Z Selecting previously unselected package libzimg2:amd64.
2026-10-09T03:12:13.8559151Z Preparing to unpack .../69-libzimg2_3.0.5+ds1-1build1_amd64.deb ...
2026-10-09T03:12:13.8565549Z Unpacking libzimg2:amd64 (3.0.5+ds1-1build1) ...
2026-10-09T03:12:13.9248708Z Selecting previously unselected package libavfilter9:amd64.
2026-10-09T03:12:13.9357164Z Preparing to unpack .../70-libavfilter9_7%3a6.1.1-3ubuntu5_amd64.deb ...
2026-10-09T03:12:13.9364269Z Unpacking libavfilter9:amd64 (7:6.1.1-3ubuntu5) ...
2026-10-09T03:12:14.0489533Z Selecting previously unselected package libcaca0:amd64.
2026-10-09T03:12:14.0599578Z Preparing to unpack .../71-libcaca0_0.99.beta20-4ubuntu0.2_amd64.deb ...
2026-10-09T03:12:14.0606351Z Unpacking libcaca0:amd64 (0.99.beta20-4ubuntu0.2) ...
2026-10-09T03:12:14.1494074Z Selecting previously unselected package libcdio19t64:amd64.
2026-10-09T03:12:14.1603440Z Preparing to unpack .../72-libcdio19t64_2.1.0-4.1ubuntu1.2_amd64.deb ...
2026-10-09T03:12:14.1609401Z Unpacking libcdio19t64:amd64 (2.1.0-4.1ubuntu1.2) ...
2026-10-09T03:12:14.1775480Z Selecting previously unselected package libcdio-cdda2t64:amd64.
2026-10-09T03:12:14.1880758Z Preparing to unpack .../73-libcdio-cdda2t64_10.2+2.0.1-1.1build2_amd64.deb ...
2026-10-09T03:12:14.1886283Z Unpacking libcdio-cdda2t64:amd64 (10.2+2.0.1-1.1build2) ...
2026-10-09T03:12:14.2045897Z Selecting previously unselected package libcdio-paranoia2t64:amd64.
2026-10-09T03:12:14.2147145Z Preparing to unpack .../74-libcdio-paranoia2t64_10.2+2.0.1-1.1build2_amd64.deb ...
2026-10-09T03:12:14.2152887Z Unpacking libcdio-paranoia2t64:amd64 (10.2+2.0.1-1.1build2) ...
2026-10-09T03:12:14.2314376Z Selecting previously unselected package libdc1394-25:amd64.
2026-10-09T03:12:14.2416621Z Preparing to unpack .../75-libdc1394-25_2.2.6-4build1_amd64.deb ...
2026-10-09T03:12:14.2422837Z Unpacking libdc1394-25:amd64 (2.2.6-4build1) ...
2026-10-09T03:12:14.2605692Z Selecting previously unselected package libiec61883-0:amd64.
2026-10-09T03:12:14.2710803Z Preparing to unpack .../76-libiec61883-0_1.2.0-6build1_amd64.deb ...
2026-10-09T03:12:14.2716022Z Unpacking libiec61883-0:amd64 (1.2.0-6build1) ...
2026-10-09T03:12:14.3204372Z Selecting previously unselected package libjack-jackd2-0:amd64.
2026-10-09T03:12:14.3310723Z Preparing to unpack .../77-libjack-jackd2-0_1.9.21~dfsg-3ubuntu3_amd64.deb ...
2026-10-09T03:12:14.3316549Z Unpacking libjack-jackd2-0:amd64 (1.9.21~dfsg-3ubuntu3) ...
2026-10-09T03:12:14.3540422Z Selecting previously unselected package libopenal-data.
2026-10-09T03:12:14.3644735Z Preparing to unpack .../78-libopenal-data_1%3a1.23.1-4build1_all.deb ...
2026-10-09T03:12:14.3650069Z Unpacking libopenal-data (1:1.23.1-4build1) ...
2026-10-09T03:12:14.3844208Z Selecting previously unselected package libsndio7.0:amd64.
2026-10-09T03:12:14.3946050Z Preparing to unpack .../79-libsndio7.0_1.9.0-0.3build3_amd64.deb ...
2026-10-09T03:12:14.3952036Z Unpacking libsndio7.0:amd64 (1.9.0-0.3build3) ...
2026-10-09T03:12:14.4115390Z Selecting previously unselected package libopenal1:amd64.
2026-10-09T03:12:14.4216906Z Preparing to unpack .../80-libopenal1_1%3a1.23.1-4build1_amd64.deb ...
2026-10-09T03:12:14.4222181Z Unpacking libopenal1:amd64 (1:1.23.1-4build1) ...
2026-10-09T03:12:14.4467447Z Selecting previously unselected package libdecor-0-0:amd64.
2026-10-09T03:12:14.4574765Z Preparing to unpack .../81-libdecor-0-0_0.2.2-1build2_amd64.deb ...
2026-10-09T03:12:14.4580222Z Unpacking libdecor-0-0:amd64 (0.2.2-1build2) ...
2026-10-09T03:12:14.4749537Z Selecting previously unselected package libsdl2-2.0-0:amd64.
2026-10-09T03:12:14.4852658Z Preparing to unpack .../82-libsdl2-2.0-0_2.30.0+dfsg-1ubuntu3.1_amd64.deb ...
2026-10-09T03:12:14.4858939Z Unpacking libsdl2-2.0-0:amd64 (2.30.0+dfsg-1ubuntu3.1) ...
2026-10-09T03:12:14.8085374Z Selecting previously unselected package libxcb-shape0:amd64.
2026-10-09T03:12:14.8196860Z Preparing to unpack .../83-libxcb-shape0_1.15-1ubuntu2_amd64.deb ...
2026-10-09T03:12:14.8259626Z Unpacking libxcb-shape0:amd64 (1.15-1ubuntu2) ...
2026-10-09T03:12:15.3604916Z Selecting previously unselected package libxv1:amd64.
2026-10-09T03:12:15.3716029Z Preparing to unpack .../84-libxv1_2%3a1.0.11-1.1build1_amd64.deb ...
2026-10-09T03:12:15.3721524Z Unpacking libxv1:amd64 (2:1.0.11-1.1build1) ...
2026-10-09T03:12:15.3887622Z Selecting previously unselected package libavdevice60:amd64.
2026-10-09T03:12:15.3992644Z Preparing to unpack .../85-libavdevice60_7%3a6.1.1-3ubuntu5_amd64.deb ...
2026-10-09T03:12:15.3999559Z Unpacking libavdevice60:amd64 (7:6.1.1-3ubuntu5) ...
2026-10-09T03:12:15.4172274Z Selecting previously unselected package ffmpeg.
2026-10-09T03:12:15.4275298Z Preparing to unpack .../86-ffmpeg_7%3a6.1.1-3ubuntu5_amd64.deb ...
2026-10-09T03:12:15.4280870Z Unpacking ffmpeg (7:6.1.1-3ubuntu5) ...
2026-10-09T03:12:15.4641624Z Selecting previously unselected package libigdgmm12:amd64.
2026-10-09T03:12:15.4751249Z Preparing to unpack .../87-libigdgmm12_22.3.17+ds1-1ubuntu1_amd64.deb ...
2026-10-09T03:12:15.4756816Z Unpacking libigdgmm12:amd64 (22.3.17+ds1-1ubuntu1) ...
2026-10-09T03:12:15.4952900Z Selecting previously unselected package intel-media-va-driver:amd64.
2026-10-09T03:12:15.5060515Z Preparing to unpack .../88-intel-media-va-driver_24.1.0+dfsg1-1ubuntu0.2_amd64.deb ...
2026-10-09T03:12:15.5065582Z Unpacking intel-media-va-driver:amd64 (24.1.0+dfsg1-1ubuntu0.2) ...
2026-10-09T03:12:15.6379909Z Selecting previously unselected package libaacs0:amd64.
2026-10-09T03:12:15.6488612Z Preparing to unpack .../89-libaacs0_0.11.1-2build1_amd64.deb ...
2026-10-09T03:12:15.6494257Z Unpacking libaacs0:amd64 (0.11.1-2build1) ...
2026-10-09T03:12:15.6660390Z Selecting previously unselected package libbdplus0:amd64.
2026-10-09T03:12:15.6764994Z Preparing to unpack .../90-libbdplus0_0.2.0-3build1_amd64.deb ...
2026-10-09T03:12:15.6770887Z Unpacking libbdplus0:amd64 (0.2.0-3build1) ...
2026-10-09T03:12:15.6927099Z Selecting previously unselected package libdecor-0-plugin-1-gtk:amd64.
2026-10-09T03:12:15.7035435Z Preparing to unpack .../91-libdecor-0-plugin-1-gtk_0.2.2-1build2_amd64.deb ...
2026-10-09T03:12:15.7040974Z Unpacking libdecor-0-plugin-1-gtk:amd64 (0.2.2-1build2) ...
2026-10-09T03:12:15.7201568Z Selecting previously unselected package librsvg2-common:amd64.
2026-10-09T03:12:15.7310730Z Preparing to unpack .../92-librsvg2-common_2.58.0+dfsg-1ubuntu0.1_amd64.deb ...
2026-10-09T03:12:15.7316311Z Unpacking librsvg2-common:amd64 (2.58.0+dfsg-1ubuntu0.1) ...
2026-10-09T03:12:15.7487326Z Selecting previously unselected package mesa-va-drivers:amd64.
2026-10-09T03:12:15.7595711Z Preparing to unpack .../93-mesa-va-drivers_25.2.8-0ubuntu0.24.04.4_amd64.deb ...
2026-10-09T03:12:15.7679816Z Unpacking mesa-va-drivers:amd64 (25.2.8-0ubuntu0.24.04.4) ...
2026-10-09T03:12:15.7851867Z Selecting previously unselected package mesa-vdpau-drivers:amd64.
2026-10-09T03:12:15.7961580Z Preparing to unpack .../94-mesa-vdpau-drivers_25.2.8-0ubuntu0.24.04.4_amd64.deb ...
2026-10-09T03:12:15.7966490Z Unpacking mesa-vdpau-drivers:amd64 (25.2.8-0ubuntu0.24.04.4) ...
2026-10-09T03:12:15.8131111Z Selecting previously unselected package i965-va-driver:amd64.
2026-10-09T03:12:15.8235820Z Preparing to unpack .../95-i965-va-driver_2.4.1+dfsg1-1ubuntu0.2_amd64.deb ...
2026-10-09T03:12:15.8240494Z Unpacking i965-va-driver:amd64 (2.4.1+dfsg1-1ubuntu0.2) ...
2026-10-09T03:12:15.8517442Z Selecting previously unselected package va-driver-all:amd64.
2026-10-09T03:12:15.8622788Z Preparing to unpack .../96-va-driver-all_2.20.0-2ubuntu0.2_amd64.deb ...
2026-10-09T03:12:15.8627311Z Unpacking va-driver-all:amd64 (2.20.0-2ubuntu0.2) ...
2026-10-09T03:12:15.8773073Z Selecting previously unselected package vdpau-driver-all:amd64.
2026-10-09T03:12:15.8875775Z Preparing to unpack .../97-vdpau-driver-all_1.5-2build1_amd64.deb ...
2026-10-09T03:12:15.8880098Z Unpacking vdpau-driver-all:amd64 (1.5-2build1) ...
2026-10-09T03:12:15.9028661Z Selecting previously unselected package pocketsphinx-en-us.
2026-10-09T03:12:15.9128346Z Preparing to unpack .../98-pocketsphinx-en-us_0.8.0+real5prealpha+1-15ubuntu5_all.deb ...
2026-10-09T03:12:15.9132917Z Unpacking pocketsphinx-en-us (0.8.0+real5prealpha+1-15ubuntu5) ...
2026-10-09T03:12:16.2546422Z Setting up libgme0:amd64 (0.6.3-7build1) ...
2026-10-09T03:12:16.2563058Z Setting up libchromaprint1:amd64 (1.5.1-5) ...
2026-10-09T03:12:16.2576033Z Setting up libssh-gcrypt-4:amd64 (0.10.6-2ubuntu0.5) ...
2026-10-09T03:12:16.2588607Z Setting up libhwy1t64:amd64 (1.0.7-8.1build1) ...
2026-10-09T03:12:16.2601487Z Setting up libudfread0:amd64 (1.1.2-1build1) ...
2026-10-09T03:12:16.2615151Z Setting up libraw1394-11:amd64 (2.1.2-2build3) ...
2026-10-09T03:12:16.2627902Z Setting up libspeex1:amd64 (1.2.1-2ubuntu2.24.04.1) ...
2026-10-09T03:12:16.2640273Z Setting up libshine3:amd64 (3.1.1-2build1) ...
2026-10-09T03:12:16.2654140Z Setting up libcaca0:amd64 (0.99.beta20-4ubuntu0.2) ...
2026-10-09T03:12:16.2667869Z Setting up libvpl2 (2023.3.0-1build1) ...
2026-10-09T03:12:16.2681176Z Setting up libx264-164:amd64 (2:0.164.3108+git31e19f9-1) ...
2026-10-09T03:12:16.2693753Z Setting up libtwolame0:amd64 (0.4.0-2build3) ...
2026-10-09T03:12:16.2732585Z Setting up libmbedcrypto7t64:amd64 (2.28.8-1) ...
2026-10-09T03:12:16.2745344Z Setting up libgsm1:amd64 (1.0.22-1build1) ...
2026-10-09T03:12:16.2758059Z Setting up libsoxr0:amd64 (0.1.3-4build3) ...
2026-10-09T03:12:16.2805822Z Setting up libzix-0-0:amd64 (0.4.2-2build1) ...
2026-10-09T03:12:16.2820036Z Setting up libcodec2-1.2:amd64 (1.2.0-2build1) ...
2026-10-09T03:12:16.2833455Z Setting up libmysofa1:amd64 (1.3.2+dfsg-2ubuntu2) ...
2026-10-09T03:12:16.2846587Z Setting up libxcb-shape0:amd64 (1.15-1ubuntu2) ...
2026-10-09T03:12:16.2859977Z Setting up libcdio19t64:amd64 (2.1.0-4.1ubuntu1.2) ...
2026-10-09T03:12:16.2873356Z Setting up libsvtav1enc1d1:amd64 (1.7.0+dfsg-2build1) ...
2026-10-09T03:12:16.2887060Z Setting up libigdgmm12:amd64 (22.3.17+ds1-1ubuntu1) ...
2026-10-09T03:12:16.4685015Z Setting up libmpg123-0t64:amd64 (1.32.5-1ubuntu1.1) ...
2026-10-09T03:12:16.4711840Z Setting up libcjson1:amd64 (1.7.17-1) ...
2026-10-09T03:12:16.4725449Z Setting up libxvidcore4:amd64 (2:1.3.7-1build1) ...
2026-10-09T03:12:16.4738581Z Setting up librav1e0:amd64 (0.7.1-2) ...
2026-10-09T03:12:16.4752506Z Setting up libcdio-cdda2t64:amd64 (10.2+2.0.1-1.1build2) ...
2026-10-09T03:12:16.4766127Z Setting up librist4:amd64 (0.2.10+dfsg-2) ...
2026-10-09T03:12:16.4779276Z Setting up librsvg2-2:amd64 (2.58.0+dfsg-1ubuntu0.1) ...
2026-10-09T03:12:16.4792786Z Setting up libblas3:amd64 (3.12.0-3build1.1) ...
2026-10-09T03:12:16.4844963Z update-alternatives: using /usr/lib/x86_64-linux-gnu/blas/libblas.so.3 to provide /usr/lib/x86_64-linux-gnu/libblas.so.3 (libblas.so.3-x86_64-linux-gnu) in auto mode
2026-10-09T03:12:16.4857031Z Setting up libplacebo338:amd64 (6.338.2-2build1) ...
2026-10-09T03:12:16.4872107Z Setting up libva2:amd64 (2.20.0-2ubuntu0.2) ...
2026-10-09T03:12:16.4886785Z Setting up libopus0:amd64 (1.4-1build1) ...
2026-10-09T03:12:16.4901342Z Setting up libcdio-paranoia2t64:amd64 (10.2+2.0.1-1.1build2) ...
2026-10-09T03:12:16.4915194Z Setting up libdc1394-25:amd64 (2.2.6-4build1) ...
2026-10-09T03:12:16.4929226Z Setting up intel-media-va-driver:amd64 (24.1.0+dfsg1-1ubuntu0.2) ...
2026-10-09T03:12:16.4942124Z Setting up libxv1:amd64 (2:1.0.11-1.1build1) ...
2026-10-09T03:12:16.4955239Z Setting up libunibreak5:amd64 (5.1-2build1) ...
2026-10-09T03:12:16.4967892Z Setting up libaacs0:amd64 (0.11.1-2build1) ...
2026-10-09T03:12:16.4982235Z Setting up libjxl0.7:amd64 (0.7.0-10.2ubuntu6.1) ...
2026-10-09T03:12:16.4995555Z Setting up librsvg2-common:amd64 (2.58.0+dfsg-1ubuntu0.1) ...
2026-10-09T03:12:16.5044571Z Setting up pocketsphinx-en-us (0.8.0+real5prealpha+1-15ubuntu5) ...
2026-10-09T03:12:16.5049019Z Setting up libx265-199:amd64 (3.5-2build1) ...
2026-10-09T03:12:16.5063064Z Setting up libsndio7.0:amd64 (1.9.0-0.3build3) ...
2026-10-09T03:12:16.5076451Z Setting up libbdplus0:amd64 (0.2.0-3build1) ...
2026-10-09T03:12:16.5089945Z Setting up libvidstab1.1:amd64 (1.1.0-2build1) ...
2026-10-09T03:12:16.5103439Z Setting up libvpx9:amd64 (1.14.0-1ubuntu2.3) ...
2026-10-09T03:12:16.5116705Z Setting up libsrt1.5-gnutls:amd64 (1.5.3-1build2) ...
2026-10-09T03:12:16.5130634Z Setting up libflite1:amd64 (2.2-6build3) ...
2026-10-09T03:12:16.5144151Z Setting up libdav1d7:amd64 (1.4.1-1build1) ...
2026-10-09T03:12:16.5157869Z Setting up libva-drm2:amd64 (2.20.0-2ubuntu0.2) ...
2026-10-09T03:12:16.5171397Z Setting up ocl-icd-libopencl1:amd64 (2.3.2-1build1) ...
2026-10-09T03:12:16.5184953Z Setting up libasyncns0:amd64 (0.8-6build4) ...
2026-10-09T03:12:16.5198209Z Setting up libvdpau1:amd64 (1.5-2build1) ...
2026-10-09T03:12:16.5217097Z Setting up libbs2b0:amd64 (3.1.0+dfsg-7build1) ...
2026-10-09T03:12:16.5230741Z Setting up libtheora0:amd64 (1.1.1+dfsg.1-16.1build3) ...
2026-10-09T03:12:16.5243908Z Setting up libdecor-0-0:amd64 (0.2.2-1build2) ...
2026-10-09T03:12:16.5257287Z Setting up libzimg2:amd64 (3.0.5+ds1-1build1) ...
2026-10-09T03:12:16.5270720Z Setting up libopenal-data (1:1.23.1-4build1) ...
2026-10-09T03:12:16.5289174Z Setting up libflac12t64:amd64 (1.4.3+ds-2.1ubuntu2) ...
2026-10-09T03:12:16.5303083Z Setting up mesa-va-drivers:amd64 (25.2.8-0ubuntu0.24.04.4) ...
2026-10-09T03:12:16.5316366Z Setting up libbluray2:amd64 (1:1.3.4-1build1) ...
2026-10-09T03:12:16.5331336Z Setting up libsamplerate0:amd64 (0.2.2-4build1) ...
2026-10-09T03:12:16.5346159Z Setting up libva-x11-2:amd64 (2.20.0-2ubuntu0.2) ...
2026-10-09T03:12:16.5360385Z Setting up libdecor-0-plugin-1-gtk:amd64 (0.2.2-1build2) ...
2026-10-09T03:12:16.5374174Z Setting up libopenmpt0t64:amd64 (0.7.3-1.1build3) ...
2026-10-09T03:12:16.5388047Z Setting up libzvbi-common (0.2.42-2) ...
2026-10-09T03:12:16.5401334Z Setting up libmp3lame0:amd64 (3.100-6build1) ...
2026-10-09T03:12:16.5415532Z Setting up i965-va-driver:amd64 (2.4.1+dfsg1-1ubuntu0.2) ...
2026-10-09T03:12:16.5429029Z Setting up libvorbisenc2:amd64 (1.3.7-1build3) ...
2026-10-09T03:12:16.5442606Z Setting up libiec61883-0:amd64 (1.2.0-6build1) ...
2026-10-09T03:12:16.5456032Z Setting up libserd-0-0:amd64 (0.32.2-1) ...
2026-10-09T03:12:16.5471208Z Setting up libavc1394-0:amd64 (0.5.4-5build3) ...
2026-10-09T03:12:16.5484983Z Setting up mesa-vdpau-drivers:amd64 (25.2.8-0ubuntu0.24.04.4) ...
2026-10-09T03:12:16.5498622Z Setting up liblapack3:amd64 (3.12.0-3build1.1) ...
2026-10-09T03:12:16.5550525Z update-alternatives: using /usr/lib/x86_64-linux-gnu/lapack/liblapack.so.3 to provide /usr/lib/x86_64-linux-gnu/liblapack.so.3 (liblapack.so.3-x86_64-linux-gnu) in auto mode
2026-10-09T03:12:16.5562027Z Setting up libzvbi0t64:amd64 (0.2.42-2) ...
2026-10-09T03:12:16.5575861Z Setting up libavutil58:amd64 (7:6.1.1-3ubuntu5) ...
2026-10-09T03:12:16.5589255Z Setting up libopenal1:amd64 (1:1.23.1-4build1) ...
2026-10-09T03:12:16.5602426Z Setting up libass9:amd64 (1:0.17.1-2build1) ...
2026-10-09T03:12:16.5616834Z Setting up libswresample4:amd64 (7:6.1.1-3ubuntu5) ...
2026-10-09T03:12:16.5630319Z Setting up va-driver-all:amd64 (2.20.0-2ubuntu0.2) ...
2026-10-09T03:12:16.5643868Z Setting up libavcodec60:amd64 (7:6.1.1-3ubuntu5) ...
2026-10-09T03:12:16.5658593Z Setting up librubberband2:amd64 (3.3.0+dfsg-2build1) ...
2026-10-09T03:12:16.6072662Z Setting up libjack-jackd2-0:amd64 (1.9.21~dfsg-3ubuntu3) ...
2026-10-09T03:12:16.6089598Z Setting up vdpau-driver-all:amd64 (1.5-2build1) ...
2026-10-09T03:12:16.6102169Z Setting up libsord-0-0:amd64 (0.16.16-2build1) ...
2026-10-09T03:12:16.6114780Z Setting up libpostproc57:amd64 (7:6.1.1-3ubuntu5) ...
2026-10-09T03:12:16.6127775Z Setting up libsratom-0-0:amd64 (0.6.16-1build1) ...
2026-10-09T03:12:16.6140542Z Setting up libsndfile1:amd64 (1.2.2-1ubuntu5.24.04.1) ...
2026-10-09T03:12:16.6153210Z Setting up liblilv-0-0:amd64 (0.24.22-1build1) ...
2026-10-09T03:12:16.6165520Z Setting up libswscale7:amd64 (7:6.1.1-3ubuntu5) ...
2026-10-09T03:12:16.6178333Z Setting up libpulse0:amd64 (1:16.1+dfsg1-2ubuntu10.1) ...
2026-10-09T03:12:16.6235315Z Setting up libavformat60:amd64 (7:6.1.1-3ubuntu5) ...
2026-10-09T03:12:16.6249261Z Setting up libsphinxbase3t64:amd64 (0.8+5prealpha+1-17build2) ...
2026-10-09T03:12:16.6262923Z Setting up libsdl2-2.0-0:amd64 (2.30.0+dfsg-1ubuntu3.1) ...
2026-10-09T03:12:16.6275678Z Setting up libpocketsphinx3:amd64 (0.8.0+real5prealpha+1-15ubuntu5) ...
2026-10-09T03:12:16.6288076Z Setting up libavfilter9:amd64 (7:6.1.1-3ubuntu5) ...
2026-10-09T03:12:16.6301664Z Setting up libavdevice60:amd64 (7:6.1.1-3ubuntu5) ...
2026-10-09T03:12:16.6314648Z Setting up ffmpeg (7:6.1.1-3ubuntu5) ...
2026-10-09T03:12:16.6332432Z Processing triggers for man-db (2.12.0-4build2) ...
2026-10-09T03:12:16.6347759Z Not building database; man-db/auto-update is not 'true'.
2026-10-09T03:12:16.6358638Z Processing triggers for libgdk-pixbuf-2.0-0:amd64 (2.42.10+dfsg-3ubuntu3.3) ...
2026-10-09T03:12:16.6605877Z Processing triggers for libc-bin (2.39-0ubuntu8.9) ...
2026-10-09T03:12:17.6778902Z 
2026-10-09T03:12:17.6779415Z Running kernel seems to be up-to-date.
2026-10-09T03:12:17.6779925Z 
2026-10-09T03:12:17.6780055Z No services need to be restarted.
2026-10-09T03:12:17.6780207Z 
2026-10-09T03:12:17.6780544Z No containers need to be restarted.
2026-10-09T03:12:17.6780840Z 
2026-10-09T03:12:17.6781271Z No user sessions are running outdated binaries.
2026-10-09T03:12:17.6783220Z 
2026-10-09T03:12:17.6783931Z No VM guests are running outdated hypervisor (qemu) binaries on this host.
2026-10-09T03:12:18.5165910Z ffprobe version 6.1.1-3ubuntu5 Copyright (c) 2007-2023 the FFmpeg developers
2026-10-09T03:12:18.5166467Z built with gcc 13 (Ubuntu 13.2.0-23ubuntu3)
2026-10-09T03:12:18.5171506Z configuration: --prefix=/usr --extra-version=3ubuntu5 --toolchain=hardened --libdir=/usr/lib/x86_64-linux-gnu --incdir=/usr/include/x86_64-linux-gnu --arch=amd64 --enable-gpl --disable-stripping --disable-omx --enable-gnutls --enable-libaom --enable-libass --enable-libbs2b --enable-libcaca --enable-libcdio --enable-libcodec2 --enable-libdav1d --enable-libflite --enable-libfontconfig --enable-libfreetype --enable-libfribidi --enable-libglslang --enable-libgme --enable-libgsm --enable-libharfbuzz --enable-libmp3lame --enable-libmysofa --enable-libopenjpeg --enable-libopenmpt --enable-libopus --enable-librubberband --enable-libshine --enable-libsnappy --enable-libsoxr --enable-libspeex --enable-libtheora --enable-libtwolame --enable-libvidstab --enable-libvorbis --enable-libvpx --enable-libwebp --enable-libx265 --enable-libxml2 --enable-libxvid --enable-libzimg --enable-openal --enable-opencl --enable-opengl --disable-sndio --enable-libvpl --disable-libmfx --enable-libdc1394 --enable-libdrm --enable-libiec61883 --enable-chromaprint --enable-frei0r --enable-ladspa --enable-libbluray --enable-libjack --enable-libpulse --enable-librabbitmq --enable-librist --enable-libsrt --enable-libssh --enable-libsvtav1 --enable-libx264 --enable-libzmq --enable-libzvbi --enable-lv2 --enable-sdl2 --enable-libplacebo --enable-librav1e --enable-pocketsphinx --enable-librsvg --enable-libjxl --enable-shared
2026-10-09T03:12:18.5176530Z libavutil      58. 29.100 / 58. 29.100
2026-10-09T03:12:18.5176799Z libavcodec     60. 31.102 / 60. 31.102
2026-10-09T03:12:18.5177045Z libavformat    60. 16.100 / 60. 16.100
2026-10-09T03:12:18.5177306Z libavdevice    60.  3.100 / 60.  3.100
2026-10-09T03:12:18.5177556Z libavfilter     9. 12.100 /  9. 12.100
2026-10-09T03:12:18.5177797Z libswscale      7.  5.100 /  7.  5.100
2026-10-09T03:12:18.5178037Z libswresample   4. 12.100 /  4. 12.100
2026-10-09T03:12:18.5178271Z libpostproc    57.  3.100 / 57.  3.100
2026-10-09T03:12:18.5540963Z ffmpeg version 6.1.1-3ubuntu5 Copyright (c) 2000-2023 the FFmpeg developers
2026-10-09T03:12:18.5541587Z built with gcc 13 (Ubuntu 13.2.0-23ubuntu3)
2026-10-09T03:12:18.5547633Z configuration: --prefix=/usr --extra-version=3ubuntu5 --toolchain=hardened --libdir=/usr/lib/x86_64-linux-gnu --incdir=/usr/include/x86_64-linux-gnu --arch=amd64 --enable-gpl --disable-stripping --disable-omx --enable-gnutls --enable-libaom --enable-libass --enable-libbs2b --enable-libcaca --enable-libcdio --enable-libcodec2 --enable-libdav1d --enable-libflite --enable-libfontconfig --enable-libfreetype --enable-libfribidi --enable-libglslang --enable-libgme --enable-libgsm --enable-libharfbuzz --enable-libmp3lame --enable-libmysofa --enable-libopenjpeg --enable-libopenmpt --enable-libopus --enable-librubberband --enable-libshine --enable-libsnappy --enable-libsoxr --enable-libspeex --enable-libtheora --enable-libtwolame --enable-libvidstab --enable-libvorbis --enable-libvpx --enable-libwebp --enable-libx265 --enable-libxml2 --enable-libxvid --enable-libzimg --enable-openal --enable-opencl --enable-opengl --disable-sndio --enable-libvpl --disable-libmfx --enable-libdc1394 --enable-libdrm --enable-libiec61883 --enable-chromaprint --enable-frei0r --enable-ladspa --enable-libbluray --enable-libjack --enable-libpulse --enable-librabbitmq --enable-librist --enable-libsrt --enable-libssh --enable-libsvtav1 --enable-libx264 --enable-libzmq --enable-libzvbi --enable-lv2 --enable-sdl2 --enable-libplacebo --enable-librav1e --enable-pocketsphinx --enable-librsvg --enable-libjxl --enable-shared
2026-10-09T03:12:18.5551885Z libavutil      58. 29.100 / 58. 29.100
2026-10-09T03:12:18.5552169Z libavcodec     60. 31.102 / 60. 31.102
2026-10-09T03:12:18.5552420Z libavformat    60. 16.100 / 60. 16.100
2026-10-09T03:12:18.5552673Z libavdevice    60.  3.100 / 60.  3.100
2026-10-09T03:12:18.5552916Z libavfilter     9. 12.100 /  9. 12.100
2026-10-09T03:12:18.5553157Z libswscale      7.  5.100 /  7.  5.100
2026-10-09T03:12:18.5553403Z libswresample   4. 12.100 /  4. 12.100
2026-10-09T03:12:18.5553640Z libpostproc    57.  3.100 / 57.  3.100
2026-10-09T03:12:18.5633983Z ##[group]Run actions/download-artifact@v4
2026-10-09T03:12:18.5634235Z with:
2026-10-09T03:12:18.5634468Z   pattern: G10-stage-*-cd9c554133769c264e0157c298d0bdc682d87b27
2026-10-09T03:12:18.5634752Z   path: jobs/G10-checkers
2026-10-09T03:12:18.5634957Z   merge-multiple: true
2026-10-09T03:12:18.5635164Z   repository: luisitin/partybox-game-cores
2026-10-09T03:12:18.5635407Z   run-id: 37876461892
2026-10-09T03:12:18.5635577Z env:
2026-10-09T03:12:18.5635793Z   G10_SOURCE_COMMIT: cd9c554133769c264e0157c298d0bdc682d87b27
2026-10-09T03:12:18.5636053Z ##[endgroup]
2026-10-09T03:12:18.6909985Z (node:3511) [DEP0040] DeprecationWarning: The `punycode` module is deprecated. Please use a userland alternative instead.
2026-10-09T03:12:18.6910842Z (Use `node --trace-deprecation ...` to show where the warning was created)
2026-10-09T03:12:18.8127521Z Found 4 artifact(s)
2026-10-09T03:12:18.8129110Z Filtering artifacts by pattern 'G10-stage-*-cd9c554133769c264e0157c298d0bdc682d87b27'
2026-10-09T03:12:18.8144960Z Preparing to download the following artifacts:
2026-10-09T03:12:18.8146711Z - G10-stage-league-international-cd9c554133769c264e0157c298d0bdc682d87b27 (ID: 11593241540, Size: 490248, Expected Digest: sha256:820ed88af2c26777599f3cac8bc11e73cc8f4df00504475fd01e14c97d44eab8)
2026-10-09T03:12:18.8149299Z - G10-stage-league-american-cd9c554133769c264e0157c298d0bdc682d87b27 (ID: 11592911635, Size: 372101, Expected Digest: sha256:f05612fa398d75559c3a6072dd470d0d880dce24f922a3821c6d2d711b7e801e)
2026-10-09T03:12:18.8151479Z - G10-stage-browser-cd9c554133769c264e0157c298d0bdc682d87b27 (ID: 11592827042, Size: 8700954, Expected Digest: sha256:41df872524d306bc9e6f8deaa310bd60c99bea13e4480e94f3262d7fd000b62b)
2026-10-09T03:12:18.8153775Z - G10-stage-node-cd9c554133769c264e0157c298d0bdc682d87b27 (ID: 11592737328, Size: 136625, Expected Digest: sha256:7e39afb812e7faba16e8a583c58dd02434da9a6bb03a7fc804858bd36af81081)
2026-10-09T03:12:18.9714776Z Redirecting to blob download url: https://productionresultssa7.blob.core.windows.net/actions-results/4a8b3788-40e6-81f8-84b9-fbdd1564624f/workflow-job-run-bb023fe5-ee16-5f33-bced-411f39a02f00/artifacts/2d6f2ed2d46e598f72de769448762732688b064a117399254b63691585befd1b.zip
2026-10-09T03:12:18.9716618Z Starting download of artifact to: /home/runner/work/partybox-game-cores/partybox-game-cores/jobs/G10-checkers
2026-10-09T03:12:19.0144975Z Redirecting to blob download url: https://productionresultssa7.blob.core.windows.net/actions-results/4a8b3788-40e6-81f8-84b9-fbdd1564624f/workflow-job-run-406cfa39-addf-54bb-aa69-dd49ff4d203c/artifacts/d041749c8dde3c167c2026be35a819a79d5926a6ccaa35c0964c2c163e349c3b.zip
2026-10-09T03:12:19.0146161Z Starting download of artifact to: /home/runner/work/partybox-game-cores/partybox-game-cores/jobs/G10-checkers
2026-10-09T03:12:19.0198747Z Redirecting to blob download url: https://productionresultssa7.blob.core.windows.net/actions-results/4a8b3788-40e6-81f8-84b9-fbdd1564624f/workflow-job-run-8f3b8c25-6556-504f-8056-059d5e49d9f1/artifacts/f0c7a1aad0ea3c78bb0b458bfb16174000be9eacf0bc2ee70cd092acf65d9202.zip
2026-10-09T03:12:19.0199987Z Starting download of artifact to: /home/runner/work/partybox-game-cores/partybox-game-cores/jobs/G10-checkers
2026-10-09T03:12:19.0203854Z Redirecting to blob download url: https://productionresultssa7.blob.core.windows.net/actions-results/4a8b3788-40e6-81f8-84b9-fbdd1564624f/workflow-job-run-50c4f031-894d-5197-8b2e-350a1c52c240/artifacts/e5964595be795327b6c0baac123869b7929802c83edc35385768d4848293c80b.zip
2026-10-09T03:12:19.0206169Z Starting download of artifact to: /home/runner/work/partybox-game-cores/partybox-game-cores/jobs/G10-checkers
2026-10-09T03:12:19.1299529Z (node:3511) [DEP0005] DeprecationWarning: Buffer() is deprecated due to security and usability issues. Please use the Buffer.alloc(), Buffer.allocUnsafe(), or Buffer.from() methods instead.
2026-10-09T03:12:19.2252456Z SHA256 digest of downloaded artifact is 7e39afb812e7faba16e8a583c58dd02434da9a6bb03a7fc804858bd36af81081
2026-10-09T03:12:19.2253232Z Artifact download completed successfully.
2026-10-09T03:12:19.2336043Z SHA256 digest of downloaded artifact is f05612fa398d75559c3a6072dd470d0d880dce24f922a3821c6d2d711b7e801e
2026-10-09T03:12:19.2336649Z Artifact download completed successfully.
2026-10-09T03:12:19.3157161Z SHA256 digest of downloaded artifact is 820ed88af2c26777599f3cac8bc11e73cc8f4df00504475fd01e14c97d44eab8
2026-10-09T03:12:19.3158008Z Artifact download completed successfully.
2026-10-09T03:12:19.6288620Z SHA256 digest of downloaded artifact is 41df872524d306bc9e6f8deaa310bd60c99bea13e4480e94f3262d7fd000b62b
2026-10-09T03:12:19.6289165Z Artifact download completed successfully.
2026-10-09T03:12:19.6289513Z Total of 4 artifact(s) downloaded
2026-10-09T03:12:19.6293555Z Download artifact has finished successfully
2026-10-09T03:12:19.6420564Z ##[group]Run set -o pipefail
2026-10-09T03:12:19.6420993Z [36;1mset -o pipefail[0m
2026-10-09T03:12:19.6421511Z [36;1mnode scripts/check.mjs --stage final 2>&1 | tee .work-stage-final.stdout[0m
2026-10-09T03:12:19.6489878Z shell: /usr/bin/bash -e {0}
2026-10-09T03:12:19.6490125Z env:
2026-10-09T03:12:19.6490383Z   G10_SOURCE_COMMIT: cd9c554133769c264e0157c298d0bdc682d87b27
2026-10-09T03:12:19.6490687Z ##[endgroup]
2026-10-09T03:12:19.7568321Z 
2026-10-09T03:12:19.7569148Z > partybox-g10-checkers@1.0.0 build
2026-10-09T03:12:19.7569763Z > tsc --noEmit && node scripts/build.mjs
2026-10-09T03:12:19.7570091Z 
2026-10-09T03:12:30.6943920Z PASS: complete offline single-page game written to /home/runner/work/partybox-game-cores/partybox-game-cores/jobs/G10-checkers/.work/play.html; original six-piece data is read in bounded blocks.
2026-10-09T03:12:45.6542215Z PASS: checksums, authoritative schemas/manifest, pure core source, fixed corpus provenance, original offline page (delivery execution gates explicitly excluded).
2026-10-09T03:13:04.5274640Z {"status":"PASS","games":4000,"files":80,"independentLegalMoveReplay":true}
2026-10-09T03:13:28.6155838Z PASS: checksums, authoritative schemas/manifest, pure core source, fixed corpus provenance, original offline page, required simulations/mutations/leagues and source-matched browser/media proof.
2026-10-09T03:13:31.5429507Z {"status":"PASS","stage":"final","sourceCommit":"cd9c554133769c264e0157c298d0bdc682d87b27","elapsedSeconds":71.85733462500001}
2026-10-09T03:13:31.5527230Z ##[group]Run node scripts/standalone-receipt.mjs
2026-10-09T03:13:31.5527599Z [36;1mnode scripts/standalone-receipt.mjs[0m
2026-10-09T03:13:31.5582840Z shell: /usr/bin/bash -e {0}
2026-10-09T03:13:31.5583083Z env:
2026-10-09T03:13:31.5583331Z   G10_SOURCE_COMMIT: cd9c554133769c264e0157c298d0bdc682d87b27
2026-10-09T03:13:31.5583626Z ##[endgroup]
2026-10-09T03:13:34.5870086Z Standalone page digest and exact-checkout receipt written.
2026-10-09T03:13:34.5971537Z ##[group]Run python3 scripts/standalone-parts.py split .work/play.html .work/standalone-delivery.json .work/standalone-parts
2026-10-09T03:13:34.5972726Z [36;1mpython3 scripts/standalone-parts.py split .work/play.html .work/standalone-delivery.json .work/standalone-parts[0m
2026-10-09T03:13:34.6044930Z shell: /usr/bin/bash -e {0}
2026-10-09T03:13:34.6045232Z env:
2026-10-09T03:13:34.6045495Z   G10_SOURCE_COMMIT: cd9c554133769c264e0157c298d0bdc682d87b27
2026-10-09T03:13:34.6045800Z ##[endgroup]
2026-10-09T03:13:38.0989031Z {"status": "PASS", "sourceCommit": "cd9c554133769c264e0157c298d0bdc682d87b27", "parts": 4, "bytes": 1390846291, "sha256": "b4f5267561bd95d68455ea5a83b936692b246d1a8ed936199c820e430a2da3eb"}
2026-10-09T03:13:38.1113804Z ##[group]Run actions/upload-artifact@v4
2026-10-09T03:13:38.1114216Z with:
2026-10-09T03:13:38.1114663Z   name: G10-standalone-part-00-cd9c554133769c264e0157c298d0bdc682d87b27
2026-10-09T03:13:38.1115598Z   path: jobs/G10-checkers/.work/standalone-parts/play.html.part-00
jobs/G10-checkers/.work/standalone-parts/standalone-*

2026-10-09T03:13:38.1116382Z   if-no-files-found: error
2026-10-09T03:13:38.1116741Z   include-hidden-files: true
2026-10-09T03:13:38.1117101Z   compression-level: 1
2026-10-09T03:13:38.1117419Z   retention-days: 7
2026-10-09T03:13:38.1117717Z   overwrite: false
2026-10-09T03:13:38.1118006Z env:
2026-10-09T03:13:38.1118370Z   G10_SOURCE_COMMIT: cd9c554133769c264e0157c298d0bdc682d87b27
2026-10-09T03:13:38.1119010Z ##[endgroup]
2026-10-09T03:13:38.2448849Z (node:3674) [DEP0040] DeprecationWarning: The `punycode` module is deprecated. Please use a userland alternative instead.
2026-10-09T03:13:38.2449627Z (Use `node --trace-deprecation ...` to show where the warning was created)
2026-10-09T03:13:38.2511268Z With the provided path, there will be 4 files uploaded
2026-10-09T03:13:38.2512321Z Artifact name is valid!
2026-10-09T03:13:38.2512861Z Root directory input is valid!
2026-10-09T03:13:38.4788974Z Beginning upload of artifact content to blob storage
2026-10-09T03:13:38.7502301Z (node:3674) [DEP0169] DeprecationWarning: `url.parse()` behavior is not standardized and prone to errors that have security implications. Use the WHATWG URL API instead. CVEs are not issued for `url.parse()` vulnerabilities.
2026-10-09T03:13:39.1003675Z Uploaded bytes 8388608
2026-10-09T03:13:39.3922791Z Uploaded bytes 16777216
2026-10-09T03:13:39.4543946Z Uploaded bytes 25165824
2026-10-09T03:13:39.7341904Z Uploaded bytes 33554432
2026-10-09T03:13:39.9414743Z Uploaded bytes 41943040
2026-10-09T03:13:40.1752369Z Uploaded bytes 50331648
2026-10-09T03:13:40.4249656Z Uploaded bytes 58720256
2026-10-09T03:13:40.6757962Z Uploaded bytes 67108864
2026-10-09T03:13:40.9716162Z Uploaded bytes 75497472
2026-10-09T03:13:41.2059986Z Uploaded bytes 83886080
2026-10-09T03:13:41.5104671Z Uploaded bytes 92274688
2026-10-09T03:13:41.6946272Z Uploaded bytes 100663296
2026-10-09T03:13:41.9623439Z Uploaded bytes 109051904
2026-10-09T03:13:42.2325362Z Uploaded bytes 117440512
2026-10-09T03:13:42.4888087Z Uploaded bytes 125829120
2026-10-09T03:13:42.7745300Z Uploaded bytes 134217728
2026-10-09T03:13:43.0197811Z Uploaded bytes 142606336
2026-10-09T03:13:43.3175087Z Uploaded bytes 150994944
2026-10-09T03:13:43.5098340Z Uploaded bytes 159383552
2026-10-09T03:13:43.8055536Z Uploaded bytes 167772160
2026-10-09T03:13:44.0254254Z Uploaded bytes 176160768
2026-10-09T03:13:44.2418351Z Uploaded bytes 184549376
2026-10-09T03:13:44.5503109Z Uploaded bytes 192937984
2026-10-09T03:13:44.8558692Z Uploaded bytes 201326592
2026-10-09T03:13:45.0483055Z Uploaded bytes 209715200
2026-10-09T03:13:45.3050323Z Uploaded bytes 218103808
2026-10-09T03:13:45.5429731Z Uploaded bytes 226492416
2026-10-09T03:13:45.7574614Z Uploaded bytes 234881024
2026-10-09T03:13:46.0287313Z Uploaded bytes 243269632
2026-10-09T03:13:46.3082931Z Uploaded bytes 251658240
2026-10-09T03:13:46.5427821Z Uploaded bytes 260046848
2026-10-09T03:13:46.8751502Z Uploaded bytes 268435456
2026-10-09T03:13:46.9976371Z Uploaded bytes 275344900
2026-10-09T03:13:47.0381089Z Finished uploading artifact content to blob storage!
2026-10-09T03:13:47.0383749Z SHA256 digest of uploaded artifact zip is 79a00ddb708a11ab95ff41bfea8bcfdfb70684daf41536ac02067822374e2b5d
2026-10-09T03:13:47.0385379Z Finalizing artifact upload
2026-10-09T03:13:47.3202879Z Artifact G10-standalone-part-00-cd9c554133769c264e0157c298d0bdc682d87b27.zip successfully finalized. Artifact ID 11592972646
2026-10-09T03:13:47.3204533Z Artifact G10-standalone-part-00-cd9c554133769c264e0157c298d0bdc682d87b27 has been successfully uploaded! Final size is 275344900 bytes. Artifact ID is 11592972646
2026-10-09T03:13:47.3210821Z Artifact download URL: https://github.com/luisitin/partybox-game-cores/actions/runs/37876461892/artifacts/11592972646
2026-10-09T03:13:47.3357833Z ##[group]Run actions/upload-artifact@v4
2026-10-09T03:13:47.3358097Z with:
2026-10-09T03:13:47.3358381Z   name: G10-standalone-part-01-cd9c554133769c264e0157c298d0bdc682d87b27
2026-10-09T03:13:47.3359172Z   path: jobs/G10-checkers/.work/standalone-parts/play.html.part-01
jobs/G10-checkers/.work/standalone-parts/standalone-*

2026-10-09T03:13:47.3359627Z   if-no-files-found: error
2026-10-09T03:13:47.3359857Z   include-hidden-files: true
2026-10-09T03:13:47.3360090Z   compression-level: 1
2026-10-09T03:13:47.3360297Z   retention-days: 7
2026-10-09T03:13:47.3360495Z   overwrite: false
2026-10-09T03:13:47.3360686Z env:
2026-10-09T03:13:47.3360918Z   G10_SOURCE_COMMIT: cd9c554133769c264e0157c298d0bdc682d87b27
2026-10-09T03:13:47.3361201Z ##[endgroup]
2026-10-09T03:13:47.4686508Z (node:3687) [DEP0040] DeprecationWarning: The `punycode` module is deprecated. Please use a userland alternative instead.
2026-10-09T03:13:47.4687517Z (Use `node --trace-deprecation ...` to show where the warning was created)
2026-10-09T03:13:47.4737586Z With the provided path, there will be 4 files uploaded
2026-10-09T03:13:47.4741860Z Artifact name is valid!
2026-10-09T03:13:47.4742358Z Root directory input is valid!
2026-10-09T03:13:47.7164255Z Beginning upload of artifact content to blob storage
2026-10-09T03:13:47.9890760Z (node:3687) [DEP0169] DeprecationWarning: `url.parse()` behavior is not standardized and prone to errors that have security implications. Use the WHATWG URL API instead. CVEs are not issued for `url.parse()` vulnerabilities.
2026-10-09T03:13:48.4453613Z Uploaded bytes 8388608
2026-10-09T03:13:48.6173090Z Uploaded bytes 16777216
2026-10-09T03:13:48.6547867Z Uploaded bytes 25165824
2026-10-09T03:13:48.9129873Z Uploaded bytes 33554432
2026-10-09T03:13:49.1550256Z Uploaded bytes 41943040
2026-10-09T03:13:49.3965274Z Uploaded bytes 50331648
2026-10-09T03:13:49.6585314Z Uploaded bytes 58720256
2026-10-09T03:13:49.9743770Z Uploaded bytes 67108864
2026-10-09T03:13:50.2043261Z Uploaded bytes 75497472
2026-10-09T03:13:50.4507681Z Uploaded bytes 83886080
2026-10-09T03:13:50.7662146Z Uploaded bytes 92274688
2026-10-09T03:13:50.9830351Z Uploaded bytes 100663296
2026-10-09T03:13:51.2393864Z Uploaded bytes 109051904
2026-10-09T03:13:51.4507574Z Uploaded bytes 117440512
2026-10-09T03:13:51.6926498Z Uploaded bytes 125829120
2026-10-09T03:13:51.9683134Z Uploaded bytes 134217728
2026-10-09T03:13:52.2050047Z Uploaded bytes 142606336
2026-10-09T03:13:52.4417117Z Uploaded bytes 150994944
2026-10-09T03:13:52.6977635Z Uploaded bytes 159383552
2026-10-09T03:13:53.0473645Z Uploaded bytes 167772160
2026-10-09T03:13:53.2509880Z Uploaded bytes 176160768
2026-10-09T03:13:53.5280576Z Uploaded bytes 184549376
2026-10-09T03:13:53.8163731Z Uploaded bytes 192937984
2026-10-09T03:13:54.0193737Z Uploaded bytes 201326592
2026-10-09T03:13:54.2868779Z Uploaded bytes 209715200
2026-10-09T03:13:54.5235090Z Uploaded bytes 218103808
2026-10-09T03:13:54.7833255Z Uploaded bytes 226492416
2026-10-09T03:13:55.0556493Z Uploaded bytes 234881024
2026-10-09T03:13:55.2714978Z Uploaded bytes 243269632
2026-10-09T03:13:55.5730516Z Uploaded bytes 251658240
2026-10-09T03:13:55.7820353Z Uploaded bytes 260046848
2026-10-09T03:13:56.0514692Z Uploaded bytes 268435456
2026-10-09T03:13:56.4139237Z Uploaded bytes 276824064
2026-10-09T03:13:56.4785799Z Uploaded bytes 278876343
2026-10-09T03:13:56.5135746Z Finished uploading artifact content to blob storage!
2026-10-09T03:13:56.5138068Z SHA256 digest of uploaded artifact zip is 809f5a2ca14817e027cd084a645462e5b141d3bc9648744390b40b2c7a6761ff
2026-10-09T03:13:56.5140093Z Finalizing artifact upload
2026-10-09T03:13:56.8221265Z Artifact G10-standalone-part-01-cd9c554133769c264e0157c298d0bdc682d87b27.zip successfully finalized. Artifact ID 11593390899
2026-10-09T03:13:56.8222280Z Artifact G10-standalone-part-01-cd9c554133769c264e0157c298d0bdc682d87b27 has been successfully uploaded! Final size is 278876343 bytes. Artifact ID is 11593390899
2026-10-09T03:13:56.8227773Z Artifact download URL: https://github.com/luisitin/partybox-game-cores/actions/runs/37876461892/artifacts/11593390899
2026-10-09T03:13:56.8366108Z ##[group]Run actions/upload-artifact@v4
2026-10-09T03:13:56.8366381Z with:
2026-10-09T03:13:56.8366670Z   name: G10-standalone-part-02-cd9c554133769c264e0157c298d0bdc682d87b27
2026-10-09T03:13:56.8367235Z   path: jobs/G10-checkers/.work/standalone-parts/play.html.part-02
jobs/G10-checkers/.work/standalone-parts/standalone-*

2026-10-09T03:13:56.8367695Z   if-no-files-found: error
2026-10-09T03:13:56.8367938Z   include-hidden-files: true
2026-10-09T03:13:56.8368176Z   compression-level: 1
2026-10-09T03:13:56.8368562Z   retention-days: 7
2026-10-09T03:13:56.8368792Z   overwrite: false
2026-10-09T03:13:56.8368990Z env:
2026-10-09T03:13:56.8369232Z   G10_SOURCE_COMMIT: cd9c554133769c264e0157c298d0bdc682d87b27
2026-10-09T03:13:56.8369523Z ##[endgroup]
2026-10-09T03:13:56.9677933Z (node:3703) [DEP0040] DeprecationWarning: The `punycode` module is deprecated. Please use a userland alternative instead.
2026-10-09T03:13:56.9679240Z (Use `node --trace-deprecation ...` to show where the warning was created)
2026-10-09T03:13:56.9769504Z With the provided path, there will be 4 files uploaded
2026-10-09T03:13:56.9770323Z Artifact name is valid!
2026-10-09T03:13:56.9770758Z Root directory input is valid!
2026-10-09T03:13:57.2146946Z Beginning upload of artifact content to blob storage
2026-10-09T03:13:57.4915765Z (node:3703) [DEP0169] DeprecationWarning: `url.parse()` behavior is not standardized and prone to errors that have security implications. Use the WHATWG URL API instead. CVEs are not issued for `url.parse()` vulnerabilities.
2026-10-09T03:13:57.8156845Z Uploaded bytes 8388608
2026-10-09T03:13:58.1478979Z Uploaded bytes 16777216
2026-10-09T03:13:58.2823188Z Uploaded bytes 25165824
2026-10-09T03:13:58.4561633Z Uploaded bytes 33554432
2026-10-09T03:13:58.7087247Z Uploaded bytes 41943040
2026-10-09T03:13:59.0193659Z Uploaded bytes 50331648
2026-10-09T03:13:59.2014000Z Uploaded bytes 58720256
2026-10-09T03:13:59.4423269Z Uploaded bytes 67108864
2026-10-09T03:13:59.7709370Z Uploaded bytes 75497472
2026-10-09T03:13:59.9332167Z Uploaded bytes 83886080
2026-10-09T03:14:00.2099370Z Uploaded bytes 92274688
2026-10-09T03:14:00.4555941Z Uploaded bytes 100663296
2026-10-09T03:14:00.7002659Z Uploaded bytes 109051904
2026-10-09T03:14:00.9545822Z Uploaded bytes 117440512
2026-10-09T03:14:01.2160058Z Uploaded bytes 125829120
2026-10-09T03:14:01.4797886Z Uploaded bytes 134217728
2026-10-09T03:14:01.7056257Z Uploaded bytes 142606336
2026-10-09T03:14:01.9865510Z Uploaded bytes 150994944
2026-10-09T03:14:02.2539444Z Uploaded bytes 159383552
2026-10-09T03:14:02.4547629Z Uploaded bytes 167772160
2026-10-09T03:14:02.7294789Z Uploaded bytes 176160768
2026-10-09T03:14:03.0218573Z Uploaded bytes 184549376
2026-10-09T03:14:03.2506357Z Uploaded bytes 192937984
2026-10-09T03:14:03.5205302Z Uploaded bytes 201326592
2026-10-09T03:14:03.7775690Z Uploaded bytes 209715200
2026-10-09T03:14:04.0225194Z Uploaded bytes 218103808
2026-10-09T03:14:04.3669180Z Uploaded bytes 226492416
2026-10-09T03:14:04.5225813Z Uploaded bytes 234881024
2026-10-09T03:14:04.7834101Z Uploaded bytes 243269632
2026-10-09T03:14:05.0358838Z Uploaded bytes 251658240
2026-10-09T03:14:05.2829419Z Uploaded bytes 260046848
2026-10-09T03:14:05.5579083Z Uploaded bytes 268435456
2026-10-09T03:14:05.8475808Z Uploaded bytes 276824064
2026-10-09T03:14:06.1602500Z Uploaded bytes 285212672
2026-10-09T03:14:06.1995515Z Uploaded bytes 286219587
2026-10-09T03:14:06.2313018Z Finished uploading artifact content to blob storage!
2026-10-09T03:14:06.2314924Z SHA256 digest of uploaded artifact zip is 7fb2073381fbdecac8ab4560cad18e875cab415f6c187da34206805eb7dbcb8c
2026-10-09T03:14:06.2316587Z Finalizing artifact upload
2026-10-09T03:14:06.5235590Z Artifact G10-standalone-part-02-cd9c554133769c264e0157c298d0bdc682d87b27.zip successfully finalized. Artifact ID 11593595351
2026-10-09T03:14:06.5237783Z Artifact G10-standalone-part-02-cd9c554133769c264e0157c298d0bdc682d87b27 has been successfully uploaded! Final size is 286219587 bytes. Artifact ID is 11593595351
2026-10-09T03:14:06.5249929Z Artifact download URL: https://github.com/luisitin/partybox-game-cores/actions/runs/37876461892/artifacts/11593595351
2026-10-09T03:14:06.5943989Z ##[group]Run actions/upload-artifact@v4
2026-10-09T03:14:06.5944435Z with:
2026-10-09T03:14:06.5944913Z   name: G10-standalone-part-03-cd9c554133769c264e0157c298d0bdc682d87b27
2026-10-09T03:14:06.5945655Z   path: jobs/G10-checkers/.work/standalone-parts/play.html.part-03
jobs/G10-checkers/.work/standalone-parts/standalone-*

2026-10-09T03:14:06.5946283Z   if-no-files-found: error
2026-10-09T03:14:06.5946732Z   include-hidden-files: true
2026-10-09T03:14:06.5947102Z   compression-level: 1
2026-10-09T03:14:06.5947529Z   retention-days: 7
2026-10-09T03:14:06.5947863Z   overwrite: false
2026-10-09T03:14:06.5948223Z env:
2026-10-09T03:14:06.5948733Z   G10_SOURCE_COMMIT: cd9c554133769c264e0157c298d0bdc682d87b27
2026-10-09T03:14:06.5949259Z ##[endgroup]
2026-10-09T03:14:06.7296678Z (node:3717) [DEP0040] DeprecationWarning: The `punycode` module is deprecated. Please use a userland alternative instead.
2026-10-09T03:14:06.7297681Z (Use `node --trace-deprecation ...` to show where the warning was created)
2026-10-09T03:14:06.7346948Z With the provided path, there will be 4 files uploaded
2026-10-09T03:14:06.7351609Z Artifact name is valid!
2026-10-09T03:14:06.7352336Z Root directory input is valid!
2026-10-09T03:14:06.9585235Z Beginning upload of artifact content to blob storage
2026-10-09T03:14:07.2320436Z (node:3717) [DEP0169] DeprecationWarning: `url.parse()` behavior is not standardized and prone to errors that have security implications. Use the WHATWG URL API instead. CVEs are not issued for `url.parse()` vulnerabilities.
2026-10-09T03:14:07.6026860Z Uploaded bytes 8388608
2026-10-09T03:14:07.8008745Z Uploaded bytes 16777216
2026-10-09T03:14:07.8963620Z Uploaded bytes 25165824
2026-10-09T03:14:08.1711074Z Uploaded bytes 33554432
2026-10-09T03:14:08.4096847Z Uploaded bytes 41943040
2026-10-09T03:14:08.6939760Z Uploaded bytes 50331648
2026-10-09T03:14:08.9184707Z Uploaded bytes 58720256
2026-10-09T03:14:09.1944308Z Uploaded bytes 67108864
2026-10-09T03:14:09.4968666Z Uploaded bytes 75497472
2026-10-09T03:14:09.7347164Z Uploaded bytes 83886080
2026-10-09T03:14:09.9863841Z Uploaded bytes 92274688
2026-10-09T03:14:10.2463787Z Uploaded bytes 100663296
2026-10-09T03:14:10.5591257Z Uploaded bytes 109051904
2026-10-09T03:14:10.7423812Z Uploaded bytes 117440512
2026-10-09T03:14:10.9444967Z Uploaded bytes 125829120
2026-10-09T03:14:10.9928540Z Uploaded bytes 127624632
2026-10-09T03:14:11.0272816Z Finished uploading artifact content to blob storage!
2026-10-09T03:14:11.0275116Z SHA256 digest of uploaded artifact zip is aab0a7fc76a60c15a18e692aa6f9ce47e017b34e8b4d72e1e5d40c530f216730
2026-10-09T03:14:11.0276461Z Finalizing artifact upload
2026-10-09T03:14:11.2540879Z Artifact G10-standalone-part-03-cd9c554133769c264e0157c298d0bdc682d87b27.zip successfully finalized. Artifact ID 11593306587
2026-10-09T03:14:11.2542602Z Artifact G10-standalone-part-03-cd9c554133769c264e0157c298d0bdc682d87b27 has been successfully uploaded! Final size is 127624632 bytes. Artifact ID is 11593306587
2026-10-09T03:14:11.2546230Z Artifact download URL: https://github.com/luisitin/partybox-game-cores/actions/runs/37876461892/artifacts/11593306587
2026-10-09T03:14:11.3569182Z ##[group]Run actions/upload-artifact@v4
2026-10-09T03:14:11.3569623Z with:
2026-10-09T03:14:11.3570071Z   name: G10-check-evidence-cd9c554133769c264e0157c298d0bdc682d87b27
2026-10-09T03:14:11.3570970Z   path: jobs/G10-checkers/.work-stage-*.stdout
jobs/G10-checkers/.work/checks
jobs/G10-checkers/.work/browser
jobs/G10-checkers/.work/media

2026-10-09T03:14:11.3571471Z   include-hidden-files: true
2026-10-09T03:14:11.3571721Z   retention-days: 7
2026-10-09T03:14:11.3571948Z   if-no-files-found: warn
2026-10-09T03:14:11.3572187Z   compression-level: 6
2026-10-09T03:14:11.3572600Z   overwrite: false
2026-10-09T03:14:11.3572809Z env:
2026-10-09T03:14:11.3573058Z   G10_SOURCE_COMMIT: cd9c554133769c264e0157c298d0bdc682d87b27
2026-10-09T03:14:11.3573363Z ##[endgroup]
2026-10-09T03:14:11.4900718Z (node:3730) [DEP0040] DeprecationWarning: The `punycode` module is deprecated. Please use a userland alternative instead.
2026-10-09T03:14:11.4901965Z (Use `node --trace-deprecation ...` to show where the warning was created)
2026-10-09T03:14:11.5255573Z With the provided path, there will be 239 files uploaded
2026-10-09T03:14:11.5256354Z Artifact name is valid!
2026-10-09T03:14:11.5256783Z Root directory input is valid!
2026-10-09T03:14:11.7376174Z Beginning upload of artifact content to blob storage
2026-10-09T03:14:12.2420811Z (node:3730) [DEP0169] DeprecationWarning: `url.parse()` behavior is not standardized and prone to errors that have security implications. Use the WHATWG URL API instead. CVEs are not issued for `url.parse()` vulnerabilities.
2026-10-09T03:14:12.6182385Z Uploaded bytes 8388608
2026-10-09T03:14:12.7166084Z Uploaded bytes 10540734
2026-10-09T03:14:12.7519409Z Finished uploading artifact content to blob storage!
2026-10-09T03:14:12.7521938Z SHA256 digest of uploaded artifact zip is 7e7052ffb27c2d594ff335e4f3a6af4f0172399cf68c5c0be72f8bf0d8428e14
2026-10-09T03:14:12.7523434Z Finalizing artifact upload
2026-10-09T03:14:12.9723743Z Artifact G10-check-evidence-cd9c554133769c264e0157c298d0bdc682d87b27.zip successfully finalized. Artifact ID 11593346279
2026-10-09T03:14:12.9725674Z Artifact G10-check-evidence-cd9c554133769c264e0157c298d0bdc682d87b27 has been successfully uploaded! Final size is 10540734 bytes. Artifact ID is 11593346279
2026-10-09T03:14:12.9731667Z Artifact download URL: https://github.com/luisitin/partybox-game-cores/actions/runs/37876461892/artifacts/11593346279
2026-10-09T03:14:12.9896114Z Post job cleanup.
2026-10-09T03:14:13.0855310Z (node:3742) [DEP0040] DeprecationWarning: The `punycode` module is deprecated. Please use a userland alternative instead.
2026-10-09T03:14:13.0856050Z (Use `node --trace-deprecation ...` to show where the warning was created)
2026-10-09T03:14:13.0857829Z Cache hit occurred on the primary key node-cache-Linux-x64-npm-b79e3f2344d4218dbbb2f93f566da8e1ac49738aa1184813b150890d461d0c8a, not saving cache.
2026-10-09T03:14:13.0967332Z Post job cleanup.
2026-10-09T03:14:13.1638510Z [command]/usr/bin/git version
2026-10-09T03:14:13.1673604Z git version 2.55.0
2026-10-09T03:14:13.1703067Z Temporarily overriding HOME='/home/runner/work/_temp/cbce766e-3d92-4fcf-9a50-ab7d48e83ef8' before making global git config changes
2026-10-09T03:14:13.1704433Z Adding repository directory to the temporary git global config as a safe directory
2026-10-09T03:14:13.1707978Z [command]/usr/bin/git config --global --add safe.directory /home/runner/work/partybox-game-cores/partybox-game-cores
2026-10-09T03:14:13.1739108Z [command]/usr/bin/git config --local --name-only --get-regexp core\.sshCommand
2026-10-09T03:14:13.1766852Z [command]/usr/bin/git submodule foreach --recursive sh -c "git config --local --name-only --get-regexp 'core\.sshCommand' && git config --local --unset-all 'core.sshCommand' || :"
2026-10-09T03:14:13.2021775Z [command]/usr/bin/git config --local --name-only --get-regexp http\.https\:\/\/github\.com\/\.extraheader
2026-10-09T03:14:13.2048827Z http.https://github.com/.extraheader
2026-10-09T03:14:13.2066121Z [command]/usr/bin/git config --local --unset-all http.https://github.com/.extraheader
2026-10-09T03:14:13.2103581Z [command]/usr/bin/git submodule foreach --recursive sh -c "git config --local --name-only --get-regexp 'http\.https\:\/\/github\.com\/\.extraheader' && git config --local --unset-all 'http.https://github.com/.extraheader' || :"
2026-10-09T03:14:13.2365801Z [command]/usr/bin/git config --local --name-only --get-regexp ^includeIf\.gitdir:
2026-10-09T03:14:13.2405585Z [command]/usr/bin/git submodule foreach --recursive git config --local --show-origin --name-only --get-regexp remote.origin.url
2026-10-09T03:14:13.2736304Z Cleaning up orphan processes
2026-10-09T03:14:13.3013168Z ##[warning]Node.js 20 is deprecated. The following actions target Node.js 20 but are being forced to run on Node.js 24: actions/checkout@v4, actions/download-artifact@v4, actions/setup-node@v4, actions/upload-artifact@v4. For more information see: https://github.blog/changelog/2025-09-19-deprecation-of-node-20-on-github-actions-runners/
