2026-10-08T23:35:42.2266199Z Current runner version: '2.337.0'
2026-10-08T23:35:42.2289053Z ##[group]Runner Image Provisioner
2026-10-08T23:35:42.2289878Z Hosted Compute Agent
2026-10-08T23:35:42.2290534Z Version: 20261002.596
2026-10-08T23:35:42.2291256Z Commit: c3d12f3313a95f25162a1503be624f3b0617f8c0
2026-10-08T23:35:42.2292022Z Build Date: 2026-10-02T22:28:27Z
2026-10-08T23:35:42.2292913Z Worker ID: {0dc429c3-d5ce-4eb0-94a5-9f1e58332f4b}
2026-10-08T23:35:42.2293598Z Region: westcentralus
2026-10-08T23:35:42.2294161Z Cloud: Azure
2026-10-08T23:35:42.2294761Z ##[endgroup]
2026-10-08T23:35:42.2296003Z ##[group]Operating System
2026-10-08T23:35:42.2296604Z Ubuntu
2026-10-08T23:35:42.2297096Z 24.04.5
2026-10-08T23:35:42.2297622Z LTS
2026-10-08T23:35:42.2298147Z ##[endgroup]
2026-10-08T23:35:42.2298663Z ##[group]Runner Image
2026-10-08T23:35:42.2299243Z Image: ubuntu-24.04
2026-10-08T23:35:42.2299769Z Version: 20261004.327.1
2026-10-08T23:35:42.2300993Z Included Software: https://github.com/actions/runner-images/blob/ubuntu24/20261004.327/images/ubuntu/Ubuntu2404-Readme.md
2026-10-08T23:35:42.2302734Z Image Release: https://github.com/actions/runner-images/releases/tag/ubuntu24%2F20261004.327
2026-10-08T23:35:42.2303678Z ##[endgroup]
2026-10-08T23:35:42.2304725Z ##[group]GITHUB_TOKEN Permissions
2026-10-08T23:35:42.2306701Z Contents: read
2026-10-08T23:35:42.2307232Z Metadata: read
2026-10-08T23:35:42.2307809Z ##[endgroup]
2026-10-08T23:35:42.2309762Z Secret source: Actions
2026-10-08T23:35:42.2310625Z Cache mode: write
2026-10-08T23:35:42.2311340Z Prepare workflow directory
2026-10-08T23:35:42.2801382Z Prepare all required actions
2026-10-08T23:35:42.2848573Z Getting action download info
2026-10-08T23:35:42.5848413Z Download action repository 'actions/checkout@v4' (SHA:11d5960a326750d5838078e36cf38b85af677262)
2026-10-08T23:35:42.6936698Z Download action repository 'actions/setup-node@v4' (SHA:49933ea5288caeca8642d1e84afbd3f7d6820020)
2026-10-08T23:35:42.8383427Z Download action repository 'actions/upload-artifact@v4' (SHA:ea165f8d65b6e75b540449e92b4886f43607fa02)
2026-10-08T23:35:43.0648783Z Complete job name: checks (node)
2026-10-08T23:35:43.1352891Z ##[group]Run actions/checkout@v4
2026-10-08T23:35:43.1353788Z with:
2026-10-08T23:35:43.1354340Z   ref: e7a5c6463af2f0033ff08d333fb378ad160c1e43
2026-10-08T23:35:43.1355108Z   repository: luisitin/partybox-game-cores
2026-10-08T23:35:43.1358838Z   token: ***
2026-10-08T23:35:43.1359318Z   ssh-strict: true
2026-10-08T23:35:43.1359806Z   ssh-user: git
2026-10-08T23:35:43.1360296Z   persist-credentials: true
2026-10-08T23:35:43.1360833Z   clean: true
2026-10-08T23:35:43.1361347Z   sparse-checkout-cone-mode: true
2026-10-08T23:35:43.1361890Z   fetch-depth: 1
2026-10-08T23:35:43.1362540Z   fetch-tags: false
2026-10-08T23:35:43.1363028Z   show-progress: true
2026-10-08T23:35:43.1363517Z   lfs: false
2026-10-08T23:35:43.1364054Z   submodules: false
2026-10-08T23:35:43.1364513Z   set-safe-directory: true
2026-10-08T23:35:43.1365614Z   allow-unsafe-pr-checkout: false
2026-10-08T23:35:43.1366385Z env:
2026-10-08T23:35:43.1367110Z   G10_SOURCE_COMMIT: e7a5c6463af2f0033ff08d333fb378ad160c1e43
2026-10-08T23:35:43.1367785Z ##[endgroup]
2026-10-08T23:35:43.2484922Z Syncing repository: luisitin/partybox-game-cores
2026-10-08T23:35:43.2488463Z ##[group]Getting Git version info
2026-10-08T23:35:43.2490320Z Working directory is '/home/runner/work/partybox-game-cores/partybox-game-cores'
2026-10-08T23:35:43.2492962Z [command]/usr/bin/git version
2026-10-08T23:35:43.2561922Z git version 2.55.0
2026-10-08T23:35:43.2583332Z ##[endgroup]
2026-10-08T23:35:43.2597031Z Temporarily overriding HOME='/home/runner/work/_temp/1f74c162-c14c-40e6-a893-1f5a703a8f93' before making global git config changes
2026-10-08T23:35:43.2599016Z Adding repository directory to the temporary git global config as a safe directory
2026-10-08T23:35:43.2601757Z [command]/usr/bin/git config --global --add safe.directory /home/runner/work/partybox-game-cores/partybox-game-cores
2026-10-08T23:35:43.2653619Z Deleting the contents of '/home/runner/work/partybox-game-cores/partybox-game-cores'
2026-10-08T23:35:43.2658033Z ##[group]Initializing the repository
2026-10-08T23:35:43.2664172Z [command]/usr/bin/git init /home/runner/work/partybox-game-cores/partybox-game-cores
2026-10-08T23:35:43.2787954Z hint: Using 'master' as the name for the initial branch. This default branch name
2026-10-08T23:35:43.2789800Z hint: will change to "main" in Git 3.0. To configure the initial branch name
2026-10-08T23:35:43.2791543Z hint: to use in all of your new repositories, which will suppress this warning,
2026-10-08T23:35:43.2792987Z hint: call:
2026-10-08T23:35:43.2793771Z hint:
2026-10-08T23:35:43.2794725Z hint: 	git config --global init.defaultBranch <name>
2026-10-08T23:35:43.2795835Z hint:
2026-10-08T23:35:43.2796858Z hint: Names commonly chosen instead of 'master' are 'main', 'trunk' and
2026-10-08T23:35:43.2798283Z hint: 'development'. The just-created branch can be renamed via this command:
2026-10-08T23:35:43.2799557Z hint:
2026-10-08T23:35:43.2800792Z hint: 	git branch -m <name>
2026-10-08T23:35:43.2801807Z hint:
2026-10-08T23:35:43.2803210Z hint: Disable this message with "git config set advice.defaultBranchName false"
2026-10-08T23:35:43.2805376Z Initialized empty Git repository in /home/runner/work/partybox-game-cores/partybox-game-cores/.git/
2026-10-08T23:35:43.2808522Z [command]/usr/bin/git remote add origin https://github.com/luisitin/partybox-game-cores
2026-10-08T23:35:43.2875832Z ##[endgroup]
2026-10-08T23:35:43.2877200Z ##[group]Disabling automatic garbage collection
2026-10-08T23:35:43.2879680Z [command]/usr/bin/git config --local gc.auto 0
2026-10-08T23:35:43.2925181Z ##[endgroup]
2026-10-08T23:35:43.2926598Z ##[group]Setting up auth
2026-10-08T23:35:43.2933804Z [command]/usr/bin/git config --local --name-only --get-regexp core\.sshCommand
2026-10-08T23:35:43.2983927Z [command]/usr/bin/git submodule foreach --recursive sh -c "git config --local --name-only --get-regexp 'core\.sshCommand' && git config --local --unset-all 'core.sshCommand' || :"
2026-10-08T23:35:43.3389346Z [command]/usr/bin/git config --local --name-only --get-regexp http\.https\:\/\/github\.com\/\.extraheader
2026-10-08T23:35:43.3422552Z [command]/usr/bin/git submodule foreach --recursive sh -c "git config --local --name-only --get-regexp 'http\.https\:\/\/github\.com\/\.extraheader' && git config --local --unset-all 'http.https://github.com/.extraheader' || :"
2026-10-08T23:35:43.3632594Z [command]/usr/bin/git config --local --name-only --get-regexp ^includeIf\.gitdir:
2026-10-08T23:35:43.3663090Z [command]/usr/bin/git submodule foreach --recursive git config --local --show-origin --name-only --get-regexp remote.origin.url
2026-10-08T23:35:43.3846046Z [command]/usr/bin/git config --local http.https://github.com/.extraheader AUTHORIZATION: basic ***
2026-10-08T23:35:43.3886349Z ##[endgroup]
2026-10-08T23:35:43.3887212Z ##[group]Fetching the repository
2026-10-08T23:35:43.3898310Z [command]/usr/bin/git -c protocol.version=2 fetch --no-tags --prune --no-recurse-submodules --depth=1 origin e7a5c6463af2f0033ff08d333fb378ad160c1e43
2026-10-08T23:36:07.0611722Z From https://github.com/luisitin/partybox-game-cores
2026-10-08T23:36:07.0613244Z  * branch            e7a5c6463af2f0033ff08d333fb378ad160c1e43 -> FETCH_HEAD
2026-10-08T23:36:07.0625538Z ##[endgroup]
2026-10-08T23:36:07.0626631Z ##[group]Determining the checkout info
2026-10-08T23:36:07.0627399Z ##[endgroup]
2026-10-08T23:36:07.0636024Z [command]/usr/bin/git sparse-checkout disable
2026-10-08T23:36:07.0690772Z [command]/usr/bin/git config --local --unset-all extensions.worktreeConfig
2026-10-08T23:36:07.0720655Z ##[group]Checking out the ref
2026-10-08T23:36:07.0723896Z [command]/usr/bin/git checkout --progress --force e7a5c6463af2f0033ff08d333fb378ad160c1e43
2026-10-08T23:36:08.4778818Z Updating files:  10% (174/1683)
2026-10-08T23:36:09.2151793Z Updating files:  11% (186/1683)
2026-10-08T23:36:10.0426008Z Updating files:  11% (193/1683)
2026-10-08T23:36:10.2186196Z Updating files:  12% (202/1683)
2026-10-08T23:36:11.0879646Z Updating files:  12% (203/1683)
2026-10-08T23:36:11.3483890Z Updating files:  12% (216/1683)
2026-10-08T23:36:12.1585734Z Updating files:  13% (219/1683)
2026-10-08T23:36:12.8707759Z Updating files:  13% (225/1683)
2026-10-08T23:36:13.1813291Z Updating files:  14% (236/1683)
2026-10-08T23:36:14.1040918Z Updating files:  14% (240/1683)
2026-10-08T23:36:14.1773914Z Updating files:  14% (249/1683)
2026-10-08T23:36:14.4753789Z Updating files:  15% (253/1683)
2026-10-08T23:36:14.4770492Z Updating files:  16% (270/1683)
2026-10-08T23:36:14.4771434Z Updating files:  17% (287/1683)
2026-10-08T23:36:14.4803496Z Updating files:  18% (303/1683)
2026-10-08T23:36:14.5067008Z Updating files:  19% (320/1683)
2026-10-08T23:36:14.5070216Z Updating files:  20% (337/1683)
2026-10-08T23:36:14.5093209Z Updating files:  21% (354/1683)
2026-10-08T23:36:14.5271469Z Updating files:  22% (371/1683)
2026-10-08T23:36:14.5275499Z Updating files:  23% (388/1683)
2026-10-08T23:36:14.5285132Z Updating files:  24% (404/1683)
2026-10-08T23:36:14.5290084Z Updating files:  25% (421/1683)
2026-10-08T23:36:14.5321047Z Updating files:  26% (438/1683)
2026-10-08T23:36:14.5335691Z Updating files:  27% (455/1683)
2026-10-08T23:36:14.5350913Z Updating files:  28% (472/1683)
2026-10-08T23:36:14.5363664Z Updating files:  29% (489/1683)
2026-10-08T23:36:14.5376585Z Updating files:  30% (505/1683)
2026-10-08T23:36:14.5384850Z Updating files:  31% (522/1683)
2026-10-08T23:36:14.5475129Z Updating files:  32% (539/1683)
2026-10-08T23:36:14.5486046Z Updating files:  33% (556/1683)
2026-10-08T23:36:14.5692781Z Updating files:  34% (573/1683)
2026-10-08T23:36:14.5894959Z Updating files:  35% (590/1683)
2026-10-08T23:36:14.5965519Z Updating files:  36% (606/1683)
2026-10-08T23:36:14.6014879Z Updating files:  37% (623/1683)
2026-10-08T23:36:14.6219808Z Updating files:  38% (640/1683)
2026-10-08T23:36:14.6423373Z Updating files:  39% (657/1683)
2026-10-08T23:36:14.6429225Z Updating files:  40% (674/1683)
2026-10-08T23:36:14.6641048Z Updating files:  41% (691/1683)
2026-10-08T23:36:14.6645458Z Updating files:  42% (707/1683)
2026-10-08T23:36:14.6655173Z Updating files:  43% (724/1683)
2026-10-08T23:36:14.6712940Z Updating files:  44% (741/1683)
2026-10-08T23:36:14.6719348Z Updating files:  45% (758/1683)
2026-10-08T23:36:14.6724932Z Updating files:  46% (775/1683)
2026-10-08T23:36:14.6742515Z Updating files:  47% (792/1683)
2026-10-08T23:36:14.6884004Z Updating files:  48% (808/1683)
2026-10-08T23:36:14.7045613Z Updating files:  49% (825/1683)
2026-10-08T23:36:14.7121203Z Updating files:  50% (842/1683)
2026-10-08T23:36:14.7362520Z Updating files:  51% (859/1683)
2026-10-08T23:36:14.7414353Z Updating files:  52% (876/1683)
2026-10-08T23:36:14.7428674Z Updating files:  53% (892/1683)
2026-10-08T23:36:14.7434897Z Updating files:  54% (909/1683)
2026-10-08T23:36:14.7481584Z Updating files:  55% (926/1683)
2026-10-08T23:36:14.7528242Z Updating files:  56% (943/1683)
2026-10-08T23:36:14.7540394Z Updating files:  57% (960/1683)
2026-10-08T23:36:14.7569508Z Updating files:  58% (977/1683)
2026-10-08T23:36:14.7609165Z Updating files:  59% (993/1683)
2026-10-08T23:36:14.7649216Z Updating files:  60% (1010/1683)
2026-10-08T23:36:14.7693304Z Updating files:  61% (1027/1683)
2026-10-08T23:36:14.7759763Z Updating files:  62% (1044/1683)
2026-10-08T23:36:14.7781451Z Updating files:  63% (1061/1683)
2026-10-08T23:36:14.7806963Z Updating files:  64% (1078/1683)
2026-10-08T23:36:14.7833184Z Updating files:  65% (1094/1683)
2026-10-08T23:36:14.7864404Z Updating files:  66% (1111/1683)
2026-10-08T23:36:14.7893073Z Updating files:  67% (1128/1683)
2026-10-08T23:36:14.7939264Z Updating files:  68% (1145/1683)
2026-10-08T23:36:14.7956413Z Updating files:  69% (1162/1683)
2026-10-08T23:36:14.7979761Z Updating files:  70% (1179/1683)
2026-10-08T23:36:14.8007469Z Updating files:  71% (1195/1683)
2026-10-08T23:36:14.8042941Z Updating files:  72% (1212/1683)
2026-10-08T23:36:14.8098563Z Updating files:  73% (1229/1683)
2026-10-08T23:36:14.8115044Z Updating files:  74% (1246/1683)
2026-10-08T23:36:14.8120046Z Updating files:  75% (1263/1683)
2026-10-08T23:36:14.8143851Z Updating files:  76% (1280/1683)
2026-10-08T23:36:14.8149338Z Updating files:  77% (1296/1683)
2026-10-08T23:36:14.8155762Z Updating files:  78% (1313/1683)
2026-10-08T23:36:14.8161075Z Updating files:  79% (1330/1683)
2026-10-08T23:36:14.8165613Z Updating files:  80% (1347/1683)
2026-10-08T23:36:14.8176307Z Updating files:  81% (1364/1683)
2026-10-08T23:36:14.8211198Z Updating files:  82% (1381/1683)
2026-10-08T23:36:14.8218482Z Updating files:  83% (1397/1683)
2026-10-08T23:36:14.8225483Z Updating files:  84% (1414/1683)
2026-10-08T23:36:14.8230557Z Updating files:  85% (1431/1683)
2026-10-08T23:36:14.8252757Z Updating files:  86% (1448/1683)
2026-10-08T23:36:14.8258116Z Updating files:  87% (1465/1683)
2026-10-08T23:36:14.8263665Z Updating files:  88% (1482/1683)
2026-10-08T23:36:14.8280818Z Updating files:  89% (1498/1683)
2026-10-08T23:36:14.8321580Z Updating files:  90% (1515/1683)
2026-10-08T23:36:14.8399782Z Updating files:  91% (1532/1683)
2026-10-08T23:36:14.8423002Z Updating files:  92% (1549/1683)
2026-10-08T23:36:14.8437048Z Updating files:  93% (1566/1683)
2026-10-08T23:36:14.8819324Z Updating files:  94% (1583/1683)
2026-10-08T23:36:15.3119693Z Updating files:  95% (1599/1683)
2026-10-08T23:36:15.3123690Z Updating files:  95% (1604/1683)
2026-10-08T23:36:15.3131160Z Updating files:  96% (1616/1683)
2026-10-08T23:36:15.3138131Z Updating files:  97% (1633/1683)
2026-10-08T23:36:15.3146015Z Updating files:  98% (1650/1683)
2026-10-08T23:36:15.3153526Z Updating files:  99% (1667/1683)
2026-10-08T23:36:15.3154297Z Updating files: 100% (1683/1683)
2026-10-08T23:36:15.3154894Z Updating files: 100% (1683/1683), done.
2026-10-08T23:36:15.3179574Z Note: switching to 'e7a5c6463af2f0033ff08d333fb378ad160c1e43'.
2026-10-08T23:36:15.3180027Z 
2026-10-08T23:36:15.3180468Z You are in 'detached HEAD' state. You can look around, make experimental
2026-10-08T23:36:15.3181177Z changes and commit them, and you can discard any commits you make in this
2026-10-08T23:36:15.3181954Z state without impacting any branches by switching back to a branch.
2026-10-08T23:36:15.3182759Z 
2026-10-08T23:36:15.3183160Z If you want to create a new branch to retain commits you create, you may
2026-10-08T23:36:15.3183856Z do so (now or later) by using -c with the switch command. Example:
2026-10-08T23:36:15.3184246Z 
2026-10-08T23:36:15.3184403Z   git switch -c <new-branch-name>
2026-10-08T23:36:15.3184752Z 
2026-10-08T23:36:15.3184913Z Or undo this operation with:
2026-10-08T23:36:15.3185193Z 
2026-10-08T23:36:15.3185417Z   git switch -
2026-10-08T23:36:15.3185588Z 
2026-10-08T23:36:15.3185984Z Turn off this advice by setting config variable advice.detachedHead to false
2026-10-08T23:36:15.3186418Z 
2026-10-08T23:36:15.3186959Z HEAD is now at e7a5c64 G10 verify recovered PR evidence and explicit readiness scope
2026-10-08T23:36:15.3278413Z ##[endgroup]
2026-10-08T23:36:15.3315766Z [command]/usr/bin/git log -1 --format=%H
2026-10-08T23:36:15.3338915Z e7a5c6463af2f0033ff08d333fb378ad160c1e43
2026-10-08T23:36:15.3583609Z ##[group]Run actions/setup-node@v4
2026-10-08T23:36:15.3583988Z with:
2026-10-08T23:36:15.3584267Z   node-version: 22.16.0
2026-10-08T23:36:15.3584604Z   cache: npm
2026-10-08T23:36:15.3584972Z   cache-dependency-path: jobs/G10-checkers/package-lock.json
2026-10-08T23:36:15.3585378Z   always-auth: false
2026-10-08T23:36:15.3585714Z   check-latest: false
2026-10-08T23:36:15.3587900Z   token: ***
2026-10-08T23:36:15.3588216Z env:
2026-10-08T23:36:15.3588554Z   G10_SOURCE_COMMIT: e7a5c6463af2f0033ff08d333fb378ad160c1e43
2026-10-08T23:36:15.3588946Z ##[endgroup]
2026-10-08T23:36:15.4899110Z Attempting to download 22.16.0...
2026-10-08T23:36:15.5000934Z (node:2289) [DEP0040] DeprecationWarning: The `punycode` module is deprecated. Please use a userland alternative instead.
2026-10-08T23:36:15.5001937Z (Use `node --trace-deprecation ...` to show where the warning was created)
2026-10-08T23:36:16.4110703Z Acquiring 22.16.0 - x64 from https://github.com/actions/node-versions/releases/download/22.16.0-15177438473/node-22.16.0-linux-x64.tar.gz
2026-10-08T23:36:17.0926866Z Extracting ...
2026-10-08T23:36:17.1031276Z [command]/usr/bin/tar xz --strip 1 --warning=no-unknown-keyword --overwrite -C /home/runner/work/_temp/7847c3e4-9b09-407e-b87f-55a3ff5c689a -f /home/runner/work/_temp/8a8e080d-68b6-4da8-b3be-698b2a13b841
2026-10-08T23:36:18.3506719Z Adding to the cache ...
2026-10-08T23:36:21.0263703Z ##[group]Environment details
2026-10-08T23:36:21.2391054Z node: v22.16.0
2026-10-08T23:36:21.2391732Z npm: 10.9.2
2026-10-08T23:36:21.2392575Z yarn: 1.22.22
2026-10-08T23:36:21.2393240Z ##[endgroup]
2026-10-08T23:36:21.2408590Z [command]/opt/hostedtoolcache/node/22.16.0/x64/bin/npm config get cache
2026-10-08T23:36:21.3227604Z /home/runner/.npm
2026-10-08T23:36:21.5133762Z Cache hit for: node-cache-Linux-x64-npm-b79e3f2344d4218dbbb2f93f566da8e1ac49738aa1184813b150890d461d0c8a
2026-10-08T23:36:21.5222931Z (node:2289) [DEP0169] DeprecationWarning: `url.parse()` behavior is not standardized and prone to errors that have security implications. Use the WHATWG URL API instead. CVEs are not issued for `url.parse()` vulnerabilities.
2026-10-08T23:36:22.5678808Z Received 12676330 of 12676330 (100.0%), 14.3 MBs/sec
2026-10-08T23:36:22.5679467Z Cache Size: ~12 MB (12676330 B)
2026-10-08T23:36:22.5702652Z [command]/usr/bin/tar -xf /home/runner/work/_temp/5ad629d0-4b7c-4e43-8997-68dac5c006cc/cache.tzst -P -C /home/runner/work/partybox-game-cores/partybox-game-cores --use-compress-program unzstd
2026-10-08T23:36:22.5895487Z Cache restored successfully
2026-10-08T23:36:22.5905156Z Cache restored from key: node-cache-Linux-x64-npm-b79e3f2344d4218dbbb2f93f566da8e1ac49738aa1184813b150890d461d0c8a
2026-10-08T23:36:22.6053765Z ##[group]Run npm ci --ignore-scripts --no-audit --no-fund
2026-10-08T23:36:22.6054350Z [36;1mnpm ci --ignore-scripts --no-audit --no-fund[0m
2026-10-08T23:36:22.6248106Z shell: /usr/bin/bash -e {0}
2026-10-08T23:36:22.6248623Z env:
2026-10-08T23:36:22.6249058Z   G10_SOURCE_COMMIT: e7a5c6463af2f0033ff08d333fb378ad160c1e43
2026-10-08T23:36:22.6249508Z ##[endgroup]
2026-10-08T23:36:23.4331628Z 
2026-10-08T23:36:23.4337865Z added 6 packages in 757ms
2026-10-08T23:36:23.4608555Z ##[group]Run if [ -f /etc/apt/apt-mirrors.txt ]; then
2026-10-08T23:36:23.4609078Z [36;1mif [ -f /etc/apt/apt-mirrors.txt ]; then[0m
2026-10-08T23:36:23.4609788Z [36;1m  sudo sed -i 's#http://azure.archive.ubuntu.com/ubuntu#https://archive.ubuntu.com/ubuntu#g' /etc/apt/apt-mirrors.txt[0m
2026-10-08T23:36:23.4610384Z [36;1mfi[0m
2026-10-08T23:36:23.4653871Z shell: /usr/bin/bash -e {0}
2026-10-08T23:36:23.4654363Z env:
2026-10-08T23:36:23.4654766Z   G10_SOURCE_COMMIT: e7a5c6463af2f0033ff08d333fb378ad160c1e43
2026-10-08T23:36:23.4655201Z ##[endgroup]
2026-10-08T23:36:23.4862335Z ##[group]Run sudo apt-get update
2026-10-08T23:36:23.4862811Z [36;1msudo apt-get update[0m
2026-10-08T23:36:23.4863263Z [36;1msudo apt-get install -y ffmpeg[0m
2026-10-08T23:36:23.4863631Z [36;1mffprobe -version[0m
2026-10-08T23:36:23.4863993Z [36;1mffmpeg -version[0m
2026-10-08T23:36:23.4904149Z shell: /usr/bin/bash -e {0}
2026-10-08T23:36:23.4904520Z env:
2026-10-08T23:36:23.4904994Z   G10_SOURCE_COMMIT: e7a5c6463af2f0033ff08d333fb378ad160c1e43
2026-10-08T23:36:23.4905412Z ##[endgroup]
2026-10-08T23:36:23.5564265Z Get:1 file:/etc/apt/apt-mirrors.txt Mirrorlist [139 B]
2026-10-08T23:36:23.5932078Z Get:6 https://packages.microsoft.com/ubuntu/24.04/prod noble InRelease [3600 B]
2026-10-08T23:36:23.6605314Z Get:7 https://packages.microsoft.com/ubuntu/24.04/prod noble/main armhf Packages [12.3 kB]
2026-10-08T23:36:23.6721045Z Get:8 https://packages.microsoft.com/ubuntu/24.04/prod noble/main amd64 Packages [531 kB]
2026-10-08T23:36:23.6835644Z Get:9 https://packages.microsoft.com/ubuntu/24.04/prod noble/main arm64 Packages [474 kB]
2026-10-08T23:36:23.6894350Z Get:10 https://packages.microsoft.com/ubuntu/24.04/prod noble/main all Packages [640 B]
2026-10-08T23:36:24.2067312Z Hit:2 https://archive.ubuntu.com/ubuntu noble InRelease
2026-10-08T23:36:24.3325570Z Get:3 https://archive.ubuntu.com/ubuntu noble-updates InRelease [126 kB]
2026-10-08T23:36:24.7955219Z Get:4 https://archive.ubuntu.com/ubuntu noble-backports InRelease [126 kB]
2026-10-08T23:36:25.1107589Z Get:5 https://archive.ubuntu.com/ubuntu noble-security InRelease [126 kB]
2026-10-08T23:36:25.3521618Z Get:11 https://archive.ubuntu.com/ubuntu noble-updates/main amd64 Packages [1375 kB]
2026-10-08T23:36:25.9397907Z Get:12 https://archive.ubuntu.com/ubuntu noble-updates/main Translation-en [306 kB]
2026-10-08T23:36:26.0910411Z Get:13 https://archive.ubuntu.com/ubuntu noble-updates/universe amd64 Packages [1702 kB]
2026-10-08T23:36:26.3804243Z Get:14 https://archive.ubuntu.com/ubuntu noble-updates/universe Translation-en [342 kB]
2026-10-08T23:36:26.5493363Z Get:15 https://archive.ubuntu.com/ubuntu noble-updates/restricted amd64 Packages [1761 kB]
2026-10-08T23:36:26.7387865Z Get:16 https://archive.ubuntu.com/ubuntu noble-updates/restricted Translation-en [401 kB]
2026-10-08T23:36:26.8798454Z Get:17 https://archive.ubuntu.com/ubuntu noble-updates/multiverse amd64 Packages [55.0 kB]
2026-10-08T23:36:27.0089147Z Get:18 https://archive.ubuntu.com/ubuntu noble-updates/multiverse Translation-en [14.3 kB]
2026-10-08T23:36:27.1391457Z Get:19 https://archive.ubuntu.com/ubuntu noble-security/main amd64 Packages [1116 kB]
2026-10-08T23:36:27.3999287Z Get:20 https://archive.ubuntu.com/ubuntu noble-security/main Translation-en [228 kB]
2026-10-08T23:36:27.7075797Z Get:21 https://archive.ubuntu.com/ubuntu noble-security/universe amd64 Packages [1220 kB]
2026-10-08T23:36:27.9200562Z Get:22 https://archive.ubuntu.com/ubuntu noble-security/universe Translation-en [245 kB]
2026-10-08T23:36:28.0687862Z Get:23 https://archive.ubuntu.com/ubuntu noble-security/restricted amd64 Packages [1632 kB]
2026-10-08T23:36:28.2495989Z Get:24 https://archive.ubuntu.com/ubuntu noble-security/restricted Translation-en [376 kB]
2026-10-08T23:36:28.3998673Z Get:25 https://archive.ubuntu.com/ubuntu noble-security/multiverse Translation-en [11.6 kB]
2026-10-08T23:36:31.2491344Z Fetched 12.2 MB in 5s (2494 kB/s)
2026-10-08T23:36:32.1107837Z Reading package lists...
2026-10-08T23:36:32.1433755Z Reading package lists...
2026-10-08T23:36:32.3255589Z Building dependency tree...
2026-10-08T23:36:32.3260226Z Reading state information...
2026-10-08T23:36:32.5131243Z The following additional packages will be installed:
2026-10-08T23:36:32.5132666Z   i965-va-driver intel-media-va-driver libaacs0 libass9 libasyncns0
2026-10-08T23:36:32.5133771Z   libavc1394-0 libavcodec60 libavdevice60 libavfilter9 libavformat60
2026-10-08T23:36:32.5134515Z   libavutil58 libbdplus0 libblas3 libbluray2 libbs2b0 libcaca0
2026-10-08T23:36:32.5135928Z   libcdio-cdda2t64 libcdio-paranoia2t64 libcdio19t64 libchromaprint1 libcjson1
2026-10-08T23:36:32.5136826Z   libcodec2-1.2 libdav1d7 libdc1394-25 libdecor-0-0 libdecor-0-plugin-1-gtk
2026-10-08T23:36:32.5137768Z   libflac12t64 libflite1 libgme0 libgsm1 libhwy1t64 libiec61883-0 libigdgmm12
2026-10-08T23:36:32.5138652Z   libjack-jackd2-0 libjxl0.7 liblapack3 liblilv-0-0 libmbedcrypto7t64
2026-10-08T23:36:32.5139561Z   libmp3lame0 libmpg123-0t64 libmysofa1 libopenal-data libopenal1
2026-10-08T23:36:32.5140524Z   libopenmpt0t64 libopus0 libplacebo338 libpocketsphinx3 libpostproc57
2026-10-08T23:36:32.5141332Z   libpulse0 librav1e0 libraw1394-11 librist4 librsvg2-2 librsvg2-common
2026-10-08T23:36:32.5142549Z   librubberband2 libsamplerate0 libsdl2-2.0-0 libserd-0-0 libshine3
2026-10-08T23:36:32.5143540Z   libsndfile1 libsndio7.0 libsord-0-0 libsoxr0 libspeex1 libsphinxbase3t64
2026-10-08T23:36:32.5144537Z   libsratom-0-0 libsrt1.5-gnutls libssh-gcrypt-4 libsvtav1enc1d1
2026-10-08T23:36:32.5145639Z   libswresample4 libswscale7 libtheora0 libtwolame0 libudfread0 libunibreak5
2026-10-08T23:36:32.5146729Z   libva-drm2 libva-x11-2 libva2 libvdpau1 libvidstab1.1 libvorbisenc2 libvpl2
2026-10-08T23:36:32.5147784Z   libvpx9 libx264-164 libx265-199 libxcb-shape0 libxv1 libxvidcore4 libzimg2
2026-10-08T23:36:32.5148830Z   libzix-0-0 libzvbi-common libzvbi0t64 mesa-va-drivers mesa-vdpau-drivers
2026-10-08T23:36:32.5149999Z   ocl-icd-libopencl1 pocketsphinx-en-us va-driver-all vdpau-driver-all
2026-10-08T23:36:32.5150522Z Suggested packages:
2026-10-08T23:36:32.5151000Z   ffmpeg-doc i965-va-driver-shaders libcuda1 libnvcuvid1 libnvidia-encode1
2026-10-08T23:36:32.5151628Z   libbluray-bdj jackd2 libportaudio2 opus-tools pulseaudio libraw1394-doc
2026-10-08T23:36:32.5152560Z   librsvg2-bin serdi sndiod sordi speex opencl-icd libvdpau-va-gl1
2026-10-08T23:36:32.5496467Z The following NEW packages will be installed:
2026-10-08T23:36:32.5497665Z   ffmpeg i965-va-driver intel-media-va-driver libaacs0 libass9 libasyncns0
2026-10-08T23:36:32.5498893Z   libavc1394-0 libavcodec60 libavdevice60 libavfilter9 libavformat60
2026-10-08T23:36:32.5499688Z   libavutil58 libbdplus0 libblas3 libbluray2 libbs2b0 libcaca0
2026-10-08T23:36:32.5500653Z   libcdio-cdda2t64 libcdio-paranoia2t64 libcdio19t64 libchromaprint1 libcjson1
2026-10-08T23:36:32.5501683Z   libcodec2-1.2 libdav1d7 libdc1394-25 libdecor-0-0 libdecor-0-plugin-1-gtk
2026-10-08T23:36:32.5502852Z   libflac12t64 libflite1 libgme0 libgsm1 libhwy1t64 libiec61883-0 libigdgmm12
2026-10-08T23:36:32.5503695Z   libjack-jackd2-0 libjxl0.7 liblapack3 liblilv-0-0 libmbedcrypto7t64
2026-10-08T23:36:32.5504552Z   libmp3lame0 libmpg123-0t64 libmysofa1 libopenal-data libopenal1
2026-10-08T23:36:32.5505343Z   libopenmpt0t64 libopus0 libplacebo338 libpocketsphinx3 libpostproc57
2026-10-08T23:36:32.5506194Z   libpulse0 librav1e0 libraw1394-11 librist4 librsvg2-2 librsvg2-common
2026-10-08T23:36:32.5506967Z   librubberband2 libsamplerate0 libsdl2-2.0-0 libserd-0-0 libshine3
2026-10-08T23:36:32.5507765Z   libsndfile1 libsndio7.0 libsord-0-0 libsoxr0 libspeex1 libsphinxbase3t64
2026-10-08T23:36:32.5508755Z   libsratom-0-0 libsrt1.5-gnutls libssh-gcrypt-4 libsvtav1enc1d1
2026-10-08T23:36:32.5509780Z   libswresample4 libswscale7 libtheora0 libtwolame0 libudfread0 libunibreak5
2026-10-08T23:36:32.5510873Z   libva-drm2 libva-x11-2 libva2 libvdpau1 libvidstab1.1 libvorbisenc2 libvpl2
2026-10-08T23:36:32.5511939Z   libvpx9 libx264-164 libx265-199 libxcb-shape0 libxv1 libxvidcore4 libzimg2
2026-10-08T23:36:32.5513062Z   libzix-0-0 libzvbi-common libzvbi0t64 mesa-va-drivers mesa-vdpau-drivers
2026-10-08T23:36:32.5514176Z   ocl-icd-libopencl1 pocketsphinx-en-us va-driver-all vdpau-driver-all
2026-10-08T23:36:32.5716454Z 0 upgraded, 99 newly installed, 0 to remove and 23 not upgraded.
2026-10-08T23:36:32.5718211Z Need to get 94.1 MB of archives.
2026-10-08T23:36:32.5718881Z After this operation, 227 MB of additional disk space will be used.
2026-10-08T23:36:32.5719574Z Get:1 file:/etc/apt/apt-mirrors.txt Mirrorlist [139 B]
2026-10-08T23:36:33.3354682Z Get:2 https://archive.ubuntu.com/ubuntu noble-updates/universe amd64 libva2 amd64 2.20.0-2ubuntu0.2 [66.4 kB]
2026-10-08T23:36:33.7751985Z Get:3 https://archive.ubuntu.com/ubuntu noble-updates/universe amd64 libva-drm2 amd64 2.20.0-2ubuntu0.2 [7124 B]
2026-10-08T23:36:33.9236387Z Get:4 https://archive.ubuntu.com/ubuntu noble-updates/universe amd64 libva-x11-2 amd64 2.20.0-2ubuntu0.2 [12.0 kB]
2026-10-08T23:36:34.0783225Z Get:5 https://archive.ubuntu.com/ubuntu noble/main amd64 libvdpau1 amd64 1.5-2build1 [27.8 kB]
2026-10-08T23:36:34.2499394Z Get:6 https://archive.ubuntu.com/ubuntu noble/universe amd64 libvpl2 amd64 2023.3.0-1build1 [99.8 kB]
2026-10-08T23:36:34.5483184Z Get:7 https://archive.ubuntu.com/ubuntu noble/universe amd64 ocl-icd-libopencl1 amd64 2.3.2-1build1 [38.5 kB]
2026-10-08T23:36:34.7122351Z Get:8 https://archive.ubuntu.com/ubuntu noble/universe amd64 libavutil58 amd64 7:6.1.1-3ubuntu5 [401 kB]
2026-10-08T23:36:35.1570783Z Get:9 https://archive.ubuntu.com/ubuntu noble/universe amd64 libcodec2-1.2 amd64 1.2.0-2build1 [8998 kB]
2026-10-08T23:36:36.3578519Z Get:10 https://archive.ubuntu.com/ubuntu noble/universe amd64 libdav1d7 amd64 1.4.1-1build1 [604 kB]
2026-10-08T23:36:36.5132008Z Get:11 https://archive.ubuntu.com/ubuntu noble/universe amd64 libgsm1 amd64 1.0.22-1build1 [27.8 kB]
2026-10-08T23:36:36.6570450Z Get:12 https://archive.ubuntu.com/ubuntu noble/universe amd64 libhwy1t64 amd64 1.0.7-8.1build1 [584 kB]
2026-10-08T23:36:36.8103351Z Get:13 https://archive.ubuntu.com/ubuntu noble-updates/universe amd64 libjxl0.7 amd64 0.7.0-10.2ubuntu6.1 [1001 kB]
2026-10-08T23:36:36.9719158Z Get:14 https://archive.ubuntu.com/ubuntu noble/main amd64 libmp3lame0 amd64 3.100-6build1 [142 kB]
2026-10-08T23:36:37.1173575Z Get:15 https://archive.ubuntu.com/ubuntu noble/main amd64 libopus0 amd64 1.4-1build1 [208 kB]
2026-10-08T23:36:37.2680630Z Get:16 https://archive.ubuntu.com/ubuntu noble/universe amd64 librav1e0 amd64 0.7.1-2 [1022 kB]
2026-10-08T23:36:37.4294311Z Get:17 https://archive.ubuntu.com/ubuntu noble-updates/main amd64 librsvg2-2 amd64 2.58.0+dfsg-1ubuntu0.1 [2141 kB]
2026-10-08T23:36:37.6131224Z Get:18 https://archive.ubuntu.com/ubuntu noble/universe amd64 libshine3 amd64 3.1.1-2build1 [23.2 kB]
2026-10-08T23:36:37.7582073Z Get:19 https://archive.ubuntu.com/ubuntu noble-updates/main amd64 libspeex1 amd64 1.2.1-2ubuntu2.24.04.1 [59.6 kB]
2026-10-08T23:36:37.9027164Z Get:20 https://archive.ubuntu.com/ubuntu noble/universe amd64 libsvtav1enc1d1 amd64 1.7.0+dfsg-2build1 [2425 kB]
2026-10-08T23:36:38.2743453Z Get:21 https://archive.ubuntu.com/ubuntu noble/universe amd64 libsoxr0 amd64 0.1.3-4build3 [80.0 kB]
2026-10-08T23:36:38.4189461Z Get:22 https://archive.ubuntu.com/ubuntu noble/universe amd64 libswresample4 amd64 7:6.1.1-3ubuntu5 [63.8 kB]
2026-10-08T23:36:38.5632779Z Get:23 https://archive.ubuntu.com/ubuntu noble/main amd64 libtheora0 amd64 1.1.1+dfsg.1-16.1build3 [211 kB]
2026-10-08T23:36:38.7102280Z Get:24 https://archive.ubuntu.com/ubuntu noble/main amd64 libtwolame0 amd64 0.4.0-2build3 [52.3 kB]
2026-10-08T23:36:38.8546452Z Get:25 https://archive.ubuntu.com/ubuntu noble/main amd64 libvorbisenc2 amd64 1.3.7-1build3 [80.8 kB]
2026-10-08T23:36:38.9990931Z Get:26 https://archive.ubuntu.com/ubuntu noble-updates/main amd64 libvpx9 amd64 1.14.0-1ubuntu2.3 [1143 kB]
2026-10-08T23:36:39.1630618Z Get:27 https://archive.ubuntu.com/ubuntu noble/universe amd64 libx264-164 amd64 2:0.164.3108+git31e19f9-1 [604 kB]
2026-10-08T23:36:39.3165315Z Get:28 https://archive.ubuntu.com/ubuntu noble/universe amd64 libx265-199 amd64 3.5-2build1 [1226 kB]
2026-10-08T23:36:39.4824826Z Get:29 https://archive.ubuntu.com/ubuntu noble/universe amd64 libxvidcore4 amd64 2:1.3.7-1build1 [219 kB]
2026-10-08T23:36:39.6288687Z Get:30 https://archive.ubuntu.com/ubuntu noble/universe amd64 libzvbi-common all 0.2.42-2 [42.4 kB]
2026-10-08T23:36:39.7728637Z Get:31 https://archive.ubuntu.com/ubuntu noble/universe amd64 libzvbi0t64 amd64 0.2.42-2 [261 kB]
2026-10-08T23:36:39.9203710Z Get:32 https://archive.ubuntu.com/ubuntu noble/universe amd64 libavcodec60 amd64 7:6.1.1-3ubuntu5 [5851 kB]
2026-10-08T23:36:40.2145553Z Get:33 https://archive.ubuntu.com/ubuntu noble/main amd64 libraw1394-11 amd64 2.1.2-2build3 [26.2 kB]
2026-10-08T23:36:40.3582576Z Get:34 https://archive.ubuntu.com/ubuntu noble/main amd64 libavc1394-0 amd64 0.5.4-5build3 [15.4 kB]
2026-10-08T23:36:40.5021159Z Get:35 https://archive.ubuntu.com/ubuntu noble/universe amd64 libunibreak5 amd64 5.1-2build1 [25.0 kB]
2026-10-08T23:36:40.6462345Z Get:36 https://archive.ubuntu.com/ubuntu noble/universe amd64 libass9 amd64 1:0.17.1-2build1 [104 kB]
2026-10-08T23:36:40.7906159Z Get:37 https://archive.ubuntu.com/ubuntu noble/universe amd64 libudfread0 amd64 1.1.2-1build1 [19.0 kB]
2026-10-08T23:36:40.9345010Z Get:38 https://archive.ubuntu.com/ubuntu noble/universe amd64 libbluray2 amd64 1:1.3.4-1build1 [159 kB]
2026-10-08T23:36:41.0789679Z Get:39 https://archive.ubuntu.com/ubuntu noble/universe amd64 libchromaprint1 amd64 1.5.1-5 [30.5 kB]
2026-10-08T23:36:41.4067761Z Get:40 https://archive.ubuntu.com/ubuntu noble/universe amd64 libgme0 amd64 0.6.3-7build1 [134 kB]
2026-10-08T23:36:41.5508814Z Get:41 https://archive.ubuntu.com/ubuntu noble-updates/main amd64 libmpg123-0t64 amd64 1.32.5-1ubuntu1.1 [169 kB]
2026-10-08T23:36:41.6959072Z Get:42 https://archive.ubuntu.com/ubuntu noble/universe amd64 libopenmpt0t64 amd64 0.7.3-1.1build3 [647 kB]
2026-10-08T23:36:41.8458211Z Get:43 https://archive.ubuntu.com/ubuntu noble/universe amd64 libcjson1 amd64 1.7.17-1 [24.8 kB]
2026-10-08T23:36:41.9899880Z Get:44 https://archive.ubuntu.com/ubuntu noble/universe amd64 libmbedcrypto7t64 amd64 2.28.8-1 [209 kB]
2026-10-08T23:36:42.1349061Z Get:45 https://archive.ubuntu.com/ubuntu noble/universe amd64 librist4 amd64 0.2.10+dfsg-2 [74.9 kB]
2026-10-08T23:36:42.2791917Z Get:46 https://archive.ubuntu.com/ubuntu noble/universe amd64 libsrt1.5-gnutls amd64 1.5.3-1build2 [316 kB]
2026-10-08T23:36:42.4254472Z Get:47 https://archive.ubuntu.com/ubuntu noble-updates/main amd64 libssh-gcrypt-4 amd64 0.10.6-2ubuntu0.5 [226 kB]
2026-10-08T23:36:42.5702950Z Get:48 https://archive.ubuntu.com/ubuntu noble/universe amd64 libavformat60 amd64 7:6.1.1-3ubuntu5 [1153 kB]
2026-10-08T23:36:42.7241009Z Get:49 https://archive.ubuntu.com/ubuntu noble/universe amd64 libbs2b0 amd64 3.1.0+dfsg-7build1 [10.6 kB]
2026-10-08T23:36:42.8683912Z Get:50 https://archive.ubuntu.com/ubuntu noble/universe amd64 libflite1 amd64 2.2-6build3 [13.6 MB]
2026-10-08T23:36:43.1810559Z Get:51 https://archive.ubuntu.com/ubuntu noble/universe amd64 libserd-0-0 amd64 0.32.2-1 [43.6 kB]
2026-10-08T23:36:43.3249884Z Get:52 https://archive.ubuntu.com/ubuntu noble/universe amd64 libzix-0-0 amd64 0.4.2-2build1 [23.6 kB]
2026-10-08T23:36:43.4689027Z Get:53 https://archive.ubuntu.com/ubuntu noble/universe amd64 libsord-0-0 amd64 0.16.16-2build1 [15.8 kB]
2026-10-08T23:36:43.6127877Z Get:54 https://archive.ubuntu.com/ubuntu noble/universe amd64 libsratom-0-0 amd64 0.6.16-1build1 [17.3 kB]
2026-10-08T23:36:43.7567478Z Get:55 https://archive.ubuntu.com/ubuntu noble/universe amd64 liblilv-0-0 amd64 0.24.22-1build1 [41.0 kB]
2026-10-08T23:36:43.9008596Z Get:56 https://archive.ubuntu.com/ubuntu noble/universe amd64 libmysofa1 amd64 1.3.2+dfsg-2ubuntu2 [1158 kB]
2026-10-08T23:36:44.0518184Z Get:57 https://archive.ubuntu.com/ubuntu noble/universe amd64 libplacebo338 amd64 6.338.2-2build1 [2654 kB]
2026-10-08T23:36:44.2122026Z Get:58 https://archive.ubuntu.com/ubuntu noble-updates/main amd64 libblas3 amd64 3.12.0-3build1.1 [238 kB]
2026-10-08T23:36:44.3574455Z Get:59 https://archive.ubuntu.com/ubuntu noble-updates/main amd64 liblapack3 amd64 3.12.0-3build1.1 [2646 kB]
2026-10-08T23:36:44.7011071Z Get:60 https://archive.ubuntu.com/ubuntu noble/main amd64 libasyncns0 amd64 0.8-6build4 [11.3 kB]
2026-10-08T23:36:44.8451396Z Get:61 https://archive.ubuntu.com/ubuntu noble/main amd64 libflac12t64 amd64 1.4.3+ds-2.1ubuntu2 [197 kB]
2026-10-08T23:36:44.9900182Z Get:62 https://archive.ubuntu.com/ubuntu noble-updates/main amd64 libsndfile1 amd64 1.2.2-1ubuntu5.24.04.1 [209 kB]
2026-10-08T23:36:45.1351124Z Get:63 https://archive.ubuntu.com/ubuntu noble-updates/main amd64 libpulse0 amd64 1:16.1+dfsg1-2ubuntu10.1 [292 kB]
2026-10-08T23:36:45.2806566Z Get:64 https://archive.ubuntu.com/ubuntu noble/universe amd64 libsphinxbase3t64 amd64 0.8+5prealpha+1-17build2 [126 kB]
2026-10-08T23:36:45.4252849Z Get:65 https://archive.ubuntu.com/ubuntu noble/universe amd64 libpocketsphinx3 amd64 0.8.0+real5prealpha+1-15ubuntu5 [133 kB]
2026-10-08T23:36:45.5696533Z Get:66 https://archive.ubuntu.com/ubuntu noble/universe amd64 libpostproc57 amd64 7:6.1.1-3ubuntu5 [49.9 kB]
2026-10-08T23:36:45.7139348Z Get:67 https://archive.ubuntu.com/ubuntu noble/main amd64 libsamplerate0 amd64 0.2.2-4build1 [1344 kB]
2026-10-08T23:36:45.8663494Z Get:68 https://archive.ubuntu.com/ubuntu noble/universe amd64 librubberband2 amd64 3.3.0+dfsg-2build1 [130 kB]
2026-10-08T23:36:46.0108275Z Get:69 https://archive.ubuntu.com/ubuntu noble/universe amd64 libswscale7 amd64 7:6.1.1-3ubuntu5 [193 kB]
2026-10-08T23:36:46.1558347Z Get:70 https://archive.ubuntu.com/ubuntu noble/universe amd64 libvidstab1.1 amd64 1.1.0-2build1 [38.5 kB]
2026-10-08T23:36:46.2998495Z Get:71 https://archive.ubuntu.com/ubuntu noble/universe amd64 libzimg2 amd64 3.0.5+ds1-1build1 [254 kB]
2026-10-08T23:36:46.4455598Z Get:72 https://archive.ubuntu.com/ubuntu noble/universe amd64 libavfilter9 amd64 7:6.1.1-3ubuntu5 [4235 kB]
2026-10-08T23:36:46.6213235Z Get:73 https://archive.ubuntu.com/ubuntu noble-updates/main amd64 libcaca0 amd64 0.99.beta20-4ubuntu0.2 [209 kB]
2026-10-08T23:36:46.7661368Z Get:74 https://archive.ubuntu.com/ubuntu noble-updates/main amd64 libcdio19t64 amd64 2.1.0-4.1ubuntu1.2 [62.4 kB]
2026-10-08T23:36:46.9101539Z Get:75 https://archive.ubuntu.com/ubuntu noble/main amd64 libcdio-cdda2t64 amd64 10.2+2.0.1-1.1build2 [16.5 kB]
2026-10-08T23:36:47.0544528Z Get:76 https://archive.ubuntu.com/ubuntu noble/main amd64 libcdio-paranoia2t64 amd64 10.2+2.0.1-1.1build2 [16.6 kB]
2026-10-08T23:36:47.1983545Z Get:77 https://archive.ubuntu.com/ubuntu noble/universe amd64 libdc1394-25 amd64 2.2.6-4build1 [90.1 kB]
2026-10-08T23:36:47.5254654Z Get:78 https://archive.ubuntu.com/ubuntu noble/main amd64 libiec61883-0 amd64 1.2.0-6build1 [24.5 kB]
2026-10-08T23:36:47.6695003Z Get:79 https://archive.ubuntu.com/ubuntu noble/main amd64 libjack-jackd2-0 amd64 1.9.21~dfsg-3ubuntu3 [289 kB]
2026-10-08T23:36:47.8148667Z Get:80 https://archive.ubuntu.com/ubuntu noble/universe amd64 libopenal-data all 1:1.23.1-4build1 [161 kB]
2026-10-08T23:36:47.9595225Z Get:81 https://archive.ubuntu.com/ubuntu noble/universe amd64 libsndio7.0 amd64 1.9.0-0.3build3 [29.6 kB]
2026-10-08T23:36:48.1036755Z Get:82 https://archive.ubuntu.com/ubuntu noble/universe amd64 libopenal1 amd64 1:1.23.1-4build1 [540 kB]
2026-10-08T23:36:48.2508036Z Get:83 https://archive.ubuntu.com/ubuntu noble/main amd64 libdecor-0-0 amd64 0.2.2-1build2 [16.5 kB]
2026-10-08T23:36:48.3951057Z Get:84 https://archive.ubuntu.com/ubuntu noble-updates/main amd64 libsdl2-2.0-0 amd64 2.30.0+dfsg-1ubuntu3.1 [686 kB]
2026-10-08T23:36:48.5427790Z Get:85 https://archive.ubuntu.com/ubuntu noble/main amd64 libxcb-shape0 amd64 1.15-1ubuntu2 [6100 B]
2026-10-08T23:36:48.6863753Z Get:86 https://archive.ubuntu.com/ubuntu noble/main amd64 libxv1 amd64 2:1.0.11-1.1build1 [10.7 kB]
2026-10-08T23:36:48.8301425Z Get:87 https://archive.ubuntu.com/ubuntu noble/universe amd64 libavdevice60 amd64 7:6.1.1-3ubuntu5 [82.3 kB]
2026-10-08T23:36:48.9744250Z Get:88 https://archive.ubuntu.com/ubuntu noble/universe amd64 ffmpeg amd64 7:6.1.1-3ubuntu5 [1879 kB]
2026-10-08T23:36:49.1291122Z Get:89 https://archive.ubuntu.com/ubuntu noble-updates/universe amd64 libigdgmm12 amd64 22.3.17+ds1-1ubuntu1 [145 kB]
2026-10-08T23:36:49.2739106Z Get:90 https://archive.ubuntu.com/ubuntu noble-updates/universe amd64 intel-media-va-driver amd64 24.1.0+dfsg1-1ubuntu0.2 [3163 kB]
2026-10-08T23:36:49.4358087Z Get:91 https://archive.ubuntu.com/ubuntu noble/universe amd64 libaacs0 amd64 0.11.1-2build1 [62.9 kB]
2026-10-08T23:36:49.5798115Z Get:92 https://archive.ubuntu.com/ubuntu noble/universe amd64 libbdplus0 amd64 0.2.0-3build1 [52.2 kB]
2026-10-08T23:36:49.7235150Z Get:93 https://archive.ubuntu.com/ubuntu noble/main amd64 libdecor-0-plugin-1-gtk amd64 0.2.2-1build2 [22.2 kB]
2026-10-08T23:36:49.8674996Z Get:94 https://archive.ubuntu.com/ubuntu noble-updates/main amd64 librsvg2-common amd64 2.58.0+dfsg-1ubuntu0.1 [11.8 kB]
2026-10-08T23:36:50.0114099Z Get:95 https://archive.ubuntu.com/ubuntu noble-updates/universe amd64 mesa-va-drivers amd64 25.2.8-0ubuntu0.24.04.4 [6778 B]
2026-10-08T23:36:50.1553687Z Get:96 https://archive.ubuntu.com/ubuntu noble-updates/main amd64 mesa-vdpau-drivers amd64 25.2.8-0ubuntu0.24.04.4 [23.4 kB]
2026-10-08T23:36:50.4836311Z Get:97 https://archive.ubuntu.com/ubuntu noble-updates/universe amd64 i965-va-driver amd64 2.4.1+dfsg1-1ubuntu0.2 [332 kB]
2026-10-08T23:36:50.6291428Z Get:98 https://archive.ubuntu.com/ubuntu noble-updates/universe amd64 va-driver-all amd64 2.20.0-2ubuntu0.2 [5014 B]
2026-10-08T23:36:50.7729334Z Get:99 https://archive.ubuntu.com/ubuntu noble/main amd64 vdpau-driver-all amd64 1.5-2build1 [4414 B]
2026-10-08T23:36:50.9165373Z Get:100 https://archive.ubuntu.com/ubuntu noble/universe amd64 pocketsphinx-en-us all 0.8.0+real5prealpha+1-15ubuntu5 [27.4 MB]
2026-10-08T23:36:51.4217219Z Fetched 94.1 MB in 19s (5078 kB/s)
2026-10-08T23:36:51.4541813Z Selecting previously unselected package libva2:amd64.
2026-10-08T23:36:51.4738237Z (Reading database ... 
2026-10-08T23:36:51.4738749Z (Reading database ... 5%
2026-10-08T23:36:51.4739469Z (Reading database ... 10%
2026-10-08T23:36:51.4740025Z (Reading database ... 15%
2026-10-08T23:36:51.4740587Z (Reading database ... 20%
2026-10-08T23:36:51.4741276Z (Reading database ... 25%
2026-10-08T23:36:51.4741765Z (Reading database ... 30%
2026-10-08T23:36:51.4742548Z (Reading database ... 35%
2026-10-08T23:36:51.4743113Z (Reading database ... 40%
2026-10-08T23:36:51.4743473Z (Reading database ... 45%
2026-10-08T23:36:51.4743818Z (Reading database ... 50%
2026-10-08T23:36:51.4776434Z (Reading database ... 55%
2026-10-08T23:36:51.5993822Z (Reading database ... 60%
2026-10-08T23:36:51.8050253Z (Reading database ... 65%
2026-10-08T23:36:51.9923034Z (Reading database ... 70%
2026-10-08T23:36:52.1932947Z (Reading database ... 75%
2026-10-08T23:36:52.3522349Z (Reading database ... 80%
2026-10-08T23:36:52.5448551Z (Reading database ... 85%
2026-10-08T23:36:52.7521687Z (Reading database ... 90%
2026-10-08T23:36:52.9047886Z (Reading database ... 95%
2026-10-08T23:36:52.9048437Z (Reading database ... 100%
2026-10-08T23:36:52.9048943Z (Reading database ... 203191 files and directories currently installed.)
2026-10-08T23:36:52.9094503Z Preparing to unpack .../00-libva2_2.20.0-2ubuntu0.2_amd64.deb ...
2026-10-08T23:36:52.9218345Z Unpacking libva2:amd64 (2.20.0-2ubuntu0.2) ...
2026-10-08T23:36:52.9608681Z Selecting previously unselected package libva-drm2:amd64.
2026-10-08T23:36:52.9731140Z Preparing to unpack .../01-libva-drm2_2.20.0-2ubuntu0.2_amd64.deb ...
2026-10-08T23:36:52.9740954Z Unpacking libva-drm2:amd64 (2.20.0-2ubuntu0.2) ...
2026-10-08T23:36:52.9911603Z Selecting previously unselected package libva-x11-2:amd64.
2026-10-08T23:36:53.0033235Z Preparing to unpack .../02-libva-x11-2_2.20.0-2ubuntu0.2_amd64.deb ...
2026-10-08T23:36:53.0044636Z Unpacking libva-x11-2:amd64 (2.20.0-2ubuntu0.2) ...
2026-10-08T23:36:53.0215994Z Selecting previously unselected package libvdpau1:amd64.
2026-10-08T23:36:53.0340223Z Preparing to unpack .../03-libvdpau1_1.5-2build1_amd64.deb ...
2026-10-08T23:36:53.0352827Z Unpacking libvdpau1:amd64 (1.5-2build1) ...
2026-10-08T23:36:53.0530545Z Selecting previously unselected package libvpl2.
2026-10-08T23:36:53.0653453Z Preparing to unpack .../04-libvpl2_2023.3.0-1build1_amd64.deb ...
2026-10-08T23:36:53.0665049Z Unpacking libvpl2 (2023.3.0-1build1) ...
2026-10-08T23:36:53.0852492Z Selecting previously unselected package ocl-icd-libopencl1:amd64.
2026-10-08T23:36:53.0975523Z Preparing to unpack .../05-ocl-icd-libopencl1_2.3.2-1build1_amd64.deb ...
2026-10-08T23:36:53.0987738Z Unpacking ocl-icd-libopencl1:amd64 (2.3.2-1build1) ...
2026-10-08T23:36:53.1202905Z Selecting previously unselected package libavutil58:amd64.
2026-10-08T23:36:53.1324832Z Preparing to unpack .../06-libavutil58_7%3a6.1.1-3ubuntu5_amd64.deb ...
2026-10-08T23:36:53.1336696Z Unpacking libavutil58:amd64 (7:6.1.1-3ubuntu5) ...
2026-10-08T23:36:53.1549224Z Selecting previously unselected package libcodec2-1.2:amd64.
2026-10-08T23:36:53.1671590Z Preparing to unpack .../07-libcodec2-1.2_1.2.0-2build1_amd64.deb ...
2026-10-08T23:36:53.1681448Z Unpacking libcodec2-1.2:amd64 (1.2.0-2build1) ...
2026-10-08T23:36:53.3151082Z Selecting previously unselected package libdav1d7:amd64.
2026-10-08T23:36:53.3273464Z Preparing to unpack .../08-libdav1d7_1.4.1-1build1_amd64.deb ...
2026-10-08T23:36:53.3284058Z Unpacking libdav1d7:amd64 (1.4.1-1build1) ...
2026-10-08T23:36:53.3519168Z Selecting previously unselected package libgsm1:amd64.
2026-10-08T23:36:53.3641763Z Preparing to unpack .../09-libgsm1_1.0.22-1build1_amd64.deb ...
2026-10-08T23:36:53.3652988Z Unpacking libgsm1:amd64 (1.0.22-1build1) ...
2026-10-08T23:36:53.3825057Z Selecting previously unselected package libhwy1t64:amd64.
2026-10-08T23:36:53.3945672Z Preparing to unpack .../10-libhwy1t64_1.0.7-8.1build1_amd64.deb ...
2026-10-08T23:36:53.3954116Z Unpacking libhwy1t64:amd64 (1.0.7-8.1build1) ...
2026-10-08T23:36:53.4518916Z Selecting previously unselected package libjxl0.7:amd64.
2026-10-08T23:36:53.4639822Z Preparing to unpack .../11-libjxl0.7_0.7.0-10.2ubuntu6.1_amd64.deb ...
2026-10-08T23:36:53.4650119Z Unpacking libjxl0.7:amd64 (0.7.0-10.2ubuntu6.1) ...
2026-10-08T23:36:53.5044636Z Selecting previously unselected package libmp3lame0:amd64.
2026-10-08T23:36:53.5168728Z Preparing to unpack .../12-libmp3lame0_3.100-6build1_amd64.deb ...
2026-10-08T23:36:53.5176905Z Unpacking libmp3lame0:amd64 (3.100-6build1) ...
2026-10-08T23:36:53.5355806Z Selecting previously unselected package libopus0:amd64.
2026-10-08T23:36:53.5478406Z Preparing to unpack .../13-libopus0_1.4-1build1_amd64.deb ...
2026-10-08T23:36:53.5488338Z Unpacking libopus0:amd64 (1.4-1build1) ...
2026-10-08T23:36:53.5671346Z Selecting previously unselected package librav1e0:amd64.
2026-10-08T23:36:53.5791766Z Preparing to unpack .../14-librav1e0_0.7.1-2_amd64.deb ...
2026-10-08T23:36:53.5801803Z Unpacking librav1e0:amd64 (0.7.1-2) ...
2026-10-08T23:36:53.6136469Z Selecting previously unselected package librsvg2-2:amd64.
2026-10-08T23:36:53.6256967Z Preparing to unpack .../15-librsvg2-2_2.58.0+dfsg-1ubuntu0.1_amd64.deb ...
2026-10-08T23:36:53.6268523Z Unpacking librsvg2-2:amd64 (2.58.0+dfsg-1ubuntu0.1) ...
2026-10-08T23:36:53.6947259Z Selecting previously unselected package libshine3:amd64.
2026-10-08T23:36:53.7067493Z Preparing to unpack .../16-libshine3_3.1.1-2build1_amd64.deb ...
2026-10-08T23:36:53.7075945Z Unpacking libshine3:amd64 (3.1.1-2build1) ...
2026-10-08T23:36:53.7244063Z Selecting previously unselected package libspeex1:amd64.
2026-10-08T23:36:53.7364101Z Preparing to unpack .../17-libspeex1_1.2.1-2ubuntu2.24.04.1_amd64.deb ...
2026-10-08T23:36:53.7372603Z Unpacking libspeex1:amd64 (1.2.1-2ubuntu2.24.04.1) ...
2026-10-08T23:36:53.7536510Z Selecting previously unselected package libsvtav1enc1d1:amd64.
2026-10-08T23:36:53.7655695Z Preparing to unpack .../18-libsvtav1enc1d1_1.7.0+dfsg-2build1_amd64.deb ...
2026-10-08T23:36:53.7663267Z Unpacking libsvtav1enc1d1:amd64 (1.7.0+dfsg-2build1) ...
2026-10-08T23:36:53.8401392Z Selecting previously unselected package libsoxr0:amd64.
2026-10-08T23:36:53.8523721Z Preparing to unpack .../19-libsoxr0_0.1.3-4build3_amd64.deb ...
2026-10-08T23:36:53.8535275Z Unpacking libsoxr0:amd64 (0.1.3-4build3) ...
2026-10-08T23:36:53.8876186Z Selecting previously unselected package libswresample4:amd64.
2026-10-08T23:36:53.8998658Z Preparing to unpack .../20-libswresample4_7%3a6.1.1-3ubuntu5_amd64.deb ...
2026-10-08T23:36:53.9010458Z Unpacking libswresample4:amd64 (7:6.1.1-3ubuntu5) ...
2026-10-08T23:36:53.9190256Z Selecting previously unselected package libtheora0:amd64.
2026-10-08T23:36:53.9314542Z Preparing to unpack .../21-libtheora0_1.1.1+dfsg.1-16.1build3_amd64.deb ...
2026-10-08T23:36:53.9325007Z Unpacking libtheora0:amd64 (1.1.1+dfsg.1-16.1build3) ...
2026-10-08T23:36:53.9525357Z Selecting previously unselected package libtwolame0:amd64.
2026-10-08T23:36:53.9652288Z Preparing to unpack .../22-libtwolame0_0.4.0-2build3_amd64.deb ...
2026-10-08T23:36:53.9660595Z Unpacking libtwolame0:amd64 (0.4.0-2build3) ...
2026-10-08T23:36:53.9834082Z Selecting previously unselected package libvorbisenc2:amd64.
2026-10-08T23:36:53.9955239Z Preparing to unpack .../23-libvorbisenc2_1.3.7-1build3_amd64.deb ...
2026-10-08T23:36:53.9965509Z Unpacking libvorbisenc2:amd64 (1.3.7-1build3) ...
2026-10-08T23:36:54.0154523Z Selecting previously unselected package libvpx9:amd64.
2026-10-08T23:36:54.0276763Z Preparing to unpack .../24-libvpx9_1.14.0-1ubuntu2.3_amd64.deb ...
2026-10-08T23:36:54.0286028Z Unpacking libvpx9:amd64 (1.14.0-1ubuntu2.3) ...
2026-10-08T23:36:54.0581889Z Selecting previously unselected package libx264-164:amd64.
2026-10-08T23:36:54.0703238Z Preparing to unpack .../25-libx264-164_2%3a0.164.3108+git31e19f9-1_amd64.deb ...
2026-10-08T23:36:54.0713210Z Unpacking libx264-164:amd64 (2:0.164.3108+git31e19f9-1) ...
2026-10-08T23:36:54.0987367Z Selecting previously unselected package libx265-199:amd64.
2026-10-08T23:36:54.1109497Z Preparing to unpack .../26-libx265-199_3.5-2build1_amd64.deb ...
2026-10-08T23:36:54.1162332Z Unpacking libx265-199:amd64 (3.5-2build1) ...
2026-10-08T23:36:54.2503475Z Selecting previously unselected package libxvidcore4:amd64.
2026-10-08T23:36:54.2623898Z Preparing to unpack .../27-libxvidcore4_2%3a1.3.7-1build1_amd64.deb ...
2026-10-08T23:36:54.2634347Z Unpacking libxvidcore4:amd64 (2:1.3.7-1build1) ...
2026-10-08T23:36:54.2820531Z Selecting previously unselected package libzvbi-common.
2026-10-08T23:36:54.2940680Z Preparing to unpack .../28-libzvbi-common_0.2.42-2_all.deb ...
2026-10-08T23:36:54.2951363Z Unpacking libzvbi-common (0.2.42-2) ...
2026-10-08T23:36:54.3836455Z Selecting previously unselected package libzvbi0t64:amd64.
2026-10-08T23:36:54.3958568Z Preparing to unpack .../29-libzvbi0t64_0.2.42-2_amd64.deb ...
2026-10-08T23:36:54.3969509Z Unpacking libzvbi0t64:amd64 (0.2.42-2) ...
2026-10-08T23:36:54.4170024Z Selecting previously unselected package libavcodec60:amd64.
2026-10-08T23:36:54.4291880Z Preparing to unpack .../30-libavcodec60_7%3a6.1.1-3ubuntu5_amd64.deb ...
2026-10-08T23:36:54.4300428Z Unpacking libavcodec60:amd64 (7:6.1.1-3ubuntu5) ...
2026-10-08T23:36:54.6168998Z Selecting previously unselected package libraw1394-11:amd64.
2026-10-08T23:36:54.6289502Z Preparing to unpack .../31-libraw1394-11_2.1.2-2build3_amd64.deb ...
2026-10-08T23:36:54.6299508Z Unpacking libraw1394-11:amd64 (2.1.2-2build3) ...
2026-10-08T23:36:54.6469234Z Selecting previously unselected package libavc1394-0:amd64.
2026-10-08T23:36:54.6589800Z Preparing to unpack .../32-libavc1394-0_0.5.4-5build3_amd64.deb ...
2026-10-08T23:36:54.6600003Z Unpacking libavc1394-0:amd64 (0.5.4-5build3) ...
2026-10-08T23:36:54.6764059Z Selecting previously unselected package libunibreak5:amd64.
2026-10-08T23:36:54.6883315Z Preparing to unpack .../33-libunibreak5_5.1-2build1_amd64.deb ...
2026-10-08T23:36:54.6894824Z Unpacking libunibreak5:amd64 (5.1-2build1) ...
2026-10-08T23:36:54.7062728Z Selecting previously unselected package libass9:amd64.
2026-10-08T23:36:54.7181682Z Preparing to unpack .../34-libass9_1%3a0.17.1-2build1_amd64.deb ...
2026-10-08T23:36:54.7190303Z Unpacking libass9:amd64 (1:0.17.1-2build1) ...
2026-10-08T23:36:54.7372693Z Selecting previously unselected package libudfread0:amd64.
2026-10-08T23:36:54.7495437Z Preparing to unpack .../35-libudfread0_1.1.2-1build1_amd64.deb ...
2026-10-08T23:36:54.7507940Z Unpacking libudfread0:amd64 (1.1.2-1build1) ...
2026-10-08T23:36:54.7673574Z Selecting previously unselected package libbluray2:amd64.
2026-10-08T23:36:54.7793260Z Preparing to unpack .../36-libbluray2_1%3a1.3.4-1build1_amd64.deb ...
2026-10-08T23:36:54.7801619Z Unpacking libbluray2:amd64 (1:1.3.4-1build1) ...
2026-10-08T23:36:54.7984954Z Selecting previously unselected package libchromaprint1:amd64.
2026-10-08T23:36:54.8105164Z Preparing to unpack .../37-libchromaprint1_1.5.1-5_amd64.deb ...
2026-10-08T23:36:54.8114831Z Unpacking libchromaprint1:amd64 (1.5.1-5) ...
2026-10-08T23:36:54.8350678Z Selecting previously unselected package libgme0:amd64.
2026-10-08T23:36:54.8474902Z Preparing to unpack .../38-libgme0_0.6.3-7build1_amd64.deb ...
2026-10-08T23:36:54.8486564Z Unpacking libgme0:amd64 (0.6.3-7build1) ...
2026-10-08T23:36:54.8677777Z Selecting previously unselected package libmpg123-0t64:amd64.
2026-10-08T23:36:54.8800589Z Preparing to unpack .../39-libmpg123-0t64_1.32.5-1ubuntu1.1_amd64.deb ...
2026-10-08T23:36:54.8812082Z Unpacking libmpg123-0t64:amd64 (1.32.5-1ubuntu1.1) ...
2026-10-08T23:36:54.9005864Z Selecting previously unselected package libopenmpt0t64:amd64.
2026-10-08T23:36:54.9127459Z Preparing to unpack .../40-libopenmpt0t64_0.7.3-1.1build3_amd64.deb ...
2026-10-08T23:36:54.9137868Z Unpacking libopenmpt0t64:amd64 (0.7.3-1.1build3) ...
2026-10-08T23:36:54.9376444Z Selecting previously unselected package libcjson1:amd64.
2026-10-08T23:36:54.9500165Z Preparing to unpack .../41-libcjson1_1.7.17-1_amd64.deb ...
2026-10-08T23:36:54.9509039Z Unpacking libcjson1:amd64 (1.7.17-1) ...
2026-10-08T23:36:54.9686397Z Selecting previously unselected package libmbedcrypto7t64:amd64.
2026-10-08T23:36:54.9810078Z Preparing to unpack .../42-libmbedcrypto7t64_2.28.8-1_amd64.deb ...
2026-10-08T23:36:54.9819440Z Unpacking libmbedcrypto7t64:amd64 (2.28.8-1) ...
2026-10-08T23:36:55.0035179Z Selecting previously unselected package librist4:amd64.
2026-10-08T23:36:55.0157996Z Preparing to unpack .../43-librist4_0.2.10+dfsg-2_amd64.deb ...
2026-10-08T23:36:55.0166334Z Unpacking librist4:amd64 (0.2.10+dfsg-2) ...
2026-10-08T23:36:55.0339888Z Selecting previously unselected package libsrt1.5-gnutls:amd64.
2026-10-08T23:36:55.0460789Z Preparing to unpack .../44-libsrt1.5-gnutls_1.5.3-1build2_amd64.deb ...
2026-10-08T23:36:55.0470898Z Unpacking libsrt1.5-gnutls:amd64 (1.5.3-1build2) ...
2026-10-08T23:36:55.0871994Z Selecting previously unselected package libssh-gcrypt-4:amd64.
2026-10-08T23:36:55.0993138Z Preparing to unpack .../45-libssh-gcrypt-4_0.10.6-2ubuntu0.5_amd64.deb ...
2026-10-08T23:36:55.1003052Z Unpacking libssh-gcrypt-4:amd64 (0.10.6-2ubuntu0.5) ...
2026-10-08T23:36:55.1203549Z Selecting previously unselected package libavformat60:amd64.
2026-10-08T23:36:55.1323529Z Preparing to unpack .../46-libavformat60_7%3a6.1.1-3ubuntu5_amd64.deb ...
2026-10-08T23:36:55.1333966Z Unpacking libavformat60:amd64 (7:6.1.1-3ubuntu5) ...
2026-10-08T23:36:55.1663365Z Selecting previously unselected package libbs2b0:amd64.
2026-10-08T23:36:55.1784738Z Preparing to unpack .../47-libbs2b0_3.1.0+dfsg-7build1_amd64.deb ...
2026-10-08T23:36:55.1794650Z Unpacking libbs2b0:amd64 (3.1.0+dfsg-7build1) ...
2026-10-08T23:36:55.1998069Z Selecting previously unselected package libflite1:amd64.
2026-10-08T23:36:55.2120058Z Preparing to unpack .../48-libflite1_2.2-6build3_amd64.deb ...
2026-10-08T23:36:55.2129283Z Unpacking libflite1:amd64 (2.2-6build3) ...
2026-10-08T23:36:55.4074240Z Selecting previously unselected package libserd-0-0:amd64.
2026-10-08T23:36:55.4196754Z Preparing to unpack .../49-libserd-0-0_0.32.2-1_amd64.deb ...
2026-10-08T23:36:55.4207289Z Unpacking libserd-0-0:amd64 (0.32.2-1) ...
2026-10-08T23:36:55.4382411Z Selecting previously unselected package libzix-0-0:amd64.
2026-10-08T23:36:55.4503326Z Preparing to unpack .../50-libzix-0-0_0.4.2-2build1_amd64.deb ...
2026-10-08T23:36:55.4514469Z Unpacking libzix-0-0:amd64 (0.4.2-2build1) ...
2026-10-08T23:36:55.4684707Z Selecting previously unselected package libsord-0-0:amd64.
2026-10-08T23:36:55.4800788Z Preparing to unpack .../51-libsord-0-0_0.16.16-2build1_amd64.deb ...
2026-10-08T23:36:55.4809609Z Unpacking libsord-0-0:amd64 (0.16.16-2build1) ...
2026-10-08T23:36:55.4976805Z Selecting previously unselected package libsratom-0-0:amd64.
2026-10-08T23:36:55.5091964Z Preparing to unpack .../52-libsratom-0-0_0.6.16-1build1_amd64.deb ...
2026-10-08T23:36:55.5103105Z Unpacking libsratom-0-0:amd64 (0.6.16-1build1) ...
2026-10-08T23:36:55.5270761Z Selecting previously unselected package liblilv-0-0:amd64.
2026-10-08T23:36:55.5385221Z Preparing to unpack .../53-liblilv-0-0_0.24.22-1build1_amd64.deb ...
2026-10-08T23:36:55.5394567Z Unpacking liblilv-0-0:amd64 (0.24.22-1build1) ...
2026-10-08T23:36:55.5659589Z Selecting previously unselected package libmysofa1:amd64.
2026-10-08T23:36:55.5772965Z Preparing to unpack .../54-libmysofa1_1.3.2+dfsg-2ubuntu2_amd64.deb ...
2026-10-08T23:36:55.5780927Z Unpacking libmysofa1:amd64 (1.3.2+dfsg-2ubuntu2) ...
2026-10-08T23:36:55.5986995Z Selecting previously unselected package libplacebo338:amd64.
2026-10-08T23:36:55.6101274Z Preparing to unpack .../55-libplacebo338_6.338.2-2build1_amd64.deb ...
2026-10-08T23:36:55.6113892Z Unpacking libplacebo338:amd64 (6.338.2-2build1) ...
2026-10-08T23:36:55.7004479Z Selecting previously unselected package libblas3:amd64.
2026-10-08T23:36:55.7125083Z Preparing to unpack .../56-libblas3_3.12.0-3build1.1_amd64.deb ...
2026-10-08T23:36:55.7153377Z Unpacking libblas3:amd64 (3.12.0-3build1.1) ...
2026-10-08T23:36:55.7363999Z Selecting previously unselected package liblapack3:amd64.
2026-10-08T23:36:55.7484303Z Preparing to unpack .../57-liblapack3_3.12.0-3build1.1_amd64.deb ...
2026-10-08T23:36:55.7513818Z Unpacking liblapack3:amd64 (3.12.0-3build1.1) ...
2026-10-08T23:36:55.8288376Z Selecting previously unselected package libasyncns0:amd64.
2026-10-08T23:36:55.8410452Z Preparing to unpack .../58-libasyncns0_0.8-6build4_amd64.deb ...
2026-10-08T23:36:55.8423255Z Unpacking libasyncns0:amd64 (0.8-6build4) ...
2026-10-08T23:36:55.8591267Z Selecting previously unselected package libflac12t64:amd64.
2026-10-08T23:36:55.8713296Z Preparing to unpack .../59-libflac12t64_1.4.3+ds-2.1ubuntu2_amd64.deb ...
2026-10-08T23:36:55.8723086Z Unpacking libflac12t64:amd64 (1.4.3+ds-2.1ubuntu2) ...
2026-10-08T23:36:55.8914517Z Selecting previously unselected package libsndfile1:amd64.
2026-10-08T23:36:55.9043472Z Preparing to unpack .../60-libsndfile1_1.2.2-1ubuntu5.24.04.1_amd64.deb ...
2026-10-08T23:36:55.9051728Z Unpacking libsndfile1:amd64 (1.2.2-1ubuntu5.24.04.1) ...
2026-10-08T23:36:55.9267051Z Selecting previously unselected package libpulse0:amd64.
2026-10-08T23:36:55.9385197Z Preparing to unpack .../61-libpulse0_1%3a16.1+dfsg1-2ubuntu10.1_amd64.deb ...
2026-10-08T23:36:55.9447035Z Unpacking libpulse0:amd64 (1:16.1+dfsg1-2ubuntu10.1) ...
2026-10-08T23:36:55.9650317Z Selecting previously unselected package libsphinxbase3t64:amd64.
2026-10-08T23:36:55.9768134Z Preparing to unpack .../62-libsphinxbase3t64_0.8+5prealpha+1-17build2_amd64.deb ...
2026-10-08T23:36:55.9780309Z Unpacking libsphinxbase3t64:amd64 (0.8+5prealpha+1-17build2) ...
2026-10-08T23:36:55.9987332Z Selecting previously unselected package libpocketsphinx3:amd64.
2026-10-08T23:36:56.0106119Z Preparing to unpack .../63-libpocketsphinx3_0.8.0+real5prealpha+1-15ubuntu5_amd64.deb ...
2026-10-08T23:36:56.0153800Z Unpacking libpocketsphinx3:amd64 (0.8.0+real5prealpha+1-15ubuntu5) ...
2026-10-08T23:36:56.0353187Z Selecting previously unselected package libpostproc57:amd64.
2026-10-08T23:36:56.0469767Z Preparing to unpack .../64-libpostproc57_7%3a6.1.1-3ubuntu5_amd64.deb ...
2026-10-08T23:36:56.0478778Z Unpacking libpostproc57:amd64 (7:6.1.1-3ubuntu5) ...
2026-10-08T23:36:56.0646659Z Selecting previously unselected package libsamplerate0:amd64.
2026-10-08T23:36:56.0757362Z Preparing to unpack .../65-libsamplerate0_0.2.2-4build1_amd64.deb ...
2026-10-08T23:36:56.0767649Z Unpacking libsamplerate0:amd64 (0.2.2-4build1) ...
2026-10-08T23:36:56.0984123Z Selecting previously unselected package librubberband2:amd64.
2026-10-08T23:36:56.1094155Z Preparing to unpack .../66-librubberband2_3.3.0+dfsg-2build1_amd64.deb ...
2026-10-08T23:36:56.1102742Z Unpacking librubberband2:amd64 (3.3.0+dfsg-2build1) ...
2026-10-08T23:36:56.1276878Z Selecting previously unselected package libswscale7:amd64.
2026-10-08T23:36:56.1385912Z Preparing to unpack .../67-libswscale7_7%3a6.1.1-3ubuntu5_amd64.deb ...
2026-10-08T23:36:56.1394707Z Unpacking libswscale7:amd64 (7:6.1.1-3ubuntu5) ...
2026-10-08T23:36:56.1579906Z Selecting previously unselected package libvidstab1.1:amd64.
2026-10-08T23:36:56.1690496Z Preparing to unpack .../68-libvidstab1.1_1.1.0-2build1_amd64.deb ...
2026-10-08T23:36:56.1699297Z Unpacking libvidstab1.1:amd64 (1.1.0-2build1) ...
2026-10-08T23:36:56.1862932Z Selecting previously unselected package libzimg2:amd64.
2026-10-08T23:36:56.1970767Z Preparing to unpack .../69-libzimg2_3.0.5+ds1-1build1_amd64.deb ...
2026-10-08T23:36:56.1979934Z Unpacking libzimg2:amd64 (3.0.5+ds1-1build1) ...
2026-10-08T23:36:56.2174744Z Selecting previously unselected package libavfilter9:amd64.
2026-10-08T23:36:56.2281993Z Preparing to unpack .../70-libavfilter9_7%3a6.1.1-3ubuntu5_amd64.deb ...
2026-10-08T23:36:56.2290260Z Unpacking libavfilter9:amd64 (7:6.1.1-3ubuntu5) ...
2026-10-08T23:36:56.3585672Z Selecting previously unselected package libcaca0:amd64.
2026-10-08T23:36:56.3704788Z Preparing to unpack .../71-libcaca0_0.99.beta20-4ubuntu0.2_amd64.deb ...
2026-10-08T23:36:56.3714781Z Unpacking libcaca0:amd64 (0.99.beta20-4ubuntu0.2) ...
2026-10-08T23:36:56.3915950Z Selecting previously unselected package libcdio19t64:amd64.
2026-10-08T23:36:56.4034015Z Preparing to unpack .../72-libcdio19t64_2.1.0-4.1ubuntu1.2_amd64.deb ...
2026-10-08T23:36:56.4045097Z Unpacking libcdio19t64:amd64 (2.1.0-4.1ubuntu1.2) ...
2026-10-08T23:36:56.4219513Z Selecting previously unselected package libcdio-cdda2t64:amd64.
2026-10-08T23:36:56.4336647Z Preparing to unpack .../73-libcdio-cdda2t64_10.2+2.0.1-1.1build2_amd64.deb ...
2026-10-08T23:36:56.4346871Z Unpacking libcdio-cdda2t64:amd64 (10.2+2.0.1-1.1build2) ...
2026-10-08T23:36:56.4512552Z Selecting previously unselected package libcdio-paranoia2t64:amd64.
2026-10-08T23:36:56.4629416Z Preparing to unpack .../74-libcdio-paranoia2t64_10.2+2.0.1-1.1build2_amd64.deb ...
2026-10-08T23:36:56.4639823Z Unpacking libcdio-paranoia2t64:amd64 (10.2+2.0.1-1.1build2) ...
2026-10-08T23:36:56.4971021Z Selecting previously unselected package libdc1394-25:amd64.
2026-10-08T23:36:56.5089242Z Preparing to unpack .../75-libdc1394-25_2.2.6-4build1_amd64.deb ...
2026-10-08T23:36:56.5099253Z Unpacking libdc1394-25:amd64 (2.2.6-4build1) ...
2026-10-08T23:36:56.5272435Z Selecting previously unselected package libiec61883-0:amd64.
2026-10-08T23:36:56.5390250Z Preparing to unpack .../76-libiec61883-0_1.2.0-6build1_amd64.deb ...
2026-10-08T23:36:56.5401570Z Unpacking libiec61883-0:amd64 (1.2.0-6build1) ...
2026-10-08T23:36:56.5565114Z Selecting previously unselected package libjack-jackd2-0:amd64.
2026-10-08T23:36:56.5681177Z Preparing to unpack .../77-libjack-jackd2-0_1.9.21~dfsg-3ubuntu3_amd64.deb ...
2026-10-08T23:36:56.5750776Z Unpacking libjack-jackd2-0:amd64 (1.9.21~dfsg-3ubuntu3) ...
2026-10-08T23:36:56.5970684Z Selecting previously unselected package libopenal-data.
2026-10-08T23:36:56.6086538Z Preparing to unpack .../78-libopenal-data_1%3a1.23.1-4build1_all.deb ...
2026-10-08T23:36:56.6097109Z Unpacking libopenal-data (1:1.23.1-4build1) ...
2026-10-08T23:36:56.6272897Z Selecting previously unselected package libsndio7.0:amd64.
2026-10-08T23:36:56.6384510Z Preparing to unpack .../79-libsndio7.0_1.9.0-0.3build3_amd64.deb ...
2026-10-08T23:36:56.6395359Z Unpacking libsndio7.0:amd64 (1.9.0-0.3build3) ...
2026-10-08T23:36:56.6560959Z Selecting previously unselected package libopenal1:amd64.
2026-10-08T23:36:56.6669856Z Preparing to unpack .../80-libopenal1_1%3a1.23.1-4build1_amd64.deb ...
2026-10-08T23:36:56.6681300Z Unpacking libopenal1:amd64 (1:1.23.1-4build1) ...
2026-10-08T23:36:56.6893508Z Selecting previously unselected package libdecor-0-0:amd64.
2026-10-08T23:36:56.7003909Z Preparing to unpack .../81-libdecor-0-0_0.2.2-1build2_amd64.deb ...
2026-10-08T23:36:56.7014889Z Unpacking libdecor-0-0:amd64 (0.2.2-1build2) ...
2026-10-08T23:36:56.7559817Z Selecting previously unselected package libsdl2-2.0-0:amd64.
2026-10-08T23:36:56.7676592Z Preparing to unpack .../82-libsdl2-2.0-0_2.30.0+dfsg-1ubuntu3.1_amd64.deb ...
2026-10-08T23:36:56.7687716Z Unpacking libsdl2-2.0-0:amd64 (2.30.0+dfsg-1ubuntu3.1) ...
2026-10-08T23:36:56.8353965Z Selecting previously unselected package libxcb-shape0:amd64.
2026-10-08T23:36:56.8471631Z Preparing to unpack .../83-libxcb-shape0_1.15-1ubuntu2_amd64.deb ...
2026-10-08T23:36:56.8482900Z Unpacking libxcb-shape0:amd64 (1.15-1ubuntu2) ...
2026-10-08T23:36:56.8642984Z Selecting previously unselected package libxv1:amd64.
2026-10-08T23:36:56.8759772Z Preparing to unpack .../84-libxv1_2%3a1.0.11-1.1build1_amd64.deb ...
2026-10-08T23:36:56.8768395Z Unpacking libxv1:amd64 (2:1.0.11-1.1build1) ...
2026-10-08T23:36:56.8934740Z Selecting previously unselected package libavdevice60:amd64.
2026-10-08T23:36:56.9045861Z Preparing to unpack .../85-libavdevice60_7%3a6.1.1-3ubuntu5_amd64.deb ...
2026-10-08T23:36:56.9054422Z Unpacking libavdevice60:amd64 (7:6.1.1-3ubuntu5) ...
2026-10-08T23:36:56.9219082Z Selecting previously unselected package ffmpeg.
2026-10-08T23:36:56.9328633Z Preparing to unpack .../86-ffmpeg_7%3a6.1.1-3ubuntu5_amd64.deb ...
2026-10-08T23:36:56.9336971Z Unpacking ffmpeg (7:6.1.1-3ubuntu5) ...
2026-10-08T23:36:56.9785030Z Selecting previously unselected package libigdgmm12:amd64.
2026-10-08T23:36:56.9897323Z Preparing to unpack .../87-libigdgmm12_22.3.17+ds1-1ubuntu1_amd64.deb ...
2026-10-08T23:36:56.9906328Z Unpacking libigdgmm12:amd64 (22.3.17+ds1-1ubuntu1) ...
2026-10-08T23:36:57.0088548Z Selecting previously unselected package intel-media-va-driver:amd64.
2026-10-08T23:36:57.0202212Z Preparing to unpack .../88-intel-media-va-driver_24.1.0+dfsg1-1ubuntu0.2_amd64.deb ...
2026-10-08T23:36:57.0211305Z Unpacking intel-media-va-driver:amd64 (24.1.0+dfsg1-1ubuntu0.2) ...
2026-10-08T23:36:57.1485945Z Selecting previously unselected package libaacs0:amd64.
2026-10-08T23:36:57.1608458Z Preparing to unpack .../89-libaacs0_0.11.1-2build1_amd64.deb ...
2026-10-08T23:36:57.1622255Z Unpacking libaacs0:amd64 (0.11.1-2build1) ...
2026-10-08T23:36:57.1799606Z Selecting previously unselected package libbdplus0:amd64.
2026-10-08T23:36:57.1921140Z Preparing to unpack .../90-libbdplus0_0.2.0-3build1_amd64.deb ...
2026-10-08T23:36:57.1931300Z Unpacking libbdplus0:amd64 (0.2.0-3build1) ...
2026-10-08T23:36:57.2199421Z Selecting previously unselected package libdecor-0-plugin-1-gtk:amd64.
2026-10-08T23:36:57.2318679Z Preparing to unpack .../91-libdecor-0-plugin-1-gtk_0.2.2-1build2_amd64.deb ...
2026-10-08T23:36:57.2328990Z Unpacking libdecor-0-plugin-1-gtk:amd64 (0.2.2-1build2) ...
2026-10-08T23:36:57.2486932Z Selecting previously unselected package librsvg2-common:amd64.
2026-10-08T23:36:57.2604962Z Preparing to unpack .../92-librsvg2-common_2.58.0+dfsg-1ubuntu0.1_amd64.deb ...
2026-10-08T23:36:57.2616341Z Unpacking librsvg2-common:amd64 (2.58.0+dfsg-1ubuntu0.1) ...
2026-10-08T23:36:57.2798570Z Selecting previously unselected package mesa-va-drivers:amd64.
2026-10-08T23:36:57.2915996Z Preparing to unpack .../93-mesa-va-drivers_25.2.8-0ubuntu0.24.04.4_amd64.deb ...
2026-10-08T23:36:57.2925944Z Unpacking mesa-va-drivers:amd64 (25.2.8-0ubuntu0.24.04.4) ...
2026-10-08T23:36:57.3872477Z Selecting previously unselected package mesa-vdpau-drivers:amd64.
2026-10-08T23:36:57.3993268Z Preparing to unpack .../94-mesa-vdpau-drivers_25.2.8-0ubuntu0.24.04.4_amd64.deb ...
2026-10-08T23:36:57.4003558Z Unpacking mesa-vdpau-drivers:amd64 (25.2.8-0ubuntu0.24.04.4) ...
2026-10-08T23:36:57.4164263Z Selecting previously unselected package i965-va-driver:amd64.
2026-10-08T23:36:57.4284922Z Preparing to unpack .../95-i965-va-driver_2.4.1+dfsg1-1ubuntu0.2_amd64.deb ...
2026-10-08T23:36:57.4448753Z Unpacking i965-va-driver:amd64 (2.4.1+dfsg1-1ubuntu0.2) ...
2026-10-08T23:36:57.4666001Z Selecting previously unselected package va-driver-all:amd64.
2026-10-08T23:36:57.4785618Z Preparing to unpack .../96-va-driver-all_2.20.0-2ubuntu0.2_amd64.deb ...
2026-10-08T23:36:57.4794934Z Unpacking va-driver-all:amd64 (2.20.0-2ubuntu0.2) ...
2026-10-08T23:36:57.4946572Z Selecting previously unselected package vdpau-driver-all:amd64.
2026-10-08T23:36:57.5064051Z Preparing to unpack .../97-vdpau-driver-all_1.5-2build1_amd64.deb ...
2026-10-08T23:36:57.5074045Z Unpacking vdpau-driver-all:amd64 (1.5-2build1) ...
2026-10-08T23:36:57.5223036Z Selecting previously unselected package pocketsphinx-en-us.
2026-10-08T23:36:57.5336334Z Preparing to unpack .../98-pocketsphinx-en-us_0.8.0+real5prealpha+1-15ubuntu5_all.deb ...
2026-10-08T23:36:57.5350742Z Unpacking pocketsphinx-en-us (0.8.0+real5prealpha+1-15ubuntu5) ...
2026-10-08T23:36:57.8567866Z Setting up libgme0:amd64 (0.6.3-7build1) ...
2026-10-08T23:36:57.8599450Z Setting up libchromaprint1:amd64 (1.5.1-5) ...
2026-10-08T23:36:57.8622657Z Setting up libssh-gcrypt-4:amd64 (0.10.6-2ubuntu0.5) ...
2026-10-08T23:36:57.8649919Z Setting up libhwy1t64:amd64 (1.0.7-8.1build1) ...
2026-10-08T23:36:57.8670198Z Setting up libudfread0:amd64 (1.1.2-1build1) ...
2026-10-08T23:36:57.8691007Z Setting up libraw1394-11:amd64 (2.1.2-2build3) ...
2026-10-08T23:36:57.8715884Z Setting up libspeex1:amd64 (1.2.1-2ubuntu2.24.04.1) ...
2026-10-08T23:36:57.8734437Z Setting up libshine3:amd64 (3.1.1-2build1) ...
2026-10-08T23:36:57.8757470Z Setting up libcaca0:amd64 (0.99.beta20-4ubuntu0.2) ...
2026-10-08T23:36:57.8779939Z Setting up libvpl2 (2023.3.0-1build1) ...
2026-10-08T23:36:57.8801355Z Setting up libx264-164:amd64 (2:0.164.3108+git31e19f9-1) ...
2026-10-08T23:36:57.8819965Z Setting up libtwolame0:amd64 (0.4.0-2build3) ...
2026-10-08T23:36:57.8838992Z Setting up libmbedcrypto7t64:amd64 (2.28.8-1) ...
2026-10-08T23:36:57.8861221Z Setting up libgsm1:amd64 (1.0.22-1build1) ...
2026-10-08T23:36:57.8879863Z Setting up libsoxr0:amd64 (0.1.3-4build3) ...
2026-10-08T23:36:57.8903434Z Setting up libzix-0-0:amd64 (0.4.2-2build1) ...
2026-10-08T23:36:57.8923048Z Setting up libcodec2-1.2:amd64 (1.2.0-2build1) ...
2026-10-08T23:36:57.8943777Z Setting up libmysofa1:amd64 (1.3.2+dfsg-2ubuntu2) ...
2026-10-08T23:36:57.8966965Z Setting up libxcb-shape0:amd64 (1.15-1ubuntu2) ...
2026-10-08T23:36:57.8986234Z Setting up libcdio19t64:amd64 (2.1.0-4.1ubuntu1.2) ...
2026-10-08T23:36:57.9218667Z Setting up libsvtav1enc1d1:amd64 (1.7.0+dfsg-2build1) ...
2026-10-08T23:36:57.9237945Z Setting up libigdgmm12:amd64 (22.3.17+ds1-1ubuntu1) ...
2026-10-08T23:36:57.9260558Z Setting up libmpg123-0t64:amd64 (1.32.5-1ubuntu1.1) ...
2026-10-08T23:36:57.9280488Z Setting up libcjson1:amd64 (1.7.17-1) ...
2026-10-08T23:36:57.9300850Z Setting up libxvidcore4:amd64 (2:1.3.7-1build1) ...
2026-10-08T23:36:57.9323957Z Setting up librav1e0:amd64 (0.7.1-2) ...
2026-10-08T23:36:57.9343602Z Setting up libcdio-cdda2t64:amd64 (10.2+2.0.1-1.1build2) ...
2026-10-08T23:36:57.9363228Z Setting up librist4:amd64 (0.2.10+dfsg-2) ...
2026-10-08T23:36:57.9386471Z Setting up librsvg2-2:amd64 (2.58.0+dfsg-1ubuntu0.1) ...
2026-10-08T23:36:57.9406332Z Setting up libblas3:amd64 (3.12.0-3build1.1) ...
2026-10-08T23:36:57.9462491Z update-alternatives: using /usr/lib/x86_64-linux-gnu/blas/libblas.so.3 to provide /usr/lib/x86_64-linux-gnu/libblas.so.3 (libblas.so.3-x86_64-linux-gnu) in auto mode
2026-10-08T23:36:57.9478236Z Setting up libplacebo338:amd64 (6.338.2-2build1) ...
2026-10-08T23:36:57.9498117Z Setting up libva2:amd64 (2.20.0-2ubuntu0.2) ...
2026-10-08T23:36:57.9521963Z Setting up libopus0:amd64 (1.4-1build1) ...
2026-10-08T23:36:57.9541278Z Setting up libcdio-paranoia2t64:amd64 (10.2+2.0.1-1.1build2) ...
2026-10-08T23:36:57.9563945Z Setting up libdc1394-25:amd64 (2.2.6-4build1) ...
2026-10-08T23:36:57.9583291Z Setting up intel-media-va-driver:amd64 (24.1.0+dfsg1-1ubuntu0.2) ...
2026-10-08T23:36:57.9602326Z Setting up libxv1:amd64 (2:1.0.11-1.1build1) ...
2026-10-08T23:36:57.9624555Z Setting up libunibreak5:amd64 (5.1-2build1) ...
2026-10-08T23:36:57.9643878Z Setting up libaacs0:amd64 (0.11.1-2build1) ...
2026-10-08T23:36:57.9665297Z Setting up libjxl0.7:amd64 (0.7.0-10.2ubuntu6.1) ...
2026-10-08T23:36:57.9684337Z Setting up librsvg2-common:amd64 (2.58.0+dfsg-1ubuntu0.1) ...
2026-10-08T23:36:57.9744165Z Setting up pocketsphinx-en-us (0.8.0+real5prealpha+1-15ubuntu5) ...
2026-10-08T23:36:57.9764700Z Setting up libx265-199:amd64 (3.5-2build1) ...
2026-10-08T23:36:57.9784099Z Setting up libsndio7.0:amd64 (1.9.0-0.3build3) ...
2026-10-08T23:36:57.9809543Z Setting up libbdplus0:amd64 (0.2.0-3build1) ...
2026-10-08T23:36:57.9829449Z Setting up libvidstab1.1:amd64 (1.1.0-2build1) ...
2026-10-08T23:36:57.9850932Z Setting up libvpx9:amd64 (1.14.0-1ubuntu2.3) ...
2026-10-08T23:36:57.9869820Z Setting up libsrt1.5-gnutls:amd64 (1.5.3-1build2) ...
2026-10-08T23:36:57.9888899Z Setting up libflite1:amd64 (2.2-6build3) ...
2026-10-08T23:36:57.9914323Z Setting up libdav1d7:amd64 (1.4.1-1build1) ...
2026-10-08T23:36:57.9935169Z Setting up libva-drm2:amd64 (2.20.0-2ubuntu0.2) ...
2026-10-08T23:36:57.9956606Z Setting up ocl-icd-libopencl1:amd64 (2.3.2-1build1) ...
2026-10-08T23:36:57.9977554Z Setting up libasyncns0:amd64 (0.8-6build4) ...
2026-10-08T23:36:57.9997967Z Setting up libvdpau1:amd64 (1.5-2build1) ...
2026-10-08T23:36:58.0028045Z Setting up libbs2b0:amd64 (3.1.0+dfsg-7build1) ...
2026-10-08T23:36:58.0047419Z Setting up libtheora0:amd64 (1.1.1+dfsg.1-16.1build3) ...
2026-10-08T23:36:58.0070335Z Setting up libdecor-0-0:amd64 (0.2.2-1build2) ...
2026-10-08T23:36:58.0090733Z Setting up libzimg2:amd64 (3.0.5+ds1-1build1) ...
2026-10-08T23:36:58.0113888Z Setting up libopenal-data (1:1.23.1-4build1) ...
2026-10-08T23:36:58.0140448Z Setting up libflac12t64:amd64 (1.4.3+ds-2.1ubuntu2) ...
2026-10-08T23:36:58.0163360Z Setting up mesa-va-drivers:amd64 (25.2.8-0ubuntu0.24.04.4) ...
2026-10-08T23:36:58.0182014Z Setting up libbluray2:amd64 (1:1.3.4-1build1) ...
2026-10-08T23:36:58.0201450Z Setting up libsamplerate0:amd64 (0.2.2-4build1) ...
2026-10-08T23:36:58.0222768Z Setting up libva-x11-2:amd64 (2.20.0-2ubuntu0.2) ...
2026-10-08T23:36:58.0243583Z Setting up libdecor-0-plugin-1-gtk:amd64 (0.2.2-1build2) ...
2026-10-08T23:36:58.0265711Z Setting up libopenmpt0t64:amd64 (0.7.3-1.1build3) ...
2026-10-08T23:36:58.0286167Z Setting up libzvbi-common (0.2.42-2) ...
2026-10-08T23:36:58.0305923Z Setting up libmp3lame0:amd64 (3.100-6build1) ...
2026-10-08T23:36:58.0327214Z Setting up i965-va-driver:amd64 (2.4.1+dfsg1-1ubuntu0.2) ...
2026-10-08T23:36:58.0346478Z Setting up libvorbisenc2:amd64 (1.3.7-1build3) ...
2026-10-08T23:36:58.0365962Z Setting up libiec61883-0:amd64 (1.2.0-6build1) ...
2026-10-08T23:36:58.0389181Z Setting up libserd-0-0:amd64 (0.32.2-1) ...
2026-10-08T23:36:58.0409069Z Setting up libavc1394-0:amd64 (0.5.4-5build3) ...
2026-10-08T23:36:58.0430812Z Setting up mesa-vdpau-drivers:amd64 (25.2.8-0ubuntu0.24.04.4) ...
2026-10-08T23:36:58.0452229Z Setting up liblapack3:amd64 (3.12.0-3build1.1) ...
2026-10-08T23:36:58.0506823Z update-alternatives: using /usr/lib/x86_64-linux-gnu/lapack/liblapack.so.3 to provide /usr/lib/x86_64-linux-gnu/liblapack.so.3 (liblapack.so.3-x86_64-linux-gnu) in auto mode
2026-10-08T23:36:58.0528129Z Setting up libzvbi0t64:amd64 (0.2.42-2) ...
2026-10-08T23:36:58.0548863Z Setting up libavutil58:amd64 (7:6.1.1-3ubuntu5) ...
2026-10-08T23:36:58.0568284Z Setting up libopenal1:amd64 (1:1.23.1-4build1) ...
2026-10-08T23:36:58.0594257Z Setting up libass9:amd64 (1:0.17.1-2build1) ...
2026-10-08T23:36:58.0615052Z Setting up libswresample4:amd64 (7:6.1.1-3ubuntu5) ...
2026-10-08T23:36:58.0639317Z Setting up va-driver-all:amd64 (2.20.0-2ubuntu0.2) ...
2026-10-08T23:36:58.0659143Z Setting up libavcodec60:amd64 (7:6.1.1-3ubuntu5) ...
2026-10-08T23:36:58.0678564Z Setting up librubberband2:amd64 (3.3.0+dfsg-2build1) ...
2026-10-08T23:36:58.1144561Z Setting up libjack-jackd2-0:amd64 (1.9.21~dfsg-3ubuntu3) ...
2026-10-08T23:36:58.1167168Z Setting up vdpau-driver-all:amd64 (1.5-2build1) ...
2026-10-08T23:36:58.1185761Z Setting up libsord-0-0:amd64 (0.16.16-2build1) ...
2026-10-08T23:36:58.1206310Z Setting up libpostproc57:amd64 (7:6.1.1-3ubuntu5) ...
2026-10-08T23:36:58.1223794Z Setting up libsratom-0-0:amd64 (0.6.16-1build1) ...
2026-10-08T23:36:58.1659224Z Setting up libsndfile1:amd64 (1.2.2-1ubuntu5.24.04.1) ...
2026-10-08T23:36:58.2552374Z Setting up liblilv-0-0:amd64 (0.24.22-1build1) ...
2026-10-08T23:36:58.2663450Z Setting up libswscale7:amd64 (7:6.1.1-3ubuntu5) ...
2026-10-08T23:36:58.3457369Z Setting up libpulse0:amd64 (1:16.1+dfsg1-2ubuntu10.1) ...
2026-10-08T23:36:58.3859529Z Setting up libavformat60:amd64 (7:6.1.1-3ubuntu5) ...
2026-10-08T23:36:58.4350933Z Setting up libsphinxbase3t64:amd64 (0.8+5prealpha+1-17build2) ...
2026-10-08T23:36:58.4765581Z Setting up libsdl2-2.0-0:amd64 (2.30.0+dfsg-1ubuntu3.1) ...
2026-10-08T23:36:58.4862287Z Setting up libpocketsphinx3:amd64 (0.8.0+real5prealpha+1-15ubuntu5) ...
2026-10-08T23:36:58.4963038Z Setting up libavfilter9:amd64 (7:6.1.1-3ubuntu5) ...
2026-10-08T23:36:58.5152505Z Setting up libavdevice60:amd64 (7:6.1.1-3ubuntu5) ...
2026-10-08T23:36:58.6555846Z Setting up ffmpeg (7:6.1.1-3ubuntu5) ...
2026-10-08T23:36:59.0050421Z Processing triggers for man-db (2.12.0-4build2) ...
2026-10-08T23:36:59.0163245Z Not building database; man-db/auto-update is not 'true'.
2026-10-08T23:36:59.0181105Z Processing triggers for libgdk-pixbuf-2.0-0:amd64 (2.42.10+dfsg-3ubuntu3.3) ...
2026-10-08T23:36:59.0483523Z Processing triggers for libc-bin (2.39-0ubuntu8.9) ...
2026-10-08T23:36:59.6276581Z 
2026-10-08T23:36:59.6277696Z Running kernel seems to be up-to-date.
2026-10-08T23:36:59.6278227Z 
2026-10-08T23:36:59.6278532Z No services need to be restarted.
2026-10-08T23:36:59.6278982Z 
2026-10-08T23:36:59.6279664Z No containers need to be restarted.
2026-10-08T23:36:59.6280042Z 
2026-10-08T23:36:59.6280405Z No user sessions are running outdated binaries.
2026-10-08T23:36:59.6280857Z 
2026-10-08T23:36:59.6281446Z No VM guests are running outdated hypervisor (qemu) binaries on this host.
2026-10-08T23:37:01.0306973Z ffprobe version 6.1.1-3ubuntu5 Copyright (c) 2007-2023 the FFmpeg developers
2026-10-08T23:37:01.0308103Z built with gcc 13 (Ubuntu 13.2.0-23ubuntu3)
2026-10-08T23:37:01.0314171Z configuration: --prefix=/usr --extra-version=3ubuntu5 --toolchain=hardened --libdir=/usr/lib/x86_64-linux-gnu --incdir=/usr/include/x86_64-linux-gnu --arch=amd64 --enable-gpl --disable-stripping --disable-omx --enable-gnutls --enable-libaom --enable-libass --enable-libbs2b --enable-libcaca --enable-libcdio --enable-libcodec2 --enable-libdav1d --enable-libflite --enable-libfontconfig --enable-libfreetype --enable-libfribidi --enable-libglslang --enable-libgme --enable-libgsm --enable-libharfbuzz --enable-libmp3lame --enable-libmysofa --enable-libopenjpeg --enable-libopenmpt --enable-libopus --enable-librubberband --enable-libshine --enable-libsnappy --enable-libsoxr --enable-libspeex --enable-libtheora --enable-libtwolame --enable-libvidstab --enable-libvorbis --enable-libvpx --enable-libwebp --enable-libx265 --enable-libxml2 --enable-libxvid --enable-libzimg --enable-openal --enable-opencl --enable-opengl --disable-sndio --enable-libvpl --disable-libmfx --enable-libdc1394 --enable-libdrm --enable-libiec61883 --enable-chromaprint --enable-frei0r --enable-ladspa --enable-libbluray --enable-libjack --enable-libpulse --enable-librabbitmq --enable-librist --enable-libsrt --enable-libssh --enable-libsvtav1 --enable-libx264 --enable-libzmq --enable-libzvbi --enable-lv2 --enable-sdl2 --enable-libplacebo --enable-librav1e --enable-pocketsphinx --enable-librsvg --enable-libjxl --enable-shared
2026-10-08T23:37:01.0319087Z libavutil      58. 29.100 / 58. 29.100
2026-10-08T23:37:01.0319512Z libavcodec     60. 31.102 / 60. 31.102
2026-10-08T23:37:01.0319940Z libavformat    60. 16.100 / 60. 16.100
2026-10-08T23:37:01.0320321Z libavdevice    60.  3.100 / 60.  3.100
2026-10-08T23:37:01.0320758Z libavfilter     9. 12.100 /  9. 12.100
2026-10-08T23:37:01.0321138Z libswscale      7.  5.100 /  7.  5.100
2026-10-08T23:37:01.0321547Z libswresample   4. 12.100 /  4. 12.100
2026-10-08T23:37:01.0321965Z libpostproc    57.  3.100 / 57.  3.100
2026-10-08T23:37:01.0974288Z ffmpeg version 6.1.1-3ubuntu5 Copyright (c) 2000-2023 the FFmpeg developers
2026-10-08T23:37:01.0975022Z built with gcc 13 (Ubuntu 13.2.0-23ubuntu3)
2026-10-08T23:37:01.0981007Z configuration: --prefix=/usr --extra-version=3ubuntu5 --toolchain=hardened --libdir=/usr/lib/x86_64-linux-gnu --incdir=/usr/include/x86_64-linux-gnu --arch=amd64 --enable-gpl --disable-stripping --disable-omx --enable-gnutls --enable-libaom --enable-libass --enable-libbs2b --enable-libcaca --enable-libcdio --enable-libcodec2 --enable-libdav1d --enable-libflite --enable-libfontconfig --enable-libfreetype --enable-libfribidi --enable-libglslang --enable-libgme --enable-libgsm --enable-libharfbuzz --enable-libmp3lame --enable-libmysofa --enable-libopenjpeg --enable-libopenmpt --enable-libopus --enable-librubberband --enable-libshine --enable-libsnappy --enable-libsoxr --enable-libspeex --enable-libtheora --enable-libtwolame --enable-libvidstab --enable-libvorbis --enable-libvpx --enable-libwebp --enable-libx265 --enable-libxml2 --enable-libxvid --enable-libzimg --enable-openal --enable-opencl --enable-opengl --disable-sndio --enable-libvpl --disable-libmfx --enable-libdc1394 --enable-libdrm --enable-libiec61883 --enable-chromaprint --enable-frei0r --enable-ladspa --enable-libbluray --enable-libjack --enable-libpulse --enable-librabbitmq --enable-librist --enable-libsrt --enable-libssh --enable-libsvtav1 --enable-libx264 --enable-libzmq --enable-libzvbi --enable-lv2 --enable-sdl2 --enable-libplacebo --enable-librav1e --enable-pocketsphinx --enable-librsvg --enable-libjxl --enable-shared
2026-10-08T23:37:01.0985965Z libavutil      58. 29.100 / 58. 29.100
2026-10-08T23:37:01.0986464Z libavcodec     60. 31.102 / 60. 31.102
2026-10-08T23:37:01.0987075Z libavformat    60. 16.100 / 60. 16.100
2026-10-08T23:37:01.0987633Z libavdevice    60.  3.100 / 60.  3.100
2026-10-08T23:37:01.0988317Z libavfilter     9. 12.100 /  9. 12.100
2026-10-08T23:37:01.0988948Z libswscale      7.  5.100 /  7.  5.100
2026-10-08T23:37:01.0989453Z libswresample   4. 12.100 /  4. 12.100
2026-10-08T23:37:01.0989901Z libpostproc    57.  3.100 / 57.  3.100
2026-10-08T23:37:01.1030898Z ##[group]Run node --version
2026-10-08T23:37:01.1031305Z [36;1mnode --version[0m
2026-10-08T23:37:01.1031639Z [36;1mnproc[0m
2026-10-08T23:37:01.1032020Z [36;1mawk '/MemTotal/ { print }' /proc/meminfo[0m
2026-10-08T23:37:01.1032669Z [36;1mdf -Pk .[0m
2026-10-08T23:37:01.1072820Z shell: /usr/bin/bash -e {0}
2026-10-08T23:37:01.1073198Z env:
2026-10-08T23:37:01.1073671Z   G10_SOURCE_COMMIT: e7a5c6463af2f0033ff08d333fb378ad160c1e43
2026-10-08T23:37:01.1074075Z ##[endgroup]
2026-10-08T23:37:01.1159142Z v22.16.0
2026-10-08T23:37:01.1175563Z 4
2026-10-08T23:37:01.1191512Z MemTotal:       16372436 kB
2026-10-08T23:37:01.1209061Z Filesystem     1024-blocks     Used Available Capacity Mounted on
2026-10-08T23:37:01.1209938Z /dev/root        151263856 64372792  86874680      43% /
2026-10-08T23:37:01.1273142Z ##[group]Run set -o pipefail
2026-10-08T23:37:01.1273607Z [36;1mset -o pipefail[0m
2026-10-08T23:37:01.1274065Z [36;1mnode scripts/check.mjs --stage 'node' 2>&1 | tee '.work-stage-node.stdout'[0m
2026-10-08T23:37:01.1307588Z shell: /usr/bin/bash -e {0}
2026-10-08T23:37:01.1308019Z env:
2026-10-08T23:37:01.1308399Z   G10_SOURCE_COMMIT: e7a5c6463af2f0033ff08d333fb378ad160c1e43
2026-10-08T23:37:01.1308841Z ##[endgroup]
2026-10-08T23:37:01.2486928Z 
2026-10-08T23:37:01.2487942Z > partybox-g10-checkers@1.0.0 build
2026-10-08T23:37:01.2488940Z > tsc --noEmit && node scripts/build.mjs
2026-10-08T23:37:01.2489706Z 
2026-10-08T23:37:15.4323619Z PASS: complete offline single-page game written to /home/runner/work/partybox-game-cores/partybox-game-cores/jobs/G10-checkers/.work/play.html; original six-piece data is read in bounded blocks.
2026-10-08T23:37:35.1871128Z PASS: checksums, authoritative schemas/manifest, pure core source, fixed corpus provenance, original offline page (delivery execution gates explicitly excluded).
2026-10-08T23:37:38.9869452Z {"status": "PASS", "positives": 4, "rejected": 21, "controls": ["wrong-part-order", "duplicate-part", "gap-offset", "wrong-part-size", "wrong-part-sha", "wrong-whole-sha", "wrong-checkout", "wrong-whole-size", "oversized-part-limit", "absolute-part-path", "wrong-helper-sha", "missing-accepted-stage", "coherent-sidecars-wrong-whole-sha", "truncated-part", "changed-part-same-size", "JOIN-removes-incomplete-output", "missing-part", "symlink-part", "extra-stale-part", "duplicate-json-key", "JOIN-keeps-existing-output"], "scope": "Real split/re-read/JOIN boundary fixture plus meaningful part/order/digest/source and incomplete-output corruptions; not game delivery acceptance"}
2026-10-08T23:37:49.3265755Z {"status":"PASS","positives":14,"rejected":127,"scope":"Independent host-validator component controls against genuine historical 30-check reports, American-only 600-frame data, actual failed International data and actual historical WebM clips, plus explicitly labeled structural identity/telemetry/relative-coordinate components and isolated counterfactual thresholds. No current browser/capture acceptance is inferred."}
2026-10-08T23:38:10.7858249Z {"status":"PASS","positives":10,"rejected":72,"scope":"Genuine current historical4000-game records replayed independently; derived partition metadata and explicit synthetic stage-schema fixtures test components only. No fresh partition execution, current hosted acceptance or CI-fit inference."}
2026-10-08T23:38:21.7769675Z {"suite":"endgame-generation","stats":{"american":{"positions":7216,"edges":16138,"wins":1552,"losses":924,"draws":4740,"maximumDtm":13,"tacticalThreeToSix":{"candidates":10931,"accepted":2000,"definition":"every legal forced capture removes the sole opposing piece"}},"international":{"positions":18070,"edges":105140,"wins":6600,"losses":4114,"draws":7356,"maximumDtm":17,"tacticalThreeToSix":{"candidates":5892,"accepted":2000,"definition":"every legal forced capture removes the sole opposing piece"}}},"totalRows":29286}
2026-10-08T23:38:32.3240671Z Two phase fixtures, projections, schemas and manifest generated.
2026-10-08T23:38:43.3016635Z {"suite":"endgame-generation","stats":{"american":{"positions":7216,"edges":16138,"wins":1552,"losses":924,"draws":4740,"maximumDtm":13,"tacticalThreeToSix":{"candidates":10931,"accepted":2000,"definition":"every legal forced capture removes the sole opposing piece"}},"international":{"positions":18070,"edges":105140,"wins":6600,"losses":4114,"draws":7356,"maximumDtm":17,"tacticalThreeToSix":{"candidates":5892,"accepted":2000,"definition":"every legal forced capture removes the sole opposing piece"}}},"totalRows":29286}
2026-10-08T23:38:53.8493864Z Two phase fixtures, projections, schemas and manifest generated.
2026-10-08T23:38:53.9202524Z {"phase": "start", "pid": 3976, "pgid": 2067}
2026-10-08T23:38:55.9689417Z {"phase": "complete", "manifest": {"schemaVersion": 1, "author": "Chinook project, University of Alberta", "archiveUrl": "https://webdocs.cs.ualberta.ca/~chinook/DataBases/DB6.zip", "termsUrl": "https://webdocs.cs.ualberta.ca/~chinook/Software/", "terms": "Free use requires acknowledgement of the Chinook project; sale of these databases is prohibited.", "formatSourceUrl": "https://webdocs.cs.ualberta.ca/~chinook/databases/code.c", "files": {"DB6.zip": {"bytes": 27701728, "sha256": "35835dae65a962eafdf5cde290bce380117445acb21819dd0e266b3b0efab3b3"}, "DB6": {"bytes": 48132029, "sha256": "baee42a2b49390edd96e5a751189366275619c941d79021f3ca45774c3e7071f"}, "DB6.idx": {"bytes": 900418, "sha256": "10cb5cfc2a8c67e18c322563c17ceef0adeac87786a16c767c4616e9a574f4fd"}}, "baseSlices": 3935, "materialCoverage": [{"pieces": 2, "pieceTypeTuples": 4, "materialSplits": [[1, 1]]}, {"pieces": 3, "pieceTypeTuples": 12, "materialSplits": [[1, 2]]}, {"pieces": 4, "pieceTypeTuples": 25, "materialSplits": [[1, 3], [2, 2]]}, {"pieces": 5, "pieceTypeTuples": 44, "materialSplits": [[1, 4], [2, 3]]}, {"pieces": 6, "pieceTypeTuples": 70, "materialSplits": [[1, 5], [2, 4], [3, 3]]}], "coverageCheckScope": "All nonempty 2\u20136 material/king/man tuples are present; probe/rank correctness requires separate independent checks.", "probeContract": "American theoretical WDL; direct stored queries require no capture for either side. Draw history is not stored."}}
2026-10-08T23:38:56.0675681Z {"phase": "start", "pid": 3978, "pgid": 2067}
2026-10-08T23:38:56.7218532Z {"phase": "complete", "manifest": {"schemaVersion": 1, "author": "Chinook project, University of Alberta", "archiveUrl": "https://webdocs.cs.ualberta.ca/~chinook/DataBases/DB6.zip", "termsUrl": "https://webdocs.cs.ualberta.ca/~chinook/Software/", "terms": "Free use requires acknowledgement of the Chinook project; sale of these databases is prohibited.", "formatSourceUrl": "https://webdocs.cs.ualberta.ca/~chinook/databases/code.c", "files": {"DB6.zip": {"bytes": 27701728, "sha256": "35835dae65a962eafdf5cde290bce380117445acb21819dd0e266b3b0efab3b3"}, "DB6": {"bytes": 48132029, "sha256": "baee42a2b49390edd96e5a751189366275619c941d79021f3ca45774c3e7071f"}, "DB6.idx": {"bytes": 900418, "sha256": "10cb5cfc2a8c67e18c322563c17ceef0adeac87786a16c767c4616e9a574f4fd"}}, "baseSlices": 3935, "materialCoverage": [{"pieces": 2, "pieceTypeTuples": 4, "materialSplits": [[1, 1]]}, {"pieces": 3, "pieceTypeTuples": 12, "materialSplits": [[1, 2]]}, {"pieces": 4, "pieceTypeTuples": 25, "materialSplits": [[1, 3], [2, 2]]}, {"pieces": 5, "pieceTypeTuples": 44, "materialSplits": [[1, 4], [2, 3]]}, {"pieces": 6, "pieceTypeTuples": 70, "materialSplits": [[1, 5], [2, 4], [3, 3]]}], "coverageCheckScope": "All nonempty 2\u20136 material/king/man tuples are present; probe/rank correctness requires separate independent checks.", "probeContract": "American theoretical WDL; direct stored queries require no capture for either side. Draw history is not stored."}}
2026-10-08T23:38:56.8081309Z TAP version 13
2026-10-08T23:39:10.0633918Z # Subtest: PVS/transposition tie handling agrees with independent exhaustive minimax and capture horizon
2026-10-08T23:39:10.0640423Z ok 1 - PVS/transposition tie handling agrees with independent exhaustive minimax and capture horizon
2026-10-08T23:39:10.0641189Z   ---
2026-10-08T23:39:10.0641630Z   duration_ms: 418.21008
2026-10-08T23:39:10.0642056Z   type: 'test'
2026-10-08T23:39:10.0642683Z   ...
2026-10-08T23:39:10.0643462Z # Subtest: independent Chinook reader decodes high-to-low ternary digits
2026-10-08T23:39:10.0645204Z ok 2 - independent Chinook reader decodes high-to-low ternary digits
2026-10-08T23:39:10.0646028Z   ---
2026-10-08T23:39:10.0646675Z   duration_ms: 1.053083
2026-10-08T23:39:10.0647269Z   type: 'test'
2026-10-08T23:39:10.0647808Z   ...
2026-10-08T23:39:10.0653623Z # Subtest: independent Chinook reader consumes default runs before ordinary records
2026-10-08T23:39:10.0655068Z ok 3 - independent Chinook reader consumes default runs before ordinary records
2026-10-08T23:39:10.0655884Z   ---
2026-10-08T23:39:10.0656402Z   duration_ms: 0.252935
2026-10-08T23:39:10.0656874Z   type: 'test'
2026-10-08T23:39:10.0657286Z   ...
2026-10-08T23:39:10.0658325Z # Subtest: independent Chinook uniform records need no binary payload
2026-10-08T23:39:10.0659304Z ok 4 - independent Chinook uniform records need no binary payload
2026-10-08T23:39:10.0659948Z   ---
2026-10-08T23:39:10.0660377Z   duration_ms: 0.142408
2026-10-08T23:39:10.0660857Z   type: 'test'
2026-10-08T23:39:10.0661320Z   ...
2026-10-08T23:39:10.0662321Z # Subtest: independent Chinook raw stored probe rejects current-side and opponent-only captures
2026-10-08T23:39:10.0663679Z ok 5 - independent Chinook raw stored probe rejects current-side and opponent-only captures
2026-10-08T23:39:10.0664294Z   ---
2026-10-08T23:39:10.0664627Z   duration_ms: 0.24855
2026-10-08T23:39:10.0665147Z   type: 'test'
2026-10-08T23:39:10.0665561Z   ...
2026-10-08T23:39:10.0666307Z # Subtest: independent Chinook reader rejects malformed or out-of-bounds index records
2026-10-08T23:39:10.0667334Z ok 6 - independent Chinook reader rejects malformed or out-of-bounds index records
2026-10-08T23:39:10.0668010Z   ---
2026-10-08T23:39:10.0668399Z   duration_ms: 0.311946
2026-10-08T23:39:10.0668865Z   type: 'test'
2026-10-08T23:39:10.0669285Z   ...
2026-10-08T23:39:10.0669975Z # Subtest: acquired full American corpus bytes/index match fixed primary-source hashes
2026-10-08T23:39:10.0671044Z ok 7 - acquired full American corpus bytes/index match fixed primary-source hashes
2026-10-08T23:39:10.0671725Z   ---
2026-10-08T23:39:10.0672092Z   duration_ms: 33.634543
2026-10-08T23:39:10.0672769Z   type: 'test'
2026-10-08T23:39:10.0673159Z   ...
2026-10-08T23:39:10.0674053Z # Subtest: both independent corpus readers match exact fully closed two-piece WDL where wire format applies
2026-10-08T23:39:10.0675361Z ok 8 - both independent corpus readers match exact fully closed two-piece WDL where wire format applies
2026-10-08T23:39:10.0676174Z   ---
2026-10-08T23:39:10.0676578Z   duration_ms: 327.89013
2026-10-08T23:39:10.0677034Z   type: 'test'
2026-10-08T23:39:10.0677476Z   ...
2026-10-08T23:39:10.0680910Z # Subtest: 10,000 mixed2–6piece production ranks/decodes equal independent enumeration and reject capture threats
2026-10-08T23:39:10.0682761Z ok 9 - 10,000 mixed2–6piece production ranks/decodes equal independent enumeration and reject capture threats
2026-10-08T23:39:10.0683525Z   ---
2026-10-08T23:39:10.0683901Z   duration_ms: 520.849246
2026-10-08T23:39:10.0684526Z   type: 'test'
2026-10-08T23:39:10.0684952Z   ...
2026-10-08T23:39:10.0685764Z # Subtest: production corpus factory snapshots inputs and rejects damaged or incompatible metadata
2026-10-08T23:39:10.0686941Z ok 10 - production corpus factory snapshots inputs and rejects damaged or incompatible metadata
2026-10-08T23:39:10.0687741Z   ---
2026-10-08T23:39:10.0688481Z   duration_ms: 0.922282
2026-10-08T23:39:10.0688930Z   type: 'test'
2026-10-08T23:39:10.0689360Z   ...
2026-10-08T23:39:10.0690059Z # Subtest: contract manifest/counts/settings and deterministic initial boards
2026-10-08T23:39:10.0691098Z ok 11 - contract manifest/counts/settings and deterministic initial boards
2026-10-08T23:39:10.0691715Z   ---
2026-10-08T23:39:10.0692096Z   duration_ms: 1.809958
2026-10-08T23:39:10.0692910Z   type: 'test'
2026-10-08T23:39:10.0693355Z   ...
2026-10-08T23:39:10.0694196Z # Subtest: contract total immutable reducer ignores malformed/unknown events in both phases
2026-10-08T23:39:10.0695315Z ok 12 - contract total immutable reducer ignores malformed/unknown events in both phases
2026-10-08T23:39:10.0696648Z   ---
2026-10-08T23:39:10.0697093Z   duration_ms: 3.976419
2026-10-08T23:39:10.0697552Z   type: 'test'
2026-10-08T23:39:10.0698011Z   ...
2026-10-08T23:39:10.0698722Z # Subtest: contract live timer requires exact phase instance and elapsed deadline
2026-10-08T23:39:10.0699772Z ok 13 - contract live timer requires exact phase instance and elapsed deadline
2026-10-08T23:39:10.0700507Z   ---
2026-10-08T23:39:10.0700925Z   duration_ms: 0.311245
2026-10-08T23:39:10.0701407Z   type: 'test'
2026-10-08T23:39:10.0701838Z   ...
2026-10-08T23:39:10.0703019Z # Subtest: VIP pause/resume shifts only the deadline; skip/end remain available
2026-10-08T23:39:10.0704058Z ok 14 - VIP pause/resume shifts only the deadline; skip/end remain available
2026-10-08T23:39:10.0704774Z   ---
2026-10-08T23:39:10.0705190Z   duration_ms: 3.790114
2026-10-08T23:39:10.0705634Z   type: 'test'
2026-10-08T23:39:10.0706088Z   ...
2026-10-08T23:39:10.0706830Z # Subtest: presence auto-holds empty rooms, resumes clocks and permanently preserves leavers
2026-10-08T23:39:10.0707969Z ok 15 - presence auto-holds empty rooms, resumes clocks and permanently preserves leavers
2026-10-08T23:39:10.0708746Z   ---
2026-10-08T23:39:10.0709120Z   duration_ms: 3.851307
2026-10-08T23:39:10.0709605Z   type: 'test'
2026-10-08T23:39:10.0709998Z   ...
2026-10-08T23:39:10.0710793Z # Subtest: hostile seat IDs, public view equality, spectator safety and cloned projections
2026-10-08T23:39:10.0711896Z ok 16 - hostile seat IDs, public view equality, spectator safety and cloned projections
2026-10-08T23:39:10.0712903Z   ---
2026-10-08T23:39:10.0713370Z   duration_ms: 2.694591
2026-10-08T23:39:10.0713820Z   type: 'test'
2026-10-08T23:39:10.0714231Z   ...
2026-10-08T23:39:10.0714982Z # Subtest: complete legal inputs and terminal scores preserve every original seat
2026-10-08T23:39:10.0716002Z ok 17 - complete legal inputs and terminal scores preserve every original seat
2026-10-08T23:39:10.0716717Z   ---
2026-10-08T23:39:10.0717149Z   duration_ms: 2.354343
2026-10-08T23:39:10.0717635Z   type: 'test'
2026-10-08T23:39:10.0718018Z   ...
2026-10-08T23:39:10.0718819Z # Subtest: all three bot levels are schema-valid deterministic pure choices in every phase/role
2026-10-08T23:39:10.0719987Z ok 18 - all three bot levels are schema-valid deterministic pure choices in every phase/role
2026-10-08T23:39:10.0720732Z   ---
2026-10-08T23:39:10.0721208Z   duration_ms: 207.261812
2026-10-08T23:39:10.0721669Z   type: 'test'
2026-10-08T23:39:10.0722268Z   ...
2026-10-08T23:40:12.6426894Z # Subtest: manifest and every generated phase fixture replay without throwing
2026-10-08T23:40:12.6430385Z ok 19 - manifest and every generated phase fixture replay without throwing
2026-10-08T23:40:12.6432723Z   ---
2026-10-08T23:40:12.6433268Z   duration_ms: 6.016714
2026-10-08T23:40:12.6433905Z   type: 'test'
2026-10-08T23:40:12.6434366Z   ...
2026-10-08T23:40:12.6435206Z # Subtest: authoritative state/data schemas validate generated files and reject corrupt rows
2026-10-08T23:40:12.6436527Z ok 20 - authoritative state/data schemas validate generated files and reject corrupt rows
2026-10-08T23:40:12.6437282Z   ---
2026-10-08T23:40:12.6437740Z   duration_ms: 193.577643
2026-10-08T23:40:12.6438099Z   type: 'test'
2026-10-08T23:40:12.6438450Z   ...
2026-10-08T23:40:12.6439186Z # Subtest: source-backed forty/25 move allowances use both players, with exact boundary
2026-10-08T23:40:12.6439882Z ok 21 - source-backed forty/25 move allowances use both players, with exact boundary
2026-10-08T23:40:12.6440393Z   ---
2026-10-08T23:40:12.6440706Z   duration_ms: 0.575243
2026-10-08T23:40:12.6441036Z   type: 'test'
2026-10-08T23:40:12.6441365Z   ...
2026-10-08T23:40:12.6441901Z # Subtest: quiet king moves increment while every man move and capture reset counters/history
2026-10-08T23:40:12.6442953Z ok 22 - quiet king moves increment while every man move and capture reset counters/history
2026-10-08T23:40:12.6443651Z   ---
2026-10-08T23:40:12.6444024Z   duration_ms: 1.345933
2026-10-08T23:40:12.6444415Z   type: 'test'
2026-10-08T23:40:12.6444863Z   ...
2026-10-08T23:40:12.6445483Z # Subtest: threefold includes side to move and can be disabled explicitly
2026-10-08T23:40:12.6446337Z ok 23 - threefold includes side to move and can be disabled explicitly
2026-10-08T23:40:12.6446976Z   ---
2026-10-08T23:40:12.6447301Z   duration_ms: 0.237674
2026-10-08T23:40:12.6447623Z   type: 'test'
2026-10-08T23:40:12.6447941Z   ...
2026-10-08T23:40:12.6448473Z # Subtest: official king windows start after creation, preserve old deadlines and intersect
2026-10-08T23:40:12.6449282Z ok 24 - official king windows start after creation, preserve old deadlines and intersect
2026-10-08T23:40:12.6449802Z   ---
2026-10-08T23:40:12.6450082Z   duration_ms: 0.51159
2026-10-08T23:40:12.6450400Z   type: 'test'
2026-10-08T23:40:12.6450753Z   ...
2026-10-08T23:40:12.6451278Z # Subtest: latest FMJD large diagonal has a five-each window only when occupied solely by weak king
2026-10-08T23:40:12.6452034Z ok 25 - latest FMJD large diagonal has a five-each window only when occupied solely by weak king
2026-10-08T23:40:12.6452874Z   ---
2026-10-08T23:40:12.6453262Z   duration_ms: 0.21655
2026-10-08T23:40:12.6453644Z   type: 'test'
2026-10-08T23:40:12.6454066Z   ...
2026-10-08T23:40:12.6454737Z # Subtest: published32-ply FMJD regression draws when original16-each window expires
2026-10-08T23:40:12.6455638Z ok 26 - published32-ply FMJD regression draws when original16-each window expires
2026-10-08T23:40:12.6456129Z   ---
2026-10-08T23:40:12.6456405Z   duration_ms: 2.602627
2026-10-08T23:40:12.6456712Z   type: 'test'
2026-10-08T23:40:12.6457069Z   ...
2026-10-08T23:40:12.6457550Z # Subtest: last permitted move capturing final opponent wins before a draw counter expires
2026-10-08T23:40:12.6458257Z ok 27 - last permitted move capturing final opponent wins before a draw counter expires
2026-10-08T23:40:12.6458751Z   ---
2026-10-08T23:40:12.6459048Z   duration_ms: 0.262947
2026-10-08T23:40:12.6459379Z   type: 'test'
2026-10-08T23:40:12.6459698Z   ...
2026-10-08T23:40:12.6460285Z # Subtest: optimized ending classification matches independently counted material and diagonal memberships
2026-10-08T23:40:12.6461132Z ok 28 - optimized ending classification matches independently counted material and diagonal memberships
2026-10-08T23:40:12.6461709Z   ---
2026-10-08T23:40:12.6462014Z   duration_ms: 75.317299
2026-10-08T23:40:12.6462714Z   type: 'test'
2026-10-08T23:40:12.6463142Z   ...
2026-10-08T23:40:12.6464241Z # Subtest: independent WDL never labels a truncated king graph as draw
2026-10-08T23:40:12.6465137Z ok 29 - independent WDL never labels a truncated king graph as draw
2026-10-08T23:40:12.6465788Z   ---
2026-10-08T23:40:12.6466143Z   duration_ms: 0.252084
2026-10-08T23:40:12.6466530Z   type: 'test'
2026-10-08T23:40:12.6466941Z   ...
2026-10-08T23:40:12.6467678Z # Subtest: independent WDL certifies complete six-piece forced-capture components
2026-10-08T23:40:12.6468658Z ok 30 - independent WDL certifies complete six-piece forced-capture components
2026-10-08T23:40:12.6469280Z   ---
2026-10-08T23:40:12.6469713Z   duration_ms: 0.588012
2026-10-08T23:40:12.6470150Z   type: 'test'
2026-10-08T23:40:12.6470486Z   ...
2026-10-08T23:40:12.6471332Z # Subtest: independent complete one-vs-one man/king domains have valid WDL and distance certificates
2026-10-08T23:40:12.6472741Z ok 31 - independent complete one-vs-one man/king domains have valid WDL and distance certificates
2026-10-08T23:40:12.6473478Z   ---
2026-10-08T23:40:12.6473907Z   duration_ms: 976.061896
2026-10-08T23:40:12.6474355Z   type: 'test'
2026-10-08T23:40:12.6474714Z   ...
2026-10-08T23:40:12.6475522Z # Subtest: production complete one-vs-one lookup matches independent WDL AND distance on every row
2026-10-08T23:40:12.6476663Z ok 32 - production complete one-vs-one lookup matches independent WDL AND distance on every row
2026-10-08T23:40:12.6477346Z   ---
2026-10-08T23:40:12.6477769Z   duration_ms: 681.784891
2026-10-08T23:40:12.6478172Z   type: 'test'
2026-10-08T23:40:12.6478543Z   ...
2026-10-08T23:40:12.6479301Z # Subtest: every generated three-to-six witness is independently one-turn terminal win
2026-10-08T23:40:12.6480260Z ok 33 - every generated three-to-six witness is independently one-turn terminal win
2026-10-08T23:40:12.6480931Z   ---
2026-10-08T23:40:12.6481329Z   duration_ms: 111.328094
2026-10-08T23:40:12.6481766Z   type: 'test'
2026-10-08T23:40:12.6482238Z   ...
2026-10-08T23:40:12.6483116Z # Subtest: six-piece full jumps and installed quiet draws resolve while absent or oversized data stays unknown
2026-10-08T23:40:12.6484476Z ok 34 - six-piece full jumps and installed quiet draws resolve while absent or oversized data stays unknown
2026-10-08T23:40:12.6485500Z   ---
2026-10-08T23:40:12.6616925Z   duration_ms: 12.601445
2026-10-08T23:40:12.6617546Z   type: 'test'
2026-10-08T23:40:12.6617917Z   ...
2026-10-08T23:40:12.6618664Z # Subtest: exact generator/dataset includes all legal one-per-side roots and cloned coverage
2026-10-08T23:40:12.6619623Z ok 35 - exact generator/dataset includes all legal one-per-side roots and cloned coverage
2026-10-08T23:40:12.6620101Z   ---
2026-10-08T23:40:12.6620357Z   duration_ms: 51.384274
2026-10-08T23:40:12.6620622Z   type: 'test'
2026-10-08T23:40:12.6620879Z   ...
2026-10-08T23:40:12.6621444Z # Subtest: actual public default has all41 files/156 slices and agrees with all10k native/reference cases
2026-10-08T23:40:12.6622410Z ok 36 - actual public default has all41 files/156 slices and agrees with all10k native/reference cases
2026-10-08T23:40:12.6622919Z   ---
2026-10-08T23:40:12.6623140Z   duration_ms: 2280.208899
2026-10-08T23:40:12.6623404Z   type: 'test'
2026-10-08T23:40:12.6623625Z   ...
2026-10-08T23:40:12.6624114Z # Subtest: actual default Strong game respects captures, official/house clocks and third repetition
2026-10-08T23:40:12.6624780Z ok 37 - actual default Strong game respects captures, official/house clocks and third repetition
2026-10-08T23:40:12.6625186Z   ---
2026-10-08T23:40:12.6625400Z   duration_ms: 143.893834
2026-10-08T23:40:12.6625630Z   type: 'test'
2026-10-08T23:40:12.6625832Z   ...
2026-10-08T23:40:12.6626290Z # Subtest: 48 predeclared default/block transactions preserve every report field and random cursor
2026-10-08T23:40:12.6626959Z ok 38 - 48 predeclared default/block transactions preserve every report field and random cursor
2026-10-08T23:40:12.6627361Z   ---
2026-10-08T23:40:12.6627578Z   duration_ms: 27783.721289
2026-10-08T23:40:12.6627818Z   type: 'test'
2026-10-08T23:40:12.6628023Z   ...
2026-10-08T23:40:12.6628498Z # Subtest: three complete game transcripts match default/block decisions and independent legal transitions
2026-10-08T23:40:12.6629224Z ok 39 - three complete game transcripts match default/block decisions and independent legal transitions
2026-10-08T23:40:12.6629653Z   ---
2026-10-08T23:40:12.6629855Z   duration_ms: 20866.764351
2026-10-08T23:40:12.6630100Z   type: 'test'
2026-10-08T23:40:12.6630304Z   ...
2026-10-08T23:40:12.6630760Z # Subtest: immutable encoded and block transports equal all10k retained independent/native WLD outcomes
2026-10-08T23:40:12.6631547Z ok 40 - immutable encoded and block transports equal all10k retained independent/native WLD outcomes
2026-10-08T23:40:12.6631958Z   ---
2026-10-08T23:40:12.6632634Z   duration_ms: 1112.843871
2026-10-08T23:40:12.6632886Z   type: 'test'
2026-10-08T23:40:12.6633307Z   ...
2026-10-08T23:40:12.6633750Z # Subtest: an absent nonuniform block is explicit; uniform slices require no synthetic bytes
2026-10-08T23:40:12.6634364Z ok 41 - an absent nonuniform block is explicit; uniform slices require no synthetic bytes
2026-10-08T23:40:12.6634738Z   ---
2026-10-08T23:40:12.6634962Z   duration_ms: 174.063429
2026-10-08T23:40:12.6635192Z   type: 'test'
2026-10-08T23:40:12.6635391Z   ...
2026-10-08T23:40:12.6635842Z # Subtest: transaction retries require all missing original blocks and then equal native outcomes
2026-10-08T23:40:12.6636482Z ok 42 - transaction retries require all missing original blocks and then equal native outcomes
2026-10-08T23:40:12.6636874Z   ---
2026-10-08T23:40:12.6637084Z   duration_ms: 65.455852
2026-10-08T23:40:12.6637313Z   type: 'test'
2026-10-08T23:40:12.6637512Z   ...
2026-10-08T23:40:12.6637981Z # Subtest: encoded lists, block buffers, source metadata and dictionary inputs remain immutable snapshots
2026-10-08T23:40:12.6638667Z ok 43 - encoded lists, block buffers, source metadata and dictionary inputs remain immutable snapshots
2026-10-08T23:40:12.6639077Z   ---
2026-10-08T23:40:12.6639277Z   duration_ms: 51.633013
2026-10-08T23:40:12.6639511Z   type: 'test'
2026-10-08T23:40:12.6639710Z   ...
2026-10-08T23:40:12.6640207Z # Subtest: canonical encoding and bounded block metadata reject corrupt input before probing
2026-10-08T23:40:12.6640839Z ok 44 - canonical encoding and bounded block metadata reject corrupt input before probing
2026-10-08T23:40:12.6641216Z   ---
2026-10-08T23:40:12.6641415Z   duration_ms: 3.984485
2026-10-08T23:40:12.6641648Z   type: 'test'
2026-10-08T23:40:12.6641846Z   ...
2026-10-08T23:40:12.6642655Z # Subtest: one-byte final blocks and nonaligned encoded ranges match the full snapshot decoder
2026-10-08T23:40:12.6643653Z ok 45 - one-byte final blocks and nonaligned encoded ranges match the full snapshot decoder
2026-10-08T23:40:12.6644152Z   ---
2026-10-08T23:40:12.6644411Z   duration_ms: 28.380952
2026-10-08T23:40:12.6644701Z   type: 'test'
2026-10-08T23:40:12.6644971Z   ...
2026-10-08T23:40:12.6645999Z # Subtest: production actual2–5 WLD/ranks match 10,000 retained original C++ and independent queries
2026-10-08T23:40:12.6647067Z ok 46 - production actual2–5 WLD/ranks match 10,000 retained original C++ and independent queries
2026-10-08T23:40:12.6647734Z   ---
2026-10-08T23:40:12.6648007Z   duration_ms: 276.124996
2026-10-08T23:40:12.6648332Z   type: 'test'
2026-10-08T23:40:12.6648621Z   ...
2026-10-08T23:40:12.6649210Z # Subtest: actual International dictionary/data match pinned licensed-source hashes
2026-10-08T23:40:12.6650137Z ok 47 - actual International dictionary/data match pinned licensed-source hashes
2026-10-08T23:40:12.6650714Z   ---
2026-10-08T23:40:12.6651023Z   duration_ms: 0.213408
2026-10-08T23:40:12.6651311Z   type: 'test'
2026-10-08T23:40:12.6651563Z   ...
2026-10-08T23:40:12.6652393Z # Subtest: production/reference International probes agree with independently closed full two-piece WLD
2026-10-08T23:40:12.6653342Z ok 48 - production/reference International probes agree with independently closed full two-piece WLD
2026-10-08T23:40:12.6653911Z   ---
2026-10-08T23:40:12.6654219Z   duration_ms: 1280.462608
2026-10-08T23:40:12.6654556Z   type: 'test'
2026-10-08T23:40:12.6654815Z   ...
2026-10-08T23:40:12.6655521Z # Subtest: 10,000 International material/orientation ranks agree with separately authored reference
2026-10-08T23:40:12.6656604Z ok 49 - 10,000 International material/orientation ranks agree with separately authored reference
2026-10-08T23:40:12.6657212Z   ---
2026-10-08T23:40:12.6657515Z   duration_ms: 134.676089
2026-10-08T23:40:12.6657846Z   type: 'test'
2026-10-08T23:40:12.6658131Z   ...
2026-10-08T23:40:12.6658878Z # Subtest: International constructor snapshots buffers and rejects corrupt dictionaries/index metadata
2026-10-08T23:40:12.6659984Z ok 50 - International constructor snapshots buffers and rejects corrupt dictionaries/index metadata
2026-10-08T23:40:12.6660640Z   ---
2026-10-08T23:40:12.6661225Z   duration_ms: 23.517441
2026-10-08T23:40:12.6661579Z   type: 'test'
2026-10-08T23:40:12.6661874Z   ...
2026-10-08T23:40:12.6662756Z # Subtest: production rules: American forced complete double jump excludes quiet moves
2026-10-08T23:40:12.6663709Z ok 51 - production rules: American forced complete double jump excludes quiet moves
2026-10-08T23:40:12.6664299Z   ---
2026-10-08T23:40:12.6664587Z   duration_ms: 0.507316
2026-10-08T23:40:12.6664909Z   type: 'test'
2026-10-08T23:40:12.6665198Z   ...
2026-10-08T23:40:12.6665868Z # Subtest: production rules: American crown ends capture even with backward king jump available
2026-10-08T23:40:12.6666849Z ok 52 - production rules: American crown ends capture even with backward king jump available
2026-10-08T23:40:12.6667434Z   ---
2026-10-08T23:40:12.6667743Z   duration_ms: 0.113052
2026-10-08T23:40:12.6668094Z   type: 'test'
2026-10-08T23:40:12.6668408Z   ...
2026-10-08T23:40:12.6669099Z # Subtest: production rules: International man passes crown row and remains man after continuing
2026-10-08T23:40:12.6670154Z ok 53 - production rules: International man passes crown row and remains man after continuing
2026-10-08T23:40:12.6670826Z   ---
2026-10-08T23:40:12.6671130Z   duration_ms: 0.16271
2026-10-08T23:40:12.6671471Z   type: 'test'
2026-10-08T23:40:12.6672035Z   ...
2026-10-08T23:40:12.6673075Z # Subtest: production rules: International global longest route excludes another piece short route
2026-10-08T23:40:12.6674058Z ok 54 - production rules: International global longest route excludes another piece short route
2026-10-08T23:40:12.6674697Z   ---
2026-10-08T23:40:12.6674982Z   duration_ms: 0.102606
2026-10-08T23:40:12.6675288Z   type: 'test'
2026-10-08T23:40:12.6675540Z   ...
2026-10-08T23:40:12.6676068Z # Subtest: production rules: American permits shorter route from a different piece
2026-10-08T23:40:12.6676745Z ok 55 - production rules: American permits shorter route from a different piece
2026-10-08T23:40:12.6677106Z   ---
2026-10-08T23:40:12.6677328Z   duration_ms: 0.166001
2026-10-08T23:40:12.6677559Z   type: 'test'
2026-10-08T23:40:12.6677765Z   ...
2026-10-08T23:40:12.6678216Z # Subtest: production rules: International taken pieces block reversing king between two enemies
2026-10-08T23:40:12.6678868Z ok 56 - production rules: International taken pieces block reversing king between two enemies
2026-10-08T23:40:12.6679269Z   ---
2026-10-08T23:40:12.6679479Z   duration_ms: 0.268928
2026-10-08T23:40:12.6679703Z   type: 'test'
2026-10-08T23:40:12.6679897Z   ...
2026-10-08T23:40:12.6680258Z # Subtest: production rules: International uncrowned man captures backwards
2026-10-08T23:40:12.6680775Z ok 57 - production rules: International uncrowned man captures backwards
2026-10-08T23:40:12.6681112Z   ---
2026-10-08T23:40:12.6681312Z   duration_ms: 0.098463
2026-10-08T23:40:12.6681546Z   type: 'test'
2026-10-08T23:40:12.6681748Z   ...
2026-10-08T23:40:12.6682295Z # Subtest: production rules: American uncrowned man cannot capture backwards
2026-10-08T23:40:12.6682862Z ok 58 - production rules: American uncrowned man cannot capture backwards
2026-10-08T23:40:12.6683206Z   ---
2026-10-08T23:40:12.6683406Z   duration_ms: 0.079246
2026-10-08T23:40:12.6683620Z   type: 'test'
2026-10-08T23:40:12.6683803Z   ...
2026-10-08T23:40:12.6684198Z # Subtest: production rules: American king may return to origin in a four-enemy capture
2026-10-08T23:40:12.6684771Z ok 59 - production rules: American king may return to origin in a four-enemy capture
2026-10-08T23:40:12.6685119Z   ---
2026-10-08T23:40:12.6685306Z   duration_ms: 0.109715
2026-10-08T23:40:12.6685515Z   type: 'test'
2026-10-08T23:40:12.6685703Z   ...
2026-10-08T23:40:12.6686090Z # Subtest: production rules: American short king has only adjacent quiet destinations
2026-10-08T23:40:12.6686649Z ok 60 - production rules: American short king has only adjacent quiet destinations
2026-10-08T23:40:12.6686994Z   ---
2026-10-08T23:40:12.6687183Z   duration_ms: 0.093285
2026-10-08T23:40:12.6687396Z   type: 'test'
2026-10-08T23:40:12.6687739Z   ...
2026-10-08T23:40:12.6688181Z # Subtest: 10,000 independent move differentials plus color-rotated twins and every resulting board
2026-10-08T23:40:12.6688836Z ok 61 - 10,000 independent move differentials plus color-rotated twins and every resulting board
2026-10-08T23:40:12.6689219Z   ---
2026-10-08T23:40:12.6689411Z   duration_ms: 734.530063
2026-10-08T23:40:12.6689630Z   type: 'test'
2026-10-08T23:40:12.6689822Z   ...
2026-10-08T23:40:12.6690275Z # Subtest: property seeds1,2,3 plus1,000 recorded random seeds conserve material and deterministic replay
2026-10-08T23:40:12.6690940Z ok 62 - property seeds1,2,3 plus1,000 recorded random seeds conserve material and deterministic replay
2026-10-08T23:40:12.6691336Z   ---
2026-10-08T23:40:12.6691530Z   duration_ms: 5342.588698
2026-10-08T23:40:12.6691760Z   type: 'test'
2026-10-08T23:40:12.6691946Z   ...
2026-10-08T23:40:12.6692553Z # Subtest: purity scanner distinguishes actual host identifiers from comments, strings and local draw windows
2026-10-08T23:40:12.6693273Z ok 63 - purity scanner distinguishes actual host identifiers from comments, strings and local draw windows
2026-10-08T23:40:12.6693687Z   ---
2026-10-08T23:40:12.6693876Z   duration_ms: 13.055054
2026-10-08T23:40:12.6694094Z   type: 'test'
2026-10-08T23:40:12.6694287Z   ...
2026-10-08T23:40:12.6694800Z # Subtest: all delivered pure production modules pass AST inspection; host adapters are explicit
2026-10-08T23:40:12.6695435Z ok 64 - all delivered pure production modules pass AST inspection; host adapters are explicit
2026-10-08T23:40:12.6695823Z   ---
2026-10-08T23:40:12.6696014Z   duration_ms: 94.720977
2026-10-08T23:40:12.6696238Z   type: 'test'
2026-10-08T23:40:12.6696443Z   ...
2026-10-08T23:40:12.6696812Z # Subtest: independent International rank has exact back-rank group boundaries
2026-10-08T23:40:12.6697332Z ok 65 - independent International rank has exact back-rank group boundaries
2026-10-08T23:40:12.6697671Z   ---
2026-10-08T23:40:12.6697854Z   duration_ms: 0.426739
2026-10-08T23:40:12.6698067Z   type: 'test'
2026-10-08T23:40:12.6698258Z   ...
2026-10-08T23:40:12.6698619Z # Subtest: all two-piece material ranks are complete independent bijections
2026-10-08T23:40:12.6699118Z ok 66 - all two-piece material ranks are complete independent bijections
2026-10-08T23:40:12.6699432Z   ---
2026-10-08T23:40:12.6699627Z   duration_ms: 27.244427
2026-10-08T23:40:12.6699842Z   type: 'test'
2026-10-08T23:40:12.6700025Z   ...
2026-10-08T23:40:12.6700352Z # Subtest: rotation and colour reversal preserve canonical location
2026-10-08T23:40:12.6700805Z ok 67 - rotation and colour reversal preserve canonical location
2026-10-08T23:40:12.6701099Z   ---
2026-10-08T23:40:12.6701283Z   duration_ms: 0.368178
2026-10-08T23:40:12.6701496Z   type: 'test'
2026-10-08T23:40:12.6701680Z   ...
2026-10-08T23:40:12.6701959Z # Subtest: six-piece ranks include 3v3 and 5v1 kings
2026-10-08T23:40:12.6702466Z ok 68 - six-piece ranks include 3v3 and 5v1 kings
2026-10-08T23:40:12.6702737Z   ---
2026-10-08T23:40:12.6702932Z   duration_ms: 0.095067
2026-10-08T23:40:12.6703144Z   type: 'test'
2026-10-08T23:40:12.6703329Z   ...
2026-10-08T23:40:12.6703714Z # Subtest: invalid crowns, side, board and out-of-scope material do not produce ranks
2026-10-08T23:40:12.6704272Z ok 69 - invalid crowns, side, board and out-of-scope material do not produce ranks
2026-10-08T23:40:12.6704615Z   ---
2026-10-08T23:40:12.6704804Z   duration_ms: 0.068264
2026-10-08T23:40:12.6705017Z   type: 'test'
2026-10-08T23:40:12.6705212Z   ...
2026-10-08T23:40:12.6705568Z # Subtest: synthetic token mapping and uniform slice decode without mutation
2026-10-08T23:40:12.6706069Z ok 70 - synthetic token mapping and uniform slice decode without mutation
2026-10-08T23:40:12.6706554Z   ---
2026-10-08T23:40:12.6706782Z   duration_ms: 6.674399
2026-10-08T23:40:12.6707067Z   type: 'test'
2026-10-08T23:40:12.6707263Z   ...
2026-10-08T23:40:12.6707629Z # Subtest: synthetic checkpoint changes catalogue at the physical block boundary
2026-10-08T23:40:12.6708148Z ok 71 - synthetic checkpoint changes catalogue at the physical block boundary
2026-10-08T23:40:12.6708675Z   ---
2026-10-08T23:40:12.6708870Z   duration_ms: 1.226853
2026-10-08T23:40:12.6709082Z   type: 'test'
2026-10-08T23:40:12.6709271Z   ...
2026-10-08T23:40:12.6709677Z # Subtest: a token uses a declared-length prefix of a longer shared run record
2026-10-08T23:40:12.6710196Z ok 72 - a token uses a declared-length prefix of a longer shared run record
2026-10-08T23:40:12.6710519Z   ---
2026-10-08T23:40:12.6710710Z   duration_ms: 1.116306
2026-10-08T23:40:12.6710925Z   type: 'test'
2026-10-08T23:40:12.6711111Z   ...
2026-10-08T23:40:12.6711524Z # Subtest: current captures are excluded but opponent-only threats are valid for v2 at <=6
2026-10-08T23:40:12.6712388Z ok 73 - current captures are excluded but opponent-only threats are valid for v2 at <=6
2026-10-08T23:40:12.6712808Z   ---
2026-10-08T23:40:12.6712998Z   duration_ms: 1.144796
2026-10-08T23:40:12.6713214Z   type: 'test'
2026-10-08T23:40:12.6713407Z   ...
2026-10-08T23:40:12.6713761Z # Subtest: malformed dictionary, permutation and checkpoint are rejected
2026-10-08T23:40:12.6714256Z ok 74 - malformed dictionary, permutation and checkpoint are rejected
2026-10-08T23:40:12.6714578Z   ---
2026-10-08T23:40:12.6714769Z   duration_ms: 0.540888
2026-10-08T23:40:12.6715070Z   type: 'test'
2026-10-08T23:40:12.6715398Z   ...
2026-10-08T23:40:12.6717263Z # Subtest: actual licensed two-piece sample agrees with exact corner and quiet-king cases
2026-10-08T23:40:12.6717880Z ok 75 - actual licensed two-piece sample agrees with exact corner and quiet-king cases
2026-10-08T23:40:12.6718252Z   ---
2026-10-08T23:40:12.6718449Z   duration_ms: 8.829116
2026-10-08T23:40:12.6718669Z   type: 'test'
2026-10-08T23:40:12.6718872Z   ...
2026-10-08T23:40:12.6719279Z # Subtest: independent oracle: American forced complete double jump excludes quiet moves
2026-10-08T23:40:12.6719858Z ok 76 - independent oracle: American forced complete double jump excludes quiet moves
2026-10-08T23:40:12.6720350Z   ---
2026-10-08T23:40:12.6720636Z   duration_ms: 0.202634
2026-10-08T23:40:12.6720940Z   type: 'test'
2026-10-08T23:40:12.6721207Z   ...
2026-10-08T23:40:12.6721776Z # Subtest: independent oracle: American crown ends capture even with backward king jump available
2026-10-08T23:40:12.6722854Z ok 77 - independent oracle: American crown ends capture even with backward king jump available
2026-10-08T23:40:12.6723474Z   ---
2026-10-08T23:40:12.6723732Z   duration_ms: 0.059408
2026-10-08T23:40:12.6724037Z   type: 'test'
2026-10-08T23:40:12.6724297Z   ...
2026-10-08T23:40:12.6724857Z # Subtest: independent oracle: International man passes crown row and remains man after continuing
2026-10-08T23:40:12.6725504Z ok 78 - independent oracle: International man passes crown row and remains man after continuing
2026-10-08T23:40:12.6725889Z   ---
2026-10-08T23:40:12.6726079Z   duration_ms: 0.052208
2026-10-08T23:40:12.6726292Z   type: 'test'
2026-10-08T23:40:12.6726557Z   ...
2026-10-08T23:40:12.6727210Z # Subtest: independent oracle: International global longest route excludes another piece short route
2026-10-08T23:40:12.6728075Z ok 79 - independent oracle: International global longest route excludes another piece short route
2026-10-08T23:40:12.6728608Z   ---
2026-10-08T23:40:12.6728872Z   duration_ms: 0.051298
2026-10-08T23:40:12.6729177Z   type: 'test'
2026-10-08T23:40:12.6729425Z   ...
2026-10-08T23:40:12.6729966Z # Subtest: independent oracle: American permits shorter route from a different piece
2026-10-08T23:40:12.6730798Z ok 80 - independent oracle: American permits shorter route from a different piece
2026-10-08T23:40:12.6731297Z   ---
2026-10-08T23:40:12.6731560Z   duration_ms: 0.049818
2026-10-08T23:40:12.6731856Z   type: 'test'
2026-10-08T23:40:12.6732246Z   ...
2026-10-08T23:40:12.6732985Z # Subtest: independent oracle: International taken pieces block reversing king between two enemies
2026-10-08T23:40:12.6733956Z ok 81 - independent oracle: International taken pieces block reversing king between two enemies
2026-10-08T23:40:12.6734731Z   ---
2026-10-08T23:40:12.6734981Z   duration_ms: 0.16543
2026-10-08T23:40:12.6735287Z   type: 'test'
2026-10-08T23:40:12.6735555Z   ...
2026-10-08T23:40:12.6736087Z # Subtest: independent oracle: International uncrowned man captures backwards
2026-10-08T23:40:12.6736883Z ok 82 - independent oracle: International uncrowned man captures backwards
2026-10-08T23:40:12.6737384Z   ---
2026-10-08T23:40:12.6737643Z   duration_ms: 0.077311
2026-10-08T23:40:12.6737941Z   type: 'test'
2026-10-08T23:40:12.6738215Z   ...
2026-10-08T23:40:12.6738719Z # Subtest: independent oracle: American uncrowned man cannot capture backwards
2026-10-08T23:40:12.6739581Z ok 83 - independent oracle: American uncrowned man cannot capture backwards
2026-10-08T23:40:12.6740080Z   ---
2026-10-08T23:40:12.6740340Z   duration_ms: 0.052505
2026-10-08T23:40:12.6740642Z   type: 'test'
2026-10-08T23:40:12.6740913Z   ...
2026-10-08T23:40:12.6741487Z # Subtest: independent oracle: American king may return to origin in a four-enemy capture
2026-10-08T23:40:12.6742555Z ok 84 - independent oracle: American king may return to origin in a four-enemy capture
2026-10-08T23:40:12.6743123Z   ---
2026-10-08T23:40:12.6743379Z   duration_ms: 0.053448
2026-10-08T23:40:12.6743675Z   type: 'test'
2026-10-08T23:40:12.6743945Z   ...
2026-10-08T23:40:12.6744718Z # Subtest: independent oracle: American short king has only adjacent quiet destinations
2026-10-08T23:40:12.6745605Z ok 85 - independent oracle: American short king has only adjacent quiet destinations
2026-10-08T23:40:12.6746138Z   ---
2026-10-08T23:40:12.6746426Z   duration_ms: 0.053314
2026-10-08T23:40:12.6746733Z   type: 'test'
2026-10-08T23:40:12.6747009Z   ...
2026-10-08T23:40:12.6747560Z # Subtest: independent oracle: flying king has all seventeen quiet ray destinations
2026-10-08T23:40:12.6748408Z ok 86 - independent oracle: flying king has all seventeen quiet ray destinations
2026-10-08T23:40:12.6748956Z   ---
2026-10-08T23:40:12.6749212Z   duration_ms: 0.133126
2026-10-08T23:40:12.6749528Z   type: 'test'
2026-10-08T23:40:12.6749805Z   ...
2026-10-08T23:40:12.6750383Z # Subtest: independent oracle: International complete capture can return to its origin
2026-10-08T23:40:12.6751229Z ok 87 - independent oracle: International complete capture can return to its origin
2026-10-08T23:40:12.6751764Z   ---
2026-10-08T23:40:12.6752019Z   duration_ms: 0.097188
2026-10-08T23:40:12.6752459Z   type: 'test'
2026-10-08T23:40:12.6752720Z   ...
2026-10-08T23:40:12.6753336Z # Subtest: independent oracle: full published 16-each draw regression consists of legal turns
2026-10-08T23:40:12.6754242Z ok 88 - independent oracle: full published 16-each draw regression consists of legal turns
2026-10-08T23:40:12.6754792Z   ---
2026-10-08T23:40:12.6755065Z   duration_ms: 1.002744
2026-10-08T23:40:12.6755358Z   type: 'test'
2026-10-08T23:40:12.6755619Z   ...
2026-10-08T23:40:27.5450497Z # Subtest: variant bundles preserve exact choices, reports, cursors and complete game transcripts
2026-10-08T23:40:27.5451739Z ok 89 - variant bundles preserve exact choices, reports, cursors and complete game transcripts
2026-10-08T23:40:27.5452787Z   ---
2026-10-08T23:40:27.5453134Z   duration_ms: 13659.061416
2026-10-08T23:40:27.5453483Z   type: 'test'
2026-10-08T23:40:27.5453780Z   ...
2026-10-08T23:40:32.6914216Z # Subtest: native decompression reproduces exact installed corpora and preserves queued first requests
2026-10-08T23:40:32.6915531Z ok 90 - native decompression reproduces exact installed corpora and preserves queued first requests
2026-10-08T23:40:32.6916217Z   ---
2026-10-08T23:40:32.6916611Z   duration_ms: 6388.007793
2026-10-08T23:40:32.6917035Z   type: 'test'
2026-10-08T23:40:32.6917361Z   ...
2026-10-08T23:40:32.6924325Z # Subtest: bootstrap reports unsupported native decompression without losing a pending caller silently
2026-10-08T23:40:32.6927446Z ok 91 - bootstrap reports unsupported native decompression without losing a pending caller silently
2026-10-08T23:40:32.6927967Z   ---
2026-10-08T23:40:32.6928560Z   duration_ms: 2.650327
2026-10-08T23:40:32.6928855Z   type: 'test'
2026-10-08T23:40:32.6929095Z   ...
2026-10-08T23:40:32.8353979Z 1..91
2026-10-08T23:40:32.8354428Z # tests 91
2026-10-08T23:40:32.8354902Z # suites 0
2026-10-08T23:40:32.8355355Z # pass 91
2026-10-08T23:40:32.8355839Z # fail 0
2026-10-08T23:40:32.8356383Z # cancelled 0
2026-10-08T23:40:32.8356800Z # skipped 0
2026-10-08T23:40:32.8357274Z # todo 0
2026-10-08T23:40:32.8357702Z # duration_ms 96040.030624
2026-10-08T23:40:43.6999214Z {"baseline":"PASS","cases":9}
2026-10-08T23:40:44.0105133Z {"id":1,"name":"input admits extra fields","before":").max(21)}).strict(),","after":").max(21)}),","caseCount":9,"failedCases":["contract total immutable reducer ignores malformed/unknown events in both phases"],"assertionKilled":true}
2026-10-08T23:40:44.3119948Z {"id":2,"name":"International input truncated to32 squares","before":".int().min(0).max(49)","after":".int().min(0).max(31)","caseCount":9,"failedCases":["all three bot levels are schema-valid deterministic pure choices in every phase/role"],"assertionKilled":true}
2026-10-08T23:40:44.4787386Z {"id":3,"name":"International variant ignored","before":"values.variant==='international'","after":"false","caseCount":9,"failedCases":["contract manifest/counts/settings and deterministic initial boards","complete legal inputs and terminal scores preserve every original seat","all three bot levels are schema-valid deterministic pure choices in every phase/role"],"assertionKilled":true}
2026-10-08T23:40:44.7857599Z {"id":4,"name":"forty-move house setting ignored","before":"values.drawPolicy==='fortyMove'","after":"false","caseCount":9,"failedCases":["contract manifest/counts/settings and deterministic initial boards"],"assertionKilled":true}
2026-10-08T23:40:45.0867137Z {"id":5,"name":"repetition setting inverted","before":"typeof values.repetition==='boolean'?values.repetition:true","after":"typeof values.repetition==='boolean'?!values.repetition:true","caseCount":9,"failedCases":["contract manifest/counts/settings and deterministic initial boards"],"assertionKilled":true}
2026-10-08T23:40:45.3866218Z {"id":6,"name":"turn clock cap becomes30","before":"Math.min(300,Math.round(seconds))","after":"Math.min(30,Math.round(seconds))","caseCount":9,"failedCases":["contract manifest/counts/settings and deterministic initial boards"],"assertionKilled":true}
2026-10-08T23:40:45.6797064Z {"id":7,"name":"zero host time rejected","before":"now>=0","after":"now>0","caseCount":9,"failedCases":["contract manifest/counts/settings and deterministic initial boards"],"assertionKilled":true}
2026-10-08T23:40:45.9921600Z {"id":8,"name":"duplicate seats accepted","before":"new Set(ctx.players.map(player=>player.id)).size!==2","after":"false","caseCount":9,"failedCases":["contract manifest/counts/settings and deterministic initial boards"],"assertionKilled":true}
2026-10-08T23:40:46.1014603Z {"id":9,"name":"wrong player count accepted","before":"ctx.players.length!==2","after":"ctx.players.length===2","caseCount":9,"failedCases":["contract manifest/counts/settings and deterministic initial boards","contract total immutable reducer ignores malformed/unknown events in both phases","contract live timer requires exact phase instance and elapsed deadline","VIP pause/resume shifts only the deadline; skip/end remain available","presence auto-holds empty rooms, resumes clocks and permanently preserves leavers","hostile seat IDs, public view equality, spectator safety and cloned projections","complete legal inputs and terminal scores preserve every original seat","all three bot levels are schema-valid deterministic pure choices in every phase/role"],"assertionKilled":true}
2026-10-08T23:40:46.3963526Z {"id":10,"name":"disconnected seats always present","before":"s.players[id].connected&&!s.left.includes(id)","after":"true&&!s.left.includes(id)","caseCount":9,"failedCases":["presence auto-holds empty rooms, resumes clocks and permanently preserves leavers"],"assertionKilled":true}
2026-10-08T23:40:46.4966297Z {"id":11,"name":"light side assigned wrong turn","before":"s.side===1?0:1","after":"s.side===1?1:0","caseCount":9,"failedCases":["contract total immutable reducer ignores malformed/unknown events in both phases","contract live timer requires exact phase instance and elapsed deadline","presence auto-holds empty rooms, resumes clocks and permanently preserves leavers","hostile seat IDs, public view equality, spectator safety and cloned projections","complete legal inputs and terminal scores preserve every original seat","all three bot levels are schema-valid deterministic pure choices in every phase/role","manifest and every generated phase fixture replay without throwing"],"assertionKilled":true}
2026-10-08T23:40:46.7916279Z {"id":12,"name":"same-tick phase uniqueness removed","before":"Math.max(now,s.phaseClock+1)","after":"now","caseCount":9,"failedCases":["contract live timer requires exact phase instance and elapsed deadline"],"assertionKilled":true}
2026-10-08T23:40:47.1102344Z {"id":13,"name":"untimed game receives immediate clock","before":"s.settings.turnSeconds>0","after":"s.settings.turnSeconds>=0","caseCount":9,"failedCases":["contract manifest/counts/settings and deterministic initial boards","contract live timer requires exact phase instance and elapsed deadline"],"assertionKilled":true}
2026-10-08T23:40:47.4190429Z {"id":14,"name":"seed discarded","before":"rng:seedRng(ctx.seed)","after":"rng:seedRng(0)","caseCount":9,"failedCases":["contract manifest/counts/settings and deterministic initial boards"],"assertionKilled":true}
2026-10-08T23:40:47.7417301Z {"id":15,"name":"empty initialization misses automatic hold","before":"state={...state,autoPaused:true","after":"state={...state,autoPaused:false","caseCount":9,"failedCases":["presence auto-holds empty rooms, resumes clocks and permanently preserves leavers"],"assertionKilled":true}
2026-10-08T23:40:48.0407994Z {"id":16,"name":"winner assigned to losing side","before":"s.order[winner===1?0:1]","after":"s.order[winner===1?1:0]","caseCount":9,"failedCases":["contract live timer requires exact phase instance and elapsed deadline","complete legal inputs and terminal scores preserve every original seat","manifest and every generated phase fixture replay without throwing"],"assertionKilled":true}
2026-10-08T23:40:48.1308120Z {"id":17,"name":"finish reenters move phase","before":"endReason:reason},'done',now)","after":"endReason:reason},'move',now)","caseCount":9,"failedCases":["contract live timer requires exact phase instance and elapsed deadline","VIP pause/resume shifts only the deadline; skip/end remain available","hostile seat IDs, public view equality, spectator safety and cloned projections","complete legal inputs and terminal scores preserve every original seat","all three bot levels are schema-valid deterministic pure choices in every phase/role","manifest and every generated phase fixture replay without throwing"],"assertionKilled":true}
2026-10-08T23:40:48.4247954Z {"id":18,"name":"opponent legal moves cause incorrect win","before":"if(!legalMoves(next.board,next.variant,next.side).length)","after":"if(legalMoves(next.board,next.variant,next.side).length)","caseCount":9,"failedCases":["VIP pause/resume shifts only the deadline; skip/end remain available","hostile seat IDs, public view equality, spectator safety and cloned projections","complete legal inputs and terminal scores preserve every original seat"],"assertionKilled":true}
2026-10-08T23:40:48.7286787Z {"id":19,"name":"left seat reconnects","before":"connected=!wasLeft&&!gone&&e.connected","after":"connected=e.connected","caseCount":9,"failedCases":["presence auto-holds empty rooms, resumes clocks and permanently preserves leavers"],"assertionKilled":true}
2026-10-08T23:40:49.0288361Z {"id":20,"name":"resume subtracts held time","before":"next.phase.deadline+delta","after":"next.phase.deadline-delta","caseCount":9,"failedCases":["presence auto-holds empty rooms, resumes clocks and permanently preserves leavers"],"assertionKilled":true}
2026-10-08T23:40:49.3352533Z {"id":21,"name":"paused VIP skip forgets to hold next turn","before":"s.phase.paused&&next.phase.id!=='done'","after":"false&&next.phase.id!=='done'","caseCount":9,"failedCases":["VIP pause/resume shifts only the deadline; skip/end remain available"],"assertionKilled":true}
2026-10-08T23:40:49.6574162Z {"id":22,"name":"timer ignores instance identity","before":"e.startedAt===s.phase.startedAt&&","after":"","caseCount":9,"failedCases":["contract total immutable reducer ignores malformed/unknown events in both phases","contract live timer requires exact phase instance and elapsed deadline"],"assertionKilled":true}
2026-10-08T23:40:49.9771045Z {"id":23,"name":"exact deadline does not fire","before":"e.now>=s.phase.deadline","after":"e.now>s.phase.deadline","caseCount":9,"failedCases":["contract live timer requires exact phase instance and elapsed deadline"],"assertionKilled":true}
2026-10-08T23:40:50.2895972Z {"id":24,"name":"inactive seat can resign","before":"e.playerId!==turnId(s)||","after":"","caseCount":9,"failedCases":["contract total immutable reducer ignores malformed/unknown events in both phases"],"assertionKilled":true}
2026-10-08T23:40:50.5924735Z {"id":25,"name":"paused game accepts inputs/timers","before":"if(s.phase.paused||s.phase.id==='done')","after":"if(s.phase.id==='done')","caseCount":9,"failedCases":["VIP pause/resume shifts only the deadline; skip/end remain available"],"assertionKilled":true}
2026-10-08T23:41:07.4517083Z {"settings":{"variant":"american"},"playerCount":2,"games":1000,"wins":954,"draws":46,"moves":70215,"maximumPlies":219}
2026-10-08T23:41:12.5061023Z {"settings":{"variant":"american","drawPolicy":"fortyMove"},"playerCount":2,"games":1000,"wins":964,"draws":36,"moves":69087,"maximumPlies":221}
2026-10-08T23:41:18.1113462Z {"settings":{"variant":"american","repetition":false},"playerCount":2,"games":1000,"wins":993,"draws":7,"moves":72973,"maximumPlies":230}
2026-10-08T23:41:23.4988587Z {"settings":{"variant":"american","turnSeconds":20},"playerCount":2,"games":1000,"wins":964,"draws":36,"moves":69907,"maximumPlies":205}
2026-10-08T23:41:31.7917460Z {"settings":{"variant":"international"},"playerCount":2,"games":1000,"wins":972,"draws":28,"moves":92727,"maximumPlies":152}
2026-10-08T23:41:39.8875432Z {"settings":{"variant":"international","drawPolicy":"fortyMove"},"playerCount":2,"games":1000,"wins":1000,"draws":0,"moves":91599,"maximumPlies":166}
2026-10-08T23:41:48.2558213Z {"settings":{"variant":"international","repetition":false},"playerCount":2,"games":1000,"wins":973,"draws":27,"moves":91917,"maximumPlies":165}
2026-10-08T23:41:52.0588035Z {"status":"PASS","stage":"node","sourceCommit":"e7a5c6463af2f0033ff08d333fb378ad160c1e43","elapsedSeconds":290.88932634500003}
2026-10-08T23:41:52.0706833Z ##[group]Run actions/upload-artifact@v4
2026-10-08T23:41:52.0707127Z with:
2026-10-08T23:41:52.0707426Z   name: G10-stage-node-e7a5c6463af2f0033ff08d333fb378ad160c1e43
2026-10-08T23:41:52.0708065Z   path: jobs/G10-checkers/.work-stage-node.stdout
jobs/G10-checkers/.work/checks
jobs/G10-checkers/.work/browser
jobs/G10-checkers/.work/media

2026-10-08T23:41:52.0708645Z   if-no-files-found: error
2026-10-08T23:41:52.0708890Z   include-hidden-files: true
2026-10-08T23:41:52.0709138Z   retention-days: 7
2026-10-08T23:41:52.0709355Z   compression-level: 6
2026-10-08T23:41:52.0709573Z   overwrite: false
2026-10-08T23:41:52.0709770Z env:
2026-10-08T23:41:52.0710025Z   G10_SOURCE_COMMIT: e7a5c6463af2f0033ff08d333fb378ad160c1e43
2026-10-08T23:41:52.0710331Z ##[endgroup]
2026-10-08T23:41:52.2323564Z (node:4147) [DEP0040] DeprecationWarning: The `punycode` module is deprecated. Please use a userland alternative instead.
2026-10-08T23:41:52.2324943Z (Use `node --trace-deprecation ...` to show where the warning was created)
2026-10-08T23:41:52.2619027Z Multiple search paths detected. Calculating the least common ancestor of all paths
2026-10-08T23:41:52.2621663Z The least common ancestor is /home/runner/work/partybox-game-cores/partybox-game-cores/jobs/G10-checkers. This will be the root directory of the artifact
2026-10-08T23:41:52.2623024Z With the provided path, there will be 51 files uploaded
2026-10-08T23:41:52.2624291Z Artifact name is valid!
2026-10-08T23:41:52.2624804Z Root directory input is valid!
2026-10-08T23:41:52.5797833Z Beginning upload of artifact content to blob storage
2026-10-08T23:41:52.6629697Z (node:4147) [DEP0169] DeprecationWarning: `url.parse()` behavior is not standardized and prone to errors that have security implications. Use the WHATWG URL API instead. CVEs are not issued for `url.parse()` vulnerabilities.
2026-10-08T23:41:52.9696917Z Uploaded bytes 136599
2026-10-08T23:41:53.0244025Z Finished uploading artifact content to blob storage!
2026-10-08T23:41:53.0245466Z SHA256 digest of uploaded artifact zip is 16cf6c8631a8492916c723095ac43d01f7c7d30a584e34f1a82e72147ae51700
2026-10-08T23:41:53.0246434Z Finalizing artifact upload
2026-10-08T23:41:53.2704419Z Artifact G10-stage-node-e7a5c6463af2f0033ff08d333fb378ad160c1e43.zip successfully finalized. Artifact ID 11585852551
2026-10-08T23:41:53.2706214Z Artifact G10-stage-node-e7a5c6463af2f0033ff08d333fb378ad160c1e43 has been successfully uploaded! Final size is 136599 bytes. Artifact ID is 11585852551
2026-10-08T23:41:53.2710477Z Artifact download URL: https://github.com/luisitin/partybox-game-cores/actions/runs/37860295647/artifacts/11585852551
2026-10-08T23:41:53.2864622Z Post job cleanup.
2026-10-08T23:41:53.4039745Z (node:4162) [DEP0040] DeprecationWarning: The `punycode` module is deprecated. Please use a userland alternative instead.
2026-10-08T23:41:53.4041120Z (Use `node --trace-deprecation ...` to show where the warning was created)
2026-10-08T23:41:53.4042810Z Cache hit occurred on the primary key node-cache-Linux-x64-npm-b79e3f2344d4218dbbb2f93f566da8e1ac49738aa1184813b150890d461d0c8a, not saving cache.
2026-10-08T23:41:53.4153623Z Post job cleanup.
2026-10-08T23:41:53.5043215Z [command]/usr/bin/git version
2026-10-08T23:41:53.5093185Z git version 2.55.0
2026-10-08T23:41:53.5168999Z Temporarily overriding HOME='/home/runner/work/_temp/40e7a203-ce36-4e05-939f-8b44d206e24f' before making global git config changes
2026-10-08T23:41:53.5170430Z Adding repository directory to the temporary git global config as a safe directory
2026-10-08T23:41:53.5171765Z [command]/usr/bin/git config --global --add safe.directory /home/runner/work/partybox-game-cores/partybox-game-cores
2026-10-08T23:41:53.5203756Z [command]/usr/bin/git config --local --name-only --get-regexp core\.sshCommand
2026-10-08T23:41:53.5250919Z [command]/usr/bin/git submodule foreach --recursive sh -c "git config --local --name-only --get-regexp 'core\.sshCommand' && git config --local --unset-all 'core.sshCommand' || :"
2026-10-08T23:41:53.5477386Z [command]/usr/bin/git config --local --name-only --get-regexp http\.https\:\/\/github\.com\/\.extraheader
2026-10-08T23:41:53.5500187Z http.https://github.com/.extraheader
2026-10-08T23:41:53.5513927Z [command]/usr/bin/git config --local --unset-all http.https://github.com/.extraheader
2026-10-08T23:41:53.5552699Z [command]/usr/bin/git submodule foreach --recursive sh -c "git config --local --name-only --get-regexp 'http\.https\:\/\/github\.com\/\.extraheader' && git config --local --unset-all 'http.https://github.com/.extraheader' || :"
2026-10-08T23:41:53.5767365Z [command]/usr/bin/git config --local --name-only --get-regexp ^includeIf\.gitdir:
2026-10-08T23:41:53.5800279Z [command]/usr/bin/git submodule foreach --recursive git config --local --show-origin --name-only --get-regexp remote.origin.url
2026-10-08T23:41:53.6139017Z Cleaning up orphan processes
2026-10-08T23:41:53.6416456Z ##[warning]Node.js 20 is deprecated. The following actions target Node.js 20 but are being forced to run on Node.js 24: actions/checkout@v4, actions/setup-node@v4, actions/upload-artifact@v4. For more information see: https://github.blog/changelog/2025-09-19-deprecation-of-node-20-on-github-actions-runners/
