2026-10-09T03:49:29.7953054Z Current runner version: '2.337.0'
2026-10-09T03:49:29.7990354Z ##[group]Runner Image Provisioner
2026-10-09T03:49:29.7991637Z Hosted Compute Agent
2026-10-09T03:49:29.7992549Z Version: 20261002.596
2026-10-09T03:49:29.7993603Z Commit: c3d12f3313a95f25162a1503be624f3b0617f8c0
2026-10-09T03:49:29.7995342Z Build Date: 2026-10-02T22:28:27Z
2026-10-09T03:49:29.7996478Z Worker ID: {f7a11503-3e93-461a-b6b3-12466dcc1b67}
2026-10-09T03:49:29.7997763Z Region: eastus2
2026-10-09T03:49:29.7998704Z Cloud: Azure
2026-10-09T03:49:29.7999595Z ##[endgroup]
2026-10-09T03:49:29.8001912Z ##[group]Operating System
2026-10-09T03:49:29.8002933Z Ubuntu
2026-10-09T03:49:29.8003856Z 24.04.5
2026-10-09T03:49:29.8004945Z LTS
2026-10-09T03:49:29.8005873Z ##[endgroup]
2026-10-09T03:49:29.8006949Z ##[group]Runner Image
2026-10-09T03:49:29.8007922Z Image: ubuntu-24.04
2026-10-09T03:49:29.8008950Z Version: 20261004.327.1
2026-10-09T03:49:29.8011089Z Included Software: https://github.com/actions/runner-images/blob/ubuntu24/20261004.327/images/ubuntu/Ubuntu2404-Readme.md
2026-10-09T03:49:29.8013826Z Image Release: https://github.com/actions/runner-images/releases/tag/ubuntu24%2F20261004.327
2026-10-09T03:49:29.8015866Z ##[endgroup]
2026-10-09T03:49:29.8017726Z ##[group]GITHUB_TOKEN Permissions
2026-10-09T03:49:29.8020379Z Contents: read
2026-10-09T03:49:29.8021383Z Metadata: read
2026-10-09T03:49:29.8022288Z ##[endgroup]
2026-10-09T03:49:29.8025733Z Secret source: Actions
2026-10-09T03:49:29.8027290Z Cache mode: write
2026-10-09T03:49:29.8028411Z Prepare workflow directory
2026-10-09T03:49:29.8808378Z Prepare all required actions
2026-10-09T03:49:29.8881203Z Getting action download info
2026-10-09T03:49:30.0854403Z Download action repository 'actions/checkout@v4' (SHA:11d5960a326750d5838078e36cf38b85af677262)
2026-10-09T03:49:30.2100013Z Download action repository 'actions/setup-node@v4' (SHA:49933ea5288caeca8642d1e84afbd3f7d6820020)
2026-10-09T03:49:30.3109506Z Download action repository 'actions/upload-artifact@v4' (SHA:ea165f8d65b6e75b540449e92b4886f43607fa02)
2026-10-09T03:49:30.4997664Z Complete job name: checks (browser)
2026-10-09T03:49:30.5734400Z ##[group]Run actions/checkout@v4
2026-10-09T03:49:30.5735341Z with:
2026-10-09T03:49:30.5735834Z   ref: 474c1a64b3a8f69b81b3bd60f0a55f2782dc8d1f
2026-10-09T03:49:30.5736476Z   repository: luisitin/partybox-game-cores
2026-10-09T03:49:30.5740278Z   token: ***
2026-10-09T03:49:30.5740719Z   ssh-strict: true
2026-10-09T03:49:30.5741161Z   ssh-user: git
2026-10-09T03:49:30.5741604Z   persist-credentials: true
2026-10-09T03:49:30.5742088Z   clean: true
2026-10-09T03:49:30.5742545Z   sparse-checkout-cone-mode: true
2026-10-09T03:49:30.5743080Z   fetch-depth: 1
2026-10-09T03:49:30.5743514Z   fetch-tags: false
2026-10-09T03:49:30.5743957Z   show-progress: true
2026-10-09T03:49:30.5744582Z   lfs: false
2026-10-09T03:49:30.5745004Z   submodules: false
2026-10-09T03:49:30.5745468Z   set-safe-directory: true
2026-10-09T03:49:30.5745986Z   allow-unsafe-pr-checkout: false
2026-10-09T03:49:30.5746780Z env:
2026-10-09T03:49:30.5747375Z   G10_SOURCE_COMMIT: 474c1a64b3a8f69b81b3bd60f0a55f2782dc8d1f
2026-10-09T03:49:30.5748028Z ##[endgroup]
2026-10-09T03:49:30.6828696Z Syncing repository: luisitin/partybox-game-cores
2026-10-09T03:49:30.6830707Z ##[group]Getting Git version info
2026-10-09T03:49:30.6831575Z Working directory is '/home/runner/work/partybox-game-cores/partybox-game-cores'
2026-10-09T03:49:30.6832707Z [command]/usr/bin/git version
2026-10-09T03:49:30.6904696Z git version 2.55.0
2026-10-09T03:49:30.6934884Z ##[endgroup]
2026-10-09T03:49:30.6952931Z Temporarily overriding HOME='/home/runner/work/_temp/0cd8fb3a-812b-46b8-a9e7-70886d4af34e' before making global git config changes
2026-10-09T03:49:30.6955688Z Adding repository directory to the temporary git global config as a safe directory
2026-10-09T03:49:30.6960205Z [command]/usr/bin/git config --global --add safe.directory /home/runner/work/partybox-game-cores/partybox-game-cores
2026-10-09T03:49:30.7010707Z Deleting the contents of '/home/runner/work/partybox-game-cores/partybox-game-cores'
2026-10-09T03:49:30.7015117Z ##[group]Initializing the repository
2026-10-09T03:49:30.7020656Z [command]/usr/bin/git init /home/runner/work/partybox-game-cores/partybox-game-cores
2026-10-09T03:49:30.7127863Z hint: Using 'master' as the name for the initial branch. This default branch name
2026-10-09T03:49:30.7129974Z hint: will change to "main" in Git 3.0. To configure the initial branch name
2026-10-09T03:49:30.7131613Z hint: to use in all of your new repositories, which will suppress this warning,
2026-10-09T03:49:30.7132771Z hint: call:
2026-10-09T03:49:30.7133482Z hint:
2026-10-09T03:49:30.7134793Z hint: 	git config --global init.defaultBranch <name>
2026-10-09T03:49:30.7135515Z hint:
2026-10-09T03:49:30.7136122Z hint: Names commonly chosen instead of 'master' are 'main', 'trunk' and
2026-10-09T03:49:30.7137097Z hint: 'development'. The just-created branch can be renamed via this command:
2026-10-09T03:49:30.7137843Z hint:
2026-10-09T03:49:30.7138268Z hint: 	git branch -m <name>
2026-10-09T03:49:30.7138793Z hint:
2026-10-09T03:49:30.7139468Z hint: Disable this message with "git config set advice.defaultBranchName false"
2026-10-09T03:49:30.7140645Z Initialized empty Git repository in /home/runner/work/partybox-game-cores/partybox-game-cores/.git/
2026-10-09T03:49:30.7154982Z [command]/usr/bin/git remote add origin https://github.com/luisitin/partybox-game-cores
2026-10-09T03:49:30.7195686Z ##[endgroup]
2026-10-09T03:49:30.7196591Z ##[group]Disabling automatic garbage collection
2026-10-09T03:49:30.7199692Z [command]/usr/bin/git config --local gc.auto 0
2026-10-09T03:49:30.7232473Z ##[endgroup]
2026-10-09T03:49:30.7233304Z ##[group]Setting up auth
2026-10-09T03:49:30.7240359Z [command]/usr/bin/git config --local --name-only --get-regexp core\.sshCommand
2026-10-09T03:49:30.7280445Z [command]/usr/bin/git submodule foreach --recursive sh -c "git config --local --name-only --get-regexp 'core\.sshCommand' && git config --local --unset-all 'core.sshCommand' || :"
2026-10-09T03:49:30.7682099Z [command]/usr/bin/git config --local --name-only --get-regexp http\.https\:\/\/github\.com\/\.extraheader
2026-10-09T03:49:30.7723565Z [command]/usr/bin/git submodule foreach --recursive sh -c "git config --local --name-only --get-regexp 'http\.https\:\/\/github\.com\/\.extraheader' && git config --local --unset-all 'http.https://github.com/.extraheader' || :"
2026-10-09T03:49:30.7968814Z [command]/usr/bin/git config --local --name-only --get-regexp ^includeIf\.gitdir:
2026-10-09T03:49:30.8010430Z [command]/usr/bin/git submodule foreach --recursive git config --local --show-origin --name-only --get-regexp remote.origin.url
2026-10-09T03:49:30.8256830Z [command]/usr/bin/git config --local http.https://github.com/.extraheader AUTHORIZATION: basic ***
2026-10-09T03:49:30.8300935Z ##[endgroup]
2026-10-09T03:49:30.8302598Z ##[group]Fetching the repository
2026-10-09T03:49:30.8312127Z [command]/usr/bin/git -c protocol.version=2 fetch --no-tags --prune --no-recurse-submodules --depth=1 origin 474c1a64b3a8f69b81b3bd60f0a55f2782dc8d1f
2026-10-09T03:49:52.4120951Z From https://github.com/luisitin/partybox-game-cores
2026-10-09T03:49:52.4121723Z  * branch            474c1a64b3a8f69b81b3bd60f0a55f2782dc8d1f -> FETCH_HEAD
2026-10-09T03:49:52.4133712Z ##[endgroup]
2026-10-09T03:49:52.4134762Z ##[group]Determining the checkout info
2026-10-09T03:49:52.4135805Z ##[endgroup]
2026-10-09T03:49:52.4137701Z [command]/usr/bin/git sparse-checkout disable
2026-10-09T03:49:52.4262986Z [command]/usr/bin/git config --local --unset-all extensions.worktreeConfig
2026-10-09T03:49:52.4265818Z ##[group]Checking out the ref
2026-10-09T03:49:52.4266897Z [command]/usr/bin/git checkout --progress --force 474c1a64b3a8f69b81b3bd60f0a55f2782dc8d1f
2026-10-09T03:49:53.6888461Z Updating files:   8% (180/2109)
2026-10-09T03:49:54.5046935Z Updating files:   9% (190/2109)
2026-10-09T03:49:55.1619848Z Updating files:   9% (199/2109)
2026-10-09T03:49:55.5161632Z Updating files:  10% (211/2109)
2026-10-09T03:49:56.4614502Z Updating files:  10% (216/2109)
2026-10-09T03:49:56.8232428Z Updating files:  10% (226/2109)
2026-10-09T03:49:57.4859960Z Updating files:  11% (232/2109)
2026-10-09T03:49:57.8473425Z Updating files:  11% (243/2109)
2026-10-09T03:49:58.0781962Z Updating files:  12% (254/2109)
2026-10-09T03:49:58.0791836Z Updating files:  13% (275/2109)
2026-10-09T03:49:58.0806998Z Updating files:  14% (296/2109)
2026-10-09T03:49:58.1006715Z Updating files:  15% (317/2109)
2026-10-09T03:49:58.1021615Z Updating files:  16% (338/2109)
2026-10-09T03:49:58.1063246Z Updating files:  17% (359/2109)
2026-10-09T03:49:58.1214560Z Updating files:  18% (380/2109)
2026-10-09T03:49:58.1244937Z Updating files:  19% (401/2109)
2026-10-09T03:49:58.1245509Z Updating files:  20% (422/2109)
2026-10-09T03:49:58.1277397Z Updating files:  21% (443/2109)
2026-10-09T03:49:58.1306283Z Updating files:  22% (464/2109)
2026-10-09T03:49:58.1331056Z Updating files:  23% (486/2109)
2026-10-09T03:49:58.1352209Z Updating files:  24% (507/2109)
2026-10-09T03:49:58.1368561Z Updating files:  25% (528/2109)
2026-10-09T03:49:58.1464992Z Updating files:  26% (549/2109)
2026-10-09T03:49:58.1638397Z Updating files:  27% (570/2109)
2026-10-09T03:49:58.1806539Z Updating files:  28% (591/2109)
2026-10-09T03:49:58.1862050Z Updating files:  29% (612/2109)
2026-10-09T03:49:58.1913603Z Updating files:  30% (633/2109)
2026-10-09T03:49:58.2173359Z Updating files:  31% (654/2109)
2026-10-09T03:49:58.2356750Z Updating files:  32% (675/2109)
2026-10-09T03:49:58.2369109Z Updating files:  33% (696/2109)
2026-10-09T03:49:58.2542785Z Updating files:  34% (718/2109)
2026-10-09T03:49:58.2552543Z Updating files:  35% (739/2109)
2026-10-09T03:49:58.2741791Z Updating files:  36% (760/2109)
2026-10-09T03:49:58.2910734Z Updating files:  37% (781/2109)
2026-10-09T03:49:58.2942891Z Updating files:  38% (802/2109)
2026-10-09T03:49:58.2958790Z Updating files:  39% (823/2109)
2026-10-09T03:49:58.3141919Z Updating files:  40% (844/2109)
2026-10-09T03:49:58.3313923Z Updating files:  41% (865/2109)
2026-10-09T03:49:58.3332377Z Updating files:  42% (886/2109)
2026-10-09T03:49:58.3354423Z Updating files:  43% (907/2109)
2026-10-09T03:49:58.3402334Z Updating files:  44% (928/2109)
2026-10-09T03:49:58.3413363Z Updating files:  45% (950/2109)
2026-10-09T03:49:58.3426879Z Updating files:  46% (971/2109)
2026-10-09T03:49:58.3566038Z Updating files:  47% (992/2109)
2026-10-09T03:49:58.3727009Z Updating files:  48% (1013/2109)
2026-10-09T03:49:58.3871956Z Updating files:  49% (1034/2109)
2026-10-09T03:49:58.4039457Z Updating files:  50% (1055/2109)
2026-10-09T03:49:58.4059567Z Updating files:  51% (1076/2109)
2026-10-09T03:49:58.4071925Z Updating files:  52% (1097/2109)
2026-10-09T03:49:58.4091113Z Updating files:  53% (1118/2109)
2026-10-09T03:49:58.4140250Z Updating files:  54% (1139/2109)
2026-10-09T03:49:58.4185976Z Updating files:  55% (1160/2109)
2026-10-09T03:49:58.4220838Z Updating files:  56% (1182/2109)
2026-10-09T03:49:58.4268442Z Updating files:  57% (1203/2109)
2026-10-09T03:49:58.4298294Z Updating files:  58% (1224/2109)
2026-10-09T03:49:58.4324677Z Updating files:  58% (1233/2109)
2026-10-09T03:49:58.4383263Z Updating files:  59% (1245/2109)
2026-10-09T03:49:58.4403253Z Updating files:  60% (1266/2109)
2026-10-09T03:49:58.4434158Z Updating files:  61% (1287/2109)
2026-10-09T03:49:58.4473414Z Updating files:  62% (1308/2109)
2026-10-09T03:49:58.4515396Z Updating files:  63% (1329/2109)
2026-10-09T03:49:58.4566195Z Updating files:  64% (1350/2109)
2026-10-09T03:49:58.4593307Z Updating files:  65% (1371/2109)
2026-10-09T03:49:58.4632175Z Updating files:  66% (1392/2109)
2026-10-09T03:49:58.4676784Z Updating files:  67% (1414/2109)
2026-10-09T03:49:58.4741955Z Updating files:  68% (1435/2109)
2026-10-09T03:49:58.4755065Z Updating files:  69% (1456/2109)
2026-10-09T03:49:58.4765035Z Updating files:  70% (1477/2109)
2026-10-09T03:49:58.4804868Z Updating files:  71% (1498/2109)
2026-10-09T03:49:58.4805376Z Updating files:  72% (1519/2109)
2026-10-09T03:49:58.4826677Z Updating files:  73% (1540/2109)
2026-10-09T03:49:58.4827193Z Updating files:  74% (1561/2109)
2026-10-09T03:49:58.4861210Z Updating files:  75% (1582/2109)
2026-10-09T03:49:58.4874078Z Updating files:  76% (1603/2109)
2026-10-09T03:49:58.4886228Z Updating files:  77% (1624/2109)
2026-10-09T03:49:58.4899440Z Updating files:  78% (1646/2109)
2026-10-09T03:49:58.4910466Z Updating files:  79% (1667/2109)
2026-10-09T03:49:58.4921255Z Updating files:  80% (1688/2109)
2026-10-09T03:49:58.4931864Z Updating files:  81% (1709/2109)
2026-10-09T03:49:58.4942742Z Updating files:  82% (1730/2109)
2026-10-09T03:49:58.4972238Z Updating files:  83% (1751/2109)
2026-10-09T03:49:58.4982842Z Updating files:  84% (1772/2109)
2026-10-09T03:49:58.4993499Z Updating files:  85% (1793/2109)
2026-10-09T03:49:58.5002249Z Updating files:  86% (1814/2109)
2026-10-09T03:49:58.5013507Z Updating files:  87% (1835/2109)
2026-10-09T03:49:58.5024801Z Updating files:  88% (1856/2109)
2026-10-09T03:49:58.5033977Z Updating files:  89% (1878/2109)
2026-10-09T03:49:58.5043745Z Updating files:  90% (1899/2109)
2026-10-09T03:49:58.5061910Z Updating files:  91% (1920/2109)
2026-10-09T03:49:58.5110134Z Updating files:  92% (1941/2109)
2026-10-09T03:49:58.5190847Z Updating files:  93% (1962/2109)
2026-10-09T03:49:58.5209086Z Updating files:  94% (1983/2109)
2026-10-09T03:49:58.5501228Z Updating files:  95% (2004/2109)
2026-10-09T03:49:58.8578585Z Updating files:  96% (2025/2109)
2026-10-09T03:49:58.8589541Z Updating files:  97% (2046/2109)
2026-10-09T03:49:58.8601911Z Updating files:  98% (2067/2109)
2026-10-09T03:49:58.8614726Z Updating files:  99% (2088/2109)
2026-10-09T03:49:58.8615230Z Updating files: 100% (2109/2109)
2026-10-09T03:49:58.8615521Z Updating files: 100% (2109/2109), done.
2026-10-09T03:49:58.8643319Z Note: switching to '474c1a64b3a8f69b81b3bd60f0a55f2782dc8d1f'.
2026-10-09T03:49:58.8644318Z 
2026-10-09T03:49:58.8644733Z You are in 'detached HEAD' state. You can look around, make experimental
2026-10-09T03:49:58.8645742Z changes and commit them, and you can discard any commits you make in this
2026-10-09T03:49:58.8647090Z state without impacting any branches by switching back to a branch.
2026-10-09T03:49:58.8647753Z 
2026-10-09T03:49:58.8648162Z If you want to create a new branch to retain commits you create, you may
2026-10-09T03:49:58.8649089Z do so (now or later) by using -c with the switch command. Example:
2026-10-09T03:49:58.8649632Z 
2026-10-09T03:49:58.8649854Z   git switch -c <new-branch-name>
2026-10-09T03:49:58.8650206Z 
2026-10-09T03:49:58.8650453Z Or undo this operation with:
2026-10-09T03:49:58.8650778Z 
2026-10-09T03:49:58.8650955Z   git switch -
2026-10-09T03:49:58.8651198Z 
2026-10-09T03:49:58.8651641Z Turn off this advice by setting config variable advice.detachedHead to false
2026-10-09T03:49:58.8652295Z 
2026-10-09T03:49:58.8652788Z HEAD is now at 474c1a6 G10 archive current full proof and International startup controls
2026-10-09T03:49:58.8795575Z ##[endgroup]
2026-10-09T03:49:58.8850161Z [command]/usr/bin/git log -1 --format=%H
2026-10-09T03:49:58.8880656Z 474c1a64b3a8f69b81b3bd60f0a55f2782dc8d1f
2026-10-09T03:49:58.9133386Z ##[group]Run actions/setup-node@v4
2026-10-09T03:49:58.9133687Z with:
2026-10-09T03:49:58.9133890Z   node-version: 22.16.0
2026-10-09T03:49:58.9134402Z   cache: npm
2026-10-09T03:49:58.9134729Z   cache-dependency-path: jobs/G10-checkers/package-lock.json
2026-10-09T03:49:58.9135077Z   always-auth: false
2026-10-09T03:49:58.9135299Z   check-latest: false
2026-10-09T03:49:58.9137704Z   token: ***
2026-10-09T03:49:58.9137900Z env:
2026-10-09T03:49:58.9138153Z   G10_SOURCE_COMMIT: 474c1a64b3a8f69b81b3bd60f0a55f2782dc8d1f
2026-10-09T03:49:58.9138476Z ##[endgroup]
2026-10-09T03:49:59.0488225Z Attempting to download 22.16.0...
2026-10-09T03:49:59.0596251Z (node:2311) [DEP0040] DeprecationWarning: The `punycode` module is deprecated. Please use a userland alternative instead.
2026-10-09T03:49:59.0597537Z (Use `node --trace-deprecation ...` to show where the warning was created)
2026-10-09T03:49:59.5380573Z Acquiring 22.16.0 - x64 from https://github.com/actions/node-versions/releases/download/22.16.0-15177438473/node-22.16.0-linux-x64.tar.gz
2026-10-09T03:49:59.9566611Z Extracting ...
2026-10-09T03:49:59.9687591Z [command]/usr/bin/tar xz --strip 1 --warning=no-unknown-keyword --overwrite -C /home/runner/work/_temp/19ae6630-886e-4288-bbfa-d750a95cb364 -f /home/runner/work/_temp/91f82c6e-451a-4187-a26b-4f074113fe8b
2026-10-09T03:50:01.1665591Z Adding to the cache ...
2026-10-09T03:50:03.4564644Z ##[group]Environment details
2026-10-09T03:50:03.6720501Z node: v22.16.0
2026-10-09T03:50:03.6720908Z npm: 10.9.2
2026-10-09T03:50:03.6721215Z yarn: 1.22.22
2026-10-09T03:50:03.6721785Z ##[endgroup]
2026-10-09T03:50:03.6742631Z [command]/opt/hostedtoolcache/node/22.16.0/x64/bin/npm config get cache
2026-10-09T03:50:03.7630050Z /home/runner/.npm
2026-10-09T03:50:03.8436654Z Cache hit for: node-cache-Linux-x64-npm-b79e3f2344d4218dbbb2f93f566da8e1ac49738aa1184813b150890d461d0c8a
2026-10-09T03:50:03.8559525Z (node:2311) [DEP0169] DeprecationWarning: `url.parse()` behavior is not standardized and prone to errors that have security implications. Use the WHATWG URL API instead. CVEs are not issued for `url.parse()` vulnerabilities.
2026-10-09T03:50:04.0628881Z Received 12676330 of 12676330 (100.0%), 68.7 MBs/sec
2026-10-09T03:50:04.0629527Z Cache Size: ~12 MB (12676330 B)
2026-10-09T03:50:04.0657250Z [command]/usr/bin/tar -xf /home/runner/work/_temp/71f45827-1b40-4c88-ab47-9641b5ba1993/cache.tzst -P -C /home/runner/work/partybox-game-cores/partybox-game-cores --use-compress-program unzstd
2026-10-09T03:50:04.0901113Z Cache restored successfully
2026-10-09T03:50:04.0911630Z Cache restored from key: node-cache-Linux-x64-npm-b79e3f2344d4218dbbb2f93f566da8e1ac49738aa1184813b150890d461d0c8a
2026-10-09T03:50:04.1090241Z ##[group]Run npm ci --ignore-scripts --no-audit --no-fund
2026-10-09T03:50:04.1090749Z [36;1mnpm ci --ignore-scripts --no-audit --no-fund[0m
2026-10-09T03:50:04.1346207Z shell: /usr/bin/bash -e {0}
2026-10-09T03:50:04.1346525Z env:
2026-10-09T03:50:04.1346843Z   G10_SOURCE_COMMIT: 474c1a64b3a8f69b81b3bd60f0a55f2782dc8d1f
2026-10-09T03:50:04.1347264Z ##[endgroup]
2026-10-09T03:50:05.0668141Z 
2026-10-09T03:50:05.0675210Z added 6 packages in 875ms
2026-10-09T03:50:05.1147229Z ##[group]Run if [ -f /etc/apt/apt-mirrors.txt ]; then
2026-10-09T03:50:05.1147645Z [36;1mif [ -f /etc/apt/apt-mirrors.txt ]; then[0m
2026-10-09T03:50:05.1148292Z [36;1m  sudo sed -i 's#http://azure.archive.ubuntu.com/ubuntu#https://archive.ubuntu.com/ubuntu#g' /etc/apt/apt-mirrors.txt[0m
2026-10-09T03:50:05.1148856Z [36;1mfi[0m
2026-10-09T03:50:05.1214410Z shell: /usr/bin/bash -e {0}
2026-10-09T03:50:05.1214670Z env:
2026-10-09T03:50:05.1214952Z   G10_SOURCE_COMMIT: 474c1a64b3a8f69b81b3bd60f0a55f2782dc8d1f
2026-10-09T03:50:05.1215289Z ##[endgroup]
2026-10-09T03:50:05.1491317Z ##[group]Run sudo apt-get update
2026-10-09T03:50:05.1491642Z [36;1msudo apt-get update[0m
2026-10-09T03:50:05.1491925Z [36;1msudo apt-get install -y ffmpeg[0m
2026-10-09T03:50:05.1492215Z [36;1mffprobe -version[0m
2026-10-09T03:50:05.1492457Z [36;1mffmpeg -version[0m
2026-10-09T03:50:05.1555186Z shell: /usr/bin/bash -e {0}
2026-10-09T03:50:05.1555456Z env:
2026-10-09T03:50:05.1555729Z   G10_SOURCE_COMMIT: 474c1a64b3a8f69b81b3bd60f0a55f2782dc8d1f
2026-10-09T03:50:05.1556073Z ##[endgroup]
2026-10-09T03:50:05.3435821Z Get:1 file:/etc/apt/apt-mirrors.txt Mirrorlist [139 B]
2026-10-09T03:50:05.3598651Z Get:6 https://packages.microsoft.com/ubuntu/24.04/prod noble InRelease [3600 B]
2026-10-09T03:50:05.4904009Z Get:7 https://packages.microsoft.com/ubuntu/24.04/prod noble/main all Packages [640 B]
2026-10-09T03:50:05.5052948Z Get:8 https://packages.microsoft.com/ubuntu/24.04/prod noble/main arm64 Packages [475 kB]
2026-10-09T03:50:05.5152195Z Get:9 https://packages.microsoft.com/ubuntu/24.04/prod noble/main amd64 Packages [531 kB]
2026-10-09T03:50:05.5228019Z Get:10 https://packages.microsoft.com/ubuntu/24.04/prod noble/main armhf Packages [12.3 kB]
2026-10-09T03:50:05.8983268Z Hit:2 https://archive.ubuntu.com/ubuntu noble InRelease
2026-10-09T03:50:06.0088687Z Get:3 https://archive.ubuntu.com/ubuntu noble-updates InRelease [126 kB]
2026-10-09T03:50:06.3963399Z Get:4 https://archive.ubuntu.com/ubuntu noble-backports InRelease [126 kB]
2026-10-09T03:50:06.6178551Z Get:5 https://archive.ubuntu.com/ubuntu noble-security InRelease [126 kB]
2026-10-09T03:50:07.1039651Z Get:11 https://archive.ubuntu.com/ubuntu noble-updates/main amd64 Packages [1375 kB]
2026-10-09T03:50:08.1054601Z Get:12 https://archive.ubuntu.com/ubuntu noble-updates/main Translation-en [306 kB]
2026-10-09T03:50:08.2093144Z Get:13 https://archive.ubuntu.com/ubuntu noble-updates/universe amd64 Packages [1702 kB]
2026-10-09T03:50:08.5070995Z Get:14 https://archive.ubuntu.com/ubuntu noble-updates/universe Translation-en [342 kB]
2026-10-09T03:50:08.6491409Z Get:15 https://archive.ubuntu.com/ubuntu noble-updates/restricted amd64 Packages [1761 kB]
2026-10-09T03:50:08.8541123Z Get:16 https://archive.ubuntu.com/ubuntu noble-updates/restricted Translation-en [401 kB]
2026-10-09T03:50:08.9967945Z Get:17 https://archive.ubuntu.com/ubuntu noble-updates/multiverse amd64 Packages [55.0 kB]
2026-10-09T03:50:09.1540824Z Get:18 https://archive.ubuntu.com/ubuntu noble-updates/multiverse Translation-en [14.3 kB]
2026-10-09T03:50:09.2571554Z Get:19 https://archive.ubuntu.com/ubuntu noble-security/main amd64 Packages [1118 kB]
2026-10-09T03:50:09.3965749Z Get:20 https://archive.ubuntu.com/ubuntu noble-security/main Translation-en [228 kB]
2026-10-09T03:50:09.6505311Z Get:21 https://archive.ubuntu.com/ubuntu noble-security/universe amd64 Packages [1220 kB]
2026-10-09T03:50:09.7931714Z Get:22 https://archive.ubuntu.com/ubuntu noble-security/universe Translation-en [245 kB]
2026-10-09T03:50:09.9037826Z Get:23 https://archive.ubuntu.com/ubuntu noble-security/restricted amd64 Packages [1667 kB]
2026-10-09T03:50:10.0612038Z Get:24 https://archive.ubuntu.com/ubuntu noble-security/restricted Translation-en [383 kB]
2026-10-09T03:50:10.1759729Z Get:25 https://archive.ubuntu.com/ubuntu noble-security/multiverse amd64 Packages [49.8 kB]
2026-10-09T03:50:10.2803344Z Get:26 https://archive.ubuntu.com/ubuntu noble-security/multiverse Translation-en [12.4 kB]
2026-10-09T03:50:14.4850835Z Fetched 12.3 MB in 5s (2447 kB/s)
2026-10-09T03:50:15.2897003Z Reading package lists...
2026-10-09T03:50:15.3202958Z Reading package lists...
2026-10-09T03:50:15.4932522Z Building dependency tree...
2026-10-09T03:50:15.4940375Z Reading state information...
2026-10-09T03:50:15.6279236Z The following additional packages will be installed:
2026-10-09T03:50:15.6280188Z   i965-va-driver intel-media-va-driver libaacs0 libass9 libasyncns0
2026-10-09T03:50:15.6281150Z   libavc1394-0 libavcodec60 libavdevice60 libavfilter9 libavformat60
2026-10-09T03:50:15.6282652Z   libavutil58 libbdplus0 libblas3 libbluray2 libbs2b0 libcaca0
2026-10-09T03:50:15.6283721Z   libcdio-cdda2t64 libcdio-paranoia2t64 libcdio19t64 libchromaprint1 libcjson1
2026-10-09T03:50:15.6285025Z   libcodec2-1.2 libdav1d7 libdc1394-25 libdecor-0-0 libdecor-0-plugin-1-gtk
2026-10-09T03:50:15.6286020Z   libflac12t64 libflite1 libgme0 libgsm1 libhwy1t64 libiec61883-0 libigdgmm12
2026-10-09T03:50:15.6286980Z   libjack-jackd2-0 libjxl0.7 liblapack3 liblilv-0-0 libmbedcrypto7t64
2026-10-09T03:50:15.6288021Z   libmp3lame0 libmpg123-0t64 libmysofa1 libopenal-data libopenal1
2026-10-09T03:50:15.6289028Z   libopenmpt0t64 libopus0 libplacebo338 libpocketsphinx3 libpostproc57
2026-10-09T03:50:15.6289984Z   libpulse0 librav1e0 libraw1394-11 librist4 librsvg2-2 librsvg2-common
2026-10-09T03:50:15.6290869Z   librubberband2 libsamplerate0 libsdl2-2.0-0 libserd-0-0 libshine3
2026-10-09T03:50:15.6291784Z   libsndfile1 libsndio7.0 libsord-0-0 libsoxr0 libspeex1 libsphinxbase3t64
2026-10-09T03:50:15.6292633Z   libsratom-0-0 libsrt1.5-gnutls libssh-gcrypt-4 libsvtav1enc1d1
2026-10-09T03:50:15.6293377Z   libswresample4 libswscale7 libtheora0 libtwolame0 libudfread0 libunibreak5
2026-10-09T03:50:15.6293962Z   libva-drm2 libva-x11-2 libva2 libvdpau1 libvidstab1.1 libvorbisenc2 libvpl2
2026-10-09T03:50:15.6294810Z   libvpx9 libx264-164 libx265-199 libxcb-shape0 libxv1 libxvidcore4 libzimg2
2026-10-09T03:50:15.6295554Z   libzix-0-0 libzvbi-common libzvbi0t64 mesa-va-drivers mesa-vdpau-drivers
2026-10-09T03:50:15.6296336Z   ocl-icd-libopencl1 pocketsphinx-en-us va-driver-all vdpau-driver-all
2026-10-09T03:50:15.6296774Z Suggested packages:
2026-10-09T03:50:15.6297165Z   ffmpeg-doc i965-va-driver-shaders libcuda1 libnvcuvid1 libnvidia-encode1
2026-10-09T03:50:15.6297718Z   libbluray-bdj jackd2 libportaudio2 opus-tools pulseaudio libraw1394-doc
2026-10-09T03:50:15.6298235Z   librsvg2-bin serdi sndiod sordi speex opencl-icd libvdpau-va-gl1
2026-10-09T03:50:15.7033656Z The following NEW packages will be installed:
2026-10-09T03:50:15.7039228Z   ffmpeg i965-va-driver intel-media-va-driver libaacs0 libass9 libasyncns0
2026-10-09T03:50:15.7040237Z   libavc1394-0 libavcodec60 libavdevice60 libavfilter9 libavformat60
2026-10-09T03:50:15.7041151Z   libavutil58 libbdplus0 libblas3 libbluray2 libbs2b0 libcaca0
2026-10-09T03:50:15.7042160Z   libcdio-cdda2t64 libcdio-paranoia2t64 libcdio19t64 libchromaprint1 libcjson1
2026-10-09T03:50:15.7043340Z   libcodec2-1.2 libdav1d7 libdc1394-25 libdecor-0-0 libdecor-0-plugin-1-gtk
2026-10-09T03:50:15.7044576Z   libflac12t64 libflite1 libgme0 libgsm1 libhwy1t64 libiec61883-0 libigdgmm12
2026-10-09T03:50:15.7045569Z   libjack-jackd2-0 libjxl0.7 liblapack3 liblilv-0-0 libmbedcrypto7t64
2026-10-09T03:50:15.7046457Z   libmp3lame0 libmpg123-0t64 libmysofa1 libopenal-data libopenal1
2026-10-09T03:50:15.7047362Z   libopenmpt0t64 libopus0 libplacebo338 libpocketsphinx3 libpostproc57
2026-10-09T03:50:15.7048361Z   libpulse0 librav1e0 libraw1394-11 librist4 librsvg2-2 librsvg2-common
2026-10-09T03:50:15.7049322Z   librubberband2 libsamplerate0 libsdl2-2.0-0 libserd-0-0 libshine3
2026-10-09T03:50:15.7050319Z   libsndfile1 libsndio7.0 libsord-0-0 libsoxr0 libspeex1 libsphinxbase3t64
2026-10-09T03:50:15.7051215Z   libsratom-0-0 libsrt1.5-gnutls libssh-gcrypt-4 libsvtav1enc1d1
2026-10-09T03:50:15.7052141Z   libswresample4 libswscale7 libtheora0 libtwolame0 libudfread0 libunibreak5
2026-10-09T03:50:15.7053190Z   libva-drm2 libva-x11-2 libva2 libvdpau1 libvidstab1.1 libvorbisenc2 libvpl2
2026-10-09T03:50:15.7054345Z   libvpx9 libx264-164 libx265-199 libxcb-shape0 libxv1 libxvidcore4 libzimg2
2026-10-09T03:50:15.7055415Z   libzix-0-0 libzvbi-common libzvbi0t64 mesa-va-drivers mesa-vdpau-drivers
2026-10-09T03:50:15.7056438Z   ocl-icd-libopencl1 pocketsphinx-en-us va-driver-all vdpau-driver-all
2026-10-09T03:50:15.7242208Z 0 upgraded, 99 newly installed, 0 to remove and 23 not upgraded.
2026-10-09T03:50:15.7243009Z Need to get 94.1 MB of archives.
2026-10-09T03:50:15.7243796Z After this operation, 227 MB of additional disk space will be used.
2026-10-09T03:50:15.7245234Z Get:1 file:/etc/apt/apt-mirrors.txt Mirrorlist [139 B]
2026-10-09T03:50:16.2958812Z Get:2 https://archive.ubuntu.com/ubuntu noble-updates/universe amd64 libva2 amd64 2.20.0-2ubuntu0.2 [66.4 kB]
2026-10-09T03:50:16.6147249Z Get:3 https://archive.ubuntu.com/ubuntu noble-updates/universe amd64 libva-drm2 amd64 2.20.0-2ubuntu0.2 [7124 B]
2026-10-09T03:50:16.7227657Z Get:4 https://archive.ubuntu.com/ubuntu noble-updates/universe amd64 libva-x11-2 amd64 2.20.0-2ubuntu0.2 [12.0 kB]
2026-10-09T03:50:16.8350732Z Get:5 https://archive.ubuntu.com/ubuntu noble/main amd64 libvdpau1 amd64 1.5-2build1 [27.8 kB]
2026-10-09T03:50:16.9615482Z Get:6 https://archive.ubuntu.com/ubuntu noble/universe amd64 libvpl2 amd64 2023.3.0-1build1 [99.8 kB]
2026-10-09T03:50:17.1749537Z Get:7 https://archive.ubuntu.com/ubuntu noble/universe amd64 ocl-icd-libopencl1 amd64 2.3.2-1build1 [38.5 kB]
2026-10-09T03:50:17.2929778Z Get:8 https://archive.ubuntu.com/ubuntu noble/universe amd64 libavutil58 amd64 7:6.1.1-3ubuntu5 [401 kB]
2026-10-09T03:50:17.6093955Z Get:9 https://archive.ubuntu.com/ubuntu noble/universe amd64 libcodec2-1.2 amd64 1.2.0-2build1 [8998 kB]
2026-10-09T03:50:18.4705070Z Get:10 https://archive.ubuntu.com/ubuntu noble/universe amd64 libdav1d7 amd64 1.4.1-1build1 [604 kB]
2026-10-09T03:50:18.5816927Z Get:11 https://archive.ubuntu.com/ubuntu noble/universe amd64 libgsm1 amd64 1.0.22-1build1 [27.8 kB]
2026-10-09T03:50:18.6860783Z Get:12 https://archive.ubuntu.com/ubuntu noble/universe amd64 libhwy1t64 amd64 1.0.7-8.1build1 [584 kB]
2026-10-09T03:50:18.7970172Z Get:13 https://archive.ubuntu.com/ubuntu noble-updates/universe amd64 libjxl0.7 amd64 0.7.0-10.2ubuntu6.1 [1001 kB]
2026-10-09T03:50:18.9133457Z Get:14 https://archive.ubuntu.com/ubuntu noble/main amd64 libmp3lame0 amd64 3.100-6build1 [142 kB]
2026-10-09T03:50:19.0186592Z Get:15 https://archive.ubuntu.com/ubuntu noble/main amd64 libopus0 amd64 1.4-1build1 [208 kB]
2026-10-09T03:50:19.1248774Z Get:16 https://archive.ubuntu.com/ubuntu noble/universe amd64 librav1e0 amd64 0.7.1-2 [1022 kB]
2026-10-09T03:50:19.2415454Z Get:17 https://archive.ubuntu.com/ubuntu noble-updates/main amd64 librsvg2-2 amd64 2.58.0+dfsg-1ubuntu0.1 [2141 kB]
2026-10-09T03:50:19.3733016Z Get:18 https://archive.ubuntu.com/ubuntu noble/universe amd64 libshine3 amd64 3.1.1-2build1 [23.2 kB]
2026-10-09T03:50:19.4776189Z Get:19 https://archive.ubuntu.com/ubuntu noble-updates/main amd64 libspeex1 amd64 1.2.1-2ubuntu2.24.04.1 [59.6 kB]
2026-10-09T03:50:19.5822218Z Get:20 https://archive.ubuntu.com/ubuntu noble/universe amd64 libsvtav1enc1d1 amd64 1.7.0+dfsg-2build1 [2425 kB]
2026-10-09T03:50:19.8616471Z Get:21 https://archive.ubuntu.com/ubuntu noble/universe amd64 libsoxr0 amd64 0.1.3-4build3 [80.0 kB]
2026-10-09T03:50:19.9674533Z Get:22 https://archive.ubuntu.com/ubuntu noble/universe amd64 libswresample4 amd64 7:6.1.1-3ubuntu5 [63.8 kB]
2026-10-09T03:50:20.0721841Z Get:23 https://archive.ubuntu.com/ubuntu noble/main amd64 libtheora0 amd64 1.1.1+dfsg.1-16.1build3 [211 kB]
2026-10-09T03:50:20.1786718Z Get:24 https://archive.ubuntu.com/ubuntu noble/main amd64 libtwolame0 amd64 0.4.0-2build3 [52.3 kB]
2026-10-09T03:50:20.2832048Z Get:25 https://archive.ubuntu.com/ubuntu noble/main amd64 libvorbisenc2 amd64 1.3.7-1build3 [80.8 kB]
2026-10-09T03:50:20.3880260Z Get:26 https://archive.ubuntu.com/ubuntu noble-updates/main amd64 libvpx9 amd64 1.14.0-1ubuntu2.3 [1143 kB]
2026-10-09T03:50:20.5063765Z Get:27 https://archive.ubuntu.com/ubuntu noble/universe amd64 libx264-164 amd64 2:0.164.3108+git31e19f9-1 [604 kB]
2026-10-09T03:50:20.6175620Z Get:28 https://archive.ubuntu.com/ubuntu noble/universe amd64 libx265-199 amd64 3.5-2build1 [1226 kB]
2026-10-09T03:50:20.7372613Z Get:29 https://archive.ubuntu.com/ubuntu noble/universe amd64 libxvidcore4 amd64 2:1.3.7-1build1 [219 kB]
2026-10-09T03:50:20.8433153Z Get:30 https://archive.ubuntu.com/ubuntu noble/universe amd64 libzvbi-common all 0.2.42-2 [42.4 kB]
2026-10-09T03:50:20.9490120Z Get:31 https://archive.ubuntu.com/ubuntu noble/universe amd64 libzvbi0t64 amd64 0.2.42-2 [261 kB]
2026-10-09T03:50:21.0562773Z Get:32 https://archive.ubuntu.com/ubuntu noble/universe amd64 libavcodec60 amd64 7:6.1.1-3ubuntu5 [5851 kB]
2026-10-09T03:50:21.2671223Z Get:33 https://archive.ubuntu.com/ubuntu noble/main amd64 libraw1394-11 amd64 2.1.2-2build3 [26.2 kB]
2026-10-09T03:50:21.3713522Z Get:34 https://archive.ubuntu.com/ubuntu noble/main amd64 libavc1394-0 amd64 0.5.4-5build3 [15.4 kB]
2026-10-09T03:50:21.4755390Z Get:35 https://archive.ubuntu.com/ubuntu noble/universe amd64 libunibreak5 amd64 5.1-2build1 [25.0 kB]
2026-10-09T03:50:21.5800235Z Get:36 https://archive.ubuntu.com/ubuntu noble/universe amd64 libass9 amd64 1:0.17.1-2build1 [104 kB]
2026-10-09T03:50:21.6846444Z Get:37 https://archive.ubuntu.com/ubuntu noble/universe amd64 libudfread0 amd64 1.1.2-1build1 [19.0 kB]
2026-10-09T03:50:21.7901783Z Get:38 https://archive.ubuntu.com/ubuntu noble/universe amd64 libbluray2 amd64 1:1.3.4-1build1 [159 kB]
2026-10-09T03:50:21.8954747Z Get:39 https://archive.ubuntu.com/ubuntu noble/universe amd64 libchromaprint1 amd64 1.5.1-5 [30.5 kB]
2026-10-09T03:50:22.1448430Z Get:40 https://archive.ubuntu.com/ubuntu noble/universe amd64 libgme0 amd64 0.6.3-7build1 [134 kB]
2026-10-09T03:50:22.2499172Z Get:41 https://archive.ubuntu.com/ubuntu noble-updates/main amd64 libmpg123-0t64 amd64 1.32.5-1ubuntu1.1 [169 kB]
2026-10-09T03:50:22.3552015Z Get:42 https://archive.ubuntu.com/ubuntu noble/universe amd64 libopenmpt0t64 amd64 0.7.3-1.1build3 [647 kB]
2026-10-09T03:50:22.4631009Z Get:43 https://archive.ubuntu.com/ubuntu noble/universe amd64 libcjson1 amd64 1.7.17-1 [24.8 kB]
2026-10-09T03:50:22.5672608Z Get:44 https://archive.ubuntu.com/ubuntu noble/universe amd64 libmbedcrypto7t64 amd64 2.28.8-1 [209 kB]
2026-10-09T03:50:22.6728171Z Get:45 https://archive.ubuntu.com/ubuntu noble/universe amd64 librist4 amd64 0.2.10+dfsg-2 [74.9 kB]
2026-10-09T03:50:22.7779852Z Get:46 https://archive.ubuntu.com/ubuntu noble/universe amd64 libsrt1.5-gnutls amd64 1.5.3-1build2 [316 kB]
2026-10-09T03:50:22.8843657Z Get:47 https://archive.ubuntu.com/ubuntu noble-updates/main amd64 libssh-gcrypt-4 amd64 0.10.6-2ubuntu0.5 [226 kB]
2026-10-09T03:50:23.3162834Z Get:48 https://archive.ubuntu.com/ubuntu noble/universe amd64 libavformat60 amd64 7:6.1.1-3ubuntu5 [1153 kB]
2026-10-09T03:50:24.0793300Z Get:49 https://archive.ubuntu.com/ubuntu noble/universe amd64 libbs2b0 amd64 3.1.0+dfsg-7build1 [10.6 kB]
2026-10-09T03:50:24.1647933Z Get:50 https://archive.ubuntu.com/ubuntu noble/universe amd64 libflite1 amd64 2.2-6build3 [13.6 MB]
2026-10-09T03:50:24.8546722Z Get:51 https://archive.ubuntu.com/ubuntu noble/universe amd64 libserd-0-0 amd64 0.32.2-1 [43.6 kB]
2026-10-09T03:50:24.9403840Z Get:52 https://archive.ubuntu.com/ubuntu noble/universe amd64 libzix-0-0 amd64 0.4.2-2build1 [23.6 kB]
2026-10-09T03:50:25.0257743Z Get:53 https://archive.ubuntu.com/ubuntu noble/universe amd64 libsord-0-0 amd64 0.16.16-2build1 [15.8 kB]
2026-10-09T03:50:25.1112027Z Get:54 https://archive.ubuntu.com/ubuntu noble/universe amd64 libsratom-0-0 amd64 0.6.16-1build1 [17.3 kB]
2026-10-09T03:50:25.1965982Z Get:55 https://archive.ubuntu.com/ubuntu noble/universe amd64 liblilv-0-0 amd64 0.24.22-1build1 [41.0 kB]
2026-10-09T03:50:25.2825379Z Get:56 https://archive.ubuntu.com/ubuntu noble/universe amd64 libmysofa1 amd64 1.3.2+dfsg-2ubuntu2 [1158 kB]
2026-10-09T03:50:25.3754722Z Get:57 https://archive.ubuntu.com/ubuntu noble/universe amd64 libplacebo338 amd64 6.338.2-2build1 [2654 kB]
2026-10-09T03:50:25.4781882Z Get:58 https://archive.ubuntu.com/ubuntu noble-updates/main amd64 libblas3 amd64 3.12.0-3build1.1 [238 kB]
2026-10-09T03:50:25.5656028Z Get:59 https://archive.ubuntu.com/ubuntu noble-updates/main amd64 liblapack3 amd64 3.12.0-3build1.1 [2646 kB]
2026-10-09T03:50:25.6683607Z Get:60 https://archive.ubuntu.com/ubuntu noble/main amd64 libasyncns0 amd64 0.8-6build4 [11.3 kB]
2026-10-09T03:50:25.7541713Z Get:61 https://archive.ubuntu.com/ubuntu noble/main amd64 libflac12t64 amd64 1.4.3+ds-2.1ubuntu2 [197 kB]
2026-10-09T03:50:25.8408263Z Get:62 https://archive.ubuntu.com/ubuntu noble-updates/main amd64 libsndfile1 amd64 1.2.2-1ubuntu5.24.04.1 [209 kB]
2026-10-09T03:50:25.9275781Z Get:63 https://archive.ubuntu.com/ubuntu noble-updates/main amd64 libpulse0 amd64 1:16.1+dfsg1-2ubuntu10.1 [292 kB]
2026-10-09T03:50:26.0148031Z Get:64 https://archive.ubuntu.com/ubuntu noble/universe amd64 libsphinxbase3t64 amd64 0.8+5prealpha+1-17build2 [126 kB]
2026-10-09T03:50:26.1012746Z Get:65 https://archive.ubuntu.com/ubuntu noble/universe amd64 libpocketsphinx3 amd64 0.8.0+real5prealpha+1-15ubuntu5 [133 kB]
2026-10-09T03:50:26.1876024Z Get:66 https://archive.ubuntu.com/ubuntu noble/universe amd64 libpostproc57 amd64 7:6.1.1-3ubuntu5 [49.9 kB]
2026-10-09T03:50:26.4001279Z Get:67 https://archive.ubuntu.com/ubuntu noble/main amd64 libsamplerate0 amd64 0.2.2-4build1 [1344 kB]
2026-10-09T03:50:26.4950174Z Get:68 https://archive.ubuntu.com/ubuntu noble/universe amd64 librubberband2 amd64 3.3.0+dfsg-2build1 [130 kB]
2026-10-09T03:50:26.5813230Z Get:69 https://archive.ubuntu.com/ubuntu noble/universe amd64 libswscale7 amd64 7:6.1.1-3ubuntu5 [193 kB]
2026-10-09T03:50:26.6692677Z Get:70 https://archive.ubuntu.com/ubuntu noble/universe amd64 libvidstab1.1 amd64 1.1.0-2build1 [38.5 kB]
2026-10-09T03:50:26.7555348Z Get:71 https://archive.ubuntu.com/ubuntu noble/universe amd64 libzimg2 amd64 3.0.5+ds1-1build1 [254 kB]
2026-10-09T03:50:26.8450457Z Get:72 https://archive.ubuntu.com/ubuntu noble/universe amd64 libavfilter9 amd64 7:6.1.1-3ubuntu5 [4235 kB]
2026-10-09T03:50:26.9592017Z Get:73 https://archive.ubuntu.com/ubuntu noble-updates/main amd64 libcaca0 amd64 0.99.beta20-4ubuntu0.2 [209 kB]
2026-10-09T03:50:27.0460259Z Get:74 https://archive.ubuntu.com/ubuntu noble-updates/main amd64 libcdio19t64 amd64 2.1.0-4.1ubuntu1.2 [62.4 kB]
2026-10-09T03:50:27.1317085Z Get:75 https://archive.ubuntu.com/ubuntu noble/main amd64 libcdio-cdda2t64 amd64 10.2+2.0.1-1.1build2 [16.5 kB]
2026-10-09T03:50:27.2172375Z Get:76 https://archive.ubuntu.com/ubuntu noble/main amd64 libcdio-paranoia2t64 amd64 10.2+2.0.1-1.1build2 [16.6 kB]
2026-10-09T03:50:27.3030262Z Get:77 https://archive.ubuntu.com/ubuntu noble/universe amd64 libdc1394-25 amd64 2.2.6-4build1 [90.1 kB]
2026-10-09T03:50:27.3888774Z Get:78 https://archive.ubuntu.com/ubuntu noble/main amd64 libiec61883-0 amd64 1.2.0-6build1 [24.5 kB]
2026-10-09T03:50:27.4744698Z Get:79 https://archive.ubuntu.com/ubuntu noble/main amd64 libjack-jackd2-0 amd64 1.9.21~dfsg-3ubuntu3 [289 kB]
2026-10-09T03:50:27.5615884Z Get:80 https://archive.ubuntu.com/ubuntu noble/universe amd64 libopenal-data all 1:1.23.1-4build1 [161 kB]
2026-10-09T03:50:27.6480853Z Get:81 https://archive.ubuntu.com/ubuntu noble/universe amd64 libsndio7.0 amd64 1.9.0-0.3build3 [29.6 kB]
2026-10-09T03:50:27.7335296Z Get:82 https://archive.ubuntu.com/ubuntu noble/universe amd64 libopenal1 amd64 1:1.23.1-4build1 [540 kB]
2026-10-09T03:50:27.8226355Z Get:83 https://archive.ubuntu.com/ubuntu noble/main amd64 libdecor-0-0 amd64 0.2.2-1build2 [16.5 kB]
2026-10-09T03:50:27.9085916Z Get:84 https://archive.ubuntu.com/ubuntu noble-updates/main amd64 libsdl2-2.0-0 amd64 2.30.0+dfsg-1ubuntu3.1 [686 kB]
2026-10-09T03:50:28.1243207Z Get:85 https://archive.ubuntu.com/ubuntu noble/main amd64 libxcb-shape0 amd64 1.15-1ubuntu2 [6100 B]
2026-10-09T03:50:28.2096652Z Get:86 https://archive.ubuntu.com/ubuntu noble/main amd64 libxv1 amd64 2:1.0.11-1.1build1 [10.7 kB]
2026-10-09T03:50:28.2949564Z Get:87 https://archive.ubuntu.com/ubuntu noble/universe amd64 libavdevice60 amd64 7:6.1.1-3ubuntu5 [82.3 kB]
2026-10-09T03:50:28.3809577Z Get:88 https://archive.ubuntu.com/ubuntu noble/universe amd64 ffmpeg amd64 7:6.1.1-3ubuntu5 [1879 kB]
2026-10-09T03:50:28.4787396Z Get:89 https://archive.ubuntu.com/ubuntu noble-updates/universe amd64 libigdgmm12 amd64 22.3.17+ds1-1ubuntu1 [145 kB]
2026-10-09T03:50:28.5650730Z Get:90 https://archive.ubuntu.com/ubuntu noble-updates/universe amd64 intel-media-va-driver amd64 24.1.0+dfsg1-1ubuntu0.2 [3163 kB]
2026-10-09T03:50:28.6718281Z Get:91 https://archive.ubuntu.com/ubuntu noble/universe amd64 libaacs0 amd64 0.11.1-2build1 [62.9 kB]
2026-10-09T03:50:28.7573029Z Get:92 https://archive.ubuntu.com/ubuntu noble/universe amd64 libbdplus0 amd64 0.2.0-3build1 [52.2 kB]
2026-10-09T03:50:28.8429301Z Get:93 https://archive.ubuntu.com/ubuntu noble/main amd64 libdecor-0-plugin-1-gtk amd64 0.2.2-1build2 [22.2 kB]
2026-10-09T03:50:28.9286042Z Get:94 https://archive.ubuntu.com/ubuntu noble-updates/main amd64 librsvg2-common amd64 2.58.0+dfsg-1ubuntu0.1 [11.8 kB]
2026-10-09T03:50:29.0138826Z Get:95 https://archive.ubuntu.com/ubuntu noble-updates/universe amd64 mesa-va-drivers amd64 25.2.8-0ubuntu0.24.04.4 [6778 B]
2026-10-09T03:50:29.0991331Z Get:96 https://archive.ubuntu.com/ubuntu noble-updates/main amd64 mesa-vdpau-drivers amd64 25.2.8-0ubuntu0.24.04.4 [23.4 kB]
2026-10-09T03:50:29.1855059Z Get:97 https://archive.ubuntu.com/ubuntu noble-updates/universe amd64 i965-va-driver amd64 2.4.1+dfsg1-1ubuntu0.2 [332 kB]
2026-10-09T03:50:29.2731028Z Get:98 https://archive.ubuntu.com/ubuntu noble-updates/universe amd64 va-driver-all amd64 2.20.0-2ubuntu0.2 [5014 B]
2026-10-09T03:50:29.3582787Z Get:99 https://archive.ubuntu.com/ubuntu noble/main amd64 vdpau-driver-all amd64 1.5-2build1 [4414 B]
2026-10-09T03:50:29.4436433Z Get:100 https://archive.ubuntu.com/ubuntu noble/universe amd64 pocketsphinx-en-us all 0.8.0+real5prealpha+1-15ubuntu5 [27.4 MB]
2026-10-09T03:50:30.0181422Z Fetched 94.1 MB in 14s (6736 kB/s)
2026-10-09T03:50:30.0609434Z Selecting previously unselected package libva2:amd64.
2026-10-09T03:50:30.1390711Z (Reading database ... 
2026-10-09T03:50:30.1391086Z (Reading database ... 5%
2026-10-09T03:50:30.1391400Z (Reading database ... 10%
2026-10-09T03:50:30.1391691Z (Reading database ... 15%
2026-10-09T03:50:30.1391993Z (Reading database ... 20%
2026-10-09T03:50:30.1392274Z (Reading database ... 25%
2026-10-09T03:50:30.1392610Z (Reading database ... 30%
2026-10-09T03:50:30.1393599Z (Reading database ... 35%
2026-10-09T03:50:30.1394279Z (Reading database ... 40%
2026-10-09T03:50:30.1394570Z (Reading database ... 45%
2026-10-09T03:50:30.1394857Z (Reading database ... 50%
2026-10-09T03:50:30.1710750Z (Reading database ... 55%
2026-10-09T03:50:30.5831775Z (Reading database ... 60%
2026-10-09T03:50:30.8901084Z (Reading database ... 65%
2026-10-09T03:50:31.1737655Z (Reading database ... 70%
2026-10-09T03:50:31.5273299Z (Reading database ... 75%
2026-10-09T03:50:31.9134202Z (Reading database ... 80%
2026-10-09T03:50:32.5418591Z (Reading database ... 85%
2026-10-09T03:50:33.1991936Z (Reading database ... 90%
2026-10-09T03:50:33.9273875Z (Reading database ... 95%
2026-10-09T03:50:33.9274653Z (Reading database ... 100%
2026-10-09T03:50:33.9275419Z (Reading database ... 203191 files and directories currently installed.)
2026-10-09T03:50:33.9321472Z Preparing to unpack .../00-libva2_2.20.0-2ubuntu0.2_amd64.deb ...
2026-10-09T03:50:33.9360892Z Unpacking libva2:amd64 (2.20.0-2ubuntu0.2) ...
2026-10-09T03:50:33.9622602Z Selecting previously unselected package libva-drm2:amd64.
2026-10-09T03:50:33.9762093Z Preparing to unpack .../01-libva-drm2_2.20.0-2ubuntu0.2_amd64.deb ...
2026-10-09T03:50:33.9769809Z Unpacking libva-drm2:amd64 (2.20.0-2ubuntu0.2) ...
2026-10-09T03:50:34.0010880Z Selecting previously unselected package libva-x11-2:amd64.
2026-10-09T03:50:34.0135374Z Preparing to unpack .../02-libva-x11-2_2.20.0-2ubuntu0.2_amd64.deb ...
2026-10-09T03:50:34.0143490Z Unpacking libva-x11-2:amd64 (2.20.0-2ubuntu0.2) ...
2026-10-09T03:50:34.0334479Z Selecting previously unselected package libvdpau1:amd64.
2026-10-09T03:50:34.0454933Z Preparing to unpack .../03-libvdpau1_1.5-2build1_amd64.deb ...
2026-10-09T03:50:34.0461625Z Unpacking libvdpau1:amd64 (1.5-2build1) ...
2026-10-09T03:50:34.0663952Z Selecting previously unselected package libvpl2.
2026-10-09T03:50:34.0787922Z Preparing to unpack .../04-libvpl2_2023.3.0-1build1_amd64.deb ...
2026-10-09T03:50:34.0796645Z Unpacking libvpl2 (2023.3.0-1build1) ...
2026-10-09T03:50:34.0998779Z Selecting previously unselected package ocl-icd-libopencl1:amd64.
2026-10-09T03:50:34.1122336Z Preparing to unpack .../05-ocl-icd-libopencl1_2.3.2-1build1_amd64.deb ...
2026-10-09T03:50:34.1129285Z Unpacking ocl-icd-libopencl1:amd64 (2.3.2-1build1) ...
2026-10-09T03:50:34.1401931Z Selecting previously unselected package libavutil58:amd64.
2026-10-09T03:50:34.1525082Z Preparing to unpack .../06-libavutil58_7%3a6.1.1-3ubuntu5_amd64.deb ...
2026-10-09T03:50:34.1532362Z Unpacking libavutil58:amd64 (7:6.1.1-3ubuntu5) ...
2026-10-09T03:50:34.1770042Z Selecting previously unselected package libcodec2-1.2:amd64.
2026-10-09T03:50:34.1894661Z Preparing to unpack .../07-libcodec2-1.2_1.2.0-2build1_amd64.deb ...
2026-10-09T03:50:34.1902712Z Unpacking libcodec2-1.2:amd64 (1.2.0-2build1) ...
2026-10-09T03:50:34.2620751Z Selecting previously unselected package libdav1d7:amd64.
2026-10-09T03:50:34.2748532Z Preparing to unpack .../08-libdav1d7_1.4.1-1build1_amd64.deb ...
2026-10-09T03:50:34.2755955Z Unpacking libdav1d7:amd64 (1.4.1-1build1) ...
2026-10-09T03:50:34.3010752Z Selecting previously unselected package libgsm1:amd64.
2026-10-09T03:50:34.3134920Z Preparing to unpack .../09-libgsm1_1.0.22-1build1_amd64.deb ...
2026-10-09T03:50:34.3142833Z Unpacking libgsm1:amd64 (1.0.22-1build1) ...
2026-10-09T03:50:34.3345432Z Selecting previously unselected package libhwy1t64:amd64.
2026-10-09T03:50:34.3467784Z Preparing to unpack .../10-libhwy1t64_1.0.7-8.1build1_amd64.deb ...
2026-10-09T03:50:34.3475185Z Unpacking libhwy1t64:amd64 (1.0.7-8.1build1) ...
2026-10-09T03:50:34.3812786Z Selecting previously unselected package libjxl0.7:amd64.
2026-10-09T03:50:34.3939246Z Preparing to unpack .../11-libjxl0.7_0.7.0-10.2ubuntu6.1_amd64.deb ...
2026-10-09T03:50:34.3946858Z Unpacking libjxl0.7:amd64 (0.7.0-10.2ubuntu6.1) ...
2026-10-09T03:50:34.4264180Z Selecting previously unselected package libmp3lame0:amd64.
2026-10-09T03:50:34.4389522Z Preparing to unpack .../12-libmp3lame0_3.100-6build1_amd64.deb ...
2026-10-09T03:50:34.4397910Z Unpacking libmp3lame0:amd64 (3.100-6build1) ...
2026-10-09T03:50:34.4603453Z Selecting previously unselected package libopus0:amd64.
2026-10-09T03:50:34.4727182Z Preparing to unpack .../13-libopus0_1.4-1build1_amd64.deb ...
2026-10-09T03:50:34.4734540Z Unpacking libopus0:amd64 (1.4-1build1) ...
2026-10-09T03:50:34.4943362Z Selecting previously unselected package librav1e0:amd64.
2026-10-09T03:50:34.5067462Z Preparing to unpack .../14-librav1e0_0.7.1-2_amd64.deb ...
2026-10-09T03:50:34.5074801Z Unpacking librav1e0:amd64 (0.7.1-2) ...
2026-10-09T03:50:34.5384410Z Selecting previously unselected package librsvg2-2:amd64.
2026-10-09T03:50:34.5508582Z Preparing to unpack .../15-librsvg2-2_2.58.0+dfsg-1ubuntu0.1_amd64.deb ...
2026-10-09T03:50:34.5515152Z Unpacking librsvg2-2:amd64 (2.58.0+dfsg-1ubuntu0.1) ...
2026-10-09T03:50:34.5946779Z Selecting previously unselected package libshine3:amd64.
2026-10-09T03:50:34.6071883Z Preparing to unpack .../16-libshine3_3.1.1-2build1_amd64.deb ...
2026-10-09T03:50:34.6079024Z Unpacking libshine3:amd64 (3.1.1-2build1) ...
2026-10-09T03:50:34.6264829Z Selecting previously unselected package libspeex1:amd64.
2026-10-09T03:50:34.6388456Z Preparing to unpack .../17-libspeex1_1.2.1-2ubuntu2.24.04.1_amd64.deb ...
2026-10-09T03:50:34.6395500Z Unpacking libspeex1:amd64 (1.2.1-2ubuntu2.24.04.1) ...
2026-10-09T03:50:34.6593151Z Selecting previously unselected package libsvtav1enc1d1:amd64.
2026-10-09T03:50:34.6719353Z Preparing to unpack .../18-libsvtav1enc1d1_1.7.0+dfsg-2build1_amd64.deb ...
2026-10-09T03:50:34.6731015Z Unpacking libsvtav1enc1d1:amd64 (1.7.0+dfsg-2build1) ...
2026-10-09T03:50:34.7349788Z Selecting previously unselected package libsoxr0:amd64.
2026-10-09T03:50:34.7475682Z Preparing to unpack .../19-libsoxr0_0.1.3-4build3_amd64.deb ...
2026-10-09T03:50:34.8051076Z Unpacking libsoxr0:amd64 (0.1.3-4build3) ...
2026-10-09T03:50:34.9610133Z Selecting previously unselected package libswresample4:amd64.
2026-10-09T03:50:34.9736459Z Preparing to unpack .../20-libswresample4_7%3a6.1.1-3ubuntu5_amd64.deb ...
2026-10-09T03:50:34.9742907Z Unpacking libswresample4:amd64 (7:6.1.1-3ubuntu5) ...
2026-10-09T03:50:34.9944683Z Selecting previously unselected package libtheora0:amd64.
2026-10-09T03:50:35.0068507Z Preparing to unpack .../21-libtheora0_1.1.1+dfsg.1-16.1build3_amd64.deb ...
2026-10-09T03:50:35.0074638Z Unpacking libtheora0:amd64 (1.1.1+dfsg.1-16.1build3) ...
2026-10-09T03:50:35.0294718Z Selecting previously unselected package libtwolame0:amd64.
2026-10-09T03:50:35.0418326Z Preparing to unpack .../22-libtwolame0_0.4.0-2build3_amd64.deb ...
2026-10-09T03:50:35.0437812Z Unpacking libtwolame0:amd64 (0.4.0-2build3) ...
2026-10-09T03:50:35.0638434Z Selecting previously unselected package libvorbisenc2:amd64.
2026-10-09T03:50:35.0763018Z Preparing to unpack .../23-libvorbisenc2_1.3.7-1build3_amd64.deb ...
2026-10-09T03:50:35.0770101Z Unpacking libvorbisenc2:amd64 (1.3.7-1build3) ...
2026-10-09T03:50:35.0981953Z Selecting previously unselected package libvpx9:amd64.
2026-10-09T03:50:35.1105430Z Preparing to unpack .../24-libvpx9_1.14.0-1ubuntu2.3_amd64.deb ...
2026-10-09T03:50:35.1112029Z Unpacking libvpx9:amd64 (1.14.0-1ubuntu2.3) ...
2026-10-09T03:50:35.1422518Z Selecting previously unselected package libx264-164:amd64.
2026-10-09T03:50:35.1548040Z Preparing to unpack .../25-libx264-164_2%3a0.164.3108+git31e19f9-1_amd64.deb ...
2026-10-09T03:50:35.1555760Z Unpacking libx264-164:amd64 (2:0.164.3108+git31e19f9-1) ...
2026-10-09T03:50:35.1812750Z Selecting previously unselected package libx265-199:amd64.
2026-10-09T03:50:35.1937046Z Preparing to unpack .../26-libx265-199_3.5-2build1_amd64.deb ...
2026-10-09T03:50:35.1943280Z Unpacking libx265-199:amd64 (3.5-2build1) ...
2026-10-09T03:50:35.2558819Z Selecting previously unselected package libxvidcore4:amd64.
2026-10-09T03:50:35.2685351Z Preparing to unpack .../27-libxvidcore4_2%3a1.3.7-1build1_amd64.deb ...
2026-10-09T03:50:35.2694129Z Unpacking libxvidcore4:amd64 (2:1.3.7-1build1) ...
2026-10-09T03:50:35.2906920Z Selecting previously unselected package libzvbi-common.
2026-10-09T03:50:35.3032599Z Preparing to unpack .../28-libzvbi-common_0.2.42-2_all.deb ...
2026-10-09T03:50:35.3039513Z Unpacking libzvbi-common (0.2.42-2) ...
2026-10-09T03:50:35.3626524Z Selecting previously unselected package libzvbi0t64:amd64.
2026-10-09T03:50:35.3752067Z Preparing to unpack .../29-libzvbi0t64_0.2.42-2_amd64.deb ...
2026-10-09T03:50:35.3772045Z Unpacking libzvbi0t64:amd64 (0.2.42-2) ...
2026-10-09T03:50:35.4001946Z Selecting previously unselected package libavcodec60:amd64.
2026-10-09T03:50:35.4127005Z Preparing to unpack .../30-libavcodec60_7%3a6.1.1-3ubuntu5_amd64.deb ...
2026-10-09T03:50:35.4134566Z Unpacking libavcodec60:amd64 (7:6.1.1-3ubuntu5) ...
2026-10-09T03:50:35.4909401Z Selecting previously unselected package libraw1394-11:amd64.
2026-10-09T03:50:35.5036235Z Preparing to unpack .../31-libraw1394-11_2.1.2-2build3_amd64.deb ...
2026-10-09T03:50:35.5043480Z Unpacking libraw1394-11:amd64 (2.1.2-2build3) ...
2026-10-09T03:50:35.5243022Z Selecting previously unselected package libavc1394-0:amd64.
2026-10-09T03:50:35.5367670Z Preparing to unpack .../32-libavc1394-0_0.5.4-5build3_amd64.deb ...
2026-10-09T03:50:35.5375757Z Unpacking libavc1394-0:amd64 (0.5.4-5build3) ...
2026-10-09T03:50:35.5568141Z Selecting previously unselected package libunibreak5:amd64.
2026-10-09T03:50:35.5692628Z Preparing to unpack .../33-libunibreak5_5.1-2build1_amd64.deb ...
2026-10-09T03:50:35.5699445Z Unpacking libunibreak5:amd64 (5.1-2build1) ...
2026-10-09T03:50:35.5894041Z Selecting previously unselected package libass9:amd64.
2026-10-09T03:50:35.6018619Z Preparing to unpack .../34-libass9_1%3a0.17.1-2build1_amd64.deb ...
2026-10-09T03:50:35.6025668Z Unpacking libass9:amd64 (1:0.17.1-2build1) ...
2026-10-09T03:50:35.6226845Z Selecting previously unselected package libudfread0:amd64.
2026-10-09T03:50:35.6349649Z Preparing to unpack .../35-libudfread0_1.1.2-1build1_amd64.deb ...
2026-10-09T03:50:35.6356428Z Unpacking libudfread0:amd64 (1.1.2-1build1) ...
2026-10-09T03:50:35.6549104Z Selecting previously unselected package libbluray2:amd64.
2026-10-09T03:50:35.6671250Z Preparing to unpack .../36-libbluray2_1%3a1.3.4-1build1_amd64.deb ...
2026-10-09T03:50:35.6679102Z Unpacking libbluray2:amd64 (1:1.3.4-1build1) ...
2026-10-09T03:50:35.6886775Z Selecting previously unselected package libchromaprint1:amd64.
2026-10-09T03:50:35.7010148Z Preparing to unpack .../37-libchromaprint1_1.5.1-5_amd64.deb ...
2026-10-09T03:50:35.7017268Z Unpacking libchromaprint1:amd64 (1.5.1-5) ...
2026-10-09T03:50:35.7209078Z Selecting previously unselected package libgme0:amd64.
2026-10-09T03:50:35.7331109Z Preparing to unpack .../38-libgme0_0.6.3-7build1_amd64.deb ...
2026-10-09T03:50:35.7338288Z Unpacking libgme0:amd64 (0.6.3-7build1) ...
2026-10-09T03:50:35.7544270Z Selecting previously unselected package libmpg123-0t64:amd64.
2026-10-09T03:50:35.7665643Z Preparing to unpack .../39-libmpg123-0t64_1.32.5-1ubuntu1.1_amd64.deb ...
2026-10-09T03:50:35.7672065Z Unpacking libmpg123-0t64:amd64 (1.32.5-1ubuntu1.1) ...
2026-10-09T03:50:35.7889561Z Selecting previously unselected package libopenmpt0t64:amd64.
2026-10-09T03:50:35.8012040Z Preparing to unpack .../40-libopenmpt0t64_0.7.3-1.1build3_amd64.deb ...
2026-10-09T03:50:35.8018342Z Unpacking libopenmpt0t64:amd64 (0.7.3-1.1build3) ...
2026-10-09T03:50:35.8284534Z Selecting previously unselected package libcjson1:amd64.
2026-10-09T03:50:35.8409143Z Preparing to unpack .../41-libcjson1_1.7.17-1_amd64.deb ...
2026-10-09T03:50:35.8416402Z Unpacking libcjson1:amd64 (1.7.17-1) ...
2026-10-09T03:50:35.8610039Z Selecting previously unselected package libmbedcrypto7t64:amd64.
2026-10-09T03:50:35.8731211Z Preparing to unpack .../42-libmbedcrypto7t64_2.28.8-1_amd64.deb ...
2026-10-09T03:50:35.8738120Z Unpacking libmbedcrypto7t64:amd64 (2.28.8-1) ...
2026-10-09T03:50:35.8949394Z Selecting previously unselected package librist4:amd64.
2026-10-09T03:50:35.9069476Z Preparing to unpack .../43-librist4_0.2.10+dfsg-2_amd64.deb ...
2026-10-09T03:50:35.9076549Z Unpacking librist4:amd64 (0.2.10+dfsg-2) ...
2026-10-09T03:50:35.9269465Z Selecting previously unselected package libsrt1.5-gnutls:amd64.
2026-10-09T03:50:35.9391577Z Preparing to unpack .../44-libsrt1.5-gnutls_1.5.3-1build2_amd64.deb ...
2026-10-09T03:50:35.9399084Z Unpacking libsrt1.5-gnutls:amd64 (1.5.3-1build2) ...
2026-10-09T03:50:35.9628212Z Selecting previously unselected package libssh-gcrypt-4:amd64.
2026-10-09T03:50:35.9748415Z Preparing to unpack .../45-libssh-gcrypt-4_0.10.6-2ubuntu0.5_amd64.deb ...
2026-10-09T03:50:35.9755998Z Unpacking libssh-gcrypt-4:amd64 (0.10.6-2ubuntu0.5) ...
2026-10-09T03:50:35.9971784Z Selecting previously unselected package libavformat60:amd64.
2026-10-09T03:50:36.0093412Z Preparing to unpack .../46-libavformat60_7%3a6.1.1-3ubuntu5_amd64.deb ...
2026-10-09T03:50:36.0101889Z Unpacking libavformat60:amd64 (7:6.1.1-3ubuntu5) ...
2026-10-09T03:50:36.0400712Z Selecting previously unselected package libbs2b0:amd64.
2026-10-09T03:50:36.0524649Z Preparing to unpack .../47-libbs2b0_3.1.0+dfsg-7build1_amd64.deb ...
2026-10-09T03:50:36.0532011Z Unpacking libbs2b0:amd64 (3.1.0+dfsg-7build1) ...
2026-10-09T03:50:36.0758671Z Selecting previously unselected package libflite1:amd64.
2026-10-09T03:50:36.0880811Z Preparing to unpack .../48-libflite1_2.2-6build3_amd64.deb ...
2026-10-09T03:50:36.0889933Z Unpacking libflite1:amd64 (2.2-6build3) ...
2026-10-09T03:50:36.1931703Z Selecting previously unselected package libserd-0-0:amd64.
2026-10-09T03:50:36.2058183Z Preparing to unpack .../49-libserd-0-0_0.32.2-1_amd64.deb ...
2026-10-09T03:50:36.2070880Z Unpacking libserd-0-0:amd64 (0.32.2-1) ...
2026-10-09T03:50:36.2269343Z Selecting previously unselected package libzix-0-0:amd64.
2026-10-09T03:50:36.2392072Z Preparing to unpack .../50-libzix-0-0_0.4.2-2build1_amd64.deb ...
2026-10-09T03:50:36.2398287Z Unpacking libzix-0-0:amd64 (0.4.2-2build1) ...
2026-10-09T03:50:36.2592170Z Selecting previously unselected package libsord-0-0:amd64.
2026-10-09T03:50:36.2714845Z Preparing to unpack .../51-libsord-0-0_0.16.16-2build1_amd64.deb ...
2026-10-09T03:50:36.2722037Z Unpacking libsord-0-0:amd64 (0.16.16-2build1) ...
2026-10-09T03:50:36.2912043Z Selecting previously unselected package libsratom-0-0:amd64.
2026-10-09T03:50:36.3031344Z Preparing to unpack .../52-libsratom-0-0_0.6.16-1build1_amd64.deb ...
2026-10-09T03:50:36.3038229Z Unpacking libsratom-0-0:amd64 (0.6.16-1build1) ...
2026-10-09T03:50:36.3227694Z Selecting previously unselected package liblilv-0-0:amd64.
2026-10-09T03:50:36.3348111Z Preparing to unpack .../53-liblilv-0-0_0.24.22-1build1_amd64.deb ...
2026-10-09T03:50:36.3355229Z Unpacking liblilv-0-0:amd64 (0.24.22-1build1) ...
2026-10-09T03:50:36.3550073Z Selecting previously unselected package libmysofa1:amd64.
2026-10-09T03:50:36.3670037Z Preparing to unpack .../54-libmysofa1_1.3.2+dfsg-2ubuntu2_amd64.deb ...
2026-10-09T03:50:36.3677351Z Unpacking libmysofa1:amd64 (1.3.2+dfsg-2ubuntu2) ...
2026-10-09T03:50:36.3921379Z Selecting previously unselected package libplacebo338:amd64.
2026-10-09T03:50:36.4043893Z Preparing to unpack .../55-libplacebo338_6.338.2-2build1_amd64.deb ...
2026-10-09T03:50:36.4054868Z Unpacking libplacebo338:amd64 (6.338.2-2build1) ...
2026-10-09T03:50:36.4579860Z Selecting previously unselected package libblas3:amd64.
2026-10-09T03:50:36.4704869Z Preparing to unpack .../56-libblas3_3.12.0-3build1.1_amd64.deb ...
2026-10-09T03:50:36.4734074Z Unpacking libblas3:amd64 (3.12.0-3build1.1) ...
2026-10-09T03:50:36.4975611Z Selecting previously unselected package liblapack3:amd64.
2026-10-09T03:50:36.5100023Z Preparing to unpack .../57-liblapack3_3.12.0-3build1.1_amd64.deb ...
2026-10-09T03:50:36.5128106Z Unpacking liblapack3:amd64 (3.12.0-3build1.1) ...
2026-10-09T03:50:36.5593611Z Selecting previously unselected package libasyncns0:amd64.
2026-10-09T03:50:36.5718572Z Preparing to unpack .../58-libasyncns0_0.8-6build4_amd64.deb ...
2026-10-09T03:50:36.5725583Z Unpacking libasyncns0:amd64 (0.8-6build4) ...
2026-10-09T03:50:36.5919659Z Selecting previously unselected package libflac12t64:amd64.
2026-10-09T03:50:36.6043775Z Preparing to unpack .../59-libflac12t64_1.4.3+ds-2.1ubuntu2_amd64.deb ...
2026-10-09T03:50:36.6050974Z Unpacking libflac12t64:amd64 (1.4.3+ds-2.1ubuntu2) ...
2026-10-09T03:50:36.6264717Z Selecting previously unselected package libsndfile1:amd64.
2026-10-09T03:50:36.6387679Z Preparing to unpack .../60-libsndfile1_1.2.2-1ubuntu5.24.04.1_amd64.deb ...
2026-10-09T03:50:36.6394826Z Unpacking libsndfile1:amd64 (1.2.2-1ubuntu5.24.04.1) ...
2026-10-09T03:50:36.6622584Z Selecting previously unselected package libpulse0:amd64.
2026-10-09T03:50:36.6747334Z Preparing to unpack .../61-libpulse0_1%3a16.1+dfsg1-2ubuntu10.1_amd64.deb ...
2026-10-09T03:50:36.6810128Z Unpacking libpulse0:amd64 (1:16.1+dfsg1-2ubuntu10.1) ...
2026-10-09T03:50:36.7046563Z Selecting previously unselected package libsphinxbase3t64:amd64.
2026-10-09T03:50:36.7170054Z Preparing to unpack .../62-libsphinxbase3t64_0.8+5prealpha+1-17build2_amd64.deb ...
2026-10-09T03:50:36.7177841Z Unpacking libsphinxbase3t64:amd64 (0.8+5prealpha+1-17build2) ...
2026-10-09T03:50:36.7388379Z Selecting previously unselected package libpocketsphinx3:amd64.
2026-10-09T03:50:36.7509277Z Preparing to unpack .../63-libpocketsphinx3_0.8.0+real5prealpha+1-15ubuntu5_amd64.deb ...
2026-10-09T03:50:36.7516263Z Unpacking libpocketsphinx3:amd64 (0.8.0+real5prealpha+1-15ubuntu5) ...
2026-10-09T03:50:36.7717604Z Selecting previously unselected package libpostproc57:amd64.
2026-10-09T03:50:36.7838315Z Preparing to unpack .../64-libpostproc57_7%3a6.1.1-3ubuntu5_amd64.deb ...
2026-10-09T03:50:36.7847377Z Unpacking libpostproc57:amd64 (7:6.1.1-3ubuntu5) ...
2026-10-09T03:50:36.8041864Z Selecting previously unselected package libsamplerate0:amd64.
2026-10-09T03:50:36.8164721Z Preparing to unpack .../65-libsamplerate0_0.2.2-4build1_amd64.deb ...
2026-10-09T03:50:36.8178281Z Unpacking libsamplerate0:amd64 (0.2.2-4build1) ...
2026-10-09T03:50:36.8427081Z Selecting previously unselected package librubberband2:amd64.
2026-10-09T03:50:36.8548520Z Preparing to unpack .../66-librubberband2_3.3.0+dfsg-2build1_amd64.deb ...
2026-10-09T03:50:36.8556687Z Unpacking librubberband2:amd64 (3.3.0+dfsg-2build1) ...
2026-10-09T03:50:36.8765732Z Selecting previously unselected package libswscale7:amd64.
2026-10-09T03:50:36.8886923Z Preparing to unpack .../67-libswscale7_7%3a6.1.1-3ubuntu5_amd64.deb ...
2026-10-09T03:50:36.8895124Z Unpacking libswscale7:amd64 (7:6.1.1-3ubuntu5) ...
2026-10-09T03:50:36.9109334Z Selecting previously unselected package libvidstab1.1:amd64.
2026-10-09T03:50:36.9231577Z Preparing to unpack .../68-libvidstab1.1_1.1.0-2build1_amd64.deb ...
2026-10-09T03:50:36.9239046Z Unpacking libvidstab1.1:amd64 (1.1.0-2build1) ...
2026-10-09T03:50:36.9435563Z Selecting previously unselected package libzimg2:amd64.
2026-10-09T03:50:36.9555381Z Preparing to unpack .../69-libzimg2_3.0.5+ds1-1build1_amd64.deb ...
2026-10-09T03:50:36.9562509Z Unpacking libzimg2:amd64 (3.0.5+ds1-1build1) ...
2026-10-09T03:50:36.9784341Z Selecting previously unselected package libavfilter9:amd64.
2026-10-09T03:50:36.9905254Z Preparing to unpack .../70-libavfilter9_7%3a6.1.1-3ubuntu5_amd64.deb ...
2026-10-09T03:50:36.9913057Z Unpacking libavfilter9:amd64 (7:6.1.1-3ubuntu5) ...
2026-10-09T03:50:37.0572729Z Selecting previously unselected package libcaca0:amd64.
2026-10-09T03:50:37.0698579Z Preparing to unpack .../71-libcaca0_0.99.beta20-4ubuntu0.2_amd64.deb ...
2026-10-09T03:50:37.0706028Z Unpacking libcaca0:amd64 (0.99.beta20-4ubuntu0.2) ...
2026-10-09T03:50:37.0940629Z Selecting previously unselected package libcdio19t64:amd64.
2026-10-09T03:50:37.1065066Z Preparing to unpack .../72-libcdio19t64_2.1.0-4.1ubuntu1.2_amd64.deb ...
2026-10-09T03:50:37.1072706Z Unpacking libcdio19t64:amd64 (2.1.0-4.1ubuntu1.2) ...
2026-10-09T03:50:37.1271964Z Selecting previously unselected package libcdio-cdda2t64:amd64.
2026-10-09T03:50:37.1395867Z Preparing to unpack .../73-libcdio-cdda2t64_10.2+2.0.1-1.1build2_amd64.deb ...
2026-10-09T03:50:37.1404222Z Unpacking libcdio-cdda2t64:amd64 (10.2+2.0.1-1.1build2) ...
2026-10-09T03:50:37.1595385Z Selecting previously unselected package libcdio-paranoia2t64:amd64.
2026-10-09T03:50:37.1717959Z Preparing to unpack .../74-libcdio-paranoia2t64_10.2+2.0.1-1.1build2_amd64.deb ...
2026-10-09T03:50:37.1725163Z Unpacking libcdio-paranoia2t64:amd64 (10.2+2.0.1-1.1build2) ...
2026-10-09T03:50:37.1916165Z Selecting previously unselected package libdc1394-25:amd64.
2026-10-09T03:50:37.2037546Z Preparing to unpack .../75-libdc1394-25_2.2.6-4build1_amd64.deb ...
2026-10-09T03:50:37.2043845Z Unpacking libdc1394-25:amd64 (2.2.6-4build1) ...
2026-10-09T03:50:37.2242512Z Selecting previously unselected package libiec61883-0:amd64.
2026-10-09T03:50:37.2362933Z Preparing to unpack .../76-libiec61883-0_1.2.0-6build1_amd64.deb ...
2026-10-09T03:50:37.2369744Z Unpacking libiec61883-0:amd64 (1.2.0-6build1) ...
2026-10-09T03:50:37.2632943Z Selecting previously unselected package libjack-jackd2-0:amd64.
2026-10-09T03:50:37.2754509Z Preparing to unpack .../77-libjack-jackd2-0_1.9.21~dfsg-3ubuntu3_amd64.deb ...
2026-10-09T03:50:37.2761474Z Unpacking libjack-jackd2-0:amd64 (1.9.21~dfsg-3ubuntu3) ...
2026-10-09T03:50:37.2995769Z Selecting previously unselected package libopenal-data.
2026-10-09T03:50:37.3116158Z Preparing to unpack .../78-libopenal-data_1%3a1.23.1-4build1_all.deb ...
2026-10-09T03:50:37.3123062Z Unpacking libopenal-data (1:1.23.1-4build1) ...
2026-10-09T03:50:37.3368379Z Selecting previously unselected package libsndio7.0:amd64.
2026-10-09T03:50:37.3492323Z Preparing to unpack .../79-libsndio7.0_1.9.0-0.3build3_amd64.deb ...
2026-10-09T03:50:37.3500001Z Unpacking libsndio7.0:amd64 (1.9.0-0.3build3) ...
2026-10-09T03:50:37.3735085Z Selecting previously unselected package libopenal1:amd64.
2026-10-09T03:50:37.3861527Z Preparing to unpack .../80-libopenal1_1%3a1.23.1-4build1_amd64.deb ...
2026-10-09T03:50:37.3869395Z Unpacking libopenal1:amd64 (1:1.23.1-4build1) ...
2026-10-09T03:50:37.4120989Z Selecting previously unselected package libdecor-0-0:amd64.
2026-10-09T03:50:37.4245668Z Preparing to unpack .../81-libdecor-0-0_0.2.2-1build2_amd64.deb ...
2026-10-09T03:50:37.4253109Z Unpacking libdecor-0-0:amd64 (0.2.2-1build2) ...
2026-10-09T03:50:37.4445817Z Selecting previously unselected package libsdl2-2.0-0:amd64.
2026-10-09T03:50:37.4569269Z Preparing to unpack .../82-libsdl2-2.0-0_2.30.0+dfsg-1ubuntu3.1_amd64.deb ...
2026-10-09T03:50:37.4576422Z Unpacking libsdl2-2.0-0:amd64 (2.30.0+dfsg-1ubuntu3.1) ...
2026-10-09T03:50:37.5111112Z Selecting previously unselected package libxcb-shape0:amd64.
2026-10-09T03:50:37.5235773Z Preparing to unpack .../83-libxcb-shape0_1.15-1ubuntu2_amd64.deb ...
2026-10-09T03:50:37.5243783Z Unpacking libxcb-shape0:amd64 (1.15-1ubuntu2) ...
2026-10-09T03:50:37.5430662Z Selecting previously unselected package libxv1:amd64.
2026-10-09T03:50:37.5553078Z Preparing to unpack .../84-libxv1_2%3a1.0.11-1.1build1_amd64.deb ...
2026-10-09T03:50:37.5562545Z Unpacking libxv1:amd64 (2:1.0.11-1.1build1) ...
2026-10-09T03:50:37.5752546Z Selecting previously unselected package libavdevice60:amd64.
2026-10-09T03:50:37.5876053Z Preparing to unpack .../85-libavdevice60_7%3a6.1.1-3ubuntu5_amd64.deb ...
2026-10-09T03:50:37.5905955Z Unpacking libavdevice60:amd64 (7:6.1.1-3ubuntu5) ...
2026-10-09T03:50:37.6102581Z Selecting previously unselected package ffmpeg.
2026-10-09T03:50:37.6225198Z Preparing to unpack .../86-ffmpeg_7%3a6.1.1-3ubuntu5_amd64.deb ...
2026-10-09T03:50:37.6231956Z Unpacking ffmpeg (7:6.1.1-3ubuntu5) ...
2026-10-09T03:50:37.6779118Z Selecting previously unselected package libigdgmm12:amd64.
2026-10-09T03:50:37.6902898Z Preparing to unpack .../87-libigdgmm12_22.3.17+ds1-1ubuntu1_amd64.deb ...
2026-10-09T03:50:37.6909320Z Unpacking libigdgmm12:amd64 (22.3.17+ds1-1ubuntu1) ...
2026-10-09T03:50:37.7138758Z Selecting previously unselected package intel-media-va-driver:amd64.
2026-10-09T03:50:37.7260102Z Preparing to unpack .../88-intel-media-va-driver_24.1.0+dfsg1-1ubuntu0.2_amd64.deb ...
2026-10-09T03:50:37.7267233Z Unpacking intel-media-va-driver:amd64 (24.1.0+dfsg1-1ubuntu0.2) ...
2026-10-09T03:50:37.7990593Z Selecting previously unselected package libaacs0:amd64.
2026-10-09T03:50:37.8117152Z Preparing to unpack .../89-libaacs0_0.11.1-2build1_amd64.deb ...
2026-10-09T03:50:37.8125969Z Unpacking libaacs0:amd64 (0.11.1-2build1) ...
2026-10-09T03:50:37.8328319Z Selecting previously unselected package libbdplus0:amd64.
2026-10-09T03:50:37.8453707Z Preparing to unpack .../90-libbdplus0_0.2.0-3build1_amd64.deb ...
2026-10-09T03:50:37.8460767Z Unpacking libbdplus0:amd64 (0.2.0-3build1) ...
2026-10-09T03:50:37.8652922Z Selecting previously unselected package libdecor-0-plugin-1-gtk:amd64.
2026-10-09T03:50:37.8778286Z Preparing to unpack .../91-libdecor-0-plugin-1-gtk_0.2.2-1build2_amd64.deb ...
2026-10-09T03:50:37.8784610Z Unpacking libdecor-0-plugin-1-gtk:amd64 (0.2.2-1build2) ...
2026-10-09T03:50:37.8978700Z Selecting previously unselected package librsvg2-common:amd64.
2026-10-09T03:50:37.9100824Z Preparing to unpack .../92-librsvg2-common_2.58.0+dfsg-1ubuntu0.1_amd64.deb ...
2026-10-09T03:50:37.9108575Z Unpacking librsvg2-common:amd64 (2.58.0+dfsg-1ubuntu0.1) ...
2026-10-09T03:50:37.9385213Z Selecting previously unselected package mesa-va-drivers:amd64.
2026-10-09T03:50:37.9509318Z Preparing to unpack .../93-mesa-va-drivers_25.2.8-0ubuntu0.24.04.4_amd64.deb ...
2026-10-09T03:50:37.9515955Z Unpacking mesa-va-drivers:amd64 (25.2.8-0ubuntu0.24.04.4) ...
2026-10-09T03:50:37.9749873Z Selecting previously unselected package mesa-vdpau-drivers:amd64.
2026-10-09T03:50:37.9873259Z Preparing to unpack .../94-mesa-vdpau-drivers_25.2.8-0ubuntu0.24.04.4_amd64.deb ...
2026-10-09T03:50:37.9879666Z Unpacking mesa-vdpau-drivers:amd64 (25.2.8-0ubuntu0.24.04.4) ...
2026-10-09T03:50:38.0077806Z Selecting previously unselected package i965-va-driver:amd64.
2026-10-09T03:50:38.0200332Z Preparing to unpack .../95-i965-va-driver_2.4.1+dfsg1-1ubuntu0.2_amd64.deb ...
2026-10-09T03:50:38.0206710Z Unpacking i965-va-driver:amd64 (2.4.1+dfsg1-1ubuntu0.2) ...
2026-10-09T03:50:38.0447977Z Selecting previously unselected package va-driver-all:amd64.
2026-10-09T03:50:38.0570991Z Preparing to unpack .../96-va-driver-all_2.20.0-2ubuntu0.2_amd64.deb ...
2026-10-09T03:50:38.0577206Z Unpacking va-driver-all:amd64 (2.20.0-2ubuntu0.2) ...
2026-10-09T03:50:38.0765462Z Selecting previously unselected package vdpau-driver-all:amd64.
2026-10-09T03:50:38.0888752Z Preparing to unpack .../97-vdpau-driver-all_1.5-2build1_amd64.deb ...
2026-10-09T03:50:38.0897745Z Unpacking vdpau-driver-all:amd64 (1.5-2build1) ...
2026-10-09T03:50:38.1078975Z Selecting previously unselected package pocketsphinx-en-us.
2026-10-09T03:50:38.1201364Z Preparing to unpack .../98-pocketsphinx-en-us_0.8.0+real5prealpha+1-15ubuntu5_all.deb ...
2026-10-09T03:50:38.1207876Z Unpacking pocketsphinx-en-us (0.8.0+real5prealpha+1-15ubuntu5) ...
2026-10-09T03:50:38.3066802Z Setting up libgme0:amd64 (0.6.3-7build1) ...
2026-10-09T03:50:38.3086028Z Setting up libchromaprint1:amd64 (1.5.1-5) ...
2026-10-09T03:50:38.3104388Z Setting up libssh-gcrypt-4:amd64 (0.10.6-2ubuntu0.5) ...
2026-10-09T03:50:38.3123593Z Setting up libhwy1t64:amd64 (1.0.7-8.1build1) ...
2026-10-09T03:50:38.3147504Z Setting up libudfread0:amd64 (1.1.2-1build1) ...
2026-10-09T03:50:38.3166498Z Setting up libraw1394-11:amd64 (2.1.2-2build3) ...
2026-10-09T03:50:38.3183641Z Setting up libspeex1:amd64 (1.2.1-2ubuntu2.24.04.1) ...
2026-10-09T03:50:38.3204993Z Setting up libshine3:amd64 (3.1.1-2build1) ...
2026-10-09T03:50:38.3221641Z Setting up libcaca0:amd64 (0.99.beta20-4ubuntu0.2) ...
2026-10-09T03:50:38.3238971Z Setting up libvpl2 (2023.3.0-1build1) ...
2026-10-09T03:50:38.3256462Z Setting up libx264-164:amd64 (2:0.164.3108+git31e19f9-1) ...
2026-10-09T03:50:38.3276773Z Setting up libtwolame0:amd64 (0.4.0-2build3) ...
2026-10-09T03:50:38.3298471Z Setting up libmbedcrypto7t64:amd64 (2.28.8-1) ...
2026-10-09T03:50:38.3321789Z Setting up libgsm1:amd64 (1.0.22-1build1) ...
2026-10-09T03:50:38.3340271Z Setting up libsoxr0:amd64 (0.1.3-4build3) ...
2026-10-09T03:50:38.3365500Z Setting up libzix-0-0:amd64 (0.4.2-2build1) ...
2026-10-09T03:50:38.3385699Z Setting up libcodec2-1.2:amd64 (1.2.0-2build1) ...
2026-10-09T03:50:38.3406727Z Setting up libmysofa1:amd64 (1.3.2+dfsg-2ubuntu2) ...
2026-10-09T03:50:38.3428585Z Setting up libxcb-shape0:amd64 (1.15-1ubuntu2) ...
2026-10-09T03:50:38.3448533Z Setting up libcdio19t64:amd64 (2.1.0-4.1ubuntu1.2) ...
2026-10-09T03:50:38.3472661Z Setting up libsvtav1enc1d1:amd64 (1.7.0+dfsg-2build1) ...
2026-10-09T03:50:38.3493717Z Setting up libigdgmm12:amd64 (22.3.17+ds1-1ubuntu1) ...
2026-10-09T03:50:38.3513150Z Setting up libmpg123-0t64:amd64 (1.32.5-1ubuntu1.1) ...
2026-10-09T03:50:38.3532436Z Setting up libcjson1:amd64 (1.7.17-1) ...
2026-10-09T03:50:38.3550120Z Setting up libxvidcore4:amd64 (2:1.3.7-1build1) ...
2026-10-09T03:50:38.3570217Z Setting up librav1e0:amd64 (0.7.1-2) ...
2026-10-09T03:50:38.3587285Z Setting up libcdio-cdda2t64:amd64 (10.2+2.0.1-1.1build2) ...
2026-10-09T03:50:38.3606526Z Setting up librist4:amd64 (0.2.10+dfsg-2) ...
2026-10-09T03:50:38.3646650Z Setting up librsvg2-2:amd64 (2.58.0+dfsg-1ubuntu0.1) ...
2026-10-09T03:50:38.3666250Z Setting up libblas3:amd64 (3.12.0-3build1.1) ...
2026-10-09T03:50:38.3726169Z update-alternatives: using /usr/lib/x86_64-linux-gnu/blas/libblas.so.3 to provide /usr/lib/x86_64-linux-gnu/libblas.so.3 (libblas.so.3-x86_64-linux-gnu) in auto mode
2026-10-09T03:50:38.3740361Z Setting up libplacebo338:amd64 (6.338.2-2build1) ...
2026-10-09T03:50:38.3759306Z Setting up libva2:amd64 (2.20.0-2ubuntu0.2) ...
2026-10-09T03:50:38.3782130Z Setting up libopus0:amd64 (1.4-1build1) ...
2026-10-09T03:50:38.3800066Z Setting up libcdio-paranoia2t64:amd64 (10.2+2.0.1-1.1build2) ...
2026-10-09T03:50:38.3820413Z Setting up libdc1394-25:amd64 (2.2.6-4build1) ...
2026-10-09T03:50:38.3839231Z Setting up intel-media-va-driver:amd64 (24.1.0+dfsg1-1ubuntu0.2) ...
2026-10-09T03:50:38.3855919Z Setting up libxv1:amd64 (2:1.0.11-1.1build1) ...
2026-10-09T03:50:38.3875238Z Setting up libunibreak5:amd64 (5.1-2build1) ...
2026-10-09T03:50:38.3892574Z Setting up libaacs0:amd64 (0.11.1-2build1) ...
2026-10-09T03:50:38.3912384Z Setting up libjxl0.7:amd64 (0.7.0-10.2ubuntu6.1) ...
2026-10-09T03:50:38.3933103Z Setting up librsvg2-common:amd64 (2.58.0+dfsg-1ubuntu0.1) ...
2026-10-09T03:50:38.4043579Z Setting up pocketsphinx-en-us (0.8.0+real5prealpha+1-15ubuntu5) ...
2026-10-09T03:50:38.4062894Z Setting up libx265-199:amd64 (3.5-2build1) ...
2026-10-09T03:50:38.4081814Z Setting up libsndio7.0:amd64 (1.9.0-0.3build3) ...
2026-10-09T03:50:38.4102254Z Setting up libbdplus0:amd64 (0.2.0-3build1) ...
2026-10-09T03:50:38.4121321Z Setting up libvidstab1.1:amd64 (1.1.0-2build1) ...
2026-10-09T03:50:38.4138900Z Setting up libvpx9:amd64 (1.14.0-1ubuntu2.3) ...
2026-10-09T03:50:38.4158831Z Setting up libsrt1.5-gnutls:amd64 (1.5.3-1build2) ...
2026-10-09T03:50:38.4176928Z Setting up libflite1:amd64 (2.2-6build3) ...
2026-10-09T03:50:38.4197146Z Setting up libdav1d7:amd64 (1.4.1-1build1) ...
2026-10-09T03:50:38.4214852Z Setting up libva-drm2:amd64 (2.20.0-2ubuntu0.2) ...
2026-10-09T03:50:38.4232036Z Setting up ocl-icd-libopencl1:amd64 (2.3.2-1build1) ...
2026-10-09T03:50:38.4253371Z Setting up libasyncns0:amd64 (0.8-6build4) ...
2026-10-09T03:50:38.4273918Z Setting up libvdpau1:amd64 (1.5-2build1) ...
2026-10-09T03:50:38.4301885Z Setting up libbs2b0:amd64 (3.1.0+dfsg-7build1) ...
2026-10-09T03:50:38.4320602Z Setting up libtheora0:amd64 (1.1.1+dfsg.1-16.1build3) ...
2026-10-09T03:50:38.4339758Z Setting up libdecor-0-0:amd64 (0.2.2-1build2) ...
2026-10-09T03:50:38.4361258Z Setting up libzimg2:amd64 (3.0.5+ds1-1build1) ...
2026-10-09T03:50:38.4379793Z Setting up libopenal-data (1:1.23.1-4build1) ...
2026-10-09T03:50:38.4410282Z Setting up libflac12t64:amd64 (1.4.3+ds-2.1ubuntu2) ...
2026-10-09T03:50:38.4428402Z Setting up mesa-va-drivers:amd64 (25.2.8-0ubuntu0.24.04.4) ...
2026-10-09T03:50:38.4448098Z Setting up libbluray2:amd64 (1:1.3.4-1build1) ...
2026-10-09T03:50:38.4467322Z Setting up libsamplerate0:amd64 (0.2.2-4build1) ...
2026-10-09T03:50:38.4486421Z Setting up libva-x11-2:amd64 (2.20.0-2ubuntu0.2) ...
2026-10-09T03:50:38.4507511Z Setting up libdecor-0-plugin-1-gtk:amd64 (0.2.2-1build2) ...
2026-10-09T03:50:38.4524937Z Setting up libopenmpt0t64:amd64 (0.7.3-1.1build3) ...
2026-10-09T03:50:38.4542892Z Setting up libzvbi-common (0.2.42-2) ...
2026-10-09T03:50:38.4567655Z Setting up libmp3lame0:amd64 (3.100-6build1) ...
2026-10-09T03:50:38.4588310Z Setting up i965-va-driver:amd64 (2.4.1+dfsg1-1ubuntu0.2) ...
2026-10-09T03:50:38.4610706Z Setting up libvorbisenc2:amd64 (1.3.7-1build3) ...
2026-10-09T03:50:38.4631513Z Setting up libiec61883-0:amd64 (1.2.0-6build1) ...
2026-10-09T03:50:38.4650798Z Setting up libserd-0-0:amd64 (0.32.2-1) ...
2026-10-09T03:50:38.4670219Z Setting up libavc1394-0:amd64 (0.5.4-5build3) ...
2026-10-09T03:50:38.4688730Z Setting up mesa-vdpau-drivers:amd64 (25.2.8-0ubuntu0.24.04.4) ...
2026-10-09T03:50:38.4706159Z Setting up liblapack3:amd64 (3.12.0-3build1.1) ...
2026-10-09T03:50:38.4782755Z update-alternatives: using /usr/lib/x86_64-linux-gnu/lapack/liblapack.so.3 to provide /usr/lib/x86_64-linux-gnu/liblapack.so.3 (liblapack.so.3-x86_64-linux-gnu) in auto mode
2026-10-09T03:50:38.4798733Z Setting up libzvbi0t64:amd64 (0.2.42-2) ...
2026-10-09T03:50:38.4817729Z Setting up libavutil58:amd64 (7:6.1.1-3ubuntu5) ...
2026-10-09T03:50:38.4836980Z Setting up libopenal1:amd64 (1:1.23.1-4build1) ...
2026-10-09T03:50:38.4853789Z Setting up libass9:amd64 (1:0.17.1-2build1) ...
2026-10-09T03:50:38.4871699Z Setting up libswresample4:amd64 (7:6.1.1-3ubuntu5) ...
2026-10-09T03:50:38.4894553Z Setting up va-driver-all:amd64 (2.20.0-2ubuntu0.2) ...
2026-10-09T03:50:38.4912058Z Setting up libavcodec60:amd64 (7:6.1.1-3ubuntu5) ...
2026-10-09T03:50:38.4932869Z Setting up librubberband2:amd64 (3.3.0+dfsg-2build1) ...
2026-10-09T03:50:38.5210689Z Setting up libjack-jackd2-0:amd64 (1.9.21~dfsg-3ubuntu3) ...
2026-10-09T03:50:38.5228008Z Setting up vdpau-driver-all:amd64 (1.5-2build1) ...
2026-10-09T03:50:38.5247348Z Setting up libsord-0-0:amd64 (0.16.16-2build1) ...
2026-10-09T03:50:38.5266870Z Setting up libpostproc57:amd64 (7:6.1.1-3ubuntu5) ...
2026-10-09T03:50:38.5284982Z Setting up libsratom-0-0:amd64 (0.6.16-1build1) ...
2026-10-09T03:50:38.5303250Z Setting up libsndfile1:amd64 (1.2.2-1ubuntu5.24.04.1) ...
2026-10-09T03:50:38.5320813Z Setting up liblilv-0-0:amd64 (0.24.22-1build1) ...
2026-10-09T03:50:38.5336611Z Setting up libswscale7:amd64 (7:6.1.1-3ubuntu5) ...
2026-10-09T03:50:38.5359783Z Setting up libpulse0:amd64 (1:16.1+dfsg1-2ubuntu10.1) ...
2026-10-09T03:50:38.5427788Z Setting up libavformat60:amd64 (7:6.1.1-3ubuntu5) ...
2026-10-09T03:50:38.5447882Z Setting up libsphinxbase3t64:amd64 (0.8+5prealpha+1-17build2) ...
2026-10-09T03:50:38.5464773Z Setting up libsdl2-2.0-0:amd64 (2.30.0+dfsg-1ubuntu3.1) ...
2026-10-09T03:50:38.5482381Z Setting up libpocketsphinx3:amd64 (0.8.0+real5prealpha+1-15ubuntu5) ...
2026-10-09T03:50:38.5502331Z Setting up libavfilter9:amd64 (7:6.1.1-3ubuntu5) ...
2026-10-09T03:50:38.5522772Z Setting up libavdevice60:amd64 (7:6.1.1-3ubuntu5) ...
2026-10-09T03:50:38.5539734Z Setting up ffmpeg (7:6.1.1-3ubuntu5) ...
2026-10-09T03:50:38.5561519Z Processing triggers for man-db (2.12.0-4build2) ...
2026-10-09T03:50:38.5580532Z Not building database; man-db/auto-update is not 'true'.
2026-10-09T03:50:38.5592580Z Processing triggers for libgdk-pixbuf-2.0-0:amd64 (2.42.10+dfsg-3ubuntu3.3) ...
2026-10-09T03:50:38.7762453Z Processing triggers for libc-bin (2.39-0ubuntu8.9) ...
2026-10-09T03:50:40.0204128Z 
2026-10-09T03:50:40.0205153Z Running kernel seems to be up-to-date.
2026-10-09T03:50:40.0206054Z 
2026-10-09T03:50:40.0206391Z No services need to be restarted.
2026-10-09T03:50:40.0206781Z 
2026-10-09T03:50:40.0207106Z No containers need to be restarted.
2026-10-09T03:50:40.0207493Z 
2026-10-09T03:50:40.0207893Z No user sessions are running outdated binaries.
2026-10-09T03:50:40.0208362Z 
2026-10-09T03:50:40.0209009Z No VM guests are running outdated hypervisor (qemu) binaries on this host.
2026-10-09T03:50:41.1761000Z ffprobe version 6.1.1-3ubuntu5 Copyright (c) 2007-2023 the FFmpeg developers
2026-10-09T03:50:41.1761997Z built with gcc 13 (Ubuntu 13.2.0-23ubuntu3)
2026-10-09T03:50:41.1771718Z configuration: --prefix=/usr --extra-version=3ubuntu5 --toolchain=hardened --libdir=/usr/lib/x86_64-linux-gnu --incdir=/usr/include/x86_64-linux-gnu --arch=amd64 --enable-gpl --disable-stripping --disable-omx --enable-gnutls --enable-libaom --enable-libass --enable-libbs2b --enable-libcaca --enable-libcdio --enable-libcodec2 --enable-libdav1d --enable-libflite --enable-libfontconfig --enable-libfreetype --enable-libfribidi --enable-libglslang --enable-libgme --enable-libgsm --enable-libharfbuzz --enable-libmp3lame --enable-libmysofa --enable-libopenjpeg --enable-libopenmpt --enable-libopus --enable-librubberband --enable-libshine --enable-libsnappy --enable-libsoxr --enable-libspeex --enable-libtheora --enable-libtwolame --enable-libvidstab --enable-libvorbis --enable-libvpx --enable-libwebp --enable-libx265 --enable-libxml2 --enable-libxvid --enable-libzimg --enable-openal --enable-opencl --enable-opengl --disable-sndio --enable-libvpl --disable-libmfx --enable-libdc1394 --enable-libdrm --enable-libiec61883 --enable-chromaprint --enable-frei0r --enable-ladspa --enable-libbluray --enable-libjack --enable-libpulse --enable-librabbitmq --enable-librist --enable-libsrt --enable-libssh --enable-libsvtav1 --enable-libx264 --enable-libzmq --enable-libzvbi --enable-lv2 --enable-sdl2 --enable-libplacebo --enable-librav1e --enable-pocketsphinx --enable-librsvg --enable-libjxl --enable-shared
2026-10-09T03:50:41.1777415Z libavutil      58. 29.100 / 58. 29.100
2026-10-09T03:50:41.1777741Z libavcodec     60. 31.102 / 60. 31.102
2026-10-09T03:50:41.1778048Z libavformat    60. 16.100 / 60. 16.100
2026-10-09T03:50:41.1778354Z libavdevice    60.  3.100 / 60.  3.100
2026-10-09T03:50:41.1778659Z libavfilter     9. 12.100 /  9. 12.100
2026-10-09T03:50:41.1778968Z libswscale      7.  5.100 /  7.  5.100
2026-10-09T03:50:41.1779274Z libswresample   4. 12.100 /  4. 12.100
2026-10-09T03:50:41.1779598Z libpostproc    57.  3.100 / 57.  3.100
2026-10-09T03:50:41.2244238Z ffmpeg version 6.1.1-3ubuntu5 Copyright (c) 2000-2023 the FFmpeg developers
2026-10-09T03:50:41.2244910Z built with gcc 13 (Ubuntu 13.2.0-23ubuntu3)
2026-10-09T03:50:41.2254390Z configuration: --prefix=/usr --extra-version=3ubuntu5 --toolchain=hardened --libdir=/usr/lib/x86_64-linux-gnu --incdir=/usr/include/x86_64-linux-gnu --arch=amd64 --enable-gpl --disable-stripping --disable-omx --enable-gnutls --enable-libaom --enable-libass --enable-libbs2b --enable-libcaca --enable-libcdio --enable-libcodec2 --enable-libdav1d --enable-libflite --enable-libfontconfig --enable-libfreetype --enable-libfribidi --enable-libglslang --enable-libgme --enable-libgsm --enable-libharfbuzz --enable-libmp3lame --enable-libmysofa --enable-libopenjpeg --enable-libopenmpt --enable-libopus --enable-librubberband --enable-libshine --enable-libsnappy --enable-libsoxr --enable-libspeex --enable-libtheora --enable-libtwolame --enable-libvidstab --enable-libvorbis --enable-libvpx --enable-libwebp --enable-libx265 --enable-libxml2 --enable-libxvid --enable-libzimg --enable-openal --enable-opencl --enable-opengl --disable-sndio --enable-libvpl --disable-libmfx --enable-libdc1394 --enable-libdrm --enable-libiec61883 --enable-chromaprint --enable-frei0r --enable-ladspa --enable-libbluray --enable-libjack --enable-libpulse --enable-librabbitmq --enable-librist --enable-libsrt --enable-libssh --enable-libsvtav1 --enable-libx264 --enable-libzmq --enable-libzvbi --enable-lv2 --enable-sdl2 --enable-libplacebo --enable-librav1e --enable-pocketsphinx --enable-librsvg --enable-libjxl --enable-shared
2026-10-09T03:50:41.2261315Z libavutil      58. 29.100 / 58. 29.100
2026-10-09T03:50:41.2261705Z libavcodec     60. 31.102 / 60. 31.102
2026-10-09T03:50:41.2262090Z libavformat    60. 16.100 / 60. 16.100
2026-10-09T03:50:41.2262470Z libavdevice    60.  3.100 / 60.  3.100
2026-10-09T03:50:41.2262792Z libavfilter     9. 12.100 /  9. 12.100
2026-10-09T03:50:41.2263087Z libswscale      7.  5.100 /  7.  5.100
2026-10-09T03:50:41.2263393Z libswresample   4. 12.100 /  4. 12.100
2026-10-09T03:50:41.2263699Z libpostproc    57.  3.100 / 57.  3.100
2026-10-09T03:50:41.2303048Z ##[group]Run node --version
2026-10-09T03:50:41.2303378Z [36;1mnode --version[0m
2026-10-09T03:50:41.2303614Z [36;1mnproc[0m
2026-10-09T03:50:41.2303860Z [36;1mawk '/MemTotal/ { print }' /proc/meminfo[0m
2026-10-09T03:50:41.2304463Z [36;1mdf -Pk .[0m
2026-10-09T03:50:41.2367095Z shell: /usr/bin/bash -e {0}
2026-10-09T03:50:41.2367377Z env:
2026-10-09T03:50:41.2367658Z   G10_SOURCE_COMMIT: 474c1a64b3a8f69b81b3bd60f0a55f2782dc8d1f
2026-10-09T03:50:41.2368008Z ##[endgroup]
2026-10-09T03:50:41.2477491Z v22.16.0
2026-10-09T03:50:41.2496016Z 4
2026-10-09T03:50:41.2515226Z MemTotal:       16373452 kB
2026-10-09T03:50:41.2618663Z Filesystem     1024-blocks     Used Available Capacity Mounted on
2026-10-09T03:50:41.2619440Z /dev/root        151263856 64465864  86781608      43% /
2026-10-09T03:50:41.2653133Z ##[group]Run npx playwright install --with-deps chromium
2026-10-09T03:50:41.2653560Z [36;1mnpx playwright install --with-deps chromium[0m
2026-10-09T03:50:41.2712733Z shell: /usr/bin/bash -e {0}
2026-10-09T03:50:41.2712992Z env:
2026-10-09T03:50:41.2713262Z   G10_SOURCE_COMMIT: 474c1a64b3a8f69b81b3bd60f0a55f2782dc8d1f
2026-10-09T03:50:41.2713602Z ##[endgroup]
2026-10-09T03:50:42.1045167Z Installing dependencies...
2026-10-09T03:50:42.1102778Z Switching to root user to install dependencies...
2026-10-09T03:50:42.1738277Z Get:1 file:/etc/apt/apt-mirrors.txt Mirrorlist [139 B]
2026-10-09T03:50:42.2135480Z Hit:6 https://packages.microsoft.com/ubuntu/24.04/prod noble InRelease
2026-10-09T03:50:42.4029384Z Hit:2 https://archive.ubuntu.com/ubuntu noble InRelease
2026-10-09T03:50:42.4207049Z Hit:3 https://archive.ubuntu.com/ubuntu noble-updates InRelease
2026-10-09T03:50:42.4383075Z Hit:4 https://archive.ubuntu.com/ubuntu noble-backports InRelease
2026-10-09T03:50:42.4561596Z Hit:5 https://archive.ubuntu.com/ubuntu noble-security InRelease
2026-10-09T03:50:43.5111047Z Reading package lists...
2026-10-09T03:50:43.5330050Z Reading package lists...
2026-10-09T03:50:43.7169938Z Building dependency tree...
2026-10-09T03:50:43.7177803Z Reading state information...
2026-10-09T03:50:43.8568402Z libasound2t64 is already the newest version (1.2.11-1ubuntu0.3).
2026-10-09T03:50:43.8569513Z libasound2t64 set to manually installed.
2026-10-09T03:50:43.8570601Z libatk-bridge2.0-0t64 is already the newest version (2.52.0-1build1).
2026-10-09T03:50:43.8571740Z libatk-bridge2.0-0t64 set to manually installed.
2026-10-09T03:50:43.8572758Z libatk1.0-0t64 is already the newest version (2.52.0-1build1).
2026-10-09T03:50:43.8573604Z libatk1.0-0t64 set to manually installed.
2026-10-09T03:50:43.8574763Z libatspi2.0-0t64 is already the newest version (2.52.0-1build1).
2026-10-09T03:50:43.8575645Z libatspi2.0-0t64 set to manually installed.
2026-10-09T03:50:43.8576458Z libcairo2 is already the newest version (1.18.0-3build1).
2026-10-09T03:50:43.8576971Z libcairo2 set to manually installed.
2026-10-09T03:50:43.8577531Z libcups2t64 is already the newest version (2.4.7-1.2ubuntu7.14).
2026-10-09T03:50:43.8578078Z libcups2t64 set to manually installed.
2026-10-09T03:50:43.8578632Z libdbus-1-3 is already the newest version (1.14.10-4ubuntu4.1).
2026-10-09T03:50:43.8579175Z libdbus-1-3 set to manually installed.
2026-10-09T03:50:43.8579750Z libdrm2 is already the newest version (2.4.125-1ubuntu0.1~24.04.2).
2026-10-09T03:50:43.8580285Z libdrm2 set to manually installed.
2026-10-09T03:50:43.8581096Z libgbm1 is already the newest version (25.2.8-0ubuntu0.24.04.4).
2026-10-09T03:50:43.8581618Z libgbm1 set to manually installed.
2026-10-09T03:50:43.8582172Z libglib2.0-0t64 is already the newest version (2.80.0-6ubuntu3.9).
2026-10-09T03:50:43.8582707Z libglib2.0-0t64 set to manually installed.
2026-10-09T03:50:43.8583136Z libnspr4 is already the newest version (2:4.35-1.1build1).
2026-10-09T03:50:43.8583541Z libnspr4 set to manually installed.
2026-10-09T03:50:43.8583947Z libnss3 is already the newest version (2:3.98-1ubuntu0.2).
2026-10-09T03:50:43.8584529Z libnss3 set to manually installed.
2026-10-09T03:50:43.8584962Z libpango-1.0-0 is already the newest version (1.52.1+ds-1build1).
2026-10-09T03:50:43.8585383Z libpango-1.0-0 set to manually installed.
2026-10-09T03:50:43.8585786Z libx11-6 is already the newest version (2:1.8.7-1build1).
2026-10-09T03:50:43.8586163Z libx11-6 set to manually installed.
2026-10-09T03:50:43.8586526Z libxcb1 is already the newest version (1.15-1ubuntu2).
2026-10-09T03:50:43.8586892Z libxcb1 set to manually installed.
2026-10-09T03:50:43.8587314Z libxcomposite1 is already the newest version (1:0.4.5-1build3).
2026-10-09T03:50:43.8587730Z libxcomposite1 set to manually installed.
2026-10-09T03:50:43.8588143Z libxdamage1 is already the newest version (1:1.1.6-1build1).
2026-10-09T03:50:43.8588539Z libxdamage1 set to manually installed.
2026-10-09T03:50:43.8589140Z libxext6 is already the newest version (2:1.3.4-1build2).
2026-10-09T03:50:43.8589526Z libxext6 set to manually installed.
2026-10-09T03:50:43.8589913Z libxfixes3 is already the newest version (1:6.0.0-2build1).
2026-10-09T03:50:43.8590422Z libxfixes3 set to manually installed.
2026-10-09T03:50:43.8590827Z libxkbcommon0 is already the newest version (1.6.0-1build1).
2026-10-09T03:50:43.8591221Z libxkbcommon0 set to manually installed.
2026-10-09T03:50:43.8591632Z libxrandr2 is already the newest version (2:1.5.2-2build1).
2026-10-09T03:50:43.8592017Z libxrandr2 set to manually installed.
2026-10-09T03:50:43.8592414Z xvfb is already the newest version (2:21.1.12-1ubuntu1.8).
2026-10-09T03:50:43.8592958Z fonts-noto-color-emoji is already the newest version (2.047-0ubuntu0.24.04.1).
2026-10-09T03:50:43.8593529Z libfontconfig1 is already the newest version (2.15.0-1.1ubuntu2).
2026-10-09T03:50:43.8593947Z libfontconfig1 set to manually installed.
2026-10-09T03:50:43.8594507Z fonts-liberation is already the newest version (1:2.1.5-3).
2026-10-09T03:50:43.8594919Z fonts-liberation set to manually installed.
2026-10-09T03:50:43.8595315Z The following additional packages will be installed:
2026-10-09T03:50:43.8595674Z   xfonts-encodings xfonts-utils
2026-10-09T03:50:43.8595955Z Recommended packages:
2026-10-09T03:50:43.8596232Z   fonts-ipafont-mincho fonts-tlwg-loma
2026-10-09T03:50:43.8718683Z The following NEW packages will be installed:
2026-10-09T03:50:43.8719573Z   fonts-freefont-ttf fonts-ipafont-gothic fonts-tlwg-loma-otf fonts-unifont
2026-10-09T03:50:43.8724287Z   fonts-wqy-zenhei xfonts-cyrillic xfonts-encodings xfonts-scalable
2026-10-09T03:50:43.8725132Z   xfonts-utils
2026-10-09T03:50:43.8728154Z The following packages will be upgraded:
2026-10-09T03:50:43.8732406Z   libfreetype6
2026-10-09T03:50:43.8887550Z 1 upgraded, 9 newly installed, 0 to remove and 22 not upgraded.
2026-10-09T03:50:43.8888291Z Need to get 21.5 MB of archives.
2026-10-09T03:50:43.8889056Z After this operation, 79.5 MB of additional disk space will be used.
2026-10-09T03:50:43.8889922Z Get:1 file:/etc/apt/apt-mirrors.txt Mirrorlist [139 B]
2026-10-09T03:50:44.1052487Z Get:2 https://archive.ubuntu.com/ubuntu noble/universe amd64 fonts-ipafont-gothic all 00303-21ubuntu1 [3513 kB]
2026-10-09T03:50:44.3158221Z Get:3 https://archive.ubuntu.com/ubuntu noble/main amd64 fonts-freefont-ttf all 20211204+svn4273-2 [5641 kB]
2026-10-09T03:50:44.3809584Z Get:4 https://archive.ubuntu.com/ubuntu noble/universe amd64 fonts-tlwg-loma-otf all 1:0.7.3-1 [107 kB]
2026-10-09T03:50:44.3996321Z Get:5 https://archive.ubuntu.com/ubuntu noble/universe amd64 fonts-unifont all 1:15.1.01-1build1 [2993 kB]
2026-10-09T03:50:44.4345562Z Get:6 https://archive.ubuntu.com/ubuntu noble/universe amd64 fonts-wqy-zenhei all 0.9.45-8 [7472 kB]
2026-10-09T03:50:44.4957910Z Get:7 https://archive.ubuntu.com/ubuntu noble-updates/main amd64 libfreetype6 amd64 2.13.2+dfsg-1ubuntu0.2 [403 kB]
2026-10-09T03:50:44.5185901Z Get:8 https://archive.ubuntu.com/ubuntu noble/main amd64 xfonts-encodings all 1:1.0.5-0ubuntu2 [578 kB]
2026-10-09T03:50:44.5426473Z Get:9 https://archive.ubuntu.com/ubuntu noble/main amd64 xfonts-utils amd64 1:7.7+6build3 [94.4 kB]
2026-10-09T03:50:44.5615549Z Get:10 https://archive.ubuntu.com/ubuntu noble/universe amd64 xfonts-cyrillic all 1:1.0.5+nmu1 [384 kB]
2026-10-09T03:50:44.5813494Z Get:11 https://archive.ubuntu.com/ubuntu noble/main amd64 xfonts-scalable all 1:1.0.3-1.3 [304 kB]
2026-10-09T03:50:44.8255411Z Fetched 21.5 MB in 1s (30.5 MB/s)
2026-10-09T03:50:44.8470577Z Selecting previously unselected package fonts-ipafont-gothic.
2026-10-09T03:50:44.8532159Z (Reading database ... 
2026-10-09T03:50:44.8532707Z (Reading database ... 5%
2026-10-09T03:50:44.8533075Z (Reading database ... 10%
2026-10-09T03:50:44.8533819Z (Reading database ... 15%
2026-10-09T03:50:44.8535325Z (Reading database ... 20%
2026-10-09T03:50:44.8535986Z (Reading database ... 25%
2026-10-09T03:50:44.8536578Z (Reading database ... 30%
2026-10-09T03:50:44.8536979Z (Reading database ... 35%
2026-10-09T03:50:44.8537654Z (Reading database ... 40%
2026-10-09T03:50:44.8538051Z (Reading database ... 45%
2026-10-09T03:50:44.8538435Z (Reading database ... 50%
2026-10-09T03:50:44.8564381Z (Reading database ... 55%
2026-10-09T03:50:44.8666675Z (Reading database ... 60%
2026-10-09T03:50:44.8693390Z (Reading database ... 65%
2026-10-09T03:50:44.8711417Z (Reading database ... 70%
2026-10-09T03:50:44.8748641Z (Reading database ... 75%
2026-10-09T03:50:44.8776457Z (Reading database ... 80%
2026-10-09T03:50:44.8912224Z (Reading database ... 85%
2026-10-09T03:50:44.9109429Z (Reading database ... 90%
2026-10-09T03:50:44.9178812Z (Reading database ... 95%
2026-10-09T03:50:44.9179247Z (Reading database ... 100%
2026-10-09T03:50:44.9179818Z (Reading database ... 203905 files and directories currently installed.)
2026-10-09T03:50:44.9216986Z Preparing to unpack .../0-fonts-ipafont-gothic_00303-21ubuntu1_all.deb ...
2026-10-09T03:50:44.9289487Z Unpacking fonts-ipafont-gothic (00303-21ubuntu1) ...
2026-10-09T03:50:45.1537923Z Selecting previously unselected package fonts-freefont-ttf.
2026-10-09T03:50:45.1665079Z Preparing to unpack .../1-fonts-freefont-ttf_20211204+svn4273-2_all.deb ...
2026-10-09T03:50:45.1672582Z Unpacking fonts-freefont-ttf (20211204+svn4273-2) ...
2026-10-09T03:50:45.2433097Z Selecting previously unselected package fonts-tlwg-loma-otf.
2026-10-09T03:50:45.2557323Z Preparing to unpack .../2-fonts-tlwg-loma-otf_1%3a0.7.3-1_all.deb ...
2026-10-09T03:50:45.2563867Z Unpacking fonts-tlwg-loma-otf (1:0.7.3-1) ...
2026-10-09T03:50:45.2775858Z Selecting previously unselected package fonts-unifont.
2026-10-09T03:50:45.2886323Z Preparing to unpack .../3-fonts-unifont_1%3a15.1.01-1build1_all.deb ...
2026-10-09T03:50:45.2892998Z Unpacking fonts-unifont (1:15.1.01-1build1) ...
2026-10-09T03:50:45.3900698Z Selecting previously unselected package fonts-wqy-zenhei.
2026-10-09T03:50:45.4026285Z Preparing to unpack .../4-fonts-wqy-zenhei_0.9.45-8_all.deb ...
2026-10-09T03:50:45.4117931Z Unpacking fonts-wqy-zenhei (0.9.45-8) ...
2026-10-09T03:50:45.8826883Z Preparing to unpack .../5-libfreetype6_2.13.2+dfsg-1ubuntu0.2_amd64.deb ...
2026-10-09T03:50:45.8859052Z Unpacking libfreetype6:amd64 (2.13.2+dfsg-1ubuntu0.2) over (2.13.2+dfsg-1ubuntu0.1) ...
2026-10-09T03:50:45.9100570Z Selecting previously unselected package xfonts-encodings.
2026-10-09T03:50:45.9227985Z Preparing to unpack .../6-xfonts-encodings_1%3a1.0.5-0ubuntu2_all.deb ...
2026-10-09T03:50:45.9235049Z Unpacking xfonts-encodings (1:1.0.5-0ubuntu2) ...
2026-10-09T03:50:45.9530805Z Selecting previously unselected package xfonts-utils.
2026-10-09T03:50:45.9656678Z Preparing to unpack .../7-xfonts-utils_1%3a7.7+6build3_amd64.deb ...
2026-10-09T03:50:45.9662773Z Unpacking xfonts-utils (1:7.7+6build3) ...
2026-10-09T03:50:46.0138464Z Selecting previously unselected package xfonts-cyrillic.
2026-10-09T03:50:46.0265740Z Preparing to unpack .../8-xfonts-cyrillic_1%3a1.0.5+nmu1_all.deb ...
2026-10-09T03:50:46.0272075Z Unpacking xfonts-cyrillic (1:1.0.5+nmu1) ...
2026-10-09T03:50:46.0597518Z Selecting previously unselected package xfonts-scalable.
2026-10-09T03:50:46.0722719Z Preparing to unpack .../9-xfonts-scalable_1%3a1.0.3-1.3_all.deb ...
2026-10-09T03:50:46.0730178Z Unpacking xfonts-scalable (1:1.0.3-1.3) ...
2026-10-09T03:50:46.1182906Z Setting up fonts-wqy-zenhei (0.9.45-8) ...
2026-10-09T03:50:46.1300149Z Setting up fonts-freefont-ttf (20211204+svn4273-2) ...
2026-10-09T03:50:46.1319116Z Setting up fonts-tlwg-loma-otf (1:0.7.3-1) ...
2026-10-09T03:50:46.1338946Z Setting up libfreetype6:amd64 (2.13.2+dfsg-1ubuntu0.2) ...
2026-10-09T03:50:46.1355201Z Setting up xfonts-encodings (1:1.0.5-0ubuntu2) ...
2026-10-09T03:50:46.1377176Z Setting up fonts-ipafont-gothic (00303-21ubuntu1) ...
2026-10-09T03:50:46.1440896Z update-alternatives: using /usr/share/fonts/opentype/ipafont-gothic/ipag.ttf to provide /usr/share/fonts/truetype/fonts-japanese-gothic.ttf (fonts-japanese-gothic.ttf) in auto mode
2026-10-09T03:50:46.1454763Z Setting up fonts-unifont (1:15.1.01-1build1) ...
2026-10-09T03:50:46.1472212Z Setting up xfonts-utils (1:7.7+6build3) ...
2026-10-09T03:50:46.1509838Z Setting up xfonts-cyrillic (1:1.0.5+nmu1) ...
2026-10-09T03:50:46.1821693Z Setting up xfonts-scalable (1:1.0.3-1.3) ...
2026-10-09T03:50:46.2085444Z Processing triggers for libc-bin (2.39-0ubuntu8.9) ...
2026-10-09T03:50:46.2247528Z Processing triggers for man-db (2.12.0-4build2) ...
2026-10-09T03:50:46.2262353Z Not building database; man-db/auto-update is not 'true'.
2026-10-09T03:50:46.2272879Z Processing triggers for fontconfig (2.15.0-1.1ubuntu2) ...
2026-10-09T03:50:46.8669585Z 
2026-10-09T03:50:46.8670466Z Running kernel seems to be up-to-date.
2026-10-09T03:50:46.8670843Z 
2026-10-09T03:50:46.8671000Z Restarting services...
2026-10-09T03:50:46.8749796Z  systemctl restart php8.3-fpm.service
2026-10-09T03:50:46.9731834Z 
2026-10-09T03:50:46.9732923Z No containers need to be restarted.
2026-10-09T03:50:46.9744999Z 
2026-10-09T03:50:46.9745466Z No user sessions are running outdated binaries.
2026-10-09T03:50:46.9745732Z 
2026-10-09T03:50:46.9746075Z No VM guests are running outdated hypervisor (qemu) binaries on this host.
2026-10-09T03:50:47.8710375Z Downloading Chromium 141.0.7390.37 (playwright build v1194) from https://cdn.playwright.dev/dbazure/download/playwright/builds/chromium/1194/chromium-linux.zip
2026-10-09T03:50:48.0419118Z |                                                                                |   0% of 173.9 MiB
2026-10-09T03:50:48.2095072Z |■■■■■■■■                                                                        |  10% of 173.9 MiB
2026-10-09T03:50:48.3702491Z |■■■■■■■■■■■■■■■■                                                                |  20% of 173.9 MiB
2026-10-09T03:50:48.4955834Z |■■■■■■■■■■■■■■■■■■■■■■■■                                                        |  30% of 173.9 MiB
2026-10-09T03:50:48.6114414Z |■■■■■■■■■■■■■■■■■■■■■■■■■■■■■■■■                                                |  40% of 173.9 MiB
2026-10-09T03:50:48.7835704Z |■■■■■■■■■■■■■■■■■■■■■■■■■■■■■■■■■■■■■■■■                                        |  50% of 173.9 MiB
2026-10-09T03:50:48.8889092Z |■■■■■■■■■■■■■■■■■■■■■■■■■■■■■■■■■■■■■■■■■■■■■■■■                                |  60% of 173.9 MiB
2026-10-09T03:50:49.0179491Z |■■■■■■■■■■■■■■■■■■■■■■■■■■■■■■■■■■■■■■■■■■■■■■■■■■■■■■■■                        |  70% of 173.9 MiB
2026-10-09T03:50:49.1123472Z |■■■■■■■■■■■■■■■■■■■■■■■■■■■■■■■■■■■■■■■■■■■■■■■■■■■■■■■■■■■■■■■■                |  80% of 173.9 MiB
2026-10-09T03:50:49.2252436Z |■■■■■■■■■■■■■■■■■■■■■■■■■■■■■■■■■■■■■■■■■■■■■■■■■■■■■■■■■■■■■■■■■■■■■■■■        |  90% of 173.9 MiB
2026-10-09T03:50:49.3165865Z |■■■■■■■■■■■■■■■■■■■■■■■■■■■■■■■■■■■■■■■■■■■■■■■■■■■■■■■■■■■■■■■■■■■■■■■■■■■■■■■■| 100% of 173.9 MiB
2026-10-09T03:50:53.1470166Z Chromium 141.0.7390.37 (playwright build v1194) downloaded to /home/runner/.cache/ms-playwright/chromium-1194
2026-10-09T03:50:53.1473353Z Downloading FFMPEG playwright build v1011 from https://cdn.playwright.dev/dbazure/download/playwright/builds/ffmpeg/1011/ffmpeg-linux.zip
2026-10-09T03:50:53.3132432Z |                                                                                |   0% of 2.3 MiB
2026-10-09T03:50:53.3243996Z |■■■■■■■■                                                                        |  10% of 2.3 MiB
2026-10-09T03:50:53.3328211Z |■■■■■■■■■■■■■■■■                                                                |  20% of 2.3 MiB
2026-10-09T03:50:53.3377838Z |■■■■■■■■■■■■■■■■■■■■■■■■                                                        |  30% of 2.3 MiB
2026-10-09T03:50:53.3399064Z |■■■■■■■■■■■■■■■■■■■■■■■■■■■■■■■■                                                |  40% of 2.3 MiB
2026-10-09T03:50:53.3440644Z |■■■■■■■■■■■■■■■■■■■■■■■■■■■■■■■■■■■■■■■■                                        |  50% of 2.3 MiB
2026-10-09T03:50:53.3459964Z |■■■■■■■■■■■■■■■■■■■■■■■■■■■■■■■■■■■■■■■■■■■■■■■■                                |  60% of 2.3 MiB
2026-10-09T03:50:53.3505569Z |■■■■■■■■■■■■■■■■■■■■■■■■■■■■■■■■■■■■■■■■■■■■■■■■■■■■■■■■                        |  70% of 2.3 MiB
2026-10-09T03:50:53.3515104Z |■■■■■■■■■■■■■■■■■■■■■■■■■■■■■■■■■■■■■■■■■■■■■■■■■■■■■■■■■■■■■■■■                |  80% of 2.3 MiB
2026-10-09T03:50:53.3533224Z |■■■■■■■■■■■■■■■■■■■■■■■■■■■■■■■■■■■■■■■■■■■■■■■■■■■■■■■■■■■■■■■■■■■■■■■■        |  90% of 2.3 MiB
2026-10-09T03:50:53.3546633Z |■■■■■■■■■■■■■■■■■■■■■■■■■■■■■■■■■■■■■■■■■■■■■■■■■■■■■■■■■■■■■■■■■■■■■■■■■■■■■■■■| 100% of 2.3 MiB
2026-10-09T03:50:53.4126245Z FFMPEG playwright build v1011 downloaded to /home/runner/.cache/ms-playwright/ffmpeg-1011
2026-10-09T03:50:53.4129533Z Downloading Chromium Headless Shell 141.0.7390.37 (playwright build v1194) from https://cdn.playwright.dev/dbazure/download/playwright/builds/chromium/1194/chromium-headless-shell-linux.zip
2026-10-09T03:50:53.5804855Z |                                                                                |   0% of 104.3 MiB
2026-10-09T03:50:53.7066012Z |■■■■■■■■                                                                        |  10% of 104.3 MiB
2026-10-09T03:50:53.7755447Z |■■■■■■■■■■■■■■■■                                                                |  20% of 104.3 MiB
2026-10-09T03:50:53.9120452Z |■■■■■■■■■■■■■■■■■■■■■■■■                                                        |  30% of 104.3 MiB
2026-10-09T03:50:53.9759736Z |■■■■■■■■■■■■■■■■■■■■■■■■■■■■■■■■                                                |  40% of 104.3 MiB
2026-10-09T03:50:54.0338555Z |■■■■■■■■■■■■■■■■■■■■■■■■■■■■■■■■■■■■■■■■                                        |  50% of 104.3 MiB
2026-10-09T03:50:54.1054034Z |■■■■■■■■■■■■■■■■■■■■■■■■■■■■■■■■■■■■■■■■■■■■■■■■                                |  60% of 104.3 MiB
2026-10-09T03:50:54.1828169Z |■■■■■■■■■■■■■■■■■■■■■■■■■■■■■■■■■■■■■■■■■■■■■■■■■■■■■■■■                        |  70% of 104.3 MiB
2026-10-09T03:50:54.2465637Z |■■■■■■■■■■■■■■■■■■■■■■■■■■■■■■■■■■■■■■■■■■■■■■■■■■■■■■■■■■■■■■■■                |  80% of 104.3 MiB
2026-10-09T03:50:54.3106656Z |■■■■■■■■■■■■■■■■■■■■■■■■■■■■■■■■■■■■■■■■■■■■■■■■■■■■■■■■■■■■■■■■■■■■■■■■        |  90% of 104.3 MiB
2026-10-09T03:50:54.3506445Z |■■■■■■■■■■■■■■■■■■■■■■■■■■■■■■■■■■■■■■■■■■■■■■■■■■■■■■■■■■■■■■■■■■■■■■■■■■■■■■■■| 100% of 104.3 MiB
2026-10-09T03:50:56.3216217Z Chromium Headless Shell 141.0.7390.37 (playwright build v1194) downloaded to /home/runner/.cache/ms-playwright/chromium_headless_shell-1194
2026-10-09T03:50:56.4861456Z ##[group]Run set -o pipefail
2026-10-09T03:50:56.4861789Z [36;1mset -o pipefail[0m
2026-10-09T03:50:56.4862207Z [36;1mnode scripts/check.mjs --stage 'browser' 2>&1 | tee '.work-stage-browser.stdout'[0m
2026-10-09T03:50:56.4924465Z shell: /usr/bin/bash -e {0}
2026-10-09T03:50:56.4924759Z env:
2026-10-09T03:50:56.4925064Z   G10_SOURCE_COMMIT: 474c1a64b3a8f69b81b3bd60f0a55f2782dc8d1f
2026-10-09T03:50:56.4925410Z ##[endgroup]
2026-10-09T03:50:56.6271972Z 
2026-10-09T03:50:56.6272499Z > partybox-g10-checkers@1.0.0 build
2026-10-09T03:50:56.6273241Z > tsc --noEmit && node scripts/build.mjs
2026-10-09T03:50:56.6273618Z 
2026-10-09T03:51:09.6512618Z PASS: complete offline single-page game written to /home/runner/work/partybox-game-cores/partybox-game-cores/jobs/G10-checkers/.work/play.html; original six-piece data is read in bounded blocks.
2026-10-09T03:51:28.0882661Z PASS: checksums, authoritative schemas/manifest, pure core source, fixed corpus provenance, original offline page (delivery execution gates explicitly excluded).
2026-10-09T03:53:26.5092121Z {"evidenceVersion":1,"runId":"4a96e328-dd41-4a39-ae0c-164898164846","sourceGuardsBefore":{"../../contract/constants.ts":"27cdd23112ea03f344457e6f6e6b5839ff536ebeadbba189751520353aa085ef","../../contract/contract.ts":"c0f999c153074769c99c67ab2a71ad66c879e45e834713f3367b2bde4a1873d5","../../contract/minigame-schema.ts":"2438655eeb8ca658543b475070e6fb3ccb3947f154f57caa3f619c87853c9bbb","../../contract/package.json":"ec1418bc79e3563ed63d2aebfbb0cb039529f6dc1ac0e8e6d61f790cb065f495","../../contract/player-count-schema.ts":"0748d9d9bcf795d0693c37a0f369b262fd8801dec9ab1e4a9a4f5ec23751a189","../../contract/rng.ts":"7cfcf3024723607e8dd1ce6ccc5683a48d71fcc617947304cc5b9f6d3d7842fe","data/chinook/DB6.bin":"baee42a2b49390edd96e5a751189366275619c941d79021f3ca45774c3e7071f","data/chinook/DB6.idx":"10cb5cfc2a8c67e18c322563c17ceef0adeac87786a16c767c4616e9a574f4fd","data/chinook/LICENSE.txt":"8ed5c1393322801ac395d3e6c9d8e8f4b18bcca9e41f7b8cdf312f33be242a2d","data/chinook/manifest.json":"90f1970372040946f299660c33ded627fe574c7fa2d52be168e7b16c391d55d0","data/endgames.json":"edb5d87a27caa83945e2a5587418fa6f246fb30dd3823652871a598272e0075d","data/international/BOOST-LICENSE.txt":"c9bff75738922193e67fa726fa225535870d2aa1059f91452c411736284ad566","data/international/db2.bin":"305a1e7eabb4bab13577774009592e1614ddf8a4efe334d6fe3cb8221000b4ed","data/international/db2.idx":"9622e861c67ea250396b384bb95fec00fd541964c3109bdc1b27ae7aae1f73f2","data/international/db3.bin":"9dd9170657b11b5e18e0a2d54b6475d9cfd2cf821c6f9e4e9ba78bdf130e10aa","data/international/db3.idx":"84862531a87da451037c3c1087b5c082c293ff508ffb447adbc8b7e020fa7aaa","data/international/db4.bin":"14e5a8fa159c33a2d7ca01538ca4cd088222c2f204a6b6ef174ffcebd28c72aa","data/international/db4.idx":"4514098c3a0fe91fb98ea1950eb53558f94017ed4c6553d10f117c94348e393e","data/international/db5.bin":"b3e65f71d2c801a68fe8928f62e32c40266f7d8ae4e5ab99b643805b1ace2e02","data/international/db5.idx":"4a94297121f50feca73beaea7ab10622942194d2b5c098d1c30c5cbe5b78715a","data/international/LICENSE.md":"34055034c8caa4d7637c91adc11f28229cea6a097c9b9d2610318cb66e1ef6cc","data/international/manifest.json":"6cc33b38df4f1f2b1ea79fa7fcbe11972976986828e7adee28934b4ad3921a04","data/international/six/db6-0303.000.chunk":"75d63f54a4aefbb6a29871ac2c96fe8064239630c141c79298c99ede5af7bfae","data/international/six/db6-0303.idx":"9f6e7dddd055eb1234cc79750e749c9b2ef49bdf410d7761a0a27f76dc606b04","data/international/six/db6-0312.000.chunk":"a65ac7e0daf00efcb905cec95900ce8fe7c7afda3d242a693a229b2584fcdd89","data/international/six/db6-0312.idx":"9df486596addc03a3454c242a25198c35f0a371dbd0055ca1ad777bff28bc43a","data/international/six/db6-0321.000.chunk":"4f4af0182c39c3646128b9e17d2b283196e8cb4441452b4a01e9c2532e4b6b53","data/international/six/db6-0321.001.chunk":"b8d62083255a57d82395b04eddf6cf735700f3ead646b526fc9882bace3a0e40","data/international/six/db6-0321.idx":"af4c2df56553f4386223b11ad75e7ad4f5c26625be854d52b1e6f8760d8c3bee","data/international/six/db6-0330.000.chunk":"de1dfc76776fe69bf25a7e64b4f1800c17b196f7e9cf2258cb792f51d17fd5c1","data/international/six/db6-0330.idx":"ce6bba6b659d289f3823a0221a5927fe0cbdf313af052cadfbfe0259791590ca","data/international/six/db6-0402.000.chunk":"9508c060e20d0f01da854b4cd4e018f634241b5abb90e73ece71bd4ca69c2517","data/international/six/db6-0402.idx":"096c6e3b12ecf960f7012878baec51d00f1cafda9880d2b29128b21cb3821485","data/international/six/db6-0411.000.chunk":"d3a9300cbe73b288d4d897d20434b6f4373166f58cc69328043a835efbf03247","data/international/six/db6-0411.idx":"1c92044e7b38d59c1485a0b064ed22e5b685346a0d62ac8fce74c3d6d5130cf0","data/international/six/db6-0420.000.chunk":"26162642d1c3439d6e3abcef8c1a210857b371607d82a1714cb99a47ad803a6e","data/international/six/db6-0420.idx":"4d47ac027225d63cf773a0f5fe9258c5e5f3b3670b04de677bc0a10399e3a56d","data/international/six/db6-0501.000.chunk":"82881a78d8a5052037911bc0e1d33231fd1dce64f283fd5f53bb297c26e60221","data/international/six/db6-0501.idx":"d29f8d532adce5f2ba9befd66ae47413b3e91e0666b891c1f08b8b0c7eb4ea10","data/international/six/db6-0510.000.chunk":"28f286c57a29bac59c095d9efdbd2cd87ee648416a0d4e85099bd8c192bc8383","data/international/six/db6-0510.idx":"356a04a2d92ce1c614671b5e246d4c74215c55728480d79d24065252b1e3689a","data/international/six/db6-1212.000.chunk":"5f8cc263773a36546efb0af5e5f6e4bdb4bbd497a50bf00e477aec30e478923f","data/international/six/db6-1212.001.chunk":"578a53681f654ca3463c205428c02a2812751af0fc83aabb26912573bfeabf79","data/international/six/db6-1212.idx":"62c58abb6f24f8280d0f2b0d99cf2e78c85e4a8b8a37da142fdafce33911db7a","data/international/six/db6-1221.000.chunk":"acc65c6b904a669302b3f1dacf917f44852baa3febb2d33379ecdb9153dfd898","data/international/six/db6-1221.001.chunk":"44b31af46ccd5df50c10eea39107f33244be8d98ea39300c2ef739173573f775","data/international/six/db6-1221.002.chunk":"471ec101d7053b0029059f4ce617ffb88512a7d08d86f2be7e170abc29e8c2e9","data/international/six/db6-1221.003.chunk":"67460687baa048e40deaf19e4168f3fd644a9ffaad0475a02a7c65462a249738","data/international/six/db6-1221.idx":"893f2a20b42eb9b6a437b2a4c79635190b1b7d8303d67c2c6048ad762b654072","data/international/six/db6-1230.000.chunk":"45e595ea9c3279d783cf4632762912554f98103bb24fd3712ea5cd371ae077c6","data/international/six/db6-1230.001.chunk":"86282c8af312b2ee4e8a8c36a228ccd72b5a81ae7bd9e03ed86e63c92ba386cb","data/international/six/db6-1230.idx":"56f9a806af26475371ea04d7230e2316e6ce8206ea14fe28628b646ac5415d37","data/international/six/db6-1302.000.chunk":"a0bde8399fecc594fe8ad84b953018c2fd3796805de67f5361982b244027413f","data/international/six/db6-1302.001.chunk":"7398a50ae97329727420dca59b959f28ed295dbdd59e6dd54fb54d88554decfa","data/international/six/db6-1302.idx":"fc695c254e053157a79dfd22c287fcde716e887ba4a0e5765cc27be221efd7ab","data/international/six/db6-1311.000.chunk":"eac5625451bccbdee80bb5d98c1ae8b7d9dc7bcd218240d543e04ec76d692a36","data/international/six/db6-1311.001.chunk":"cc9e1d6f56f80b7f6fe73d30a878bd2c7e9be3cea795d0c64e2847976e57d88b","data/international/six/db6-1311.002.chunk":"33eb6b6262f6d2b248c2772ab41277231e227a0024007db766ae48edc31e7c6a","data/international/six/db6-1311.003.chunk":"d59c08b053c2d047da4cb9f793c9bcb905c689b0ada2108569428639f20eb107","data/international/six/db6-1311.idx":"824155526e1423c28dfc5a9e6ce803006fcdaabe5c5dcb72f52e4e0b29eb634a","data/international/six/db6-1320.000.chunk":"d37c461f883e519b95482bf38863e22c5cf71e3d4d26da2758aa06d8c5a69c1d","data/international/six/db6-1320.idx":"d9787b34307105c715e7b1f7cd463398386f5bdfa4d863fdee92af34b1dbf334","data/international/six/db6-1401.000.chunk":"45bb9b0339452bab7a464741003a168e43178944b286320b1eb70eb15458d17e","data/international/six/db6-1401.idx":"36c748d544a0d108e25f26a748f107ced6045229854dc0ec5cbabf39dccfd078","data/international/six/db6-1410.000.chunk":"6f3110cbbe9f88c12a01a7779b2034df76cc065e7767d153f17fd9d90efead51","data/international/six/db6-1410.idx":"f7a26d77bd12fb29b4d8492481e56c5c692a2c280062cc9518728882acd65890","data/international/six/db6-2121.000.chunk":"2b0d462e7d6f4e9188dec28fac5b91df1d93b655bd6f381e01dc7f82426dc742","data/international/six/db6-2121.001.chunk":"dd308ec8c23cb58e50f3be495b79934782cc3624036f88272a8526c87e6cd1f9","data/international/six/db6-2121.idx":"f3c643c2ac5d25da70b71339bc23d9c452e00244bd29562fd424b6a84ca3ad40","data/international/six/db6-2130.000.chunk":"320904de62832a1c6c9054c7650c61f10dd181da2e9b1b04aa86d2977656fde7","data/international/six/db6-2130.001.chunk":"a96061fbe9ec9d57d2edd5773fbd89145aafc7e5a5845c81bc58c5ecab63d2d6","data/international/six/db6-2130.idx":"9d6ed91ef56e08a1b98ee184839d9a880198c141aba47005a13587c572342a50","data/international/six/db6-2202.000.chunk":"43057f23a613a28f06bc9cd465b7ed44cf887dfe50e7001b7d1ef473cdbfd4b2","data/international/six/db6-2202.001.chunk":"585615fed0ec078a94e0ac32e3d52ac4d16b3eb7375663ff30d45e1293b3d44a","data/international/six/db6-2202.idx":"bae2e2b0a9709d4b46e397efdcdf322b2d461c492f221eb11f0638b2eb5951ec","data/international/six/db6-2211.000.chunk":"11dd5e990995f60597ec46e5f37a79429b072d11cf7353322dd95f7058c6d1ed","data/international/six/db6-2211.001.chunk":"8142e6725e68cefe12a42a8a8530a52182e9f44a2b85cb5ded48e445bc85bd7f","data/international/six/db6-2211.002.chunk":"c4d38e79e79b87802b26eded2a7c364946fea4d95450d35f10d7dcce343a8c69","data/international/six/db6-2211.003.chunk":"20b4af2d5329d20ebb3075c8cb31878935c15512cc2808546418879729f79402","data/international/six/db6-2211.004.chunk":"a4367099cfdacac510225de250b300e8fed1ba70d4438e14b311b7c796501089","data/international/six/db6-2211.005.chunk":"19b3a66dbf1497e2e455732a0f7ffb927c9e577f56c75419716439f524e9d514","data/international/six/db6-2211.006.chunk":"8bd6bc5bd76720a95a312bd8c6bae30701a6e99be19886e16126ca6abc3b2a7e","data/international/six/db6-2211.idx":"a525a93cfb7ccef53dce68366382a0c8764af216568b02b045edd8bd1230012a","data/international/six/db6-2220.000.chunk":"e1af2d5283389f43c81708a249e3c0b9968ed4aa322ac0bca48ca1ccc5d4dd7c","data/international/six/db6-2220.idx":"e3f4b23066c9f91d4a0f43984cbea7c01817d6a0e25c3705c7fb8327eb8a31a6","data/international/six/db6-2301.000.chunk":"0b6489a374a7680cb6697f2e78d0261558c15e5f6c629279b84f760cc5e2d4e4","data/international/six/db6-2301.idx":"fdcbc2bd251bf3b73822bd0e2b92cb8791deaa009bd2ab8730a25e3395ce7726","data/international/six/db6-2310.000.chunk":"13ae77b5d13ad94678dab0cfb4ca74f4db89190371eacc10bd92cadf10eb350f","data/international/six/db6-2310.idx":"1f8ece0f98423c4b9213ab41a2eec40fe32679fe71268bce240714d1b7896cda","data/international/six/db6-3030.000.chunk":"cecd125dd3e9f0e1fa8f42abd0d51c9b3f679839db56a60b50b380e764302569","data/international/six/db6-3030.idx":"c41521d134874aaa3151b4595373caf3a91afc0aea9e249c0d722612c0370a82","data/international/six/db6-3102.000.chunk":"c90c2e7384f00811e0445f566d7aa7243e861b65c71791df05f3679c1e6080c1","data/international/six/db6-3102.idx":"f0161e4b20319d077c04ae0e4607ac81a7b50315ea72ff456494b00072dac06d","data/international/six/db6-3111.000.chunk":"e62bab91ea59dbef862261975d320585d13f83fbaf709c7d686e0a085b594576","data/international/six/db6-3111.001.chunk":"49c653dccca0ad25d6c3e858f8dd55e540dfb48d6cee1dba749214d8d12b129b","data/international/six/db6-3111.002.chunk":"f3e3f75261fe41cc65d1ee5c3e4c391c5945e96c7635c091e384ed10d253043c","data/international/six/db6-3111.003.chunk":"5c6f451ee293fea2955580ac6717a2aeb991c58693c1f9a0aa5f7107c506d075","data/international/six/db6-3111.004.chunk":"53e58423b9d85e32bbb2eb3552df28124d5172ca983c214738558e7cf543234d","data/international/six/db6-3111.005.chunk":"6fa72cec7f0dcd4a79458b766c04f2fbbc3eeb1804f8ab8f1a3d546c1d0c04df","data/international/six/db6-3111.idx":"552cea6807e5de8bdaaa7430e48429d2876663c1c13bf8a80438ec3fc11222db","data/international/six/db6-3120.000.chunk":"4849d82cf6c7978ef034fc98ef90951d041b740fd79510c67f902a447061a5d2","data/international/six/db6-3120.idx":"b5243e519c0a2fb6f513062094758a95306e9144a48c7a555a79ed1887780c86","data/international/six/db6-3201.000.chunk":"8d899206c06202a55395530df8eab92bbd29b879e1310c0b704bdd26d1131772","data/international/six/db6-3201.idx":"f9b27e6e4cee762ed97a568b8f32673b1bfe5c22a64d0c5b47b7a18f39749958","data/international/six/db6-3210.000.chunk":"f829ad406b3b2b1f45e1ac30bc0e43440ce2b808025c27d3bfff2f704edeffb4","data/international/six/db6-3210.idx":"ab335ebeed4f38b97ad72512c77a84aa1a7a5b5d63f00278d205e9386b07c3be","data/international/six/db6-4002.000.chunk":"1f810fcb514771696b8b44d264a552607de2068b0595e165ee1b337f691d2530","data/international/six/db6-4002.idx":"7813f455b5b0225444c95e3424c3f30414373dae0cc6065d9b3e7bd07c304c67","data/international/six/db6-4011.000.chunk":"4e9176f2619ef1c62e5cbc5cb1e3ca7a0c45035148e4fb526eefc1266e1e7e38","data/international/six/db6-4011.idx":"84ad8d66b8560bdcf7a999b867381f36d93ee7724cf89d5abda8020ff9658e2d","data/international/six/db6-4020.000.chunk":"c1b0099c29929bd38f39e02b805bfa395e8b058bc73b3710bf6112efc2a56413","data/international/six/db6-4020.idx":"ed46094e80d77e4f27bdae4fe5678903eac0d72ff11bfbf0addf2d84205b7acd","data/international/six/db6-4101.000.chunk":"84e48039e29063ac53bb53f825c070190c6d424d91e41b3c6b8a5712d99dc07a","data/international/six/db6-4101.idx":"5b89058e3c8e2d225b5f80560b27f8001e42d648b410a616165747f2dc2f2a1b","data/international/six/db6-4110.000.chunk":"271c7e822c1a87b1a01c50a0705040d4e22f6f1a6850ba2baf547b09019a9e9c","data/international/six/db6-4110.idx":"99d0d61cfa656d9c84500f41892c66fbe9d24ebd96b873e63d8b3a3315a0fa78","data/international/six/db6-5001.000.chunk":"abb0af9db0c77accee65b836150e0eeed6c24d79d1c552ff21c9f1825e3846cf","data/international/six/db6-5001.idx":"3316a344e28cc3115daf8ed5d0dbf7f66dc57cafc39262172026d7efea6aab76","data/international/six/db6-5010.000.chunk":"b842fd58f936f742947a84e4587ba88fbc656ffa85371e2e75f57b79af612c5b","data/international/six/db6-5010.idx":"bd8c7a7853c0528d92799fbad5a1344a1ae4e7478598c9c82171afccef8cee41","data/international/six/manifest.json":"6532df5af4306b1b6b16723155b756faacef549bcc8292ccbf0e7663a707a28c","data/international/tunstall-v2.bin":"92fa921a410c270c3126811dc2d8af22e1691aedaaf0d020ee01adbe572d26a9","dist/corpus-pack.json":"6d570320bbb75d898f29cf6fe6c93faef556899cfa0be0a6a33e8cdd862b4cb9","dist/worker-american.mjs":"950c58445422dbd59898195a526ad4fc113d832dac49381fe49f2ea624b91175","dist/worker-international.mjs":"31d06dd836dd1567391b3c5051f8dc53a7904e833887b045be19354f70ae1ee2","LICENSE":"e65a07d64c485ec9ffc4f7af9bd03035e365d9cf6bd3f12151f94139ffa86421","manifest.json":"909e9ec620b946f1e5612e47f837ae4aa2701252bebf2f32d08af756a8514385","node_modules/zod/LICENSE":"3f1189b28e3866e0d979968d466b78f813f76827cfdca1fbb124cc0a5c8841f8","package-lock.json":"90e25862b9c85f01add8441dcfd1071b62d753ecdacb5bfeb1e830de52257c28","package.json":"d96d42f89bfa40bdb6ccf8f10adbec4cd59dff814e78d94bb136598b96631c66","scripts/browser-check.mjs":"ed17d67724ef0ea6af4142413b7b0130a6ee054d5653741ad6bd057b5c2443bb","scripts/browser-evidence-controls.mjs":"1355cbe8f4e12c0e8c76989abab0db6244436cbde77c893de833c329dd0fd38f","scripts/browser-evidence.mjs":"7c9a8c3c478f18535d42b49e48c815c59e82e8617de76560c473ee82a889586b","scripts/build.mjs":"37489e755e6ec672fd77b8b95a08afe50ce7e0c620554bccddb77ec46ec1f703","scripts/check.mjs":"d064d3b7b10d6186b0ecc7f3d9081d0c0936740c358ebc67ca98789be836ebc7","scripts/corpus-pack.mjs":"e5f4915f6bb14b3c6d437276091203557efff8df13caeee85970a45e38392cba","scripts/integrity.mjs":"a0049c52b21e0494a48e1b61012c1d8f3838e5fc939187e905f3a479d060d2f0","src/bot-worker.ts":"eba2ca17afbccf6bcf06c20eb8d2aa776a3157112c2ec3db922933a39c78d653","src/bots.ts":"450791148c7bb7c6c3d74dfa732917f51472c127abf2d32b9436376de3acc219","src/browser.ts":"1f2aeb8f075d4310e92b22c9e800ed0792822172da8adfc7b238e9b91f741d81","src/chinook-corpus.ts":"d38d8fc850c1d27d0e5d4b883bd87798278761a16ad5973dc78b3b3b867e08c8","src/chinook.ts":"97310193de9dda474899a027d3519bbd536db9ee2a6ca6530a7e218f7fe5f32a","src/core.ts":"516f8b970c8cd1298882b76b8e61552f74464ea4224207c304f436e2e3532c6b","src/draws.ts":"e256daaef8fb43b498e8adcb71a77451c55aa9b1c24fc0a44bc36ee613dda4d1","src/endgame.ts":"f9f6cea20233c09dbd4cc3cf1337300ecc0cd5b833674e94baa193d04db98821","src/international-corpus.ts":"356c00f5c25642a9393e73e16306f0e02bb31e10818e0cdcfd99e26534b84a8a","src/international-indexes.ts":"fb56f60992bbbb589bd4069d565672aba4f5a61227a5380a874e6001ee991625","src/international-search.ts":"67b4ba228bfbf4e122c65c3619a0d529be07a3e3423f1ad5c51227d5f99962ee","src/international-six-data.ts":"08566eb9e7c6d7b324ac3a26f72edf86f8b22634361ec052d099bdab88e851d6","src/international-six-indexes.ts":"641218fe08800d06c9ec0b592cbac46978cd0d64249cff4f32b32eff77797c99","src/international.ts":"832f0dc95b0d8ac14e61af29914796df3128856c1617dbd8c8c24d20319b21ce","src/moves.ts":"d4ea90d730fb1add4f3d8fb98401fb9030a3e1e5ab83eb209b4a7839bd0044e1","src/play.template.html":"2d0345f395daa04b5bbe7153b4045bd2b553d28f0deaeaa689ad4aedc559dcef","src/retrograde.ts":"62ac9082dd82914f4a39e29d448b2e2defb03d2292090a110d747545052eca03","src/schema.ts":"416cb6ea418a0c71eb31e4cf8452bb16fbf455d23bd338a0326a76c22e0670ee","src/types.ts":"079cd5dbb2e20329bf386c3f506c3009534d2afce98804a1a999a239fe1cb16a","THIRD-PARTY-LICENSES.txt":"872acef306116e979ae43e6f20df09f3b040019ebbbcb2070d229f0ab5fe52f6","tsconfig.json":"fcc94a699ca26c01b4f9c4422dd4e5ab6811420993f5af01d9c6659549cd257c"},"command":"node scripts/browser-check.mjs","htmlPath":"/home/runner/work/partybox-game-cores/partybox-game-cores/jobs/G10-checkers/.work/play.html","htmlBytes":1390846291,"loadTimeoutMs":300000,"sourceSha256":"b4f5267561bd95d68455ea5a83b936692b246d1a8ed936199c820e430a2da3eb","profiles":[{"name":"desktop","width":1920,"height":1080,"throttle":1,"loadMs":8478.170223000001,"checks":15,"frameResults":[{"variant":"american","frames":600,"meanFps":60.00219608037656,"p99Ms":16.80000000000291},{"variant":"international","frames":600,"meanFps":60.00240009600385,"p99Ms":16.80000000000291}],"pageErrorCount":0,"httpRequestCount":0,"pageErrors":[],"httpRequests":[]},{"name":"phone","width":390,"height":844,"throttle":4,"loadMs":38614.252456,"checks":15,"frameResults":[{"variant":"american","frames":600,"meanFps":59.90294524810902,"p99Ms":16.80000000000291},{"variant":"international","frames":600,"meanFps":60.00298814880985,"p99Ms":16.80000000000291}],"pageErrorCount":0,"httpRequestCount":0,"pageErrors":[],"httpRequests":[]}],"capture":false,"functionalOnly":false,"frameVariants":["american","international"],"sourceGuardsAfter":{"../../contract/constants.ts":"27cdd23112ea03f344457e6f6e6b5839ff536ebeadbba189751520353aa085ef","../../contract/contract.ts":"c0f999c153074769c99c67ab2a71ad66c879e45e834713f3367b2bde4a1873d5","../../contract/minigame-schema.ts":"2438655eeb8ca658543b475070e6fb3ccb3947f154f57caa3f619c87853c9bbb","../../contract/package.json":"ec1418bc79e3563ed63d2aebfbb0cb039529f6dc1ac0e8e6d61f790cb065f495","../../contract/player-count-schema.ts":"0748d9d9bcf795d0693c37a0f369b262fd8801dec9ab1e4a9a4f5ec23751a189","../../contract/rng.ts":"7cfcf3024723607e8dd1ce6ccc5683a48d71fcc617947304cc5b9f6d3d7842fe","data/chinook/DB6.bin":"baee42a2b49390edd96e5a751189366275619c941d79021f3ca45774c3e7071f","data/chinook/DB6.idx":"10cb5cfc2a8c67e18c322563c17ceef0adeac87786a16c767c4616e9a574f4fd","data/chinook/LICENSE.txt":"8ed5c1393322801ac395d3e6c9d8e8f4b18bcca9e41f7b8cdf312f33be242a2d","data/chinook/manifest.json":"90f1970372040946f299660c33ded627fe574c7fa2d52be168e7b16c391d55d0","data/endgames.json":"edb5d87a27caa83945e2a5587418fa6f246fb30dd3823652871a598272e0075d","data/international/BOOST-LICENSE.txt":"c9bff75738922193e67fa726fa225535870d2aa1059f91452c411736284ad566","data/international/db2.bin":"305a1e7eabb4bab13577774009592e1614ddf8a4efe334d6fe3cb8221000b4ed","data/international/db2.idx":"9622e861c67ea250396b384bb95fec00fd541964c3109bdc1b27ae7aae1f73f2","data/international/db3.bin":"9dd9170657b11b5e18e0a2d54b6475d9cfd2cf821c6f9e4e9ba78bdf130e10aa","data/international/db3.idx":"84862531a87da451037c3c1087b5c082c293ff508ffb447adbc8b7e020fa7aaa","data/international/db4.bin":"14e5a8fa159c33a2d7ca01538ca4cd088222c2f204a6b6ef174ffcebd28c72aa","data/international/db4.idx":"4514098c3a0fe91fb98ea1950eb53558f94017ed4c6553d10f117c94348e393e","data/international/db5.bin":"b3e65f71d2c801a68fe8928f62e32c40266f7d8ae4e5ab99b643805b1ace2e02","data/international/db5.idx":"4a94297121f50feca73beaea7ab10622942194d2b5c098d1c30c5cbe5b78715a","data/international/LICENSE.md":"34055034c8caa4d7637c91adc11f28229cea6a097c9b9d2610318cb66e1ef6cc","data/international/manifest.json":"6cc33b38df4f1f2b1ea79fa7fcbe11972976986828e7adee28934b4ad3921a04","data/international/six/db6-0303.000.chunk":"75d63f54a4aefbb6a29871ac2c96fe8064239630c141c79298c99ede5af7bfae","data/international/six/db6-0303.idx":"9f6e7dddd055eb1234cc79750e749c9b2ef49bdf410d7761a0a27f76dc606b04","data/international/six/db6-0312.000.chunk":"a65ac7e0daf00efcb905cec95900ce8fe7c7afda3d242a693a229b2584fcdd89","data/international/six/db6-0312.idx":"9df486596addc03a3454c242a25198c35f0a371dbd0055ca1ad777bff28bc43a","data/international/six/db6-0321.000.chunk":"4f4af0182c39c3646128b9e17d2b283196e8cb4441452b4a01e9c2532e4b6b53","data/international/six/db6-0321.001.chunk":"b8d62083255a57d82395b04eddf6cf735700f3ead646b526fc9882bace3a0e40","data/international/six/db6-0321.idx":"af4c2df56553f4386223b11ad75e7ad4f5c26625be854d52b1e6f8760d8c3bee","data/international/six/db6-0330.000.chunk":"de1dfc76776fe69bf25a7e64b4f1800c17b196f7e9cf2258cb792f51d17fd5c1","data/international/six/db6-0330.idx":"ce6bba6b659d289f3823a0221a5927fe0cbdf313af052cadfbfe0259791590ca","data/international/six/db6-0402.000.chunk":"9508c060e20d0f01da854b4cd4e018f634241b5abb90e73ece71bd4ca69c2517","data/international/six/db6-0402.idx":"096c6e3b12ecf960f7012878baec51d00f1cafda9880d2b29128b21cb3821485","data/international/six/db6-0411.000.chunk":"d3a9300cbe73b288d4d897d20434b6f4373166f58cc69328043a835efbf03247","data/international/six/db6-0411.idx":"1c92044e7b38d59c1485a0b064ed22e5b685346a0d62ac8fce74c3d6d5130cf0","data/international/six/db6-0420.000.chunk":"26162642d1c3439d6e3abcef8c1a210857b371607d82a1714cb99a47ad803a6e","data/international/six/db6-0420.idx":"4d47ac027225d63cf773a0f5fe9258c5e5f3b3670b04de677bc0a10399e3a56d","data/international/six/db6-0501.000.chunk":"82881a78d8a5052037911bc0e1d33231fd1dce64f283fd5f53bb297c26e60221","data/international/six/db6-0501.idx":"d29f8d532adce5f2ba9befd66ae47413b3e91e0666b891c1f08b8b0c7eb4ea10","data/international/six/db6-0510.000.chunk":"28f286c57a29bac59c095d9efdbd2cd87ee648416a0d4e85099bd8c192bc8383","data/international/six/db6-0510.idx":"356a04a2d92ce1c614671b5e246d4c74215c55728480d79d24065252b1e3689a","data/international/six/db6-1212.000.chunk":"5f8cc263773a36546efb0af5e5f6e4bdb4bbd497a50bf00e477aec30e478923f","data/international/six/db6-1212.001.chunk":"578a53681f654ca3463c205428c02a2812751af0fc83aabb26912573bfeabf79","data/international/six/db6-1212.idx":"62c58abb6f24f8280d0f2b0d99cf2e78c85e4a8b8a37da142fdafce33911db7a","data/international/six/db6-1221.000.chunk":"acc65c6b904a669302b3f1dacf917f44852baa3febb2d33379ecdb9153dfd898","data/international/six/db6-1221.001.chunk":"44b31af46ccd5df50c10eea39107f33244be8d98ea39300c2ef739173573f775","data/international/six/db6-1221.002.chunk":"471ec101d7053b0029059f4ce617ffb88512a7d08d86f2be7e170abc29e8c2e9","data/international/six/db6-1221.003.chunk":"67460687baa048e40deaf19e4168f3fd644a9ffaad0475a02a7c65462a249738","data/international/six/db6-1221.idx":"893f2a20b42eb9b6a437b2a4c79635190b1b7d8303d67c2c6048ad762b654072","data/international/six/db6-1230.000.chunk":"45e595ea9c3279d783cf4632762912554f98103bb24fd3712ea5cd371ae077c6","data/international/six/db6-1230.001.chunk":"86282c8af312b2ee4e8a8c36a228ccd72b5a81ae7bd9e03ed86e63c92ba386cb","data/international/six/db6-1230.idx":"56f9a806af26475371ea04d7230e2316e6ce8206ea14fe28628b646ac5415d37","data/international/six/db6-1302.000.chunk":"a0bde8399fecc594fe8ad84b953018c2fd3796805de67f5361982b244027413f","data/international/six/db6-1302.001.chunk":"7398a50ae97329727420dca59b959f28ed295dbdd59e6dd54fb54d88554decfa","data/international/six/db6-1302.idx":"fc695c254e053157a79dfd22c287fcde716e887ba4a0e5765cc27be221efd7ab","data/international/six/db6-1311.000.chunk":"eac5625451bccbdee80bb5d98c1ae8b7d9dc7bcd218240d543e04ec76d692a36","data/international/six/db6-1311.001.chunk":"cc9e1d6f56f80b7f6fe73d30a878bd2c7e9be3cea795d0c64e2847976e57d88b","data/international/six/db6-1311.002.chunk":"33eb6b6262f6d2b248c2772ab41277231e227a0024007db766ae48edc31e7c6a","data/international/six/db6-1311.003.chunk":"d59c08b053c2d047da4cb9f793c9bcb905c689b0ada2108569428639f20eb107","data/international/six/db6-1311.idx":"824155526e1423c28dfc5a9e6ce803006fcdaabe5c5dcb72f52e4e0b29eb634a","data/international/six/db6-1320.000.chunk":"d37c461f883e519b95482bf38863e22c5cf71e3d4d26da2758aa06d8c5a69c1d","data/international/six/db6-1320.idx":"d9787b34307105c715e7b1f7cd463398386f5bdfa4d863fdee92af34b1dbf334","data/international/six/db6-1401.000.chunk":"45bb9b0339452bab7a464741003a168e43178944b286320b1eb70eb15458d17e","data/international/six/db6-1401.idx":"36c748d544a0d108e25f26a748f107ced6045229854dc0ec5cbabf39dccfd078","data/international/six/db6-1410.000.chunk":"6f3110cbbe9f88c12a01a7779b2034df76cc065e7767d153f17fd9d90efead51","data/international/six/db6-1410.idx":"f7a26d77bd12fb29b4d8492481e56c5c692a2c280062cc9518728882acd65890","data/international/six/db6-2121.000.chunk":"2b0d462e7d6f4e9188dec28fac5b91df1d93b655bd6f381e01dc7f82426dc742","data/international/six/db6-2121.001.chunk":"dd308ec8c23cb58e50f3be495b79934782cc3624036f88272a8526c87e6cd1f9","data/international/six/db6-2121.idx":"f3c643c2ac5d25da70b71339bc23d9c452e00244bd29562fd424b6a84ca3ad40","data/international/six/db6-2130.000.chunk":"320904de62832a1c6c9054c7650c61f10dd181da2e9b1b04aa86d2977656fde7","data/international/six/db6-2130.001.chunk":"a96061fbe9ec9d57d2edd5773fbd89145aafc7e5a5845c81bc58c5ecab63d2d6","data/international/six/db6-2130.idx":"9d6ed91ef56e08a1b98ee184839d9a880198c141aba47005a13587c572342a50","data/international/six/db6-2202.000.chunk":"43057f23a613a28f06bc9cd465b7ed44cf887dfe50e7001b7d1ef473cdbfd4b2","data/international/six/db6-2202.001.chunk":"585615fed0ec078a94e0ac32e3d52ac4d16b3eb7375663ff30d45e1293b3d44a","data/international/six/db6-2202.idx":"bae2e2b0a9709d4b46e397efdcdf322b2d461c492f221eb11f0638b2eb5951ec","data/international/six/db6-2211.000.chunk":"11dd5e990995f60597ec46e5f37a79429b072d11cf7353322dd95f7058c6d1ed","data/international/six/db6-2211.001.chunk":"8142e6725e68cefe12a42a8a8530a52182e9f44a2b85cb5ded48e445bc85bd7f","data/international/six/db6-2211.002.chunk":"c4d38e79e79b87802b26eded2a7c364946fea4d95450d35f10d7dcce343a8c69","data/international/six/db6-2211.003.chunk":"20b4af2d5329d20ebb3075c8cb31878935c15512cc2808546418879729f79402","data/international/six/db6-2211.004.chunk":"a4367099cfdacac510225de250b300e8fed1ba70d4438e14b311b7c796501089","data/international/six/db6-2211.005.chunk":"19b3a66dbf1497e2e455732a0f7ffb927c9e577f56c75419716439f524e9d514","data/international/six/db6-2211.006.chunk":"8bd6bc5bd76720a95a312bd8c6bae30701a6e99be19886e16126ca6abc3b2a7e","data/international/six/db6-2211.idx":"a525a93cfb7ccef53dce68366382a0c8764af216568b02b045edd8bd1230012a","data/international/six/db6-2220.000.chunk":"e1af2d5283389f43c81708a249e3c0b9968ed4aa322ac0bca48ca1ccc5d4dd7c","data/international/six/db6-2220.idx":"e3f4b23066c9f91d4a0f43984cbea7c01817d6a0e25c3705c7fb8327eb8a31a6","data/international/six/db6-2301.000.chunk":"0b6489a374a7680cb6697f2e78d0261558c15e5f6c629279b84f760cc5e2d4e4","data/international/six/db6-2301.idx":"fdcbc2bd251bf3b73822bd0e2b92cb8791deaa009bd2ab8730a25e3395ce7726","data/international/six/db6-2310.000.chunk":"13ae77b5d13ad94678dab0cfb4ca74f4db89190371eacc10bd92cadf10eb350f","data/international/six/db6-2310.idx":"1f8ece0f98423c4b9213ab41a2eec40fe32679fe71268bce240714d1b7896cda","data/international/six/db6-3030.000.chunk":"cecd125dd3e9f0e1fa8f42abd0d51c9b3f679839db56a60b50b380e764302569","data/international/six/db6-3030.idx":"c41521d134874aaa3151b4595373caf3a91afc0aea9e249c0d722612c0370a82","data/international/six/db6-3102.000.chunk":"c90c2e7384f00811e0445f566d7aa7243e861b65c71791df05f3679c1e6080c1","data/international/six/db6-3102.idx":"f0161e4b20319d077c04ae0e4607ac81a7b50315ea72ff456494b00072dac06d","data/international/six/db6-3111.000.chunk":"e62bab91ea59dbef862261975d320585d13f83fbaf709c7d686e0a085b594576","data/international/six/db6-3111.001.chunk":"49c653dccca0ad25d6c3e858f8dd55e540dfb48d6cee1dba749214d8d12b129b","data/international/six/db6-3111.002.chunk":"f3e3f75261fe41cc65d1ee5c3e4c391c5945e96c7635c091e384ed10d253043c","data/international/six/db6-3111.003.chunk":"5c6f451ee293fea2955580ac6717a2aeb991c58693c1f9a0aa5f7107c506d075","data/international/six/db6-3111.004.chunk":"53e58423b9d85e32bbb2eb3552df28124d5172ca983c214738558e7cf543234d","data/international/six/db6-3111.005.chunk":"6fa72cec7f0dcd4a79458b766c04f2fbbc3eeb1804f8ab8f1a3d546c1d0c04df","data/international/six/db6-3111.idx":"552cea6807e5de8bdaaa7430e48429d2876663c1c13bf8a80438ec3fc11222db","data/international/six/db6-3120.000.chunk":"4849d82cf6c7978ef034fc98ef90951d041b740fd79510c67f902a447061a5d2","data/international/six/db6-3120.idx":"b5243e519c0a2fb6f513062094758a95306e9144a48c7a555a79ed1887780c86","data/international/six/db6-3201.000.chunk":"8d899206c06202a55395530df8eab92bbd29b879e1310c0b704bdd26d1131772","data/international/six/db6-3201.idx":"f9b27e6e4cee762ed97a568b8f32673b1bfe5c22a64d0c5b47b7a18f39749958","data/international/six/db6-3210.000.chunk":"f829ad406b3b2b1f45e1ac30bc0e43440ce2b808025c27d3bfff2f704edeffb4","data/international/six/db6-3210.idx":"ab335ebeed4f38b97ad72512c77a84aa1a7a5b5d63f00278d205e9386b07c3be","data/international/six/db6-4002.000.chunk":"1f810fcb514771696b8b44d264a552607de2068b0595e165ee1b337f691d2530","data/international/six/db6-4002.idx":"7813f455b5b0225444c95e3424c3f30414373dae0cc6065d9b3e7bd07c304c67","data/international/six/db6-4011.000.chunk":"4e9176f2619ef1c62e5cbc5cb1e3ca7a0c45035148e4fb526eefc1266e1e7e38","data/international/six/db6-4011.idx":"84ad8d66b8560bdcf7a999b867381f36d93ee7724cf89d5abda8020ff9658e2d","data/international/six/db6-4020.000.chunk":"c1b0099c29929bd38f39e02b805bfa395e8b058bc73b3710bf6112efc2a56413","data/international/six/db6-4020.idx":"ed46094e80d77e4f27bdae4fe5678903eac0d72ff11bfbf0addf2d84205b7acd","data/international/six/db6-4101.000.chunk":"84e48039e29063ac53bb53f825c070190c6d424d91e41b3c6b8a5712d99dc07a","data/international/six/db6-4101.idx":"5b89058e3c8e2d225b5f80560b27f8001e42d648b410a616165747f2dc2f2a1b","data/international/six/db6-4110.000.chunk":"271c7e822c1a87b1a01c50a0705040d4e22f6f1a6850ba2baf547b09019a9e9c","data/international/six/db6-4110.idx":"99d0d61cfa656d9c84500f41892c66fbe9d24ebd96b873e63d8b3a3315a0fa78","data/international/six/db6-5001.000.chunk":"abb0af9db0c77accee65b836150e0eeed6c24d79d1c552ff21c9f1825e3846cf","data/international/six/db6-5001.idx":"3316a344e28cc3115daf8ed5d0dbf7f66dc57cafc39262172026d7efea6aab76","data/international/six/db6-5010.000.chunk":"b842fd58f936f742947a84e4587ba88fbc656ffa85371e2e75f57b79af612c5b","data/international/six/db6-5010.idx":"bd8c7a7853c0528d92799fbad5a1344a1ae4e7478598c9c82171afccef8cee41","data/international/six/manifest.json":"6532df5af4306b1b6b16723155b756faacef549bcc8292ccbf0e7663a707a28c","data/international/tunstall-v2.bin":"92fa921a410c270c3126811dc2d8af22e1691aedaaf0d020ee01adbe572d26a9","dist/corpus-pack.json":"6d570320bbb75d898f29cf6fe6c93faef556899cfa0be0a6a33e8cdd862b4cb9","dist/worker-american.mjs":"950c58445422dbd59898195a526ad4fc113d832dac49381fe49f2ea624b91175","dist/worker-international.mjs":"31d06dd836dd1567391b3c5051f8dc53a7904e833887b045be19354f70ae1ee2","LICENSE":"e65a07d64c485ec9ffc4f7af9bd03035e365d9cf6bd3f12151f94139ffa86421","manifest.json":"909e9ec620b946f1e5612e47f837ae4aa2701252bebf2f32d08af756a8514385","node_modules/zod/LICENSE":"3f1189b28e3866e0d979968d466b78f813f76827cfdca1fbb124cc0a5c8841f8","package-lock.json":"90e25862b9c85f01add8441dcfd1071b62d753ecdacb5bfeb1e830de52257c28","package.json":"d96d42f89bfa40bdb6ccf8f10adbec4cd59dff814e78d94bb136598b96631c66","scripts/browser-check.mjs":"ed17d67724ef0ea6af4142413b7b0130a6ee054d5653741ad6bd057b5c2443bb","scripts/browser-evidence-controls.mjs":"1355cbe8f4e12c0e8c76989abab0db6244436cbde77c893de833c329dd0fd38f","scripts/browser-evidence.mjs":"7c9a8c3c478f18535d42b49e48c815c59e82e8617de76560c473ee82a889586b","scripts/build.mjs":"37489e755e6ec672fd77b8b95a08afe50ce7e0c620554bccddb77ec46ec1f703","scripts/check.mjs":"d064d3b7b10d6186b0ecc7f3d9081d0c0936740c358ebc67ca98789be836ebc7","scripts/corpus-pack.mjs":"e5f4915f6bb14b3c6d437276091203557efff8df13caeee85970a45e38392cba","scripts/integrity.mjs":"a0049c52b21e0494a48e1b61012c1d8f3838e5fc939187e905f3a479d060d2f0","src/bot-worker.ts":"eba2ca17afbccf6bcf06c20eb8d2aa776a3157112c2ec3db922933a39c78d653","src/bots.ts":"450791148c7bb7c6c3d74dfa732917f51472c127abf2d32b9436376de3acc219","src/browser.ts":"1f2aeb8f075d4310e92b22c9e800ed0792822172da8adfc7b238e9b91f741d81","src/chinook-corpus.ts":"d38d8fc850c1d27d0e5d4b883bd87798278761a16ad5973dc78b3b3b867e08c8","src/chinook.ts":"97310193de9dda474899a027d3519bbd536db9ee2a6ca6530a7e218f7fe5f32a","src/core.ts":"516f8b970c8cd1298882b76b8e61552f74464ea4224207c304f436e2e3532c6b","src/draws.ts":"e256daaef8fb43b498e8adcb71a77451c55aa9b1c24fc0a44bc36ee613dda4d1","src/endgame.ts":"f9f6cea20233c09dbd4cc3cf1337300ecc0cd5b833674e94baa193d04db98821","src/international-corpus.ts":"356c00f5c25642a9393e73e16306f0e02bb31e10818e0cdcfd99e26534b84a8a","src/international-indexes.ts":"fb56f60992bbbb589bd4069d565672aba4f5a61227a5380a874e6001ee991625","src/international-search.ts":"67b4ba228bfbf4e122c65c3619a0d529be07a3e3423f1ad5c51227d5f99962ee","src/international-six-data.ts":"08566eb9e7c6d7b324ac3a26f72edf86f8b22634361ec052d099bdab88e851d6","src/international-six-indexes.ts":"641218fe08800d06c9ec0b592cbac46978cd0d64249cff4f32b32eff77797c99","src/international.ts":"832f0dc95b0d8ac14e61af29914796df3128856c1617dbd8c8c24d20319b21ce","src/moves.ts":"d4ea90d730fb1add4f3d8fb98401fb9030a3e1e5ab83eb209b4a7839bd0044e1","src/play.template.html":"2d0345f395daa04b5bbe7153b4045bd2b553d28f0deaeaa689ad4aedc559dcef","src/retrograde.ts":"62ac9082dd82914f4a39e29d448b2e2defb03d2292090a110d747545052eca03","src/schema.ts":"416cb6ea418a0c71eb31e4cf8452bb16fbf455d23bd338a0326a76c22e0670ee","src/types.ts":"079cd5dbb2e20329bf386c3f506c3009534d2afce98804a1a999a239fe1cb16a","THIRD-PARTY-LICENSES.txt":"872acef306116e979ae43e6f20df09f3b040019ebbbcb2070d229f0ab5fe52f6","tsconfig.json":"fcc94a699ca26c01b4f9c4422dd4e5ab6811420993f5af01d9c6659549cd257c"},"sourceSha256After":"b4f5267561bd95d68455ea5a83b936692b246d1a8ed936199c820e430a2da3eb","htmlBytesAfter":1390846291,"checks":[{"profile":"desktop","name":"disk load, no external assets and reduced motion","pass":true},{"profile":"desktop","name":"American standard board and complete hot-seat turn","pass":true},{"profile":"desktop","name":"multi-jump draft leaves the actual position unchanged","pass":true},{"profile":"desktop","name":"American crown ends the capture turn","pass":true},{"profile":"desktop","name":"International full maximum capture and promotion","pass":true},{"profile":"desktop","name":"International crown transit stays a man","pass":true},{"profile":"desktop","name":"pause/resume and optional exact deadline forfeit","pass":true},{"profile":"desktop","name":"winner/results and explicit next table","pass":true},{"profile":"desktop","name":"manual Strong move uses local full-corpus worker and preserves legal core choice","pass":true},{"profile":"desktop","name":"International actual2–5 corpus worker prepares offline and preserves pending input","pass":true},{"profile":"desktop","name":"International actual six-piece Strong worker reads original local blocks","pass":true},{"profile":"desktop","name":"consecutive bot turns reuse the prepared worker and pause cancels it","pass":true},{"profile":"desktop","name":"pause cancels worker before it can apply an old move","pass":true},{"profile":"desktop","name":"names remain text and hostile original IDs have finite public results","pass":true},{"profile":"desktop","name":"viewport fits both boards and all controls","pass":true},{"profile":"phone","name":"disk load, no external assets and reduced motion","pass":true},{"profile":"phone","name":"American standard board and complete hot-seat turn","pass":true},{"profile":"phone","name":"multi-jump draft leaves the actual position unchanged","pass":true},{"profile":"phone","name":"American crown ends the capture turn","pass":true},{"profile":"phone","name":"International full maximum capture and promotion","pass":true},{"profile":"phone","name":"International crown transit stays a man","pass":true},{"profile":"phone","name":"pause/resume and optional exact deadline forfeit","pass":true},{"profile":"phone","name":"winner/results and explicit next table","pass":true},{"profile":"phone","name":"manual Strong move uses local full-corpus worker and preserves legal core choice","pass":true},{"profile":"phone","name":"International actual2–5 corpus worker prepares offline and preserves pending input","pass":true},{"profile":"phone","name":"International actual six-piece Strong worker reads original local blocks","pass":true},{"profile":"phone","name":"consecutive bot turns reuse the prepared worker and pause cancels it","pass":true},{"profile":"phone","name":"pause cancels worker before it can apply an old move","pass":true},{"profile":"phone","name":"names remain text and hostile original IDs have finite public results","pass":true},{"profile":"phone","name":"viewport fits both boards and all controls","pass":true}],"totalChecks":30}
2026-10-09T03:55:56.8522124Z {"evidenceVersion":1,"runId":"269eb69a-5efe-4117-828a-b2cd0fc88618","sourceGuardsBefore":{"../../contract/constants.ts":"27cdd23112ea03f344457e6f6e6b5839ff536ebeadbba189751520353aa085ef","../../contract/contract.ts":"c0f999c153074769c99c67ab2a71ad66c879e45e834713f3367b2bde4a1873d5","../../contract/minigame-schema.ts":"2438655eeb8ca658543b475070e6fb3ccb3947f154f57caa3f619c87853c9bbb","../../contract/package.json":"ec1418bc79e3563ed63d2aebfbb0cb039529f6dc1ac0e8e6d61f790cb065f495","../../contract/player-count-schema.ts":"0748d9d9bcf795d0693c37a0f369b262fd8801dec9ab1e4a9a4f5ec23751a189","../../contract/rng.ts":"7cfcf3024723607e8dd1ce6ccc5683a48d71fcc617947304cc5b9f6d3d7842fe","data/chinook/DB6.bin":"baee42a2b49390edd96e5a751189366275619c941d79021f3ca45774c3e7071f","data/chinook/DB6.idx":"10cb5cfc2a8c67e18c322563c17ceef0adeac87786a16c767c4616e9a574f4fd","data/chinook/LICENSE.txt":"8ed5c1393322801ac395d3e6c9d8e8f4b18bcca9e41f7b8cdf312f33be242a2d","data/chinook/manifest.json":"90f1970372040946f299660c33ded627fe574c7fa2d52be168e7b16c391d55d0","data/endgames.json":"edb5d87a27caa83945e2a5587418fa6f246fb30dd3823652871a598272e0075d","data/international/BOOST-LICENSE.txt":"c9bff75738922193e67fa726fa225535870d2aa1059f91452c411736284ad566","data/international/db2.bin":"305a1e7eabb4bab13577774009592e1614ddf8a4efe334d6fe3cb8221000b4ed","data/international/db2.idx":"9622e861c67ea250396b384bb95fec00fd541964c3109bdc1b27ae7aae1f73f2","data/international/db3.bin":"9dd9170657b11b5e18e0a2d54b6475d9cfd2cf821c6f9e4e9ba78bdf130e10aa","data/international/db3.idx":"84862531a87da451037c3c1087b5c082c293ff508ffb447adbc8b7e020fa7aaa","data/international/db4.bin":"14e5a8fa159c33a2d7ca01538ca4cd088222c2f204a6b6ef174ffcebd28c72aa","data/international/db4.idx":"4514098c3a0fe91fb98ea1950eb53558f94017ed4c6553d10f117c94348e393e","data/international/db5.bin":"b3e65f71d2c801a68fe8928f62e32c40266f7d8ae4e5ab99b643805b1ace2e02","data/international/db5.idx":"4a94297121f50feca73beaea7ab10622942194d2b5c098d1c30c5cbe5b78715a","data/international/LICENSE.md":"34055034c8caa4d7637c91adc11f28229cea6a097c9b9d2610318cb66e1ef6cc","data/international/manifest.json":"6cc33b38df4f1f2b1ea79fa7fcbe11972976986828e7adee28934b4ad3921a04","data/international/six/db6-0303.000.chunk":"75d63f54a4aefbb6a29871ac2c96fe8064239630c141c79298c99ede5af7bfae","data/international/six/db6-0303.idx":"9f6e7dddd055eb1234cc79750e749c9b2ef49bdf410d7761a0a27f76dc606b04","data/international/six/db6-0312.000.chunk":"a65ac7e0daf00efcb905cec95900ce8fe7c7afda3d242a693a229b2584fcdd89","data/international/six/db6-0312.idx":"9df486596addc03a3454c242a25198c35f0a371dbd0055ca1ad777bff28bc43a","data/international/six/db6-0321.000.chunk":"4f4af0182c39c3646128b9e17d2b283196e8cb4441452b4a01e9c2532e4b6b53","data/international/six/db6-0321.001.chunk":"b8d62083255a57d82395b04eddf6cf735700f3ead646b526fc9882bace3a0e40","data/international/six/db6-0321.idx":"af4c2df56553f4386223b11ad75e7ad4f5c26625be854d52b1e6f8760d8c3bee","data/international/six/db6-0330.000.chunk":"de1dfc76776fe69bf25a7e64b4f1800c17b196f7e9cf2258cb792f51d17fd5c1","data/international/six/db6-0330.idx":"ce6bba6b659d289f3823a0221a5927fe0cbdf313af052cadfbfe0259791590ca","data/international/six/db6-0402.000.chunk":"9508c060e20d0f01da854b4cd4e018f634241b5abb90e73ece71bd4ca69c2517","data/international/six/db6-0402.idx":"096c6e3b12ecf960f7012878baec51d00f1cafda9880d2b29128b21cb3821485","data/international/six/db6-0411.000.chunk":"d3a9300cbe73b288d4d897d20434b6f4373166f58cc69328043a835efbf03247","data/international/six/db6-0411.idx":"1c92044e7b38d59c1485a0b064ed22e5b685346a0d62ac8fce74c3d6d5130cf0","data/international/six/db6-0420.000.chunk":"26162642d1c3439d6e3abcef8c1a210857b371607d82a1714cb99a47ad803a6e","data/international/six/db6-0420.idx":"4d47ac027225d63cf773a0f5fe9258c5e5f3b3670b04de677bc0a10399e3a56d","data/international/six/db6-0501.000.chunk":"82881a78d8a5052037911bc0e1d33231fd1dce64f283fd5f53bb297c26e60221","data/international/six/db6-0501.idx":"d29f8d532adce5f2ba9befd66ae47413b3e91e0666b891c1f08b8b0c7eb4ea10","data/international/six/db6-0510.000.chunk":"28f286c57a29bac59c095d9efdbd2cd87ee648416a0d4e85099bd8c192bc8383","data/international/six/db6-0510.idx":"356a04a2d92ce1c614671b5e246d4c74215c55728480d79d24065252b1e3689a","data/international/six/db6-1212.000.chunk":"5f8cc263773a36546efb0af5e5f6e4bdb4bbd497a50bf00e477aec30e478923f","data/international/six/db6-1212.001.chunk":"578a53681f654ca3463c205428c02a2812751af0fc83aabb26912573bfeabf79","data/international/six/db6-1212.idx":"62c58abb6f24f8280d0f2b0d99cf2e78c85e4a8b8a37da142fdafce33911db7a","data/international/six/db6-1221.000.chunk":"acc65c6b904a669302b3f1dacf917f44852baa3febb2d33379ecdb9153dfd898","data/international/six/db6-1221.001.chunk":"44b31af46ccd5df50c10eea39107f33244be8d98ea39300c2ef739173573f775","data/international/six/db6-1221.002.chunk":"471ec101d7053b0029059f4ce617ffb88512a7d08d86f2be7e170abc29e8c2e9","data/international/six/db6-1221.003.chunk":"67460687baa048e40deaf19e4168f3fd644a9ffaad0475a02a7c65462a249738","data/international/six/db6-1221.idx":"893f2a20b42eb9b6a437b2a4c79635190b1b7d8303d67c2c6048ad762b654072","data/international/six/db6-1230.000.chunk":"45e595ea9c3279d783cf4632762912554f98103bb24fd3712ea5cd371ae077c6","data/international/six/db6-1230.001.chunk":"86282c8af312b2ee4e8a8c36a228ccd72b5a81ae7bd9e03ed86e63c92ba386cb","data/international/six/db6-1230.idx":"56f9a806af26475371ea04d7230e2316e6ce8206ea14fe28628b646ac5415d37","data/international/six/db6-1302.000.chunk":"a0bde8399fecc594fe8ad84b953018c2fd3796805de67f5361982b244027413f","data/international/six/db6-1302.001.chunk":"7398a50ae97329727420dca59b959f28ed295dbdd59e6dd54fb54d88554decfa","data/international/six/db6-1302.idx":"fc695c254e053157a79dfd22c287fcde716e887ba4a0e5765cc27be221efd7ab","data/international/six/db6-1311.000.chunk":"eac5625451bccbdee80bb5d98c1ae8b7d9dc7bcd218240d543e04ec76d692a36","data/international/six/db6-1311.001.chunk":"cc9e1d6f56f80b7f6fe73d30a878bd2c7e9be3cea795d0c64e2847976e57d88b","data/international/six/db6-1311.002.chunk":"33eb6b6262f6d2b248c2772ab41277231e227a0024007db766ae48edc31e7c6a","data/international/six/db6-1311.003.chunk":"d59c08b053c2d047da4cb9f793c9bcb905c689b0ada2108569428639f20eb107","data/international/six/db6-1311.idx":"824155526e1423c28dfc5a9e6ce803006fcdaabe5c5dcb72f52e4e0b29eb634a","data/international/six/db6-1320.000.chunk":"d37c461f883e519b95482bf38863e22c5cf71e3d4d26da2758aa06d8c5a69c1d","data/international/six/db6-1320.idx":"d9787b34307105c715e7b1f7cd463398386f5bdfa4d863fdee92af34b1dbf334","data/international/six/db6-1401.000.chunk":"45bb9b0339452bab7a464741003a168e43178944b286320b1eb70eb15458d17e","data/international/six/db6-1401.idx":"36c748d544a0d108e25f26a748f107ced6045229854dc0ec5cbabf39dccfd078","data/international/six/db6-1410.000.chunk":"6f3110cbbe9f88c12a01a7779b2034df76cc065e7767d153f17fd9d90efead51","data/international/six/db6-1410.idx":"f7a26d77bd12fb29b4d8492481e56c5c692a2c280062cc9518728882acd65890","data/international/six/db6-2121.000.chunk":"2b0d462e7d6f4e9188dec28fac5b91df1d93b655bd6f381e01dc7f82426dc742","data/international/six/db6-2121.001.chunk":"dd308ec8c23cb58e50f3be495b79934782cc3624036f88272a8526c87e6cd1f9","data/international/six/db6-2121.idx":"f3c643c2ac5d25da70b71339bc23d9c452e00244bd29562fd424b6a84ca3ad40","data/international/six/db6-2130.000.chunk":"320904de62832a1c6c9054c7650c61f10dd181da2e9b1b04aa86d2977656fde7","data/international/six/db6-2130.001.chunk":"a96061fbe9ec9d57d2edd5773fbd89145aafc7e5a5845c81bc58c5ecab63d2d6","data/international/six/db6-2130.idx":"9d6ed91ef56e08a1b98ee184839d9a880198c141aba47005a13587c572342a50","data/international/six/db6-2202.000.chunk":"43057f23a613a28f06bc9cd465b7ed44cf887dfe50e7001b7d1ef473cdbfd4b2","data/international/six/db6-2202.001.chunk":"585615fed0ec078a94e0ac32e3d52ac4d16b3eb7375663ff30d45e1293b3d44a","data/international/six/db6-2202.idx":"bae2e2b0a9709d4b46e397efdcdf322b2d461c492f221eb11f0638b2eb5951ec","data/international/six/db6-2211.000.chunk":"11dd5e990995f60597ec46e5f37a79429b072d11cf7353322dd95f7058c6d1ed","data/international/six/db6-2211.001.chunk":"8142e6725e68cefe12a42a8a8530a52182e9f44a2b85cb5ded48e445bc85bd7f","data/international/six/db6-2211.002.chunk":"c4d38e79e79b87802b26eded2a7c364946fea4d95450d35f10d7dcce343a8c69","data/international/six/db6-2211.003.chunk":"20b4af2d5329d20ebb3075c8cb31878935c15512cc2808546418879729f79402","data/international/six/db6-2211.004.chunk":"a4367099cfdacac510225de250b300e8fed1ba70d4438e14b311b7c796501089","data/international/six/db6-2211.005.chunk":"19b3a66dbf1497e2e455732a0f7ffb927c9e577f56c75419716439f524e9d514","data/international/six/db6-2211.006.chunk":"8bd6bc5bd76720a95a312bd8c6bae30701a6e99be19886e16126ca6abc3b2a7e","data/international/six/db6-2211.idx":"a525a93cfb7ccef53dce68366382a0c8764af216568b02b045edd8bd1230012a","data/international/six/db6-2220.000.chunk":"e1af2d5283389f43c81708a249e3c0b9968ed4aa322ac0bca48ca1ccc5d4dd7c","data/international/six/db6-2220.idx":"e3f4b23066c9f91d4a0f43984cbea7c01817d6a0e25c3705c7fb8327eb8a31a6","data/international/six/db6-2301.000.chunk":"0b6489a374a7680cb6697f2e78d0261558c15e5f6c629279b84f760cc5e2d4e4","data/international/six/db6-2301.idx":"fdcbc2bd251bf3b73822bd0e2b92cb8791deaa009bd2ab8730a25e3395ce7726","data/international/six/db6-2310.000.chunk":"13ae77b5d13ad94678dab0cfb4ca74f4db89190371eacc10bd92cadf10eb350f","data/international/six/db6-2310.idx":"1f8ece0f98423c4b9213ab41a2eec40fe32679fe71268bce240714d1b7896cda","data/international/six/db6-3030.000.chunk":"cecd125dd3e9f0e1fa8f42abd0d51c9b3f679839db56a60b50b380e764302569","data/international/six/db6-3030.idx":"c41521d134874aaa3151b4595373caf3a91afc0aea9e249c0d722612c0370a82","data/international/six/db6-3102.000.chunk":"c90c2e7384f00811e0445f566d7aa7243e861b65c71791df05f3679c1e6080c1","data/international/six/db6-3102.idx":"f0161e4b20319d077c04ae0e4607ac81a7b50315ea72ff456494b00072dac06d","data/international/six/db6-3111.000.chunk":"e62bab91ea59dbef862261975d320585d13f83fbaf709c7d686e0a085b594576","data/international/six/db6-3111.001.chunk":"49c653dccca0ad25d6c3e858f8dd55e540dfb48d6cee1dba749214d8d12b129b","data/international/six/db6-3111.002.chunk":"f3e3f75261fe41cc65d1ee5c3e4c391c5945e96c7635c091e384ed10d253043c","data/international/six/db6-3111.003.chunk":"5c6f451ee293fea2955580ac6717a2aeb991c58693c1f9a0aa5f7107c506d075","data/international/six/db6-3111.004.chunk":"53e58423b9d85e32bbb2eb3552df28124d5172ca983c214738558e7cf543234d","data/international/six/db6-3111.005.chunk":"6fa72cec7f0dcd4a79458b766c04f2fbbc3eeb1804f8ab8f1a3d546c1d0c04df","data/international/six/db6-3111.idx":"552cea6807e5de8bdaaa7430e48429d2876663c1c13bf8a80438ec3fc11222db","data/international/six/db6-3120.000.chunk":"4849d82cf6c7978ef034fc98ef90951d041b740fd79510c67f902a447061a5d2","data/international/six/db6-3120.idx":"b5243e519c0a2fb6f513062094758a95306e9144a48c7a555a79ed1887780c86","data/international/six/db6-3201.000.chunk":"8d899206c06202a55395530df8eab92bbd29b879e1310c0b704bdd26d1131772","data/international/six/db6-3201.idx":"f9b27e6e4cee762ed97a568b8f32673b1bfe5c22a64d0c5b47b7a18f39749958","data/international/six/db6-3210.000.chunk":"f829ad406b3b2b1f45e1ac30bc0e43440ce2b808025c27d3bfff2f704edeffb4","data/international/six/db6-3210.idx":"ab335ebeed4f38b97ad72512c77a84aa1a7a5b5d63f00278d205e9386b07c3be","data/international/six/db6-4002.000.chunk":"1f810fcb514771696b8b44d264a552607de2068b0595e165ee1b337f691d2530","data/international/six/db6-4002.idx":"7813f455b5b0225444c95e3424c3f30414373dae0cc6065d9b3e7bd07c304c67","data/international/six/db6-4011.000.chunk":"4e9176f2619ef1c62e5cbc5cb1e3ca7a0c45035148e4fb526eefc1266e1e7e38","data/international/six/db6-4011.idx":"84ad8d66b8560bdcf7a999b867381f36d93ee7724cf89d5abda8020ff9658e2d","data/international/six/db6-4020.000.chunk":"c1b0099c29929bd38f39e02b805bfa395e8b058bc73b3710bf6112efc2a56413","data/international/six/db6-4020.idx":"ed46094e80d77e4f27bdae4fe5678903eac0d72ff11bfbf0addf2d84205b7acd","data/international/six/db6-4101.000.chunk":"84e48039e29063ac53bb53f825c070190c6d424d91e41b3c6b8a5712d99dc07a","data/international/six/db6-4101.idx":"5b89058e3c8e2d225b5f80560b27f8001e42d648b410a616165747f2dc2f2a1b","data/international/six/db6-4110.000.chunk":"271c7e822c1a87b1a01c50a0705040d4e22f6f1a6850ba2baf547b09019a9e9c","data/international/six/db6-4110.idx":"99d0d61cfa656d9c84500f41892c66fbe9d24ebd96b873e63d8b3a3315a0fa78","data/international/six/db6-5001.000.chunk":"abb0af9db0c77accee65b836150e0eeed6c24d79d1c552ff21c9f1825e3846cf","data/international/six/db6-5001.idx":"3316a344e28cc3115daf8ed5d0dbf7f66dc57cafc39262172026d7efea6aab76","data/international/six/db6-5010.000.chunk":"b842fd58f936f742947a84e4587ba88fbc656ffa85371e2e75f57b79af612c5b","data/international/six/db6-5010.idx":"bd8c7a7853c0528d92799fbad5a1344a1ae4e7478598c9c82171afccef8cee41","data/international/six/manifest.json":"6532df5af4306b1b6b16723155b756faacef549bcc8292ccbf0e7663a707a28c","data/international/tunstall-v2.bin":"92fa921a410c270c3126811dc2d8af22e1691aedaaf0d020ee01adbe572d26a9","dist/corpus-pack.json":"6d570320bbb75d898f29cf6fe6c93faef556899cfa0be0a6a33e8cdd862b4cb9","dist/worker-american.mjs":"950c58445422dbd59898195a526ad4fc113d832dac49381fe49f2ea624b91175","dist/worker-international.mjs":"31d06dd836dd1567391b3c5051f8dc53a7904e833887b045be19354f70ae1ee2","LICENSE":"e65a07d64c485ec9ffc4f7af9bd03035e365d9cf6bd3f12151f94139ffa86421","manifest.json":"909e9ec620b946f1e5612e47f837ae4aa2701252bebf2f32d08af756a8514385","node_modules/zod/LICENSE":"3f1189b28e3866e0d979968d466b78f813f76827cfdca1fbb124cc0a5c8841f8","package-lock.json":"90e25862b9c85f01add8441dcfd1071b62d753ecdacb5bfeb1e830de52257c28","package.json":"d96d42f89bfa40bdb6ccf8f10adbec4cd59dff814e78d94bb136598b96631c66","scripts/browser-check.mjs":"ed17d67724ef0ea6af4142413b7b0130a6ee054d5653741ad6bd057b5c2443bb","scripts/browser-evidence-controls.mjs":"1355cbe8f4e12c0e8c76989abab0db6244436cbde77c893de833c329dd0fd38f","scripts/browser-evidence.mjs":"7c9a8c3c478f18535d42b49e48c815c59e82e8617de76560c473ee82a889586b","scripts/build.mjs":"37489e755e6ec672fd77b8b95a08afe50ce7e0c620554bccddb77ec46ec1f703","scripts/check.mjs":"d064d3b7b10d6186b0ecc7f3d9081d0c0936740c358ebc67ca98789be836ebc7","scripts/corpus-pack.mjs":"e5f4915f6bb14b3c6d437276091203557efff8df13caeee85970a45e38392cba","scripts/integrity.mjs":"a0049c52b21e0494a48e1b61012c1d8f3838e5fc939187e905f3a479d060d2f0","src/bot-worker.ts":"eba2ca17afbccf6bcf06c20eb8d2aa776a3157112c2ec3db922933a39c78d653","src/bots.ts":"450791148c7bb7c6c3d74dfa732917f51472c127abf2d32b9436376de3acc219","src/browser.ts":"1f2aeb8f075d4310e92b22c9e800ed0792822172da8adfc7b238e9b91f741d81","src/chinook-corpus.ts":"d38d8fc850c1d27d0e5d4b883bd87798278761a16ad5973dc78b3b3b867e08c8","src/chinook.ts":"97310193de9dda474899a027d3519bbd536db9ee2a6ca6530a7e218f7fe5f32a","src/core.ts":"516f8b970c8cd1298882b76b8e61552f74464ea4224207c304f436e2e3532c6b","src/draws.ts":"e256daaef8fb43b498e8adcb71a77451c55aa9b1c24fc0a44bc36ee613dda4d1","src/endgame.ts":"f9f6cea20233c09dbd4cc3cf1337300ecc0cd5b833674e94baa193d04db98821","src/international-corpus.ts":"356c00f5c25642a9393e73e16306f0e02bb31e10818e0cdcfd99e26534b84a8a","src/international-indexes.ts":"fb56f60992bbbb589bd4069d565672aba4f5a61227a5380a874e6001ee991625","src/international-search.ts":"67b4ba228bfbf4e122c65c3619a0d529be07a3e3423f1ad5c51227d5f99962ee","src/international-six-data.ts":"08566eb9e7c6d7b324ac3a26f72edf86f8b22634361ec052d099bdab88e851d6","src/international-six-indexes.ts":"641218fe08800d06c9ec0b592cbac46978cd0d64249cff4f32b32eff77797c99","src/international.ts":"832f0dc95b0d8ac14e61af29914796df3128856c1617dbd8c8c24d20319b21ce","src/moves.ts":"d4ea90d730fb1add4f3d8fb98401fb9030a3e1e5ab83eb209b4a7839bd0044e1","src/play.template.html":"2d0345f395daa04b5bbe7153b4045bd2b553d28f0deaeaa689ad4aedc559dcef","src/retrograde.ts":"62ac9082dd82914f4a39e29d448b2e2defb03d2292090a110d747545052eca03","src/schema.ts":"416cb6ea418a0c71eb31e4cf8452bb16fbf455d23bd338a0326a76c22e0670ee","src/types.ts":"079cd5dbb2e20329bf386c3f506c3009534d2afce98804a1a999a239fe1cb16a","THIRD-PARTY-LICENSES.txt":"872acef306116e979ae43e6f20df09f3b040019ebbbcb2070d229f0ab5fe52f6","tsconfig.json":"fcc94a699ca26c01b4f9c4422dd4e5ab6811420993f5af01d9c6659549cd257c"},"command":"node scripts/browser-check.mjs --capture","htmlPath":"/home/runner/work/partybox-game-cores/partybox-game-cores/jobs/G10-checkers/.work/play.html","htmlBytes":1390846291,"loadTimeoutMs":300000,"sourceSha256":"b4f5267561bd95d68455ea5a83b936692b246d1a8ed936199c820e430a2da3eb","profiles":[{"name":"desktop","width":1920,"height":1080,"throttle":1,"loadMs":8394.675561,"checks":15,"frameResults":[{"variant":"american","frames":600,"meanFps":60.00219608037653,"p99Ms":16.80000000000291},{"variant":"international","frames":600,"meanFps":60.00259211197924,"p99Ms":16.80000000000291}],"pageErrorCount":0,"httpRequestCount":0,"pageErrors":[],"httpRequests":[],"video":{"file":"desktop.webm","bytes":1212028,"sha256":"71af5ba64d6215e9f913c686ffbc1b255cd5c42d0e6bfb26b8cb9848f8f13197","probe":{"container":"matroska,webm","codec":"vp8","width":1920,"height":1080,"frameRate":"25/1","frames":250,"durationSeconds":10},"original":{"file":"desktop-original.webm","bytes":5407445,"sha256":"64684e268824a8a646c77517adca2f2978e5751a349441ae204f755c5f52a66b","probe":{"container":"matroska,webm","codec":"vp8","width":1920,"height":1080,"frameRate":"25/1","frames":1255,"durationSeconds":50.2}},"sourceSeekSeconds":40.2,"command":["ffmpeg","-hide_banner","-loglevel","error","-ss","40.2","-i","/home/runner/work/partybox-game-cores/partybox-game-cores/jobs/G10-checkers/.work/media/desktop-original.webm","-t","10","-an","-c:v","libvpx","-deadline","realtime","-cpu-used","8","-threads","2","-b:v","900k","-y","/home/runner/work/partybox-game-cores/partybox-game-cores/jobs/G10-checkers/.work/media/desktop.webm"],"scope":"Last ten seconds of actual recorded International hot-seat legal moves; diagnostic recording, never frame acceptance."},"gameplay":{"variant":"international","startPly":0,"endPly":24,"elapsedMs":10790.013067}},{"name":"phone","width":390,"height":844,"throttle":4,"loadMs":37740.61240400001,"checks":15,"frameResults":[{"variant":"american","frames":600,"meanFps":60.00259211197924,"p99Ms":16.80000000000291},{"variant":"international","frames":600,"meanFps":60.00218407950046,"p99Ms":16.80000000000291}],"pageErrorCount":0,"httpRequestCount":0,"pageErrors":[],"httpRequests":[],"video":{"file":"phone.webm","bytes":568367,"sha256":"452e11a6a464f6dc65f9430ffa59303f74f9c0727811d263f8967f1e75619fd0","probe":{"container":"matroska,webm","codec":"vp8","width":390,"height":844,"frameRate":"25/1","frames":250,"durationSeconds":10},"original":{"file":"phone-original.webm","bytes":2947644,"sha256":"f87d2b5c3ecdc88a3249d58bb878f73939b4e39dee9e2ada19bb0f072e2887ef","probe":{"container":"matroska,webm","codec":"vp8","width":390,"height":844,"frameRate":"25/1","frames":2051,"durationSeconds":82.04}},"sourceSeekSeconds":72.04,"command":["ffmpeg","-hide_banner","-loglevel","error","-ss","72.04","-i","/home/runner/work/partybox-game-cores/partybox-game-cores/jobs/G10-checkers/.work/media/phone-original.webm","-t","10","-an","-c:v","libvpx","-deadline","realtime","-cpu-used","8","-threads","2","-b:v","400k","-y","/home/runner/work/partybox-game-cores/partybox-game-cores/jobs/G10-checkers/.work/media/phone.webm"],"scope":"Last ten seconds of actual recorded International hot-seat legal moves; diagnostic recording, never frame acceptance."},"gameplay":{"variant":"international","startPly":0,"endPly":22,"elapsedMs":10927.324915000005}}],"capture":true,"functionalOnly":false,"frameVariants":["american","international"],"sourceGuardsAfter":{"../../contract/constants.ts":"27cdd23112ea03f344457e6f6e6b5839ff536ebeadbba189751520353aa085ef","../../contract/contract.ts":"c0f999c153074769c99c67ab2a71ad66c879e45e834713f3367b2bde4a1873d5","../../contract/minigame-schema.ts":"2438655eeb8ca658543b475070e6fb3ccb3947f154f57caa3f619c87853c9bbb","../../contract/package.json":"ec1418bc79e3563ed63d2aebfbb0cb039529f6dc1ac0e8e6d61f790cb065f495","../../contract/player-count-schema.ts":"0748d9d9bcf795d0693c37a0f369b262fd8801dec9ab1e4a9a4f5ec23751a189","../../contract/rng.ts":"7cfcf3024723607e8dd1ce6ccc5683a48d71fcc617947304cc5b9f6d3d7842fe","data/chinook/DB6.bin":"baee42a2b49390edd96e5a751189366275619c941d79021f3ca45774c3e7071f","data/chinook/DB6.idx":"10cb5cfc2a8c67e18c322563c17ceef0adeac87786a16c767c4616e9a574f4fd","data/chinook/LICENSE.txt":"8ed5c1393322801ac395d3e6c9d8e8f4b18bcca9e41f7b8cdf312f33be242a2d","data/chinook/manifest.json":"90f1970372040946f299660c33ded627fe574c7fa2d52be168e7b16c391d55d0","data/endgames.json":"edb5d87a27caa83945e2a5587418fa6f246fb30dd3823652871a598272e0075d","data/international/BOOST-LICENSE.txt":"c9bff75738922193e67fa726fa225535870d2aa1059f91452c411736284ad566","data/international/db2.bin":"305a1e7eabb4bab13577774009592e1614ddf8a4efe334d6fe3cb8221000b4ed","data/international/db2.idx":"9622e861c67ea250396b384bb95fec00fd541964c3109bdc1b27ae7aae1f73f2","data/international/db3.bin":"9dd9170657b11b5e18e0a2d54b6475d9cfd2cf821c6f9e4e9ba78bdf130e10aa","data/international/db3.idx":"84862531a87da451037c3c1087b5c082c293ff508ffb447adbc8b7e020fa7aaa","data/international/db4.bin":"14e5a8fa159c33a2d7ca01538ca4cd088222c2f204a6b6ef174ffcebd28c72aa","data/international/db4.idx":"4514098c3a0fe91fb98ea1950eb53558f94017ed4c6553d10f117c94348e393e","data/international/db5.bin":"b3e65f71d2c801a68fe8928f62e32c40266f7d8ae4e5ab99b643805b1ace2e02","data/international/db5.idx":"4a94297121f50feca73beaea7ab10622942194d2b5c098d1c30c5cbe5b78715a","data/international/LICENSE.md":"34055034c8caa4d7637c91adc11f28229cea6a097c9b9d2610318cb66e1ef6cc","data/international/manifest.json":"6cc33b38df4f1f2b1ea79fa7fcbe11972976986828e7adee28934b4ad3921a04","data/international/six/db6-0303.000.chunk":"75d63f54a4aefbb6a29871ac2c96fe8064239630c141c79298c99ede5af7bfae","data/international/six/db6-0303.idx":"9f6e7dddd055eb1234cc79750e749c9b2ef49bdf410d7761a0a27f76dc606b04","data/international/six/db6-0312.000.chunk":"a65ac7e0daf00efcb905cec95900ce8fe7c7afda3d242a693a229b2584fcdd89","data/international/six/db6-0312.idx":"9df486596addc03a3454c242a25198c35f0a371dbd0055ca1ad777bff28bc43a","data/international/six/db6-0321.000.chunk":"4f4af0182c39c3646128b9e17d2b283196e8cb4441452b4a01e9c2532e4b6b53","data/international/six/db6-0321.001.chunk":"b8d62083255a57d82395b04eddf6cf735700f3ead646b526fc9882bace3a0e40","data/international/six/db6-0321.idx":"af4c2df56553f4386223b11ad75e7ad4f5c26625be854d52b1e6f8760d8c3bee","data/international/six/db6-0330.000.chunk":"de1dfc76776fe69bf25a7e64b4f1800c17b196f7e9cf2258cb792f51d17fd5c1","data/international/six/db6-0330.idx":"ce6bba6b659d289f3823a0221a5927fe0cbdf313af052cadfbfe0259791590ca","data/international/six/db6-0402.000.chunk":"9508c060e20d0f01da854b4cd4e018f634241b5abb90e73ece71bd4ca69c2517","data/international/six/db6-0402.idx":"096c6e3b12ecf960f7012878baec51d00f1cafda9880d2b29128b21cb3821485","data/international/six/db6-0411.000.chunk":"d3a9300cbe73b288d4d897d20434b6f4373166f58cc69328043a835efbf03247","data/international/six/db6-0411.idx":"1c92044e7b38d59c1485a0b064ed22e5b685346a0d62ac8fce74c3d6d5130cf0","data/international/six/db6-0420.000.chunk":"26162642d1c3439d6e3abcef8c1a210857b371607d82a1714cb99a47ad803a6e","data/international/six/db6-0420.idx":"4d47ac027225d63cf773a0f5fe9258c5e5f3b3670b04de677bc0a10399e3a56d","data/international/six/db6-0501.000.chunk":"82881a78d8a5052037911bc0e1d33231fd1dce64f283fd5f53bb297c26e60221","data/international/six/db6-0501.idx":"d29f8d532adce5f2ba9befd66ae47413b3e91e0666b891c1f08b8b0c7eb4ea10","data/international/six/db6-0510.000.chunk":"28f286c57a29bac59c095d9efdbd2cd87ee648416a0d4e85099bd8c192bc8383","data/international/six/db6-0510.idx":"356a04a2d92ce1c614671b5e246d4c74215c55728480d79d24065252b1e3689a","data/international/six/db6-1212.000.chunk":"5f8cc263773a36546efb0af5e5f6e4bdb4bbd497a50bf00e477aec30e478923f","data/international/six/db6-1212.001.chunk":"578a53681f654ca3463c205428c02a2812751af0fc83aabb26912573bfeabf79","data/international/six/db6-1212.idx":"62c58abb6f24f8280d0f2b0d99cf2e78c85e4a8b8a37da142fdafce33911db7a","data/international/six/db6-1221.000.chunk":"acc65c6b904a669302b3f1dacf917f44852baa3febb2d33379ecdb9153dfd898","data/international/six/db6-1221.001.chunk":"44b31af46ccd5df50c10eea39107f33244be8d98ea39300c2ef739173573f775","data/international/six/db6-1221.002.chunk":"471ec101d7053b0029059f4ce617ffb88512a7d08d86f2be7e170abc29e8c2e9","data/international/six/db6-1221.003.chunk":"67460687baa048e40deaf19e4168f3fd644a9ffaad0475a02a7c65462a249738","data/international/six/db6-1221.idx":"893f2a20b42eb9b6a437b2a4c79635190b1b7d8303d67c2c6048ad762b654072","data/international/six/db6-1230.000.chunk":"45e595ea9c3279d783cf4632762912554f98103bb24fd3712ea5cd371ae077c6","data/international/six/db6-1230.001.chunk":"86282c8af312b2ee4e8a8c36a228ccd72b5a81ae7bd9e03ed86e63c92ba386cb","data/international/six/db6-1230.idx":"56f9a806af26475371ea04d7230e2316e6ce8206ea14fe28628b646ac5415d37","data/international/six/db6-1302.000.chunk":"a0bde8399fecc594fe8ad84b953018c2fd3796805de67f5361982b244027413f","data/international/six/db6-1302.001.chunk":"7398a50ae97329727420dca59b959f28ed295dbdd59e6dd54fb54d88554decfa","data/international/six/db6-1302.idx":"fc695c254e053157a79dfd22c287fcde716e887ba4a0e5765cc27be221efd7ab","data/international/six/db6-1311.000.chunk":"eac5625451bccbdee80bb5d98c1ae8b7d9dc7bcd218240d543e04ec76d692a36","data/international/six/db6-1311.001.chunk":"cc9e1d6f56f80b7f6fe73d30a878bd2c7e9be3cea795d0c64e2847976e57d88b","data/international/six/db6-1311.002.chunk":"33eb6b6262f6d2b248c2772ab41277231e227a0024007db766ae48edc31e7c6a","data/international/six/db6-1311.003.chunk":"d59c08b053c2d047da4cb9f793c9bcb905c689b0ada2108569428639f20eb107","data/international/six/db6-1311.idx":"824155526e1423c28dfc5a9e6ce803006fcdaabe5c5dcb72f52e4e0b29eb634a","data/international/six/db6-1320.000.chunk":"d37c461f883e519b95482bf38863e22c5cf71e3d4d26da2758aa06d8c5a69c1d","data/international/six/db6-1320.idx":"d9787b34307105c715e7b1f7cd463398386f5bdfa4d863fdee92af34b1dbf334","data/international/six/db6-1401.000.chunk":"45bb9b0339452bab7a464741003a168e43178944b286320b1eb70eb15458d17e","data/international/six/db6-1401.idx":"36c748d544a0d108e25f26a748f107ced6045229854dc0ec5cbabf39dccfd078","data/international/six/db6-1410.000.chunk":"6f3110cbbe9f88c12a01a7779b2034df76cc065e7767d153f17fd9d90efead51","data/international/six/db6-1410.idx":"f7a26d77bd12fb29b4d8492481e56c5c692a2c280062cc9518728882acd65890","data/international/six/db6-2121.000.chunk":"2b0d462e7d6f4e9188dec28fac5b91df1d93b655bd6f381e01dc7f82426dc742","data/international/six/db6-2121.001.chunk":"dd308ec8c23cb58e50f3be495b79934782cc3624036f88272a8526c87e6cd1f9","data/international/six/db6-2121.idx":"f3c643c2ac5d25da70b71339bc23d9c452e00244bd29562fd424b6a84ca3ad40","data/international/six/db6-2130.000.chunk":"320904de62832a1c6c9054c7650c61f10dd181da2e9b1b04aa86d2977656fde7","data/international/six/db6-2130.001.chunk":"a96061fbe9ec9d57d2edd5773fbd89145aafc7e5a5845c81bc58c5ecab63d2d6","data/international/six/db6-2130.idx":"9d6ed91ef56e08a1b98ee184839d9a880198c141aba47005a13587c572342a50","data/international/six/db6-2202.000.chunk":"43057f23a613a28f06bc9cd465b7ed44cf887dfe50e7001b7d1ef473cdbfd4b2","data/international/six/db6-2202.001.chunk":"585615fed0ec078a94e0ac32e3d52ac4d16b3eb7375663ff30d45e1293b3d44a","data/international/six/db6-2202.idx":"bae2e2b0a9709d4b46e397efdcdf322b2d461c492f221eb11f0638b2eb5951ec","data/international/six/db6-2211.000.chunk":"11dd5e990995f60597ec46e5f37a79429b072d11cf7353322dd95f7058c6d1ed","data/international/six/db6-2211.001.chunk":"8142e6725e68cefe12a42a8a8530a52182e9f44a2b85cb5ded48e445bc85bd7f","data/international/six/db6-2211.002.chunk":"c4d38e79e79b87802b26eded2a7c364946fea4d95450d35f10d7dcce343a8c69","data/international/six/db6-2211.003.chunk":"20b4af2d5329d20ebb3075c8cb31878935c15512cc2808546418879729f79402","data/international/six/db6-2211.004.chunk":"a4367099cfdacac510225de250b300e8fed1ba70d4438e14b311b7c796501089","data/international/six/db6-2211.005.chunk":"19b3a66dbf1497e2e455732a0f7ffb927c9e577f56c75419716439f524e9d514","data/international/six/db6-2211.006.chunk":"8bd6bc5bd76720a95a312bd8c6bae30701a6e99be19886e16126ca6abc3b2a7e","data/international/six/db6-2211.idx":"a525a93cfb7ccef53dce68366382a0c8764af216568b02b045edd8bd1230012a","data/international/six/db6-2220.000.chunk":"e1af2d5283389f43c81708a249e3c0b9968ed4aa322ac0bca48ca1ccc5d4dd7c","data/international/six/db6-2220.idx":"e3f4b23066c9f91d4a0f43984cbea7c01817d6a0e25c3705c7fb8327eb8a31a6","data/international/six/db6-2301.000.chunk":"0b6489a374a7680cb6697f2e78d0261558c15e5f6c629279b84f760cc5e2d4e4","data/international/six/db6-2301.idx":"fdcbc2bd251bf3b73822bd0e2b92cb8791deaa009bd2ab8730a25e3395ce7726","data/international/six/db6-2310.000.chunk":"13ae77b5d13ad94678dab0cfb4ca74f4db89190371eacc10bd92cadf10eb350f","data/international/six/db6-2310.idx":"1f8ece0f98423c4b9213ab41a2eec40fe32679fe71268bce240714d1b7896cda","data/international/six/db6-3030.000.chunk":"cecd125dd3e9f0e1fa8f42abd0d51c9b3f679839db56a60b50b380e764302569","data/international/six/db6-3030.idx":"c41521d134874aaa3151b4595373caf3a91afc0aea9e249c0d722612c0370a82","data/international/six/db6-3102.000.chunk":"c90c2e7384f00811e0445f566d7aa7243e861b65c71791df05f3679c1e6080c1","data/international/six/db6-3102.idx":"f0161e4b20319d077c04ae0e4607ac81a7b50315ea72ff456494b00072dac06d","data/international/six/db6-3111.000.chunk":"e62bab91ea59dbef862261975d320585d13f83fbaf709c7d686e0a085b594576","data/international/six/db6-3111.001.chunk":"49c653dccca0ad25d6c3e858f8dd55e540dfb48d6cee1dba749214d8d12b129b","data/international/six/db6-3111.002.chunk":"f3e3f75261fe41cc65d1ee5c3e4c391c5945e96c7635c091e384ed10d253043c","data/international/six/db6-3111.003.chunk":"5c6f451ee293fea2955580ac6717a2aeb991c58693c1f9a0aa5f7107c506d075","data/international/six/db6-3111.004.chunk":"53e58423b9d85e32bbb2eb3552df28124d5172ca983c214738558e7cf543234d","data/international/six/db6-3111.005.chunk":"6fa72cec7f0dcd4a79458b766c04f2fbbc3eeb1804f8ab8f1a3d546c1d0c04df","data/international/six/db6-3111.idx":"552cea6807e5de8bdaaa7430e48429d2876663c1c13bf8a80438ec3fc11222db","data/international/six/db6-3120.000.chunk":"4849d82cf6c7978ef034fc98ef90951d041b740fd79510c67f902a447061a5d2","data/international/six/db6-3120.idx":"b5243e519c0a2fb6f513062094758a95306e9144a48c7a555a79ed1887780c86","data/international/six/db6-3201.000.chunk":"8d899206c06202a55395530df8eab92bbd29b879e1310c0b704bdd26d1131772","data/international/six/db6-3201.idx":"f9b27e6e4cee762ed97a568b8f32673b1bfe5c22a64d0c5b47b7a18f39749958","data/international/six/db6-3210.000.chunk":"f829ad406b3b2b1f45e1ac30bc0e43440ce2b808025c27d3bfff2f704edeffb4","data/international/six/db6-3210.idx":"ab335ebeed4f38b97ad72512c77a84aa1a7a5b5d63f00278d205e9386b07c3be","data/international/six/db6-4002.000.chunk":"1f810fcb514771696b8b44d264a552607de2068b0595e165ee1b337f691d2530","data/international/six/db6-4002.idx":"7813f455b5b0225444c95e3424c3f30414373dae0cc6065d9b3e7bd07c304c67","data/international/six/db6-4011.000.chunk":"4e9176f2619ef1c62e5cbc5cb1e3ca7a0c45035148e4fb526eefc1266e1e7e38","data/international/six/db6-4011.idx":"84ad8d66b8560bdcf7a999b867381f36d93ee7724cf89d5abda8020ff9658e2d","data/international/six/db6-4020.000.chunk":"c1b0099c29929bd38f39e02b805bfa395e8b058bc73b3710bf6112efc2a56413","data/international/six/db6-4020.idx":"ed46094e80d77e4f27bdae4fe5678903eac0d72ff11bfbf0addf2d84205b7acd","data/international/six/db6-4101.000.chunk":"84e48039e29063ac53bb53f825c070190c6d424d91e41b3c6b8a5712d99dc07a","data/international/six/db6-4101.idx":"5b89058e3c8e2d225b5f80560b27f8001e42d648b410a616165747f2dc2f2a1b","data/international/six/db6-4110.000.chunk":"271c7e822c1a87b1a01c50a0705040d4e22f6f1a6850ba2baf547b09019a9e9c","data/international/six/db6-4110.idx":"99d0d61cfa656d9c84500f41892c66fbe9d24ebd96b873e63d8b3a3315a0fa78","data/international/six/db6-5001.000.chunk":"abb0af9db0c77accee65b836150e0eeed6c24d79d1c552ff21c9f1825e3846cf","data/international/six/db6-5001.idx":"3316a344e28cc3115daf8ed5d0dbf7f66dc57cafc39262172026d7efea6aab76","data/international/six/db6-5010.000.chunk":"b842fd58f936f742947a84e4587ba88fbc656ffa85371e2e75f57b79af612c5b","data/international/six/db6-5010.idx":"bd8c7a7853c0528d92799fbad5a1344a1ae4e7478598c9c82171afccef8cee41","data/international/six/manifest.json":"6532df5af4306b1b6b16723155b756faacef549bcc8292ccbf0e7663a707a28c","data/international/tunstall-v2.bin":"92fa921a410c270c3126811dc2d8af22e1691aedaaf0d020ee01adbe572d26a9","dist/corpus-pack.json":"6d570320bbb75d898f29cf6fe6c93faef556899cfa0be0a6a33e8cdd862b4cb9","dist/worker-american.mjs":"950c58445422dbd59898195a526ad4fc113d832dac49381fe49f2ea624b91175","dist/worker-international.mjs":"31d06dd836dd1567391b3c5051f8dc53a7904e833887b045be19354f70ae1ee2","LICENSE":"e65a07d64c485ec9ffc4f7af9bd03035e365d9cf6bd3f12151f94139ffa86421","manifest.json":"909e9ec620b946f1e5612e47f837ae4aa2701252bebf2f32d08af756a8514385","node_modules/zod/LICENSE":"3f1189b28e3866e0d979968d466b78f813f76827cfdca1fbb124cc0a5c8841f8","package-lock.json":"90e25862b9c85f01add8441dcfd1071b62d753ecdacb5bfeb1e830de52257c28","package.json":"d96d42f89bfa40bdb6ccf8f10adbec4cd59dff814e78d94bb136598b96631c66","scripts/browser-check.mjs":"ed17d67724ef0ea6af4142413b7b0130a6ee054d5653741ad6bd057b5c2443bb","scripts/browser-evidence-controls.mjs":"1355cbe8f4e12c0e8c76989abab0db6244436cbde77c893de833c329dd0fd38f","scripts/browser-evidence.mjs":"7c9a8c3c478f18535d42b49e48c815c59e82e8617de76560c473ee82a889586b","scripts/build.mjs":"37489e755e6ec672fd77b8b95a08afe50ce7e0c620554bccddb77ec46ec1f703","scripts/check.mjs":"d064d3b7b10d6186b0ecc7f3d9081d0c0936740c358ebc67ca98789be836ebc7","scripts/corpus-pack.mjs":"e5f4915f6bb14b3c6d437276091203557efff8df13caeee85970a45e38392cba","scripts/integrity.mjs":"a0049c52b21e0494a48e1b61012c1d8f3838e5fc939187e905f3a479d060d2f0","src/bot-worker.ts":"eba2ca17afbccf6bcf06c20eb8d2aa776a3157112c2ec3db922933a39c78d653","src/bots.ts":"450791148c7bb7c6c3d74dfa732917f51472c127abf2d32b9436376de3acc219","src/browser.ts":"1f2aeb8f075d4310e92b22c9e800ed0792822172da8adfc7b238e9b91f741d81","src/chinook-corpus.ts":"d38d8fc850c1d27d0e5d4b883bd87798278761a16ad5973dc78b3b3b867e08c8","src/chinook.ts":"97310193de9dda474899a027d3519bbd536db9ee2a6ca6530a7e218f7fe5f32a","src/core.ts":"516f8b970c8cd1298882b76b8e61552f74464ea4224207c304f436e2e3532c6b","src/draws.ts":"e256daaef8fb43b498e8adcb71a77451c55aa9b1c24fc0a44bc36ee613dda4d1","src/endgame.ts":"f9f6cea20233c09dbd4cc3cf1337300ecc0cd5b833674e94baa193d04db98821","src/international-corpus.ts":"356c00f5c25642a9393e73e16306f0e02bb31e10818e0cdcfd99e26534b84a8a","src/international-indexes.ts":"fb56f60992bbbb589bd4069d565672aba4f5a61227a5380a874e6001ee991625","src/international-search.ts":"67b4ba228bfbf4e122c65c3619a0d529be07a3e3423f1ad5c51227d5f99962ee","src/international-six-data.ts":"08566eb9e7c6d7b324ac3a26f72edf86f8b22634361ec052d099bdab88e851d6","src/international-six-indexes.ts":"641218fe08800d06c9ec0b592cbac46978cd0d64249cff4f32b32eff77797c99","src/international.ts":"832f0dc95b0d8ac14e61af29914796df3128856c1617dbd8c8c24d20319b21ce","src/moves.ts":"d4ea90d730fb1add4f3d8fb98401fb9030a3e1e5ab83eb209b4a7839bd0044e1","src/play.template.html":"2d0345f395daa04b5bbe7153b4045bd2b553d28f0deaeaa689ad4aedc559dcef","src/retrograde.ts":"62ac9082dd82914f4a39e29d448b2e2defb03d2292090a110d747545052eca03","src/schema.ts":"416cb6ea418a0c71eb31e4cf8452bb16fbf455d23bd338a0326a76c22e0670ee","src/types.ts":"079cd5dbb2e20329bf386c3f506c3009534d2afce98804a1a999a239fe1cb16a","THIRD-PARTY-LICENSES.txt":"872acef306116e979ae43e6f20df09f3b040019ebbbcb2070d229f0ab5fe52f6","tsconfig.json":"fcc94a699ca26c01b4f9c4422dd4e5ab6811420993f5af01d9c6659549cd257c"},"sourceSha256After":"b4f5267561bd95d68455ea5a83b936692b246d1a8ed936199c820e430a2da3eb","htmlBytesAfter":1390846291,"checks":[{"profile":"desktop","name":"disk load, no external assets and reduced motion","pass":true},{"profile":"desktop","name":"American standard board and complete hot-seat turn","pass":true},{"profile":"desktop","name":"multi-jump draft leaves the actual position unchanged","pass":true},{"profile":"desktop","name":"American crown ends the capture turn","pass":true},{"profile":"desktop","name":"International full maximum capture and promotion","pass":true},{"profile":"desktop","name":"International crown transit stays a man","pass":true},{"profile":"desktop","name":"pause/resume and optional exact deadline forfeit","pass":true},{"profile":"desktop","name":"winner/results and explicit next table","pass":true},{"profile":"desktop","name":"manual Strong move uses local full-corpus worker and preserves legal core choice","pass":true},{"profile":"desktop","name":"International actual2–5 corpus worker prepares offline and preserves pending input","pass":true},{"profile":"desktop","name":"International actual six-piece Strong worker reads original local blocks","pass":true},{"profile":"desktop","name":"consecutive bot turns reuse the prepared worker and pause cancels it","pass":true},{"profile":"desktop","name":"pause cancels worker before it can apply an old move","pass":true},{"profile":"desktop","name":"names remain text and hostile original IDs have finite public results","pass":true},{"profile":"desktop","name":"viewport fits both boards and all controls","pass":true},{"profile":"phone","name":"disk load, no external assets and reduced motion","pass":true},{"profile":"phone","name":"American standard board and complete hot-seat turn","pass":true},{"profile":"phone","name":"multi-jump draft leaves the actual position unchanged","pass":true},{"profile":"phone","name":"American crown ends the capture turn","pass":true},{"profile":"phone","name":"International full maximum capture and promotion","pass":true},{"profile":"phone","name":"International crown transit stays a man","pass":true},{"profile":"phone","name":"pause/resume and optional exact deadline forfeit","pass":true},{"profile":"phone","name":"winner/results and explicit next table","pass":true},{"profile":"phone","name":"manual Strong move uses local full-corpus worker and preserves legal core choice","pass":true},{"profile":"phone","name":"International actual2–5 corpus worker prepares offline and preserves pending input","pass":true},{"profile":"phone","name":"International actual six-piece Strong worker reads original local blocks","pass":true},{"profile":"phone","name":"consecutive bot turns reuse the prepared worker and pause cancels it","pass":true},{"profile":"phone","name":"pause cancels worker before it can apply an old move","pass":true},{"profile":"phone","name":"names remain text and hostile original IDs have finite public results","pass":true},{"profile":"phone","name":"viewport fits both boards and all controls","pass":true}],"totalChecks":30}
2026-10-09T03:56:00.5142342Z {"status":"PASS","stage":"browser","sourceCommit":"474c1a64b3a8f69b81b3bd60f0a55f2782dc8d1f","elapsedSeconds":303.97861914799995}
2026-10-09T03:56:00.5265709Z ##[group]Run actions/upload-artifact@v4
2026-10-09T03:56:00.5266039Z with:
2026-10-09T03:56:00.5266344Z   name: G10-stage-browser-474c1a64b3a8f69b81b3bd60f0a55f2782dc8d1f
2026-10-09T03:56:00.5267084Z   path: jobs/G10-checkers/.work-stage-browser.stdout
jobs/G10-checkers/.work/checks
jobs/G10-checkers/.work/browser
jobs/G10-checkers/.work/media

2026-10-09T03:56:00.5267741Z   if-no-files-found: error
2026-10-09T03:56:00.5267993Z   include-hidden-files: true
2026-10-09T03:56:00.5268240Z   retention-days: 7
2026-10-09T03:56:00.5268453Z   compression-level: 6
2026-10-09T03:56:00.5268673Z   overwrite: false
2026-10-09T03:56:00.5268869Z env:
2026-10-09T03:56:00.5269134Z   G10_SOURCE_COMMIT: 474c1a64b3a8f69b81b3bd60f0a55f2782dc8d1f
2026-10-09T03:56:00.5269473Z ##[endgroup]
2026-10-09T03:56:00.6944765Z (node:4970) [DEP0040] DeprecationWarning: The `punycode` module is deprecated. Please use a userland alternative instead.
2026-10-09T03:56:00.6946092Z (Use `node --trace-deprecation ...` to show where the warning was created)
2026-10-09T03:56:00.7077626Z Multiple search paths detected. Calculating the least common ancestor of all paths
2026-10-09T03:56:00.7080416Z The least common ancestor is /home/runner/work/partybox-game-cores/partybox-game-cores/jobs/G10-checkers. This will be the root directory of the artifact
2026-10-09T03:56:00.7081850Z With the provided path, there will be 18 files uploaded
2026-10-09T03:56:00.7082731Z Artifact name is valid!
2026-10-09T03:56:00.7083222Z Root directory input is valid!
2026-10-09T03:56:00.9187984Z Beginning upload of artifact content to blob storage
2026-10-09T03:56:01.2757784Z (node:4970) [DEP0169] DeprecationWarning: `url.parse()` behavior is not standardized and prone to errors that have security implications. Use the WHATWG URL API instead. CVEs are not issued for `url.parse()` vulnerabilities.
2026-10-09T03:56:01.4812493Z Uploaded bytes 8388608
2026-10-09T03:56:01.5316618Z Uploaded bytes 8728955
2026-10-09T03:56:01.5494082Z Finished uploading artifact content to blob storage!
2026-10-09T03:56:01.5495969Z SHA256 digest of uploaded artifact zip is 02c0157877c5c04662b6d55a8ade79dc43a4ddcc5fb21448a1261577b2f49126
2026-10-09T03:56:01.5497769Z Finalizing artifact upload
2026-10-09T03:56:01.7700562Z Artifact G10-stage-browser-474c1a64b3a8f69b81b3bd60f0a55f2782dc8d1f.zip successfully finalized. Artifact ID 11594432328
2026-10-09T03:56:01.7702234Z Artifact G10-stage-browser-474c1a64b3a8f69b81b3bd60f0a55f2782dc8d1f has been successfully uploaded! Final size is 8728955 bytes. Artifact ID is 11594432328
2026-10-09T03:56:01.7707398Z Artifact download URL: https://github.com/luisitin/partybox-game-cores/actions/runs/37881026500/artifacts/11594432328
2026-10-09T03:56:01.7895722Z Post job cleanup.
2026-10-09T03:56:01.9099899Z (node:4983) [DEP0040] DeprecationWarning: The `punycode` module is deprecated. Please use a userland alternative instead.
2026-10-09T03:56:01.9101421Z (Use `node --trace-deprecation ...` to show where the warning was created)
2026-10-09T03:56:01.9105169Z Cache hit occurred on the primary key node-cache-Linux-x64-npm-b79e3f2344d4218dbbb2f93f566da8e1ac49738aa1184813b150890d461d0c8a, not saving cache.
2026-10-09T03:56:01.9242263Z Post job cleanup.
2026-10-09T03:56:02.0130294Z [command]/usr/bin/git version
2026-10-09T03:56:02.0175456Z git version 2.55.0
2026-10-09T03:56:02.0220332Z Temporarily overriding HOME='/home/runner/work/_temp/faa31f09-b98a-4952-ab0d-7d1943442923' before making global git config changes
2026-10-09T03:56:02.0221568Z Adding repository directory to the temporary git global config as a safe directory
2026-10-09T03:56:02.0226523Z [command]/usr/bin/git config --global --add safe.directory /home/runner/work/partybox-game-cores/partybox-game-cores
2026-10-09T03:56:02.0267494Z [command]/usr/bin/git config --local --name-only --get-regexp core\.sshCommand
2026-10-09T03:56:02.0303477Z [command]/usr/bin/git submodule foreach --recursive sh -c "git config --local --name-only --get-regexp 'core\.sshCommand' && git config --local --unset-all 'core.sshCommand' || :"
2026-10-09T03:56:02.0569361Z [command]/usr/bin/git config --local --name-only --get-regexp http\.https\:\/\/github\.com\/\.extraheader
2026-10-09T03:56:02.0597306Z http.https://github.com/.extraheader
2026-10-09T03:56:02.0608822Z [command]/usr/bin/git config --local --unset-all http.https://github.com/.extraheader
2026-10-09T03:56:02.0644590Z [command]/usr/bin/git submodule foreach --recursive sh -c "git config --local --name-only --get-regexp 'http\.https\:\/\/github\.com\/\.extraheader' && git config --local --unset-all 'http.https://github.com/.extraheader' || :"
2026-10-09T03:56:02.0925219Z [command]/usr/bin/git config --local --name-only --get-regexp ^includeIf\.gitdir:
2026-10-09T03:56:02.0951476Z [command]/usr/bin/git submodule foreach --recursive git config --local --show-origin --name-only --get-regexp remote.origin.url
2026-10-09T03:56:02.1379764Z Cleaning up orphan processes
2026-10-09T03:56:02.1720111Z ##[warning]Node.js 20 is deprecated. The following actions target Node.js 20 but are being forced to run on Node.js 24: actions/checkout@v4, actions/setup-node@v4, actions/upload-artifact@v4. For more information see: https://github.blog/changelog/2025-09-19-deprecation-of-node-20-on-github-actions-runners/
