2026-10-09T03:37:54.6816574Z Current runner version: '2.337.0'
2026-10-09T03:37:54.6851689Z ##[group]Runner Image Provisioner
2026-10-09T03:37:54.6853021Z Hosted Compute Agent
2026-10-09T03:37:54.6854360Z Version: 20261002.596
2026-10-09T03:37:54.6855818Z Commit: c3d12f3313a95f25162a1503be624f3b0617f8c0
2026-10-09T03:37:54.6857133Z Build Date: 2026-10-02T22:28:27Z
2026-10-09T03:37:54.6858443Z Worker ID: {dc789b78-5e42-47ac-b06c-58d410039f86}
2026-10-09T03:37:54.6859707Z Region: centralus
2026-10-09T03:37:54.6860844Z Cloud: Azure
2026-10-09T03:37:54.6861850Z ##[endgroup]
2026-10-09T03:37:54.6864119Z ##[group]Operating System
2026-10-09T03:37:54.6865299Z Ubuntu
2026-10-09T03:37:54.6866469Z 24.04.5
2026-10-09T03:37:54.6867370Z LTS
2026-10-09T03:37:54.6868185Z ##[endgroup]
2026-10-09T03:37:54.6869046Z ##[group]Runner Image
2026-10-09T03:37:54.6870048Z Image: ubuntu-24.04
2026-10-09T03:37:54.6870929Z Version: 20261004.327.1
2026-10-09T03:37:54.6873015Z Included Software: https://github.com/actions/runner-images/blob/ubuntu24/20261004.327/images/ubuntu/Ubuntu2404-Readme.md
2026-10-09T03:37:54.6875893Z Image Release: https://github.com/actions/runner-images/releases/tag/ubuntu24%2F20261004.327
2026-10-09T03:37:54.6877628Z ##[endgroup]
2026-10-09T03:37:54.6879625Z ##[group]GITHUB_TOKEN Permissions
2026-10-09T03:37:54.6882649Z Contents: read
2026-10-09T03:37:54.6883836Z Metadata: read
2026-10-09T03:37:54.6885041Z ##[endgroup]
2026-10-09T03:37:54.6888198Z Secret source: Actions
2026-10-09T03:37:54.6889665Z Cache mode: write
2026-10-09T03:37:54.6891458Z Prepare workflow directory
2026-10-09T03:37:54.7489152Z Prepare all required actions
2026-10-09T03:37:54.7538282Z Getting action download info
2026-10-09T03:37:55.0368294Z Download action repository 'actions/checkout@v4' (SHA:11d5960a326750d5838078e36cf38b85af677262)
2026-10-09T03:37:55.1261346Z Download action repository 'actions/setup-node@v4' (SHA:49933ea5288caeca8642d1e84afbd3f7d6820020)
2026-10-09T03:37:55.2164808Z Download action repository 'actions/download-artifact@v4' (SHA:d3f86a106a0bac45b974a628896c90dbdf5c8093)
2026-10-09T03:37:55.7511055Z Download action repository 'actions/upload-artifact@v4' (SHA:ea165f8d65b6e75b540449e92b4886f43607fa02)
2026-10-09T03:37:55.9720662Z Complete job name: delivery
2026-10-09T03:37:56.0593954Z ##[group]Run actions/checkout@v4
2026-10-09T03:37:56.0594961Z with:
2026-10-09T03:37:56.0595715Z   ref: dd226a660c95f81372582d2ca3ea174bb51c6ada
2026-10-09T03:37:56.0596431Z   repository: luisitin/partybox-game-cores
2026-10-09T03:37:56.0600609Z   token: ***
2026-10-09T03:37:56.0601081Z   ssh-strict: true
2026-10-09T03:37:56.0601562Z   ssh-user: git
2026-10-09T03:37:56.0602060Z   persist-credentials: true
2026-10-09T03:37:56.0602586Z   clean: true
2026-10-09T03:37:56.0603077Z   sparse-checkout-cone-mode: true
2026-10-09T03:37:56.0603643Z   fetch-depth: 1
2026-10-09T03:37:56.0604121Z   fetch-tags: false
2026-10-09T03:37:56.0604623Z   show-progress: true
2026-10-09T03:37:56.0605116Z   lfs: false
2026-10-09T03:37:56.0605712Z   submodules: false
2026-10-09T03:37:56.0606209Z   set-safe-directory: true
2026-10-09T03:37:56.0606784Z   allow-unsafe-pr-checkout: false
2026-10-09T03:37:56.0607607Z env:
2026-10-09T03:37:56.0608249Z   G10_SOURCE_COMMIT: dd226a660c95f81372582d2ca3ea174bb51c6ada
2026-10-09T03:37:56.0608977Z ##[endgroup]
2026-10-09T03:37:56.1656580Z Syncing repository: luisitin/partybox-game-cores
2026-10-09T03:37:56.1659732Z ##[group]Getting Git version info
2026-10-09T03:37:56.1661377Z Working directory is '/home/runner/work/partybox-game-cores/partybox-game-cores'
2026-10-09T03:37:56.1662888Z [command]/usr/bin/git version
2026-10-09T03:37:56.1732783Z git version 2.55.0
2026-10-09T03:37:56.1772129Z ##[endgroup]
2026-10-09T03:37:56.1779025Z Temporarily overriding HOME='/home/runner/work/_temp/48bf24cd-d3ab-4d29-b8b5-dba0f5640c92' before making global git config changes
2026-10-09T03:37:56.1781168Z Adding repository directory to the temporary git global config as a safe directory
2026-10-09T03:37:56.1783461Z [command]/usr/bin/git config --global --add safe.directory /home/runner/work/partybox-game-cores/partybox-game-cores
2026-10-09T03:37:56.1849981Z Deleting the contents of '/home/runner/work/partybox-game-cores/partybox-game-cores'
2026-10-09T03:37:56.1853666Z ##[group]Initializing the repository
2026-10-09T03:37:56.1859525Z [command]/usr/bin/git init /home/runner/work/partybox-game-cores/partybox-game-cores
2026-10-09T03:37:56.1973188Z hint: Using 'master' as the name for the initial branch. This default branch name
2026-10-09T03:37:56.1975298Z hint: will change to "main" in Git 3.0. To configure the initial branch name
2026-10-09T03:37:56.1977533Z hint: to use in all of your new repositories, which will suppress this warning,
2026-10-09T03:37:56.1979106Z hint: call:
2026-10-09T03:37:56.1979775Z hint:
2026-10-09T03:37:56.1980783Z hint: 	git config --global init.defaultBranch <name>
2026-10-09T03:37:56.1981754Z hint:
2026-10-09T03:37:56.1982941Z hint: Names commonly chosen instead of 'master' are 'main', 'trunk' and
2026-10-09T03:37:56.1984333Z hint: 'development'. The just-created branch can be renamed via this command:
2026-10-09T03:37:56.1985264Z hint:
2026-10-09T03:37:56.1986044Z hint: 	git branch -m <name>
2026-10-09T03:37:56.1986586Z hint:
2026-10-09T03:37:56.1987305Z hint: Disable this message with "git config set advice.defaultBranchName false"
2026-10-09T03:37:56.1988907Z Initialized empty Git repository in /home/runner/work/partybox-game-cores/partybox-game-cores/.git/
2026-10-09T03:37:56.1991661Z [command]/usr/bin/git remote add origin https://github.com/luisitin/partybox-game-cores
2026-10-09T03:37:56.2043869Z ##[endgroup]
2026-10-09T03:37:56.2045141Z ##[group]Disabling automatic garbage collection
2026-10-09T03:37:56.2048441Z [command]/usr/bin/git config --local gc.auto 0
2026-10-09T03:37:56.2081315Z ##[endgroup]
2026-10-09T03:37:56.2082178Z ##[group]Setting up auth
2026-10-09T03:37:56.2090548Z [command]/usr/bin/git config --local --name-only --get-regexp core\.sshCommand
2026-10-09T03:37:56.2127999Z [command]/usr/bin/git submodule foreach --recursive sh -c "git config --local --name-only --get-regexp 'core\.sshCommand' && git config --local --unset-all 'core.sshCommand' || :"
2026-10-09T03:37:56.2500045Z [command]/usr/bin/git config --local --name-only --get-regexp http\.https\:\/\/github\.com\/\.extraheader
2026-10-09T03:37:56.2541193Z [command]/usr/bin/git submodule foreach --recursive sh -c "git config --local --name-only --get-regexp 'http\.https\:\/\/github\.com\/\.extraheader' && git config --local --unset-all 'http.https://github.com/.extraheader' || :"
2026-10-09T03:37:56.2780590Z [command]/usr/bin/git config --local --name-only --get-regexp ^includeIf\.gitdir:
2026-10-09T03:37:56.2817476Z [command]/usr/bin/git submodule foreach --recursive git config --local --show-origin --name-only --get-regexp remote.origin.url
2026-10-09T03:37:56.3042961Z [command]/usr/bin/git config --local http.https://github.com/.extraheader AUTHORIZATION: basic ***
2026-10-09T03:37:56.3090041Z ##[endgroup]
2026-10-09T03:37:56.3090975Z ##[group]Fetching the repository
2026-10-09T03:37:56.3100081Z [command]/usr/bin/git -c protocol.version=2 fetch --no-tags --prune --no-recurse-submodules --depth=1 origin dd226a660c95f81372582d2ca3ea174bb51c6ada
2026-10-09T03:38:17.2999744Z From https://github.com/luisitin/partybox-game-cores
2026-10-09T03:38:17.3000932Z  * branch            dd226a660c95f81372582d2ca3ea174bb51c6ada -> FETCH_HEAD
2026-10-09T03:38:17.3005193Z ##[endgroup]
2026-10-09T03:38:17.3006488Z ##[group]Determining the checkout info
2026-10-09T03:38:17.3009988Z ##[endgroup]
2026-10-09T03:38:17.3017459Z [command]/usr/bin/git sparse-checkout disable
2026-10-09T03:38:17.3080056Z [command]/usr/bin/git config --local --unset-all extensions.worktreeConfig
2026-10-09T03:38:17.3110871Z ##[group]Checking out the ref
2026-10-09T03:38:17.3114651Z [command]/usr/bin/git checkout --progress --force dd226a660c95f81372582d2ca3ea174bb51c6ada
2026-10-09T03:38:18.4133860Z Updating files:   8% (180/2045)
2026-10-09T03:38:19.3934564Z Updating files:   9% (185/2045)
2026-10-09T03:38:20.0034654Z Updating files:   9% (199/2045)
2026-10-09T03:38:20.4122173Z Updating files:  10% (205/2045)
2026-10-09T03:38:21.2276371Z Updating files:  10% (216/2045)
2026-10-09T03:38:21.3624696Z Updating files:  11% (225/2045)
2026-10-09T03:38:22.3916339Z Updating files:  11% (226/2045)
2026-10-09T03:38:22.5798663Z Updating files:  11% (243/2045)
2026-10-09T03:38:22.9824670Z Updating files:  12% (246/2045)
2026-10-09T03:38:22.9839937Z Updating files:  13% (266/2045)
2026-10-09T03:38:22.9858969Z Updating files:  14% (287/2045)
2026-10-09T03:38:23.0062836Z Updating files:  15% (307/2045)
2026-10-09T03:38:23.0072326Z Updating files:  16% (328/2045)
2026-10-09T03:38:23.0095749Z Updating files:  17% (348/2045)
2026-10-09T03:38:23.0249558Z Updating files:  18% (369/2045)
2026-10-09T03:38:23.0277561Z Updating files:  19% (389/2045)
2026-10-09T03:38:23.0295317Z Updating files:  20% (409/2045)
2026-10-09T03:38:23.0308286Z Updating files:  21% (430/2045)
2026-10-09T03:38:23.0347598Z Updating files:  22% (450/2045)
2026-10-09T03:38:23.0364725Z Updating files:  23% (471/2045)
2026-10-09T03:38:23.0379085Z Updating files:  24% (491/2045)
2026-10-09T03:38:23.0393674Z Updating files:  25% (512/2045)
2026-10-09T03:38:23.0408526Z Updating files:  26% (532/2045)
2026-10-09T03:38:23.0482820Z Updating files:  27% (553/2045)
2026-10-09T03:38:23.0666071Z Updating files:  28% (573/2045)
2026-10-09T03:38:23.0838129Z Updating files:  29% (594/2045)
2026-10-09T03:38:23.0908262Z Updating files:  30% (614/2045)
2026-10-09T03:38:23.0945366Z Updating files:  31% (634/2045)
2026-10-09T03:38:23.1202076Z Updating files:  32% (655/2045)
2026-10-09T03:38:23.1386014Z Updating files:  33% (675/2045)
2026-10-09T03:38:23.1398663Z Updating files:  34% (696/2045)
2026-10-09T03:38:23.1575316Z Updating files:  35% (716/2045)
2026-10-09T03:38:23.1586148Z Updating files:  36% (737/2045)
2026-10-09T03:38:23.1774994Z Updating files:  37% (757/2045)
2026-10-09T03:38:23.1786189Z Updating files:  38% (778/2045)
2026-10-09T03:38:23.1980221Z Updating files:  39% (798/2045)
2026-10-09T03:38:23.2155451Z Updating files:  40% (818/2045)
2026-10-09T03:38:23.2172799Z Updating files:  41% (839/2045)
2026-10-09T03:38:23.2191167Z Updating files:  42% (859/2045)
2026-10-09T03:38:23.2248857Z Updating files:  43% (880/2045)
2026-10-09T03:38:23.2260319Z Updating files:  44% (900/2045)
2026-10-09T03:38:23.2270460Z Updating files:  45% (921/2045)
2026-10-09T03:38:23.2292575Z Updating files:  46% (941/2045)
2026-10-09T03:38:23.2535704Z Updating files:  47% (962/2045)
2026-10-09T03:38:23.2637811Z Updating files:  48% (982/2045)
2026-10-09T03:38:23.2843811Z Updating files:  49% (1003/2045)
2026-10-09T03:38:23.2909273Z Updating files:  50% (1023/2045)
2026-10-09T03:38:23.2920665Z Updating files:  51% (1043/2045)
2026-10-09T03:38:23.2965928Z Updating files:  52% (1064/2045)
2026-10-09T03:38:23.3025021Z Updating files:  53% (1084/2045)
2026-10-09T03:38:23.3035225Z Updating files:  54% (1105/2045)
2026-10-09T03:38:23.3081403Z Updating files:  55% (1125/2045)
2026-10-09T03:38:23.3131535Z Updating files:  56% (1146/2045)
2026-10-09T03:38:23.3170419Z Updating files:  57% (1166/2045)
2026-10-09T03:38:23.3184064Z Updating files:  57% (1180/2045)
2026-10-09T03:38:23.3242782Z Updating files:  58% (1187/2045)
2026-10-09T03:38:23.3256506Z Updating files:  59% (1207/2045)
2026-10-09T03:38:23.3288938Z Updating files:  60% (1227/2045)
2026-10-09T03:38:23.3327509Z Updating files:  61% (1248/2045)
2026-10-09T03:38:23.3369252Z Updating files:  62% (1268/2045)
2026-10-09T03:38:23.3414890Z Updating files:  63% (1289/2045)
2026-10-09T03:38:23.3444562Z Updating files:  64% (1309/2045)
2026-10-09T03:38:23.3480456Z Updating files:  65% (1330/2045)
2026-10-09T03:38:23.3525017Z Updating files:  66% (1350/2045)
2026-10-09T03:38:23.3588123Z Updating files:  67% (1371/2045)
2026-10-09T03:38:23.3603439Z Updating files:  68% (1391/2045)
2026-10-09T03:38:23.3613543Z Updating files:  69% (1412/2045)
2026-10-09T03:38:23.3636719Z Updating files:  70% (1432/2045)
2026-10-09T03:38:23.3647634Z Updating files:  71% (1452/2045)
2026-10-09T03:38:23.3658084Z Updating files:  72% (1473/2045)
2026-10-09T03:38:23.3665302Z Updating files:  73% (1493/2045)
2026-10-09T03:38:23.3688725Z Updating files:  74% (1514/2045)
2026-10-09T03:38:23.3716522Z Updating files:  75% (1534/2045)
2026-10-09T03:38:23.3727744Z Updating files:  76% (1555/2045)
2026-10-09T03:38:23.3737911Z Updating files:  77% (1575/2045)
2026-10-09T03:38:23.3749978Z Updating files:  78% (1596/2045)
2026-10-09T03:38:23.3760287Z Updating files:  79% (1616/2045)
2026-10-09T03:38:23.3769666Z Updating files:  80% (1636/2045)
2026-10-09T03:38:23.3779371Z Updating files:  81% (1657/2045)
2026-10-09T03:38:23.3791536Z Updating files:  82% (1677/2045)
2026-10-09T03:38:23.3819416Z Updating files:  83% (1698/2045)
2026-10-09T03:38:23.3827969Z Updating files:  84% (1718/2045)
2026-10-09T03:38:23.3837711Z Updating files:  85% (1739/2045)
2026-10-09T03:38:23.3845505Z Updating files:  86% (1759/2045)
2026-10-09T03:38:23.3854857Z Updating files:  87% (1780/2045)
2026-10-09T03:38:23.3866080Z Updating files:  88% (1800/2045)
2026-10-09T03:38:23.3874875Z Updating files:  89% (1821/2045)
2026-10-09T03:38:23.3890528Z Updating files:  90% (1841/2045)
2026-10-09T03:38:23.3909522Z Updating files:  91% (1861/2045)
2026-10-09T03:38:23.3949704Z Updating files:  92% (1882/2045)
2026-10-09T03:38:23.4031628Z Updating files:  93% (1902/2045)
2026-10-09T03:38:23.4048575Z Updating files:  94% (1923/2045)
2026-10-09T03:38:23.4378688Z Updating files:  95% (1943/2045)
2026-10-09T03:38:23.7453114Z Updating files:  96% (1964/2045)
2026-10-09T03:38:23.7464156Z Updating files:  97% (1984/2045)
2026-10-09T03:38:23.7475804Z Updating files:  98% (2005/2045)
2026-10-09T03:38:23.7487516Z Updating files:  99% (2025/2045)
2026-10-09T03:38:23.7488330Z Updating files: 100% (2045/2045)
2026-10-09T03:38:23.7488932Z Updating files: 100% (2045/2045), done.
2026-10-09T03:38:23.7513238Z Note: switching to 'dd226a660c95f81372582d2ca3ea174bb51c6ada'.
2026-10-09T03:38:23.7530998Z 
2026-10-09T03:38:23.7531445Z You are in 'detached HEAD' state. You can look around, make experimental
2026-10-09T03:38:23.7532409Z changes and commit them, and you can discard any commits you make in this
2026-10-09T03:38:23.7533382Z state without impacting any branches by switching back to a branch.
2026-10-09T03:38:23.7534309Z 
2026-10-09T03:38:23.7534753Z If you want to create a new branch to retain commits you create, you may
2026-10-09T03:38:23.7536152Z do so (now or later) by using -c with the switch command. Example:
2026-10-09T03:38:23.7536757Z 
2026-10-09T03:38:23.7536991Z   git switch -c <new-branch-name>
2026-10-09T03:38:23.7537377Z 
2026-10-09T03:38:23.7537599Z Or undo this operation with:
2026-10-09T03:38:23.7537951Z 
2026-10-09T03:38:23.7538166Z   git switch -
2026-10-09T03:38:23.7538430Z 
2026-10-09T03:38:23.7538917Z Turn off this advice by setting config variable advice.detachedHead to false
2026-10-09T03:38:23.7539565Z 
2026-10-09T03:38:23.7539952Z HEAD is now at dd226a6 G10 verify exact current native package and full standalone delivery
2026-10-09T03:38:23.7664536Z ##[endgroup]
2026-10-09T03:38:23.7710467Z [command]/usr/bin/git log -1 --format=%H
2026-10-09T03:38:23.7739094Z dd226a660c95f81372582d2ca3ea174bb51c6ada
2026-10-09T03:38:23.8008980Z ##[group]Run actions/setup-node@v4
2026-10-09T03:38:23.8009277Z with:
2026-10-09T03:38:23.8009485Z   node-version: 22.16.0
2026-10-09T03:38:23.8009706Z   cache: npm
2026-10-09T03:38:23.8010003Z   cache-dependency-path: jobs/G10-checkers/package-lock.json
2026-10-09T03:38:23.8010363Z   always-auth: false
2026-10-09T03:38:23.8010583Z   check-latest: false
2026-10-09T03:38:23.8012992Z   token: ***
2026-10-09T03:38:23.8013187Z env:
2026-10-09T03:38:23.8013441Z   G10_SOURCE_COMMIT: dd226a660c95f81372582d2ca3ea174bb51c6ada
2026-10-09T03:38:23.8013770Z ##[endgroup]
2026-10-09T03:38:23.9475533Z Attempting to download 22.16.0...
2026-10-09T03:38:23.9583515Z (node:2383) [DEP0040] DeprecationWarning: The `punycode` module is deprecated. Please use a userland alternative instead.
2026-10-09T03:38:23.9584925Z (Use `node --trace-deprecation ...` to show where the warning was created)
2026-10-09T03:38:24.7004210Z Acquiring 22.16.0 - x64 from https://github.com/actions/node-versions/releases/download/22.16.0-15177438473/node-22.16.0-linux-x64.tar.gz
2026-10-09T03:38:25.2285145Z Extracting ...
2026-10-09T03:38:25.2427152Z [command]/usr/bin/tar xz --strip 1 --warning=no-unknown-keyword --overwrite -C /home/runner/work/_temp/4482f661-6ce1-4480-b437-3666552ff899 -f /home/runner/work/_temp/e1137585-a95e-4b2f-b677-d3a611386c90
2026-10-09T03:38:26.4594889Z Adding to the cache ...
2026-10-09T03:38:29.0304536Z ##[group]Environment details
2026-10-09T03:38:29.2537659Z node: v22.16.0
2026-10-09T03:38:29.2538048Z npm: 10.9.2
2026-10-09T03:38:29.2538436Z yarn: 1.22.22
2026-10-09T03:38:29.2539021Z ##[endgroup]
2026-10-09T03:38:29.2560277Z [command]/opt/hostedtoolcache/node/22.16.0/x64/bin/npm config get cache
2026-10-09T03:38:29.3459361Z /home/runner/.npm
2026-10-09T03:38:29.4933976Z Cache hit for: node-cache-Linux-x64-npm-b79e3f2344d4218dbbb2f93f566da8e1ac49738aa1184813b150890d461d0c8a
2026-10-09T03:38:29.5056275Z (node:2383) [DEP0169] DeprecationWarning: `url.parse()` behavior is not standardized and prone to errors that have security implications. Use the WHATWG URL API instead. CVEs are not issued for `url.parse()` vulnerabilities.
2026-10-09T03:38:30.2724395Z Received 12676330 of 12676330 (100.0%), 20.2 MBs/sec
2026-10-09T03:38:30.2724950Z Cache Size: ~12 MB (12676330 B)
2026-10-09T03:38:30.2831310Z [command]/usr/bin/tar -xf /home/runner/work/_temp/2b4d1881-59b3-4ab0-9f68-a8604911297f/cache.tzst -P -C /home/runner/work/partybox-game-cores/partybox-game-cores --use-compress-program unzstd
2026-10-09T03:38:30.3076443Z Cache restored successfully
2026-10-09T03:38:30.3087646Z Cache restored from key: node-cache-Linux-x64-npm-b79e3f2344d4218dbbb2f93f566da8e1ac49738aa1184813b150890d461d0c8a
2026-10-09T03:38:30.3290512Z ##[group]Run npm ci --ignore-scripts --no-audit --no-fund
2026-10-09T03:38:30.3291130Z [36;1mnpm ci --ignore-scripts --no-audit --no-fund[0m
2026-10-09T03:38:30.3548443Z shell: /usr/bin/bash -e {0}
2026-10-09T03:38:30.3548735Z env:
2026-10-09T03:38:30.3549022Z   G10_SOURCE_COMMIT: dd226a660c95f81372582d2ca3ea174bb51c6ada
2026-10-09T03:38:30.3549397Z ##[endgroup]
2026-10-09T03:38:31.2856166Z 
2026-10-09T03:38:31.2863202Z added 6 packages in 872ms
2026-10-09T03:38:31.3332625Z ##[group]Run if [ -f /etc/apt/apt-mirrors.txt ]; then
2026-10-09T03:38:31.3333097Z [36;1mif [ -f /etc/apt/apt-mirrors.txt ]; then[0m
2026-10-09T03:38:31.3333754Z [36;1m  sudo sed -i 's#http://azure.archive.ubuntu.com/ubuntu#https://archive.ubuntu.com/ubuntu#g' /etc/apt/apt-mirrors.txt[0m
2026-10-09T03:38:31.3334345Z [36;1mfi[0m
2026-10-09T03:38:31.3399891Z shell: /usr/bin/bash -e {0}
2026-10-09T03:38:31.3400173Z env:
2026-10-09T03:38:31.3400489Z   G10_SOURCE_COMMIT: dd226a660c95f81372582d2ca3ea174bb51c6ada
2026-10-09T03:38:31.3400874Z ##[endgroup]
2026-10-09T03:38:31.3602121Z ##[group]Run sudo apt-get update
2026-10-09T03:38:31.3602446Z [36;1msudo apt-get update[0m
2026-10-09T03:38:31.3602736Z [36;1msudo apt-get install -y ffmpeg[0m
2026-10-09T03:38:31.3603027Z [36;1mffprobe -version[0m
2026-10-09T03:38:31.3603266Z [36;1mffmpeg -version[0m
2026-10-09T03:38:31.3663529Z shell: /usr/bin/bash -e {0}
2026-10-09T03:38:31.3663791Z env:
2026-10-09T03:38:31.3664064Z   G10_SOURCE_COMMIT: dd226a660c95f81372582d2ca3ea174bb51c6ada
2026-10-09T03:38:31.3664408Z ##[endgroup]
2026-10-09T03:38:31.4508903Z Get:1 file:/etc/apt/apt-mirrors.txt Mirrorlist [139 B]
2026-10-09T03:38:31.4773325Z Get:6 https://packages.microsoft.com/ubuntu/24.04/prod noble InRelease [3600 B]
2026-10-09T03:38:31.5587849Z Get:7 https://packages.microsoft.com/ubuntu/24.04/prod noble/main all Packages [640 B]
2026-10-09T03:38:31.5754342Z Get:8 https://packages.microsoft.com/ubuntu/24.04/prod noble/main arm64 Packages [475 kB]
2026-10-09T03:38:31.5863209Z Get:9 https://packages.microsoft.com/ubuntu/24.04/prod noble/main amd64 Packages [531 kB]
2026-10-09T03:38:31.6005620Z Get:10 https://packages.microsoft.com/ubuntu/24.04/prod noble/main armhf Packages [12.3 kB]
2026-10-09T03:38:32.0315239Z Hit:2 https://archive.ubuntu.com/ubuntu noble InRelease
2026-10-09T03:38:32.1427294Z Get:3 https://archive.ubuntu.com/ubuntu noble-updates InRelease [126 kB]
2026-10-09T03:38:32.5532550Z Get:4 https://archive.ubuntu.com/ubuntu noble-backports InRelease [126 kB]
2026-10-09T03:38:32.7891835Z Get:5 https://archive.ubuntu.com/ubuntu noble-security InRelease [126 kB]
2026-10-09T03:38:32.9938998Z Get:11 https://archive.ubuntu.com/ubuntu noble-updates/main amd64 Packages [1375 kB]
2026-10-09T03:38:33.5441594Z Get:12 https://archive.ubuntu.com/ubuntu noble-updates/main Translation-en [306 kB]
2026-10-09T03:38:33.7035055Z Get:13 https://archive.ubuntu.com/ubuntu noble-updates/universe amd64 Packages [1702 kB]
2026-10-09T03:38:34.0056288Z Get:14 https://archive.ubuntu.com/ubuntu noble-updates/universe Translation-en [342 kB]
2026-10-09T03:38:34.1456501Z Get:15 https://archive.ubuntu.com/ubuntu noble-updates/restricted amd64 Packages [1761 kB]
2026-10-09T03:38:34.3498204Z Get:16 https://archive.ubuntu.com/ubuntu noble-updates/restricted Translation-en [401 kB]
2026-10-09T03:38:34.4652856Z Get:17 https://archive.ubuntu.com/ubuntu noble-updates/multiverse amd64 Packages [55.0 kB]
2026-10-09T03:38:34.5691725Z Get:18 https://archive.ubuntu.com/ubuntu noble-updates/multiverse Translation-en [14.3 kB]
2026-10-09T03:38:34.6721925Z Get:19 https://archive.ubuntu.com/ubuntu noble-security/main amd64 Packages [1118 kB]
2026-10-09T03:38:34.8114537Z Get:20 https://archive.ubuntu.com/ubuntu noble-security/main Translation-en [228 kB]
2026-10-09T03:38:35.0646048Z Get:21 https://archive.ubuntu.com/ubuntu noble-security/universe amd64 Packages [1220 kB]
2026-10-09T03:38:35.2074948Z Get:22 https://archive.ubuntu.com/ubuntu noble-security/universe Translation-en [245 kB]
2026-10-09T03:38:35.3173994Z Get:23 https://archive.ubuntu.com/ubuntu noble-security/restricted amd64 Packages [1667 kB]
2026-10-09T03:38:35.4745274Z Get:24 https://archive.ubuntu.com/ubuntu noble-security/restricted Translation-en [383 kB]
2026-10-09T03:38:35.5896507Z Get:25 https://archive.ubuntu.com/ubuntu noble-security/multiverse amd64 Packages [49.8 kB]
2026-10-09T03:38:35.6938092Z Get:26 https://archive.ubuntu.com/ubuntu noble-security/multiverse Translation-en [12.4 kB]
2026-10-09T03:38:37.9916693Z Fetched 12.3 MB in 4s (2875 kB/s)
2026-10-09T03:38:38.9507747Z Reading package lists...
2026-10-09T03:38:38.9818890Z Reading package lists...
2026-10-09T03:38:39.2364062Z Building dependency tree...
2026-10-09T03:38:39.2371783Z Reading state information...
2026-10-09T03:38:39.4028739Z The following additional packages will be installed:
2026-10-09T03:38:39.4029675Z   i965-va-driver intel-media-va-driver libaacs0 libass9 libasyncns0
2026-10-09T03:38:39.4030640Z   libavc1394-0 libavcodec60 libavdevice60 libavfilter9 libavformat60
2026-10-09T03:38:39.4032169Z   libavutil58 libbdplus0 libblas3 libbluray2 libbs2b0 libcaca0
2026-10-09T03:38:39.4033202Z   libcdio-cdda2t64 libcdio-paranoia2t64 libcdio19t64 libchromaprint1 libcjson1
2026-10-09T03:38:39.4034228Z   libcodec2-1.2 libdav1d7 libdc1394-25 libdecor-0-0 libdecor-0-plugin-1-gtk
2026-10-09T03:38:39.4035218Z   libflac12t64 libflite1 libgme0 libgsm1 libhwy1t64 libiec61883-0 libigdgmm12
2026-10-09T03:38:39.4036486Z   libjack-jackd2-0 libjxl0.7 liblapack3 liblilv-0-0 libmbedcrypto7t64
2026-10-09T03:38:39.4037353Z   libmp3lame0 libmpg123-0t64 libmysofa1 libopenal-data libopenal1
2026-10-09T03:38:39.4038265Z   libopenmpt0t64 libopus0 libplacebo338 libpocketsphinx3 libpostproc57
2026-10-09T03:38:39.4039183Z   libpulse0 librav1e0 libraw1394-11 librist4 librsvg2-2 librsvg2-common
2026-10-09T03:38:39.4040160Z   librubberband2 libsamplerate0 libsdl2-2.0-0 libserd-0-0 libshine3
2026-10-09T03:38:39.4041074Z   libsndfile1 libsndio7.0 libsord-0-0 libsoxr0 libspeex1 libsphinxbase3t64
2026-10-09T03:38:39.4042136Z   libsratom-0-0 libsrt1.5-gnutls libssh-gcrypt-4 libsvtav1enc1d1
2026-10-09T03:38:39.4043120Z   libswresample4 libswscale7 libtheora0 libtwolame0 libudfread0 libunibreak5
2026-10-09T03:38:39.4044464Z   libva-drm2 libva-x11-2 libva2 libvdpau1 libvidstab1.1 libvorbisenc2 libvpl2
2026-10-09T03:38:39.4045645Z   libvpx9 libx264-164 libx265-199 libxcb-shape0 libxv1 libxvidcore4 libzimg2
2026-10-09T03:38:39.4046609Z   libzix-0-0 libzvbi-common libzvbi0t64 mesa-va-drivers mesa-vdpau-drivers
2026-10-09T03:38:39.4047458Z   ocl-icd-libopencl1 pocketsphinx-en-us va-driver-all vdpau-driver-all
2026-10-09T03:38:39.4047903Z Suggested packages:
2026-10-09T03:38:39.4048316Z   ffmpeg-doc i965-va-driver-shaders libcuda1 libnvcuvid1 libnvidia-encode1
2026-10-09T03:38:39.4048887Z   libbluray-bdj jackd2 libportaudio2 opus-tools pulseaudio libraw1394-doc
2026-10-09T03:38:39.4049425Z   librsvg2-bin serdi sndiod sordi speex opencl-icd libvdpau-va-gl1
2026-10-09T03:38:39.4589746Z The following NEW packages will be installed:
2026-10-09T03:38:39.4592893Z   ffmpeg i965-va-driver intel-media-va-driver libaacs0 libass9 libasyncns0
2026-10-09T03:38:39.4594187Z   libavc1394-0 libavcodec60 libavdevice60 libavfilter9 libavformat60
2026-10-09T03:38:39.4607033Z   libavutil58 libbdplus0 libblas3 libbluray2 libbs2b0 libcaca0
2026-10-09T03:38:39.4608203Z   libcdio-cdda2t64 libcdio-paranoia2t64 libcdio19t64 libchromaprint1 libcjson1
2026-10-09T03:38:39.4609405Z   libcodec2-1.2 libdav1d7 libdc1394-25 libdecor-0-0 libdecor-0-plugin-1-gtk
2026-10-09T03:38:39.4610563Z   libflac12t64 libflite1 libgme0 libgsm1 libhwy1t64 libiec61883-0 libigdgmm12
2026-10-09T03:38:39.4611674Z   libjack-jackd2-0 libjxl0.7 liblapack3 liblilv-0-0 libmbedcrypto7t64
2026-10-09T03:38:39.4612686Z   libmp3lame0 libmpg123-0t64 libmysofa1 libopenal-data libopenal1
2026-10-09T03:38:39.4613714Z   libopenmpt0t64 libopus0 libplacebo338 libpocketsphinx3 libpostproc57
2026-10-09T03:38:39.4614752Z   libpulse0 librav1e0 libraw1394-11 librist4 librsvg2-2 librsvg2-common
2026-10-09T03:38:39.4615784Z   librubberband2 libsamplerate0 libsdl2-2.0-0 libserd-0-0 libshine3
2026-10-09T03:38:39.4616615Z   libsndfile1 libsndio7.0 libsord-0-0 libsoxr0 libspeex1 libsphinxbase3t64
2026-10-09T03:38:39.4617454Z   libsratom-0-0 libsrt1.5-gnutls libssh-gcrypt-4 libsvtav1enc1d1
2026-10-09T03:38:39.4618313Z   libswresample4 libswscale7 libtheora0 libtwolame0 libudfread0 libunibreak5
2026-10-09T03:38:39.4619189Z   libva-drm2 libva-x11-2 libva2 libvdpau1 libvidstab1.1 libvorbisenc2 libvpl2
2026-10-09T03:38:39.4620136Z   libvpx9 libx264-164 libx265-199 libxcb-shape0 libxv1 libxvidcore4 libzimg2
2026-10-09T03:38:39.4621060Z   libzix-0-0 libzvbi-common libzvbi0t64 mesa-va-drivers mesa-vdpau-drivers
2026-10-09T03:38:39.4622033Z   ocl-icd-libopencl1 pocketsphinx-en-us va-driver-all vdpau-driver-all
2026-10-09T03:38:39.4908761Z 0 upgraded, 99 newly installed, 0 to remove and 23 not upgraded.
2026-10-09T03:38:39.4909884Z Need to get 94.1 MB of archives.
2026-10-09T03:38:39.4910943Z After this operation, 227 MB of additional disk space will be used.
2026-10-09T03:38:39.4912658Z Get:1 file:/etc/apt/apt-mirrors.txt Mirrorlist [139 B]
2026-10-09T03:38:39.7293271Z Get:2 https://archive.ubuntu.com/ubuntu noble-updates/universe amd64 libva2 amd64 2.20.0-2ubuntu0.2 [66.4 kB]
2026-10-09T03:38:39.8639239Z Get:3 https://archive.ubuntu.com/ubuntu noble-updates/universe amd64 libva-drm2 amd64 2.20.0-2ubuntu0.2 [7124 B]
2026-10-09T03:38:39.9090072Z Get:4 https://archive.ubuntu.com/ubuntu noble-updates/universe amd64 libva-x11-2 amd64 2.20.0-2ubuntu0.2 [12.0 kB]
2026-10-09T03:38:39.9560559Z Get:5 https://archive.ubuntu.com/ubuntu noble/main amd64 libvdpau1 amd64 1.5-2build1 [27.8 kB]
2026-10-09T03:38:40.0086085Z Get:6 https://archive.ubuntu.com/ubuntu noble/universe amd64 libvpl2 amd64 2023.3.0-1build1 [99.8 kB]
2026-10-09T03:38:40.0968566Z Get:7 https://archive.ubuntu.com/ubuntu noble/universe amd64 ocl-icd-libopencl1 amd64 2.3.2-1build1 [38.5 kB]
2026-10-09T03:38:40.1457187Z Get:8 https://archive.ubuntu.com/ubuntu noble/universe amd64 libavutil58 amd64 7:6.1.1-3ubuntu5 [401 kB]
2026-10-09T03:38:40.2772107Z Get:9 https://archive.ubuntu.com/ubuntu noble/universe amd64 libcodec2-1.2 amd64 1.2.0-2build1 [8998 kB]
2026-10-09T03:38:40.6360910Z Get:10 https://archive.ubuntu.com/ubuntu noble/universe amd64 libdav1d7 amd64 1.4.1-1build1 [604 kB]
2026-10-09T03:38:40.6842327Z Get:11 https://archive.ubuntu.com/ubuntu noble/universe amd64 libgsm1 amd64 1.0.22-1build1 [27.8 kB]
2026-10-09T03:38:40.7312917Z Get:12 https://archive.ubuntu.com/ubuntu noble/universe amd64 libhwy1t64 amd64 1.0.7-8.1build1 [584 kB]
2026-10-09T03:38:40.7848052Z Get:13 https://archive.ubuntu.com/ubuntu noble-updates/universe amd64 libjxl0.7 amd64 0.7.0-10.2ubuntu6.1 [1001 kB]
2026-10-09T03:38:40.8356239Z Get:14 https://archive.ubuntu.com/ubuntu noble/main amd64 libmp3lame0 amd64 3.100-6build1 [142 kB]
2026-10-09T03:38:40.8803347Z Get:15 https://archive.ubuntu.com/ubuntu noble/main amd64 libopus0 amd64 1.4-1build1 [208 kB]
2026-10-09T03:38:40.9254873Z Get:16 https://archive.ubuntu.com/ubuntu noble/universe amd64 librav1e0 amd64 0.7.1-2 [1022 kB]
2026-10-09T03:38:40.9761887Z Get:17 https://archive.ubuntu.com/ubuntu noble-updates/main amd64 librsvg2-2 amd64 2.58.0+dfsg-1ubuntu0.1 [2141 kB]
2026-10-09T03:38:41.0350110Z Get:18 https://archive.ubuntu.com/ubuntu noble/universe amd64 libshine3 amd64 3.1.1-2build1 [23.2 kB]
2026-10-09T03:38:41.0793601Z Get:19 https://archive.ubuntu.com/ubuntu noble-updates/main amd64 libspeex1 amd64 1.2.1-2ubuntu2.24.04.1 [59.6 kB]
2026-10-09T03:38:41.1234619Z Get:20 https://archive.ubuntu.com/ubuntu noble/universe amd64 libsvtav1enc1d1 amd64 1.7.0+dfsg-2build1 [2425 kB]
2026-10-09T03:38:41.2679475Z Get:21 https://archive.ubuntu.com/ubuntu noble/universe amd64 libsoxr0 amd64 0.1.3-4build3 [80.0 kB]
2026-10-09T03:38:41.3121857Z Get:22 https://archive.ubuntu.com/ubuntu noble/universe amd64 libswresample4 amd64 7:6.1.1-3ubuntu5 [63.8 kB]
2026-10-09T03:38:41.3565883Z Get:23 https://archive.ubuntu.com/ubuntu noble/main amd64 libtheora0 amd64 1.1.1+dfsg.1-16.1build3 [211 kB]
2026-10-09T03:38:41.4018500Z Get:24 https://archive.ubuntu.com/ubuntu noble/main amd64 libtwolame0 amd64 0.4.0-2build3 [52.3 kB]
2026-10-09T03:38:41.4459460Z Get:25 https://archive.ubuntu.com/ubuntu noble/main amd64 libvorbisenc2 amd64 1.3.7-1build3 [80.8 kB]
2026-10-09T03:38:41.4902524Z Get:26 https://archive.ubuntu.com/ubuntu noble-updates/main amd64 libvpx9 amd64 1.14.0-1ubuntu2.3 [1143 kB]
2026-10-09T03:38:41.5424078Z Get:27 https://archive.ubuntu.com/ubuntu noble/universe amd64 libx264-164 amd64 2:0.164.3108+git31e19f9-1 [604 kB]
2026-10-09T03:38:41.5902465Z Get:28 https://archive.ubuntu.com/ubuntu noble/universe amd64 libx265-199 amd64 3.5-2build1 [1226 kB]
2026-10-09T03:38:41.6417276Z Get:29 https://archive.ubuntu.com/ubuntu noble/universe amd64 libxvidcore4 amd64 2:1.3.7-1build1 [219 kB]
2026-10-09T03:38:41.6866870Z Get:30 https://archive.ubuntu.com/ubuntu noble/universe amd64 libzvbi-common all 0.2.42-2 [42.4 kB]
2026-10-09T03:38:41.7332297Z Get:31 https://archive.ubuntu.com/ubuntu noble/universe amd64 libzvbi0t64 amd64 0.2.42-2 [261 kB]
2026-10-09T03:38:41.7793845Z Get:32 https://archive.ubuntu.com/ubuntu noble/universe amd64 libavcodec60 amd64 7:6.1.1-3ubuntu5 [5851 kB]
2026-10-09T03:38:41.8679421Z Get:33 https://archive.ubuntu.com/ubuntu noble/main amd64 libraw1394-11 amd64 2.1.2-2build3 [26.2 kB]
2026-10-09T03:38:41.9115716Z Get:34 https://archive.ubuntu.com/ubuntu noble/main amd64 libavc1394-0 amd64 0.5.4-5build3 [15.4 kB]
2026-10-09T03:38:41.9553905Z Get:35 https://archive.ubuntu.com/ubuntu noble/universe amd64 libunibreak5 amd64 5.1-2build1 [25.0 kB]
2026-10-09T03:38:41.9994808Z Get:36 https://archive.ubuntu.com/ubuntu noble/universe amd64 libass9 amd64 1:0.17.1-2build1 [104 kB]
2026-10-09T03:38:42.0437259Z Get:37 https://archive.ubuntu.com/ubuntu noble/universe amd64 libudfread0 amd64 1.1.2-1build1 [19.0 kB]
2026-10-09T03:38:42.0875299Z Get:38 https://archive.ubuntu.com/ubuntu noble/universe amd64 libbluray2 amd64 1:1.3.4-1build1 [159 kB]
2026-10-09T03:38:42.1326531Z Get:39 https://archive.ubuntu.com/ubuntu noble/universe amd64 libchromaprint1 amd64 1.5.1-5 [30.5 kB]
2026-10-09T03:38:42.2602013Z Get:40 https://archive.ubuntu.com/ubuntu noble/universe amd64 libgme0 amd64 0.6.3-7build1 [134 kB]
2026-10-09T03:38:42.3052858Z Get:41 https://archive.ubuntu.com/ubuntu noble-updates/main amd64 libmpg123-0t64 amd64 1.32.5-1ubuntu1.1 [169 kB]
2026-10-09T03:38:42.3498050Z Get:42 https://archive.ubuntu.com/ubuntu noble/universe amd64 libopenmpt0t64 amd64 0.7.3-1.1build3 [647 kB]
2026-10-09T03:38:42.3972793Z Get:43 https://archive.ubuntu.com/ubuntu noble/universe amd64 libcjson1 amd64 1.7.17-1 [24.8 kB]
2026-10-09T03:38:42.4412278Z Get:44 https://archive.ubuntu.com/ubuntu noble/universe amd64 libmbedcrypto7t64 amd64 2.28.8-1 [209 kB]
2026-10-09T03:38:42.4861823Z Get:45 https://archive.ubuntu.com/ubuntu noble/universe amd64 librist4 amd64 0.2.10+dfsg-2 [74.9 kB]
2026-10-09T03:38:42.5301361Z Get:46 https://archive.ubuntu.com/ubuntu noble/universe amd64 libsrt1.5-gnutls amd64 1.5.3-1build2 [316 kB]
2026-10-09T03:38:42.5757759Z Get:47 https://archive.ubuntu.com/ubuntu noble-updates/main amd64 libssh-gcrypt-4 amd64 0.10.6-2ubuntu0.5 [226 kB]
2026-10-09T03:38:42.6210627Z Get:48 https://archive.ubuntu.com/ubuntu noble/universe amd64 libavformat60 amd64 7:6.1.1-3ubuntu5 [1153 kB]
2026-10-09T03:38:42.6717166Z Get:49 https://archive.ubuntu.com/ubuntu noble/universe amd64 libbs2b0 amd64 3.1.0+dfsg-7build1 [10.6 kB]
2026-10-09T03:38:42.7154889Z Get:50 https://archive.ubuntu.com/ubuntu noble/universe amd64 libflite1 amd64 2.2-6build3 [13.6 MB]
2026-10-09T03:38:42.8430321Z Get:51 https://archive.ubuntu.com/ubuntu noble/universe amd64 libserd-0-0 amd64 0.32.2-1 [43.6 kB]
2026-10-09T03:38:42.8871262Z Get:52 https://archive.ubuntu.com/ubuntu noble/universe amd64 libzix-0-0 amd64 0.4.2-2build1 [23.6 kB]
2026-10-09T03:38:42.9311608Z Get:53 https://archive.ubuntu.com/ubuntu noble/universe amd64 libsord-0-0 amd64 0.16.16-2build1 [15.8 kB]
2026-10-09T03:38:42.9747764Z Get:54 https://archive.ubuntu.com/ubuntu noble/universe amd64 libsratom-0-0 amd64 0.6.16-1build1 [17.3 kB]
2026-10-09T03:38:43.0184229Z Get:55 https://archive.ubuntu.com/ubuntu noble/universe amd64 liblilv-0-0 amd64 0.24.22-1build1 [41.0 kB]
2026-10-09T03:38:43.0630812Z Get:56 https://archive.ubuntu.com/ubuntu noble/universe amd64 libmysofa1 amd64 1.3.2+dfsg-2ubuntu2 [1158 kB]
2026-10-09T03:38:43.1137119Z Get:57 https://archive.ubuntu.com/ubuntu noble/universe amd64 libplacebo338 amd64 6.338.2-2build1 [2654 kB]
2026-10-09T03:38:43.1736169Z Get:58 https://archive.ubuntu.com/ubuntu noble-updates/main amd64 libblas3 amd64 3.12.0-3build1.1 [238 kB]
2026-10-09T03:38:43.2192543Z Get:59 https://archive.ubuntu.com/ubuntu noble-updates/main amd64 liblapack3 amd64 3.12.0-3build1.1 [2646 kB]
2026-10-09T03:38:43.3632436Z Get:60 https://archive.ubuntu.com/ubuntu noble/main amd64 libasyncns0 amd64 0.8-6build4 [11.3 kB]
2026-10-09T03:38:43.4075740Z Get:61 https://archive.ubuntu.com/ubuntu noble/main amd64 libflac12t64 amd64 1.4.3+ds-2.1ubuntu2 [197 kB]
2026-10-09T03:38:43.4525907Z Get:62 https://archive.ubuntu.com/ubuntu noble-updates/main amd64 libsndfile1 amd64 1.2.2-1ubuntu5.24.04.1 [209 kB]
2026-10-09T03:38:43.4981854Z Get:63 https://archive.ubuntu.com/ubuntu noble-updates/main amd64 libpulse0 amd64 1:16.1+dfsg1-2ubuntu10.1 [292 kB]
2026-10-09T03:38:43.5438565Z Get:64 https://archive.ubuntu.com/ubuntu noble/universe amd64 libsphinxbase3t64 amd64 0.8+5prealpha+1-17build2 [126 kB]
2026-10-09T03:38:43.5882820Z Get:65 https://archive.ubuntu.com/ubuntu noble/universe amd64 libpocketsphinx3 amd64 0.8.0+real5prealpha+1-15ubuntu5 [133 kB]
2026-10-09T03:38:43.6327434Z Get:66 https://archive.ubuntu.com/ubuntu noble/universe amd64 libpostproc57 amd64 7:6.1.1-3ubuntu5 [49.9 kB]
2026-10-09T03:38:43.6765765Z Get:67 https://archive.ubuntu.com/ubuntu noble/main amd64 libsamplerate0 amd64 0.2.2-4build1 [1344 kB]
2026-10-09T03:38:43.7283652Z Get:68 https://archive.ubuntu.com/ubuntu noble/universe amd64 librubberband2 amd64 3.3.0+dfsg-2build1 [130 kB]
2026-10-09T03:38:43.7732315Z Get:69 https://archive.ubuntu.com/ubuntu noble/universe amd64 libswscale7 amd64 7:6.1.1-3ubuntu5 [193 kB]
2026-10-09T03:38:43.8180377Z Get:70 https://archive.ubuntu.com/ubuntu noble/universe amd64 libvidstab1.1 amd64 1.1.0-2build1 [38.5 kB]
2026-10-09T03:38:43.8692828Z Get:71 https://archive.ubuntu.com/ubuntu noble/universe amd64 libzimg2 amd64 3.0.5+ds1-1build1 [254 kB]
2026-10-09T03:38:43.9145302Z Get:72 https://archive.ubuntu.com/ubuntu noble/universe amd64 libavfilter9 amd64 7:6.1.1-3ubuntu5 [4235 kB]
2026-10-09T03:38:43.9872459Z Get:73 https://archive.ubuntu.com/ubuntu noble-updates/main amd64 libcaca0 amd64 0.99.beta20-4ubuntu0.2 [209 kB]
2026-10-09T03:38:44.0320160Z Get:74 https://archive.ubuntu.com/ubuntu noble-updates/main amd64 libcdio19t64 amd64 2.1.0-4.1ubuntu1.2 [62.4 kB]
2026-10-09T03:38:44.0760755Z Get:75 https://archive.ubuntu.com/ubuntu noble/main amd64 libcdio-cdda2t64 amd64 10.2+2.0.1-1.1build2 [16.5 kB]
2026-10-09T03:38:44.1194050Z Get:76 https://archive.ubuntu.com/ubuntu noble/main amd64 libcdio-paranoia2t64 amd64 10.2+2.0.1-1.1build2 [16.6 kB]
2026-10-09T03:38:44.1632430Z Get:77 https://archive.ubuntu.com/ubuntu noble/universe amd64 libdc1394-25 amd64 2.2.6-4build1 [90.1 kB]
2026-10-09T03:38:44.2909062Z Get:78 https://archive.ubuntu.com/ubuntu noble/main amd64 libiec61883-0 amd64 1.2.0-6build1 [24.5 kB]
2026-10-09T03:38:44.3347938Z Get:79 https://archive.ubuntu.com/ubuntu noble/main amd64 libjack-jackd2-0 amd64 1.9.21~dfsg-3ubuntu3 [289 kB]
2026-10-09T03:38:44.3799781Z Get:80 https://archive.ubuntu.com/ubuntu noble/universe amd64 libopenal-data all 1:1.23.1-4build1 [161 kB]
2026-10-09T03:38:44.4244900Z Get:81 https://archive.ubuntu.com/ubuntu noble/universe amd64 libsndio7.0 amd64 1.9.0-0.3build3 [29.6 kB]
2026-10-09T03:38:44.4685976Z Get:82 https://archive.ubuntu.com/ubuntu noble/universe amd64 libopenal1 amd64 1:1.23.1-4build1 [540 kB]
2026-10-09T03:38:44.5152381Z Get:83 https://archive.ubuntu.com/ubuntu noble/main amd64 libdecor-0-0 amd64 0.2.2-1build2 [16.5 kB]
2026-10-09T03:38:44.5590056Z Get:84 https://archive.ubuntu.com/ubuntu noble-updates/main amd64 libsdl2-2.0-0 amd64 2.30.0+dfsg-1ubuntu3.1 [686 kB]
2026-10-09T03:38:44.6069463Z Get:85 https://archive.ubuntu.com/ubuntu noble/main amd64 libxcb-shape0 amd64 1.15-1ubuntu2 [6100 B]
2026-10-09T03:38:44.6505062Z Get:86 https://archive.ubuntu.com/ubuntu noble/main amd64 libxv1 amd64 2:1.0.11-1.1build1 [10.7 kB]
2026-10-09T03:38:44.6944131Z Get:87 https://archive.ubuntu.com/ubuntu noble/universe amd64 libavdevice60 amd64 7:6.1.1-3ubuntu5 [82.3 kB]
2026-10-09T03:38:44.7387031Z Get:88 https://archive.ubuntu.com/ubuntu noble/universe amd64 ffmpeg amd64 7:6.1.1-3ubuntu5 [1879 kB]
2026-10-09T03:38:44.7946595Z Get:89 https://archive.ubuntu.com/ubuntu noble-updates/universe amd64 libigdgmm12 amd64 22.3.17+ds1-1ubuntu1 [145 kB]
2026-10-09T03:38:44.8395143Z Get:90 https://archive.ubuntu.com/ubuntu noble-updates/universe amd64 intel-media-va-driver amd64 24.1.0+dfsg1-1ubuntu0.2 [3163 kB]
2026-10-09T03:38:44.9043760Z Get:91 https://archive.ubuntu.com/ubuntu noble/universe amd64 libaacs0 amd64 0.11.1-2build1 [62.9 kB]
2026-10-09T03:38:44.9485083Z Get:92 https://archive.ubuntu.com/ubuntu noble/universe amd64 libbdplus0 amd64 0.2.0-3build1 [52.2 kB]
2026-10-09T03:38:44.9924823Z Get:93 https://archive.ubuntu.com/ubuntu noble/main amd64 libdecor-0-plugin-1-gtk amd64 0.2.2-1build2 [22.2 kB]
2026-10-09T03:38:45.0359958Z Get:94 https://archive.ubuntu.com/ubuntu noble-updates/main amd64 librsvg2-common amd64 2.58.0+dfsg-1ubuntu0.1 [11.8 kB]
2026-10-09T03:38:45.0796548Z Get:95 https://archive.ubuntu.com/ubuntu noble-updates/universe amd64 mesa-va-drivers amd64 25.2.8-0ubuntu0.24.04.4 [6778 B]
2026-10-09T03:38:45.1230608Z Get:96 https://archive.ubuntu.com/ubuntu noble-updates/main amd64 mesa-vdpau-drivers amd64 25.2.8-0ubuntu0.24.04.4 [23.4 kB]
2026-10-09T03:38:45.2504669Z Get:97 https://archive.ubuntu.com/ubuntu noble-updates/universe amd64 i965-va-driver amd64 2.4.1+dfsg1-1ubuntu0.2 [332 kB]
2026-10-09T03:38:45.2958915Z Get:98 https://archive.ubuntu.com/ubuntu noble-updates/universe amd64 va-driver-all amd64 2.20.0-2ubuntu0.2 [5014 B]
2026-10-09T03:38:45.3395270Z Get:99 https://archive.ubuntu.com/ubuntu noble/main amd64 vdpau-driver-all amd64 1.5-2build1 [4414 B]
2026-10-09T03:38:45.3831093Z Get:100 https://archive.ubuntu.com/ubuntu noble/universe amd64 pocketsphinx-en-us all 0.8.0+real5prealpha+1-15ubuntu5 [27.4 MB]
2026-10-09T03:38:45.9094729Z Fetched 94.1 MB in 6s (15.5 MB/s)
2026-10-09T03:38:45.9336189Z Selecting previously unselected package libva2:amd64.
2026-10-09T03:38:45.9596801Z (Reading database ... 
2026-10-09T03:38:45.9597623Z (Reading database ... 5%
2026-10-09T03:38:45.9598311Z (Reading database ... 10%
2026-10-09T03:38:45.9598950Z (Reading database ... 15%
2026-10-09T03:38:45.9599466Z (Reading database ... 20%
2026-10-09T03:38:45.9599935Z (Reading database ... 25%
2026-10-09T03:38:45.9600425Z (Reading database ... 30%
2026-10-09T03:38:45.9600819Z (Reading database ... 35%
2026-10-09T03:38:45.9601118Z (Reading database ... 40%
2026-10-09T03:38:45.9601415Z (Reading database ... 45%
2026-10-09T03:38:45.9601742Z (Reading database ... 50%
2026-10-09T03:38:45.9647845Z (Reading database ... 55%
2026-10-09T03:38:46.0946720Z (Reading database ... 60%
2026-10-09T03:38:46.3014687Z (Reading database ... 65%
2026-10-09T03:38:46.4963692Z (Reading database ... 70%
2026-10-09T03:38:46.6543046Z (Reading database ... 75%
2026-10-09T03:38:46.8367215Z (Reading database ... 80%
2026-10-09T03:38:46.9956959Z (Reading database ... 85%
2026-10-09T03:38:47.1458838Z (Reading database ... 90%
2026-10-09T03:38:47.2938479Z (Reading database ... 95%
2026-10-09T03:38:47.2939201Z (Reading database ... 100%
2026-10-09T03:38:47.2940177Z (Reading database ... 203191 files and directories currently installed.)
2026-10-09T03:38:47.2987482Z Preparing to unpack .../00-libva2_2.20.0-2ubuntu0.2_amd64.deb ...
2026-10-09T03:38:47.3020589Z Unpacking libva2:amd64 (2.20.0-2ubuntu0.2) ...
2026-10-09T03:38:47.3253121Z Selecting previously unselected package libva-drm2:amd64.
2026-10-09T03:38:47.3389486Z Preparing to unpack .../01-libva-drm2_2.20.0-2ubuntu0.2_amd64.deb ...
2026-10-09T03:38:47.3393593Z Unpacking libva-drm2:amd64 (2.20.0-2ubuntu0.2) ...
2026-10-09T03:38:47.3607154Z Selecting previously unselected package libva-x11-2:amd64.
2026-10-09T03:38:47.3742243Z Preparing to unpack .../02-libva-x11-2_2.20.0-2ubuntu0.2_amd64.deb ...
2026-10-09T03:38:47.3750166Z Unpacking libva-x11-2:amd64 (2.20.0-2ubuntu0.2) ...
2026-10-09T03:38:47.3969664Z Selecting previously unselected package libvdpau1:amd64.
2026-10-09T03:38:47.4100004Z Preparing to unpack .../03-libvdpau1_1.5-2build1_amd64.deb ...
2026-10-09T03:38:47.4106763Z Unpacking libvdpau1:amd64 (1.5-2build1) ...
2026-10-09T03:38:47.4315546Z Selecting previously unselected package libvpl2.
2026-10-09T03:38:47.4444678Z Preparing to unpack .../04-libvpl2_2023.3.0-1build1_amd64.deb ...
2026-10-09T03:38:47.4451757Z Unpacking libvpl2 (2023.3.0-1build1) ...
2026-10-09T03:38:47.4677188Z Selecting previously unselected package ocl-icd-libopencl1:amd64.
2026-10-09T03:38:47.4807877Z Preparing to unpack .../05-ocl-icd-libopencl1_2.3.2-1build1_amd64.deb ...
2026-10-09T03:38:47.4817269Z Unpacking ocl-icd-libopencl1:amd64 (2.3.2-1build1) ...
2026-10-09T03:38:47.5068007Z Selecting previously unselected package libavutil58:amd64.
2026-10-09T03:38:47.5197089Z Preparing to unpack .../06-libavutil58_7%3a6.1.1-3ubuntu5_amd64.deb ...
2026-10-09T03:38:47.5203392Z Unpacking libavutil58:amd64 (7:6.1.1-3ubuntu5) ...
2026-10-09T03:38:47.5450960Z Selecting previously unselected package libcodec2-1.2:amd64.
2026-10-09T03:38:47.5579920Z Preparing to unpack .../07-libcodec2-1.2_1.2.0-2build1_amd64.deb ...
2026-10-09T03:38:47.5586416Z Unpacking libcodec2-1.2:amd64 (1.2.0-2build1) ...
2026-10-09T03:38:47.6312931Z Selecting previously unselected package libdav1d7:amd64.
2026-10-09T03:38:47.6443725Z Preparing to unpack .../08-libdav1d7_1.4.1-1build1_amd64.deb ...
2026-10-09T03:38:47.6450558Z Unpacking libdav1d7:amd64 (1.4.1-1build1) ...
2026-10-09T03:38:47.6715811Z Selecting previously unselected package libgsm1:amd64.
2026-10-09T03:38:47.6844003Z Preparing to unpack .../09-libgsm1_1.0.22-1build1_amd64.deb ...
2026-10-09T03:38:47.6851143Z Unpacking libgsm1:amd64 (1.0.22-1build1) ...
2026-10-09T03:38:47.7051554Z Selecting previously unselected package libhwy1t64:amd64.
2026-10-09T03:38:47.7180358Z Preparing to unpack .../10-libhwy1t64_1.0.7-8.1build1_amd64.deb ...
2026-10-09T03:38:47.7227536Z Unpacking libhwy1t64:amd64 (1.0.7-8.1build1) ...
2026-10-09T03:38:47.7551751Z Selecting previously unselected package libjxl0.7:amd64.
2026-10-09T03:38:47.7681654Z Preparing to unpack .../11-libjxl0.7_0.7.0-10.2ubuntu6.1_amd64.deb ...
2026-10-09T03:38:47.7688729Z Unpacking libjxl0.7:amd64 (0.7.0-10.2ubuntu6.1) ...
2026-10-09T03:38:47.8028016Z Selecting previously unselected package libmp3lame0:amd64.
2026-10-09T03:38:47.8156130Z Preparing to unpack .../12-libmp3lame0_3.100-6build1_amd64.deb ...
2026-10-09T03:38:47.8162579Z Unpacking libmp3lame0:amd64 (3.100-6build1) ...
2026-10-09T03:38:47.8369919Z Selecting previously unselected package libopus0:amd64.
2026-10-09T03:38:47.8498446Z Preparing to unpack .../13-libopus0_1.4-1build1_amd64.deb ...
2026-10-09T03:38:47.8505083Z Unpacking libopus0:amd64 (1.4-1build1) ...
2026-10-09T03:38:47.8723630Z Selecting previously unselected package librav1e0:amd64.
2026-10-09T03:38:47.8852927Z Preparing to unpack .../14-librav1e0_0.7.1-2_amd64.deb ...
2026-10-09T03:38:47.8859811Z Unpacking librav1e0:amd64 (0.7.1-2) ...
2026-10-09T03:38:47.9177490Z Selecting previously unselected package librsvg2-2:amd64.
2026-10-09T03:38:47.9306745Z Preparing to unpack .../15-librsvg2-2_2.58.0+dfsg-1ubuntu0.1_amd64.deb ...
2026-10-09T03:38:47.9313931Z Unpacking librsvg2-2:amd64 (2.58.0+dfsg-1ubuntu0.1) ...
2026-10-09T03:38:47.9769023Z Selecting previously unselected package libshine3:amd64.
2026-10-09T03:38:47.9902665Z Preparing to unpack .../16-libshine3_3.1.1-2build1_amd64.deb ...
2026-10-09T03:38:47.9909722Z Unpacking libshine3:amd64 (3.1.1-2build1) ...
2026-10-09T03:38:48.0118298Z Selecting previously unselected package libspeex1:amd64.
2026-10-09T03:38:48.0248903Z Preparing to unpack .../17-libspeex1_1.2.1-2ubuntu2.24.04.1_amd64.deb ...
2026-10-09T03:38:48.0255336Z Unpacking libspeex1:amd64 (1.2.1-2ubuntu2.24.04.1) ...
2026-10-09T03:38:48.0457247Z Selecting previously unselected package libsvtav1enc1d1:amd64.
2026-10-09T03:38:48.0588097Z Preparing to unpack .../18-libsvtav1enc1d1_1.7.0+dfsg-2build1_amd64.deb ...
2026-10-09T03:38:48.0594927Z Unpacking libsvtav1enc1d1:amd64 (1.7.0+dfsg-2build1) ...
2026-10-09T03:38:48.1224269Z Selecting previously unselected package libsoxr0:amd64.
2026-10-09T03:38:48.1352784Z Preparing to unpack .../19-libsoxr0_0.1.3-4build3_amd64.deb ...
2026-10-09T03:38:48.1360139Z Unpacking libsoxr0:amd64 (0.1.3-4build3) ...
2026-10-09T03:38:48.1576026Z Selecting previously unselected package libswresample4:amd64.
2026-10-09T03:38:48.1707554Z Preparing to unpack .../20-libswresample4_7%3a6.1.1-3ubuntu5_amd64.deb ...
2026-10-09T03:38:48.1714243Z Unpacking libswresample4:amd64 (7:6.1.1-3ubuntu5) ...
2026-10-09T03:38:48.1931127Z Selecting previously unselected package libtheora0:amd64.
2026-10-09T03:38:48.2059930Z Preparing to unpack .../21-libtheora0_1.1.1+dfsg.1-16.1build3_amd64.deb ...
2026-10-09T03:38:48.2068746Z Unpacking libtheora0:amd64 (1.1.1+dfsg.1-16.1build3) ...
2026-10-09T03:38:48.2297106Z Selecting previously unselected package libtwolame0:amd64.
2026-10-09T03:38:48.2424848Z Preparing to unpack .../22-libtwolame0_0.4.0-2build3_amd64.deb ...
2026-10-09T03:38:48.2431803Z Unpacking libtwolame0:amd64 (0.4.0-2build3) ...
2026-10-09T03:38:48.2630219Z Selecting previously unselected package libvorbisenc2:amd64.
2026-10-09T03:38:48.2757629Z Preparing to unpack .../23-libvorbisenc2_1.3.7-1build3_amd64.deb ...
2026-10-09T03:38:48.2764499Z Unpacking libvorbisenc2:amd64 (1.3.7-1build3) ...
2026-10-09T03:38:48.2983623Z Selecting previously unselected package libvpx9:amd64.
2026-10-09T03:38:48.3111136Z Preparing to unpack .../24-libvpx9_1.14.0-1ubuntu2.3_amd64.deb ...
2026-10-09T03:38:48.3118307Z Unpacking libvpx9:amd64 (1.14.0-1ubuntu2.3) ...
2026-10-09T03:38:48.3438837Z Selecting previously unselected package libx264-164:amd64.
2026-10-09T03:38:48.3567034Z Preparing to unpack .../25-libx264-164_2%3a0.164.3108+git31e19f9-1_amd64.deb ...
2026-10-09T03:38:48.3574250Z Unpacking libx264-164:amd64 (2:0.164.3108+git31e19f9-1) ...
2026-10-09T03:38:48.3840225Z Selecting previously unselected package libx265-199:amd64.
2026-10-09T03:38:48.3970506Z Preparing to unpack .../26-libx265-199_3.5-2build1_amd64.deb ...
2026-10-09T03:38:48.3978022Z Unpacking libx265-199:amd64 (3.5-2build1) ...
2026-10-09T03:38:48.4630897Z Selecting previously unselected package libxvidcore4:amd64.
2026-10-09T03:38:48.4768854Z Preparing to unpack .../27-libxvidcore4_2%3a1.3.7-1build1_amd64.deb ...
2026-10-09T03:38:48.4778072Z Unpacking libxvidcore4:amd64 (2:1.3.7-1build1) ...
2026-10-09T03:38:48.5024357Z Selecting previously unselected package libzvbi-common.
2026-10-09T03:38:48.5160179Z Preparing to unpack .../28-libzvbi-common_0.2.42-2_all.deb ...
2026-10-09T03:38:48.5168238Z Unpacking libzvbi-common (0.2.42-2) ...
2026-10-09T03:38:48.5620054Z Selecting previously unselected package libzvbi0t64:amd64.
2026-10-09T03:38:48.5762753Z Preparing to unpack .../29-libzvbi0t64_0.2.42-2_amd64.deb ...
2026-10-09T03:38:48.5771376Z Unpacking libzvbi0t64:amd64 (0.2.42-2) ...
2026-10-09T03:38:48.6045980Z Selecting previously unselected package libavcodec60:amd64.
2026-10-09T03:38:48.6184168Z Preparing to unpack .../30-libavcodec60_7%3a6.1.1-3ubuntu5_amd64.deb ...
2026-10-09T03:38:48.6191907Z Unpacking libavcodec60:amd64 (7:6.1.1-3ubuntu5) ...
2026-10-09T03:38:48.7023416Z Selecting previously unselected package libraw1394-11:amd64.
2026-10-09T03:38:48.7155945Z Preparing to unpack .../31-libraw1394-11_2.1.2-2build3_amd64.deb ...
2026-10-09T03:38:48.7162840Z Unpacking libraw1394-11:amd64 (2.1.2-2build3) ...
2026-10-09T03:38:48.7363214Z Selecting previously unselected package libavc1394-0:amd64.
2026-10-09T03:38:48.7554966Z Preparing to unpack .../32-libavc1394-0_0.5.4-5build3_amd64.deb ...
2026-10-09T03:38:48.7560111Z Unpacking libavc1394-0:amd64 (0.5.4-5build3) ...
2026-10-09T03:38:48.7711678Z Selecting previously unselected package libunibreak5:amd64.
2026-10-09T03:38:48.7842430Z Preparing to unpack .../33-libunibreak5_5.1-2build1_amd64.deb ...
2026-10-09T03:38:48.7850063Z Unpacking libunibreak5:amd64 (5.1-2build1) ...
2026-10-09T03:38:48.8055871Z Selecting previously unselected package libass9:amd64.
2026-10-09T03:38:48.8185863Z Preparing to unpack .../34-libass9_1%3a0.17.1-2build1_amd64.deb ...
2026-10-09T03:38:48.8193687Z Unpacking libass9:amd64 (1:0.17.1-2build1) ...
2026-10-09T03:38:48.8407862Z Selecting previously unselected package libudfread0:amd64.
2026-10-09T03:38:48.8537043Z Preparing to unpack .../35-libudfread0_1.1.2-1build1_amd64.deb ...
2026-10-09T03:38:48.8545052Z Unpacking libudfread0:amd64 (1.1.2-1build1) ...
2026-10-09T03:38:48.8744327Z Selecting previously unselected package libbluray2:amd64.
2026-10-09T03:38:48.8873428Z Preparing to unpack .../36-libbluray2_1%3a1.3.4-1build1_amd64.deb ...
2026-10-09T03:38:48.8881287Z Unpacking libbluray2:amd64 (1:1.3.4-1build1) ...
2026-10-09T03:38:48.9100878Z Selecting previously unselected package libchromaprint1:amd64.
2026-10-09T03:38:48.9232235Z Preparing to unpack .../37-libchromaprint1_1.5.1-5_amd64.deb ...
2026-10-09T03:38:48.9239353Z Unpacking libchromaprint1:amd64 (1.5.1-5) ...
2026-10-09T03:38:48.9444421Z Selecting previously unselected package libgme0:amd64.
2026-10-09T03:38:48.9580174Z Preparing to unpack .../38-libgme0_0.6.3-7build1_amd64.deb ...
2026-10-09T03:38:48.9587644Z Unpacking libgme0:amd64 (0.6.3-7build1) ...
2026-10-09T03:38:48.9803817Z Selecting previously unselected package libmpg123-0t64:amd64.
2026-10-09T03:38:48.9936073Z Preparing to unpack .../39-libmpg123-0t64_1.32.5-1ubuntu1.1_amd64.deb ...
2026-10-09T03:38:48.9942936Z Unpacking libmpg123-0t64:amd64 (1.32.5-1ubuntu1.1) ...
2026-10-09T03:38:49.0169016Z Selecting previously unselected package libopenmpt0t64:amd64.
2026-10-09T03:38:49.0302091Z Preparing to unpack .../40-libopenmpt0t64_0.7.3-1.1build3_amd64.deb ...
2026-10-09T03:38:49.0309572Z Unpacking libopenmpt0t64:amd64 (0.7.3-1.1build3) ...
2026-10-09T03:38:49.0577984Z Selecting previously unselected package libcjson1:amd64.
2026-10-09T03:38:49.0707724Z Preparing to unpack .../41-libcjson1_1.7.17-1_amd64.deb ...
2026-10-09T03:38:49.0714831Z Unpacking libcjson1:amd64 (1.7.17-1) ...
2026-10-09T03:38:49.0916631Z Selecting previously unselected package libmbedcrypto7t64:amd64.
2026-10-09T03:38:49.1047676Z Preparing to unpack .../42-libmbedcrypto7t64_2.28.8-1_amd64.deb ...
2026-10-09T03:38:49.1054852Z Unpacking libmbedcrypto7t64:amd64 (2.28.8-1) ...
2026-10-09T03:38:49.1285794Z Selecting previously unselected package librist4:amd64.
2026-10-09T03:38:49.1414518Z Preparing to unpack .../43-librist4_0.2.10+dfsg-2_amd64.deb ...
2026-10-09T03:38:49.1421615Z Unpacking librist4:amd64 (0.2.10+dfsg-2) ...
2026-10-09T03:38:49.1627119Z Selecting previously unselected package libsrt1.5-gnutls:amd64.
2026-10-09T03:38:49.1757536Z Preparing to unpack .../44-libsrt1.5-gnutls_1.5.3-1build2_amd64.deb ...
2026-10-09T03:38:49.1765256Z Unpacking libsrt1.5-gnutls:amd64 (1.5.3-1build2) ...
2026-10-09T03:38:49.2008505Z Selecting previously unselected package libssh-gcrypt-4:amd64.
2026-10-09T03:38:49.2142967Z Preparing to unpack .../45-libssh-gcrypt-4_0.10.6-2ubuntu0.5_amd64.deb ...
2026-10-09T03:38:49.2150845Z Unpacking libssh-gcrypt-4:amd64 (0.10.6-2ubuntu0.5) ...
2026-10-09T03:38:49.2388045Z Selecting previously unselected package libavformat60:amd64.
2026-10-09T03:38:49.2517003Z Preparing to unpack .../46-libavformat60_7%3a6.1.1-3ubuntu5_amd64.deb ...
2026-10-09T03:38:49.2525041Z Unpacking libavformat60:amd64 (7:6.1.1-3ubuntu5) ...
2026-10-09T03:38:49.2842542Z Selecting previously unselected package libbs2b0:amd64.
2026-10-09T03:38:49.2972847Z Preparing to unpack .../47-libbs2b0_3.1.0+dfsg-7build1_amd64.deb ...
2026-10-09T03:38:49.2979828Z Unpacking libbs2b0:amd64 (3.1.0+dfsg-7build1) ...
2026-10-09T03:38:49.3200146Z Selecting previously unselected package libflite1:amd64.
2026-10-09T03:38:49.3334575Z Preparing to unpack .../48-libflite1_2.2-6build3_amd64.deb ...
2026-10-09T03:38:49.3341318Z Unpacking libflite1:amd64 (2.2-6build3) ...
2026-10-09T03:38:49.4437817Z Selecting previously unselected package libserd-0-0:amd64.
2026-10-09T03:38:49.4568355Z Preparing to unpack .../49-libserd-0-0_0.32.2-1_amd64.deb ...
2026-10-09T03:38:49.4575770Z Unpacking libserd-0-0:amd64 (0.32.2-1) ...
2026-10-09T03:38:49.4781008Z Selecting previously unselected package libzix-0-0:amd64.
2026-10-09T03:38:49.4909289Z Preparing to unpack .../50-libzix-0-0_0.4.2-2build1_amd64.deb ...
2026-10-09T03:38:49.4916628Z Unpacking libzix-0-0:amd64 (0.4.2-2build1) ...
2026-10-09T03:38:49.5113791Z Selecting previously unselected package libsord-0-0:amd64.
2026-10-09T03:38:49.5245744Z Preparing to unpack .../51-libsord-0-0_0.16.16-2build1_amd64.deb ...
2026-10-09T03:38:49.5251945Z Unpacking libsord-0-0:amd64 (0.16.16-2build1) ...
2026-10-09T03:38:49.5458103Z Selecting previously unselected package libsratom-0-0:amd64.
2026-10-09T03:38:49.5586423Z Preparing to unpack .../52-libsratom-0-0_0.6.16-1build1_amd64.deb ...
2026-10-09T03:38:49.5593806Z Unpacking libsratom-0-0:amd64 (0.6.16-1build1) ...
2026-10-09T03:38:49.5790462Z Selecting previously unselected package liblilv-0-0:amd64.
2026-10-09T03:38:49.5920592Z Preparing to unpack .../53-liblilv-0-0_0.24.22-1build1_amd64.deb ...
2026-10-09T03:38:49.5928325Z Unpacking liblilv-0-0:amd64 (0.24.22-1build1) ...
2026-10-09T03:38:49.6130131Z Selecting previously unselected package libmysofa1:amd64.
2026-10-09T03:38:49.6265203Z Preparing to unpack .../54-libmysofa1_1.3.2+dfsg-2ubuntu2_amd64.deb ...
2026-10-09T03:38:49.6272893Z Unpacking libmysofa1:amd64 (1.3.2+dfsg-2ubuntu2) ...
2026-10-09T03:38:49.6532548Z Selecting previously unselected package libplacebo338:amd64.
2026-10-09T03:38:49.6665704Z Preparing to unpack .../55-libplacebo338_6.338.2-2build1_amd64.deb ...
2026-10-09T03:38:49.6671807Z Unpacking libplacebo338:amd64 (6.338.2-2build1) ...
2026-10-09T03:38:49.7218638Z Selecting previously unselected package libblas3:amd64.
2026-10-09T03:38:49.7349203Z Preparing to unpack .../56-libblas3_3.12.0-3build1.1_amd64.deb ...
2026-10-09T03:38:49.7379689Z Unpacking libblas3:amd64 (3.12.0-3build1.1) ...
2026-10-09T03:38:49.7610607Z Selecting previously unselected package liblapack3:amd64.
2026-10-09T03:38:49.7742123Z Preparing to unpack .../57-liblapack3_3.12.0-3build1.1_amd64.deb ...
2026-10-09T03:38:49.7771464Z Unpacking liblapack3:amd64 (3.12.0-3build1.1) ...
2026-10-09T03:38:49.8262191Z Selecting previously unselected package libasyncns0:amd64.
2026-10-09T03:38:49.8395059Z Preparing to unpack .../58-libasyncns0_0.8-6build4_amd64.deb ...
2026-10-09T03:38:49.8401837Z Unpacking libasyncns0:amd64 (0.8-6build4) ...
2026-10-09T03:38:49.8625942Z Selecting previously unselected package libflac12t64:amd64.
2026-10-09T03:38:49.8758940Z Preparing to unpack .../59-libflac12t64_1.4.3+ds-2.1ubuntu2_amd64.deb ...
2026-10-09T03:38:49.8766696Z Unpacking libflac12t64:amd64 (1.4.3+ds-2.1ubuntu2) ...
2026-10-09T03:38:49.9001178Z Selecting previously unselected package libsndfile1:amd64.
2026-10-09T03:38:49.9131363Z Preparing to unpack .../60-libsndfile1_1.2.2-1ubuntu5.24.04.1_amd64.deb ...
2026-10-09T03:38:49.9138963Z Unpacking libsndfile1:amd64 (1.2.2-1ubuntu5.24.04.1) ...
2026-10-09T03:38:49.9385926Z Selecting previously unselected package libpulse0:amd64.
2026-10-09T03:38:49.9516730Z Preparing to unpack .../61-libpulse0_1%3a16.1+dfsg1-2ubuntu10.1_amd64.deb ...
2026-10-09T03:38:49.9583455Z Unpacking libpulse0:amd64 (1:16.1+dfsg1-2ubuntu10.1) ...
2026-10-09T03:38:49.9828625Z Selecting previously unselected package libsphinxbase3t64:amd64.
2026-10-09T03:38:49.9958441Z Preparing to unpack .../62-libsphinxbase3t64_0.8+5prealpha+1-17build2_amd64.deb ...
2026-10-09T03:38:49.9965122Z Unpacking libsphinxbase3t64:amd64 (0.8+5prealpha+1-17build2) ...
2026-10-09T03:38:50.0176825Z Selecting previously unselected package libpocketsphinx3:amd64.
2026-10-09T03:38:50.0304711Z Preparing to unpack .../63-libpocketsphinx3_0.8.0+real5prealpha+1-15ubuntu5_amd64.deb ...
2026-10-09T03:38:50.0314946Z Unpacking libpocketsphinx3:amd64 (0.8.0+real5prealpha+1-15ubuntu5) ...
2026-10-09T03:38:50.0522619Z Selecting previously unselected package libpostproc57:amd64.
2026-10-09T03:38:50.0651630Z Preparing to unpack .../64-libpostproc57_7%3a6.1.1-3ubuntu5_amd64.deb ...
2026-10-09T03:38:50.0658894Z Unpacking libpostproc57:amd64 (7:6.1.1-3ubuntu5) ...
2026-10-09T03:38:50.0863018Z Selecting previously unselected package libsamplerate0:amd64.
2026-10-09T03:38:50.0992758Z Preparing to unpack .../65-libsamplerate0_0.2.2-4build1_amd64.deb ...
2026-10-09T03:38:50.1000068Z Unpacking libsamplerate0:amd64 (0.2.2-4build1) ...
2026-10-09T03:38:50.1251859Z Selecting previously unselected package librubberband2:amd64.
2026-10-09T03:38:50.1379553Z Preparing to unpack .../66-librubberband2_3.3.0+dfsg-2build1_amd64.deb ...
2026-10-09T03:38:50.1386449Z Unpacking librubberband2:amd64 (3.3.0+dfsg-2build1) ...
2026-10-09T03:38:50.1592118Z Selecting previously unselected package libswscale7:amd64.
2026-10-09T03:38:50.1717660Z Preparing to unpack .../67-libswscale7_7%3a6.1.1-3ubuntu5_amd64.deb ...
2026-10-09T03:38:50.1724141Z Unpacking libswscale7:amd64 (7:6.1.1-3ubuntu5) ...
2026-10-09T03:38:50.1940534Z Selecting previously unselected package libvidstab1.1:amd64.
2026-10-09T03:38:50.2065844Z Preparing to unpack .../68-libvidstab1.1_1.1.0-2build1_amd64.deb ...
2026-10-09T03:38:50.2072444Z Unpacking libvidstab1.1:amd64 (1.1.0-2build1) ...
2026-10-09T03:38:50.2268442Z Selecting previously unselected package libzimg2:amd64.
2026-10-09T03:38:50.2395558Z Preparing to unpack .../69-libzimg2_3.0.5+ds1-1build1_amd64.deb ...
2026-10-09T03:38:50.2402940Z Unpacking libzimg2:amd64 (3.0.5+ds1-1build1) ...
2026-10-09T03:38:50.2629534Z Selecting previously unselected package libavfilter9:amd64.
2026-10-09T03:38:50.2752972Z Preparing to unpack .../70-libavfilter9_7%3a6.1.1-3ubuntu5_amd64.deb ...
2026-10-09T03:38:50.2759957Z Unpacking libavfilter9:amd64 (7:6.1.1-3ubuntu5) ...
2026-10-09T03:38:50.3427567Z Selecting previously unselected package libcaca0:amd64.
2026-10-09T03:38:50.3556828Z Preparing to unpack .../71-libcaca0_0.99.beta20-4ubuntu0.2_amd64.deb ...
2026-10-09T03:38:50.3564439Z Unpacking libcaca0:amd64 (0.99.beta20-4ubuntu0.2) ...
2026-10-09T03:38:50.3801960Z Selecting previously unselected package libcdio19t64:amd64.
2026-10-09T03:38:50.3930620Z Preparing to unpack .../72-libcdio19t64_2.1.0-4.1ubuntu1.2_amd64.deb ...
2026-10-09T03:38:50.3937590Z Unpacking libcdio19t64:amd64 (2.1.0-4.1ubuntu1.2) ...
2026-10-09T03:38:50.4139991Z Selecting previously unselected package libcdio-cdda2t64:amd64.
2026-10-09T03:38:50.4266355Z Preparing to unpack .../73-libcdio-cdda2t64_10.2+2.0.1-1.1build2_amd64.deb ...
2026-10-09T03:38:50.4273846Z Unpacking libcdio-cdda2t64:amd64 (10.2+2.0.1-1.1build2) ...
2026-10-09T03:38:50.4469121Z Selecting previously unselected package libcdio-paranoia2t64:amd64.
2026-10-09T03:38:50.4594504Z Preparing to unpack .../74-libcdio-paranoia2t64_10.2+2.0.1-1.1build2_amd64.deb ...
2026-10-09T03:38:50.4601989Z Unpacking libcdio-paranoia2t64:amd64 (10.2+2.0.1-1.1build2) ...
2026-10-09T03:38:50.4797219Z Selecting previously unselected package libdc1394-25:amd64.
2026-10-09T03:38:50.4923000Z Preparing to unpack .../75-libdc1394-25_2.2.6-4build1_amd64.deb ...
2026-10-09T03:38:50.4931090Z Unpacking libdc1394-25:amd64 (2.2.6-4build1) ...
2026-10-09T03:38:50.5135578Z Selecting previously unselected package libiec61883-0:amd64.
2026-10-09T03:38:50.5259100Z Preparing to unpack .../76-libiec61883-0_1.2.0-6build1_amd64.deb ...
2026-10-09T03:38:50.5267465Z Unpacking libiec61883-0:amd64 (1.2.0-6build1) ...
2026-10-09T03:38:50.5462482Z Selecting previously unselected package libjack-jackd2-0:amd64.
2026-10-09T03:38:50.5585634Z Preparing to unpack .../77-libjack-jackd2-0_1.9.21~dfsg-3ubuntu3_amd64.deb ...
2026-10-09T03:38:50.5591699Z Unpacking libjack-jackd2-0:amd64 (1.9.21~dfsg-3ubuntu3) ...
2026-10-09T03:38:50.5820099Z Selecting previously unselected package libopenal-data.
2026-10-09T03:38:50.5943397Z Preparing to unpack .../78-libopenal-data_1%3a1.23.1-4build1_all.deb ...
2026-10-09T03:38:50.5950417Z Unpacking libopenal-data (1:1.23.1-4build1) ...
2026-10-09T03:38:50.6179615Z Selecting previously unselected package libsndio7.0:amd64.
2026-10-09T03:38:50.6304797Z Preparing to unpack .../79-libsndio7.0_1.9.0-0.3build3_amd64.deb ...
2026-10-09T03:38:50.6313024Z Unpacking libsndio7.0:amd64 (1.9.0-0.3build3) ...
2026-10-09T03:38:50.6517694Z Selecting previously unselected package libopenal1:amd64.
2026-10-09T03:38:50.6644419Z Preparing to unpack .../80-libopenal1_1%3a1.23.1-4build1_amd64.deb ...
2026-10-09T03:38:50.6651692Z Unpacking libopenal1:amd64 (1:1.23.1-4build1) ...
2026-10-09T03:38:50.6900819Z Selecting previously unselected package libdecor-0-0:amd64.
2026-10-09T03:38:50.7026417Z Preparing to unpack .../81-libdecor-0-0_0.2.2-1build2_amd64.deb ...
2026-10-09T03:38:50.7034253Z Unpacking libdecor-0-0:amd64 (0.2.2-1build2) ...
2026-10-09T03:38:50.7226589Z Selecting previously unselected package libsdl2-2.0-0:amd64.
2026-10-09T03:38:50.7350705Z Preparing to unpack .../82-libsdl2-2.0-0_2.30.0+dfsg-1ubuntu3.1_amd64.deb ...
2026-10-09T03:38:50.7358130Z Unpacking libsdl2-2.0-0:amd64 (2.30.0+dfsg-1ubuntu3.1) ...
2026-10-09T03:38:50.7901059Z Selecting previously unselected package libxcb-shape0:amd64.
2026-10-09T03:38:50.8026686Z Preparing to unpack .../83-libxcb-shape0_1.15-1ubuntu2_amd64.deb ...
2026-10-09T03:38:50.8033361Z Unpacking libxcb-shape0:amd64 (1.15-1ubuntu2) ...
2026-10-09T03:38:50.8221527Z Selecting previously unselected package libxv1:amd64.
2026-10-09T03:38:50.8343710Z Preparing to unpack .../84-libxv1_2%3a1.0.11-1.1build1_amd64.deb ...
2026-10-09T03:38:50.8359014Z Unpacking libxv1:amd64 (2:1.0.11-1.1build1) ...
2026-10-09T03:38:50.8548487Z Selecting previously unselected package libavdevice60:amd64.
2026-10-09T03:38:50.8667883Z Preparing to unpack .../85-libavdevice60_7%3a6.1.1-3ubuntu5_amd64.deb ...
2026-10-09T03:38:50.8675801Z Unpacking libavdevice60:amd64 (7:6.1.1-3ubuntu5) ...
2026-10-09T03:38:50.8866854Z Selecting previously unselected package ffmpeg.
2026-10-09T03:38:50.8989445Z Preparing to unpack .../86-ffmpeg_7%3a6.1.1-3ubuntu5_amd64.deb ...
2026-10-09T03:38:50.8996245Z Unpacking ffmpeg (7:6.1.1-3ubuntu5) ...
2026-10-09T03:38:50.9396944Z Selecting previously unselected package libigdgmm12:amd64.
2026-10-09T03:38:50.9521539Z Preparing to unpack .../87-libigdgmm12_22.3.17+ds1-1ubuntu1_amd64.deb ...
2026-10-09T03:38:50.9527796Z Unpacking libigdgmm12:amd64 (22.3.17+ds1-1ubuntu1) ...
2026-10-09T03:38:50.9730101Z Selecting previously unselected package intel-media-va-driver:amd64.
2026-10-09T03:38:50.9853658Z Preparing to unpack .../88-intel-media-va-driver_24.1.0+dfsg1-1ubuntu0.2_amd64.deb ...
2026-10-09T03:38:50.9859853Z Unpacking intel-media-va-driver:amd64 (24.1.0+dfsg1-1ubuntu0.2) ...
2026-10-09T03:38:51.0517199Z Selecting previously unselected package libaacs0:amd64.
2026-10-09T03:38:51.0647386Z Preparing to unpack .../89-libaacs0_0.11.1-2build1_amd64.deb ...
2026-10-09T03:38:51.0654219Z Unpacking libaacs0:amd64 (0.11.1-2build1) ...
2026-10-09T03:38:51.0855910Z Selecting previously unselected package libbdplus0:amd64.
2026-10-09T03:38:51.0984130Z Preparing to unpack .../90-libbdplus0_0.2.0-3build1_amd64.deb ...
2026-10-09T03:38:51.0990868Z Unpacking libbdplus0:amd64 (0.2.0-3build1) ...
2026-10-09T03:38:51.1191259Z Selecting previously unselected package libdecor-0-plugin-1-gtk:amd64.
2026-10-09T03:38:51.1318082Z Preparing to unpack .../91-libdecor-0-plugin-1-gtk_0.2.2-1build2_amd64.deb ...
2026-10-09T03:38:51.1324088Z Unpacking libdecor-0-plugin-1-gtk:amd64 (0.2.2-1build2) ...
2026-10-09T03:38:51.1519492Z Selecting previously unselected package librsvg2-common:amd64.
2026-10-09T03:38:51.1644879Z Preparing to unpack .../92-librsvg2-common_2.58.0+dfsg-1ubuntu0.1_amd64.deb ...
2026-10-09T03:38:51.1650836Z Unpacking librsvg2-common:amd64 (2.58.0+dfsg-1ubuntu0.1) ...
2026-10-09T03:38:51.1856693Z Selecting previously unselected package mesa-va-drivers:amd64.
2026-10-09T03:38:51.1979373Z Preparing to unpack .../93-mesa-va-drivers_25.2.8-0ubuntu0.24.04.4_amd64.deb ...
2026-10-09T03:38:51.1987130Z Unpacking mesa-va-drivers:amd64 (25.2.8-0ubuntu0.24.04.4) ...
2026-10-09T03:38:51.2182625Z Selecting previously unselected package mesa-vdpau-drivers:amd64.
2026-10-09T03:38:51.2306470Z Preparing to unpack .../94-mesa-vdpau-drivers_25.2.8-0ubuntu0.24.04.4_amd64.deb ...
2026-10-09T03:38:51.2313950Z Unpacking mesa-vdpau-drivers:amd64 (25.2.8-0ubuntu0.24.04.4) ...
2026-10-09T03:38:51.2513040Z Selecting previously unselected package i965-va-driver:amd64.
2026-10-09T03:38:51.2634109Z Preparing to unpack .../95-i965-va-driver_2.4.1+dfsg1-1ubuntu0.2_amd64.deb ...
2026-10-09T03:38:51.2641175Z Unpacking i965-va-driver:amd64 (2.4.1+dfsg1-1ubuntu0.2) ...
2026-10-09T03:38:51.2880733Z Selecting previously unselected package va-driver-all:amd64.
2026-10-09T03:38:51.3002484Z Preparing to unpack .../96-va-driver-all_2.20.0-2ubuntu0.2_amd64.deb ...
2026-10-09T03:38:51.3009476Z Unpacking va-driver-all:amd64 (2.20.0-2ubuntu0.2) ...
2026-10-09T03:38:51.3187815Z Selecting previously unselected package vdpau-driver-all:amd64.
2026-10-09T03:38:51.3308342Z Preparing to unpack .../97-vdpau-driver-all_1.5-2build1_amd64.deb ...
2026-10-09T03:38:51.3315238Z Unpacking vdpau-driver-all:amd64 (1.5-2build1) ...
2026-10-09T03:38:51.3502826Z Selecting previously unselected package pocketsphinx-en-us.
2026-10-09T03:38:51.3623537Z Preparing to unpack .../98-pocketsphinx-en-us_0.8.0+real5prealpha+1-15ubuntu5_all.deb ...
2026-10-09T03:38:51.3630333Z Unpacking pocketsphinx-en-us (0.8.0+real5prealpha+1-15ubuntu5) ...
2026-10-09T03:38:51.5557739Z Setting up libgme0:amd64 (0.6.3-7build1) ...
2026-10-09T03:38:51.5577947Z Setting up libchromaprint1:amd64 (1.5.1-5) ...
2026-10-09T03:38:51.5594613Z Setting up libssh-gcrypt-4:amd64 (0.10.6-2ubuntu0.5) ...
2026-10-09T03:38:51.5614225Z Setting up libhwy1t64:amd64 (1.0.7-8.1build1) ...
2026-10-09T03:38:51.5632486Z Setting up libudfread0:amd64 (1.1.2-1build1) ...
2026-10-09T03:38:51.5651881Z Setting up libraw1394-11:amd64 (2.1.2-2build3) ...
2026-10-09T03:38:51.5669868Z Setting up libspeex1:amd64 (1.2.1-2ubuntu2.24.04.1) ...
2026-10-09T03:38:51.5689012Z Setting up libshine3:amd64 (3.1.1-2build1) ...
2026-10-09T03:38:51.5707537Z Setting up libcaca0:amd64 (0.99.beta20-4ubuntu0.2) ...
2026-10-09T03:38:51.5725051Z Setting up libvpl2 (2023.3.0-1build1) ...
2026-10-09T03:38:51.5744505Z Setting up libx264-164:amd64 (2:0.164.3108+git31e19f9-1) ...
2026-10-09T03:38:51.5763720Z Setting up libtwolame0:amd64 (0.4.0-2build3) ...
2026-10-09T03:38:51.5784357Z Setting up libmbedcrypto7t64:amd64 (2.28.8-1) ...
2026-10-09T03:38:51.5804632Z Setting up libgsm1:amd64 (1.0.22-1build1) ...
2026-10-09T03:38:51.5826093Z Setting up libsoxr0:amd64 (0.1.3-4build3) ...
2026-10-09T03:38:51.5847301Z Setting up libzix-0-0:amd64 (0.4.2-2build1) ...
2026-10-09T03:38:51.5869503Z Setting up libcodec2-1.2:amd64 (1.2.0-2build1) ...
2026-10-09T03:38:51.5889855Z Setting up libmysofa1:amd64 (1.3.2+dfsg-2ubuntu2) ...
2026-10-09T03:38:51.5910685Z Setting up libxcb-shape0:amd64 (1.15-1ubuntu2) ...
2026-10-09T03:38:51.5975368Z Setting up libcdio19t64:amd64 (2.1.0-4.1ubuntu1.2) ...
2026-10-09T03:38:51.5998593Z Setting up libsvtav1enc1d1:amd64 (1.7.0+dfsg-2build1) ...
2026-10-09T03:38:51.6017621Z Setting up libigdgmm12:amd64 (22.3.17+ds1-1ubuntu1) ...
2026-10-09T03:38:51.6040105Z Setting up libmpg123-0t64:amd64 (1.32.5-1ubuntu1.1) ...
2026-10-09T03:38:51.6060113Z Setting up libcjson1:amd64 (1.7.17-1) ...
2026-10-09T03:38:51.6084301Z Setting up libxvidcore4:amd64 (2:1.3.7-1build1) ...
2026-10-09T03:38:51.6105673Z Setting up librav1e0:amd64 (0.7.1-2) ...
2026-10-09T03:38:51.6126239Z Setting up libcdio-cdda2t64:amd64 (10.2+2.0.1-1.1build2) ...
2026-10-09T03:38:51.6146288Z Setting up librist4:amd64 (0.2.10+dfsg-2) ...
2026-10-09T03:38:51.6163351Z Setting up librsvg2-2:amd64 (2.58.0+dfsg-1ubuntu0.1) ...
2026-10-09T03:38:51.6182682Z Setting up libblas3:amd64 (3.12.0-3build1.1) ...
2026-10-09T03:38:51.6245873Z update-alternatives: using /usr/lib/x86_64-linux-gnu/blas/libblas.so.3 to provide /usr/lib/x86_64-linux-gnu/libblas.so.3 (libblas.so.3-x86_64-linux-gnu) in auto mode
2026-10-09T03:38:51.6261541Z Setting up libplacebo338:amd64 (6.338.2-2build1) ...
2026-10-09T03:38:51.6281692Z Setting up libva2:amd64 (2.20.0-2ubuntu0.2) ...
2026-10-09T03:38:51.6305567Z Setting up libopus0:amd64 (1.4-1build1) ...
2026-10-09T03:38:51.6325646Z Setting up libcdio-paranoia2t64:amd64 (10.2+2.0.1-1.1build2) ...
2026-10-09T03:38:51.6347525Z Setting up libdc1394-25:amd64 (2.2.6-4build1) ...
2026-10-09T03:38:51.6365226Z Setting up intel-media-va-driver:amd64 (24.1.0+dfsg1-1ubuntu0.2) ...
2026-10-09T03:38:51.6381667Z Setting up libxv1:amd64 (2:1.0.11-1.1build1) ...
2026-10-09T03:38:51.6405455Z Setting up libunibreak5:amd64 (5.1-2build1) ...
2026-10-09T03:38:51.6424233Z Setting up libaacs0:amd64 (0.11.1-2build1) ...
2026-10-09T03:38:51.6445314Z Setting up libjxl0.7:amd64 (0.7.0-10.2ubuntu6.1) ...
2026-10-09T03:38:51.6464905Z Setting up librsvg2-common:amd64 (2.58.0+dfsg-1ubuntu0.1) ...
2026-10-09T03:38:51.6515060Z Setting up pocketsphinx-en-us (0.8.0+real5prealpha+1-15ubuntu5) ...
2026-10-09T03:38:51.6535502Z Setting up libx265-199:amd64 (3.5-2build1) ...
2026-10-09T03:38:51.6555234Z Setting up libsndio7.0:amd64 (1.9.0-0.3build3) ...
2026-10-09T03:38:51.6583687Z Setting up libbdplus0:amd64 (0.2.0-3build1) ...
2026-10-09T03:38:51.6603609Z Setting up libvidstab1.1:amd64 (1.1.0-2build1) ...
2026-10-09T03:38:51.6622942Z Setting up libvpx9:amd64 (1.14.0-1ubuntu2.3) ...
2026-10-09T03:38:51.6644849Z Setting up libsrt1.5-gnutls:amd64 (1.5.3-1build2) ...
2026-10-09T03:38:51.6664968Z Setting up libflite1:amd64 (2.2-6build3) ...
2026-10-09T03:38:51.6685149Z Setting up libdav1d7:amd64 (1.4.1-1build1) ...
2026-10-09T03:38:51.6708855Z Setting up libva-drm2:amd64 (2.20.0-2ubuntu0.2) ...
2026-10-09T03:38:51.6728056Z Setting up ocl-icd-libopencl1:amd64 (2.3.2-1build1) ...
2026-10-09T03:38:51.6749275Z Setting up libasyncns0:amd64 (0.8-6build4) ...
2026-10-09T03:38:51.6768044Z Setting up libvdpau1:amd64 (1.5-2build1) ...
2026-10-09T03:38:51.6797526Z Setting up libbs2b0:amd64 (3.1.0+dfsg-7build1) ...
2026-10-09T03:38:51.6817917Z Setting up libtheora0:amd64 (1.1.1+dfsg.1-16.1build3) ...
2026-10-09T03:38:51.6838667Z Setting up libdecor-0-0:amd64 (0.2.2-1build2) ...
2026-10-09T03:38:51.6857163Z Setting up libzimg2:amd64 (3.0.5+ds1-1build1) ...
2026-10-09T03:38:51.6882398Z Setting up libopenal-data (1:1.23.1-4build1) ...
2026-10-09T03:38:51.6909425Z Setting up libflac12t64:amd64 (1.4.3+ds-2.1ubuntu2) ...
2026-10-09T03:38:51.6928030Z Setting up mesa-va-drivers:amd64 (25.2.8-0ubuntu0.24.04.4) ...
2026-10-09T03:38:51.6947194Z Setting up libbluray2:amd64 (1:1.3.4-1build1) ...
2026-10-09T03:38:51.6966857Z Setting up libsamplerate0:amd64 (0.2.2-4build1) ...
2026-10-09T03:38:51.6986268Z Setting up libva-x11-2:amd64 (2.20.0-2ubuntu0.2) ...
2026-10-09T03:38:51.7007731Z Setting up libdecor-0-plugin-1-gtk:amd64 (0.2.2-1build2) ...
2026-10-09T03:38:51.7030111Z Setting up libopenmpt0t64:amd64 (0.7.3-1.1build3) ...
2026-10-09T03:38:51.7051927Z Setting up libzvbi-common (0.2.42-2) ...
2026-10-09T03:38:51.7076842Z Setting up libmp3lame0:amd64 (3.100-6build1) ...
2026-10-09T03:38:51.7097677Z Setting up i965-va-driver:amd64 (2.4.1+dfsg1-1ubuntu0.2) ...
2026-10-09T03:38:51.7118176Z Setting up libvorbisenc2:amd64 (1.3.7-1build3) ...
2026-10-09T03:38:51.7140925Z Setting up libiec61883-0:amd64 (1.2.0-6build1) ...
2026-10-09T03:38:51.7162952Z Setting up libserd-0-0:amd64 (0.32.2-1) ...
2026-10-09T03:38:51.7236295Z Setting up libavc1394-0:amd64 (0.5.4-5build3) ...
2026-10-09T03:38:51.7257853Z Setting up mesa-vdpau-drivers:amd64 (25.2.8-0ubuntu0.24.04.4) ...
2026-10-09T03:38:51.7280442Z Setting up liblapack3:amd64 (3.12.0-3build1.1) ...
2026-10-09T03:38:51.7342505Z update-alternatives: using /usr/lib/x86_64-linux-gnu/lapack/liblapack.so.3 to provide /usr/lib/x86_64-linux-gnu/liblapack.so.3 (liblapack.so.3-x86_64-linux-gnu) in auto mode
2026-10-09T03:38:51.7361883Z Setting up libzvbi0t64:amd64 (0.2.42-2) ...
2026-10-09T03:38:51.7387612Z Setting up libavutil58:amd64 (7:6.1.1-3ubuntu5) ...
2026-10-09T03:38:51.7411336Z Setting up libopenal1:amd64 (1:1.23.1-4build1) ...
2026-10-09T03:38:51.7433733Z Setting up libass9:amd64 (1:0.17.1-2build1) ...
2026-10-09T03:38:51.7457798Z Setting up libswresample4:amd64 (7:6.1.1-3ubuntu5) ...
2026-10-09T03:38:51.7476898Z Setting up va-driver-all:amd64 (2.20.0-2ubuntu0.2) ...
2026-10-09T03:38:51.7500600Z Setting up libavcodec60:amd64 (7:6.1.1-3ubuntu5) ...
2026-10-09T03:38:51.7522128Z Setting up librubberband2:amd64 (3.3.0+dfsg-2build1) ...
2026-10-09T03:38:51.7809603Z Setting up libjack-jackd2-0:amd64 (1.9.21~dfsg-3ubuntu3) ...
2026-10-09T03:38:51.7833233Z Setting up vdpau-driver-all:amd64 (1.5-2build1) ...
2026-10-09T03:38:51.7856271Z Setting up libsord-0-0:amd64 (0.16.16-2build1) ...
2026-10-09T03:38:51.7877201Z Setting up libpostproc57:amd64 (7:6.1.1-3ubuntu5) ...
2026-10-09T03:38:51.7899017Z Setting up libsratom-0-0:amd64 (0.6.16-1build1) ...
2026-10-09T03:38:51.7923414Z Setting up libsndfile1:amd64 (1.2.2-1ubuntu5.24.04.1) ...
2026-10-09T03:38:51.7941433Z Setting up liblilv-0-0:amd64 (0.24.22-1build1) ...
2026-10-09T03:38:51.7968014Z Setting up libswscale7:amd64 (7:6.1.1-3ubuntu5) ...
2026-10-09T03:38:51.7988469Z Setting up libpulse0:amd64 (1:16.1+dfsg1-2ubuntu10.1) ...
2026-10-09T03:38:51.8065828Z Setting up libavformat60:amd64 (7:6.1.1-3ubuntu5) ...
2026-10-09T03:38:51.8086096Z Setting up libsphinxbase3t64:amd64 (0.8+5prealpha+1-17build2) ...
2026-10-09T03:38:51.8104300Z Setting up libsdl2-2.0-0:amd64 (2.30.0+dfsg-1ubuntu3.1) ...
2026-10-09T03:38:51.8126969Z Setting up libpocketsphinx3:amd64 (0.8.0+real5prealpha+1-15ubuntu5) ...
2026-10-09T03:38:51.8146906Z Setting up libavfilter9:amd64 (7:6.1.1-3ubuntu5) ...
2026-10-09T03:38:51.8168987Z Setting up libavdevice60:amd64 (7:6.1.1-3ubuntu5) ...
2026-10-09T03:38:51.8190218Z Setting up ffmpeg (7:6.1.1-3ubuntu5) ...
2026-10-09T03:38:51.8213661Z Processing triggers for man-db (2.12.0-4build2) ...
2026-10-09T03:38:51.8236039Z Not building database; man-db/auto-update is not 'true'.
2026-10-09T03:38:51.8250232Z Processing triggers for libgdk-pixbuf-2.0-0:amd64 (2.42.10+dfsg-3ubuntu3.3) ...
2026-10-09T03:38:52.2400659Z Processing triggers for libc-bin (2.39-0ubuntu8.9) ...
2026-10-09T03:38:52.9051332Z 
2026-10-09T03:38:52.9052121Z Running kernel seems to be up-to-date.
2026-10-09T03:38:52.9052466Z 
2026-10-09T03:38:52.9052683Z No services need to be restarted.
2026-10-09T03:38:52.9052951Z 
2026-10-09T03:38:52.9053163Z No containers need to be restarted.
2026-10-09T03:38:52.9053422Z 
2026-10-09T03:38:52.9053675Z No user sessions are running outdated binaries.
2026-10-09T03:38:52.9053994Z 
2026-10-09T03:38:52.9054407Z No VM guests are running outdated hypervisor (qemu) binaries on this host.
2026-10-09T03:38:54.1668871Z ffprobe version 6.1.1-3ubuntu5 Copyright (c) 2007-2023 the FFmpeg developers
2026-10-09T03:38:54.1669807Z built with gcc 13 (Ubuntu 13.2.0-23ubuntu3)
2026-10-09T03:38:54.1680131Z configuration: --prefix=/usr --extra-version=3ubuntu5 --toolchain=hardened --libdir=/usr/lib/x86_64-linux-gnu --incdir=/usr/include/x86_64-linux-gnu --arch=amd64 --enable-gpl --disable-stripping --disable-omx --enable-gnutls --enable-libaom --enable-libass --enable-libbs2b --enable-libcaca --enable-libcdio --enable-libcodec2 --enable-libdav1d --enable-libflite --enable-libfontconfig --enable-libfreetype --enable-libfribidi --enable-libglslang --enable-libgme --enable-libgsm --enable-libharfbuzz --enable-libmp3lame --enable-libmysofa --enable-libopenjpeg --enable-libopenmpt --enable-libopus --enable-librubberband --enable-libshine --enable-libsnappy --enable-libsoxr --enable-libspeex --enable-libtheora --enable-libtwolame --enable-libvidstab --enable-libvorbis --enable-libvpx --enable-libwebp --enable-libx265 --enable-libxml2 --enable-libxvid --enable-libzimg --enable-openal --enable-opencl --enable-opengl --disable-sndio --enable-libvpl --disable-libmfx --enable-libdc1394 --enable-libdrm --enable-libiec61883 --enable-chromaprint --enable-frei0r --enable-ladspa --enable-libbluray --enable-libjack --enable-libpulse --enable-librabbitmq --enable-librist --enable-libsrt --enable-libssh --enable-libsvtav1 --enable-libx264 --enable-libzmq --enable-libzvbi --enable-lv2 --enable-sdl2 --enable-libplacebo --enable-librav1e --enable-pocketsphinx --enable-librsvg --enable-libjxl --enable-shared
2026-10-09T03:38:54.1687827Z libavutil      58. 29.100 / 58. 29.100
2026-10-09T03:38:54.1688157Z libavcodec     60. 31.102 / 60. 31.102
2026-10-09T03:38:54.1688491Z libavformat    60. 16.100 / 60. 16.100
2026-10-09T03:38:54.1688821Z libavdevice    60.  3.100 / 60.  3.100
2026-10-09T03:38:54.1689134Z libavfilter     9. 12.100 /  9. 12.100
2026-10-09T03:38:54.1689442Z libswscale      7.  5.100 /  7.  5.100
2026-10-09T03:38:54.1689758Z libswresample   4. 12.100 /  4. 12.100
2026-10-09T03:38:54.1690072Z libpostproc    57.  3.100 / 57.  3.100
2026-10-09T03:38:54.2111888Z ffmpeg version 6.1.1-3ubuntu5 Copyright (c) 2000-2023 the FFmpeg developers
2026-10-09T03:38:54.2112988Z built with gcc 13 (Ubuntu 13.2.0-23ubuntu3)
2026-10-09T03:38:54.2126291Z configuration: --prefix=/usr --extra-version=3ubuntu5 --toolchain=hardened --libdir=/usr/lib/x86_64-linux-gnu --incdir=/usr/include/x86_64-linux-gnu --arch=amd64 --enable-gpl --disable-stripping --disable-omx --enable-gnutls --enable-libaom --enable-libass --enable-libbs2b --enable-libcaca --enable-libcdio --enable-libcodec2 --enable-libdav1d --enable-libflite --enable-libfontconfig --enable-libfreetype --enable-libfribidi --enable-libglslang --enable-libgme --enable-libgsm --enable-libharfbuzz --enable-libmp3lame --enable-libmysofa --enable-libopenjpeg --enable-libopenmpt --enable-libopus --enable-librubberband --enable-libshine --enable-libsnappy --enable-libsoxr --enable-libspeex --enable-libtheora --enable-libtwolame --enable-libvidstab --enable-libvorbis --enable-libvpx --enable-libwebp --enable-libx265 --enable-libxml2 --enable-libxvid --enable-libzimg --enable-openal --enable-opencl --enable-opengl --disable-sndio --enable-libvpl --disable-libmfx --enable-libdc1394 --enable-libdrm --enable-libiec61883 --enable-chromaprint --enable-frei0r --enable-ladspa --enable-libbluray --enable-libjack --enable-libpulse --enable-librabbitmq --enable-librist --enable-libsrt --enable-libssh --enable-libsvtav1 --enable-libx264 --enable-libzmq --enable-libzvbi --enable-lv2 --enable-sdl2 --enable-libplacebo --enable-librav1e --enable-pocketsphinx --enable-librsvg --enable-libjxl --enable-shared
2026-10-09T03:38:54.2134653Z libavutil      58. 29.100 / 58. 29.100
2026-10-09T03:38:54.2135012Z libavcodec     60. 31.102 / 60. 31.102
2026-10-09T03:38:54.2135349Z libavformat    60. 16.100 / 60. 16.100
2026-10-09T03:38:54.2135995Z libavdevice    60.  3.100 / 60.  3.100
2026-10-09T03:38:54.2136396Z libavfilter     9. 12.100 /  9. 12.100
2026-10-09T03:38:54.2136945Z libswscale      7.  5.100 /  7.  5.100
2026-10-09T03:38:54.2137486Z libswresample   4. 12.100 /  4. 12.100
2026-10-09T03:38:54.2138044Z libpostproc    57.  3.100 / 57.  3.100
2026-10-09T03:38:54.2227090Z ##[group]Run actions/download-artifact@v4
2026-10-09T03:38:54.2227403Z with:
2026-10-09T03:38:54.2227689Z   pattern: G10-stage-*-dd226a660c95f81372582d2ca3ea174bb51c6ada
2026-10-09T03:38:54.2228053Z   path: jobs/G10-checkers
2026-10-09T03:38:54.2228311Z   merge-multiple: true
2026-10-09T03:38:54.2228567Z   repository: luisitin/partybox-game-cores
2026-10-09T03:38:54.2228853Z   run-id: 37878973403
2026-10-09T03:38:54.2229060Z env:
2026-10-09T03:38:54.2229318Z   G10_SOURCE_COMMIT: dd226a660c95f81372582d2ca3ea174bb51c6ada
2026-10-09T03:38:54.2229646Z ##[endgroup]
2026-10-09T03:38:54.3889924Z (node:3789) [DEP0040] DeprecationWarning: The `punycode` module is deprecated. Please use a userland alternative instead.
2026-10-09T03:38:54.3891111Z (Use `node --trace-deprecation ...` to show where the warning was created)
2026-10-09T03:38:54.5637526Z Found 4 artifact(s)
2026-10-09T03:38:54.5639067Z Filtering artifacts by pattern 'G10-stage-*-dd226a660c95f81372582d2ca3ea174bb51c6ada'
2026-10-09T03:38:54.5660880Z Preparing to download the following artifacts:
2026-10-09T03:38:54.5662872Z - G10-stage-browser-dd226a660c95f81372582d2ca3ea174bb51c6ada (ID: 11594156029, Size: 8910454, Expected Digest: sha256:bc7f72487d77fcad35d46b875e26733fdab760fc911628b0f4a50e1a54600909)
2026-10-09T03:38:54.5665518Z - G10-stage-league-international-dd226a660c95f81372582d2ca3ea174bb51c6ada (ID: 11593634090, Size: 490267, Expected Digest: sha256:4921793f352506da8a2eb7b6d1505e78a4af0451f7b86ea182be0412374ab387)
2026-10-09T03:38:54.5668520Z - G10-stage-league-american-dd226a660c95f81372582d2ca3ea174bb51c6ada (ID: 11593437266, Size: 372052, Expected Digest: sha256:d3188bff8a5083f16d8522487a9dfffe76afb77dafd661ed2e9410807f0e84db)
2026-10-09T03:38:54.5671054Z - G10-stage-node-dd226a660c95f81372582d2ca3ea174bb51c6ada (ID: 11593049050, Size: 136614, Expected Digest: sha256:ec994b5b270102120f5a49de1937a48f0c126f92c4bc77012d6c6ebb6f244114)
2026-10-09T03:38:54.7388370Z Redirecting to blob download url: https://productionresultssa8.blob.core.windows.net/actions-results/62755193-7aa0-8910-89de-dcdcfae406e2/workflow-job-run-7eb7013b-09d9-5635-8710-08d435b2265e/artifacts/a9dfd0829815bcbb1ebba93ebe2f3209817a56b91aca954961a37b2e96335f28.zip
2026-10-09T03:38:54.7391270Z Starting download of artifact to: /home/runner/work/partybox-game-cores/partybox-game-cores/jobs/G10-checkers
2026-10-09T03:38:54.7914303Z Redirecting to blob download url: https://productionresultssa8.blob.core.windows.net/actions-results/62755193-7aa0-8910-89de-dcdcfae406e2/workflow-job-run-35d6e029-3d68-5c77-a978-fb9cb91e4460/artifacts/6cdbec7b9915ce425dc492ccdc7f0ce19b33a1d46160a3adc38f0328174452fa.zip
2026-10-09T03:38:54.7917863Z Starting download of artifact to: /home/runner/work/partybox-game-cores/partybox-game-cores/jobs/G10-checkers
2026-10-09T03:38:54.7941284Z Redirecting to blob download url: https://productionresultssa8.blob.core.windows.net/actions-results/62755193-7aa0-8910-89de-dcdcfae406e2/workflow-job-run-6819b0ca-56f0-566b-ab96-c5d8915647ed/artifacts/728f6cbb978df48b6794b967d3df34af248afffb99e0496e6058a0d6a19a648c.zip
2026-10-09T03:38:54.7943703Z Starting download of artifact to: /home/runner/work/partybox-game-cores/partybox-game-cores/jobs/G10-checkers
2026-10-09T03:38:54.8240958Z Redirecting to blob download url: https://productionresultssa8.blob.core.windows.net/actions-results/62755193-7aa0-8910-89de-dcdcfae406e2/workflow-job-run-4e592096-0c44-5773-8cc8-bccf0f78b0d6/artifacts/f822c2f2b50e9d7d1ad2dc76c47edd8c9902d5d97805d0e5ce66ee34da908d95.zip
2026-10-09T03:38:54.8246813Z Starting download of artifact to: /home/runner/work/partybox-game-cores/partybox-game-cores/jobs/G10-checkers
2026-10-09T03:38:54.9218616Z (node:3789) [DEP0005] DeprecationWarning: Buffer() is deprecated due to security and usability issues. Please use the Buffer.alloc(), Buffer.allocUnsafe(), or Buffer.from() methods instead.
2026-10-09T03:38:55.0581473Z SHA256 digest of downloaded artifact is ec994b5b270102120f5a49de1937a48f0c126f92c4bc77012d6c6ebb6f244114
2026-10-09T03:38:55.0582942Z Artifact download completed successfully.
2026-10-09T03:38:55.1498433Z SHA256 digest of downloaded artifact is d3188bff8a5083f16d8522487a9dfffe76afb77dafd661ed2e9410807f0e84db
2026-10-09T03:38:55.1500193Z Artifact download completed successfully.
2026-10-09T03:38:55.1997406Z SHA256 digest of downloaded artifact is 4921793f352506da8a2eb7b6d1505e78a4af0451f7b86ea182be0412374ab387
2026-10-09T03:38:55.1999341Z Artifact download completed successfully.
2026-10-09T03:38:55.5136027Z SHA256 digest of downloaded artifact is bc7f72487d77fcad35d46b875e26733fdab760fc911628b0f4a50e1a54600909
2026-10-09T03:38:55.5136891Z Artifact download completed successfully.
2026-10-09T03:38:55.5137300Z Total of 4 artifact(s) downloaded
2026-10-09T03:38:55.5142756Z Download artifact has finished successfully
2026-10-09T03:38:55.5316555Z ##[group]Run set -o pipefail
2026-10-09T03:38:55.5317185Z [36;1mset -o pipefail[0m
2026-10-09T03:38:55.5317938Z [36;1mnode scripts/check.mjs --stage final 2>&1 | tee .work-stage-final.stdout[0m
2026-10-09T03:38:55.5402913Z shell: /usr/bin/bash -e {0}
2026-10-09T03:38:55.5403203Z env:
2026-10-09T03:38:55.5403504Z   G10_SOURCE_COMMIT: dd226a660c95f81372582d2ca3ea174bb51c6ada
2026-10-09T03:38:55.5403888Z ##[endgroup]
2026-10-09T03:38:55.6775349Z 
2026-10-09T03:38:55.6776142Z > partybox-g10-checkers@1.0.0 build
2026-10-09T03:38:55.6776986Z > tsc --noEmit && node scripts/build.mjs
2026-10-09T03:38:55.6777483Z 
2026-10-09T03:39:09.2323614Z PASS: complete offline single-page game written to /home/runner/work/partybox-game-cores/partybox-game-cores/jobs/G10-checkers/.work/play.html; original six-piece data is read in bounded blocks.
2026-10-09T03:39:27.8131507Z PASS: checksums, authoritative schemas/manifest, pure core source, fixed corpus provenance, original offline page (delivery execution gates explicitly excluded).
2026-10-09T03:39:51.5587666Z {"status":"PASS","games":4000,"files":80,"independentLegalMoveReplay":true}
2026-10-09T03:40:21.0590107Z PASS: checksums, authoritative schemas/manifest, pure core source, fixed corpus provenance, original offline page, required simulations/mutations/leagues and source-matched browser/media proof.
2026-10-09T03:40:24.8801397Z {"status":"PASS","stage":"final","sourceCommit":"dd226a660c95f81372582d2ca3ea174bb51c6ada","elapsedSeconds":89.29453663999999}
2026-10-09T03:40:24.8906458Z ##[group]Run node scripts/standalone-receipt.mjs
2026-10-09T03:40:24.8906940Z [36;1mnode scripts/standalone-receipt.mjs[0m
2026-10-09T03:40:24.8969874Z shell: /usr/bin/bash -e {0}
2026-10-09T03:40:24.8970200Z env:
2026-10-09T03:40:24.8970542Z   G10_SOURCE_COMMIT: dd226a660c95f81372582d2ca3ea174bb51c6ada
2026-10-09T03:40:24.8970973Z ##[endgroup]
2026-10-09T03:40:28.8867411Z Standalone page digest and exact-checkout receipt written.
2026-10-09T03:40:28.8987857Z ##[group]Run python3 scripts/standalone-parts.py split .work/play.html .work/standalone-delivery.json .work/standalone-parts
2026-10-09T03:40:28.8989573Z [36;1mpython3 scripts/standalone-parts.py split .work/play.html .work/standalone-delivery.json .work/standalone-parts[0m
2026-10-09T03:40:28.9076407Z shell: /usr/bin/bash -e {0}
2026-10-09T03:40:28.9076792Z env:
2026-10-09T03:40:28.9077203Z   G10_SOURCE_COMMIT: dd226a660c95f81372582d2ca3ea174bb51c6ada
2026-10-09T03:40:28.9077937Z ##[endgroup]
2026-10-09T03:40:32.9766739Z {"status": "PASS", "sourceCommit": "dd226a660c95f81372582d2ca3ea174bb51c6ada", "parts": 4, "bytes": 1390846291, "sha256": "b4f5267561bd95d68455ea5a83b936692b246d1a8ed936199c820e430a2da3eb"}
2026-10-09T03:40:32.9893704Z ##[group]Run actions/upload-artifact@v4
2026-10-09T03:40:32.9894034Z with:
2026-10-09T03:40:32.9894388Z   name: G10-standalone-part-00-dd226a660c95f81372582d2ca3ea174bb51c6ada
2026-10-09T03:40:32.9895118Z   path: jobs/G10-checkers/.work/standalone-parts/play.html.part-00
jobs/G10-checkers/.work/standalone-parts/standalone-*

2026-10-09T03:40:32.9896046Z   if-no-files-found: error
2026-10-09T03:40:32.9896327Z   include-hidden-files: true
2026-10-09T03:40:32.9896609Z   compression-level: 1
2026-10-09T03:40:32.9896866Z   retention-days: 7
2026-10-09T03:40:32.9897103Z   overwrite: false
2026-10-09T03:40:32.9897331Z env:
2026-10-09T03:40:32.9897619Z   G10_SOURCE_COMMIT: dd226a660c95f81372582d2ca3ea174bb51c6ada
2026-10-09T03:40:32.9897983Z ##[endgroup]
2026-10-09T03:40:33.1620512Z (node:4021) [DEP0040] DeprecationWarning: The `punycode` module is deprecated. Please use a userland alternative instead.
2026-10-09T03:40:33.1622061Z (Use `node --trace-deprecation ...` to show where the warning was created)
2026-10-09T03:40:33.1688346Z With the provided path, there will be 4 files uploaded
2026-10-09T03:40:33.1694839Z Artifact name is valid!
2026-10-09T03:40:33.1695697Z Root directory input is valid!
2026-10-09T03:40:33.4473461Z Beginning upload of artifact content to blob storage
2026-10-09T03:40:33.8119425Z (node:4021) [DEP0169] DeprecationWarning: `url.parse()` behavior is not standardized and prone to errors that have security implications. Use the WHATWG URL API instead. CVEs are not issued for `url.parse()` vulnerabilities.
2026-10-09T03:40:34.3572020Z Uploaded bytes 8388608
2026-10-09T03:40:34.7025748Z Uploaded bytes 16777216
2026-10-09T03:40:34.7636262Z Uploaded bytes 25165824
2026-10-09T03:40:35.0733859Z Uploaded bytes 33554432
2026-10-09T03:40:35.3031642Z Uploaded bytes 41943040
2026-10-09T03:40:35.6797014Z Uploaded bytes 50331648
2026-10-09T03:40:36.0006877Z Uploaded bytes 58720256
2026-10-09T03:40:36.2792131Z Uploaded bytes 67108864
2026-10-09T03:40:36.6019112Z Uploaded bytes 75497472
2026-10-09T03:40:36.9429543Z Uploaded bytes 83886080
2026-10-09T03:40:37.2212529Z Uploaded bytes 92274688
2026-10-09T03:40:37.5844572Z Uploaded bytes 100663296
2026-10-09T03:40:37.8965421Z Uploaded bytes 109051904
2026-10-09T03:40:38.2023292Z Uploaded bytes 117440512
2026-10-09T03:40:38.5477425Z Uploaded bytes 125829120
2026-10-09T03:40:38.9321821Z Uploaded bytes 134217728
2026-10-09T03:40:39.3111390Z Uploaded bytes 142606336
2026-10-09T03:40:39.7100100Z Uploaded bytes 150994944
2026-10-09T03:40:39.8127883Z Uploaded bytes 159383552
2026-10-09T03:40:40.1718386Z Uploaded bytes 167772160
2026-10-09T03:40:40.4453729Z Uploaded bytes 176160768
2026-10-09T03:40:40.7676622Z Uploaded bytes 184549376
2026-10-09T03:40:41.0925336Z Uploaded bytes 192937984
2026-10-09T03:40:41.4759953Z Uploaded bytes 201326592
2026-10-09T03:40:41.7781241Z Uploaded bytes 209715200
2026-10-09T03:40:42.1933556Z Uploaded bytes 218103808
2026-10-09T03:40:42.5735847Z Uploaded bytes 226492416
2026-10-09T03:40:42.6937622Z Uploaded bytes 234881024
2026-10-09T03:40:43.0357224Z Uploaded bytes 243269632
2026-10-09T03:40:43.4384189Z Uploaded bytes 251658240
2026-10-09T03:40:43.6386663Z Uploaded bytes 260046848
2026-10-09T03:40:44.0220059Z Uploaded bytes 268435456
2026-10-09T03:40:44.3236650Z Uploaded bytes 275344899
2026-10-09T03:40:44.3712468Z Finished uploading artifact content to blob storage!
2026-10-09T03:40:44.3717251Z SHA256 digest of uploaded artifact zip is 8a4ac94789fbaa8f1978cc0ccb97c456e97ed09c617c189d0fadf45f63b19ecf
2026-10-09T03:40:44.3719440Z Finalizing artifact upload
2026-10-09T03:40:44.6509604Z Artifact G10-standalone-part-00-dd226a660c95f81372582d2ca3ea174bb51c6ada.zip successfully finalized. Artifact ID 11593204720
2026-10-09T03:40:44.6512606Z Artifact G10-standalone-part-00-dd226a660c95f81372582d2ca3ea174bb51c6ada has been successfully uploaded! Final size is 275344899 bytes. Artifact ID is 11593204720
2026-10-09T03:40:44.6519111Z Artifact download URL: https://github.com/luisitin/partybox-game-cores/actions/runs/37878973403/artifacts/11593204720
2026-10-09T03:40:44.6756682Z ##[group]Run actions/upload-artifact@v4
2026-10-09T03:40:44.6757296Z with:
2026-10-09T03:40:44.6757932Z   name: G10-standalone-part-01-dd226a660c95f81372582d2ca3ea174bb51c6ada
2026-10-09T03:40:44.6759275Z   path: jobs/G10-checkers/.work/standalone-parts/play.html.part-01
jobs/G10-checkers/.work/standalone-parts/standalone-*

2026-10-09T03:40:44.6781095Z   if-no-files-found: error
2026-10-09T03:40:44.6781626Z   include-hidden-files: true
2026-10-09T03:40:44.6782142Z   compression-level: 1
2026-10-09T03:40:44.6782595Z   retention-days: 7
2026-10-09T03:40:44.6783023Z   overwrite: false
2026-10-09T03:40:44.6783426Z env:
2026-10-09T03:40:44.6783922Z   G10_SOURCE_COMMIT: dd226a660c95f81372582d2ca3ea174bb51c6ada
2026-10-09T03:40:44.6784584Z ##[endgroup]
2026-10-09T03:40:44.8604192Z (node:4037) [DEP0040] DeprecationWarning: The `punycode` module is deprecated. Please use a userland alternative instead.
2026-10-09T03:40:44.8605939Z (Use `node --trace-deprecation ...` to show where the warning was created)
2026-10-09T03:40:44.8684337Z With the provided path, there will be 4 files uploaded
2026-10-09T03:40:44.8716220Z Artifact name is valid!
2026-10-09T03:40:44.8716982Z Root directory input is valid!
2026-10-09T03:40:45.1436118Z Beginning upload of artifact content to blob storage
2026-10-09T03:40:45.5375945Z (node:4037) [DEP0169] DeprecationWarning: `url.parse()` behavior is not standardized and prone to errors that have security implications. Use the WHATWG URL API instead. CVEs are not issued for `url.parse()` vulnerabilities.
2026-10-09T03:40:46.1242586Z Uploaded bytes 8388608
2026-10-09T03:40:46.4482657Z Uploaded bytes 16777216
2026-10-09T03:40:46.5427136Z Uploaded bytes 25165824
2026-10-09T03:40:46.8998968Z Uploaded bytes 33554432
2026-10-09T03:40:47.1847072Z Uploaded bytes 41943040
2026-10-09T03:40:47.5356981Z Uploaded bytes 50331648
2026-10-09T03:40:47.8793650Z Uploaded bytes 58720256
2026-10-09T03:40:48.1872778Z Uploaded bytes 67108864
2026-10-09T03:40:48.4842544Z Uploaded bytes 75497472
2026-10-09T03:40:48.8597343Z Uploaded bytes 83886080
2026-10-09T03:40:49.1326847Z Uploaded bytes 92274688
2026-10-09T03:40:49.4201488Z Uploaded bytes 100663296
2026-10-09T03:40:49.7301404Z Uploaded bytes 109051904
2026-10-09T03:40:49.9772549Z Uploaded bytes 117440512
2026-10-09T03:40:50.3515488Z Uploaded bytes 125829120
2026-10-09T03:40:50.7265761Z Uploaded bytes 134217728
2026-10-09T03:40:50.9854744Z Uploaded bytes 142606336
2026-10-09T03:40:51.3423681Z Uploaded bytes 150994944
2026-10-09T03:40:51.6486361Z Uploaded bytes 159383552
2026-10-09T03:40:51.9932156Z Uploaded bytes 167772160
2026-10-09T03:40:52.2312785Z Uploaded bytes 176160768
2026-10-09T03:40:52.6241116Z Uploaded bytes 184549376
2026-10-09T03:40:52.8332600Z Uploaded bytes 192937984
2026-10-09T03:40:53.2144830Z Uploaded bytes 201326592
2026-10-09T03:40:53.4967219Z Uploaded bytes 209715200
2026-10-09T03:40:53.8730674Z Uploaded bytes 218103808
2026-10-09T03:40:54.1438772Z Uploaded bytes 226492416
2026-10-09T03:40:54.5170939Z Uploaded bytes 234881024
2026-10-09T03:40:54.8359264Z Uploaded bytes 243269632
2026-10-09T03:40:55.0927896Z Uploaded bytes 251658240
2026-10-09T03:40:55.4050372Z Uploaded bytes 260046848
2026-10-09T03:40:55.7836341Z Uploaded bytes 268435456
2026-10-09T03:40:56.0657271Z Uploaded bytes 276824064
2026-10-09T03:40:56.1559072Z Uploaded bytes 278876342
2026-10-09T03:40:56.2010810Z Finished uploading artifact content to blob storage!
2026-10-09T03:40:56.2014979Z SHA256 digest of uploaded artifact zip is 0fe95f1e645342deacb79943173dd13852730264a4edf2df6f7561a8eb4c86c0
2026-10-09T03:40:56.2016818Z Finalizing artifact upload
2026-10-09T03:40:56.5053172Z Artifact G10-standalone-part-01-dd226a660c95f81372582d2ca3ea174bb51c6ada.zip successfully finalized. Artifact ID 11594380109
2026-10-09T03:40:56.5055265Z Artifact G10-standalone-part-01-dd226a660c95f81372582d2ca3ea174bb51c6ada has been successfully uploaded! Final size is 278876342 bytes. Artifact ID is 11594380109
2026-10-09T03:40:56.5061660Z Artifact download URL: https://github.com/luisitin/partybox-game-cores/actions/runs/37878973403/artifacts/11594380109
2026-10-09T03:40:56.5234231Z ##[group]Run actions/upload-artifact@v4
2026-10-09T03:40:56.5234638Z with:
2026-10-09T03:40:56.5235016Z   name: G10-standalone-part-02-dd226a660c95f81372582d2ca3ea174bb51c6ada
2026-10-09T03:40:56.5236098Z   path: jobs/G10-checkers/.work/standalone-parts/play.html.part-02
jobs/G10-checkers/.work/standalone-parts/standalone-*

2026-10-09T03:40:56.5236898Z   if-no-files-found: error
2026-10-09T03:40:56.5237187Z   include-hidden-files: true
2026-10-09T03:40:56.5237475Z   compression-level: 1
2026-10-09T03:40:56.5237747Z   retention-days: 7
2026-10-09T03:40:56.5237998Z   overwrite: false
2026-10-09T03:40:56.5238251Z env:
2026-10-09T03:40:56.5238556Z   G10_SOURCE_COMMIT: dd226a660c95f81372582d2ca3ea174bb51c6ada
2026-10-09T03:40:56.5238944Z ##[endgroup]
2026-10-09T03:40:56.6934858Z (node:4052) [DEP0040] DeprecationWarning: The `punycode` module is deprecated. Please use a userland alternative instead.
2026-10-09T03:40:56.6936813Z (Use `node --trace-deprecation ...` to show where the warning was created)
2026-10-09T03:40:56.7017557Z With the provided path, there will be 4 files uploaded
2026-10-09T03:40:56.7024645Z Artifact name is valid!
2026-10-09T03:40:56.7026087Z Root directory input is valid!
2026-10-09T03:40:56.9834159Z Beginning upload of artifact content to blob storage
2026-10-09T03:40:57.3468004Z (node:4052) [DEP0169] DeprecationWarning: `url.parse()` behavior is not standardized and prone to errors that have security implications. Use the WHATWG URL API instead. CVEs are not issued for `url.parse()` vulnerabilities.
2026-10-09T03:40:57.8892843Z Uploaded bytes 8388608
2026-10-09T03:40:58.1472172Z Uploaded bytes 16777216
2026-10-09T03:40:58.2392447Z Uploaded bytes 25165824
2026-10-09T03:40:58.5593503Z Uploaded bytes 33554432
2026-10-09T03:40:58.8404449Z Uploaded bytes 41943040
2026-10-09T03:40:59.1949590Z Uploaded bytes 50331648
2026-10-09T03:40:59.4968192Z Uploaded bytes 58720256
2026-10-09T03:40:59.8834539Z Uploaded bytes 67108864
2026-10-09T03:41:00.2332756Z Uploaded bytes 75497472
2026-10-09T03:41:00.4405445Z Uploaded bytes 83886080
2026-10-09T03:41:00.8489871Z Uploaded bytes 92274688
2026-10-09T03:41:01.2383821Z Uploaded bytes 100663296
2026-10-09T03:41:01.6663277Z Uploaded bytes 109051904
2026-10-09T03:41:01.7685641Z Uploaded bytes 117440512
2026-10-09T03:41:02.0797028Z Uploaded bytes 125829120
2026-10-09T03:41:02.4154591Z Uploaded bytes 134217728
2026-10-09T03:41:02.6386410Z Uploaded bytes 142606336
2026-10-09T03:41:02.9821997Z Uploaded bytes 150994944
2026-10-09T03:41:03.3107434Z Uploaded bytes 159383552
2026-10-09T03:41:03.6373250Z Uploaded bytes 167772160
2026-10-09T03:41:03.9688641Z Uploaded bytes 176160768
2026-10-09T03:41:04.3274556Z Uploaded bytes 184549376
2026-10-09T03:41:04.5382857Z Uploaded bytes 192937984
2026-10-09T03:41:04.8843769Z Uploaded bytes 201326592
2026-10-09T03:41:05.2254782Z Uploaded bytes 209715200
2026-10-09T03:41:05.5727711Z Uploaded bytes 218103808
2026-10-09T03:41:05.8385289Z Uploaded bytes 226492416
2026-10-09T03:41:06.1822090Z Uploaded bytes 234881024
2026-10-09T03:41:06.5812734Z Uploaded bytes 243269632
2026-10-09T03:41:06.8936562Z Uploaded bytes 251658240
2026-10-09T03:41:07.0858891Z Uploaded bytes 260046848
2026-10-09T03:41:07.5040466Z Uploaded bytes 268435456
2026-10-09T03:41:07.7744263Z Uploaded bytes 276824064
2026-10-09T03:41:08.0845802Z Uploaded bytes 285212672
2026-10-09T03:41:08.1598041Z Uploaded bytes 286219586
2026-10-09T03:41:08.2047016Z Finished uploading artifact content to blob storage!
2026-10-09T03:41:08.2050486Z SHA256 digest of uploaded artifact zip is 294adff1d66d6e23673d495fddee493563cb54c172847088d4b027ae8e422c09
2026-10-09T03:41:08.2053299Z Finalizing artifact upload
2026-10-09T03:41:08.5162290Z Artifact G10-standalone-part-02-dd226a660c95f81372582d2ca3ea174bb51c6ada.zip successfully finalized. Artifact ID 11593643129
2026-10-09T03:41:08.5165649Z Artifact G10-standalone-part-02-dd226a660c95f81372582d2ca3ea174bb51c6ada has been successfully uploaded! Final size is 286219586 bytes. Artifact ID is 11593643129
2026-10-09T03:41:08.5173017Z Artifact download URL: https://github.com/luisitin/partybox-game-cores/actions/runs/37878973403/artifacts/11593643129
2026-10-09T03:41:08.5355842Z ##[group]Run actions/upload-artifact@v4
2026-10-09T03:41:08.5356211Z with:
2026-10-09T03:41:08.5356576Z   name: G10-standalone-part-03-dd226a660c95f81372582d2ca3ea174bb51c6ada
2026-10-09T03:41:08.5357332Z   path: jobs/G10-checkers/.work/standalone-parts/play.html.part-03
jobs/G10-checkers/.work/standalone-parts/standalone-*

2026-10-09T03:41:08.5357950Z   if-no-files-found: error
2026-10-09T03:41:08.5358242Z   include-hidden-files: true
2026-10-09T03:41:08.5358534Z   compression-level: 1
2026-10-09T03:41:08.5358805Z   retention-days: 7
2026-10-09T03:41:08.5359070Z   overwrite: false
2026-10-09T03:41:08.5359312Z env:
2026-10-09T03:41:08.5359609Z   G10_SOURCE_COMMIT: dd226a660c95f81372582d2ca3ea174bb51c6ada
2026-10-09T03:41:08.5359977Z ##[endgroup]
2026-10-09T03:41:08.7077681Z (node:4066) [DEP0040] DeprecationWarning: The `punycode` module is deprecated. Please use a userland alternative instead.
2026-10-09T03:41:08.7078845Z (Use `node --trace-deprecation ...` to show where the warning was created)
2026-10-09T03:41:08.7163894Z With the provided path, there will be 4 files uploaded
2026-10-09T03:41:08.7169870Z Artifact name is valid!
2026-10-09T03:41:08.7170516Z Root directory input is valid!
2026-10-09T03:41:08.9788496Z Beginning upload of artifact content to blob storage
2026-10-09T03:41:09.3270111Z (node:4066) [DEP0169] DeprecationWarning: `url.parse()` behavior is not standardized and prone to errors that have security implications. Use the WHATWG URL API instead. CVEs are not issued for `url.parse()` vulnerabilities.
2026-10-09T03:41:09.7922546Z Uploaded bytes 8388608
2026-10-09T03:41:10.2108564Z Uploaded bytes 16777216
2026-10-09T03:41:10.4476662Z Uploaded bytes 25165824
2026-10-09T03:41:10.4886749Z Uploaded bytes 33554432
2026-10-09T03:41:10.8664592Z Uploaded bytes 41943040
2026-10-09T03:41:11.1363636Z Uploaded bytes 50331648
2026-10-09T03:41:11.4602951Z Uploaded bytes 58720256
2026-10-09T03:41:11.8059025Z Uploaded bytes 67108864
2026-10-09T03:41:12.1287258Z Uploaded bytes 75497472
2026-10-09T03:41:12.4415491Z Uploaded bytes 83886080
2026-10-09T03:41:12.7328435Z Uploaded bytes 92274688
2026-10-09T03:41:13.0531429Z Uploaded bytes 100663296
2026-10-09T03:41:13.3768244Z Uploaded bytes 109051904
2026-10-09T03:41:13.6966603Z Uploaded bytes 117440512
2026-10-09T03:41:14.0986332Z Uploaded bytes 125829120
2026-10-09T03:41:14.1564046Z Uploaded bytes 127624631
2026-10-09T03:41:14.2006508Z Finished uploading artifact content to blob storage!
2026-10-09T03:41:14.2010487Z SHA256 digest of uploaded artifact zip is 06d423b5a11103ad4c015fac3ed360ac9d1f5116ced3087f3d291538caa722fd
2026-10-09T03:41:14.2012854Z Finalizing artifact upload
2026-10-09T03:41:14.5106672Z Artifact G10-standalone-part-03-dd226a660c95f81372582d2ca3ea174bb51c6ada.zip successfully finalized. Artifact ID 11593353921
2026-10-09T03:41:14.5108687Z Artifact G10-standalone-part-03-dd226a660c95f81372582d2ca3ea174bb51c6ada has been successfully uploaded! Final size is 127624631 bytes. Artifact ID is 11593353921
2026-10-09T03:41:14.5115013Z Artifact download URL: https://github.com/luisitin/partybox-game-cores/actions/runs/37878973403/artifacts/11593353921
2026-10-09T03:41:14.5296910Z ##[group]Run actions/upload-artifact@v4
2026-10-09T03:41:14.5297278Z with:
2026-10-09T03:41:14.5297637Z   name: G10-check-evidence-dd226a660c95f81372582d2ca3ea174bb51c6ada
2026-10-09T03:41:14.5298419Z   path: jobs/G10-checkers/.work-stage-*.stdout
jobs/G10-checkers/.work/checks
jobs/G10-checkers/.work/browser
jobs/G10-checkers/.work/media

2026-10-09T03:41:14.5299090Z   include-hidden-files: true
2026-10-09T03:41:14.5299585Z   retention-days: 7
2026-10-09T03:41:14.5299856Z   if-no-files-found: warn
2026-10-09T03:41:14.5300144Z   compression-level: 6
2026-10-09T03:41:14.5300418Z   overwrite: false
2026-10-09T03:41:14.5300673Z env:
2026-10-09T03:41:14.5300978Z   G10_SOURCE_COMMIT: dd226a660c95f81372582d2ca3ea174bb51c6ada
2026-10-09T03:41:14.5301367Z ##[endgroup]
2026-10-09T03:41:14.7039455Z (node:4079) [DEP0040] DeprecationWarning: The `punycode` module is deprecated. Please use a userland alternative instead.
2026-10-09T03:41:14.7041216Z (Use `node --trace-deprecation ...` to show where the warning was created)
2026-10-09T03:41:14.7672988Z With the provided path, there will be 239 files uploaded
2026-10-09T03:41:14.7686989Z Artifact name is valid!
2026-10-09T03:41:14.7687634Z Root directory input is valid!
2026-10-09T03:41:15.0725909Z Beginning upload of artifact content to blob storage
2026-10-09T03:41:15.7228561Z (node:4079) [DEP0169] DeprecationWarning: `url.parse()` behavior is not standardized and prone to errors that have security implications. Use the WHATWG URL API instead. CVEs are not issued for `url.parse()` vulnerabilities.
2026-10-09T03:41:16.2381520Z Uploaded bytes 8388608
2026-10-09T03:41:16.3988156Z Uploaded bytes 10750178
2026-10-09T03:41:16.4413932Z Finished uploading artifact content to blob storage!
2026-10-09T03:41:16.4415965Z SHA256 digest of uploaded artifact zip is 962cd1069a6553da4fee254a936ad2113de58ec0d6ec8a9a6345344f3be529f0
2026-10-09T03:41:16.4416998Z Finalizing artifact upload
2026-10-09T03:41:16.6884397Z Artifact G10-check-evidence-dd226a660c95f81372582d2ca3ea174bb51c6ada.zip successfully finalized. Artifact ID 11593353927
2026-10-09T03:41:16.6886566Z Artifact G10-check-evidence-dd226a660c95f81372582d2ca3ea174bb51c6ada has been successfully uploaded! Final size is 10750178 bytes. Artifact ID is 11593353927
2026-10-09T03:41:16.6891360Z Artifact download URL: https://github.com/luisitin/partybox-game-cores/actions/runs/37878973403/artifacts/11593353927
2026-10-09T03:41:16.7106826Z Post job cleanup.
2026-10-09T03:41:16.8397442Z (node:4091) [DEP0040] DeprecationWarning: The `punycode` module is deprecated. Please use a userland alternative instead.
2026-10-09T03:41:16.8398755Z (Use `node --trace-deprecation ...` to show where the warning was created)
2026-10-09T03:41:16.8401657Z Cache hit occurred on the primary key node-cache-Linux-x64-npm-b79e3f2344d4218dbbb2f93f566da8e1ac49738aa1184813b150890d461d0c8a, not saving cache.
2026-10-09T03:41:16.8557199Z Post job cleanup.
2026-10-09T03:41:16.9501591Z [command]/usr/bin/git version
2026-10-09T03:41:16.9553420Z git version 2.55.0
2026-10-09T03:41:16.9601697Z Temporarily overriding HOME='/home/runner/work/_temp/f7655709-8c4b-49ea-9343-d358cab2c26b' before making global git config changes
2026-10-09T03:41:16.9603181Z Adding repository directory to the temporary git global config as a safe directory
2026-10-09T03:41:16.9608867Z [command]/usr/bin/git config --global --add safe.directory /home/runner/work/partybox-game-cores/partybox-game-cores
2026-10-09T03:41:16.9656357Z [command]/usr/bin/git config --local --name-only --get-regexp core\.sshCommand
2026-10-09T03:41:16.9697702Z [command]/usr/bin/git submodule foreach --recursive sh -c "git config --local --name-only --get-regexp 'core\.sshCommand' && git config --local --unset-all 'core.sshCommand' || :"
2026-10-09T03:41:16.9985359Z [command]/usr/bin/git config --local --name-only --get-regexp http\.https\:\/\/github\.com\/\.extraheader
2026-10-09T03:41:17.0013791Z http.https://github.com/.extraheader
2026-10-09T03:41:17.0026728Z [command]/usr/bin/git config --local --unset-all http.https://github.com/.extraheader
2026-10-09T03:41:17.0067693Z [command]/usr/bin/git submodule foreach --recursive sh -c "git config --local --name-only --get-regexp 'http\.https\:\/\/github\.com\/\.extraheader' && git config --local --unset-all 'http.https://github.com/.extraheader' || :"
2026-10-09T03:41:17.0351212Z [command]/usr/bin/git config --local --name-only --get-regexp ^includeIf\.gitdir:
2026-10-09T03:41:17.0394954Z [command]/usr/bin/git submodule foreach --recursive git config --local --show-origin --name-only --get-regexp remote.origin.url
2026-10-09T03:41:17.0818225Z Cleaning up orphan processes
2026-10-09T03:41:17.1164266Z ##[warning]Node.js 20 is deprecated. The following actions target Node.js 20 but are being forced to run on Node.js 24: actions/checkout@v4, actions/download-artifact@v4, actions/setup-node@v4, actions/upload-artifact@v4. For more information see: https://github.blog/changelog/2025-09-19-deprecation-of-node-20-on-github-actions-runners/
