2026-10-09T03:22:30.8423451Z Current runner version: '2.337.0'
2026-10-09T03:22:30.8447796Z ##[group]Runner Image Provisioner
2026-10-09T03:22:30.8448797Z Hosted Compute Agent
2026-10-09T03:22:30.8449386Z Version: 20261002.596
2026-10-09T03:22:30.8450004Z Commit: c3d12f3313a95f25162a1503be624f3b0617f8c0
2026-10-09T03:22:30.8450803Z Build Date: 2026-10-02T22:28:27Z
2026-10-09T03:22:30.8451891Z Worker ID: {dc51825e-68f1-4fa3-b8e3-f19325dede0a}
2026-10-09T03:22:30.8452678Z Region: centralus
2026-10-09T03:22:30.8453243Z Cloud: Azure
2026-10-09T03:22:30.8453777Z ##[endgroup]
2026-10-09T03:22:30.8456071Z ##[group]Operating System
2026-10-09T03:22:30.8456756Z Ubuntu
2026-10-09T03:22:30.8457366Z 24.04.5
2026-10-09T03:22:30.8457900Z LTS
2026-10-09T03:22:30.8458406Z ##[endgroup]
2026-10-09T03:22:30.8459390Z ##[group]Runner Image
2026-10-09T03:22:30.8460049Z Image: ubuntu-24.04
2026-10-09T03:22:30.8460625Z Version: 20261004.327.1
2026-10-09T03:22:30.8462448Z Included Software: https://github.com/actions/runner-images/blob/ubuntu24/20261004.327/images/ubuntu/Ubuntu2404-Readme.md
2026-10-09T03:22:30.8464100Z Image Release: https://github.com/actions/runner-images/releases/tag/ubuntu24%2F20261004.327
2026-10-09T03:22:30.8465073Z ##[endgroup]
2026-10-09T03:22:30.8466265Z ##[group]GITHUB_TOKEN Permissions
2026-10-09T03:22:30.8468369Z Contents: read
2026-10-09T03:22:30.8468971Z Metadata: read
2026-10-09T03:22:30.8469627Z ##[endgroup]
2026-10-09T03:22:30.8471937Z Secret source: Actions
2026-10-09T03:22:30.8473091Z Cache mode: write
2026-10-09T03:22:30.8474145Z Prepare workflow directory
2026-10-09T03:22:30.9038838Z Prepare all required actions
2026-10-09T03:22:30.9088414Z Getting action download info
2026-10-09T03:22:31.1894181Z Download action repository 'actions/checkout@v4' (SHA:11d5960a326750d5838078e36cf38b85af677262)
2026-10-09T03:22:31.2761980Z Download action repository 'actions/setup-node@v4' (SHA:49933ea5288caeca8642d1e84afbd3f7d6820020)
2026-10-09T03:22:31.3771862Z Download action repository 'actions/upload-artifact@v4' (SHA:ea165f8d65b6e75b540449e92b4886f43607fa02)
2026-10-09T03:22:31.5715803Z Complete job name: checks (node)
2026-10-09T03:22:31.6447751Z ##[group]Run actions/checkout@v4
2026-10-09T03:22:31.6448611Z with:
2026-10-09T03:22:31.6449081Z   ref: dd226a660c95f81372582d2ca3ea174bb51c6ada
2026-10-09T03:22:31.6449705Z   repository: luisitin/partybox-game-cores
2026-10-09T03:22:31.6454071Z   token: ***
2026-10-09T03:22:31.6454507Z   ssh-strict: true
2026-10-09T03:22:31.6454934Z   ssh-user: git
2026-10-09T03:22:31.6455373Z   persist-credentials: true
2026-10-09T03:22:31.6455926Z   clean: true
2026-10-09T03:22:31.6456430Z   sparse-checkout-cone-mode: true
2026-10-09T03:22:31.6457018Z   fetch-depth: 1
2026-10-09T03:22:31.6457506Z   fetch-tags: false
2026-10-09T03:22:31.6458006Z   show-progress: true
2026-10-09T03:22:31.6458456Z   lfs: false
2026-10-09T03:22:31.6458917Z   submodules: false
2026-10-09T03:22:31.6459354Z   set-safe-directory: true
2026-10-09T03:22:31.6459865Z   allow-unsafe-pr-checkout: false
2026-10-09T03:22:31.6460659Z env:
2026-10-09T03:22:31.6461401Z   G10_SOURCE_COMMIT: dd226a660c95f81372582d2ca3ea174bb51c6ada
2026-10-09T03:22:31.6462057Z ##[endgroup]
2026-10-09T03:22:31.7467619Z Syncing repository: luisitin/partybox-game-cores
2026-10-09T03:22:31.7470249Z ##[group]Getting Git version info
2026-10-09T03:22:31.7471856Z Working directory is '/home/runner/work/partybox-game-cores/partybox-game-cores'
2026-10-09T03:22:31.7473811Z [command]/usr/bin/git version
2026-10-09T03:22:31.7528700Z git version 2.55.0
2026-10-09T03:22:31.7550578Z ##[endgroup]
2026-10-09T03:22:31.7573035Z Temporarily overriding HOME='/home/runner/work/_temp/89e09aeb-480a-474b-a74e-e14fa784a73d' before making global git config changes
2026-10-09T03:22:31.7575017Z Adding repository directory to the temporary git global config as a safe directory
2026-10-09T03:22:31.7576407Z [command]/usr/bin/git config --global --add safe.directory /home/runner/work/partybox-game-cores/partybox-game-cores
2026-10-09T03:22:31.7627281Z Deleting the contents of '/home/runner/work/partybox-game-cores/partybox-game-cores'
2026-10-09T03:22:31.7631993Z ##[group]Initializing the repository
2026-10-09T03:22:31.7637297Z [command]/usr/bin/git init /home/runner/work/partybox-game-cores/partybox-game-cores
2026-10-09T03:22:31.7746032Z hint: Using 'master' as the name for the initial branch. This default branch name
2026-10-09T03:22:31.7748037Z hint: will change to "main" in Git 3.0. To configure the initial branch name
2026-10-09T03:22:31.7749053Z hint: to use in all of your new repositories, which will suppress this warning,
2026-10-09T03:22:31.7749825Z hint: call:
2026-10-09T03:22:31.7750272Z hint:
2026-10-09T03:22:31.7750828Z hint: 	git config --global init.defaultBranch <name>
2026-10-09T03:22:31.7751765Z hint:
2026-10-09T03:22:31.7752389Z hint: Names commonly chosen instead of 'master' are 'main', 'trunk' and
2026-10-09T03:22:31.7753363Z hint: 'development'. The just-created branch can be renamed via this command:
2026-10-09T03:22:31.7754173Z hint:
2026-10-09T03:22:31.7754616Z hint: 	git branch -m <name>
2026-10-09T03:22:31.7755160Z hint:
2026-10-09T03:22:31.7755829Z hint: Disable this message with "git config set advice.defaultBranchName false"
2026-10-09T03:22:31.7762264Z Initialized empty Git repository in /home/runner/work/partybox-game-cores/partybox-game-cores/.git/
2026-10-09T03:22:31.7774702Z [command]/usr/bin/git remote add origin https://github.com/luisitin/partybox-game-cores
2026-10-09T03:22:31.7823789Z ##[endgroup]
2026-10-09T03:22:31.7825160Z ##[group]Disabling automatic garbage collection
2026-10-09T03:22:31.7827593Z [command]/usr/bin/git config --local gc.auto 0
2026-10-09T03:22:31.7874312Z ##[endgroup]
2026-10-09T03:22:31.7875518Z ##[group]Setting up auth
2026-10-09T03:22:31.7876646Z [command]/usr/bin/git config --local --name-only --get-regexp core\.sshCommand
2026-10-09T03:22:31.7911813Z [command]/usr/bin/git submodule foreach --recursive sh -c "git config --local --name-only --get-regexp 'core\.sshCommand' && git config --local --unset-all 'core.sshCommand' || :"
2026-10-09T03:22:31.8287041Z [command]/usr/bin/git config --local --name-only --get-regexp http\.https\:\/\/github\.com\/\.extraheader
2026-10-09T03:22:31.8326461Z [command]/usr/bin/git submodule foreach --recursive sh -c "git config --local --name-only --get-regexp 'http\.https\:\/\/github\.com\/\.extraheader' && git config --local --unset-all 'http.https://github.com/.extraheader' || :"
2026-10-09T03:22:31.8567559Z [command]/usr/bin/git config --local --name-only --get-regexp ^includeIf\.gitdir:
2026-10-09T03:22:31.8607023Z [command]/usr/bin/git submodule foreach --recursive git config --local --show-origin --name-only --get-regexp remote.origin.url
2026-10-09T03:22:31.8862389Z [command]/usr/bin/git config --local http.https://github.com/.extraheader AUTHORIZATION: basic ***
2026-10-09T03:22:31.8907783Z ##[endgroup]
2026-10-09T03:22:31.8909127Z ##[group]Fetching the repository
2026-10-09T03:22:31.8920439Z [command]/usr/bin/git -c protocol.version=2 fetch --no-tags --prune --no-recurse-submodules --depth=1 origin dd226a660c95f81372582d2ca3ea174bb51c6ada
2026-10-09T03:22:52.8577379Z From https://github.com/luisitin/partybox-game-cores
2026-10-09T03:22:52.8578096Z  * branch            dd226a660c95f81372582d2ca3ea174bb51c6ada -> FETCH_HEAD
2026-10-09T03:22:52.8582181Z ##[endgroup]
2026-10-09T03:22:52.8583145Z ##[group]Determining the checkout info
2026-10-09T03:22:52.8590541Z ##[endgroup]
2026-10-09T03:22:52.8600529Z [command]/usr/bin/git sparse-checkout disable
2026-10-09T03:22:52.8646210Z [command]/usr/bin/git config --local --unset-all extensions.worktreeConfig
2026-10-09T03:22:52.8749025Z ##[group]Checking out the ref
2026-10-09T03:22:52.8750318Z [command]/usr/bin/git checkout --progress --force dd226a660c95f81372582d2ca3ea174bb51c6ada
2026-10-09T03:22:53.9670685Z Updating files:   8% (180/2045)
2026-10-09T03:22:54.9480637Z Updating files:   9% (185/2045)
2026-10-09T03:22:55.5556702Z Updating files:   9% (199/2045)
2026-10-09T03:22:55.9602011Z Updating files:  10% (205/2045)
2026-10-09T03:22:56.7715931Z Updating files:  10% (216/2045)
2026-10-09T03:22:56.9055693Z Updating files:  11% (225/2045)
2026-10-09T03:22:57.9309391Z Updating files:  11% (226/2045)
2026-10-09T03:22:58.1183812Z Updating files:  11% (243/2045)
2026-10-09T03:22:58.5224558Z Updating files:  12% (246/2045)
2026-10-09T03:22:58.5239599Z Updating files:  13% (266/2045)
2026-10-09T03:22:58.5253688Z Updating files:  14% (287/2045)
2026-10-09T03:22:58.5454499Z Updating files:  15% (307/2045)
2026-10-09T03:22:58.5465981Z Updating files:  16% (328/2045)
2026-10-09T03:22:58.5483949Z Updating files:  17% (348/2045)
2026-10-09T03:22:58.5643366Z Updating files:  18% (369/2045)
2026-10-09T03:22:58.5662933Z Updating files:  19% (389/2045)
2026-10-09T03:22:58.5675600Z Updating files:  20% (409/2045)
2026-10-09T03:22:58.5684345Z Updating files:  21% (430/2045)
2026-10-09T03:22:58.5712019Z Updating files:  22% (450/2045)
2026-10-09T03:22:58.5728614Z Updating files:  23% (471/2045)
2026-10-09T03:22:58.5743288Z Updating files:  24% (491/2045)
2026-10-09T03:22:58.5758018Z Updating files:  25% (512/2045)
2026-10-09T03:22:58.5769750Z Updating files:  26% (532/2045)
2026-10-09T03:22:58.5843452Z Updating files:  27% (553/2045)
2026-10-09T03:22:58.6022224Z Updating files:  28% (573/2045)
2026-10-09T03:22:58.6191975Z Updating files:  29% (594/2045)
2026-10-09T03:22:58.6260263Z Updating files:  30% (614/2045)
2026-10-09T03:22:58.6297451Z Updating files:  31% (634/2045)
2026-10-09T03:22:58.6557529Z Updating files:  32% (655/2045)
2026-10-09T03:22:58.6741818Z Updating files:  33% (675/2045)
2026-10-09T03:22:58.6752957Z Updating files:  34% (696/2045)
2026-10-09T03:22:58.6929932Z Updating files:  35% (716/2045)
2026-10-09T03:22:58.6940666Z Updating files:  36% (737/2045)
2026-10-09T03:22:58.7128961Z Updating files:  37% (757/2045)
2026-10-09T03:22:58.7140356Z Updating files:  38% (778/2045)
2026-10-09T03:22:58.7330780Z Updating files:  39% (798/2045)
2026-10-09T03:22:58.7506717Z Updating files:  40% (818/2045)
2026-10-09T03:22:58.7524029Z Updating files:  41% (839/2045)
2026-10-09T03:22:58.7537450Z Updating files:  42% (859/2045)
2026-10-09T03:22:58.7592505Z Updating files:  43% (880/2045)
2026-10-09T03:22:58.7604273Z Updating files:  44% (900/2045)
2026-10-09T03:22:58.7614490Z Updating files:  45% (921/2045)
2026-10-09T03:22:58.7636550Z Updating files:  46% (941/2045)
2026-10-09T03:22:58.7877466Z Updating files:  47% (962/2045)
2026-10-09T03:22:58.7978473Z Updating files:  48% (982/2045)
2026-10-09T03:22:58.8186101Z Updating files:  49% (1003/2045)
2026-10-09T03:22:58.8251662Z Updating files:  50% (1023/2045)
2026-10-09T03:22:58.8262941Z Updating files:  51% (1043/2045)
2026-10-09T03:22:58.8307397Z Updating files:  52% (1064/2045)
2026-10-09T03:22:58.8365855Z Updating files:  53% (1084/2045)
2026-10-09T03:22:58.8376604Z Updating files:  54% (1105/2045)
2026-10-09T03:22:58.8422949Z Updating files:  55% (1125/2045)
2026-10-09T03:22:58.8472308Z Updating files:  56% (1146/2045)
2026-10-09T03:22:58.8523694Z Updating files:  57% (1166/2045)
2026-10-09T03:22:58.8581866Z Updating files:  58% (1187/2045)
2026-10-09T03:22:58.8595934Z Updating files:  59% (1207/2045)
2026-10-09T03:22:58.8629359Z Updating files:  60% (1227/2045)
2026-10-09T03:22:58.8668315Z Updating files:  61% (1248/2045)
2026-10-09T03:22:58.8710589Z Updating files:  62% (1268/2045)
2026-10-09T03:22:58.8735995Z Updating files:  63% (1289/2045)
2026-10-09T03:22:58.8757250Z Updating files:  63% (1298/2045)
2026-10-09T03:22:58.8785990Z Updating files:  64% (1309/2045)
2026-10-09T03:22:58.8821947Z Updating files:  65% (1330/2045)
2026-10-09T03:22:58.8867327Z Updating files:  66% (1350/2045)
2026-10-09T03:22:58.8930180Z Updating files:  67% (1371/2045)
2026-10-09T03:22:58.8945640Z Updating files:  68% (1391/2045)
2026-10-09T03:22:58.8955740Z Updating files:  69% (1412/2045)
2026-10-09T03:22:58.8979190Z Updating files:  70% (1432/2045)
2026-10-09T03:22:58.8990439Z Updating files:  71% (1452/2045)
2026-10-09T03:22:58.8999989Z Updating files:  72% (1473/2045)
2026-10-09T03:22:58.9008653Z Updating files:  73% (1493/2045)
2026-10-09T03:22:58.9032061Z Updating files:  74% (1514/2045)
2026-10-09T03:22:58.9059913Z Updating files:  75% (1534/2045)
2026-10-09T03:22:58.9071533Z Updating files:  76% (1555/2045)
2026-10-09T03:22:58.9081543Z Updating files:  77% (1575/2045)
2026-10-09T03:22:58.9093794Z Updating files:  78% (1596/2045)
2026-10-09T03:22:58.9104401Z Updating files:  79% (1616/2045)
2026-10-09T03:22:58.9113726Z Updating files:  80% (1636/2045)
2026-10-09T03:22:58.9123619Z Updating files:  81% (1657/2045)
2026-10-09T03:22:58.9136069Z Updating files:  82% (1677/2045)
2026-10-09T03:22:58.9163905Z Updating files:  83% (1698/2045)
2026-10-09T03:22:58.9172779Z Updating files:  84% (1718/2045)
2026-10-09T03:22:58.9182630Z Updating files:  85% (1739/2045)
2026-10-09T03:22:58.9191365Z Updating files:  86% (1759/2045)
2026-10-09T03:22:58.9199282Z Updating files:  87% (1780/2045)
2026-10-09T03:22:58.9210534Z Updating files:  88% (1800/2045)
2026-10-09T03:22:58.9218290Z Updating files:  89% (1821/2045)
2026-10-09T03:22:58.9233356Z Updating files:  90% (1841/2045)
2026-10-09T03:22:58.9250970Z Updating files:  91% (1861/2045)
2026-10-09T03:22:58.9290793Z Updating files:  92% (1882/2045)
2026-10-09T03:22:58.9369552Z Updating files:  93% (1902/2045)
2026-10-09T03:22:58.9386565Z Updating files:  94% (1923/2045)
2026-10-09T03:22:58.9716697Z Updating files:  95% (1943/2045)
2026-10-09T03:22:59.2757568Z Updating files:  96% (1964/2045)
2026-10-09T03:22:59.2768431Z Updating files:  97% (1984/2045)
2026-10-09T03:22:59.2779378Z Updating files:  98% (2005/2045)
2026-10-09T03:22:59.2790862Z Updating files:  99% (2025/2045)
2026-10-09T03:22:59.2791583Z Updating files: 100% (2045/2045)
2026-10-09T03:22:59.2792259Z Updating files: 100% (2045/2045), done.
2026-10-09T03:22:59.2817902Z Note: switching to 'dd226a660c95f81372582d2ca3ea174bb51c6ada'.
2026-10-09T03:22:59.2818371Z 
2026-10-09T03:22:59.2818745Z You are in 'detached HEAD' state. You can look around, make experimental
2026-10-09T03:22:59.2819614Z changes and commit them, and you can discard any commits you make in this
2026-10-09T03:22:59.2820416Z state without impacting any branches by switching back to a branch.
2026-10-09T03:22:59.2821353Z 
2026-10-09T03:22:59.2821670Z If you want to create a new branch to retain commits you create, you may
2026-10-09T03:22:59.2822408Z do so (now or later) by using -c with the switch command. Example:
2026-10-09T03:22:59.2822828Z 
2026-10-09T03:22:59.2822989Z   git switch -c <new-branch-name>
2026-10-09T03:22:59.2823263Z 
2026-10-09T03:22:59.2823428Z Or undo this operation with:
2026-10-09T03:22:59.2823687Z 
2026-10-09T03:22:59.2823997Z   git switch -
2026-10-09T03:22:59.2824254Z 
2026-10-09T03:22:59.2824803Z Turn off this advice by setting config variable advice.detachedHead to false
2026-10-09T03:22:59.2826750Z 
2026-10-09T03:22:59.2827587Z HEAD is now at dd226a6 G10 verify exact current native package and full standalone delivery
2026-10-09T03:22:59.2965681Z ##[endgroup]
2026-10-09T03:22:59.3010441Z [command]/usr/bin/git log -1 --format=%H
2026-10-09T03:22:59.3039081Z dd226a660c95f81372582d2ca3ea174bb51c6ada
2026-10-09T03:22:59.3295499Z ##[group]Run actions/setup-node@v4
2026-10-09T03:22:59.3295792Z with:
2026-10-09T03:22:59.3295992Z   node-version: 22.16.0
2026-10-09T03:22:59.3296220Z   cache: npm
2026-10-09T03:22:59.3296514Z   cache-dependency-path: jobs/G10-checkers/package-lock.json
2026-10-09T03:22:59.3296853Z   always-auth: false
2026-10-09T03:22:59.3297067Z   check-latest: false
2026-10-09T03:22:59.3299792Z   token: ***
2026-10-09T03:22:59.3299994Z env:
2026-10-09T03:22:59.3300251Z   G10_SOURCE_COMMIT: dd226a660c95f81372582d2ca3ea174bb51c6ada
2026-10-09T03:22:59.3300574Z ##[endgroup]
2026-10-09T03:22:59.4700036Z Attempting to download 22.16.0...
2026-10-09T03:22:59.4806100Z (node:2320) [DEP0040] DeprecationWarning: The `punycode` module is deprecated. Please use a userland alternative instead.
2026-10-09T03:22:59.4807207Z (Use `node --trace-deprecation ...` to show where the warning was created)
2026-10-09T03:23:00.2726643Z Acquiring 22.16.0 - x64 from https://github.com/actions/node-versions/releases/download/22.16.0-15177438473/node-22.16.0-linux-x64.tar.gz
2026-10-09T03:23:00.8858587Z Extracting ...
2026-10-09T03:23:00.8989311Z [command]/usr/bin/tar xz --strip 1 --warning=no-unknown-keyword --overwrite -C /home/runner/work/_temp/eed29bdd-a308-45d4-9cae-3b9b1d7a1871 -f /home/runner/work/_temp/ef7a33ef-aa05-425b-a741-1b5f9c01eedd
2026-10-09T03:23:02.0934973Z Adding to the cache ...
2026-10-09T03:23:04.1450440Z ##[group]Environment details
2026-10-09T03:23:04.3747057Z node: v22.16.0
2026-10-09T03:23:04.3747475Z npm: 10.9.2
2026-10-09T03:23:04.3747807Z yarn: 1.22.22
2026-10-09T03:23:04.3748605Z ##[endgroup]
2026-10-09T03:23:04.3769128Z [command]/opt/hostedtoolcache/node/22.16.0/x64/bin/npm config get cache
2026-10-09T03:23:04.4690114Z /home/runner/.npm
2026-10-09T03:23:04.6082833Z Cache hit for: node-cache-Linux-x64-npm-b79e3f2344d4218dbbb2f93f566da8e1ac49738aa1184813b150890d461d0c8a
2026-10-09T03:23:04.6236970Z (node:2320) [DEP0169] DeprecationWarning: `url.parse()` behavior is not standardized and prone to errors that have security implications. Use the WHATWG URL API instead. CVEs are not issued for `url.parse()` vulnerabilities.
2026-10-09T03:23:05.4008304Z Received 12676330 of 12676330 (100.0%), 19.0 MBs/sec
2026-10-09T03:23:05.4008936Z Cache Size: ~12 MB (12676330 B)
2026-10-09T03:23:05.4035364Z [command]/usr/bin/tar -xf /home/runner/work/_temp/e69bb588-cce5-43fc-8e65-378c6d116e90/cache.tzst -P -C /home/runner/work/partybox-game-cores/partybox-game-cores --use-compress-program unzstd
2026-10-09T03:23:05.4277737Z Cache restored successfully
2026-10-09T03:23:05.4302501Z Cache restored from key: node-cache-Linux-x64-npm-b79e3f2344d4218dbbb2f93f566da8e1ac49738aa1184813b150890d461d0c8a
2026-10-09T03:23:05.4524883Z ##[group]Run npm ci --ignore-scripts --no-audit --no-fund
2026-10-09T03:23:05.4525395Z [36;1mnpm ci --ignore-scripts --no-audit --no-fund[0m
2026-10-09T03:23:05.4780553Z shell: /usr/bin/bash -e {0}
2026-10-09T03:23:05.4780870Z env:
2026-10-09T03:23:05.4781493Z   G10_SOURCE_COMMIT: dd226a660c95f81372582d2ca3ea174bb51c6ada
2026-10-09T03:23:05.4781914Z ##[endgroup]
2026-10-09T03:23:06.6531516Z 
2026-10-09T03:23:06.6541040Z added 6 packages in 1s
2026-10-09T03:23:06.8057718Z ##[group]Run if [ -f /etc/apt/apt-mirrors.txt ]; then
2026-10-09T03:23:06.8058399Z [36;1mif [ -f /etc/apt/apt-mirrors.txt ]; then[0m
2026-10-09T03:23:06.8059594Z [36;1m  sudo sed -i 's#http://azure.archive.ubuntu.com/ubuntu#https://archive.ubuntu.com/ubuntu#g' /etc/apt/apt-mirrors.txt[0m
2026-10-09T03:23:06.8060581Z [36;1mfi[0m
2026-10-09T03:23:07.1184409Z shell: /usr/bin/bash -e {0}
2026-10-09T03:23:07.1184838Z env:
2026-10-09T03:23:07.1185290Z   G10_SOURCE_COMMIT: dd226a660c95f81372582d2ca3ea174bb51c6ada
2026-10-09T03:23:07.1185861Z ##[endgroup]
2026-10-09T03:23:07.2604096Z ##[group]Run sudo apt-get update
2026-10-09T03:23:07.2604423Z [36;1msudo apt-get update[0m
2026-10-09T03:23:07.2604706Z [36;1msudo apt-get install -y ffmpeg[0m
2026-10-09T03:23:07.2604998Z [36;1mffprobe -version[0m
2026-10-09T03:23:07.2605249Z [36;1mffmpeg -version[0m
2026-10-09T03:23:07.2670092Z shell: /usr/bin/bash -e {0}
2026-10-09T03:23:07.2670371Z env:
2026-10-09T03:23:07.2670646Z   G10_SOURCE_COMMIT: dd226a660c95f81372582d2ca3ea174bb51c6ada
2026-10-09T03:23:07.2671008Z ##[endgroup]
2026-10-09T03:23:08.1043189Z Get:1 file:/etc/apt/apt-mirrors.txt Mirrorlist [139 B]
2026-10-09T03:23:08.1438931Z Get:6 https://packages.microsoft.com/ubuntu/24.04/prod noble InRelease [3600 B]
2026-10-09T03:23:08.2139632Z Get:7 https://packages.microsoft.com/ubuntu/24.04/prod noble/main armhf Packages [12.3 kB]
2026-10-09T03:23:08.2247873Z Get:8 https://packages.microsoft.com/ubuntu/24.04/prod noble/main amd64 Packages [531 kB]
2026-10-09T03:23:08.2334413Z Get:9 https://packages.microsoft.com/ubuntu/24.04/prod noble/main arm64 Packages [475 kB]
2026-10-09T03:23:08.2415685Z Get:10 https://packages.microsoft.com/ubuntu/24.04/prod noble/main all Packages [640 B]
2026-10-09T03:23:08.8036695Z Hit:2 https://archive.ubuntu.com/ubuntu noble InRelease
2026-10-09T03:23:08.9340537Z Get:3 https://archive.ubuntu.com/ubuntu noble-updates InRelease [126 kB]
2026-10-09T03:23:09.3956191Z Get:4 https://archive.ubuntu.com/ubuntu noble-backports InRelease [126 kB]
2026-10-09T03:23:09.6602050Z Get:5 https://archive.ubuntu.com/ubuntu noble-security InRelease [126 kB]
2026-10-09T03:23:09.8386212Z Get:11 https://archive.ubuntu.com/ubuntu noble-updates/main amd64 Packages [1375 kB]
2026-10-09T03:23:10.4487603Z Get:12 https://archive.ubuntu.com/ubuntu noble-updates/main Translation-en [306 kB]
2026-10-09T03:23:10.5939319Z Get:13 https://archive.ubuntu.com/ubuntu noble-updates/universe amd64 Packages [1702 kB]
2026-10-09T03:23:10.8929903Z Get:14 https://archive.ubuntu.com/ubuntu noble-updates/universe Translation-en [342 kB]
2026-10-09T03:23:11.0287223Z Get:15 https://archive.ubuntu.com/ubuntu noble-updates/restricted amd64 Packages [1761 kB]
2026-10-09T03:23:11.2256831Z Get:16 https://archive.ubuntu.com/ubuntu noble-updates/restricted Translation-en [401 kB]
2026-10-09T03:23:11.3623842Z Get:17 https://archive.ubuntu.com/ubuntu noble-updates/multiverse amd64 Packages [55.0 kB]
2026-10-09T03:23:11.4852612Z Get:18 https://archive.ubuntu.com/ubuntu noble-updates/multiverse Translation-en [14.3 kB]
2026-10-09T03:23:11.7368768Z Get:19 https://archive.ubuntu.com/ubuntu noble-security/main amd64 Packages [1118 kB]
2026-10-09T03:23:12.0548625Z Get:20 https://archive.ubuntu.com/ubuntu noble-security/main Translation-en [228 kB]
2026-10-09T03:23:12.1000678Z Get:21 https://archive.ubuntu.com/ubuntu noble-security/universe amd64 Packages [1220 kB]
2026-10-09T03:23:12.2124469Z Get:22 https://archive.ubuntu.com/ubuntu noble-security/universe Translation-en [245 kB]
2026-10-09T03:23:12.2547528Z Get:23 https://archive.ubuntu.com/ubuntu noble-security/restricted amd64 Packages [1667 kB]
2026-10-09T03:23:12.3400170Z Get:24 https://archive.ubuntu.com/ubuntu noble-security/restricted Translation-en [383 kB]
2026-10-09T03:23:12.3817053Z Get:25 https://archive.ubuntu.com/ubuntu noble-security/multiverse amd64 Packages [49.8 kB]
2026-10-09T03:23:12.4194301Z Get:26 https://archive.ubuntu.com/ubuntu noble-security/multiverse Translation-en [12.4 kB]
2026-10-09T03:23:14.5099233Z Fetched 12.3 MB in 4s (2754 kB/s)
2026-10-09T03:23:15.3405468Z Reading package lists...
2026-10-09T03:23:15.3702257Z Reading package lists...
2026-10-09T03:23:15.5547357Z Building dependency tree...
2026-10-09T03:23:15.5554716Z Reading state information...
2026-10-09T03:23:15.6966318Z The following additional packages will be installed:
2026-10-09T03:23:15.6967339Z   i965-va-driver intel-media-va-driver libaacs0 libass9 libasyncns0
2026-10-09T03:23:15.6968277Z   libavc1394-0 libavcodec60 libavdevice60 libavfilter9 libavformat60
2026-10-09T03:23:15.6969757Z   libavutil58 libbdplus0 libblas3 libbluray2 libbs2b0 libcaca0
2026-10-09T03:23:15.6970722Z   libcdio-cdda2t64 libcdio-paranoia2t64 libcdio19t64 libchromaprint1 libcjson1
2026-10-09T03:23:15.6971997Z   libcodec2-1.2 libdav1d7 libdc1394-25 libdecor-0-0 libdecor-0-plugin-1-gtk
2026-10-09T03:23:15.6972998Z   libflac12t64 libflite1 libgme0 libgsm1 libhwy1t64 libiec61883-0 libigdgmm12
2026-10-09T03:23:15.6973917Z   libjack-jackd2-0 libjxl0.7 liblapack3 liblilv-0-0 libmbedcrypto7t64
2026-10-09T03:23:15.6974899Z   libmp3lame0 libmpg123-0t64 libmysofa1 libopenal-data libopenal1
2026-10-09T03:23:15.6975914Z   libopenmpt0t64 libopus0 libplacebo338 libpocketsphinx3 libpostproc57
2026-10-09T03:23:15.6976953Z   libpulse0 librav1e0 libraw1394-11 librist4 librsvg2-2 librsvg2-common
2026-10-09T03:23:15.6977926Z   librubberband2 libsamplerate0 libsdl2-2.0-0 libserd-0-0 libshine3
2026-10-09T03:23:15.6978856Z   libsndfile1 libsndio7.0 libsord-0-0 libsoxr0 libspeex1 libsphinxbase3t64
2026-10-09T03:23:15.6979736Z   libsratom-0-0 libsrt1.5-gnutls libssh-gcrypt-4 libsvtav1enc1d1
2026-10-09T03:23:15.6980620Z   libswresample4 libswscale7 libtheora0 libtwolame0 libudfread0 libunibreak5
2026-10-09T03:23:15.6981708Z   libva-drm2 libva-x11-2 libva2 libvdpau1 libvidstab1.1 libvorbisenc2 libvpl2
2026-10-09T03:23:15.6982281Z   libvpx9 libx264-164 libx265-199 libxcb-shape0 libxv1 libxvidcore4 libzimg2
2026-10-09T03:23:15.6983107Z   libzix-0-0 libzvbi-common libzvbi0t64 mesa-va-drivers mesa-vdpau-drivers
2026-10-09T03:23:15.6984050Z   ocl-icd-libopencl1 pocketsphinx-en-us va-driver-all vdpau-driver-all
2026-10-09T03:23:15.6984492Z Suggested packages:
2026-10-09T03:23:15.6984887Z   ffmpeg-doc i965-va-driver-shaders libcuda1 libnvcuvid1 libnvidia-encode1
2026-10-09T03:23:15.6985453Z   libbluray-bdj jackd2 libportaudio2 opus-tools pulseaudio libraw1394-doc
2026-10-09T03:23:15.6986123Z   librsvg2-bin serdi sndiod sordi speex opencl-icd libvdpau-va-gl1
2026-10-09T03:23:15.7435773Z The following NEW packages will be installed:
2026-10-09T03:23:15.7436904Z   ffmpeg i965-va-driver intel-media-va-driver libaacs0 libass9 libasyncns0
2026-10-09T03:23:15.7437911Z   libavc1394-0 libavcodec60 libavdevice60 libavfilter9 libavformat60
2026-10-09T03:23:15.7438925Z   libavutil58 libbdplus0 libblas3 libbluray2 libbs2b0 libcaca0
2026-10-09T03:23:15.7439951Z   libcdio-cdda2t64 libcdio-paranoia2t64 libcdio19t64 libchromaprint1 libcjson1
2026-10-09T03:23:15.7441076Z   libcodec2-1.2 libdav1d7 libdc1394-25 libdecor-0-0 libdecor-0-plugin-1-gtk
2026-10-09T03:23:15.7442726Z   libflac12t64 libflite1 libgme0 libgsm1 libhwy1t64 libiec61883-0 libigdgmm12
2026-10-09T03:23:15.7444049Z   libjack-jackd2-0 libjxl0.7 liblapack3 liblilv-0-0 libmbedcrypto7t64
2026-10-09T03:23:15.7445407Z   libmp3lame0 libmpg123-0t64 libmysofa1 libopenal-data libopenal1
2026-10-09T03:23:15.7446697Z   libopenmpt0t64 libopus0 libplacebo338 libpocketsphinx3 libpostproc57
2026-10-09T03:23:15.7448150Z   libpulse0 librav1e0 libraw1394-11 librist4 librsvg2-2 librsvg2-common
2026-10-09T03:23:15.7449416Z   librubberband2 libsamplerate0 libsdl2-2.0-0 libserd-0-0 libshine3
2026-10-09T03:23:15.7450775Z   libsndfile1 libsndio7.0 libsord-0-0 libsoxr0 libspeex1 libsphinxbase3t64
2026-10-09T03:23:15.7452376Z   libsratom-0-0 libsrt1.5-gnutls libssh-gcrypt-4 libsvtav1enc1d1
2026-10-09T03:23:15.7453716Z   libswresample4 libswscale7 libtheora0 libtwolame0 libudfread0 libunibreak5
2026-10-09T03:23:15.7454993Z   libva-drm2 libva-x11-2 libva2 libvdpau1 libvidstab1.1 libvorbisenc2 libvpl2
2026-10-09T03:23:15.7456483Z   libvpx9 libx264-164 libx265-199 libxcb-shape0 libxv1 libxvidcore4 libzimg2
2026-10-09T03:23:15.7457908Z   libzix-0-0 libzvbi-common libzvbi0t64 mesa-va-drivers mesa-vdpau-drivers
2026-10-09T03:23:15.7459496Z   ocl-icd-libopencl1 pocketsphinx-en-us va-driver-all vdpau-driver-all
2026-10-09T03:23:15.7653014Z 0 upgraded, 99 newly installed, 0 to remove and 23 not upgraded.
2026-10-09T03:23:15.7653820Z Need to get 94.1 MB of archives.
2026-10-09T03:23:15.7654603Z After this operation, 227 MB of additional disk space will be used.
2026-10-09T03:23:15.7655781Z Get:1 file:/etc/apt/apt-mirrors.txt Mirrorlist [139 B]
2026-10-09T03:23:16.4279000Z Get:2 https://archive.ubuntu.com/ubuntu noble-updates/universe amd64 libva2 amd64 2.20.0-2ubuntu0.2 [66.4 kB]
2026-10-09T03:23:16.7989672Z Get:3 https://archive.ubuntu.com/ubuntu noble-updates/universe amd64 libva-drm2 amd64 2.20.0-2ubuntu0.2 [7124 B]
2026-10-09T03:23:16.9244806Z Get:4 https://archive.ubuntu.com/ubuntu noble-updates/universe amd64 libva-x11-2 amd64 2.20.0-2ubuntu0.2 [12.0 kB]
2026-10-09T03:23:17.0556207Z Get:5 https://archive.ubuntu.com/ubuntu noble/main amd64 libvdpau1 amd64 1.5-2build1 [27.8 kB]
2026-10-09T03:23:17.2009643Z Get:6 https://archive.ubuntu.com/ubuntu noble/universe amd64 libvpl2 amd64 2023.3.0-1build1 [99.8 kB]
2026-10-09T03:23:17.4499058Z Get:7 https://archive.ubuntu.com/ubuntu noble/universe amd64 ocl-icd-libopencl1 amd64 2.3.2-1build1 [38.5 kB]
2026-10-09T03:23:17.5876690Z Get:8 https://archive.ubuntu.com/ubuntu noble/universe amd64 libavutil58 amd64 7:6.1.1-3ubuntu5 [401 kB]
2026-10-09T03:23:17.9574782Z Get:9 https://archive.ubuntu.com/ubuntu noble/universe amd64 libcodec2-1.2 amd64 1.2.0-2build1 [8998 kB]
2026-10-09T03:23:18.9532405Z Get:10 https://archive.ubuntu.com/ubuntu noble/universe amd64 libdav1d7 amd64 1.4.1-1build1 [604 kB]
2026-10-09T03:23:19.0823552Z Get:11 https://archive.ubuntu.com/ubuntu noble/universe amd64 libgsm1 amd64 1.0.22-1build1 [27.8 kB]
2026-10-09T03:23:19.2039313Z Get:12 https://archive.ubuntu.com/ubuntu noble/universe amd64 libhwy1t64 amd64 1.0.7-8.1build1 [584 kB]
2026-10-09T03:23:19.3336221Z Get:13 https://archive.ubuntu.com/ubuntu noble-updates/universe amd64 libjxl0.7 amd64 0.7.0-10.2ubuntu6.1 [1001 kB]
2026-10-09T03:23:19.4690905Z Get:14 https://archive.ubuntu.com/ubuntu noble/main amd64 libmp3lame0 amd64 3.100-6build1 [142 kB]
2026-10-09T03:23:19.5923472Z Get:15 https://archive.ubuntu.com/ubuntu noble/main amd64 libopus0 amd64 1.4-1build1 [208 kB]
2026-10-09T03:23:19.7165387Z Get:16 https://archive.ubuntu.com/ubuntu noble/universe amd64 librav1e0 amd64 0.7.1-2 [1022 kB]
2026-10-09T03:23:19.8520446Z Get:17 https://archive.ubuntu.com/ubuntu noble-updates/main amd64 librsvg2-2 amd64 2.58.0+dfsg-1ubuntu0.1 [2141 kB]
2026-10-09T03:23:20.0039616Z Get:18 https://archive.ubuntu.com/ubuntu noble/universe amd64 libshine3 amd64 3.1.1-2build1 [23.2 kB]
2026-10-09T03:23:20.1254429Z Get:19 https://archive.ubuntu.com/ubuntu noble-updates/main amd64 libspeex1 amd64 1.2.1-2ubuntu2.24.04.1 [59.6 kB]
2026-10-09T03:23:20.2471813Z Get:20 https://archive.ubuntu.com/ubuntu noble/universe amd64 libsvtav1enc1d1 amd64 1.7.0+dfsg-2build1 [2425 kB]
2026-10-09T03:23:20.5647356Z Get:21 https://archive.ubuntu.com/ubuntu noble/universe amd64 libsoxr0 amd64 0.1.3-4build3 [80.0 kB]
2026-10-09T03:23:20.6865855Z Get:22 https://archive.ubuntu.com/ubuntu noble/universe amd64 libswresample4 amd64 7:6.1.1-3ubuntu5 [63.8 kB]
2026-10-09T03:23:20.8085668Z Get:23 https://archive.ubuntu.com/ubuntu noble/main amd64 libtheora0 amd64 1.1.1+dfsg.1-16.1build3 [211 kB]
2026-10-09T03:23:20.9321870Z Get:24 https://archive.ubuntu.com/ubuntu noble/main amd64 libtwolame0 amd64 0.4.0-2build3 [52.3 kB]
2026-10-09T03:23:21.0540084Z Get:25 https://archive.ubuntu.com/ubuntu noble/main amd64 libvorbisenc2 amd64 1.3.7-1build3 [80.8 kB]
2026-10-09T03:23:21.1761364Z Get:26 https://archive.ubuntu.com/ubuntu noble-updates/main amd64 libvpx9 amd64 1.14.0-1ubuntu2.3 [1143 kB]
2026-10-09T03:23:21.3132486Z Get:27 https://archive.ubuntu.com/ubuntu noble/universe amd64 libx264-164 amd64 2:0.164.3108+git31e19f9-1 [604 kB]
2026-10-09T03:23:21.4425682Z Get:28 https://archive.ubuntu.com/ubuntu noble/universe amd64 libx265-199 amd64 3.5-2build1 [1226 kB]
2026-10-09T03:23:21.5812790Z Get:29 https://archive.ubuntu.com/ubuntu noble/universe amd64 libxvidcore4 amd64 2:1.3.7-1build1 [219 kB]
2026-10-09T03:23:21.7051683Z Get:30 https://archive.ubuntu.com/ubuntu noble/universe amd64 libzvbi-common all 0.2.42-2 [42.4 kB]
2026-10-09T03:23:21.8268454Z Get:31 https://archive.ubuntu.com/ubuntu noble/universe amd64 libzvbi0t64 amd64 0.2.42-2 [261 kB]
2026-10-09T03:23:21.9511580Z Get:32 https://archive.ubuntu.com/ubuntu noble/universe amd64 libavcodec60 amd64 7:6.1.1-3ubuntu5 [5851 kB]
2026-10-09T03:23:22.1960066Z Get:33 https://archive.ubuntu.com/ubuntu noble/main amd64 libraw1394-11 amd64 2.1.2-2build3 [26.2 kB]
2026-10-09T03:23:22.3182610Z Get:34 https://archive.ubuntu.com/ubuntu noble/main amd64 libavc1394-0 amd64 0.5.4-5build3 [15.4 kB]
2026-10-09T03:23:22.4398065Z Get:35 https://archive.ubuntu.com/ubuntu noble/universe amd64 libunibreak5 amd64 5.1-2build1 [25.0 kB]
2026-10-09T03:23:22.5617963Z Get:36 https://archive.ubuntu.com/ubuntu noble/universe amd64 libass9 amd64 1:0.17.1-2build1 [104 kB]
2026-10-09T03:23:22.6839156Z Get:37 https://archive.ubuntu.com/ubuntu noble/universe amd64 libudfread0 amd64 1.1.2-1build1 [19.0 kB]
2026-10-09T03:23:22.8055111Z Get:38 https://archive.ubuntu.com/ubuntu noble/universe amd64 libbluray2 amd64 1:1.3.4-1build1 [159 kB]
2026-10-09T03:23:22.9280214Z Get:39 https://archive.ubuntu.com/ubuntu noble/universe amd64 libchromaprint1 amd64 1.5.1-5 [30.5 kB]
2026-10-09T03:23:23.2112771Z Get:40 https://archive.ubuntu.com/ubuntu noble/universe amd64 libgme0 amd64 0.6.3-7build1 [134 kB]
2026-10-09T03:23:23.3334929Z Get:41 https://archive.ubuntu.com/ubuntu noble-updates/main amd64 libmpg123-0t64 amd64 1.32.5-1ubuntu1.1 [169 kB]
2026-10-09T03:23:23.4558723Z Get:42 https://archive.ubuntu.com/ubuntu noble/universe amd64 libopenmpt0t64 amd64 0.7.3-1.1build3 [647 kB]
2026-10-09T03:23:23.5813886Z Get:43 https://archive.ubuntu.com/ubuntu noble/universe amd64 libcjson1 amd64 1.7.17-1 [24.8 kB]
2026-10-09T03:23:23.7033078Z Get:44 https://archive.ubuntu.com/ubuntu noble/universe amd64 libmbedcrypto7t64 amd64 2.28.8-1 [209 kB]
2026-10-09T03:23:23.8259544Z Get:45 https://archive.ubuntu.com/ubuntu noble/universe amd64 librist4 amd64 0.2.10+dfsg-2 [74.9 kB]
2026-10-09T03:23:23.9478853Z Get:46 https://archive.ubuntu.com/ubuntu noble/universe amd64 libsrt1.5-gnutls amd64 1.5.3-1build2 [316 kB]
2026-10-09T03:23:24.0712606Z Get:47 https://archive.ubuntu.com/ubuntu noble-updates/main amd64 libssh-gcrypt-4 amd64 0.10.6-2ubuntu0.5 [226 kB]
2026-10-09T03:23:24.1941642Z Get:48 https://archive.ubuntu.com/ubuntu noble/universe amd64 libavformat60 amd64 7:6.1.1-3ubuntu5 [1153 kB]
2026-10-09T03:23:24.3239322Z Get:49 https://archive.ubuntu.com/ubuntu noble/universe amd64 libbs2b0 amd64 3.1.0+dfsg-7build1 [10.6 kB]
2026-10-09T03:23:24.4457100Z Get:50 https://archive.ubuntu.com/ubuntu noble/universe amd64 libflite1 amd64 2.2-6build3 [13.6 MB]
2026-10-09T03:23:24.7041664Z Get:51 https://archive.ubuntu.com/ubuntu noble/universe amd64 libserd-0-0 amd64 0.32.2-1 [43.6 kB]
2026-10-09T03:23:24.8259717Z Get:52 https://archive.ubuntu.com/ubuntu noble/universe amd64 libzix-0-0 amd64 0.4.2-2build1 [23.6 kB]
2026-10-09T03:23:24.9476592Z Get:53 https://archive.ubuntu.com/ubuntu noble/universe amd64 libsord-0-0 amd64 0.16.16-2build1 [15.8 kB]
2026-10-09T03:23:25.0690668Z Get:54 https://archive.ubuntu.com/ubuntu noble/universe amd64 libsratom-0-0 amd64 0.6.16-1build1 [17.3 kB]
2026-10-09T03:23:25.1904782Z Get:55 https://archive.ubuntu.com/ubuntu noble/universe amd64 liblilv-0-0 amd64 0.24.22-1build1 [41.0 kB]
2026-10-09T03:23:25.3125132Z Get:56 https://archive.ubuntu.com/ubuntu noble/universe amd64 libmysofa1 amd64 1.3.2+dfsg-2ubuntu2 [1158 kB]
2026-10-09T03:23:25.4418876Z Get:57 https://archive.ubuntu.com/ubuntu noble/universe amd64 libplacebo338 amd64 6.338.2-2build1 [2654 kB]
2026-10-09T03:23:25.5807185Z Get:58 https://archive.ubuntu.com/ubuntu noble-updates/main amd64 libblas3 amd64 3.12.0-3build1.1 [238 kB]
2026-10-09T03:23:25.7039498Z Get:59 https://archive.ubuntu.com/ubuntu noble-updates/main amd64 liblapack3 amd64 3.12.0-3build1.1 [2646 kB]
2026-10-09T03:23:26.0043161Z Get:60 https://archive.ubuntu.com/ubuntu noble/main amd64 libasyncns0 amd64 0.8-6build4 [11.3 kB]
2026-10-09T03:23:26.1259000Z Get:61 https://archive.ubuntu.com/ubuntu noble/main amd64 libflac12t64 amd64 1.4.3+ds-2.1ubuntu2 [197 kB]
2026-10-09T03:23:26.2489915Z Get:62 https://archive.ubuntu.com/ubuntu noble-updates/main amd64 libsndfile1 amd64 1.2.2-1ubuntu5.24.04.1 [209 kB]
2026-10-09T03:23:26.3723076Z Get:63 https://archive.ubuntu.com/ubuntu noble-updates/main amd64 libpulse0 amd64 1:16.1+dfsg1-2ubuntu10.1 [292 kB]
2026-10-09T03:23:26.4955929Z Get:64 https://archive.ubuntu.com/ubuntu noble/universe amd64 libsphinxbase3t64 amd64 0.8+5prealpha+1-17build2 [126 kB]
2026-10-09T03:23:26.6183129Z Get:65 https://archive.ubuntu.com/ubuntu noble/universe amd64 libpocketsphinx3 amd64 0.8.0+real5prealpha+1-15ubuntu5 [133 kB]
2026-10-09T03:23:26.7404086Z Get:66 https://archive.ubuntu.com/ubuntu noble/universe amd64 libpostproc57 amd64 7:6.1.1-3ubuntu5 [49.9 kB]
2026-10-09T03:23:26.8627585Z Get:67 https://archive.ubuntu.com/ubuntu noble/main amd64 libsamplerate0 amd64 0.2.2-4build1 [1344 kB]
2026-10-09T03:23:26.9929568Z Get:68 https://archive.ubuntu.com/ubuntu noble/universe amd64 librubberband2 amd64 3.3.0+dfsg-2build1 [130 kB]
2026-10-09T03:23:27.1153614Z Get:69 https://archive.ubuntu.com/ubuntu noble/universe amd64 libswscale7 amd64 7:6.1.1-3ubuntu5 [193 kB]
2026-10-09T03:23:27.2380041Z Get:70 https://archive.ubuntu.com/ubuntu noble/universe amd64 libvidstab1.1 amd64 1.1.0-2build1 [38.5 kB]
2026-10-09T03:23:27.3598400Z Get:71 https://archive.ubuntu.com/ubuntu noble/universe amd64 libzimg2 amd64 3.0.5+ds1-1build1 [254 kB]
2026-10-09T03:23:27.4835441Z Get:72 https://archive.ubuntu.com/ubuntu noble/universe amd64 libavfilter9 amd64 7:6.1.1-3ubuntu5 [4235 kB]
2026-10-09T03:23:27.6385424Z Get:73 https://archive.ubuntu.com/ubuntu noble-updates/main amd64 libcaca0 amd64 0.99.beta20-4ubuntu0.2 [209 kB]
2026-10-09T03:23:27.7610552Z Get:74 https://archive.ubuntu.com/ubuntu noble-updates/main amd64 libcdio19t64 amd64 2.1.0-4.1ubuntu1.2 [62.4 kB]
2026-10-09T03:23:27.8829791Z Get:75 https://archive.ubuntu.com/ubuntu noble/main amd64 libcdio-cdda2t64 amd64 10.2+2.0.1-1.1build2 [16.5 kB]
2026-10-09T03:23:28.0052972Z Get:76 https://archive.ubuntu.com/ubuntu noble/main amd64 libcdio-paranoia2t64 amd64 10.2+2.0.1-1.1build2 [16.6 kB]
2026-10-09T03:23:28.1273362Z Get:77 https://archive.ubuntu.com/ubuntu noble/universe amd64 libdc1394-25 amd64 2.2.6-4build1 [90.1 kB]
2026-10-09T03:23:28.4106274Z Get:78 https://archive.ubuntu.com/ubuntu noble/main amd64 libiec61883-0 amd64 1.2.0-6build1 [24.5 kB]
2026-10-09T03:23:28.5324289Z Get:79 https://archive.ubuntu.com/ubuntu noble/main amd64 libjack-jackd2-0 amd64 1.9.21~dfsg-3ubuntu3 [289 kB]
2026-10-09T03:23:28.6554048Z Get:80 https://archive.ubuntu.com/ubuntu noble/universe amd64 libopenal-data all 1:1.23.1-4build1 [161 kB]
2026-10-09T03:23:28.7777442Z Get:81 https://archive.ubuntu.com/ubuntu noble/universe amd64 libsndio7.0 amd64 1.9.0-0.3build3 [29.6 kB]
2026-10-09T03:23:28.8994475Z Get:82 https://archive.ubuntu.com/ubuntu noble/universe amd64 libopenal1 amd64 1:1.23.1-4build1 [540 kB]
2026-10-09T03:23:29.0243171Z Get:83 https://archive.ubuntu.com/ubuntu noble/main amd64 libdecor-0-0 amd64 0.2.2-1build2 [16.5 kB]
2026-10-09T03:23:29.1464557Z Get:84 https://archive.ubuntu.com/ubuntu noble-updates/main amd64 libsdl2-2.0-0 amd64 2.30.0+dfsg-1ubuntu3.1 [686 kB]
2026-10-09T03:23:29.2722009Z Get:85 https://archive.ubuntu.com/ubuntu noble/main amd64 libxcb-shape0 amd64 1.15-1ubuntu2 [6100 B]
2026-10-09T03:23:29.3933414Z Get:86 https://archive.ubuntu.com/ubuntu noble/main amd64 libxv1 amd64 2:1.0.11-1.1build1 [10.7 kB]
2026-10-09T03:23:29.5151673Z Get:87 https://archive.ubuntu.com/ubuntu noble/universe amd64 libavdevice60 amd64 7:6.1.1-3ubuntu5 [82.3 kB]
2026-10-09T03:23:29.6369558Z Get:88 https://archive.ubuntu.com/ubuntu noble/universe amd64 ffmpeg amd64 7:6.1.1-3ubuntu5 [1879 kB]
2026-10-09T03:23:29.7701856Z Get:89 https://archive.ubuntu.com/ubuntu noble-updates/universe amd64 libigdgmm12 amd64 22.3.17+ds1-1ubuntu1 [145 kB]
2026-10-09T03:23:29.8923435Z Get:90 https://archive.ubuntu.com/ubuntu noble-updates/universe amd64 intel-media-va-driver amd64 24.1.0+dfsg1-1ubuntu0.2 [3163 kB]
2026-10-09T03:23:30.0333101Z Get:91 https://archive.ubuntu.com/ubuntu noble/universe amd64 libaacs0 amd64 0.11.1-2build1 [62.9 kB]
2026-10-09T03:23:30.1552850Z Get:92 https://archive.ubuntu.com/ubuntu noble/universe amd64 libbdplus0 amd64 0.2.0-3build1 [52.2 kB]
2026-10-09T03:23:30.2769868Z Get:93 https://archive.ubuntu.com/ubuntu noble/main amd64 libdecor-0-plugin-1-gtk amd64 0.2.2-1build2 [22.2 kB]
2026-10-09T03:23:30.3987535Z Get:94 https://archive.ubuntu.com/ubuntu noble-updates/main amd64 librsvg2-common amd64 2.58.0+dfsg-1ubuntu0.1 [11.8 kB]
2026-10-09T03:23:30.5202477Z Get:95 https://archive.ubuntu.com/ubuntu noble-updates/universe amd64 mesa-va-drivers amd64 25.2.8-0ubuntu0.24.04.4 [6778 B]
2026-10-09T03:23:30.6415184Z Get:96 https://archive.ubuntu.com/ubuntu noble-updates/main amd64 mesa-vdpau-drivers amd64 25.2.8-0ubuntu0.24.04.4 [23.4 kB]
2026-10-09T03:23:30.9248537Z Get:97 https://archive.ubuntu.com/ubuntu noble-updates/universe amd64 i965-va-driver amd64 2.4.1+dfsg1-1ubuntu0.2 [332 kB]
2026-10-09T03:23:31.0480410Z Get:98 https://archive.ubuntu.com/ubuntu noble-updates/universe amd64 va-driver-all amd64 2.20.0-2ubuntu0.2 [5014 B]
2026-10-09T03:23:31.1692354Z Get:99 https://archive.ubuntu.com/ubuntu noble/main amd64 vdpau-driver-all amd64 1.5-2build1 [4414 B]
2026-10-09T03:23:31.2910001Z Get:100 https://archive.ubuntu.com/ubuntu noble/universe amd64 pocketsphinx-en-us all 0.8.0+real5prealpha+1-15ubuntu5 [27.4 MB]
2026-10-09T03:23:31.7968026Z Fetched 94.1 MB in 16s (5991 kB/s)
2026-10-09T03:23:31.8213819Z Selecting previously unselected package libva2:amd64.
2026-10-09T03:23:31.8480630Z (Reading database ... 
2026-10-09T03:23:31.8481389Z (Reading database ... 5%
2026-10-09T03:23:31.8482362Z (Reading database ... 10%
2026-10-09T03:23:31.8482829Z (Reading database ... 15%
2026-10-09T03:23:31.8483308Z (Reading database ... 20%
2026-10-09T03:23:31.8483605Z (Reading database ... 25%
2026-10-09T03:23:31.8483895Z (Reading database ... 30%
2026-10-09T03:23:31.8484192Z (Reading database ... 35%
2026-10-09T03:23:31.8484480Z (Reading database ... 40%
2026-10-09T03:23:31.8484766Z (Reading database ... 45%
2026-10-09T03:23:31.8485061Z (Reading database ... 50%
2026-10-09T03:23:31.8516964Z (Reading database ... 55%
2026-10-09T03:23:31.9170977Z (Reading database ... 60%
2026-10-09T03:23:32.1061008Z (Reading database ... 65%
2026-10-09T03:23:32.3113859Z (Reading database ... 70%
2026-10-09T03:23:32.5117651Z (Reading database ... 75%
2026-10-09T03:23:32.6161809Z (Reading database ... 80%
2026-10-09T03:23:32.7278718Z (Reading database ... 85%
2026-10-09T03:23:32.8286079Z (Reading database ... 90%
2026-10-09T03:23:32.9255037Z (Reading database ... 95%
2026-10-09T03:23:32.9255705Z (Reading database ... 100%
2026-10-09T03:23:32.9256643Z (Reading database ... 203191 files and directories currently installed.)
2026-10-09T03:23:32.9296842Z Preparing to unpack .../00-libva2_2.20.0-2ubuntu0.2_amd64.deb ...
2026-10-09T03:23:32.9334455Z Unpacking libva2:amd64 (2.20.0-2ubuntu0.2) ...
2026-10-09T03:23:32.9549825Z Selecting previously unselected package libva-drm2:amd64.
2026-10-09T03:23:32.9673637Z Preparing to unpack .../01-libva-drm2_2.20.0-2ubuntu0.2_amd64.deb ...
2026-10-09T03:23:32.9683357Z Unpacking libva-drm2:amd64 (2.20.0-2ubuntu0.2) ...
2026-10-09T03:23:32.9883956Z Selecting previously unselected package libva-x11-2:amd64.
2026-10-09T03:23:33.0007492Z Preparing to unpack .../02-libva-x11-2_2.20.0-2ubuntu0.2_amd64.deb ...
2026-10-09T03:23:33.0015325Z Unpacking libva-x11-2:amd64 (2.20.0-2ubuntu0.2) ...
2026-10-09T03:23:33.0209422Z Selecting previously unselected package libvdpau1:amd64.
2026-10-09T03:23:33.0335362Z Preparing to unpack .../03-libvdpau1_1.5-2build1_amd64.deb ...
2026-10-09T03:23:33.0342476Z Unpacking libvdpau1:amd64 (1.5-2build1) ...
2026-10-09T03:23:33.0550083Z Selecting previously unselected package libvpl2.
2026-10-09T03:23:33.0674751Z Preparing to unpack .../04-libvpl2_2023.3.0-1build1_amd64.deb ...
2026-10-09T03:23:33.0682072Z Unpacking libvpl2 (2023.3.0-1build1) ...
2026-10-09T03:23:33.0891875Z Selecting previously unselected package ocl-icd-libopencl1:amd64.
2026-10-09T03:23:33.1015566Z Preparing to unpack .../05-ocl-icd-libopencl1_2.3.2-1build1_amd64.deb ...
2026-10-09T03:23:33.1021896Z Unpacking ocl-icd-libopencl1:amd64 (2.3.2-1build1) ...
2026-10-09T03:23:33.1279938Z Selecting previously unselected package libavutil58:amd64.
2026-10-09T03:23:33.1403224Z Preparing to unpack .../06-libavutil58_7%3a6.1.1-3ubuntu5_amd64.deb ...
2026-10-09T03:23:33.1411821Z Unpacking libavutil58:amd64 (7:6.1.1-3ubuntu5) ...
2026-10-09T03:23:33.1645802Z Selecting previously unselected package libcodec2-1.2:amd64.
2026-10-09T03:23:33.1769988Z Preparing to unpack .../07-libcodec2-1.2_1.2.0-2build1_amd64.deb ...
2026-10-09T03:23:33.1776920Z Unpacking libcodec2-1.2:amd64 (1.2.0-2build1) ...
2026-10-09T03:23:33.2510605Z Selecting previously unselected package libdav1d7:amd64.
2026-10-09T03:23:33.2634754Z Preparing to unpack .../08-libdav1d7_1.4.1-1build1_amd64.deb ...
2026-10-09T03:23:33.2642612Z Unpacking libdav1d7:amd64 (1.4.1-1build1) ...
2026-10-09T03:23:33.2892781Z Selecting previously unselected package libgsm1:amd64.
2026-10-09T03:23:33.3017176Z Preparing to unpack .../09-libgsm1_1.0.22-1build1_amd64.deb ...
2026-10-09T03:23:33.3024828Z Unpacking libgsm1:amd64 (1.0.22-1build1) ...
2026-10-09T03:23:33.3226000Z Selecting previously unselected package libhwy1t64:amd64.
2026-10-09T03:23:33.3351576Z Preparing to unpack .../10-libhwy1t64_1.0.7-8.1build1_amd64.deb ...
2026-10-09T03:23:33.3358602Z Unpacking libhwy1t64:amd64 (1.0.7-8.1build1) ...
2026-10-09T03:23:33.3827091Z Selecting previously unselected package libjxl0.7:amd64.
2026-10-09T03:23:33.3985769Z Preparing to unpack .../11-libjxl0.7_0.7.0-10.2ubuntu6.1_amd64.deb ...
2026-10-09T03:23:33.4030651Z Unpacking libjxl0.7:amd64 (0.7.0-10.2ubuntu6.1) ...
2026-10-09T03:23:33.4443547Z Selecting previously unselected package libmp3lame0:amd64.
2026-10-09T03:23:33.4579232Z Preparing to unpack .../12-libmp3lame0_3.100-6build1_amd64.deb ...
2026-10-09T03:23:33.5542359Z Unpacking libmp3lame0:amd64 (3.100-6build1) ...
2026-10-09T03:23:33.7136844Z Selecting previously unselected package libopus0:amd64.
2026-10-09T03:23:33.7260767Z Preparing to unpack .../13-libopus0_1.4-1build1_amd64.deb ...
2026-10-09T03:23:33.7267287Z Unpacking libopus0:amd64 (1.4-1build1) ...
2026-10-09T03:23:33.7479189Z Selecting previously unselected package librav1e0:amd64.
2026-10-09T03:23:33.7605524Z Preparing to unpack .../14-librav1e0_0.7.1-2_amd64.deb ...
2026-10-09T03:23:33.7612805Z Unpacking librav1e0:amd64 (0.7.1-2) ...
2026-10-09T03:23:33.7950175Z Selecting previously unselected package librsvg2-2:amd64.
2026-10-09T03:23:33.8075142Z Preparing to unpack .../15-librsvg2-2_2.58.0+dfsg-1ubuntu0.1_amd64.deb ...
2026-10-09T03:23:33.8082641Z Unpacking librsvg2-2:amd64 (2.58.0+dfsg-1ubuntu0.1) ...
2026-10-09T03:23:33.8524208Z Selecting previously unselected package libshine3:amd64.
2026-10-09T03:23:33.8647354Z Preparing to unpack .../16-libshine3_3.1.1-2build1_amd64.deb ...
2026-10-09T03:23:33.8653592Z Unpacking libshine3:amd64 (3.1.1-2build1) ...
2026-10-09T03:23:33.8842275Z Selecting previously unselected package libspeex1:amd64.
2026-10-09T03:23:33.8964707Z Preparing to unpack .../17-libspeex1_1.2.1-2ubuntu2.24.04.1_amd64.deb ...
2026-10-09T03:23:33.8971063Z Unpacking libspeex1:amd64 (1.2.1-2ubuntu2.24.04.1) ...
2026-10-09T03:23:33.9179963Z Selecting previously unselected package libsvtav1enc1d1:amd64.
2026-10-09T03:23:33.9304240Z Preparing to unpack .../18-libsvtav1enc1d1_1.7.0+dfsg-2build1_amd64.deb ...
2026-10-09T03:23:33.9310730Z Unpacking libsvtav1enc1d1:amd64 (1.7.0+dfsg-2build1) ...
2026-10-09T03:23:33.9765490Z Selecting previously unselected package libsoxr0:amd64.
2026-10-09T03:23:33.9888122Z Preparing to unpack .../19-libsoxr0_0.1.3-4build3_amd64.deb ...
2026-10-09T03:23:33.9895389Z Unpacking libsoxr0:amd64 (0.1.3-4build3) ...
2026-10-09T03:23:34.0094537Z Selecting previously unselected package libswresample4:amd64.
2026-10-09T03:23:34.0218327Z Preparing to unpack .../20-libswresample4_7%3a6.1.1-3ubuntu5_amd64.deb ...
2026-10-09T03:23:34.0225252Z Unpacking libswresample4:amd64 (7:6.1.1-3ubuntu5) ...
2026-10-09T03:23:34.0427745Z Selecting previously unselected package libtheora0:amd64.
2026-10-09T03:23:34.0551356Z Preparing to unpack .../21-libtheora0_1.1.1+dfsg.1-16.1build3_amd64.deb ...
2026-10-09T03:23:34.0559918Z Unpacking libtheora0:amd64 (1.1.1+dfsg.1-16.1build3) ...
2026-10-09T03:23:34.0779077Z Selecting previously unselected package libtwolame0:amd64.
2026-10-09T03:23:34.0900911Z Preparing to unpack .../22-libtwolame0_0.4.0-2build3_amd64.deb ...
2026-10-09T03:23:34.0907509Z Unpacking libtwolame0:amd64 (0.4.0-2build3) ...
2026-10-09T03:23:34.1100721Z Selecting previously unselected package libvorbisenc2:amd64.
2026-10-09T03:23:34.1223918Z Preparing to unpack .../23-libvorbisenc2_1.3.7-1build3_amd64.deb ...
2026-10-09T03:23:34.1248789Z Unpacking libvorbisenc2:amd64 (1.3.7-1build3) ...
2026-10-09T03:23:34.1458626Z Selecting previously unselected package libvpx9:amd64.
2026-10-09T03:23:34.1581791Z Preparing to unpack .../24-libvpx9_1.14.0-1ubuntu2.3_amd64.deb ...
2026-10-09T03:23:34.1589389Z Unpacking libvpx9:amd64 (1.14.0-1ubuntu2.3) ...
2026-10-09T03:23:34.1900735Z Selecting previously unselected package libx264-164:amd64.
2026-10-09T03:23:34.2023907Z Preparing to unpack .../25-libx264-164_2%3a0.164.3108+git31e19f9-1_amd64.deb ...
2026-10-09T03:23:34.2030713Z Unpacking libx264-164:amd64 (2:0.164.3108+git31e19f9-1) ...
2026-10-09T03:23:34.2286940Z Selecting previously unselected package libx265-199:amd64.
2026-10-09T03:23:34.2411260Z Preparing to unpack .../26-libx265-199_3.5-2build1_amd64.deb ...
2026-10-09T03:23:34.2418649Z Unpacking libx265-199:amd64 (3.5-2build1) ...
2026-10-09T03:23:34.3034983Z Selecting previously unselected package libxvidcore4:amd64.
2026-10-09T03:23:34.3158371Z Preparing to unpack .../27-libxvidcore4_2%3a1.3.7-1build1_amd64.deb ...
2026-10-09T03:23:34.3165149Z Unpacking libxvidcore4:amd64 (2:1.3.7-1build1) ...
2026-10-09T03:23:34.3370742Z Selecting previously unselected package libzvbi-common.
2026-10-09T03:23:34.3492861Z Preparing to unpack .../28-libzvbi-common_0.2.42-2_all.deb ...
2026-10-09T03:23:34.3500194Z Unpacking libzvbi-common (0.2.42-2) ...
2026-10-09T03:23:34.3769212Z Selecting previously unselected package libzvbi0t64:amd64.
2026-10-09T03:23:34.3893153Z Preparing to unpack .../29-libzvbi0t64_0.2.42-2_amd64.deb ...
2026-10-09T03:23:34.3900756Z Unpacking libzvbi0t64:amd64 (0.2.42-2) ...
2026-10-09T03:23:34.4126766Z Selecting previously unselected package libavcodec60:amd64.
2026-10-09T03:23:34.4250595Z Preparing to unpack .../30-libavcodec60_7%3a6.1.1-3ubuntu5_amd64.deb ...
2026-10-09T03:23:34.4257612Z Unpacking libavcodec60:amd64 (7:6.1.1-3ubuntu5) ...
2026-10-09T03:23:34.5037830Z Selecting previously unselected package libraw1394-11:amd64.
2026-10-09T03:23:34.5162208Z Preparing to unpack .../31-libraw1394-11_2.1.2-2build3_amd64.deb ...
2026-10-09T03:23:34.5169953Z Unpacking libraw1394-11:amd64 (2.1.2-2build3) ...
2026-10-09T03:23:34.5358807Z Selecting previously unselected package libavc1394-0:amd64.
2026-10-09T03:23:34.5482295Z Preparing to unpack .../32-libavc1394-0_0.5.4-5build3_amd64.deb ...
2026-10-09T03:23:34.5489966Z Unpacking libavc1394-0:amd64 (0.5.4-5build3) ...
2026-10-09T03:23:34.5689784Z Selecting previously unselected package libunibreak5:amd64.
2026-10-09T03:23:34.5813155Z Preparing to unpack .../33-libunibreak5_5.1-2build1_amd64.deb ...
2026-10-09T03:23:34.5821062Z Unpacking libunibreak5:amd64 (5.1-2build1) ...
2026-10-09T03:23:34.6017144Z Selecting previously unselected package libass9:amd64.
2026-10-09T03:23:34.6140439Z Preparing to unpack .../34-libass9_1%3a0.17.1-2build1_amd64.deb ...
2026-10-09T03:23:34.6147714Z Unpacking libass9:amd64 (1:0.17.1-2build1) ...
2026-10-09T03:23:34.6352465Z Selecting previously unselected package libudfread0:amd64.
2026-10-09T03:23:34.6474589Z Preparing to unpack .../35-libudfread0_1.1.2-1build1_amd64.deb ...
2026-10-09T03:23:34.6481561Z Unpacking libudfread0:amd64 (1.1.2-1build1) ...
2026-10-09T03:23:34.6669640Z Selecting previously unselected package libbluray2:amd64.
2026-10-09T03:23:34.6793381Z Preparing to unpack .../36-libbluray2_1%3a1.3.4-1build1_amd64.deb ...
2026-10-09T03:23:34.6801618Z Unpacking libbluray2:amd64 (1:1.3.4-1build1) ...
2026-10-09T03:23:34.7010617Z Selecting previously unselected package libchromaprint1:amd64.
2026-10-09T03:23:34.7135016Z Preparing to unpack .../37-libchromaprint1_1.5.1-5_amd64.deb ...
2026-10-09T03:23:34.7141515Z Unpacking libchromaprint1:amd64 (1.5.1-5) ...
2026-10-09T03:23:34.7333998Z Selecting previously unselected package libgme0:amd64.
2026-10-09T03:23:34.7457108Z Preparing to unpack .../38-libgme0_0.6.3-7build1_amd64.deb ...
2026-10-09T03:23:34.7464776Z Unpacking libgme0:amd64 (0.6.3-7build1) ...
2026-10-09T03:23:34.7669805Z Selecting previously unselected package libmpg123-0t64:amd64.
2026-10-09T03:23:34.7795403Z Preparing to unpack .../39-libmpg123-0t64_1.32.5-1ubuntu1.1_amd64.deb ...
2026-10-09T03:23:34.7803441Z Unpacking libmpg123-0t64:amd64 (1.32.5-1ubuntu1.1) ...
2026-10-09T03:23:34.8026089Z Selecting previously unselected package libopenmpt0t64:amd64.
2026-10-09T03:23:34.8149120Z Preparing to unpack .../40-libopenmpt0t64_0.7.3-1.1build3_amd64.deb ...
2026-10-09T03:23:34.8158851Z Unpacking libopenmpt0t64:amd64 (0.7.3-1.1build3) ...
2026-10-09T03:23:34.8416548Z Selecting previously unselected package libcjson1:amd64.
2026-10-09T03:23:34.8539347Z Preparing to unpack .../41-libcjson1_1.7.17-1_amd64.deb ...
2026-10-09T03:23:34.8546214Z Unpacking libcjson1:amd64 (1.7.17-1) ...
2026-10-09T03:23:34.8737983Z Selecting previously unselected package libmbedcrypto7t64:amd64.
2026-10-09T03:23:34.8860084Z Preparing to unpack .../42-libmbedcrypto7t64_2.28.8-1_amd64.deb ...
2026-10-09T03:23:34.8868242Z Unpacking libmbedcrypto7t64:amd64 (2.28.8-1) ...
2026-10-09T03:23:34.9095034Z Selecting previously unselected package librist4:amd64.
2026-10-09T03:23:34.9219707Z Preparing to unpack .../43-librist4_0.2.10+dfsg-2_amd64.deb ...
2026-10-09T03:23:34.9227909Z Unpacking librist4:amd64 (0.2.10+dfsg-2) ...
2026-10-09T03:23:34.9418849Z Selecting previously unselected package libsrt1.5-gnutls:amd64.
2026-10-09T03:23:34.9542061Z Preparing to unpack .../44-libsrt1.5-gnutls_1.5.3-1build2_amd64.deb ...
2026-10-09T03:23:34.9548840Z Unpacking libsrt1.5-gnutls:amd64 (1.5.3-1build2) ...
2026-10-09T03:23:34.9779084Z Selecting previously unselected package libssh-gcrypt-4:amd64.
2026-10-09T03:23:34.9902586Z Preparing to unpack .../45-libssh-gcrypt-4_0.10.6-2ubuntu0.5_amd64.deb ...
2026-10-09T03:23:34.9909888Z Unpacking libssh-gcrypt-4:amd64 (0.10.6-2ubuntu0.5) ...
2026-10-09T03:23:35.0124500Z Selecting previously unselected package libavformat60:amd64.
2026-10-09T03:23:35.0246700Z Preparing to unpack .../46-libavformat60_7%3a6.1.1-3ubuntu5_amd64.deb ...
2026-10-09T03:23:35.0254235Z Unpacking libavformat60:amd64 (7:6.1.1-3ubuntu5) ...
2026-10-09T03:23:35.0551351Z Selecting previously unselected package libbs2b0:amd64.
2026-10-09T03:23:35.0674376Z Preparing to unpack .../47-libbs2b0_3.1.0+dfsg-7build1_amd64.deb ...
2026-10-09T03:23:35.0682270Z Unpacking libbs2b0:amd64 (3.1.0+dfsg-7build1) ...
2026-10-09T03:23:35.0893043Z Selecting previously unselected package libflite1:amd64.
2026-10-09T03:23:35.1015549Z Preparing to unpack .../48-libflite1_2.2-6build3_amd64.deb ...
2026-10-09T03:23:35.1023677Z Unpacking libflite1:amd64 (2.2-6build3) ...
2026-10-09T03:23:35.2062389Z Selecting previously unselected package libserd-0-0:amd64.
2026-10-09T03:23:35.2187641Z Preparing to unpack .../49-libserd-0-0_0.32.2-1_amd64.deb ...
2026-10-09T03:23:35.2195044Z Unpacking libserd-0-0:amd64 (0.32.2-1) ...
2026-10-09T03:23:35.2408438Z Selecting previously unselected package libzix-0-0:amd64.
2026-10-09T03:23:35.2532002Z Preparing to unpack .../50-libzix-0-0_0.4.2-2build1_amd64.deb ...
2026-10-09T03:23:35.2539822Z Unpacking libzix-0-0:amd64 (0.4.2-2build1) ...
2026-10-09T03:23:35.2733184Z Selecting previously unselected package libsord-0-0:amd64.
2026-10-09T03:23:35.2857441Z Preparing to unpack .../51-libsord-0-0_0.16.16-2build1_amd64.deb ...
2026-10-09T03:23:35.2865115Z Unpacking libsord-0-0:amd64 (0.16.16-2build1) ...
2026-10-09T03:23:35.3058572Z Selecting previously unselected package libsratom-0-0:amd64.
2026-10-09T03:23:35.3180094Z Preparing to unpack .../52-libsratom-0-0_0.6.16-1build1_amd64.deb ...
2026-10-09T03:23:35.3187856Z Unpacking libsratom-0-0:amd64 (0.6.16-1build1) ...
2026-10-09T03:23:35.3377658Z Selecting previously unselected package liblilv-0-0:amd64.
2026-10-09T03:23:35.3500431Z Preparing to unpack .../53-liblilv-0-0_0.24.22-1build1_amd64.deb ...
2026-10-09T03:23:35.3508504Z Unpacking liblilv-0-0:amd64 (0.24.22-1build1) ...
2026-10-09T03:23:35.3704424Z Selecting previously unselected package libmysofa1:amd64.
2026-10-09T03:23:35.3826990Z Preparing to unpack .../54-libmysofa1_1.3.2+dfsg-2ubuntu2_amd64.deb ...
2026-10-09T03:23:35.3835096Z Unpacking libmysofa1:amd64 (1.3.2+dfsg-2ubuntu2) ...
2026-10-09T03:23:35.4068909Z Selecting previously unselected package libplacebo338:amd64.
2026-10-09T03:23:35.4192437Z Preparing to unpack .../55-libplacebo338_6.338.2-2build1_amd64.deb ...
2026-10-09T03:23:35.4199844Z Unpacking libplacebo338:amd64 (6.338.2-2build1) ...
2026-10-09T03:23:35.4729561Z Selecting previously unselected package libblas3:amd64.
2026-10-09T03:23:35.4853628Z Preparing to unpack .../56-libblas3_3.12.0-3build1.1_amd64.deb ...
2026-10-09T03:23:35.4880609Z Unpacking libblas3:amd64 (3.12.0-3build1.1) ...
2026-10-09T03:23:35.5105724Z Selecting previously unselected package liblapack3:amd64.
2026-10-09T03:23:35.5227918Z Preparing to unpack .../57-liblapack3_3.12.0-3build1.1_amd64.deb ...
2026-10-09T03:23:35.5255209Z Unpacking liblapack3:amd64 (3.12.0-3build1.1) ...
2026-10-09T03:23:35.5712629Z Selecting previously unselected package libasyncns0:amd64.
2026-10-09T03:23:35.5835983Z Preparing to unpack .../58-libasyncns0_0.8-6build4_amd64.deb ...
2026-10-09T03:23:35.5845549Z Unpacking libasyncns0:amd64 (0.8-6build4) ...
2026-10-09T03:23:35.6042735Z Selecting previously unselected package libflac12t64:amd64.
2026-10-09T03:23:35.6166290Z Preparing to unpack .../59-libflac12t64_1.4.3+ds-2.1ubuntu2_amd64.deb ...
2026-10-09T03:23:35.6173990Z Unpacking libflac12t64:amd64 (1.4.3+ds-2.1ubuntu2) ...
2026-10-09T03:23:35.6388139Z Selecting previously unselected package libsndfile1:amd64.
2026-10-09T03:23:35.6510717Z Preparing to unpack .../60-libsndfile1_1.2.2-1ubuntu5.24.04.1_amd64.deb ...
2026-10-09T03:23:35.6517998Z Unpacking libsndfile1:amd64 (1.2.2-1ubuntu5.24.04.1) ...
2026-10-09T03:23:35.6772548Z Selecting previously unselected package libpulse0:amd64.
2026-10-09T03:23:35.6897467Z Preparing to unpack .../61-libpulse0_1%3a16.1+dfsg1-2ubuntu10.1_amd64.deb ...
2026-10-09T03:23:35.6965179Z Unpacking libpulse0:amd64 (1:16.1+dfsg1-2ubuntu10.1) ...
2026-10-09T03:23:35.7203485Z Selecting previously unselected package libsphinxbase3t64:amd64.
2026-10-09T03:23:35.7328241Z Preparing to unpack .../62-libsphinxbase3t64_0.8+5prealpha+1-17build2_amd64.deb ...
2026-10-09T03:23:35.7335573Z Unpacking libsphinxbase3t64:amd64 (0.8+5prealpha+1-17build2) ...
2026-10-09T03:23:35.7545780Z Selecting previously unselected package libpocketsphinx3:amd64.
2026-10-09T03:23:35.7670406Z Preparing to unpack .../63-libpocketsphinx3_0.8.0+real5prealpha+1-15ubuntu5_amd64.deb ...
2026-10-09T03:23:35.7679399Z Unpacking libpocketsphinx3:amd64 (0.8.0+real5prealpha+1-15ubuntu5) ...
2026-10-09T03:23:35.7887280Z Selecting previously unselected package libpostproc57:amd64.
2026-10-09T03:23:35.8010620Z Preparing to unpack .../64-libpostproc57_7%3a6.1.1-3ubuntu5_amd64.deb ...
2026-10-09T03:23:35.8017203Z Unpacking libpostproc57:amd64 (7:6.1.1-3ubuntu5) ...
2026-10-09T03:23:35.8214874Z Selecting previously unselected package libsamplerate0:amd64.
2026-10-09T03:23:35.8337937Z Preparing to unpack .../65-libsamplerate0_0.2.2-4build1_amd64.deb ...
2026-10-09T03:23:35.8345165Z Unpacking libsamplerate0:amd64 (0.2.2-4build1) ...
2026-10-09T03:23:35.8589977Z Selecting previously unselected package librubberband2:amd64.
2026-10-09T03:23:35.8712725Z Preparing to unpack .../66-librubberband2_3.3.0+dfsg-2build1_amd64.deb ...
2026-10-09T03:23:35.8720792Z Unpacking librubberband2:amd64 (3.3.0+dfsg-2build1) ...
2026-10-09T03:23:35.8926229Z Selecting previously unselected package libswscale7:amd64.
2026-10-09T03:23:35.9048711Z Preparing to unpack .../67-libswscale7_7%3a6.1.1-3ubuntu5_amd64.deb ...
2026-10-09T03:23:35.9056358Z Unpacking libswscale7:amd64 (7:6.1.1-3ubuntu5) ...
2026-10-09T03:23:35.9268571Z Selecting previously unselected package libvidstab1.1:amd64.
2026-10-09T03:23:35.9390256Z Preparing to unpack .../68-libvidstab1.1_1.1.0-2build1_amd64.deb ...
2026-10-09T03:23:35.9398778Z Unpacking libvidstab1.1:amd64 (1.1.0-2build1) ...
2026-10-09T03:23:35.9589455Z Selecting previously unselected package libzimg2:amd64.
2026-10-09T03:23:35.9712091Z Preparing to unpack .../69-libzimg2_3.0.5+ds1-1build1_amd64.deb ...
2026-10-09T03:23:35.9719620Z Unpacking libzimg2:amd64 (3.0.5+ds1-1build1) ...
2026-10-09T03:23:35.9943492Z Selecting previously unselected package libavfilter9:amd64.
2026-10-09T03:23:36.0068704Z Preparing to unpack .../70-libavfilter9_7%3a6.1.1-3ubuntu5_amd64.deb ...
2026-10-09T03:23:36.0076637Z Unpacking libavfilter9:amd64 (7:6.1.1-3ubuntu5) ...
2026-10-09T03:23:36.0732067Z Selecting previously unselected package libcaca0:amd64.
2026-10-09T03:23:36.0856184Z Preparing to unpack .../71-libcaca0_0.99.beta20-4ubuntu0.2_amd64.deb ...
2026-10-09T03:23:36.0865379Z Unpacking libcaca0:amd64 (0.99.beta20-4ubuntu0.2) ...
2026-10-09T03:23:36.1099557Z Selecting previously unselected package libcdio19t64:amd64.
2026-10-09T03:23:36.1222728Z Preparing to unpack .../72-libcdio19t64_2.1.0-4.1ubuntu1.2_amd64.deb ...
2026-10-09T03:23:36.1230200Z Unpacking libcdio19t64:amd64 (2.1.0-4.1ubuntu1.2) ...
2026-10-09T03:23:36.1432645Z Selecting previously unselected package libcdio-cdda2t64:amd64.
2026-10-09T03:23:36.1555832Z Preparing to unpack .../73-libcdio-cdda2t64_10.2+2.0.1-1.1build2_amd64.deb ...
2026-10-09T03:23:36.1563418Z Unpacking libcdio-cdda2t64:amd64 (10.2+2.0.1-1.1build2) ...
2026-10-09T03:23:36.1759422Z Selecting previously unselected package libcdio-paranoia2t64:amd64.
2026-10-09T03:23:36.1882770Z Preparing to unpack .../74-libcdio-paranoia2t64_10.2+2.0.1-1.1build2_amd64.deb ...
2026-10-09T03:23:36.1890149Z Unpacking libcdio-paranoia2t64:amd64 (10.2+2.0.1-1.1build2) ...
2026-10-09T03:23:36.2088450Z Selecting previously unselected package libdc1394-25:amd64.
2026-10-09T03:23:36.2212401Z Preparing to unpack .../75-libdc1394-25_2.2.6-4build1_amd64.deb ...
2026-10-09T03:23:36.2220214Z Unpacking libdc1394-25:amd64 (2.2.6-4build1) ...
2026-10-09T03:23:36.2431549Z Selecting previously unselected package libiec61883-0:amd64.
2026-10-09T03:23:36.2554934Z Preparing to unpack .../76-libiec61883-0_1.2.0-6build1_amd64.deb ...
2026-10-09T03:23:36.2561927Z Unpacking libiec61883-0:amd64 (1.2.0-6build1) ...
2026-10-09T03:23:36.2776900Z Selecting previously unselected package libjack-jackd2-0:amd64.
2026-10-09T03:23:36.2900399Z Preparing to unpack .../77-libjack-jackd2-0_1.9.21~dfsg-3ubuntu3_amd64.deb ...
2026-10-09T03:23:36.2907881Z Unpacking libjack-jackd2-0:amd64 (1.9.21~dfsg-3ubuntu3) ...
2026-10-09T03:23:36.3146345Z Selecting previously unselected package libopenal-data.
2026-10-09T03:23:36.3269885Z Preparing to unpack .../78-libopenal-data_1%3a1.23.1-4build1_all.deb ...
2026-10-09T03:23:36.3276955Z Unpacking libopenal-data (1:1.23.1-4build1) ...
2026-10-09T03:23:36.3549062Z Selecting previously unselected package libsndio7.0:amd64.
2026-10-09T03:23:36.3672977Z Preparing to unpack .../79-libsndio7.0_1.9.0-0.3build3_amd64.deb ...
2026-10-09T03:23:36.3681338Z Unpacking libsndio7.0:amd64 (1.9.0-0.3build3) ...
2026-10-09T03:23:36.3879017Z Selecting previously unselected package libopenal1:amd64.
2026-10-09T03:23:36.4002507Z Preparing to unpack .../80-libopenal1_1%3a1.23.1-4build1_amd64.deb ...
2026-10-09T03:23:36.4009269Z Unpacking libopenal1:amd64 (1:1.23.1-4build1) ...
2026-10-09T03:23:36.4256062Z Selecting previously unselected package libdecor-0-0:amd64.
2026-10-09T03:23:36.4379874Z Preparing to unpack .../81-libdecor-0-0_0.2.2-1build2_amd64.deb ...
2026-10-09T03:23:36.4387054Z Unpacking libdecor-0-0:amd64 (0.2.2-1build2) ...
2026-10-09T03:23:36.4601750Z Selecting previously unselected package libsdl2-2.0-0:amd64.
2026-10-09T03:23:36.4725535Z Preparing to unpack .../82-libsdl2-2.0-0_2.30.0+dfsg-1ubuntu3.1_amd64.deb ...
2026-10-09T03:23:36.4732802Z Unpacking libsdl2-2.0-0:amd64 (2.30.0+dfsg-1ubuntu3.1) ...
2026-10-09T03:23:36.5239619Z Selecting previously unselected package libxcb-shape0:amd64.
2026-10-09T03:23:36.5364770Z Preparing to unpack .../83-libxcb-shape0_1.15-1ubuntu2_amd64.deb ...
2026-10-09T03:23:36.5372310Z Unpacking libxcb-shape0:amd64 (1.15-1ubuntu2) ...
2026-10-09T03:23:36.5612595Z Selecting previously unselected package libxv1:amd64.
2026-10-09T03:23:36.5736276Z Preparing to unpack .../84-libxv1_2%3a1.0.11-1.1build1_amd64.deb ...
2026-10-09T03:23:36.5743751Z Unpacking libxv1:amd64 (2:1.0.11-1.1build1) ...
2026-10-09T03:23:36.5939507Z Selecting previously unselected package libavdevice60:amd64.
2026-10-09T03:23:36.6062172Z Preparing to unpack .../85-libavdevice60_7%3a6.1.1-3ubuntu5_amd64.deb ...
2026-10-09T03:23:36.6069202Z Unpacking libavdevice60:amd64 (7:6.1.1-3ubuntu5) ...
2026-10-09T03:23:36.6265333Z Selecting previously unselected package ffmpeg.
2026-10-09T03:23:36.6388189Z Preparing to unpack .../86-ffmpeg_7%3a6.1.1-3ubuntu5_amd64.deb ...
2026-10-09T03:23:36.6395000Z Unpacking ffmpeg (7:6.1.1-3ubuntu5) ...
2026-10-09T03:23:36.6783428Z Selecting previously unselected package libigdgmm12:amd64.
2026-10-09T03:23:36.6907655Z Preparing to unpack .../87-libigdgmm12_22.3.17+ds1-1ubuntu1_amd64.deb ...
2026-10-09T03:23:36.6914971Z Unpacking libigdgmm12:amd64 (22.3.17+ds1-1ubuntu1) ...
2026-10-09T03:23:36.7125257Z Selecting previously unselected package intel-media-va-driver:amd64.
2026-10-09T03:23:36.7249404Z Preparing to unpack .../88-intel-media-va-driver_24.1.0+dfsg1-1ubuntu0.2_amd64.deb ...
2026-10-09T03:23:36.7256128Z Unpacking intel-media-va-driver:amd64 (24.1.0+dfsg1-1ubuntu0.2) ...
2026-10-09T03:23:36.7928905Z Selecting previously unselected package libaacs0:amd64.
2026-10-09T03:23:36.8054176Z Preparing to unpack .../89-libaacs0_0.11.1-2build1_amd64.deb ...
2026-10-09T03:23:36.8060560Z Unpacking libaacs0:amd64 (0.11.1-2build1) ...
2026-10-09T03:23:36.8266582Z Selecting previously unselected package libbdplus0:amd64.
2026-10-09T03:23:36.8390494Z Preparing to unpack .../90-libbdplus0_0.2.0-3build1_amd64.deb ...
2026-10-09T03:23:36.8397513Z Unpacking libbdplus0:amd64 (0.2.0-3build1) ...
2026-10-09T03:23:36.8586779Z Selecting previously unselected package libdecor-0-plugin-1-gtk:amd64.
2026-10-09T03:23:36.8708422Z Preparing to unpack .../91-libdecor-0-plugin-1-gtk_0.2.2-1build2_amd64.deb ...
2026-10-09T03:23:36.8715667Z Unpacking libdecor-0-plugin-1-gtk:amd64 (0.2.2-1build2) ...
2026-10-09T03:23:36.8951453Z Selecting previously unselected package librsvg2-common:amd64.
2026-10-09T03:23:36.9074413Z Preparing to unpack .../92-librsvg2-common_2.58.0+dfsg-1ubuntu0.1_amd64.deb ...
2026-10-09T03:23:36.9080343Z Unpacking librsvg2-common:amd64 (2.58.0+dfsg-1ubuntu0.1) ...
2026-10-09T03:23:36.9288124Z Selecting previously unselected package mesa-va-drivers:amd64.
2026-10-09T03:23:36.9409873Z Preparing to unpack .../93-mesa-va-drivers_25.2.8-0ubuntu0.24.04.4_amd64.deb ...
2026-10-09T03:23:36.9416579Z Unpacking mesa-va-drivers:amd64 (25.2.8-0ubuntu0.24.04.4) ...
2026-10-09T03:23:36.9613653Z Selecting previously unselected package mesa-vdpau-drivers:amd64.
2026-10-09T03:23:36.9737658Z Preparing to unpack .../94-mesa-vdpau-drivers_25.2.8-0ubuntu0.24.04.4_amd64.deb ...
2026-10-09T03:23:36.9745187Z Unpacking mesa-vdpau-drivers:amd64 (25.2.8-0ubuntu0.24.04.4) ...
2026-10-09T03:23:36.9951082Z Selecting previously unselected package i965-va-driver:amd64.
2026-10-09T03:23:37.0075591Z Preparing to unpack .../95-i965-va-driver_2.4.1+dfsg1-1ubuntu0.2_amd64.deb ...
2026-10-09T03:23:37.0083416Z Unpacking i965-va-driver:amd64 (2.4.1+dfsg1-1ubuntu0.2) ...
2026-10-09T03:23:37.0328126Z Selecting previously unselected package va-driver-all:amd64.
2026-10-09T03:23:37.0451384Z Preparing to unpack .../96-va-driver-all_2.20.0-2ubuntu0.2_amd64.deb ...
2026-10-09T03:23:37.0458296Z Unpacking va-driver-all:amd64 (2.20.0-2ubuntu0.2) ...
2026-10-09T03:23:37.0651022Z Selecting previously unselected package vdpau-driver-all:amd64.
2026-10-09T03:23:37.0774324Z Preparing to unpack .../97-vdpau-driver-all_1.5-2build1_amd64.deb ...
2026-10-09T03:23:37.0780712Z Unpacking vdpau-driver-all:amd64 (1.5-2build1) ...
2026-10-09T03:23:37.0959259Z Selecting previously unselected package pocketsphinx-en-us.
2026-10-09T03:23:37.1082230Z Preparing to unpack .../98-pocketsphinx-en-us_0.8.0+real5prealpha+1-15ubuntu5_all.deb ...
2026-10-09T03:23:37.1089265Z Unpacking pocketsphinx-en-us (0.8.0+real5prealpha+1-15ubuntu5) ...
2026-10-09T03:23:37.2966589Z Setting up libgme0:amd64 (0.6.3-7build1) ...
2026-10-09T03:23:37.2990794Z Setting up libchromaprint1:amd64 (1.5.1-5) ...
2026-10-09T03:23:37.3009989Z Setting up libssh-gcrypt-4:amd64 (0.10.6-2ubuntu0.5) ...
2026-10-09T03:23:37.3030193Z Setting up libhwy1t64:amd64 (1.0.7-8.1build1) ...
2026-10-09T03:23:37.3048307Z Setting up libudfread0:amd64 (1.1.2-1build1) ...
2026-10-09T03:23:37.3064971Z Setting up libraw1394-11:amd64 (2.1.2-2build3) ...
2026-10-09T03:23:37.3083364Z Setting up libspeex1:amd64 (1.2.1-2ubuntu2.24.04.1) ...
2026-10-09T03:23:37.3101048Z Setting up libshine3:amd64 (3.1.1-2build1) ...
2026-10-09T03:23:37.3116907Z Setting up libcaca0:amd64 (0.99.beta20-4ubuntu0.2) ...
2026-10-09T03:23:37.3134705Z Setting up libvpl2 (2023.3.0-1build1) ...
2026-10-09T03:23:37.3152003Z Setting up libx264-164:amd64 (2:0.164.3108+git31e19f9-1) ...
2026-10-09T03:23:37.3171412Z Setting up libtwolame0:amd64 (0.4.0-2build3) ...
2026-10-09T03:23:37.3189409Z Setting up libmbedcrypto7t64:amd64 (2.28.8-1) ...
2026-10-09T03:23:37.3206130Z Setting up libgsm1:amd64 (1.0.22-1build1) ...
2026-10-09T03:23:37.3223742Z Setting up libsoxr0:amd64 (0.1.3-4build3) ...
2026-10-09T03:23:37.3240359Z Setting up libzix-0-0:amd64 (0.4.2-2build1) ...
2026-10-09T03:23:37.3258989Z Setting up libcodec2-1.2:amd64 (1.2.0-2build1) ...
2026-10-09T03:23:37.3276314Z Setting up libmysofa1:amd64 (1.3.2+dfsg-2ubuntu2) ...
2026-10-09T03:23:37.3292854Z Setting up libxcb-shape0:amd64 (1.15-1ubuntu2) ...
2026-10-09T03:23:37.3331521Z Setting up libcdio19t64:amd64 (2.1.0-4.1ubuntu1.2) ...
2026-10-09T03:23:37.3349686Z Setting up libsvtav1enc1d1:amd64 (1.7.0+dfsg-2build1) ...
2026-10-09T03:23:37.3368701Z Setting up libigdgmm12:amd64 (22.3.17+ds1-1ubuntu1) ...
2026-10-09T03:23:37.3386720Z Setting up libmpg123-0t64:amd64 (1.32.5-1ubuntu1.1) ...
2026-10-09T03:23:37.3404682Z Setting up libcjson1:amd64 (1.7.17-1) ...
2026-10-09T03:23:37.3422807Z Setting up libxvidcore4:amd64 (2:1.3.7-1build1) ...
2026-10-09T03:23:37.3440304Z Setting up librav1e0:amd64 (0.7.1-2) ...
2026-10-09T03:23:37.3457174Z Setting up libcdio-cdda2t64:amd64 (10.2+2.0.1-1.1build2) ...
2026-10-09T03:23:37.3480136Z Setting up librist4:amd64 (0.2.10+dfsg-2) ...
2026-10-09T03:23:37.3498010Z Setting up librsvg2-2:amd64 (2.58.0+dfsg-1ubuntu0.1) ...
2026-10-09T03:23:37.3516898Z Setting up libblas3:amd64 (3.12.0-3build1.1) ...
2026-10-09T03:23:37.3577681Z update-alternatives: using /usr/lib/x86_64-linux-gnu/blas/libblas.so.3 to provide /usr/lib/x86_64-linux-gnu/libblas.so.3 (libblas.so.3-x86_64-linux-gnu) in auto mode
2026-10-09T03:23:37.3592217Z Setting up libplacebo338:amd64 (6.338.2-2build1) ...
2026-10-09T03:23:37.3609108Z Setting up libva2:amd64 (2.20.0-2ubuntu0.2) ...
2026-10-09T03:23:37.3630453Z Setting up libopus0:amd64 (1.4-1build1) ...
2026-10-09T03:23:37.3649173Z Setting up libcdio-paranoia2t64:amd64 (10.2+2.0.1-1.1build2) ...
2026-10-09T03:23:37.3669282Z Setting up libdc1394-25:amd64 (2.2.6-4build1) ...
2026-10-09T03:23:37.3686025Z Setting up intel-media-va-driver:amd64 (24.1.0+dfsg1-1ubuntu0.2) ...
2026-10-09T03:23:37.3705113Z Setting up libxv1:amd64 (2:1.0.11-1.1build1) ...
2026-10-09T03:23:37.3724970Z Setting up libunibreak5:amd64 (5.1-2build1) ...
2026-10-09T03:23:37.3741500Z Setting up libaacs0:amd64 (0.11.1-2build1) ...
2026-10-09T03:23:37.3760788Z Setting up libjxl0.7:amd64 (0.7.0-10.2ubuntu6.1) ...
2026-10-09T03:23:37.3778039Z Setting up librsvg2-common:amd64 (2.58.0+dfsg-1ubuntu0.1) ...
2026-10-09T03:23:37.3829136Z Setting up pocketsphinx-en-us (0.8.0+real5prealpha+1-15ubuntu5) ...
2026-10-09T03:23:37.3845196Z Setting up libx265-199:amd64 (3.5-2build1) ...
2026-10-09T03:23:37.3873012Z Setting up libsndio7.0:amd64 (1.9.0-0.3build3) ...
2026-10-09T03:23:37.3890406Z Setting up libbdplus0:amd64 (0.2.0-3build1) ...
2026-10-09T03:23:37.3908498Z Setting up libvidstab1.1:amd64 (1.1.0-2build1) ...
2026-10-09T03:23:37.3928669Z Setting up libvpx9:amd64 (1.14.0-1ubuntu2.3) ...
2026-10-09T03:23:37.3948932Z Setting up libsrt1.5-gnutls:amd64 (1.5.3-1build2) ...
2026-10-09T03:23:37.3968473Z Setting up libflite1:amd64 (2.2-6build3) ...
2026-10-09T03:23:37.3987086Z Setting up libdav1d7:amd64 (1.4.1-1build1) ...
2026-10-09T03:23:37.4004443Z Setting up libva-drm2:amd64 (2.20.0-2ubuntu0.2) ...
2026-10-09T03:23:37.4023221Z Setting up ocl-icd-libopencl1:amd64 (2.3.2-1build1) ...
2026-10-09T03:23:37.4040063Z Setting up libasyncns0:amd64 (0.8-6build4) ...
2026-10-09T03:23:37.4059702Z Setting up libvdpau1:amd64 (1.5-2build1) ...
2026-10-09T03:23:37.4084140Z Setting up libbs2b0:amd64 (3.1.0+dfsg-7build1) ...
2026-10-09T03:23:37.4106334Z Setting up libtheora0:amd64 (1.1.1+dfsg.1-16.1build3) ...
2026-10-09T03:23:37.4124410Z Setting up libdecor-0-0:amd64 (0.2.2-1build2) ...
2026-10-09T03:23:37.4141664Z Setting up libzimg2:amd64 (3.0.5+ds1-1build1) ...
2026-10-09T03:23:37.4160524Z Setting up libopenal-data (1:1.23.1-4build1) ...
2026-10-09T03:23:37.4185931Z Setting up libflac12t64:amd64 (1.4.3+ds-2.1ubuntu2) ...
2026-10-09T03:23:37.4205021Z Setting up mesa-va-drivers:amd64 (25.2.8-0ubuntu0.24.04.4) ...
2026-10-09T03:23:37.4222016Z Setting up libbluray2:amd64 (1:1.3.4-1build1) ...
2026-10-09T03:23:37.4242000Z Setting up libsamplerate0:amd64 (0.2.2-4build1) ...
2026-10-09T03:23:37.4262171Z Setting up libva-x11-2:amd64 (2.20.0-2ubuntu0.2) ...
2026-10-09T03:23:37.4280426Z Setting up libdecor-0-plugin-1-gtk:amd64 (0.2.2-1build2) ...
2026-10-09T03:23:37.4300153Z Setting up libopenmpt0t64:amd64 (0.7.3-1.1build3) ...
2026-10-09T03:23:37.4317537Z Setting up libzvbi-common (0.2.42-2) ...
2026-10-09T03:23:37.4336591Z Setting up libmp3lame0:amd64 (3.100-6build1) ...
2026-10-09T03:23:37.4353913Z Setting up i965-va-driver:amd64 (2.4.1+dfsg1-1ubuntu0.2) ...
2026-10-09T03:23:37.4370919Z Setting up libvorbisenc2:amd64 (1.3.7-1build3) ...
2026-10-09T03:23:37.4390973Z Setting up libiec61883-0:amd64 (1.2.0-6build1) ...
2026-10-09T03:23:37.4408205Z Setting up libserd-0-0:amd64 (0.32.2-1) ...
2026-10-09T03:23:37.4455363Z Setting up libavc1394-0:amd64 (0.5.4-5build3) ...
2026-10-09T03:23:37.4473475Z Setting up mesa-vdpau-drivers:amd64 (25.2.8-0ubuntu0.24.04.4) ...
2026-10-09T03:23:37.4492970Z Setting up liblapack3:amd64 (3.12.0-3build1.1) ...
2026-10-09T03:23:37.4555870Z update-alternatives: using /usr/lib/x86_64-linux-gnu/lapack/liblapack.so.3 to provide /usr/lib/x86_64-linux-gnu/liblapack.so.3 (liblapack.so.3-x86_64-linux-gnu) in auto mode
2026-10-09T03:23:37.4572299Z Setting up libzvbi0t64:amd64 (0.2.42-2) ...
2026-10-09T03:23:37.4592756Z Setting up libavutil58:amd64 (7:6.1.1-3ubuntu5) ...
2026-10-09T03:23:37.4612364Z Setting up libopenal1:amd64 (1:1.23.1-4build1) ...
2026-10-09T03:23:37.4630580Z Setting up libass9:amd64 (1:0.17.1-2build1) ...
2026-10-09T03:23:37.4648764Z Setting up libswresample4:amd64 (7:6.1.1-3ubuntu5) ...
2026-10-09T03:23:37.4667447Z Setting up va-driver-all:amd64 (2.20.0-2ubuntu0.2) ...
2026-10-09T03:23:37.4685058Z Setting up libavcodec60:amd64 (7:6.1.1-3ubuntu5) ...
2026-10-09T03:23:37.4705506Z Setting up librubberband2:amd64 (3.3.0+dfsg-2build1) ...
2026-10-09T03:23:37.4945857Z Setting up libjack-jackd2-0:amd64 (1.9.21~dfsg-3ubuntu3) ...
2026-10-09T03:23:37.4963566Z Setting up vdpau-driver-all:amd64 (1.5-2build1) ...
2026-10-09T03:23:37.4979906Z Setting up libsord-0-0:amd64 (0.16.16-2build1) ...
2026-10-09T03:23:37.4998205Z Setting up libpostproc57:amd64 (7:6.1.1-3ubuntu5) ...
2026-10-09T03:23:37.5014582Z Setting up libsratom-0-0:amd64 (0.6.16-1build1) ...
2026-10-09T03:23:37.5032511Z Setting up libsndfile1:amd64 (1.2.2-1ubuntu5.24.04.1) ...
2026-10-09T03:23:37.5052321Z Setting up liblilv-0-0:amd64 (0.24.22-1build1) ...
2026-10-09T03:23:37.5073813Z Setting up libswscale7:amd64 (7:6.1.1-3ubuntu5) ...
2026-10-09T03:23:37.5090816Z Setting up libpulse0:amd64 (1:16.1+dfsg1-2ubuntu10.1) ...
2026-10-09T03:23:37.5160258Z Setting up libavformat60:amd64 (7:6.1.1-3ubuntu5) ...
2026-10-09T03:23:37.5179106Z Setting up libsphinxbase3t64:amd64 (0.8+5prealpha+1-17build2) ...
2026-10-09T03:23:37.5195817Z Setting up libsdl2-2.0-0:amd64 (2.30.0+dfsg-1ubuntu3.1) ...
2026-10-09T03:23:37.5224096Z Setting up libpocketsphinx3:amd64 (0.8.0+real5prealpha+1-15ubuntu5) ...
2026-10-09T03:23:37.5247184Z Setting up libavfilter9:amd64 (7:6.1.1-3ubuntu5) ...
2026-10-09T03:23:37.5265627Z Setting up libavdevice60:amd64 (7:6.1.1-3ubuntu5) ...
2026-10-09T03:23:37.5283529Z Setting up ffmpeg (7:6.1.1-3ubuntu5) ...
2026-10-09T03:23:37.5304764Z Processing triggers for man-db (2.12.0-4build2) ...
2026-10-09T03:23:37.5323706Z Not building database; man-db/auto-update is not 'true'.
2026-10-09T03:23:37.5337409Z Processing triggers for libgdk-pixbuf-2.0-0:amd64 (2.42.10+dfsg-3ubuntu3.3) ...
2026-10-09T03:23:37.5947575Z Processing triggers for libc-bin (2.39-0ubuntu8.9) ...
2026-10-09T03:23:38.2623684Z 
2026-10-09T03:23:38.2632569Z Running kernel seems to be up-to-date.
2026-10-09T03:23:38.2633391Z 
2026-10-09T03:23:38.2633660Z No services need to be restarted.
2026-10-09T03:23:38.2633970Z 
2026-10-09T03:23:38.2634219Z No containers need to be restarted.
2026-10-09T03:23:38.2634525Z 
2026-10-09T03:23:38.2634836Z No user sessions are running outdated binaries.
2026-10-09T03:23:38.2635189Z 
2026-10-09T03:23:38.2635675Z No VM guests are running outdated hypervisor (qemu) binaries on this host.
2026-10-09T03:23:39.4420351Z ffprobe version 6.1.1-3ubuntu5 Copyright (c) 2007-2023 the FFmpeg developers
2026-10-09T03:23:39.4421761Z built with gcc 13 (Ubuntu 13.2.0-23ubuntu3)
2026-10-09T03:23:39.4430110Z configuration: --prefix=/usr --extra-version=3ubuntu5 --toolchain=hardened --libdir=/usr/lib/x86_64-linux-gnu --incdir=/usr/include/x86_64-linux-gnu --arch=amd64 --enable-gpl --disable-stripping --disable-omx --enable-gnutls --enable-libaom --enable-libass --enable-libbs2b --enable-libcaca --enable-libcdio --enable-libcodec2 --enable-libdav1d --enable-libflite --enable-libfontconfig --enable-libfreetype --enable-libfribidi --enable-libglslang --enable-libgme --enable-libgsm --enable-libharfbuzz --enable-libmp3lame --enable-libmysofa --enable-libopenjpeg --enable-libopenmpt --enable-libopus --enable-librubberband --enable-libshine --enable-libsnappy --enable-libsoxr --enable-libspeex --enable-libtheora --enable-libtwolame --enable-libvidstab --enable-libvorbis --enable-libvpx --enable-libwebp --enable-libx265 --enable-libxml2 --enable-libxvid --enable-libzimg --enable-openal --enable-opencl --enable-opengl --disable-sndio --enable-libvpl --disable-libmfx --enable-libdc1394 --enable-libdrm --enable-libiec61883 --enable-chromaprint --enable-frei0r --enable-ladspa --enable-libbluray --enable-libjack --enable-libpulse --enable-librabbitmq --enable-librist --enable-libsrt --enable-libssh --enable-libsvtav1 --enable-libx264 --enable-libzmq --enable-libzvbi --enable-lv2 --enable-sdl2 --enable-libplacebo --enable-librav1e --enable-pocketsphinx --enable-librsvg --enable-libjxl --enable-shared
2026-10-09T03:23:39.4437210Z libavutil      58. 29.100 / 58. 29.100
2026-10-09T03:23:39.4437578Z libavcodec     60. 31.102 / 60. 31.102
2026-10-09T03:23:39.4437925Z libavformat    60. 16.100 / 60. 16.100
2026-10-09T03:23:39.4438271Z libavdevice    60.  3.100 / 60.  3.100
2026-10-09T03:23:39.4438627Z libavfilter     9. 12.100 /  9. 12.100
2026-10-09T03:23:39.4438983Z libswscale      7.  5.100 /  7.  5.100
2026-10-09T03:23:39.4439335Z libswresample   4. 12.100 /  4. 12.100
2026-10-09T03:23:39.4439685Z libpostproc    57.  3.100 / 57.  3.100
2026-10-09T03:23:39.4915852Z ffmpeg version 6.1.1-3ubuntu5 Copyright (c) 2000-2023 the FFmpeg developers
2026-10-09T03:23:39.4916737Z built with gcc 13 (Ubuntu 13.2.0-23ubuntu3)
2026-10-09T03:23:39.4929477Z configuration: --prefix=/usr --extra-version=3ubuntu5 --toolchain=hardened --libdir=/usr/lib/x86_64-linux-gnu --incdir=/usr/include/x86_64-linux-gnu --arch=amd64 --enable-gpl --disable-stripping --disable-omx --enable-gnutls --enable-libaom --enable-libass --enable-libbs2b --enable-libcaca --enable-libcdio --enable-libcodec2 --enable-libdav1d --enable-libflite --enable-libfontconfig --enable-libfreetype --enable-libfribidi --enable-libglslang --enable-libgme --enable-libgsm --enable-libharfbuzz --enable-libmp3lame --enable-libmysofa --enable-libopenjpeg --enable-libopenmpt --enable-libopus --enable-librubberband --enable-libshine --enable-libsnappy --enable-libsoxr --enable-libspeex --enable-libtheora --enable-libtwolame --enable-libvidstab --enable-libvorbis --enable-libvpx --enable-libwebp --enable-libx265 --enable-libxml2 --enable-libxvid --enable-libzimg --enable-openal --enable-opencl --enable-opengl --disable-sndio --enable-libvpl --disable-libmfx --enable-libdc1394 --enable-libdrm --enable-libiec61883 --enable-chromaprint --enable-frei0r --enable-ladspa --enable-libbluray --enable-libjack --enable-libpulse --enable-librabbitmq --enable-librist --enable-libsrt --enable-libssh --enable-libsvtav1 --enable-libx264 --enable-libzmq --enable-libzvbi --enable-lv2 --enable-sdl2 --enable-libplacebo --enable-librav1e --enable-pocketsphinx --enable-librsvg --enable-libjxl --enable-shared
2026-10-09T03:23:39.4939717Z libavutil      58. 29.100 / 58. 29.100
2026-10-09T03:23:39.4940272Z libavcodec     60. 31.102 / 60. 31.102
2026-10-09T03:23:39.4940812Z libavformat    60. 16.100 / 60. 16.100
2026-10-09T03:23:39.4941532Z libavdevice    60.  3.100 / 60.  3.100
2026-10-09T03:23:39.4942084Z libavfilter     9. 12.100 /  9. 12.100
2026-10-09T03:23:39.4942619Z libswscale      7.  5.100 /  7.  5.100
2026-10-09T03:23:39.4943165Z libswresample   4. 12.100 /  4. 12.100
2026-10-09T03:23:39.4943706Z libpostproc    57.  3.100 / 57.  3.100
2026-10-09T03:23:39.4986023Z ##[group]Run node --version
2026-10-09T03:23:39.4986348Z [36;1mnode --version[0m
2026-10-09T03:23:39.4986592Z [36;1mnproc[0m
2026-10-09T03:23:39.4986851Z [36;1mawk '/MemTotal/ { print }' /proc/meminfo[0m
2026-10-09T03:23:39.4987164Z [36;1mdf -Pk .[0m
2026-10-09T03:23:39.5049844Z shell: /usr/bin/bash -e {0}
2026-10-09T03:23:39.5050135Z env:
2026-10-09T03:23:39.5050417Z   G10_SOURCE_COMMIT: dd226a660c95f81372582d2ca3ea174bb51c6ada
2026-10-09T03:23:39.5050777Z ##[endgroup]
2026-10-09T03:23:39.5158975Z v22.16.0
2026-10-09T03:23:39.5177685Z 4
2026-10-09T03:23:39.5196848Z MemTotal:       16373452 kB
2026-10-09T03:23:39.5216808Z Filesystem     1024-blocks     Used Available Capacity Mounted on
2026-10-09T03:23:39.5217541Z /dev/root        151263856 64443380  86804092      43% /
2026-10-09T03:23:39.5278106Z ##[group]Run set -o pipefail
2026-10-09T03:23:39.5278431Z [36;1mset -o pipefail[0m
2026-10-09T03:23:39.5278844Z [36;1mnode scripts/check.mjs --stage 'node' 2>&1 | tee '.work-stage-node.stdout'[0m
2026-10-09T03:23:39.5338614Z shell: /usr/bin/bash -e {0}
2026-10-09T03:23:39.5338881Z env:
2026-10-09T03:23:39.5339157Z   G10_SOURCE_COMMIT: dd226a660c95f81372582d2ca3ea174bb51c6ada
2026-10-09T03:23:39.5339511Z ##[endgroup]
2026-10-09T03:23:39.6727638Z 
2026-10-09T03:23:39.6728073Z > partybox-g10-checkers@1.0.0 build
2026-10-09T03:23:39.6728551Z > tsc --noEmit && node scripts/build.mjs
2026-10-09T03:23:39.6728785Z 
2026-10-09T03:23:52.9933903Z PASS: complete offline single-page game written to /home/runner/work/partybox-game-cores/partybox-game-cores/jobs/G10-checkers/.work/play.html; original six-piece data is read in bounded blocks.
2026-10-09T03:24:11.2543512Z PASS: checksums, authoritative schemas/manifest, pure core source, fixed corpus provenance, original offline page (delivery execution gates explicitly excluded).
2026-10-09T03:24:15.2008240Z {"status": "PASS", "positives": 4, "rejected": 21, "controls": ["wrong-part-order", "duplicate-part", "gap-offset", "wrong-part-size", "wrong-part-sha", "wrong-whole-sha", "wrong-checkout", "wrong-whole-size", "oversized-part-limit", "absolute-part-path", "wrong-helper-sha", "missing-accepted-stage", "coherent-sidecars-wrong-whole-sha", "truncated-part", "changed-part-same-size", "JOIN-removes-incomplete-output", "missing-part", "symlink-part", "extra-stale-part", "duplicate-json-key", "JOIN-keeps-existing-output"], "scope": "Real split/re-read/JOIN boundary fixture plus meaningful part/order/digest/source and incomplete-output corruptions; not game delivery acceptance"}
2026-10-09T03:24:25.7939681Z {"status":"PASS","positives":14,"rejected":127,"scope":"Independent host-validator component controls against genuine historical 30-check reports, American-only 600-frame data, actual failed International data and actual historical WebM clips, plus explicitly labeled structural identity/telemetry/relative-coordinate components and isolated counterfactual thresholds. No current browser/capture acceptance is inferred."}
2026-10-09T03:24:46.6123633Z {"status":"PASS","positives":10,"rejected":72,"scope":"Genuine current historical4000-game records replayed independently; derived partition metadata and explicit synthetic stage-schema fixtures test components only. No fresh partition execution, current hosted acceptance or CI-fit inference."}
2026-10-09T03:24:56.4812308Z {"suite":"endgame-generation","stats":{"american":{"positions":7216,"edges":16138,"wins":1552,"losses":924,"draws":4740,"maximumDtm":13,"tacticalThreeToSix":{"candidates":10931,"accepted":2000,"definition":"every legal forced capture removes the sole opposing piece"}},"international":{"positions":18070,"edges":105140,"wins":6600,"losses":4114,"draws":7356,"maximumDtm":17,"tacticalThreeToSix":{"candidates":5892,"accepted":2000,"definition":"every legal forced capture removes the sole opposing piece"}}},"totalRows":29286}
2026-10-09T03:25:05.9069221Z Two phase fixtures, projections, schemas and manifest generated.
2026-10-09T03:25:15.7201758Z {"suite":"endgame-generation","stats":{"american":{"positions":7216,"edges":16138,"wins":1552,"losses":924,"draws":4740,"maximumDtm":13,"tacticalThreeToSix":{"candidates":10931,"accepted":2000,"definition":"every legal forced capture removes the sole opposing piece"}},"international":{"positions":18070,"edges":105140,"wins":6600,"losses":4114,"draws":7356,"maximumDtm":17,"tacticalThreeToSix":{"candidates":5892,"accepted":2000,"definition":"every legal forced capture removes the sole opposing piece"}}},"totalRows":29286}
2026-10-09T03:25:25.0966532Z Two phase fixtures, projections, schemas and manifest generated.
2026-10-09T03:25:25.1782843Z {"phase": "start", "pid": 4032, "pgid": 2098}
2026-10-09T03:25:26.9362594Z {"phase": "complete", "manifest": {"schemaVersion": 1, "author": "Chinook project, University of Alberta", "archiveUrl": "https://webdocs.cs.ualberta.ca/~chinook/DataBases/DB6.zip", "termsUrl": "https://webdocs.cs.ualberta.ca/~chinook/Software/", "terms": "Free use requires acknowledgement of the Chinook project; sale of these databases is prohibited.", "formatSourceUrl": "https://webdocs.cs.ualberta.ca/~chinook/databases/code.c", "files": {"DB6.zip": {"bytes": 27701728, "sha256": "35835dae65a962eafdf5cde290bce380117445acb21819dd0e266b3b0efab3b3"}, "DB6": {"bytes": 48132029, "sha256": "baee42a2b49390edd96e5a751189366275619c941d79021f3ca45774c3e7071f"}, "DB6.idx": {"bytes": 900418, "sha256": "10cb5cfc2a8c67e18c322563c17ceef0adeac87786a16c767c4616e9a574f4fd"}}, "baseSlices": 3935, "materialCoverage": [{"pieces": 2, "pieceTypeTuples": 4, "materialSplits": [[1, 1]]}, {"pieces": 3, "pieceTypeTuples": 12, "materialSplits": [[1, 2]]}, {"pieces": 4, "pieceTypeTuples": 25, "materialSplits": [[1, 3], [2, 2]]}, {"pieces": 5, "pieceTypeTuples": 44, "materialSplits": [[1, 4], [2, 3]]}, {"pieces": 6, "pieceTypeTuples": 70, "materialSplits": [[1, 5], [2, 4], [3, 3]]}], "coverageCheckScope": "All nonempty 2\u20136 material/king/man tuples are present; probe/rank correctness requires separate independent checks.", "probeContract": "American theoretical WDL; direct stored queries require no capture for either side. Draw history is not stored."}}
2026-10-09T03:25:27.0547042Z {"phase": "start", "pid": 4033, "pgid": 2098}
2026-10-09T03:25:27.3880537Z {"phase": "complete", "manifest": {"schemaVersion": 1, "author": "Chinook project, University of Alberta", "archiveUrl": "https://webdocs.cs.ualberta.ca/~chinook/DataBases/DB6.zip", "termsUrl": "https://webdocs.cs.ualberta.ca/~chinook/Software/", "terms": "Free use requires acknowledgement of the Chinook project; sale of these databases is prohibited.", "formatSourceUrl": "https://webdocs.cs.ualberta.ca/~chinook/databases/code.c", "files": {"DB6.zip": {"bytes": 27701728, "sha256": "35835dae65a962eafdf5cde290bce380117445acb21819dd0e266b3b0efab3b3"}, "DB6": {"bytes": 48132029, "sha256": "baee42a2b49390edd96e5a751189366275619c941d79021f3ca45774c3e7071f"}, "DB6.idx": {"bytes": 900418, "sha256": "10cb5cfc2a8c67e18c322563c17ceef0adeac87786a16c767c4616e9a574f4fd"}}, "baseSlices": 3935, "materialCoverage": [{"pieces": 2, "pieceTypeTuples": 4, "materialSplits": [[1, 1]]}, {"pieces": 3, "pieceTypeTuples": 12, "materialSplits": [[1, 2]]}, {"pieces": 4, "pieceTypeTuples": 25, "materialSplits": [[1, 3], [2, 2]]}, {"pieces": 5, "pieceTypeTuples": 44, "materialSplits": [[1, 4], [2, 3]]}, {"pieces": 6, "pieceTypeTuples": 70, "materialSplits": [[1, 5], [2, 4], [3, 3]]}], "coverageCheckScope": "All nonempty 2\u20136 material/king/man tuples are present; probe/rank correctness requires separate independent checks.", "probeContract": "American theoretical WDL; direct stored queries require no capture for either side. Draw history is not stored."}}
2026-10-09T03:25:27.5032688Z TAP version 13
2026-10-09T03:25:39.5431308Z # Subtest: PVS/transposition tie handling agrees with independent exhaustive minimax and capture horizon
2026-10-09T03:25:39.5439766Z ok 1 - PVS/transposition tie handling agrees with independent exhaustive minimax and capture horizon
2026-10-09T03:25:39.5442063Z   ---
2026-10-09T03:25:39.5442808Z   duration_ms: 442.538322
2026-10-09T03:25:39.5443314Z   type: 'test'
2026-10-09T03:25:39.5443695Z   ...
2026-10-09T03:25:39.5444454Z # Subtest: independent Chinook reader decodes high-to-low ternary digits
2026-10-09T03:25:39.5445556Z ok 2 - independent Chinook reader decodes high-to-low ternary digits
2026-10-09T03:25:39.5446260Z   ---
2026-10-09T03:25:39.5446639Z   duration_ms: 1.218657
2026-10-09T03:25:39.5447086Z   type: 'test'
2026-10-09T03:25:39.5447465Z   ...
2026-10-09T03:25:39.5448310Z # Subtest: independent Chinook reader consumes default runs before ordinary records
2026-10-09T03:25:39.5449570Z ok 3 - independent Chinook reader consumes default runs before ordinary records
2026-10-09T03:25:39.5450349Z   ---
2026-10-09T03:25:39.5450715Z   duration_ms: 0.284075
2026-10-09T03:25:39.5451386Z   type: 'test'
2026-10-09T03:25:39.5451779Z   ...
2026-10-09T03:25:39.5452826Z # Subtest: independent Chinook uniform records need no binary payload
2026-10-09T03:25:39.5453919Z ok 4 - independent Chinook uniform records need no binary payload
2026-10-09T03:25:39.5454594Z   ---
2026-10-09T03:25:39.5454966Z   duration_ms: 0.200738
2026-10-09T03:25:39.5455386Z   type: 'test'
2026-10-09T03:25:39.5455764Z   ...
2026-10-09T03:25:39.5456699Z # Subtest: independent Chinook raw stored probe rejects current-side and opponent-only captures
2026-10-09T03:25:39.5458093Z ok 5 - independent Chinook raw stored probe rejects current-side and opponent-only captures
2026-10-09T03:25:39.5458928Z   ---
2026-10-09T03:25:39.5459296Z   duration_ms: 0.312579
2026-10-09T03:25:39.5459726Z   type: 'test'
2026-10-09T03:25:39.5460092Z   ...
2026-10-09T03:25:39.5460952Z # Subtest: independent Chinook reader rejects malformed or out-of-bounds index records
2026-10-09T03:25:39.5462461Z ok 6 - independent Chinook reader rejects malformed or out-of-bounds index records
2026-10-09T03:25:39.5463239Z   ---
2026-10-09T03:25:39.5463610Z   duration_ms: 0.370358
2026-10-09T03:25:39.5464022Z   type: 'test'
2026-10-09T03:25:39.5464389Z   ...
2026-10-09T03:25:39.5465211Z # Subtest: acquired full American corpus bytes/index match fixed primary-source hashes
2026-10-09T03:25:39.5466437Z ok 7 - acquired full American corpus bytes/index match fixed primary-source hashes
2026-10-09T03:25:39.5467175Z   ---
2026-10-09T03:25:39.5467545Z   duration_ms: 31.554887
2026-10-09T03:25:39.5467957Z   type: 'test'
2026-10-09T03:25:39.5468313Z   ...
2026-10-09T03:25:39.5469294Z # Subtest: both independent corpus readers match exact fully closed two-piece WDL where wire format applies
2026-10-09T03:25:39.5470847Z ok 8 - both independent corpus readers match exact fully closed two-piece WDL where wire format applies
2026-10-09T03:25:39.5471976Z   ---
2026-10-09T03:25:39.5472346Z   duration_ms: 353.133112
2026-10-09T03:25:39.5472792Z   type: 'test'
2026-10-09T03:25:39.5473181Z   ...
2026-10-09T03:25:39.5476324Z # Subtest: 10,000 mixed2–6piece production ranks/decodes equal independent enumeration and reject capture threats
2026-10-09T03:25:39.5478259Z ok 9 - 10,000 mixed2–6piece production ranks/decodes equal independent enumeration and reject capture threats
2026-10-09T03:25:39.5479242Z   ---
2026-10-09T03:25:39.5479628Z   duration_ms: 520.231964
2026-10-09T03:25:39.5480070Z   type: 'test'
2026-10-09T03:25:39.5480441Z   ...
2026-10-09T03:25:39.5481060Z # Subtest: production corpus factory snapshots inputs and rejects damaged or incompatible metadata
2026-10-09T03:25:39.5482082Z ok 10 - production corpus factory snapshots inputs and rejects damaged or incompatible metadata
2026-10-09T03:25:39.5482787Z   ---
2026-10-09T03:25:39.5482990Z   duration_ms: 0.817952
2026-10-09T03:25:39.5483218Z   type: 'test'
2026-10-09T03:25:39.5483418Z   ...
2026-10-09T03:25:39.5483820Z # Subtest: contract manifest/counts/settings and deterministic initial boards
2026-10-09T03:25:39.5484414Z ok 11 - contract manifest/counts/settings and deterministic initial boards
2026-10-09T03:25:39.5484791Z   ---
2026-10-09T03:25:39.5484986Z   duration_ms: 2.03777
2026-10-09T03:25:39.5485208Z   type: 'test'
2026-10-09T03:25:39.5485403Z   ...
2026-10-09T03:25:39.5485871Z # Subtest: contract total immutable reducer ignores malformed/unknown events in both phases
2026-10-09T03:25:39.5486561Z ok 12 - contract total immutable reducer ignores malformed/unknown events in both phases
2026-10-09T03:25:39.5486977Z   ---
2026-10-09T03:25:39.5487172Z   duration_ms: 4.494462
2026-10-09T03:25:39.5487395Z   type: 'test'
2026-10-09T03:25:39.5487595Z   ...
2026-10-09T03:25:39.5488005Z # Subtest: contract live timer requires exact phase instance and elapsed deadline
2026-10-09T03:25:39.5488602Z ok 13 - contract live timer requires exact phase instance and elapsed deadline
2026-10-09T03:25:39.5488977Z   ---
2026-10-09T03:25:39.5489174Z   duration_ms: 0.343688
2026-10-09T03:25:39.5489390Z   type: 'test'
2026-10-09T03:25:39.5489585Z   ...
2026-10-09T03:25:39.5490114Z # Subtest: VIP pause/resume shifts only the deadline; skip/end remain available
2026-10-09T03:25:39.5490714Z ok 14 - VIP pause/resume shifts only the deadline; skip/end remain available
2026-10-09T03:25:39.5491308Z   ---
2026-10-09T03:25:39.5491682Z   duration_ms: 3.726654
2026-10-09T03:25:39.5491974Z   type: 'test'
2026-10-09T03:25:39.5492170Z   ...
2026-10-09T03:25:39.5492632Z # Subtest: presence auto-holds empty rooms, resumes clocks and permanently preserves leavers
2026-10-09T03:25:39.5493350Z ok 15 - presence auto-holds empty rooms, resumes clocks and permanently preserves leavers
2026-10-09T03:25:39.5493780Z   ---
2026-10-09T03:25:39.5493973Z   duration_ms: 3.239696
2026-10-09T03:25:39.5494191Z   type: 'test'
2026-10-09T03:25:39.5494388Z   ...
2026-10-09T03:25:39.5494826Z # Subtest: hostile seat IDs, public view equality, spectator safety and cloned projections
2026-10-09T03:25:39.5495487Z ok 16 - hostile seat IDs, public view equality, spectator safety and cloned projections
2026-10-09T03:25:39.5495896Z   ---
2026-10-09T03:25:39.5496089Z   duration_ms: 2.528045
2026-10-09T03:25:39.5496307Z   type: 'test'
2026-10-09T03:25:39.5496505Z   ...
2026-10-09T03:25:39.5496907Z # Subtest: complete legal inputs and terminal scores preserve every original seat
2026-10-09T03:25:39.5497511Z ok 17 - complete legal inputs and terminal scores preserve every original seat
2026-10-09T03:25:39.5497891Z   ---
2026-10-09T03:25:39.5498080Z   duration_ms: 2.300937
2026-10-09T03:25:39.5498295Z   type: 'test'
2026-10-09T03:25:39.5498486Z   ...
2026-10-09T03:25:39.5498971Z # Subtest: all three bot levels are schema-valid deterministic pure choices in every phase/role
2026-10-09T03:25:39.5499686Z ok 18 - all three bot levels are schema-valid deterministic pure choices in every phase/role
2026-10-09T03:25:39.5500111Z   ---
2026-10-09T03:25:39.5500308Z   duration_ms: 212.948061
2026-10-09T03:25:39.5500536Z   type: 'test'
2026-10-09T03:25:39.5500733Z   ...
2026-10-09T03:26:52.1170191Z # Subtest: manifest and every generated phase fixture replay without throwing
2026-10-09T03:26:52.1175501Z ok 19 - manifest and every generated phase fixture replay without throwing
2026-10-09T03:26:52.1176269Z   ---
2026-10-09T03:26:52.1176653Z   duration_ms: 9.260045
2026-10-09T03:26:52.1177086Z   type: 'test'
2026-10-09T03:26:52.1177444Z   ...
2026-10-09T03:26:52.1178340Z # Subtest: authoritative state/data schemas validate generated files and reject corrupt rows
2026-10-09T03:26:52.1179769Z ok 20 - authoritative state/data schemas validate generated files and reject corrupt rows
2026-10-09T03:26:52.1180578Z   ---
2026-10-09T03:26:52.1181625Z   duration_ms: 203.306528
2026-10-09T03:26:52.1182074Z   type: 'test'
2026-10-09T03:26:52.1182442Z   ...
2026-10-09T03:26:52.1183272Z # Subtest: source-backed forty/25 move allowances use both players, with exact boundary
2026-10-09T03:26:52.1184439Z ok 21 - source-backed forty/25 move allowances use both players, with exact boundary
2026-10-09T03:26:52.1192489Z   ---
2026-10-09T03:26:52.1192893Z   duration_ms: 0.442554
2026-10-09T03:26:52.1193342Z   type: 'test'
2026-10-09T03:26:52.1193722Z   ...
2026-10-09T03:26:52.1194595Z # Subtest: quiet king moves increment while every man move and capture reset counters/history
2026-10-09T03:26:52.1195916Z ok 22 - quiet king moves increment while every man move and capture reset counters/history
2026-10-09T03:26:52.1196715Z   ---
2026-10-09T03:26:52.1197075Z   duration_ms: 1.064396
2026-10-09T03:26:52.1197496Z   type: 'test'
2026-10-09T03:26:52.1197862Z   ...
2026-10-09T03:26:52.1198571Z # Subtest: threefold includes side to move and can be disabled explicitly
2026-10-09T03:26:52.1199652Z ok 23 - threefold includes side to move and can be disabled explicitly
2026-10-09T03:26:52.1200332Z   ---
2026-10-09T03:26:52.1200689Z   duration_ms: 0.165702
2026-10-09T03:26:52.1201338Z   type: 'test'
2026-10-09T03:26:52.1201740Z   ...
2026-10-09T03:26:52.1202610Z # Subtest: official king windows start after creation, preserve old deadlines and intersect
2026-10-09T03:26:52.1204158Z ok 24 - official king windows start after creation, preserve old deadlines and intersect
2026-10-09T03:26:52.1204974Z   ---
2026-10-09T03:26:52.1205344Z   duration_ms: 0.406677
2026-10-09T03:26:52.1205761Z   type: 'test'
2026-10-09T03:26:52.1206124Z   ...
2026-10-09T03:26:52.1207078Z # Subtest: latest FMJD large diagonal has a five-each window only when occupied solely by weak king
2026-10-09T03:26:52.1208461Z ok 25 - latest FMJD large diagonal has a five-each window only when occupied solely by weak king
2026-10-09T03:26:52.1209281Z   ---
2026-10-09T03:26:52.1209649Z   duration_ms: 0.2815
2026-10-09T03:26:52.1210056Z   type: 'test'
2026-10-09T03:26:52.1210408Z   ...
2026-10-09T03:26:52.1211473Z # Subtest: published32-ply FMJD regression draws when original16-each window expires
2026-10-09T03:26:52.1212744Z ok 26 - published32-ply FMJD regression draws when original16-each window expires
2026-10-09T03:26:52.1213500Z   ---
2026-10-09T03:26:52.1213868Z   duration_ms: 2.31334
2026-10-09T03:26:52.1214329Z   type: 'test'
2026-10-09T03:26:52.1214694Z   ...
2026-10-09T03:26:52.1215555Z # Subtest: last permitted move capturing final opponent wins before a draw counter expires
2026-10-09T03:26:52.1216851Z ok 27 - last permitted move capturing final opponent wins before a draw counter expires
2026-10-09T03:26:52.1217636Z   ---
2026-10-09T03:26:52.1218006Z   duration_ms: 0.189016
2026-10-09T03:26:52.1218422Z   type: 'test'
2026-10-09T03:26:52.1218778Z   ...
2026-10-09T03:26:52.1219806Z # Subtest: optimized ending classification matches independently counted material and diagonal memberships
2026-10-09T03:26:52.1221640Z ok 28 - optimized ending classification matches independently counted material and diagonal memberships
2026-10-09T03:26:52.1222570Z   ---
2026-10-09T03:26:52.1222938Z   duration_ms: 73.035784
2026-10-09T03:26:52.1223365Z   type: 'test'
2026-10-09T03:26:52.1223723Z   ...
2026-10-09T03:26:52.1224430Z # Subtest: independent WDL never labels a truncated king graph as draw
2026-10-09T03:26:52.1225466Z ok 29 - independent WDL never labels a truncated king graph as draw
2026-10-09T03:26:52.1226125Z   ---
2026-10-09T03:26:52.1226491Z   duration_ms: 0.246624
2026-10-09T03:26:52.1226901Z   type: 'test'
2026-10-09T03:26:52.1227253Z   ...
2026-10-09T03:26:52.1228074Z # Subtest: independent WDL certifies complete six-piece forced-capture components
2026-10-09T03:26:52.1229319Z ok 30 - independent WDL certifies complete six-piece forced-capture components
2026-10-09T03:26:52.1230066Z   ---
2026-10-09T03:26:52.1230434Z   duration_ms: 0.624567
2026-10-09T03:26:52.1230868Z   type: 'test'
2026-10-09T03:26:52.1231476Z   ...
2026-10-09T03:26:52.1232649Z # Subtest: independent complete one-vs-one man/king domains have valid WDL and distance certificates
2026-10-09T03:26:52.1234149Z ok 31 - independent complete one-vs-one man/king domains have valid WDL and distance certificates
2026-10-09T03:26:52.1235014Z   ---
2026-10-09T03:26:52.1235394Z   duration_ms: 973.851707
2026-10-09T03:26:52.1235848Z   type: 'test'
2026-10-09T03:26:52.1236394Z   ...
2026-10-09T03:26:52.1237503Z # Subtest: production complete one-vs-one lookup matches independent WDL AND distance on every row
2026-10-09T03:26:52.1253429Z ok 32 - production complete one-vs-one lookup matches independent WDL AND distance on every row
2026-10-09T03:26:52.1254300Z   ---
2026-10-09T03:26:52.1254683Z   duration_ms: 678.417482
2026-10-09T03:26:52.1255131Z   type: 'test'
2026-10-09T03:26:52.1255503Z   ...
2026-10-09T03:26:52.1256340Z # Subtest: every generated three-to-six witness is independently one-turn terminal win
2026-10-09T03:26:52.1257590Z ok 33 - every generated three-to-six witness is independently one-turn terminal win
2026-10-09T03:26:52.1258366Z   ---
2026-10-09T03:26:52.1258738Z   duration_ms: 111.609931
2026-10-09T03:26:52.1259180Z   type: 'test'
2026-10-09T03:26:52.1259549Z   ...
2026-10-09T03:26:52.1260574Z # Subtest: six-piece full jumps and installed quiet draws resolve while absent or oversized data stays unknown
2026-10-09T03:26:52.1262674Z ok 34 - six-piece full jumps and installed quiet draws resolve while absent or oversized data stays unknown
2026-10-09T03:26:52.1263645Z   ---
2026-10-09T03:26:52.1264030Z   duration_ms: 12.643362
2026-10-09T03:26:52.1264461Z   type: 'test'
2026-10-09T03:26:52.1264837Z   ...
2026-10-09T03:26:52.1265722Z # Subtest: exact generator/dataset includes all legal one-per-side roots and cloned coverage
2026-10-09T03:26:52.1267069Z ok 35 - exact generator/dataset includes all legal one-per-side roots and cloned coverage
2026-10-09T03:26:52.1267892Z   ---
2026-10-09T03:26:52.1268268Z   duration_ms: 53.146795
2026-10-09T03:26:52.1268711Z   type: 'test'
2026-10-09T03:26:52.1269069Z   ...
2026-10-09T03:26:52.1270048Z # Subtest: actual public default has all41 files/156 slices and agrees with all10k native/reference cases
2026-10-09T03:26:52.1271743Z ok 36 - actual public default has all41 files/156 slices and agrees with all10k native/reference cases
2026-10-09T03:26:52.1272610Z   ---
2026-10-09T03:26:52.1272992Z   duration_ms: 2225.228624
2026-10-09T03:26:52.1273443Z   type: 'test'
2026-10-09T03:26:52.1273815Z   ...
2026-10-09T03:26:52.1274745Z # Subtest: actual default Strong game respects captures, official/house clocks and third repetition
2026-10-09T03:26:52.1276157Z ok 37 - actual default Strong game respects captures, official/house clocks and third repetition
2026-10-09T03:26:52.1276995Z   ---
2026-10-09T03:26:52.1277376Z   duration_ms: 164.422265
2026-10-09T03:26:52.1277809Z   type: 'test'
2026-10-09T03:26:52.1278175Z   ...
2026-10-09T03:26:52.1279172Z # Subtest: 48 predeclared default/block transactions preserve every report field and random cursor
2026-10-09T03:26:52.1280643Z ok 38 - 48 predeclared default/block transactions preserve every report field and random cursor
2026-10-09T03:26:52.1281716Z   ---
2026-10-09T03:26:52.1282094Z   duration_ms: 32231.53135
2026-10-09T03:26:52.1282550Z   type: 'test'
2026-10-09T03:26:52.1282918Z   ...
2026-10-09T03:26:52.1283915Z # Subtest: three complete game transcripts match default/block decisions and independent legal transitions
2026-10-09T03:26:52.1285486Z ok 39 - three complete game transcripts match default/block decisions and independent legal transitions
2026-10-09T03:26:52.1286389Z   ---
2026-10-09T03:26:52.1286767Z   duration_ms: 25433.711973
2026-10-09T03:26:52.1287207Z   type: 'test'
2026-10-09T03:26:52.1287567Z   ...
2026-10-09T03:26:52.1288539Z # Subtest: immutable encoded and block transports equal all10k retained independent/native WLD outcomes
2026-10-09T03:26:52.1290028Z ok 40 - immutable encoded and block transports equal all10k retained independent/native WLD outcomes
2026-10-09T03:26:52.1291469Z   ---
2026-10-09T03:26:52.1291939Z   duration_ms: 1026.782032
2026-10-09T03:26:52.1292391Z   type: 'test'
2026-10-09T03:26:52.1292768Z   ...
2026-10-09T03:26:52.1293639Z # Subtest: an absent nonuniform block is explicit; uniform slices require no synthetic bytes
2026-10-09T03:26:52.1294948Z ok 41 - an absent nonuniform block is explicit; uniform slices require no synthetic bytes
2026-10-09T03:26:52.1295729Z   ---
2026-10-09T03:26:52.1296083Z   duration_ms: 170.544081
2026-10-09T03:26:52.1296463Z   type: 'test'
2026-10-09T03:26:52.1296782Z   ...
2026-10-09T03:26:52.1297612Z # Subtest: transaction retries require all missing original blocks and then equal native outcomes
2026-10-09T03:26:52.1298872Z ok 42 - transaction retries require all missing original blocks and then equal native outcomes
2026-10-09T03:26:52.1299598Z   ---
2026-10-09T03:26:52.1299914Z   duration_ms: 65.109344
2026-10-09T03:26:52.1300293Z   type: 'test'
2026-10-09T03:26:52.1300607Z   ...
2026-10-09T03:26:52.1301768Z # Subtest: encoded lists, block buffers, source metadata and dictionary inputs remain immutable snapshots
2026-10-09T03:26:52.1303154Z ok 43 - encoded lists, block buffers, source metadata and dictionary inputs remain immutable snapshots
2026-10-09T03:26:52.1304013Z   ---
2026-10-09T03:26:52.1304311Z   duration_ms: 51.583452
2026-10-09T03:26:52.1304664Z   type: 'test'
2026-10-09T03:26:52.1304966Z   ...
2026-10-09T03:26:52.1305926Z # Subtest: canonical encoding and bounded block metadata reject corrupt input before probing
2026-10-09T03:26:52.1307157Z ok 44 - canonical encoding and bounded block metadata reject corrupt input before probing
2026-10-09T03:26:52.1307873Z   ---
2026-10-09T03:26:52.1308189Z   duration_ms: 4.619106
2026-10-09T03:26:52.1308563Z   type: 'test'
2026-10-09T03:26:52.1308880Z   ...
2026-10-09T03:26:52.1309669Z # Subtest: one-byte final blocks and nonaligned encoded ranges match the full snapshot decoder
2026-10-09T03:26:52.1310882Z ok 45 - one-byte final blocks and nonaligned encoded ranges match the full snapshot decoder
2026-10-09T03:26:52.1312017Z   ---
2026-10-09T03:26:52.1312339Z   duration_ms: 45.856488
2026-10-09T03:26:52.1312715Z   type: 'test'
2026-10-09T03:26:52.1313049Z   ...
2026-10-09T03:26:52.1314307Z # Subtest: production actual2–5 WLD/ranks match 10,000 retained original C++ and independent queries
2026-10-09T03:26:52.1315776Z ok 46 - production actual2–5 WLD/ranks match 10,000 retained original C++ and independent queries
2026-10-09T03:26:52.1316585Z   ---
2026-10-09T03:26:52.1316911Z   duration_ms: 296.738179
2026-10-09T03:26:52.1317304Z   type: 'test'
2026-10-09T03:26:52.1317639Z   ...
2026-10-09T03:26:52.1318411Z # Subtest: actual International dictionary/data match pinned licensed-source hashes
2026-10-09T03:26:52.1319584Z ok 47 - actual International dictionary/data match pinned licensed-source hashes
2026-10-09T03:26:52.1320288Z   ---
2026-10-09T03:26:52.1320617Z   duration_ms: 0.221127
2026-10-09T03:26:52.1320994Z   type: 'test'
2026-10-09T03:26:52.1321521Z   ...
2026-10-09T03:26:52.1322509Z # Subtest: production/reference International probes agree with independently closed full two-piece WLD
2026-10-09T03:26:52.1324005Z ok 48 - production/reference International probes agree with independently closed full two-piece WLD
2026-10-09T03:26:52.1324868Z   ---
2026-10-09T03:26:52.1325216Z   duration_ms: 1314.455851
2026-10-09T03:26:52.1325613Z   type: 'test'
2026-10-09T03:26:52.1325947Z   ...
2026-10-09T03:26:52.1326866Z # Subtest: 10,000 International material/orientation ranks agree with separately authored reference
2026-10-09T03:26:52.1328142Z ok 49 - 10,000 International material/orientation ranks agree with separately authored reference
2026-10-09T03:26:52.1329046Z   ---
2026-10-09T03:26:52.1329441Z   duration_ms: 149.613466
2026-10-09T03:26:52.1329897Z   type: 'test'
2026-10-09T03:26:52.1330256Z   ...
2026-10-09T03:26:52.1331404Z # Subtest: International constructor snapshots buffers and rejects corrupt dictionaries/index metadata
2026-10-09T03:26:52.1332839Z ok 50 - International constructor snapshots buffers and rejects corrupt dictionaries/index metadata
2026-10-09T03:26:52.1333867Z   ---
2026-10-09T03:26:52.1334187Z   duration_ms: 35.437886
2026-10-09T03:26:52.1334563Z   type: 'test'
2026-10-09T03:26:52.1334875Z   ...
2026-10-09T03:26:52.1335620Z # Subtest: production rules: American forced complete double jump excludes quiet moves
2026-10-09T03:26:52.1336767Z ok 51 - production rules: American forced complete double jump excludes quiet moves
2026-10-09T03:26:52.1337448Z   ---
2026-10-09T03:26:52.1337758Z   duration_ms: 0.451852
2026-10-09T03:26:52.1338124Z   type: 'test'
2026-10-09T03:26:52.1338436Z   ...
2026-10-09T03:26:52.1339247Z # Subtest: production rules: American crown ends capture even with backward king jump available
2026-10-09T03:26:52.1340491Z ok 52 - production rules: American crown ends capture even with backward king jump available
2026-10-09T03:26:52.1341410Z   ---
2026-10-09T03:26:52.1341721Z   duration_ms: 0.128452
2026-10-09T03:26:52.1342082Z   type: 'test'
2026-10-09T03:26:52.1342426Z   ...
2026-10-09T03:26:52.1343291Z # Subtest: production rules: International man passes crown row and remains man after continuing
2026-10-09T03:26:52.1344592Z ok 53 - production rules: International man passes crown row and remains man after continuing
2026-10-09T03:26:52.1345361Z   ---
2026-10-09T03:26:52.1345682Z   duration_ms: 0.181151
2026-10-09T03:26:52.1346056Z   type: 'test'
2026-10-09T03:26:52.1346594Z   ...
2026-10-09T03:26:52.1347468Z # Subtest: production rules: International global longest route excludes another piece short route
2026-10-09T03:26:52.1348806Z ok 54 - production rules: International global longest route excludes another piece short route
2026-10-09T03:26:52.1349590Z   ---
2026-10-09T03:26:52.1349916Z   duration_ms: 0.168508
2026-10-09T03:26:52.1350287Z   type: 'test'
2026-10-09T03:26:52.1350616Z   ...
2026-10-09T03:26:52.1351533Z # Subtest: production rules: American permits shorter route from a different piece
2026-10-09T03:26:52.1352643Z ok 55 - production rules: American permits shorter route from a different piece
2026-10-09T03:26:52.1353325Z   ---
2026-10-09T03:26:52.1353656Z   duration_ms: 0.204265
2026-10-09T03:26:52.1354036Z   type: 'test'
2026-10-09T03:26:52.1354360Z   ...
2026-10-09T03:26:52.1355206Z # Subtest: production rules: International taken pieces block reversing king between two enemies
2026-10-09T03:26:52.1356510Z ok 56 - production rules: International taken pieces block reversing king between two enemies
2026-10-09T03:26:52.1357279Z   ---
2026-10-09T03:26:52.1357603Z   duration_ms: 0.294275
2026-10-09T03:26:52.1357980Z   type: 'test'
2026-10-09T03:26:52.1358313Z   ...
2026-10-09T03:26:52.1358988Z # Subtest: production rules: International uncrowned man captures backwards
2026-10-09T03:26:52.1360003Z ok 57 - production rules: International uncrowned man captures backwards
2026-10-09T03:26:52.1360629Z   ---
2026-10-09T03:26:52.1360953Z   duration_ms: 0.11719
2026-10-09T03:26:52.1361504Z   type: 'test'
2026-10-09T03:26:52.1361836Z   ...
2026-10-09T03:26:52.1362534Z # Subtest: production rules: American uncrowned man cannot capture backwards
2026-10-09T03:26:52.1363557Z ok 58 - production rules: American uncrowned man cannot capture backwards
2026-10-09T03:26:52.1364192Z   ---
2026-10-09T03:26:52.1364524Z   duration_ms: 0.108083
2026-10-09T03:26:52.1364896Z   type: 'test'
2026-10-09T03:26:52.1365223Z   ...
2026-10-09T03:26:52.1365991Z # Subtest: production rules: American king may return to origin in a four-enemy capture
2026-10-09T03:26:52.1367227Z ok 59 - production rules: American king may return to origin in a four-enemy capture
2026-10-09T03:26:52.1367972Z   ---
2026-10-09T03:26:52.1368312Z   duration_ms: 0.129774
2026-10-09T03:26:52.1368722Z   type: 'test'
2026-10-09T03:26:52.1369073Z   ...
2026-10-09T03:26:52.1369872Z # Subtest: production rules: American short king has only adjacent quiet destinations
2026-10-09T03:26:52.1371288Z ok 60 - production rules: American short king has only adjacent quiet destinations
2026-10-09T03:26:52.1372277Z   ---
2026-10-09T03:26:52.1372626Z   duration_ms: 0.120046
2026-10-09T03:26:52.1373042Z   type: 'test'
2026-10-09T03:26:52.1373398Z   ...
2026-10-09T03:26:52.1374322Z # Subtest: 10,000 independent move differentials plus color-rotated twins and every resulting board
2026-10-09T03:26:52.1375747Z ok 61 - 10,000 independent move differentials plus color-rotated twins and every resulting board
2026-10-09T03:26:52.1376578Z   ---
2026-10-09T03:26:52.1376946Z   duration_ms: 735.767792
2026-10-09T03:26:52.1377366Z   type: 'test'
2026-10-09T03:26:52.1377726Z   ...
2026-10-09T03:26:52.1378754Z # Subtest: property seeds1,2,3 plus1,000 recorded random seeds conserve material and deterministic replay
2026-10-09T03:26:52.1380203Z ok 62 - property seeds1,2,3 plus1,000 recorded random seeds conserve material and deterministic replay
2026-10-09T03:26:52.1381068Z   ---
2026-10-09T03:26:52.1381678Z   duration_ms: 6319.232828
2026-10-09T03:26:52.1382108Z   type: 'test'
2026-10-09T03:26:52.1382471Z   ...
2026-10-09T03:26:52.1383506Z # Subtest: purity scanner distinguishes actual host identifiers from comments, strings and local draw windows
2026-10-09T03:26:52.1385096Z ok 63 - purity scanner distinguishes actual host identifiers from comments, strings and local draw windows
2026-10-09T03:26:52.1386013Z   ---
2026-10-09T03:26:52.1386362Z   duration_ms: 14.82928
2026-10-09T03:26:52.1386770Z   type: 'test'
2026-10-09T03:26:52.1387130Z   ...
2026-10-09T03:26:52.1388230Z # Subtest: all delivered pure production modules pass AST inspection; host adapters are explicit
2026-10-09T03:26:52.1389649Z ok 64 - all delivered pure production modules pass AST inspection; host adapters are explicit
2026-10-09T03:26:52.1390465Z   ---
2026-10-09T03:26:52.1390825Z   duration_ms: 113.641146
2026-10-09T03:26:52.1391537Z   type: 'test'
2026-10-09T03:26:52.1391899Z   ...
2026-10-09T03:26:52.1392667Z # Subtest: independent International rank has exact back-rank group boundaries
2026-10-09T03:26:52.1393805Z ok 65 - independent International rank has exact back-rank group boundaries
2026-10-09T03:26:52.1394516Z   ---
2026-10-09T03:26:52.1394875Z   duration_ms: 0.427505
2026-10-09T03:26:52.1395321Z   type: 'test'
2026-10-09T03:26:52.1395673Z   ...
2026-10-09T03:26:52.1396401Z # Subtest: all two-piece material ranks are complete independent bijections
2026-10-09T03:26:52.1397462Z ok 66 - all two-piece material ranks are complete independent bijections
2026-10-09T03:26:52.1398141Z   ---
2026-10-09T03:26:52.1398503Z   duration_ms: 25.492137
2026-10-09T03:26:52.1398926Z   type: 'test'
2026-10-09T03:26:52.1399278Z   ...
2026-10-09T03:26:52.1399936Z # Subtest: rotation and colour reversal preserve canonical location
2026-10-09T03:26:52.1400897Z ok 67 - rotation and colour reversal preserve canonical location
2026-10-09T03:26:52.1401703Z   ---
2026-10-09T03:26:52.1402038Z   duration_ms: 0.515421
2026-10-09T03:26:52.1402426Z   type: 'test'
2026-10-09T03:26:52.1402762Z   ...
2026-10-09T03:26:52.1403302Z # Subtest: six-piece ranks include 3v3 and 5v1 kings
2026-10-09T03:26:52.1404053Z ok 68 - six-piece ranks include 3v3 and 5v1 kings
2026-10-09T03:26:52.1404596Z   ---
2026-10-09T03:26:52.1404946Z   duration_ms: 0.172836
2026-10-09T03:26:52.1405350Z   type: 'test'
2026-10-09T03:26:52.1405706Z   ...
2026-10-09T03:26:52.1406502Z # Subtest: invalid crowns, side, board and out-of-scope material do not produce ranks
2026-10-09T03:26:52.1407706Z ok 69 - invalid crowns, side, board and out-of-scope material do not produce ranks
2026-10-09T03:26:52.1408443Z   ---
2026-10-09T03:26:52.1408797Z   duration_ms: 0.105829
2026-10-09T03:26:52.1409196Z   type: 'test'
2026-10-09T03:26:52.1409545Z   ...
2026-10-09T03:26:52.1410289Z # Subtest: synthetic token mapping and uniform slice decode without mutation
2026-10-09T03:26:52.1411557Z ok 70 - synthetic token mapping and uniform slice decode without mutation
2026-10-09T03:26:52.1412250Z   ---
2026-10-09T03:26:52.1412602Z   duration_ms: 5.362437
2026-10-09T03:26:52.1413005Z   type: 'test'
2026-10-09T03:26:52.1413355Z   ...
2026-10-09T03:26:52.1414347Z # Subtest: synthetic checkpoint changes catalogue at the physical block boundary
2026-10-09T03:26:52.1415467Z ok 71 - synthetic checkpoint changes catalogue at the physical block boundary
2026-10-09T03:26:52.1416180Z   ---
2026-10-09T03:26:52.1416529Z   duration_ms: 1.058966
2026-10-09T03:26:52.1416936Z   type: 'test'
2026-10-09T03:26:52.1417288Z   ...
2026-10-09T03:26:52.1418036Z # Subtest: a token uses a declared-length prefix of a longer shared run record
2026-10-09T03:26:52.1419125Z ok 72 - a token uses a declared-length prefix of a longer shared run record
2026-10-09T03:26:52.1419801Z   ---
2026-10-09T03:26:52.1420147Z   duration_ms: 0.967784
2026-10-09T03:26:52.1420563Z   type: 'test'
2026-10-09T03:26:52.1420919Z   ...
2026-10-09T03:26:52.1421997Z # Subtest: current captures are excluded but opponent-only threats are valid for v2 at <=6
2026-10-09T03:26:52.1423287Z ok 73 - current captures are excluded but opponent-only threats are valid for v2 at <=6
2026-10-09T03:26:52.1424054Z   ---
2026-10-09T03:26:52.1424414Z   duration_ms: 0.997109
2026-10-09T03:26:52.1424826Z   type: 'test'
2026-10-09T03:26:52.1425174Z   ...
2026-10-09T03:26:52.1425879Z # Subtest: malformed dictionary, permutation and checkpoint are rejected
2026-10-09T03:26:52.1426910Z ok 74 - malformed dictionary, permutation and checkpoint are rejected
2026-10-09T03:26:52.1427572Z   ---
2026-10-09T03:26:52.1427923Z   duration_ms: 3.197576
2026-10-09T03:26:52.1428511Z   type: 'test'
2026-10-09T03:26:52.1428877Z   ...
2026-10-09T03:26:52.1429719Z # Subtest: actual licensed two-piece sample agrees with exact corner and quiet-king cases
2026-10-09T03:26:52.1430998Z ok 75 - actual licensed two-piece sample agrees with exact corner and quiet-king cases
2026-10-09T03:26:52.1432051Z   ---
2026-10-09T03:26:52.1432411Z   duration_ms: 6.065381
2026-10-09T03:26:52.1432811Z   type: 'test'
2026-10-09T03:26:52.1433167Z   ...
2026-10-09T03:26:52.1434043Z # Subtest: independent oracle: American forced complete double jump excludes quiet moves
2026-10-09T03:26:52.1435315Z ok 76 - independent oracle: American forced complete double jump excludes quiet moves
2026-10-09T03:26:52.1436070Z   ---
2026-10-09T03:26:52.1436428Z   duration_ms: 0.1908
2026-10-09T03:26:52.1436820Z   type: 'test'
2026-10-09T03:26:52.1437163Z   ...
2026-10-09T03:26:52.1438079Z # Subtest: independent oracle: American crown ends capture even with backward king jump available
2026-10-09T03:26:52.1439479Z ok 77 - independent oracle: American crown ends capture even with backward king jump available
2026-10-09T03:26:52.1440290Z   ---
2026-10-09T03:26:52.1440652Z   duration_ms: 0.083257
2026-10-09T03:26:52.1441055Z   type: 'test'
2026-10-09T03:26:52.1441606Z   ...
2026-10-09T03:26:52.1442535Z # Subtest: independent oracle: International man passes crown row and remains man after continuing
2026-10-09T03:26:52.1443964Z ok 78 - independent oracle: International man passes crown row and remains man after continuing
2026-10-09T03:26:52.1444802Z   ---
2026-10-09T03:26:52.1445156Z   duration_ms: 0.108575
2026-10-09T03:26:52.1445580Z   type: 'test'
2026-10-09T03:26:52.1445930Z   ...
2026-10-09T03:26:52.1446877Z # Subtest: independent oracle: International global longest route excludes another piece short route
2026-10-09T03:26:52.1448354Z ok 79 - independent oracle: International global longest route excludes another piece short route
2026-10-09T03:26:52.1449202Z   ---
2026-10-09T03:26:52.1449548Z   duration_ms: 0.087695
2026-10-09T03:26:52.1449965Z   type: 'test'
2026-10-09T03:26:52.1450315Z   ...
2026-10-09T03:26:52.1451291Z # Subtest: independent oracle: American permits shorter route from a different piece
2026-10-09T03:26:52.1452524Z ok 80 - independent oracle: American permits shorter route from a different piece
2026-10-09T03:26:52.1453262Z   ---
2026-10-09T03:26:52.1453609Z   duration_ms: 0.086182
2026-10-09T03:26:52.1454014Z   type: 'test'
2026-10-09T03:26:52.1454370Z   ...
2026-10-09T03:26:52.1455288Z # Subtest: independent oracle: International taken pieces block reversing king between two enemies
2026-10-09T03:26:52.1456920Z ok 81 - independent oracle: International taken pieces block reversing king between two enemies
2026-10-09T03:26:52.1457764Z   ---
2026-10-09T03:26:52.1458121Z   duration_ms: 0.198735
2026-10-09T03:26:52.1458525Z   type: 'test'
2026-10-09T03:26:52.1458876Z   ...
2026-10-09T03:26:52.1459630Z # Subtest: independent oracle: International uncrowned man captures backwards
2026-10-09T03:26:52.1460748Z ok 82 - independent oracle: International uncrowned man captures backwards
2026-10-09T03:26:52.1461663Z   ---
2026-10-09T03:26:52.1462019Z   duration_ms: 0.086423
2026-10-09T03:26:52.1462426Z   type: 'test'
2026-10-09T03:26:52.1462785Z   ...
2026-10-09T03:26:52.1463537Z # Subtest: independent oracle: American uncrowned man cannot capture backwards
2026-10-09T03:26:52.1464711Z ok 83 - independent oracle: American uncrowned man cannot capture backwards
2026-10-09T03:26:52.1465422Z   ---
2026-10-09T03:26:52.1465773Z   duration_ms: 0.078197
2026-10-09T03:26:52.1466174Z   type: 'test'
2026-10-09T03:26:52.1466534Z   ...
2026-10-09T03:26:52.1467383Z # Subtest: independent oracle: American king may return to origin in a four-enemy capture
2026-10-09T03:26:52.1468653Z ok 84 - independent oracle: American king may return to origin in a four-enemy capture
2026-10-09T03:26:52.1469421Z   ---
2026-10-09T03:26:52.1469779Z   duration_ms: 0.079049
2026-10-09T03:26:52.1470187Z   type: 'test'
2026-10-09T03:26:52.1470538Z   ...
2026-10-09T03:26:52.1471721Z # Subtest: independent oracle: American short king has only adjacent quiet destinations
2026-10-09T03:26:52.1472993Z ok 85 - independent oracle: American short king has only adjacent quiet destinations
2026-10-09T03:26:52.1473745Z   ---
2026-10-09T03:26:52.1474102Z   duration_ms: 0.082456
2026-10-09T03:26:52.1474505Z   type: 'test'
2026-10-09T03:26:52.1474859Z   ...
2026-10-09T03:26:52.1475644Z # Subtest: independent oracle: flying king has all seventeen quiet ray destinations
2026-10-09T03:26:52.1476837Z ok 86 - independent oracle: flying king has all seventeen quiet ray destinations
2026-10-09T03:26:52.1477575Z   ---
2026-10-09T03:26:52.1477926Z   duration_ms: 0.182664
2026-10-09T03:26:52.1478332Z   type: 'test'
2026-10-09T03:26:52.1478741Z   ...
2026-10-09T03:26:52.1479557Z # Subtest: independent oracle: International complete capture can return to its origin
2026-10-09T03:26:52.1480774Z ok 87 - independent oracle: International complete capture can return to its origin
2026-10-09T03:26:52.1481723Z   ---
2026-10-09T03:26:52.1482081Z   duration_ms: 0.144232
2026-10-09T03:26:52.1482496Z   type: 'test'
2026-10-09T03:26:52.1482847Z   ...
2026-10-09T03:26:52.1483731Z # Subtest: independent oracle: full published 16-each draw regression consists of legal turns
2026-10-09T03:26:52.1485077Z ok 88 - independent oracle: full published 16-each draw regression consists of legal turns
2026-10-09T03:26:52.1485875Z   ---
2026-10-09T03:26:52.1486225Z   duration_ms: 3.763313
2026-10-09T03:26:52.1486636Z   type: 'test'
2026-10-09T03:26:52.1486996Z   ...
2026-10-09T03:27:05.4301462Z # Subtest: variant bundles preserve exact choices, reports, cursors and complete game transcripts
2026-10-09T03:27:05.4302910Z ok 89 - variant bundles preserve exact choices, reports, cursors and complete game transcripts
2026-10-09T03:27:05.4303689Z   ---
2026-10-09T03:27:05.4304066Z   duration_ms: 12174.75069
2026-10-09T03:27:05.4304474Z   type: 'test'
2026-10-09T03:27:05.4304814Z   ...
2026-10-09T03:27:10.8725634Z # Subtest: native decompression reproduces exact installed corpora and preserves queued first requests
2026-10-09T03:27:10.8727188Z ok 90 - native decompression reproduces exact installed corpora and preserves queued first requests
2026-10-09T03:27:10.8728033Z   ---
2026-10-09T03:27:10.8728584Z   duration_ms: 6578.670292
2026-10-09T03:27:10.8729114Z   type: 'test'
2026-10-09T03:27:10.8729531Z   ...
2026-10-09T03:27:10.8737137Z # Subtest: bootstrap reports unsupported native decompression without losing a pending caller silently
2026-10-09T03:27:10.8738809Z ok 91 - bootstrap reports unsupported native decompression without losing a pending caller silently
2026-10-09T03:27:10.8739687Z   ---
2026-10-09T03:27:10.8740060Z   duration_ms: 3.142974
2026-10-09T03:27:10.8740381Z   type: 'test'
2026-10-09T03:27:10.8740586Z   ...
2026-10-09T03:27:11.0209723Z 1..91
2026-10-09T03:27:11.0210176Z # tests 91
2026-10-09T03:27:11.0210538Z # suites 0
2026-10-09T03:27:11.0210899Z # pass 91
2026-10-09T03:27:11.0211551Z # fail 0
2026-10-09T03:27:11.0211943Z # cancelled 0
2026-10-09T03:27:11.0212637Z # skipped 0
2026-10-09T03:27:20.7820832Z # todo 0
2026-10-09T03:27:20.7821476Z # duration_ms 103533.362282
2026-10-09T03:27:20.7821835Z {"baseline":"PASS","cases":9}
2026-10-09T03:27:21.1223651Z {"id":1,"name":"input admits extra fields","before":").max(21)}).strict(),","after":").max(21)}),","caseCount":9,"failedCases":["contract total immutable reducer ignores malformed/unknown events in both phases"],"assertionKilled":true}
2026-10-09T03:27:21.4446252Z {"id":2,"name":"International input truncated to32 squares","before":".int().min(0).max(49)","after":".int().min(0).max(31)","caseCount":9,"failedCases":["all three bot levels are schema-valid deterministic pure choices in every phase/role"],"assertionKilled":true}
2026-10-09T03:27:21.6149684Z {"id":3,"name":"International variant ignored","before":"values.variant==='international'","after":"false","caseCount":9,"failedCases":["contract manifest/counts/settings and deterministic initial boards","complete legal inputs and terminal scores preserve every original seat","all three bot levels are schema-valid deterministic pure choices in every phase/role"],"assertionKilled":true}
2026-10-09T03:27:21.9267033Z {"id":4,"name":"forty-move house setting ignored","before":"values.drawPolicy==='fortyMove'","after":"false","caseCount":9,"failedCases":["contract manifest/counts/settings and deterministic initial boards"],"assertionKilled":true}
2026-10-09T03:27:22.2414463Z {"id":5,"name":"repetition setting inverted","before":"typeof values.repetition==='boolean'?values.repetition:true","after":"typeof values.repetition==='boolean'?!values.repetition:true","caseCount":9,"failedCases":["contract manifest/counts/settings and deterministic initial boards"],"assertionKilled":true}
2026-10-09T03:27:22.5590427Z {"id":6,"name":"turn clock cap becomes30","before":"Math.min(300,Math.round(seconds))","after":"Math.min(30,Math.round(seconds))","caseCount":9,"failedCases":["contract manifest/counts/settings and deterministic initial boards"],"assertionKilled":true}
2026-10-09T03:27:22.8678247Z {"id":7,"name":"zero host time rejected","before":"now>=0","after":"now>0","caseCount":9,"failedCases":["contract manifest/counts/settings and deterministic initial boards"],"assertionKilled":true}
2026-10-09T03:27:23.1853864Z {"id":8,"name":"duplicate seats accepted","before":"new Set(ctx.players.map(player=>player.id)).size!==2","after":"false","caseCount":9,"failedCases":["contract manifest/counts/settings and deterministic initial boards"],"assertionKilled":true}
2026-10-09T03:27:23.2784561Z {"id":9,"name":"wrong player count accepted","before":"ctx.players.length!==2","after":"ctx.players.length===2","caseCount":9,"failedCases":["contract manifest/counts/settings and deterministic initial boards","contract total immutable reducer ignores malformed/unknown events in both phases","contract live timer requires exact phase instance and elapsed deadline","VIP pause/resume shifts only the deadline; skip/end remain available","presence auto-holds empty rooms, resumes clocks and permanently preserves leavers","hostile seat IDs, public view equality, spectator safety and cloned projections","complete legal inputs and terminal scores preserve every original seat","all three bot levels are schema-valid deterministic pure choices in every phase/role"],"assertionKilled":true}
2026-10-09T03:27:23.5855435Z {"id":10,"name":"disconnected seats always present","before":"s.players[id].connected&&!s.left.includes(id)","after":"true&&!s.left.includes(id)","caseCount":9,"failedCases":["presence auto-holds empty rooms, resumes clocks and permanently preserves leavers"],"assertionKilled":true}
2026-10-09T03:27:23.6930141Z {"id":11,"name":"light side assigned wrong turn","before":"s.side===1?0:1","after":"s.side===1?1:0","caseCount":9,"failedCases":["contract total immutable reducer ignores malformed/unknown events in both phases","contract live timer requires exact phase instance and elapsed deadline","presence auto-holds empty rooms, resumes clocks and permanently preserves leavers","hostile seat IDs, public view equality, spectator safety and cloned projections","complete legal inputs and terminal scores preserve every original seat","all three bot levels are schema-valid deterministic pure choices in every phase/role","manifest and every generated phase fixture replay without throwing"],"assertionKilled":true}
2026-10-09T03:27:24.0175734Z {"id":12,"name":"same-tick phase uniqueness removed","before":"Math.max(now,s.phaseClock+1)","after":"now","caseCount":9,"failedCases":["contract live timer requires exact phase instance and elapsed deadline"],"assertionKilled":true}
2026-10-09T03:27:24.3484738Z {"id":13,"name":"untimed game receives immediate clock","before":"s.settings.turnSeconds>0","after":"s.settings.turnSeconds>=0","caseCount":9,"failedCases":["contract manifest/counts/settings and deterministic initial boards","contract live timer requires exact phase instance and elapsed deadline"],"assertionKilled":true}
2026-10-09T03:27:24.6576416Z {"id":14,"name":"seed discarded","before":"rng:seedRng(ctx.seed)","after":"rng:seedRng(0)","caseCount":9,"failedCases":["contract manifest/counts/settings and deterministic initial boards"],"assertionKilled":true}
2026-10-09T03:27:24.9638727Z {"id":15,"name":"empty initialization misses automatic hold","before":"state={...state,autoPaused:true","after":"state={...state,autoPaused:false","caseCount":9,"failedCases":["presence auto-holds empty rooms, resumes clocks and permanently preserves leavers"],"assertionKilled":true}
2026-10-09T03:27:25.2750864Z {"id":16,"name":"winner assigned to losing side","before":"s.order[winner===1?0:1]","after":"s.order[winner===1?1:0]","caseCount":9,"failedCases":["contract live timer requires exact phase instance and elapsed deadline","complete legal inputs and terminal scores preserve every original seat","manifest and every generated phase fixture replay without throwing"],"assertionKilled":true}
2026-10-09T03:27:25.3775770Z {"id":17,"name":"finish reenters move phase","before":"endReason:reason},'done',now)","after":"endReason:reason},'move',now)","caseCount":9,"failedCases":["contract live timer requires exact phase instance and elapsed deadline","VIP pause/resume shifts only the deadline; skip/end remain available","hostile seat IDs, public view equality, spectator safety and cloned projections","complete legal inputs and terminal scores preserve every original seat","all three bot levels are schema-valid deterministic pure choices in every phase/role","manifest and every generated phase fixture replay without throwing"],"assertionKilled":true}
2026-10-09T03:27:25.6842151Z {"id":18,"name":"opponent legal moves cause incorrect win","before":"if(!legalMoves(next.board,next.variant,next.side).length)","after":"if(legalMoves(next.board,next.variant,next.side).length)","caseCount":9,"failedCases":["VIP pause/resume shifts only the deadline; skip/end remain available","hostile seat IDs, public view equality, spectator safety and cloned projections","complete legal inputs and terminal scores preserve every original seat"],"assertionKilled":true}
2026-10-09T03:27:25.9974030Z {"id":19,"name":"left seat reconnects","before":"connected=!wasLeft&&!gone&&e.connected","after":"connected=e.connected","caseCount":9,"failedCases":["presence auto-holds empty rooms, resumes clocks and permanently preserves leavers"],"assertionKilled":true}
2026-10-09T03:27:26.3141786Z {"id":20,"name":"resume subtracts held time","before":"next.phase.deadline+delta","after":"next.phase.deadline-delta","caseCount":9,"failedCases":["presence auto-holds empty rooms, resumes clocks and permanently preserves leavers"],"assertionKilled":true}
2026-10-09T03:27:26.6253639Z {"id":21,"name":"paused VIP skip forgets to hold next turn","before":"s.phase.paused&&next.phase.id!=='done'","after":"false&&next.phase.id!=='done'","caseCount":9,"failedCases":["VIP pause/resume shifts only the deadline; skip/end remain available"],"assertionKilled":true}
2026-10-09T03:27:26.9444127Z {"id":22,"name":"timer ignores instance identity","before":"e.startedAt===s.phase.startedAt&&","after":"","caseCount":9,"failedCases":["contract total immutable reducer ignores malformed/unknown events in both phases","contract live timer requires exact phase instance and elapsed deadline"],"assertionKilled":true}
2026-10-09T03:27:27.2503055Z {"id":23,"name":"exact deadline does not fire","before":"e.now>=s.phase.deadline","after":"e.now>s.phase.deadline","caseCount":9,"failedCases":["contract live timer requires exact phase instance and elapsed deadline"],"assertionKilled":true}
2026-10-09T03:27:27.5634470Z {"id":24,"name":"inactive seat can resign","before":"e.playerId!==turnId(s)||","after":"","caseCount":9,"failedCases":["contract total immutable reducer ignores malformed/unknown events in both phases"],"assertionKilled":true}
2026-10-09T03:27:27.8648564Z {"id":25,"name":"paused game accepts inputs/timers","before":"if(s.phase.paused||s.phase.id==='done')","after":"if(s.phase.id==='done')","caseCount":9,"failedCases":["VIP pause/resume shifts only the deadline; skip/end remain available"],"assertionKilled":true}
2026-10-09T03:27:44.0570611Z {"settings":{"variant":"american"},"playerCount":2,"games":1000,"wins":954,"draws":46,"moves":70215,"maximumPlies":219}
2026-10-09T03:27:49.6952037Z {"settings":{"variant":"american","drawPolicy":"fortyMove"},"playerCount":2,"games":1000,"wins":964,"draws":36,"moves":69087,"maximumPlies":221}
2026-10-09T03:27:55.7445619Z {"settings":{"variant":"american","repetition":false},"playerCount":2,"games":1000,"wins":993,"draws":7,"moves":72973,"maximumPlies":230}
2026-10-09T03:28:01.6328538Z {"settings":{"variant":"american","turnSeconds":20},"playerCount":2,"games":1000,"wins":964,"draws":36,"moves":69907,"maximumPlies":205}
2026-10-09T03:28:10.4907123Z {"settings":{"variant":"international"},"playerCount":2,"games":1000,"wins":972,"draws":28,"moves":92727,"maximumPlies":152}
2026-10-09T03:28:19.1608984Z {"settings":{"variant":"international","drawPolicy":"fortyMove"},"playerCount":2,"games":1000,"wins":1000,"draws":0,"moves":91599,"maximumPlies":166}
2026-10-09T03:28:27.8740611Z {"settings":{"variant":"international","repetition":false},"playerCount":2,"games":1000,"wins":973,"draws":27,"moves":91917,"maximumPlies":165}
2026-10-09T03:28:31.6547049Z {"status":"PASS","stage":"node","sourceCommit":"dd226a660c95f81372582d2ca3ea174bb51c6ada","elapsedSeconds":292.07767038099996}
2026-10-09T03:28:31.6683550Z ##[group]Run actions/upload-artifact@v4
2026-10-09T03:28:31.6683864Z with:
2026-10-09T03:28:31.6684151Z   name: G10-stage-node-dd226a660c95f81372582d2ca3ea174bb51c6ada
2026-10-09T03:28:31.6684887Z   path: jobs/G10-checkers/.work-stage-node.stdout
jobs/G10-checkers/.work/checks
jobs/G10-checkers/.work/browser
jobs/G10-checkers/.work/media

2026-10-09T03:28:31.6685549Z   if-no-files-found: error
2026-10-09T03:28:31.6685808Z   include-hidden-files: true
2026-10-09T03:28:31.6686051Z   retention-days: 7
2026-10-09T03:28:31.6686266Z   compression-level: 6
2026-10-09T03:28:31.6686484Z   overwrite: false
2026-10-09T03:28:31.6686690Z env:
2026-10-09T03:28:31.6686945Z   G10_SOURCE_COMMIT: dd226a660c95f81372582d2ca3ea174bb51c6ada
2026-10-09T03:28:31.6687272Z ##[endgroup]
2026-10-09T03:28:31.8332145Z (node:4143) [DEP0040] DeprecationWarning: The `punycode` module is deprecated. Please use a userland alternative instead.
2026-10-09T03:28:31.8333155Z (Use `node --trace-deprecation ...` to show where the warning was created)
2026-10-09T03:28:31.8541755Z Multiple search paths detected. Calculating the least common ancestor of all paths
2026-10-09T03:28:31.8545471Z The least common ancestor is /home/runner/work/partybox-game-cores/partybox-game-cores/jobs/G10-checkers. This will be the root directory of the artifact
2026-10-09T03:28:31.8547325Z With the provided path, there will be 51 files uploaded
2026-10-09T03:28:31.8550627Z Artifact name is valid!
2026-10-09T03:28:31.8551975Z Root directory input is valid!
2026-10-09T03:28:32.1308427Z Beginning upload of artifact content to blob storage
2026-10-09T03:28:32.2186249Z (node:4143) [DEP0169] DeprecationWarning: `url.parse()` behavior is not standardized and prone to errors that have security implications. Use the WHATWG URL API instead. CVEs are not issued for `url.parse()` vulnerabilities.
2026-10-09T03:28:32.4247534Z Uploaded bytes 136614
2026-10-09T03:28:32.4633513Z Finished uploading artifact content to blob storage!
2026-10-09T03:28:32.4634806Z SHA256 digest of uploaded artifact zip is ec994b5b270102120f5a49de1937a48f0c126f92c4bc77012d6c6ebb6f244114
2026-10-09T03:28:32.4636996Z Finalizing artifact upload
2026-10-09T03:28:32.7182436Z Artifact G10-stage-node-dd226a660c95f81372582d2ca3ea174bb51c6ada.zip successfully finalized. Artifact ID 11593049050
2026-10-09T03:28:32.7183647Z Artifact G10-stage-node-dd226a660c95f81372582d2ca3ea174bb51c6ada has been successfully uploaded! Final size is 136614 bytes. Artifact ID is 11593049050
2026-10-09T03:28:32.7184757Z Artifact download URL: https://github.com/luisitin/partybox-game-cores/actions/runs/37878973403/artifacts/11593049050
2026-10-09T03:28:32.7350267Z Post job cleanup.
2026-10-09T03:28:32.8566299Z (node:4156) [DEP0040] DeprecationWarning: The `punycode` module is deprecated. Please use a userland alternative instead.
2026-10-09T03:28:32.8567364Z (Use `node --trace-deprecation ...` to show where the warning was created)
2026-10-09T03:28:32.8570656Z Cache hit occurred on the primary key node-cache-Linux-x64-npm-b79e3f2344d4218dbbb2f93f566da8e1ac49738aa1184813b150890d461d0c8a, not saving cache.
2026-10-09T03:28:32.8706456Z Post job cleanup.
2026-10-09T03:28:32.9650687Z [command]/usr/bin/git version
2026-10-09T03:28:32.9694474Z git version 2.55.0
2026-10-09T03:28:32.9764611Z Temporarily overriding HOME='/home/runner/work/_temp/415a471f-d959-462a-bc7d-033968cbd2bf' before making global git config changes
2026-10-09T03:28:32.9766226Z Adding repository directory to the temporary git global config as a safe directory
2026-10-09T03:28:32.9767795Z [command]/usr/bin/git config --global --add safe.directory /home/runner/work/partybox-game-cores/partybox-game-cores
2026-10-09T03:28:32.9794049Z [command]/usr/bin/git config --local --name-only --get-regexp core\.sshCommand
2026-10-09T03:28:32.9859769Z [command]/usr/bin/git submodule foreach --recursive sh -c "git config --local --name-only --get-regexp 'core\.sshCommand' && git config --local --unset-all 'core.sshCommand' || :"
2026-10-09T03:28:33.0087417Z [command]/usr/bin/git config --local --name-only --get-regexp http\.https\:\/\/github\.com\/\.extraheader
2026-10-09T03:28:33.0098007Z http.https://github.com/.extraheader
2026-10-09T03:28:33.0125695Z [command]/usr/bin/git config --local --unset-all http.https://github.com/.extraheader
2026-10-09T03:28:33.0166702Z [command]/usr/bin/git submodule foreach --recursive sh -c "git config --local --name-only --get-regexp 'http\.https\:\/\/github\.com\/\.extraheader' && git config --local --unset-all 'http.https://github.com/.extraheader' || :"
2026-10-09T03:28:33.0499145Z [command]/usr/bin/git config --local --name-only --get-regexp ^includeIf\.gitdir:
2026-10-09T03:28:33.0536193Z [command]/usr/bin/git submodule foreach --recursive git config --local --show-origin --name-only --get-regexp remote.origin.url
2026-10-09T03:28:33.0997239Z Cleaning up orphan processes
2026-10-09T03:28:33.1284338Z ##[warning]Node.js 20 is deprecated. The following actions target Node.js 20 but are being forced to run on Node.js 24: actions/checkout@v4, actions/setup-node@v4, actions/upload-artifact@v4. For more information see: https://github.blog/changelog/2025-09-19-deprecation-of-node-20-on-github-actions-runners/
