2026-10-09T03:22:30.3180342Z Current runner version: '2.337.0'
2026-10-09T03:22:30.3205732Z ##[group]Runner Image Provisioner
2026-10-09T03:22:30.3206688Z Hosted Compute Agent
2026-10-09T03:22:30.3207380Z Version: 20261002.596
2026-10-09T03:22:30.3208422Z Commit: c3d12f3313a95f25162a1503be624f3b0617f8c0
2026-10-09T03:22:30.3209222Z Build Date: 2026-10-02T22:28:27Z
2026-10-09T03:22:30.3209927Z Worker ID: {34c9a5aa-3b7e-4300-b452-9c41636a6d4e}
2026-10-09T03:22:30.3210679Z Region: eastus2
2026-10-09T03:22:30.3211286Z Cloud: Azure
2026-10-09T03:22:30.3211830Z ##[endgroup]
2026-10-09T03:22:30.3213785Z ##[group]Operating System
2026-10-09T03:22:30.3214447Z Ubuntu
2026-10-09T03:22:30.3215000Z 24.04.5
2026-10-09T03:22:30.3215561Z LTS
2026-10-09T03:22:30.3216105Z ##[endgroup]
2026-10-09T03:22:30.3216642Z ##[group]Runner Image
2026-10-09T03:22:30.3217308Z Image: ubuntu-24.04
2026-10-09T03:22:30.3218118Z Version: 20261004.327.1
2026-10-09T03:22:30.3219459Z Included Software: https://github.com/actions/runner-images/blob/ubuntu24/20261004.327/images/ubuntu/Ubuntu2404-Readme.md
2026-10-09T03:22:30.3220977Z Image Release: https://github.com/actions/runner-images/releases/tag/ubuntu24%2F20261004.327
2026-10-09T03:22:30.3222009Z ##[endgroup]
2026-10-09T03:22:30.3223132Z ##[group]GITHUB_TOKEN Permissions
2026-10-09T03:22:30.3225287Z Contents: read
2026-10-09T03:22:30.3225902Z Metadata: read
2026-10-09T03:22:30.3226533Z ##[endgroup]
2026-10-09T03:22:30.3228902Z Secret source: Actions
2026-10-09T03:22:30.3229896Z Cache mode: write
2026-10-09T03:22:30.3230860Z Prepare workflow directory
2026-10-09T03:22:30.3774870Z Prepare all required actions
2026-10-09T03:22:30.3823045Z Getting action download info
2026-10-09T03:22:30.5883553Z Download action repository 'actions/checkout@v4' (SHA:11d5960a326750d5838078e36cf38b85af677262)
2026-10-09T03:22:30.6834705Z Download action repository 'actions/setup-node@v4' (SHA:49933ea5288caeca8642d1e84afbd3f7d6820020)
2026-10-09T03:22:30.7779909Z Download action repository 'actions/upload-artifact@v4' (SHA:ea165f8d65b6e75b540449e92b4886f43607fa02)
2026-10-09T03:22:30.9856932Z Complete job name: checks (browser)
2026-10-09T03:22:31.0604732Z ##[group]Run actions/checkout@v4
2026-10-09T03:22:31.0605608Z with:
2026-10-09T03:22:31.0606090Z   ref: dd226a660c95f81372582d2ca3ea174bb51c6ada
2026-10-09T03:22:31.0606730Z   repository: luisitin/partybox-game-cores
2026-10-09T03:22:31.0611021Z   token: ***
2026-10-09T03:22:31.0611554Z   ssh-strict: true
2026-10-09T03:22:31.0611995Z   ssh-user: git
2026-10-09T03:22:31.0612444Z   persist-credentials: true
2026-10-09T03:22:31.0612938Z   clean: true
2026-10-09T03:22:31.0613379Z   sparse-checkout-cone-mode: true
2026-10-09T03:22:31.0613900Z   fetch-depth: 1
2026-10-09T03:22:31.0614318Z   fetch-tags: false
2026-10-09T03:22:31.0614769Z   show-progress: true
2026-10-09T03:22:31.0615225Z   lfs: false
2026-10-09T03:22:31.0615662Z   submodules: false
2026-10-09T03:22:31.0616118Z   set-safe-directory: true
2026-10-09T03:22:31.0616626Z   allow-unsafe-pr-checkout: false
2026-10-09T03:22:31.0617424Z env:
2026-10-09T03:22:31.0618248Z   G10_SOURCE_COMMIT: dd226a660c95f81372582d2ca3ea174bb51c6ada
2026-10-09T03:22:31.0618905Z ##[endgroup]
2026-10-09T03:22:31.1630693Z Syncing repository: luisitin/partybox-game-cores
2026-10-09T03:22:31.1633283Z ##[group]Getting Git version info
2026-10-09T03:22:31.1634633Z Working directory is '/home/runner/work/partybox-game-cores/partybox-game-cores'
2026-10-09T03:22:31.1636490Z [command]/usr/bin/git version
2026-10-09T03:22:31.1686447Z git version 2.55.0
2026-10-09T03:22:31.1708796Z ##[endgroup]
2026-10-09T03:22:31.1723949Z Temporarily overriding HOME='/home/runner/work/_temp/29143096-720e-426d-a031-0247040ccd47' before making global git config changes
2026-10-09T03:22:31.1726303Z Adding repository directory to the temporary git global config as a safe directory
2026-10-09T03:22:31.1730489Z [command]/usr/bin/git config --global --add safe.directory /home/runner/work/partybox-game-cores/partybox-game-cores
2026-10-09T03:22:31.1786624Z Deleting the contents of '/home/runner/work/partybox-game-cores/partybox-game-cores'
2026-10-09T03:22:31.1790685Z ##[group]Initializing the repository
2026-10-09T03:22:31.1795162Z [command]/usr/bin/git init /home/runner/work/partybox-game-cores/partybox-game-cores
2026-10-09T03:22:31.1892652Z hint: Using 'master' as the name for the initial branch. This default branch name
2026-10-09T03:22:31.1895031Z hint: will change to "main" in Git 3.0. To configure the initial branch name
2026-10-09T03:22:31.1896799Z hint: to use in all of your new repositories, which will suppress this warning,
2026-10-09T03:22:31.1898716Z hint: call:
2026-10-09T03:22:31.1899849Z hint:
2026-10-09T03:22:31.1900977Z hint: 	git config --global init.defaultBranch <name>
2026-10-09T03:22:31.1902151Z hint:
2026-10-09T03:22:31.1903271Z hint: Names commonly chosen instead of 'master' are 'main', 'trunk' and
2026-10-09T03:22:31.1905089Z hint: 'development'. The just-created branch can be renamed via this command:
2026-10-09T03:22:31.1906420Z hint:
2026-10-09T03:22:31.1907222Z hint: 	git branch -m <name>
2026-10-09T03:22:31.1908492Z hint:
2026-10-09T03:22:31.1909691Z hint: Disable this message with "git config set advice.defaultBranchName false"
2026-10-09T03:22:31.1911780Z Initialized empty Git repository in /home/runner/work/partybox-game-cores/partybox-game-cores/.git/
2026-10-09T03:22:31.1914822Z [command]/usr/bin/git remote add origin https://github.com/luisitin/partybox-game-cores
2026-10-09T03:22:31.1958037Z ##[endgroup]
2026-10-09T03:22:31.1959393Z ##[group]Disabling automatic garbage collection
2026-10-09T03:22:31.1962787Z [command]/usr/bin/git config --local gc.auto 0
2026-10-09T03:22:31.1996523Z ##[endgroup]
2026-10-09T03:22:31.1998256Z ##[group]Setting up auth
2026-10-09T03:22:31.2005395Z [command]/usr/bin/git config --local --name-only --get-regexp core\.sshCommand
2026-10-09T03:22:31.2040638Z [command]/usr/bin/git submodule foreach --recursive sh -c "git config --local --name-only --get-regexp 'core\.sshCommand' && git config --local --unset-all 'core.sshCommand' || :"
2026-10-09T03:22:31.2395947Z [command]/usr/bin/git config --local --name-only --get-regexp http\.https\:\/\/github\.com\/\.extraheader
2026-10-09T03:22:31.2435395Z [command]/usr/bin/git submodule foreach --recursive sh -c "git config --local --name-only --get-regexp 'http\.https\:\/\/github\.com\/\.extraheader' && git config --local --unset-all 'http.https://github.com/.extraheader' || :"
2026-10-09T03:22:31.2677217Z [command]/usr/bin/git config --local --name-only --get-regexp ^includeIf\.gitdir:
2026-10-09T03:22:31.2715897Z [command]/usr/bin/git submodule foreach --recursive git config --local --show-origin --name-only --get-regexp remote.origin.url
2026-10-09T03:22:31.2960624Z [command]/usr/bin/git config --local http.https://github.com/.extraheader AUTHORIZATION: basic ***
2026-10-09T03:22:31.3002795Z ##[endgroup]
2026-10-09T03:22:31.3003587Z ##[group]Fetching the repository
2026-10-09T03:22:31.3012666Z [command]/usr/bin/git -c protocol.version=2 fetch --no-tags --prune --no-recurse-submodules --depth=1 origin dd226a660c95f81372582d2ca3ea174bb51c6ada
2026-10-09T03:22:48.0171833Z From https://github.com/luisitin/partybox-game-cores
2026-10-09T03:22:48.0173746Z  * branch            dd226a660c95f81372582d2ca3ea174bb51c6ada -> FETCH_HEAD
2026-10-09T03:22:48.0179242Z ##[endgroup]
2026-10-09T03:22:48.0181374Z ##[group]Determining the checkout info
2026-10-09T03:22:48.0183653Z ##[endgroup]
2026-10-09T03:22:48.0187819Z [command]/usr/bin/git sparse-checkout disable
2026-10-09T03:22:48.0248687Z [command]/usr/bin/git config --local --unset-all extensions.worktreeConfig
2026-10-09T03:22:48.0354050Z ##[group]Checking out the ref
2026-10-09T03:22:48.0356708Z [command]/usr/bin/git checkout --progress --force dd226a660c95f81372582d2ca3ea174bb51c6ada
2026-10-09T03:22:49.1279131Z Updating files:   8% (180/2045)
2026-10-09T03:22:50.1076855Z Updating files:   9% (185/2045)
2026-10-09T03:22:50.7163084Z Updating files:   9% (199/2045)
2026-10-09T03:22:51.1221214Z Updating files:  10% (205/2045)
2026-10-09T03:22:51.9364798Z Updating files:  10% (216/2045)
2026-10-09T03:22:52.0709734Z Updating files:  11% (225/2045)
2026-10-09T03:22:53.0999402Z Updating files:  11% (226/2045)
2026-10-09T03:22:53.2899154Z Updating files:  11% (243/2045)
2026-10-09T03:22:53.6920520Z Updating files:  12% (246/2045)
2026-10-09T03:22:53.6934417Z Updating files:  13% (266/2045)
2026-10-09T03:22:53.6958440Z Updating files:  14% (287/2045)
2026-10-09T03:22:53.7175814Z Updating files:  15% (307/2045)
2026-10-09T03:22:53.7184610Z Updating files:  16% (328/2045)
2026-10-09T03:22:53.7205029Z Updating files:  17% (348/2045)
2026-10-09T03:22:53.7370775Z Updating files:  18% (369/2045)
2026-10-09T03:22:53.7399619Z Updating files:  19% (389/2045)
2026-10-09T03:22:53.7417457Z Updating files:  20% (409/2045)
2026-10-09T03:22:53.7429701Z Updating files:  21% (430/2045)
2026-10-09T03:22:53.7469199Z Updating files:  22% (450/2045)
2026-10-09T03:22:53.7494374Z Updating files:  23% (471/2045)
2026-10-09T03:22:53.7514173Z Updating files:  24% (491/2045)
2026-10-09T03:22:53.7529067Z Updating files:  25% (512/2045)
2026-10-09T03:22:53.7541204Z Updating files:  26% (532/2045)
2026-10-09T03:22:53.7614409Z Updating files:  27% (553/2045)
2026-10-09T03:22:53.7793389Z Updating files:  28% (573/2045)
2026-10-09T03:22:53.7964549Z Updating files:  29% (594/2045)
2026-10-09T03:22:53.8033456Z Updating files:  30% (614/2045)
2026-10-09T03:22:53.8070367Z Updating files:  31% (634/2045)
2026-10-09T03:22:53.8359628Z Updating files:  32% (655/2045)
2026-10-09T03:22:53.8544181Z Updating files:  33% (675/2045)
2026-10-09T03:22:53.8554955Z Updating files:  34% (696/2045)
2026-10-09T03:22:53.8730543Z Updating files:  35% (716/2045)
2026-10-09T03:22:53.8741855Z Updating files:  36% (737/2045)
2026-10-09T03:22:53.8929539Z Updating files:  37% (757/2045)
2026-10-09T03:22:53.8941707Z Updating files:  38% (778/2045)
2026-10-09T03:22:53.9132834Z Updating files:  39% (798/2045)
2026-10-09T03:22:53.9307622Z Updating files:  40% (818/2045)
2026-10-09T03:22:53.9324714Z Updating files:  41% (839/2045)
2026-10-09T03:22:53.9338483Z Updating files:  42% (859/2045)
2026-10-09T03:22:53.9394136Z Updating files:  43% (880/2045)
2026-10-09T03:22:53.9405681Z Updating files:  44% (900/2045)
2026-10-09T03:22:53.9416425Z Updating files:  45% (921/2045)
2026-10-09T03:22:53.9438349Z Updating files:  46% (941/2045)
2026-10-09T03:22:53.9680761Z Updating files:  47% (962/2045)
2026-10-09T03:22:53.9781361Z Updating files:  48% (982/2045)
2026-10-09T03:22:53.9987625Z Updating files:  49% (1003/2045)
2026-10-09T03:22:54.0052683Z Updating files:  50% (1023/2045)
2026-10-09T03:22:54.0063850Z Updating files:  51% (1043/2045)
2026-10-09T03:22:54.0108701Z Updating files:  52% (1064/2045)
2026-10-09T03:22:54.0167572Z Updating files:  53% (1084/2045)
2026-10-09T03:22:54.0178453Z Updating files:  54% (1105/2045)
2026-10-09T03:22:54.0224852Z Updating files:  55% (1125/2045)
2026-10-09T03:22:54.0274918Z Updating files:  56% (1146/2045)
2026-10-09T03:22:54.0325909Z Updating files:  57% (1166/2045)
2026-10-09T03:22:54.0339403Z Updating files:  58% (1187/2045)
2026-10-09T03:22:54.0385147Z Updating files:  58% (1191/2045)
2026-10-09T03:22:54.0400468Z Updating files:  59% (1207/2045)
2026-10-09T03:22:54.0432785Z Updating files:  60% (1227/2045)
2026-10-09T03:22:54.0471760Z Updating files:  61% (1248/2045)
2026-10-09T03:22:54.0513879Z Updating files:  62% (1268/2045)
2026-10-09T03:22:54.0559723Z Updating files:  63% (1289/2045)
2026-10-09T03:22:54.0588504Z Updating files:  64% (1309/2045)
2026-10-09T03:22:54.0624179Z Updating files:  65% (1330/2045)
2026-10-09T03:22:54.0669753Z Updating files:  66% (1350/2045)
2026-10-09T03:22:54.0732846Z Updating files:  67% (1371/2045)
2026-10-09T03:22:54.0748183Z Updating files:  68% (1391/2045)
2026-10-09T03:22:54.0758253Z Updating files:  69% (1412/2045)
2026-10-09T03:22:54.0781716Z Updating files:  70% (1432/2045)
2026-10-09T03:22:54.0793148Z Updating files:  71% (1452/2045)
2026-10-09T03:22:54.0802786Z Updating files:  72% (1473/2045)
2026-10-09T03:22:54.0810822Z Updating files:  73% (1493/2045)
2026-10-09T03:22:54.0834688Z Updating files:  74% (1514/2045)
2026-10-09T03:22:54.0862591Z Updating files:  75% (1534/2045)
2026-10-09T03:22:54.0873929Z Updating files:  76% (1555/2045)
2026-10-09T03:22:54.0884437Z Updating files:  77% (1575/2045)
2026-10-09T03:22:54.0896457Z Updating files:  78% (1596/2045)
2026-10-09T03:22:54.0907195Z Updating files:  79% (1616/2045)
2026-10-09T03:22:54.0916705Z Updating files:  80% (1636/2045)
2026-10-09T03:22:54.0926689Z Updating files:  81% (1657/2045)
2026-10-09T03:22:54.0939359Z Updating files:  82% (1677/2045)
2026-10-09T03:22:54.0966676Z Updating files:  83% (1698/2045)
2026-10-09T03:22:54.0975960Z Updating files:  84% (1718/2045)
2026-10-09T03:22:54.0985822Z Updating files:  85% (1739/2045)
2026-10-09T03:22:54.0995170Z Updating files:  86% (1759/2045)
2026-10-09T03:22:54.1003390Z Updating files:  87% (1780/2045)
2026-10-09T03:22:54.1014452Z Updating files:  88% (1800/2045)
2026-10-09T03:22:54.1022538Z Updating files:  89% (1821/2045)
2026-10-09T03:22:54.1037994Z Updating files:  90% (1841/2045)
2026-10-09T03:22:54.1056841Z Updating files:  91% (1861/2045)
2026-10-09T03:22:54.1096677Z Updating files:  92% (1882/2045)
2026-10-09T03:22:54.1177054Z Updating files:  93% (1902/2045)
2026-10-09T03:22:54.1194538Z Updating files:  94% (1923/2045)
2026-10-09T03:22:54.1524919Z Updating files:  95% (1943/2045)
2026-10-09T03:22:54.4600648Z Updating files:  96% (1964/2045)
2026-10-09T03:22:54.4611705Z Updating files:  97% (1984/2045)
2026-10-09T03:22:54.4623138Z Updating files:  98% (2005/2045)
2026-10-09T03:22:54.4635003Z Updating files:  99% (2025/2045)
2026-10-09T03:22:54.4635527Z Updating files: 100% (2045/2045)
2026-10-09T03:22:54.4636139Z Updating files: 100% (2045/2045), done.
2026-10-09T03:22:54.4690443Z Note: switching to 'dd226a660c95f81372582d2ca3ea174bb51c6ada'.
2026-10-09T03:22:54.4690954Z 
2026-10-09T03:22:54.4691652Z You are in 'detached HEAD' state. You can look around, make experimental
2026-10-09T03:22:54.4692409Z changes and commit them, and you can discard any commits you make in this
2026-10-09T03:22:54.4692916Z state without impacting any branches by switching back to a branch.
2026-10-09T03:22:54.4693739Z 
2026-10-09T03:22:54.4694087Z If you want to create a new branch to retain commits you create, you may
2026-10-09T03:22:54.4694831Z do so (now or later) by using -c with the switch command. Example:
2026-10-09T03:22:54.4695111Z 
2026-10-09T03:22:54.4695230Z   git switch -c <new-branch-name>
2026-10-09T03:22:54.4695402Z 
2026-10-09T03:22:54.4695506Z Or undo this operation with:
2026-10-09T03:22:54.4695666Z 
2026-10-09T03:22:54.4695754Z   git switch -
2026-10-09T03:22:54.4695874Z 
2026-10-09T03:22:54.4696095Z Turn off this advice by setting config variable advice.detachedHead to false
2026-10-09T03:22:54.4696404Z 
2026-10-09T03:22:54.4696656Z HEAD is now at dd226a6 G10 verify exact current native package and full standalone delivery
2026-10-09T03:22:54.4843997Z ##[endgroup]
2026-10-09T03:22:54.4893733Z [command]/usr/bin/git log -1 --format=%H
2026-10-09T03:22:54.4921735Z dd226a660c95f81372582d2ca3ea174bb51c6ada
2026-10-09T03:22:54.5178974Z ##[group]Run actions/setup-node@v4
2026-10-09T03:22:54.5179274Z with:
2026-10-09T03:22:54.5179477Z   node-version: 22.16.0
2026-10-09T03:22:54.5179699Z   cache: npm
2026-10-09T03:22:54.5179978Z   cache-dependency-path: jobs/G10-checkers/package-lock.json
2026-10-09T03:22:54.5180330Z   always-auth: false
2026-10-09T03:22:54.5180548Z   check-latest: false
2026-10-09T03:22:54.5183206Z   token: ***
2026-10-09T03:22:54.5183400Z env:
2026-10-09T03:22:54.5183652Z   G10_SOURCE_COMMIT: dd226a660c95f81372582d2ca3ea174bb51c6ada
2026-10-09T03:22:54.5183974Z ##[endgroup]
2026-10-09T03:22:54.6616072Z Attempting to download 22.16.0...
2026-10-09T03:22:54.6725821Z (node:2318) [DEP0040] DeprecationWarning: The `punycode` module is deprecated. Please use a userland alternative instead.
2026-10-09T03:22:54.6727384Z (Use `node --trace-deprecation ...` to show where the warning was created)
2026-10-09T03:22:55.1688884Z Acquiring 22.16.0 - x64 from https://github.com/actions/node-versions/releases/download/22.16.0-15177438473/node-22.16.0-linux-x64.tar.gz
2026-10-09T03:22:55.6231859Z Extracting ...
2026-10-09T03:22:55.6357307Z [command]/usr/bin/tar xz --strip 1 --warning=no-unknown-keyword --overwrite -C /home/runner/work/_temp/8756284f-4aa8-412a-bf8a-d4e583c9d5d5 -f /home/runner/work/_temp/5d238651-0f11-4b9f-9d99-5e5a5cbf1519
2026-10-09T03:22:56.8553401Z Adding to the cache ...
2026-10-09T03:22:58.9073145Z ##[group]Environment details
2026-10-09T03:22:59.1237420Z node: v22.16.0
2026-10-09T03:22:59.1238039Z npm: 10.9.2
2026-10-09T03:22:59.1238273Z yarn: 1.22.22
2026-10-09T03:22:59.1238839Z ##[endgroup]
2026-10-09T03:22:59.1259760Z [command]/opt/hostedtoolcache/node/22.16.0/x64/bin/npm config get cache
2026-10-09T03:22:59.2187336Z /home/runner/.npm
2026-10-09T03:22:59.3076781Z Cache hit for: node-cache-Linux-x64-npm-b79e3f2344d4218dbbb2f93f566da8e1ac49738aa1184813b150890d461d0c8a
2026-10-09T03:22:59.3191132Z (node:2318) [DEP0169] DeprecationWarning: `url.parse()` behavior is not standardized and prone to errors that have security implications. Use the WHATWG URL API instead. CVEs are not issued for `url.parse()` vulnerabilities.
2026-10-09T03:22:59.4546668Z Received 12676330 of 12676330 (100.0%), 104.2 MBs/sec
2026-10-09T03:22:59.4547295Z Cache Size: ~12 MB (12676330 B)
2026-10-09T03:22:59.4645703Z [command]/usr/bin/tar -xf /home/runner/work/_temp/917e2070-c91c-48a0-bd12-62e7b0305eb1/cache.tzst -P -C /home/runner/work/partybox-game-cores/partybox-game-cores --use-compress-program unzstd
2026-10-09T03:22:59.4883791Z Cache restored successfully
2026-10-09T03:22:59.4894372Z Cache restored from key: node-cache-Linux-x64-npm-b79e3f2344d4218dbbb2f93f566da8e1ac49738aa1184813b150890d461d0c8a
2026-10-09T03:22:59.5074736Z ##[group]Run npm ci --ignore-scripts --no-audit --no-fund
2026-10-09T03:22:59.5075244Z [36;1mnpm ci --ignore-scripts --no-audit --no-fund[0m
2026-10-09T03:22:59.5325292Z shell: /usr/bin/bash -e {0}
2026-10-09T03:22:59.5325586Z env:
2026-10-09T03:22:59.5325891Z   G10_SOURCE_COMMIT: dd226a660c95f81372582d2ca3ea174bb51c6ada
2026-10-09T03:22:59.5326292Z ##[endgroup]
2026-10-09T03:23:00.4809711Z 
2026-10-09T03:23:00.4819130Z added 6 packages in 889ms
2026-10-09T03:23:00.5294810Z ##[group]Run if [ -f /etc/apt/apt-mirrors.txt ]; then
2026-10-09T03:23:00.5295247Z [36;1mif [ -f /etc/apt/apt-mirrors.txt ]; then[0m
2026-10-09T03:23:00.5295907Z [36;1m  sudo sed -i 's#http://azure.archive.ubuntu.com/ubuntu#https://archive.ubuntu.com/ubuntu#g' /etc/apt/apt-mirrors.txt[0m
2026-10-09T03:23:00.5296482Z [36;1mfi[0m
2026-10-09T03:23:00.5363149Z shell: /usr/bin/bash -e {0}
2026-10-09T03:23:00.5363416Z env:
2026-10-09T03:23:00.5363691Z   G10_SOURCE_COMMIT: dd226a660c95f81372582d2ca3ea174bb51c6ada
2026-10-09T03:23:00.5364037Z ##[endgroup]
2026-10-09T03:23:00.5622822Z ##[group]Run sudo apt-get update
2026-10-09T03:23:00.5623156Z [36;1msudo apt-get update[0m
2026-10-09T03:23:00.5623434Z [36;1msudo apt-get install -y ffmpeg[0m
2026-10-09T03:23:00.5623722Z [36;1mffprobe -version[0m
2026-10-09T03:23:00.5623977Z [36;1mffmpeg -version[0m
2026-10-09T03:23:00.5688249Z shell: /usr/bin/bash -e {0}
2026-10-09T03:23:00.5688514Z env:
2026-10-09T03:23:00.5688793Z   G10_SOURCE_COMMIT: dd226a660c95f81372582d2ca3ea174bb51c6ada
2026-10-09T03:23:00.5689134Z ##[endgroup]
2026-10-09T03:23:00.6999090Z Get:1 file:/etc/apt/apt-mirrors.txt Mirrorlist [139 B]
2026-10-09T03:23:00.7305578Z Get:6 https://packages.microsoft.com/ubuntu/24.04/prod noble InRelease [3600 B]
2026-10-09T03:23:00.8581619Z Get:7 https://packages.microsoft.com/ubuntu/24.04/prod noble/main arm64 Packages [475 kB]
2026-10-09T03:23:00.8914822Z Get:8 https://packages.microsoft.com/ubuntu/24.04/prod noble/main all Packages [640 B]
2026-10-09T03:23:00.9032811Z Get:9 https://packages.microsoft.com/ubuntu/24.04/prod noble/main amd64 Packages [531 kB]
2026-10-09T03:23:00.9138909Z Get:10 https://packages.microsoft.com/ubuntu/24.04/prod noble/main armhf Packages [12.3 kB]
2026-10-09T03:23:01.2821641Z Hit:2 https://archive.ubuntu.com/ubuntu noble InRelease
2026-10-09T03:23:01.3985003Z Get:3 https://archive.ubuntu.com/ubuntu noble-updates InRelease [126 kB]
2026-10-09T03:23:01.8205434Z Get:4 https://archive.ubuntu.com/ubuntu noble-backports InRelease [126 kB]
2026-10-09T03:23:02.4068055Z Get:5 https://archive.ubuntu.com/ubuntu noble-security InRelease [126 kB]
2026-10-09T03:23:02.7256744Z Get:11 https://archive.ubuntu.com/ubuntu noble-updates/main amd64 Packages [1375 kB]
2026-10-09T03:23:03.2912559Z Get:12 https://archive.ubuntu.com/ubuntu noble-updates/main Translation-en [306 kB]
2026-10-09T03:23:03.4212156Z Get:13 https://archive.ubuntu.com/ubuntu noble-updates/universe amd64 Packages [1702 kB]
2026-10-09T03:23:03.7556010Z Get:14 https://archive.ubuntu.com/ubuntu noble-updates/universe Translation-en [342 kB]
2026-10-09T03:23:03.8778646Z Get:15 https://archive.ubuntu.com/ubuntu noble-updates/restricted amd64 Packages [1761 kB]
2026-10-09T03:23:04.1071598Z Get:16 https://archive.ubuntu.com/ubuntu noble-updates/restricted Translation-en [401 kB]
2026-10-09T03:23:04.2250100Z Get:17 https://archive.ubuntu.com/ubuntu noble-updates/multiverse amd64 Packages [55.0 kB]
2026-10-09T03:23:04.3336217Z Get:18 https://archive.ubuntu.com/ubuntu noble-updates/multiverse Translation-en [14.3 kB]
2026-10-09T03:23:04.4418148Z Get:19 https://archive.ubuntu.com/ubuntu noble-security/main amd64 Packages [1118 kB]
2026-10-09T03:23:04.5779830Z Get:20 https://archive.ubuntu.com/ubuntu noble-security/main Translation-en [228 kB]
2026-10-09T03:23:04.8392737Z Get:21 https://archive.ubuntu.com/ubuntu noble-security/universe amd64 Packages [1220 kB]
2026-10-09T03:23:04.9777244Z Get:22 https://archive.ubuntu.com/ubuntu noble-security/universe Translation-en [245 kB]
2026-10-09T03:23:05.0916348Z Get:23 https://archive.ubuntu.com/ubuntu noble-security/restricted amd64 Packages [1667 kB]
2026-10-09T03:23:05.2417989Z Get:24 https://archive.ubuntu.com/ubuntu noble-security/restricted Translation-en [383 kB]
2026-10-09T03:23:05.3593154Z Get:25 https://archive.ubuntu.com/ubuntu noble-security/multiverse amd64 Packages [49.8 kB]
2026-10-09T03:23:05.4681578Z Get:26 https://archive.ubuntu.com/ubuntu noble-security/multiverse Translation-en [12.4 kB]
2026-10-09T03:23:09.9272824Z Fetched 12.3 MB in 5s (2557 kB/s)
2026-10-09T03:23:10.7768931Z Reading package lists...
2026-10-09T03:23:10.8068260Z Reading package lists...
2026-10-09T03:23:10.9922396Z Building dependency tree...
2026-10-09T03:23:10.9929705Z Reading state information...
2026-10-09T03:23:11.1438601Z The following additional packages will be installed:
2026-10-09T03:23:11.1439733Z   i965-va-driver intel-media-va-driver libaacs0 libass9 libasyncns0
2026-10-09T03:23:11.1440488Z   libavc1394-0 libavcodec60 libavdevice60 libavfilter9 libavformat60
2026-10-09T03:23:11.1441770Z   libavutil58 libbdplus0 libblas3 libbluray2 libbs2b0 libcaca0
2026-10-09T03:23:11.1443007Z   libcdio-cdda2t64 libcdio-paranoia2t64 libcdio19t64 libchromaprint1 libcjson1
2026-10-09T03:23:11.1443977Z   libcodec2-1.2 libdav1d7 libdc1394-25 libdecor-0-0 libdecor-0-plugin-1-gtk
2026-10-09T03:23:11.1445031Z   libflac12t64 libflite1 libgme0 libgsm1 libhwy1t64 libiec61883-0 libigdgmm12
2026-10-09T03:23:11.1446051Z   libjack-jackd2-0 libjxl0.7 liblapack3 liblilv-0-0 libmbedcrypto7t64
2026-10-09T03:23:11.1446983Z   libmp3lame0 libmpg123-0t64 libmysofa1 libopenal-data libopenal1
2026-10-09T03:23:11.1448119Z   libopenmpt0t64 libopus0 libplacebo338 libpocketsphinx3 libpostproc57
2026-10-09T03:23:11.1449162Z   libpulse0 librav1e0 libraw1394-11 librist4 librsvg2-2 librsvg2-common
2026-10-09T03:23:11.1450165Z   librubberband2 libsamplerate0 libsdl2-2.0-0 libserd-0-0 libshine3
2026-10-09T03:23:11.1451299Z   libsndfile1 libsndio7.0 libsord-0-0 libsoxr0 libspeex1 libsphinxbase3t64
2026-10-09T03:23:11.1452296Z   libsratom-0-0 libsrt1.5-gnutls libssh-gcrypt-4 libsvtav1enc1d1
2026-10-09T03:23:11.1453254Z   libswresample4 libswscale7 libtheora0 libtwolame0 libudfread0 libunibreak5
2026-10-09T03:23:11.1454305Z   libva-drm2 libva-x11-2 libva2 libvdpau1 libvidstab1.1 libvorbisenc2 libvpl2
2026-10-09T03:23:11.1455313Z   libvpx9 libx264-164 libx265-199 libxcb-shape0 libxv1 libxvidcore4 libzimg2
2026-10-09T03:23:11.1456719Z   libzix-0-0 libzvbi-common libzvbi0t64 mesa-va-drivers mesa-vdpau-drivers
2026-10-09T03:23:11.1457306Z   ocl-icd-libopencl1 pocketsphinx-en-us va-driver-all vdpau-driver-all
2026-10-09T03:23:11.1457933Z Suggested packages:
2026-10-09T03:23:11.1458333Z   ffmpeg-doc i965-va-driver-shaders libcuda1 libnvcuvid1 libnvidia-encode1
2026-10-09T03:23:11.1458888Z   libbluray-bdj jackd2 libportaudio2 opus-tools pulseaudio libraw1394-doc
2026-10-09T03:23:11.1459406Z   librsvg2-bin serdi sndiod sordi speex opencl-icd libvdpau-va-gl1
2026-10-09T03:23:11.2194757Z The following NEW packages will be installed:
2026-10-09T03:23:11.2196090Z   ffmpeg i965-va-driver intel-media-va-driver libaacs0 libass9 libasyncns0
2026-10-09T03:23:11.2197169Z   libavc1394-0 libavcodec60 libavdevice60 libavfilter9 libavformat60
2026-10-09T03:23:11.2198522Z   libavutil58 libbdplus0 libblas3 libbluray2 libbs2b0 libcaca0
2026-10-09T03:23:11.2199604Z   libcdio-cdda2t64 libcdio-paranoia2t64 libcdio19t64 libchromaprint1 libcjson1
2026-10-09T03:23:11.2200963Z   libcodec2-1.2 libdav1d7 libdc1394-25 libdecor-0-0 libdecor-0-plugin-1-gtk
2026-10-09T03:23:11.2209043Z   libflac12t64 libflite1 libgme0 libgsm1 libhwy1t64 libiec61883-0 libigdgmm12
2026-10-09T03:23:11.2210076Z   libjack-jackd2-0 libjxl0.7 liblapack3 liblilv-0-0 libmbedcrypto7t64
2026-10-09T03:23:11.2211010Z   libmp3lame0 libmpg123-0t64 libmysofa1 libopenal-data libopenal1
2026-10-09T03:23:11.2211991Z   libopenmpt0t64 libopus0 libplacebo338 libpocketsphinx3 libpostproc57
2026-10-09T03:23:11.2213074Z   libpulse0 librav1e0 libraw1394-11 librist4 librsvg2-2 librsvg2-common
2026-10-09T03:23:11.2214057Z   librubberband2 libsamplerate0 libsdl2-2.0-0 libserd-0-0 libshine3
2026-10-09T03:23:11.2215103Z   libsndfile1 libsndio7.0 libsord-0-0 libsoxr0 libspeex1 libsphinxbase3t64
2026-10-09T03:23:11.2216012Z   libsratom-0-0 libsrt1.5-gnutls libssh-gcrypt-4 libsvtav1enc1d1
2026-10-09T03:23:11.2216958Z   libswresample4 libswscale7 libtheora0 libtwolame0 libudfread0 libunibreak5
2026-10-09T03:23:11.2218212Z   libva-drm2 libva-x11-2 libva2 libvdpau1 libvidstab1.1 libvorbisenc2 libvpl2
2026-10-09T03:23:11.2219195Z   libvpx9 libx264-164 libx265-199 libxcb-shape0 libxv1 libxvidcore4 libzimg2
2026-10-09T03:23:11.2220274Z   libzix-0-0 libzvbi-common libzvbi0t64 mesa-va-drivers mesa-vdpau-drivers
2026-10-09T03:23:11.2221294Z   ocl-icd-libopencl1 pocketsphinx-en-us va-driver-all vdpau-driver-all
2026-10-09T03:23:11.2414726Z 0 upgraded, 99 newly installed, 0 to remove and 23 not upgraded.
2026-10-09T03:23:11.2415495Z Need to get 94.1 MB of archives.
2026-10-09T03:23:11.2416260Z After this operation, 227 MB of additional disk space will be used.
2026-10-09T03:23:11.2417428Z Get:1 file:/etc/apt/apt-mirrors.txt Mirrorlist [139 B]
2026-10-09T03:23:11.8074165Z Get:2 https://archive.ubuntu.com/ubuntu noble-updates/universe amd64 libva2 amd64 2.20.0-2ubuntu0.2 [66.4 kB]
2026-10-09T03:23:12.1145423Z Get:3 https://archive.ubuntu.com/ubuntu noble-updates/universe amd64 libva-drm2 amd64 2.20.0-2ubuntu0.2 [7124 B]
2026-10-09T03:23:12.2186154Z Get:4 https://archive.ubuntu.com/ubuntu noble-updates/universe amd64 libva-x11-2 amd64 2.20.0-2ubuntu0.2 [12.0 kB]
2026-10-09T03:23:12.3271580Z Get:5 https://archive.ubuntu.com/ubuntu noble/main amd64 libvdpau1 amd64 1.5-2build1 [27.8 kB]
2026-10-09T03:23:12.4474165Z Get:6 https://archive.ubuntu.com/ubuntu noble/universe amd64 libvpl2 amd64 2023.3.0-1build1 [99.8 kB]
2026-10-09T03:23:12.6533897Z Get:7 https://archive.ubuntu.com/ubuntu noble/universe amd64 ocl-icd-libopencl1 amd64 2.3.2-1build1 [38.5 kB]
2026-10-09T03:23:12.8502569Z Get:8 https://archive.ubuntu.com/ubuntu noble/universe amd64 libavutil58 amd64 7:6.1.1-3ubuntu5 [401 kB]
2026-10-09T03:23:12.9562014Z Get:9 https://archive.ubuntu.com/ubuntu noble/universe amd64 libcodec2-1.2 amd64 1.2.0-2build1 [8998 kB]
2026-10-09T03:23:13.1224194Z Get:10 https://archive.ubuntu.com/ubuntu noble/universe amd64 libdav1d7 amd64 1.4.1-1build1 [604 kB]
2026-10-09T03:23:13.1435372Z Get:11 https://archive.ubuntu.com/ubuntu noble/universe amd64 libgsm1 amd64 1.0.22-1build1 [27.8 kB]
2026-10-09T03:23:13.1610786Z Get:12 https://archive.ubuntu.com/ubuntu noble/universe amd64 libhwy1t64 amd64 1.0.7-8.1build1 [584 kB]
2026-10-09T03:23:13.1819522Z Get:13 https://archive.ubuntu.com/ubuntu noble-updates/universe amd64 libjxl0.7 amd64 0.7.0-10.2ubuntu6.1 [1001 kB]
2026-10-09T03:23:13.2050789Z Get:14 https://archive.ubuntu.com/ubuntu noble/main amd64 libmp3lame0 amd64 3.100-6build1 [142 kB]
2026-10-09T03:23:13.2234635Z Get:15 https://archive.ubuntu.com/ubuntu noble/main amd64 libopus0 amd64 1.4-1build1 [208 kB]
2026-10-09T03:23:13.2421983Z Get:16 https://archive.ubuntu.com/ubuntu noble/universe amd64 librav1e0 amd64 0.7.1-2 [1022 kB]
2026-10-09T03:23:13.2659322Z Get:17 https://archive.ubuntu.com/ubuntu noble-updates/main amd64 librsvg2-2 amd64 2.58.0+dfsg-1ubuntu0.1 [2141 kB]
2026-10-09T03:23:13.2955613Z Get:18 https://archive.ubuntu.com/ubuntu noble/universe amd64 libshine3 amd64 3.1.1-2build1 [23.2 kB]
2026-10-09T03:23:13.3128811Z Get:19 https://archive.ubuntu.com/ubuntu noble-updates/main amd64 libspeex1 amd64 1.2.1-2ubuntu2.24.04.1 [59.6 kB]
2026-10-09T03:23:13.3307279Z Get:20 https://archive.ubuntu.com/ubuntu noble/universe amd64 libsvtav1enc1d1 amd64 1.7.0+dfsg-2build1 [2425 kB]
2026-10-09T03:23:13.3621476Z Get:21 https://archive.ubuntu.com/ubuntu noble/universe amd64 libsoxr0 amd64 0.1.3-4build3 [80.0 kB]
2026-10-09T03:23:13.3796707Z Get:22 https://archive.ubuntu.com/ubuntu noble/universe amd64 libswresample4 amd64 7:6.1.1-3ubuntu5 [63.8 kB]
2026-10-09T03:23:13.3974723Z Get:23 https://archive.ubuntu.com/ubuntu noble/main amd64 libtheora0 amd64 1.1.1+dfsg.1-16.1build3 [211 kB]
2026-10-09T03:23:13.4162583Z Get:24 https://archive.ubuntu.com/ubuntu noble/main amd64 libtwolame0 amd64 0.4.0-2build3 [52.3 kB]
2026-10-09T03:23:13.4338747Z Get:25 https://archive.ubuntu.com/ubuntu noble/main amd64 libvorbisenc2 amd64 1.3.7-1build3 [80.8 kB]
2026-10-09T03:23:13.4515294Z Get:26 https://archive.ubuntu.com/ubuntu noble-updates/main amd64 libvpx9 amd64 1.14.0-1ubuntu2.3 [1143 kB]
2026-10-09T03:23:13.5328628Z Get:27 https://archive.ubuntu.com/ubuntu noble/universe amd64 libx264-164 amd64 2:0.164.3108+git31e19f9-1 [604 kB]
2026-10-09T03:23:13.5534844Z Get:28 https://archive.ubuntu.com/ubuntu noble/universe amd64 libx265-199 amd64 3.5-2build1 [1226 kB]
2026-10-09T03:23:13.5780222Z Get:29 https://archive.ubuntu.com/ubuntu noble/universe amd64 libxvidcore4 amd64 2:1.3.7-1build1 [219 kB]
2026-10-09T03:23:13.5965808Z Get:30 https://archive.ubuntu.com/ubuntu noble/universe amd64 libzvbi-common all 0.2.42-2 [42.4 kB]
2026-10-09T03:23:13.6142957Z Get:31 https://archive.ubuntu.com/ubuntu noble/universe amd64 libzvbi0t64 amd64 0.2.42-2 [261 kB]
2026-10-09T03:23:13.6333467Z Get:32 https://archive.ubuntu.com/ubuntu noble/universe amd64 libavcodec60 amd64 7:6.1.1-3ubuntu5 [5851 kB]
2026-10-09T03:23:13.6852591Z Get:33 https://archive.ubuntu.com/ubuntu noble/main amd64 libraw1394-11 amd64 2.1.2-2build3 [26.2 kB]
2026-10-09T03:23:13.7024641Z Get:34 https://archive.ubuntu.com/ubuntu noble/main amd64 libavc1394-0 amd64 0.5.4-5build3 [15.4 kB]
2026-10-09T03:23:13.7200888Z Get:35 https://archive.ubuntu.com/ubuntu noble/universe amd64 libunibreak5 amd64 5.1-2build1 [25.0 kB]
2026-10-09T03:23:13.7373643Z Get:36 https://archive.ubuntu.com/ubuntu noble/universe amd64 libass9 amd64 1:0.17.1-2build1 [104 kB]
2026-10-09T03:23:13.7564607Z Get:37 https://archive.ubuntu.com/ubuntu noble/universe amd64 libudfread0 amd64 1.1.2-1build1 [19.0 kB]
2026-10-09T03:23:13.7737385Z Get:38 https://archive.ubuntu.com/ubuntu noble/universe amd64 libbluray2 amd64 1:1.3.4-1build1 [159 kB]
2026-10-09T03:23:13.7921407Z Get:39 https://archive.ubuntu.com/ubuntu noble/universe amd64 libchromaprint1 amd64 1.5.1-5 [30.5 kB]
2026-10-09T03:23:13.8105771Z Get:40 https://archive.ubuntu.com/ubuntu noble/universe amd64 libgme0 amd64 0.6.3-7build1 [134 kB]
2026-10-09T03:23:13.8302456Z Get:41 https://archive.ubuntu.com/ubuntu noble-updates/main amd64 libmpg123-0t64 amd64 1.32.5-1ubuntu1.1 [169 kB]
2026-10-09T03:23:13.8486765Z Get:42 https://archive.ubuntu.com/ubuntu noble/universe amd64 libopenmpt0t64 amd64 0.7.3-1.1build3 [647 kB]
2026-10-09T03:23:13.8734699Z Get:43 https://archive.ubuntu.com/ubuntu noble/universe amd64 libcjson1 amd64 1.7.17-1 [24.8 kB]
2026-10-09T03:23:13.8953486Z Get:44 https://archive.ubuntu.com/ubuntu noble/universe amd64 libmbedcrypto7t64 amd64 2.28.8-1 [209 kB]
2026-10-09T03:23:13.9146319Z Get:45 https://archive.ubuntu.com/ubuntu noble/universe amd64 librist4 amd64 0.2.10+dfsg-2 [74.9 kB]
2026-10-09T03:23:13.9897396Z Get:46 https://archive.ubuntu.com/ubuntu noble/universe amd64 libsrt1.5-gnutls amd64 1.5.3-1build2 [316 kB]
2026-10-09T03:23:14.0089596Z Get:47 https://archive.ubuntu.com/ubuntu noble-updates/main amd64 libssh-gcrypt-4 amd64 0.10.6-2ubuntu0.5 [226 kB]
2026-10-09T03:23:14.0277818Z Get:48 https://archive.ubuntu.com/ubuntu noble/universe amd64 libavformat60 amd64 7:6.1.1-3ubuntu5 [1153 kB]
2026-10-09T03:23:14.0519537Z Get:49 https://archive.ubuntu.com/ubuntu noble/universe amd64 libbs2b0 amd64 3.1.0+dfsg-7build1 [10.6 kB]
2026-10-09T03:23:14.0693817Z Get:50 https://archive.ubuntu.com/ubuntu noble/universe amd64 libflite1 amd64 2.2-6build3 [13.6 MB]
2026-10-09T03:23:14.2072321Z Get:51 https://archive.ubuntu.com/ubuntu noble/universe amd64 libserd-0-0 amd64 0.32.2-1 [43.6 kB]
2026-10-09T03:23:14.2251437Z Get:52 https://archive.ubuntu.com/ubuntu noble/universe amd64 libzix-0-0 amd64 0.4.2-2build1 [23.6 kB]
2026-10-09T03:23:14.2443776Z Get:53 https://archive.ubuntu.com/ubuntu noble/universe amd64 libsord-0-0 amd64 0.16.16-2build1 [15.8 kB]
2026-10-09T03:23:14.2626109Z Get:54 https://archive.ubuntu.com/ubuntu noble/universe amd64 libsratom-0-0 amd64 0.6.16-1build1 [17.3 kB]
2026-10-09T03:23:14.2800734Z Get:55 https://archive.ubuntu.com/ubuntu noble/universe amd64 liblilv-0-0 amd64 0.24.22-1build1 [41.0 kB]
2026-10-09T03:23:14.2989419Z Get:56 https://archive.ubuntu.com/ubuntu noble/universe amd64 libmysofa1 amd64 1.3.2+dfsg-2ubuntu2 [1158 kB]
2026-10-09T03:23:14.3247933Z Get:57 https://archive.ubuntu.com/ubuntu noble/universe amd64 libplacebo338 amd64 6.338.2-2build1 [2654 kB]
2026-10-09T03:23:14.3578192Z Get:58 https://archive.ubuntu.com/ubuntu noble-updates/main amd64 libblas3 amd64 3.12.0-3build1.1 [238 kB]
2026-10-09T03:23:14.3766768Z Get:59 https://archive.ubuntu.com/ubuntu noble-updates/main amd64 liblapack3 amd64 3.12.0-3build1.1 [2646 kB]
2026-10-09T03:23:14.4091601Z Get:60 https://archive.ubuntu.com/ubuntu noble/main amd64 libasyncns0 amd64 0.8-6build4 [11.3 kB]
2026-10-09T03:23:14.4265275Z Get:61 https://archive.ubuntu.com/ubuntu noble/main amd64 libflac12t64 amd64 1.4.3+ds-2.1ubuntu2 [197 kB]
2026-10-09T03:23:14.4454014Z Get:62 https://archive.ubuntu.com/ubuntu noble-updates/main amd64 libsndfile1 amd64 1.2.2-1ubuntu5.24.04.1 [209 kB]
2026-10-09T03:23:14.4653586Z Get:63 https://archive.ubuntu.com/ubuntu noble-updates/main amd64 libpulse0 amd64 1:16.1+dfsg1-2ubuntu10.1 [292 kB]
2026-10-09T03:23:14.4921336Z Get:64 https://archive.ubuntu.com/ubuntu noble/universe amd64 libsphinxbase3t64 amd64 0.8+5prealpha+1-17build2 [126 kB]
2026-10-09T03:23:14.5728114Z Get:65 https://archive.ubuntu.com/ubuntu noble/universe amd64 libpocketsphinx3 amd64 0.8.0+real5prealpha+1-15ubuntu5 [133 kB]
2026-10-09T03:23:14.5915532Z Get:66 https://archive.ubuntu.com/ubuntu noble/universe amd64 libpostproc57 amd64 7:6.1.1-3ubuntu5 [49.9 kB]
2026-10-09T03:23:14.6094444Z Get:67 https://archive.ubuntu.com/ubuntu noble/main amd64 libsamplerate0 amd64 0.2.2-4build1 [1344 kB]
2026-10-09T03:23:14.6346400Z Get:68 https://archive.ubuntu.com/ubuntu noble/universe amd64 librubberband2 amd64 3.3.0+dfsg-2build1 [130 kB]
2026-10-09T03:23:14.6527410Z Get:69 https://archive.ubuntu.com/ubuntu noble/universe amd64 libswscale7 amd64 7:6.1.1-3ubuntu5 [193 kB]
2026-10-09T03:23:14.6711558Z Get:70 https://archive.ubuntu.com/ubuntu noble/universe amd64 libvidstab1.1 amd64 1.1.0-2build1 [38.5 kB]
2026-10-09T03:23:14.6888712Z Get:71 https://archive.ubuntu.com/ubuntu noble/universe amd64 libzimg2 amd64 3.0.5+ds1-1build1 [254 kB]
2026-10-09T03:23:14.7082140Z Get:72 https://archive.ubuntu.com/ubuntu noble/universe amd64 libavfilter9 amd64 7:6.1.1-3ubuntu5 [4235 kB]
2026-10-09T03:23:14.7507206Z Get:73 https://archive.ubuntu.com/ubuntu noble-updates/main amd64 libcaca0 amd64 0.99.beta20-4ubuntu0.2 [209 kB]
2026-10-09T03:23:14.7694349Z Get:74 https://archive.ubuntu.com/ubuntu noble-updates/main amd64 libcdio19t64 amd64 2.1.0-4.1ubuntu1.2 [62.4 kB]
2026-10-09T03:23:14.7872143Z Get:75 https://archive.ubuntu.com/ubuntu noble/main amd64 libcdio-cdda2t64 amd64 10.2+2.0.1-1.1build2 [16.5 kB]
2026-10-09T03:23:14.8046421Z Get:76 https://archive.ubuntu.com/ubuntu noble/main amd64 libcdio-paranoia2t64 amd64 10.2+2.0.1-1.1build2 [16.6 kB]
2026-10-09T03:23:14.8222357Z Get:77 https://archive.ubuntu.com/ubuntu noble/universe amd64 libdc1394-25 amd64 2.2.6-4build1 [90.1 kB]
2026-10-09T03:23:14.8422169Z Get:78 https://archive.ubuntu.com/ubuntu noble/main amd64 libiec61883-0 amd64 1.2.0-6build1 [24.5 kB]
2026-10-09T03:23:14.8601232Z Get:79 https://archive.ubuntu.com/ubuntu noble/main amd64 libjack-jackd2-0 amd64 1.9.21~dfsg-3ubuntu3 [289 kB]
2026-10-09T03:23:14.8801841Z Get:80 https://archive.ubuntu.com/ubuntu noble/universe amd64 libopenal-data all 1:1.23.1-4build1 [161 kB]
2026-10-09T03:23:14.8984894Z Get:81 https://archive.ubuntu.com/ubuntu noble/universe amd64 libsndio7.0 amd64 1.9.0-0.3build3 [29.6 kB]
2026-10-09T03:23:14.9169846Z Get:82 https://archive.ubuntu.com/ubuntu noble/universe amd64 libopenal1 amd64 1:1.23.1-4build1 [540 kB]
2026-10-09T03:23:14.9374908Z Get:83 https://archive.ubuntu.com/ubuntu noble/main amd64 libdecor-0-0 amd64 0.2.2-1build2 [16.5 kB]
2026-10-09T03:23:15.0128914Z Get:84 https://archive.ubuntu.com/ubuntu noble-updates/main amd64 libsdl2-2.0-0 amd64 2.30.0+dfsg-1ubuntu3.1 [686 kB]
2026-10-09T03:23:15.0337134Z Get:85 https://archive.ubuntu.com/ubuntu noble/main amd64 libxcb-shape0 amd64 1.15-1ubuntu2 [6100 B]
2026-10-09T03:23:15.0510786Z Get:86 https://archive.ubuntu.com/ubuntu noble/main amd64 libxv1 amd64 2:1.0.11-1.1build1 [10.7 kB]
2026-10-09T03:23:15.0686605Z Get:87 https://archive.ubuntu.com/ubuntu noble/universe amd64 libavdevice60 amd64 7:6.1.1-3ubuntu5 [82.3 kB]
2026-10-09T03:23:15.0864497Z Get:88 https://archive.ubuntu.com/ubuntu noble/universe amd64 ffmpeg amd64 7:6.1.1-3ubuntu5 [1879 kB]
2026-10-09T03:23:15.1151664Z Get:89 https://archive.ubuntu.com/ubuntu noble-updates/universe amd64 libigdgmm12 amd64 22.3.17+ds1-1ubuntu1 [145 kB]
2026-10-09T03:23:15.1339383Z Get:90 https://archive.ubuntu.com/ubuntu noble-updates/universe amd64 intel-media-va-driver amd64 24.1.0+dfsg1-1ubuntu0.2 [3163 kB]
2026-10-09T03:23:15.1697958Z Get:91 https://archive.ubuntu.com/ubuntu noble/universe amd64 libaacs0 amd64 0.11.1-2build1 [62.9 kB]
2026-10-09T03:23:15.1876533Z Get:92 https://archive.ubuntu.com/ubuntu noble/universe amd64 libbdplus0 amd64 0.2.0-3build1 [52.2 kB]
2026-10-09T03:23:15.2052167Z Get:93 https://archive.ubuntu.com/ubuntu noble/main amd64 libdecor-0-plugin-1-gtk amd64 0.2.2-1build2 [22.2 kB]
2026-10-09T03:23:15.2226749Z Get:94 https://archive.ubuntu.com/ubuntu noble-updates/main amd64 librsvg2-common amd64 2.58.0+dfsg-1ubuntu0.1 [11.8 kB]
2026-10-09T03:23:15.2398067Z Get:95 https://archive.ubuntu.com/ubuntu noble-updates/universe amd64 mesa-va-drivers amd64 25.2.8-0ubuntu0.24.04.4 [6778 B]
2026-10-09T03:23:15.2570448Z Get:96 https://archive.ubuntu.com/ubuntu noble-updates/main amd64 mesa-vdpau-drivers amd64 25.2.8-0ubuntu0.24.04.4 [23.4 kB]
2026-10-09T03:23:15.2746788Z Get:97 https://archive.ubuntu.com/ubuntu noble-updates/universe amd64 i965-va-driver amd64 2.4.1+dfsg1-1ubuntu0.2 [332 kB]
2026-10-09T03:23:15.2938992Z Get:98 https://archive.ubuntu.com/ubuntu noble-updates/universe amd64 va-driver-all amd64 2.20.0-2ubuntu0.2 [5014 B]
2026-10-09T03:23:15.3110908Z Get:99 https://archive.ubuntu.com/ubuntu noble/main amd64 vdpau-driver-all amd64 1.5-2build1 [4414 B]
2026-10-09T03:23:15.3283321Z Get:100 https://archive.ubuntu.com/ubuntu noble/universe amd64 pocketsphinx-en-us all 0.8.0+real5prealpha+1-15ubuntu5 [27.4 MB]
2026-10-09T03:23:15.8943611Z Fetched 94.1 MB in 4s (21.7 MB/s)
2026-10-09T03:23:15.9339408Z Selecting previously unselected package libva2:amd64.
2026-10-09T03:23:15.9832924Z (Reading database ... 
2026-10-09T03:23:15.9833520Z (Reading database ... 5%
2026-10-09T03:23:15.9834027Z (Reading database ... 10%
2026-10-09T03:23:15.9834465Z (Reading database ... 15%
2026-10-09T03:23:15.9834889Z (Reading database ... 20%
2026-10-09T03:23:15.9835309Z (Reading database ... 25%
2026-10-09T03:23:15.9835922Z (Reading database ... 30%
2026-10-09T03:23:15.9836482Z (Reading database ... 35%
2026-10-09T03:23:15.9836898Z (Reading database ... 40%
2026-10-09T03:23:15.9837305Z (Reading database ... 45%
2026-10-09T03:23:15.9838130Z (Reading database ... 50%
2026-10-09T03:23:16.0138316Z (Reading database ... 55%
2026-10-09T03:23:16.3433111Z (Reading database ... 60%
2026-10-09T03:23:16.6264180Z (Reading database ... 65%
2026-10-09T03:23:16.8900458Z (Reading database ... 70%
2026-10-09T03:23:17.2209690Z (Reading database ... 75%
2026-10-09T03:23:17.6091166Z (Reading database ... 80%
2026-10-09T03:23:18.4691939Z (Reading database ... 85%
2026-10-09T03:23:19.1288743Z (Reading database ... 90%
2026-10-09T03:23:19.7760370Z (Reading database ... 95%
2026-10-09T03:23:19.7761026Z (Reading database ... 100%
2026-10-09T03:23:19.7761662Z (Reading database ... 203191 files and directories currently installed.)
2026-10-09T03:23:19.7805496Z Preparing to unpack .../00-libva2_2.20.0-2ubuntu0.2_amd64.deb ...
2026-10-09T03:23:19.7851713Z Unpacking libva2:amd64 (2.20.0-2ubuntu0.2) ...
2026-10-09T03:23:19.8101783Z Selecting previously unselected package libva-drm2:amd64.
2026-10-09T03:23:19.8226134Z Preparing to unpack .../01-libva-drm2_2.20.0-2ubuntu0.2_amd64.deb ...
2026-10-09T03:23:19.8232532Z Unpacking libva-drm2:amd64 (2.20.0-2ubuntu0.2) ...
2026-10-09T03:23:19.8461059Z Selecting previously unselected package libva-x11-2:amd64.
2026-10-09T03:23:19.8586614Z Preparing to unpack .../02-libva-x11-2_2.20.0-2ubuntu0.2_amd64.deb ...
2026-10-09T03:23:19.8595777Z Unpacking libva-x11-2:amd64 (2.20.0-2ubuntu0.2) ...
2026-10-09T03:23:19.8782514Z Selecting previously unselected package libvdpau1:amd64.
2026-10-09T03:23:19.8904815Z Preparing to unpack .../03-libvdpau1_1.5-2build1_amd64.deb ...
2026-10-09T03:23:19.8911369Z Unpacking libvdpau1:amd64 (1.5-2build1) ...
2026-10-09T03:23:19.9105660Z Selecting previously unselected package libvpl2.
2026-10-09T03:23:19.9230746Z Preparing to unpack .../04-libvpl2_2023.3.0-1build1_amd64.deb ...
2026-10-09T03:23:19.9236966Z Unpacking libvpl2 (2023.3.0-1build1) ...
2026-10-09T03:23:19.9440096Z Selecting previously unselected package ocl-icd-libopencl1:amd64.
2026-10-09T03:23:19.9563913Z Preparing to unpack .../05-ocl-icd-libopencl1_2.3.2-1build1_amd64.deb ...
2026-10-09T03:23:19.9570994Z Unpacking ocl-icd-libopencl1:amd64 (2.3.2-1build1) ...
2026-10-09T03:23:19.9843437Z Selecting previously unselected package libavutil58:amd64.
2026-10-09T03:23:19.9968460Z Preparing to unpack .../06-libavutil58_7%3a6.1.1-3ubuntu5_amd64.deb ...
2026-10-09T03:23:19.9976848Z Unpacking libavutil58:amd64 (7:6.1.1-3ubuntu5) ...
2026-10-09T03:23:20.0207072Z Selecting previously unselected package libcodec2-1.2:amd64.
2026-10-09T03:23:20.0333943Z Preparing to unpack .../07-libcodec2-1.2_1.2.0-2build1_amd64.deb ...
2026-10-09T03:23:20.0341142Z Unpacking libcodec2-1.2:amd64 (1.2.0-2build1) ...
2026-10-09T03:23:20.1055094Z Selecting previously unselected package libdav1d7:amd64.
2026-10-09T03:23:20.1182293Z Preparing to unpack .../08-libdav1d7_1.4.1-1build1_amd64.deb ...
2026-10-09T03:23:20.1189160Z Unpacking libdav1d7:amd64 (1.4.1-1build1) ...
2026-10-09T03:23:20.1436822Z Selecting previously unselected package libgsm1:amd64.
2026-10-09T03:23:20.1563084Z Preparing to unpack .../09-libgsm1_1.0.22-1build1_amd64.deb ...
2026-10-09T03:23:20.1569848Z Unpacking libgsm1:amd64 (1.0.22-1build1) ...
2026-10-09T03:23:20.1768486Z Selecting previously unselected package libhwy1t64:amd64.
2026-10-09T03:23:20.1894351Z Preparing to unpack .../10-libhwy1t64_1.0.7-8.1build1_amd64.deb ...
2026-10-09T03:23:20.1900741Z Unpacking libhwy1t64:amd64 (1.0.7-8.1build1) ...
2026-10-09T03:23:20.2198863Z Selecting previously unselected package libjxl0.7:amd64.
2026-10-09T03:23:20.2325232Z Preparing to unpack .../11-libjxl0.7_0.7.0-10.2ubuntu6.1_amd64.deb ...
2026-10-09T03:23:20.2332077Z Unpacking libjxl0.7:amd64 (0.7.0-10.2ubuntu6.1) ...
2026-10-09T03:23:20.2663803Z Selecting previously unselected package libmp3lame0:amd64.
2026-10-09T03:23:20.2790395Z Preparing to unpack .../12-libmp3lame0_3.100-6build1_amd64.deb ...
2026-10-09T03:23:20.2796938Z Unpacking libmp3lame0:amd64 (3.100-6build1) ...
2026-10-09T03:23:20.3005717Z Selecting previously unselected package libopus0:amd64.
2026-10-09T03:23:20.3134294Z Preparing to unpack .../13-libopus0_1.4-1build1_amd64.deb ...
2026-10-09T03:23:20.3141143Z Unpacking libopus0:amd64 (1.4-1build1) ...
2026-10-09T03:23:20.3355831Z Selecting previously unselected package librav1e0:amd64.
2026-10-09T03:23:20.3482195Z Preparing to unpack .../14-librav1e0_0.7.1-2_amd64.deb ...
2026-10-09T03:23:20.3488656Z Unpacking librav1e0:amd64 (0.7.1-2) ...
2026-10-09T03:23:20.3806316Z Selecting previously unselected package librsvg2-2:amd64.
2026-10-09T03:23:20.3934148Z Preparing to unpack .../15-librsvg2-2_2.58.0+dfsg-1ubuntu0.1_amd64.deb ...
2026-10-09T03:23:20.3940755Z Unpacking librsvg2-2:amd64 (2.58.0+dfsg-1ubuntu0.1) ...
2026-10-09T03:23:20.4378131Z Selecting previously unselected package libshine3:amd64.
2026-10-09T03:23:20.4505740Z Preparing to unpack .../16-libshine3_3.1.1-2build1_amd64.deb ...
2026-10-09T03:23:20.4512473Z Unpacking libshine3:amd64 (3.1.1-2build1) ...
2026-10-09T03:23:20.4701348Z Selecting previously unselected package libspeex1:amd64.
2026-10-09T03:23:20.4828581Z Preparing to unpack .../17-libspeex1_1.2.1-2ubuntu2.24.04.1_amd64.deb ...
2026-10-09T03:23:20.4836753Z Unpacking libspeex1:amd64 (1.2.1-2ubuntu2.24.04.1) ...
2026-10-09T03:23:20.5037076Z Selecting previously unselected package libsvtav1enc1d1:amd64.
2026-10-09T03:23:20.5164538Z Preparing to unpack .../18-libsvtav1enc1d1_1.7.0+dfsg-2build1_amd64.deb ...
2026-10-09T03:23:20.5171580Z Unpacking libsvtav1enc1d1:amd64 (1.7.0+dfsg-2build1) ...
2026-10-09T03:23:20.5622188Z Selecting previously unselected package libsoxr0:amd64.
2026-10-09T03:23:20.5748813Z Preparing to unpack .../19-libsoxr0_0.1.3-4build3_amd64.deb ...
2026-10-09T03:23:20.5755455Z Unpacking libsoxr0:amd64 (0.1.3-4build3) ...
2026-10-09T03:23:20.5957204Z Selecting previously unselected package libswresample4:amd64.
2026-10-09T03:23:20.6081188Z Preparing to unpack .../20-libswresample4_7%3a6.1.1-3ubuntu5_amd64.deb ...
2026-10-09T03:23:20.6088309Z Unpacking libswresample4:amd64 (7:6.1.1-3ubuntu5) ...
2026-10-09T03:23:20.6289168Z Selecting previously unselected package libtheora0:amd64.
2026-10-09T03:23:20.6413408Z Preparing to unpack .../21-libtheora0_1.1.1+dfsg.1-16.1build3_amd64.deb ...
2026-10-09T03:23:20.6420253Z Unpacking libtheora0:amd64 (1.1.1+dfsg.1-16.1build3) ...
2026-10-09T03:23:20.6638577Z Selecting previously unselected package libtwolame0:amd64.
2026-10-09T03:23:20.6762256Z Preparing to unpack .../22-libtwolame0_0.4.0-2build3_amd64.deb ...
2026-10-09T03:23:20.6768029Z Unpacking libtwolame0:amd64 (0.4.0-2build3) ...
2026-10-09T03:23:20.6972810Z Selecting previously unselected package libvorbisenc2:amd64.
2026-10-09T03:23:20.7097971Z Preparing to unpack .../23-libvorbisenc2_1.3.7-1build3_amd64.deb ...
2026-10-09T03:23:20.7105593Z Unpacking libvorbisenc2:amd64 (1.3.7-1build3) ...
2026-10-09T03:23:20.7320020Z Selecting previously unselected package libvpx9:amd64.
2026-10-09T03:23:20.7446899Z Preparing to unpack .../24-libvpx9_1.14.0-1ubuntu2.3_amd64.deb ...
2026-10-09T03:23:20.7453451Z Unpacking libvpx9:amd64 (1.14.0-1ubuntu2.3) ...
2026-10-09T03:23:20.7766670Z Selecting previously unselected package libx264-164:amd64.
2026-10-09T03:23:20.7893756Z Preparing to unpack .../25-libx264-164_2%3a0.164.3108+git31e19f9-1_amd64.deb ...
2026-10-09T03:23:20.7900516Z Unpacking libx264-164:amd64 (2:0.164.3108+git31e19f9-1) ...
2026-10-09T03:23:20.8187447Z Selecting previously unselected package libx265-199:amd64.
2026-10-09T03:23:20.8313987Z Preparing to unpack .../26-libx265-199_3.5-2build1_amd64.deb ...
2026-10-09T03:23:20.8321089Z Unpacking libx265-199:amd64 (3.5-2build1) ...
2026-10-09T03:23:20.8939538Z Selecting previously unselected package libxvidcore4:amd64.
2026-10-09T03:23:20.9065654Z Preparing to unpack .../27-libxvidcore4_2%3a1.3.7-1build1_amd64.deb ...
2026-10-09T03:23:20.9072625Z Unpacking libxvidcore4:amd64 (2:1.3.7-1build1) ...
2026-10-09T03:23:20.9295598Z Selecting previously unselected package libzvbi-common.
2026-10-09T03:23:20.9422590Z Preparing to unpack .../28-libzvbi-common_0.2.42-2_all.deb ...
2026-10-09T03:23:20.9430017Z Unpacking libzvbi-common (0.2.42-2) ...
2026-10-09T03:23:20.9978871Z Selecting previously unselected package libzvbi0t64:amd64.
2026-10-09T03:23:21.0103587Z Preparing to unpack .../29-libzvbi0t64_0.2.42-2_amd64.deb ...
2026-10-09T03:23:21.0114348Z Unpacking libzvbi0t64:amd64 (0.2.42-2) ...
2026-10-09T03:23:21.0352253Z Selecting previously unselected package libavcodec60:amd64.
2026-10-09T03:23:21.0476991Z Preparing to unpack .../30-libavcodec60_7%3a6.1.1-3ubuntu5_amd64.deb ...
2026-10-09T03:23:21.0484569Z Unpacking libavcodec60:amd64 (7:6.1.1-3ubuntu5) ...
2026-10-09T03:23:21.1296896Z Selecting previously unselected package libraw1394-11:amd64.
2026-10-09T03:23:21.1422772Z Preparing to unpack .../31-libraw1394-11_2.1.2-2build3_amd64.deb ...
2026-10-09T03:23:21.1429706Z Unpacking libraw1394-11:amd64 (2.1.2-2build3) ...
2026-10-09T03:23:21.1628269Z Selecting previously unselected package libavc1394-0:amd64.
2026-10-09T03:23:21.1753756Z Preparing to unpack .../32-libavc1394-0_0.5.4-5build3_amd64.deb ...
2026-10-09T03:23:21.1761523Z Unpacking libavc1394-0:amd64 (0.5.4-5build3) ...
2026-10-09T03:23:21.1966139Z Selecting previously unselected package libunibreak5:amd64.
2026-10-09T03:23:21.2093798Z Preparing to unpack .../33-libunibreak5_5.1-2build1_amd64.deb ...
2026-10-09T03:23:21.2101606Z Unpacking libunibreak5:amd64 (5.1-2build1) ...
2026-10-09T03:23:21.2299306Z Selecting previously unselected package libass9:amd64.
2026-10-09T03:23:21.2424310Z Preparing to unpack .../34-libass9_1%3a0.17.1-2build1_amd64.deb ...
2026-10-09T03:23:21.2432162Z Unpacking libass9:amd64 (1:0.17.1-2build1) ...
2026-10-09T03:23:21.2641979Z Selecting previously unselected package libudfread0:amd64.
2026-10-09T03:23:21.2765784Z Preparing to unpack .../35-libudfread0_1.1.2-1build1_amd64.deb ...
2026-10-09T03:23:21.2772803Z Unpacking libudfread0:amd64 (1.1.2-1build1) ...
2026-10-09T03:23:21.2965121Z Selecting previously unselected package libbluray2:amd64.
2026-10-09T03:23:21.3088545Z Preparing to unpack .../36-libbluray2_1%3a1.3.4-1build1_amd64.deb ...
2026-10-09T03:23:21.3097288Z Unpacking libbluray2:amd64 (1:1.3.4-1build1) ...
2026-10-09T03:23:21.3299072Z Selecting previously unselected package libchromaprint1:amd64.
2026-10-09T03:23:21.3421384Z Preparing to unpack .../37-libchromaprint1_1.5.1-5_amd64.deb ...
2026-10-09T03:23:21.3430067Z Unpacking libchromaprint1:amd64 (1.5.1-5) ...
2026-10-09T03:23:21.3616221Z Selecting previously unselected package libgme0:amd64.
2026-10-09T03:23:21.3737911Z Preparing to unpack .../38-libgme0_0.6.3-7build1_amd64.deb ...
2026-10-09T03:23:21.3744246Z Unpacking libgme0:amd64 (0.6.3-7build1) ...
2026-10-09T03:23:21.3944647Z Selecting previously unselected package libmpg123-0t64:amd64.
2026-10-09T03:23:21.4067010Z Preparing to unpack .../39-libmpg123-0t64_1.32.5-1ubuntu1.1_amd64.deb ...
2026-10-09T03:23:21.4073304Z Unpacking libmpg123-0t64:amd64 (1.32.5-1ubuntu1.1) ...
2026-10-09T03:23:21.4276391Z Selecting previously unselected package libopenmpt0t64:amd64.
2026-10-09T03:23:21.4403223Z Preparing to unpack .../40-libopenmpt0t64_0.7.3-1.1build3_amd64.deb ...
2026-10-09T03:23:21.4409863Z Unpacking libopenmpt0t64:amd64 (0.7.3-1.1build3) ...
2026-10-09T03:23:21.4658951Z Selecting previously unselected package libcjson1:amd64.
2026-10-09T03:23:21.4780260Z Preparing to unpack .../41-libcjson1_1.7.17-1_amd64.deb ...
2026-10-09T03:23:21.4786855Z Unpacking libcjson1:amd64 (1.7.17-1) ...
2026-10-09T03:23:21.4983523Z Selecting previously unselected package libmbedcrypto7t64:amd64.
2026-10-09T03:23:21.5106071Z Preparing to unpack .../42-libmbedcrypto7t64_2.28.8-1_amd64.deb ...
2026-10-09T03:23:21.5113361Z Unpacking libmbedcrypto7t64:amd64 (2.28.8-1) ...
2026-10-09T03:23:21.5333864Z Selecting previously unselected package librist4:amd64.
2026-10-09T03:23:21.5458503Z Preparing to unpack .../43-librist4_0.2.10+dfsg-2_amd64.deb ...
2026-10-09T03:23:21.5466382Z Unpacking librist4:amd64 (0.2.10+dfsg-2) ...
2026-10-09T03:23:21.5663866Z Selecting previously unselected package libsrt1.5-gnutls:amd64.
2026-10-09T03:23:21.5788857Z Preparing to unpack .../44-libsrt1.5-gnutls_1.5.3-1build2_amd64.deb ...
2026-10-09T03:23:21.5796784Z Unpacking libsrt1.5-gnutls:amd64 (1.5.3-1build2) ...
2026-10-09T03:23:21.6024089Z Selecting previously unselected package libssh-gcrypt-4:amd64.
2026-10-09T03:23:21.6150652Z Preparing to unpack .../45-libssh-gcrypt-4_0.10.6-2ubuntu0.5_amd64.deb ...
2026-10-09T03:23:21.6158890Z Unpacking libssh-gcrypt-4:amd64 (0.10.6-2ubuntu0.5) ...
2026-10-09T03:23:21.6386398Z Selecting previously unselected package libavformat60:amd64.
2026-10-09T03:23:21.6513287Z Preparing to unpack .../46-libavformat60_7%3a6.1.1-3ubuntu5_amd64.deb ...
2026-10-09T03:23:21.6520109Z Unpacking libavformat60:amd64 (7:6.1.1-3ubuntu5) ...
2026-10-09T03:23:21.6827257Z Selecting previously unselected package libbs2b0:amd64.
2026-10-09T03:23:21.6953625Z Preparing to unpack .../47-libbs2b0_3.1.0+dfsg-7build1_amd64.deb ...
2026-10-09T03:23:21.6961624Z Unpacking libbs2b0:amd64 (3.1.0+dfsg-7build1) ...
2026-10-09T03:23:21.7176825Z Selecting previously unselected package libflite1:amd64.
2026-10-09T03:23:21.7302649Z Preparing to unpack .../48-libflite1_2.2-6build3_amd64.deb ...
2026-10-09T03:23:21.7309122Z Unpacking libflite1:amd64 (2.2-6build3) ...
2026-10-09T03:23:21.8349269Z Selecting previously unselected package libserd-0-0:amd64.
2026-10-09T03:23:21.8474734Z Preparing to unpack .../49-libserd-0-0_0.32.2-1_amd64.deb ...
2026-10-09T03:23:21.8481886Z Unpacking libserd-0-0:amd64 (0.32.2-1) ...
2026-10-09T03:23:21.8681685Z Selecting previously unselected package libzix-0-0:amd64.
2026-10-09T03:23:21.8806858Z Preparing to unpack .../50-libzix-0-0_0.4.2-2build1_amd64.deb ...
2026-10-09T03:23:21.8813564Z Unpacking libzix-0-0:amd64 (0.4.2-2build1) ...
2026-10-09T03:23:21.9011999Z Selecting previously unselected package libsord-0-0:amd64.
2026-10-09T03:23:21.9138480Z Preparing to unpack .../51-libsord-0-0_0.16.16-2build1_amd64.deb ...
2026-10-09T03:23:21.9146144Z Unpacking libsord-0-0:amd64 (0.16.16-2build1) ...
2026-10-09T03:23:21.9345200Z Selecting previously unselected package libsratom-0-0:amd64.
2026-10-09T03:23:21.9470374Z Preparing to unpack .../52-libsratom-0-0_0.6.16-1build1_amd64.deb ...
2026-10-09T03:23:21.9479305Z Unpacking libsratom-0-0:amd64 (0.6.16-1build1) ...
2026-10-09T03:23:21.9682681Z Selecting previously unselected package liblilv-0-0:amd64.
2026-10-09T03:23:21.9808094Z Preparing to unpack .../53-liblilv-0-0_0.24.22-1build1_amd64.deb ...
2026-10-09T03:23:21.9816075Z Unpacking liblilv-0-0:amd64 (0.24.22-1build1) ...
2026-10-09T03:23:22.0033792Z Selecting previously unselected package libmysofa1:amd64.
2026-10-09T03:23:22.0159521Z Preparing to unpack .../54-libmysofa1_1.3.2+dfsg-2ubuntu2_amd64.deb ...
2026-10-09T03:23:22.0166655Z Unpacking libmysofa1:amd64 (1.3.2+dfsg-2ubuntu2) ...
2026-10-09T03:23:22.0400887Z Selecting previously unselected package libplacebo338:amd64.
2026-10-09T03:23:22.0526388Z Preparing to unpack .../55-libplacebo338_6.338.2-2build1_amd64.deb ...
2026-10-09T03:23:22.0533272Z Unpacking libplacebo338:amd64 (6.338.2-2build1) ...
2026-10-09T03:23:22.1048813Z Selecting previously unselected package libblas3:amd64.
2026-10-09T03:23:22.1174909Z Preparing to unpack .../56-libblas3_3.12.0-3build1.1_amd64.deb ...
2026-10-09T03:23:22.1205678Z Unpacking libblas3:amd64 (3.12.0-3build1.1) ...
2026-10-09T03:23:22.1439508Z Selecting previously unselected package liblapack3:amd64.
2026-10-09T03:23:22.1565000Z Preparing to unpack .../57-liblapack3_3.12.0-3build1.1_amd64.deb ...
2026-10-09T03:23:22.1595798Z Unpacking liblapack3:amd64 (3.12.0-3build1.1) ...
2026-10-09T03:23:22.2079285Z Selecting previously unselected package libasyncns0:amd64.
2026-10-09T03:23:22.2203944Z Preparing to unpack .../58-libasyncns0_0.8-6build4_amd64.deb ...
2026-10-09T03:23:22.2210673Z Unpacking libasyncns0:amd64 (0.8-6build4) ...
2026-10-09T03:23:22.2421133Z Selecting previously unselected package libflac12t64:amd64.
2026-10-09T03:23:22.2544432Z Preparing to unpack .../59-libflac12t64_1.4.3+ds-2.1ubuntu2_amd64.deb ...
2026-10-09T03:23:22.2554880Z Unpacking libflac12t64:amd64 (1.4.3+ds-2.1ubuntu2) ...
2026-10-09T03:23:22.2768266Z Selecting previously unselected package libsndfile1:amd64.
2026-10-09T03:23:22.2892011Z Preparing to unpack .../60-libsndfile1_1.2.2-1ubuntu5.24.04.1_amd64.deb ...
2026-10-09T03:23:22.2899137Z Unpacking libsndfile1:amd64 (1.2.2-1ubuntu5.24.04.1) ...
2026-10-09T03:23:22.3131651Z Selecting previously unselected package libpulse0:amd64.
2026-10-09T03:23:22.3256019Z Preparing to unpack .../61-libpulse0_1%3a16.1+dfsg1-2ubuntu10.1_amd64.deb ...
2026-10-09T03:23:22.3320976Z Unpacking libpulse0:amd64 (1:16.1+dfsg1-2ubuntu10.1) ...
2026-10-09T03:23:22.3559156Z Selecting previously unselected package libsphinxbase3t64:amd64.
2026-10-09T03:23:22.3683070Z Preparing to unpack .../62-libsphinxbase3t64_0.8+5prealpha+1-17build2_amd64.deb ...
2026-10-09T03:23:22.3692793Z Unpacking libsphinxbase3t64:amd64 (0.8+5prealpha+1-17build2) ...
2026-10-09T03:23:22.3897409Z Selecting previously unselected package libpocketsphinx3:amd64.
2026-10-09T03:23:22.4021138Z Preparing to unpack .../63-libpocketsphinx3_0.8.0+real5prealpha+1-15ubuntu5_amd64.deb ...
2026-10-09T03:23:22.4027786Z Unpacking libpocketsphinx3:amd64 (0.8.0+real5prealpha+1-15ubuntu5) ...
2026-10-09T03:23:22.4228655Z Selecting previously unselected package libpostproc57:amd64.
2026-10-09T03:23:22.4351672Z Preparing to unpack .../64-libpostproc57_7%3a6.1.1-3ubuntu5_amd64.deb ...
2026-10-09T03:23:22.4359393Z Unpacking libpostproc57:amd64 (7:6.1.1-3ubuntu5) ...
2026-10-09T03:23:22.4562502Z Selecting previously unselected package libsamplerate0:amd64.
2026-10-09T03:23:22.4688064Z Preparing to unpack .../65-libsamplerate0_0.2.2-4build1_amd64.deb ...
2026-10-09T03:23:22.4694731Z Unpacking libsamplerate0:amd64 (0.2.2-4build1) ...
2026-10-09T03:23:22.4948591Z Selecting previously unselected package librubberband2:amd64.
2026-10-09T03:23:22.5075144Z Preparing to unpack .../66-librubberband2_3.3.0+dfsg-2build1_amd64.deb ...
2026-10-09T03:23:22.5082290Z Unpacking librubberband2:amd64 (3.3.0+dfsg-2build1) ...
2026-10-09T03:23:22.5295193Z Selecting previously unselected package libswscale7:amd64.
2026-10-09T03:23:22.5420340Z Preparing to unpack .../67-libswscale7_7%3a6.1.1-3ubuntu5_amd64.deb ...
2026-10-09T03:23:22.5427389Z Unpacking libswscale7:amd64 (7:6.1.1-3ubuntu5) ...
2026-10-09T03:23:22.5650208Z Selecting previously unselected package libvidstab1.1:amd64.
2026-10-09T03:23:22.5777374Z Preparing to unpack .../68-libvidstab1.1_1.1.0-2build1_amd64.deb ...
2026-10-09T03:23:22.5784142Z Unpacking libvidstab1.1:amd64 (1.1.0-2build1) ...
2026-10-09T03:23:22.5980444Z Selecting previously unselected package libzimg2:amd64.
2026-10-09T03:23:22.6108094Z Preparing to unpack .../69-libzimg2_3.0.5+ds1-1build1_amd64.deb ...
2026-10-09T03:23:22.6115947Z Unpacking libzimg2:amd64 (3.0.5+ds1-1build1) ...
2026-10-09T03:23:22.6344920Z Selecting previously unselected package libavfilter9:amd64.
2026-10-09T03:23:22.6472205Z Preparing to unpack .../70-libavfilter9_7%3a6.1.1-3ubuntu5_amd64.deb ...
2026-10-09T03:23:22.6479771Z Unpacking libavfilter9:amd64 (7:6.1.1-3ubuntu5) ...
2026-10-09T03:23:22.7140385Z Selecting previously unselected package libcaca0:amd64.
2026-10-09T03:23:22.7268540Z Preparing to unpack .../71-libcaca0_0.99.beta20-4ubuntu0.2_amd64.deb ...
2026-10-09T03:23:22.7275467Z Unpacking libcaca0:amd64 (0.99.beta20-4ubuntu0.2) ...
2026-10-09T03:23:22.7511022Z Selecting previously unselected package libcdio19t64:amd64.
2026-10-09T03:23:22.7638004Z Preparing to unpack .../72-libcdio19t64_2.1.0-4.1ubuntu1.2_amd64.deb ...
2026-10-09T03:23:22.7646414Z Unpacking libcdio19t64:amd64 (2.1.0-4.1ubuntu1.2) ...
2026-10-09T03:23:22.7847935Z Selecting previously unselected package libcdio-cdda2t64:amd64.
2026-10-09T03:23:22.7976664Z Preparing to unpack .../73-libcdio-cdda2t64_10.2+2.0.1-1.1build2_amd64.deb ...
2026-10-09T03:23:22.7983592Z Unpacking libcdio-cdda2t64:amd64 (10.2+2.0.1-1.1build2) ...
2026-10-09T03:23:22.8178042Z Selecting previously unselected package libcdio-paranoia2t64:amd64.
2026-10-09T03:23:22.8302680Z Preparing to unpack .../74-libcdio-paranoia2t64_10.2+2.0.1-1.1build2_amd64.deb ...
2026-10-09T03:23:22.8309274Z Unpacking libcdio-paranoia2t64:amd64 (10.2+2.0.1-1.1build2) ...
2026-10-09T03:23:22.8503791Z Selecting previously unselected package libdc1394-25:amd64.
2026-10-09T03:23:22.8626977Z Preparing to unpack .../75-libdc1394-25_2.2.6-4build1_amd64.deb ...
2026-10-09T03:23:22.8635408Z Unpacking libdc1394-25:amd64 (2.2.6-4build1) ...
2026-10-09T03:23:22.8842644Z Selecting previously unselected package libiec61883-0:amd64.
2026-10-09T03:23:22.8965592Z Preparing to unpack .../76-libiec61883-0_1.2.0-6build1_amd64.deb ...
2026-10-09T03:23:22.8972588Z Unpacking libiec61883-0:amd64 (1.2.0-6build1) ...
2026-10-09T03:23:22.9179472Z Selecting previously unselected package libjack-jackd2-0:amd64.
2026-10-09T03:23:22.9303777Z Preparing to unpack .../77-libjack-jackd2-0_1.9.21~dfsg-3ubuntu3_amd64.deb ...
2026-10-09T03:23:22.9310815Z Unpacking libjack-jackd2-0:amd64 (1.9.21~dfsg-3ubuntu3) ...
2026-10-09T03:23:22.9538958Z Selecting previously unselected package libopenal-data.
2026-10-09T03:23:22.9660982Z Preparing to unpack .../78-libopenal-data_1%3a1.23.1-4build1_all.deb ...
2026-10-09T03:23:22.9667864Z Unpacking libopenal-data (1:1.23.1-4build1) ...
2026-10-09T03:23:22.9883754Z Selecting previously unselected package libsndio7.0:amd64.
2026-10-09T03:23:23.0007021Z Preparing to unpack .../79-libsndio7.0_1.9.0-0.3build3_amd64.deb ...
2026-10-09T03:23:23.0013875Z Unpacking libsndio7.0:amd64 (1.9.0-0.3build3) ...
2026-10-09T03:23:23.0208321Z Selecting previously unselected package libopenal1:amd64.
2026-10-09T03:23:23.0331566Z Preparing to unpack .../80-libopenal1_1%3a1.23.1-4build1_amd64.deb ...
2026-10-09T03:23:23.0338454Z Unpacking libopenal1:amd64 (1:1.23.1-4build1) ...
2026-10-09T03:23:23.0584850Z Selecting previously unselected package libdecor-0-0:amd64.
2026-10-09T03:23:23.0712372Z Preparing to unpack .../81-libdecor-0-0_0.2.2-1build2_amd64.deb ...
2026-10-09T03:23:23.0719932Z Unpacking libdecor-0-0:amd64 (0.2.2-1build2) ...
2026-10-09T03:23:23.0923230Z Selecting previously unselected package libsdl2-2.0-0:amd64.
2026-10-09T03:23:23.1050070Z Preparing to unpack .../82-libsdl2-2.0-0_2.30.0+dfsg-1ubuntu3.1_amd64.deb ...
2026-10-09T03:23:23.1057038Z Unpacking libsdl2-2.0-0:amd64 (2.30.0+dfsg-1ubuntu3.1) ...
2026-10-09T03:23:23.1607029Z Selecting previously unselected package libxcb-shape0:amd64.
2026-10-09T03:23:23.1736323Z Preparing to unpack .../83-libxcb-shape0_1.15-1ubuntu2_amd64.deb ...
2026-10-09T03:23:23.1744585Z Unpacking libxcb-shape0:amd64 (1.15-1ubuntu2) ...
2026-10-09T03:23:23.1936599Z Selecting previously unselected package libxv1:amd64.
2026-10-09T03:23:23.2063795Z Preparing to unpack .../84-libxv1_2%3a1.0.11-1.1build1_amd64.deb ...
2026-10-09T03:23:23.2070305Z Unpacking libxv1:amd64 (2:1.0.11-1.1build1) ...
2026-10-09T03:23:23.2259905Z Selecting previously unselected package libavdevice60:amd64.
2026-10-09T03:23:23.2385023Z Preparing to unpack .../85-libavdevice60_7%3a6.1.1-3ubuntu5_amd64.deb ...
2026-10-09T03:23:23.2397005Z Unpacking libavdevice60:amd64 (7:6.1.1-3ubuntu5) ...
2026-10-09T03:23:23.2588201Z Selecting previously unselected package ffmpeg.
2026-10-09T03:23:23.2713353Z Preparing to unpack .../86-ffmpeg_7%3a6.1.1-3ubuntu5_amd64.deb ...
2026-10-09T03:23:23.2719695Z Unpacking ffmpeg (7:6.1.1-3ubuntu5) ...
2026-10-09T03:23:23.3266657Z Selecting previously unselected package libigdgmm12:amd64.
2026-10-09T03:23:23.3394865Z Preparing to unpack .../87-libigdgmm12_22.3.17+ds1-1ubuntu1_amd64.deb ...
2026-10-09T03:23:23.3402709Z Unpacking libigdgmm12:amd64 (22.3.17+ds1-1ubuntu1) ...
2026-10-09T03:23:23.3628358Z Selecting previously unselected package intel-media-va-driver:amd64.
2026-10-09T03:23:23.3757012Z Preparing to unpack .../88-intel-media-va-driver_24.1.0+dfsg1-1ubuntu0.2_amd64.deb ...
2026-10-09T03:23:23.3763281Z Unpacking intel-media-va-driver:amd64 (24.1.0+dfsg1-1ubuntu0.2) ...
2026-10-09T03:23:23.4469705Z Selecting previously unselected package libaacs0:amd64.
2026-10-09T03:23:23.4598960Z Preparing to unpack .../89-libaacs0_0.11.1-2build1_amd64.deb ...
2026-10-09T03:23:23.4625533Z Unpacking libaacs0:amd64 (0.11.1-2build1) ...
2026-10-09T03:23:23.4841108Z Selecting previously unselected package libbdplus0:amd64.
2026-10-09T03:23:23.4969395Z Preparing to unpack .../90-libbdplus0_0.2.0-3build1_amd64.deb ...
2026-10-09T03:23:23.4977446Z Unpacking libbdplus0:amd64 (0.2.0-3build1) ...
2026-10-09T03:23:23.5178773Z Selecting previously unselected package libdecor-0-plugin-1-gtk:amd64.
2026-10-09T03:23:23.5309228Z Preparing to unpack .../91-libdecor-0-plugin-1-gtk_0.2.2-1build2_amd64.deb ...
2026-10-09T03:23:23.5315904Z Unpacking libdecor-0-plugin-1-gtk:amd64 (0.2.2-1build2) ...
2026-10-09T03:23:23.5517963Z Selecting previously unselected package librsvg2-common:amd64.
2026-10-09T03:23:23.5646274Z Preparing to unpack .../92-librsvg2-common_2.58.0+dfsg-1ubuntu0.1_amd64.deb ...
2026-10-09T03:23:23.5658567Z Unpacking librsvg2-common:amd64 (2.58.0+dfsg-1ubuntu0.1) ...
2026-10-09T03:23:23.5948760Z Selecting previously unselected package mesa-va-drivers:amd64.
2026-10-09T03:23:23.6076113Z Preparing to unpack .../93-mesa-va-drivers_25.2.8-0ubuntu0.24.04.4_amd64.deb ...
2026-10-09T03:23:23.6085149Z Unpacking mesa-va-drivers:amd64 (25.2.8-0ubuntu0.24.04.4) ...
2026-10-09T03:23:23.6315727Z Selecting previously unselected package mesa-vdpau-drivers:amd64.
2026-10-09T03:23:23.6441510Z Preparing to unpack .../94-mesa-vdpau-drivers_25.2.8-0ubuntu0.24.04.4_amd64.deb ...
2026-10-09T03:23:23.6448643Z Unpacking mesa-vdpau-drivers:amd64 (25.2.8-0ubuntu0.24.04.4) ...
2026-10-09T03:23:23.6646731Z Selecting previously unselected package i965-va-driver:amd64.
2026-10-09T03:23:23.6771274Z Preparing to unpack .../95-i965-va-driver_2.4.1+dfsg1-1ubuntu0.2_amd64.deb ...
2026-10-09T03:23:23.6778239Z Unpacking i965-va-driver:amd64 (2.4.1+dfsg1-1ubuntu0.2) ...
2026-10-09T03:23:23.7016763Z Selecting previously unselected package va-driver-all:amd64.
2026-10-09T03:23:23.7141328Z Preparing to unpack .../96-va-driver-all_2.20.0-2ubuntu0.2_amd64.deb ...
2026-10-09T03:23:23.7149188Z Unpacking va-driver-all:amd64 (2.20.0-2ubuntu0.2) ...
2026-10-09T03:23:23.7328828Z Selecting previously unselected package vdpau-driver-all:amd64.
2026-10-09T03:23:23.7452037Z Preparing to unpack .../97-vdpau-driver-all_1.5-2build1_amd64.deb ...
2026-10-09T03:23:23.7459569Z Unpacking vdpau-driver-all:amd64 (1.5-2build1) ...
2026-10-09T03:23:23.7641580Z Selecting previously unselected package pocketsphinx-en-us.
2026-10-09T03:23:23.7762322Z Preparing to unpack .../98-pocketsphinx-en-us_0.8.0+real5prealpha+1-15ubuntu5_all.deb ...
2026-10-09T03:23:23.7768884Z Unpacking pocketsphinx-en-us (0.8.0+real5prealpha+1-15ubuntu5) ...
2026-10-09T03:23:23.9690114Z Setting up libgme0:amd64 (0.6.3-7build1) ...
2026-10-09T03:23:23.9709627Z Setting up libchromaprint1:amd64 (1.5.1-5) ...
2026-10-09T03:23:23.9726605Z Setting up libssh-gcrypt-4:amd64 (0.10.6-2ubuntu0.5) ...
2026-10-09T03:23:23.9741612Z Setting up libhwy1t64:amd64 (1.0.7-8.1build1) ...
2026-10-09T03:23:23.9759848Z Setting up libudfread0:amd64 (1.1.2-1build1) ...
2026-10-09T03:23:23.9776674Z Setting up libraw1394-11:amd64 (2.1.2-2build3) ...
2026-10-09T03:23:23.9792848Z Setting up libspeex1:amd64 (1.2.1-2ubuntu2.24.04.1) ...
2026-10-09T03:23:23.9811331Z Setting up libshine3:amd64 (3.1.1-2build1) ...
2026-10-09T03:23:23.9830565Z Setting up libcaca0:amd64 (0.99.beta20-4ubuntu0.2) ...
2026-10-09T03:23:23.9848807Z Setting up libvpl2 (2023.3.0-1build1) ...
2026-10-09T03:23:23.9868251Z Setting up libx264-164:amd64 (2:0.164.3108+git31e19f9-1) ...
2026-10-09T03:23:23.9944709Z Setting up libtwolame0:amd64 (0.4.0-2build3) ...
2026-10-09T03:23:23.9945643Z Setting up libmbedcrypto7t64:amd64 (2.28.8-1) ...
2026-10-09T03:23:23.9946745Z Setting up libgsm1:amd64 (1.0.22-1build1) ...
2026-10-09T03:23:23.9947987Z Setting up libsoxr0:amd64 (0.1.3-4build3) ...
2026-10-09T03:23:23.9958398Z Setting up libzix-0-0:amd64 (0.4.2-2build1) ...
2026-10-09T03:23:23.9977006Z Setting up libcodec2-1.2:amd64 (1.2.0-2build1) ...
2026-10-09T03:23:23.9993543Z Setting up libmysofa1:amd64 (1.3.2+dfsg-2ubuntu2) ...
2026-10-09T03:23:24.0010978Z Setting up libxcb-shape0:amd64 (1.15-1ubuntu2) ...
2026-10-09T03:23:24.0029134Z Setting up libcdio19t64:amd64 (2.1.0-4.1ubuntu1.2) ...
2026-10-09T03:23:24.0046540Z Setting up libsvtav1enc1d1:amd64 (1.7.0+dfsg-2build1) ...
2026-10-09T03:23:24.0067436Z Setting up libigdgmm12:amd64 (22.3.17+ds1-1ubuntu1) ...
2026-10-09T03:23:24.0085263Z Setting up libmpg123-0t64:amd64 (1.32.5-1ubuntu1.1) ...
2026-10-09T03:23:24.0101698Z Setting up libcjson1:amd64 (1.7.17-1) ...
2026-10-09T03:23:24.0122476Z Setting up libxvidcore4:amd64 (2:1.3.7-1build1) ...
2026-10-09T03:23:24.0160047Z Setting up librav1e0:amd64 (0.7.1-2) ...
2026-10-09T03:23:24.0177846Z Setting up libcdio-cdda2t64:amd64 (10.2+2.0.1-1.1build2) ...
2026-10-09T03:23:24.0196411Z Setting up librist4:amd64 (0.2.10+dfsg-2) ...
2026-10-09T03:23:24.0213996Z Setting up librsvg2-2:amd64 (2.58.0+dfsg-1ubuntu0.1) ...
2026-10-09T03:23:24.0234324Z Setting up libblas3:amd64 (3.12.0-3build1.1) ...
2026-10-09T03:23:24.0294745Z update-alternatives: using /usr/lib/x86_64-linux-gnu/blas/libblas.so.3 to provide /usr/lib/x86_64-linux-gnu/libblas.so.3 (libblas.so.3-x86_64-linux-gnu) in auto mode
2026-10-09T03:23:24.0310208Z Setting up libplacebo338:amd64 (6.338.2-2build1) ...
2026-10-09T03:23:24.0329380Z Setting up libva2:amd64 (2.20.0-2ubuntu0.2) ...
2026-10-09T03:23:24.0347053Z Setting up libopus0:amd64 (1.4-1build1) ...
2026-10-09T03:23:24.0363659Z Setting up libcdio-paranoia2t64:amd64 (10.2+2.0.1-1.1build2) ...
2026-10-09T03:23:24.0383411Z Setting up libdc1394-25:amd64 (2.2.6-4build1) ...
2026-10-09T03:23:24.0400469Z Setting up intel-media-va-driver:amd64 (24.1.0+dfsg1-1ubuntu0.2) ...
2026-10-09T03:23:24.0418961Z Setting up libxv1:amd64 (2:1.0.11-1.1build1) ...
2026-10-09T03:23:24.0435756Z Setting up libunibreak5:amd64 (5.1-2build1) ...
2026-10-09T03:23:24.0457925Z Setting up libaacs0:amd64 (0.11.1-2build1) ...
2026-10-09T03:23:24.0475554Z Setting up libjxl0.7:amd64 (0.7.0-10.2ubuntu6.1) ...
2026-10-09T03:23:24.0493559Z Setting up librsvg2-common:amd64 (2.58.0+dfsg-1ubuntu0.1) ...
2026-10-09T03:23:24.0595183Z Setting up pocketsphinx-en-us (0.8.0+real5prealpha+1-15ubuntu5) ...
2026-10-09T03:23:24.0618080Z Setting up libx265-199:amd64 (3.5-2build1) ...
2026-10-09T03:23:24.0644392Z Setting up libsndio7.0:amd64 (1.9.0-0.3build3) ...
2026-10-09T03:23:24.0666176Z Setting up libbdplus0:amd64 (0.2.0-3build1) ...
2026-10-09T03:23:24.0684354Z Setting up libvidstab1.1:amd64 (1.1.0-2build1) ...
2026-10-09T03:23:24.0704134Z Setting up libvpx9:amd64 (1.14.0-1ubuntu2.3) ...
2026-10-09T03:23:24.0721921Z Setting up libsrt1.5-gnutls:amd64 (1.5.3-1build2) ...
2026-10-09T03:23:24.0742161Z Setting up libflite1:amd64 (2.2-6build3) ...
2026-10-09T03:23:24.0761148Z Setting up libdav1d7:amd64 (1.4.1-1build1) ...
2026-10-09T03:23:24.0783446Z Setting up libva-drm2:amd64 (2.20.0-2ubuntu0.2) ...
2026-10-09T03:23:24.0808457Z Setting up ocl-icd-libopencl1:amd64 (2.3.2-1build1) ...
2026-10-09T03:23:24.0828407Z Setting up libasyncns0:amd64 (0.8-6build4) ...
2026-10-09T03:23:24.0849120Z Setting up libvdpau1:amd64 (1.5-2build1) ...
2026-10-09T03:23:24.0874502Z Setting up libbs2b0:amd64 (3.1.0+dfsg-7build1) ...
2026-10-09T03:23:24.0893040Z Setting up libtheora0:amd64 (1.1.1+dfsg.1-16.1build3) ...
2026-10-09T03:23:24.0915494Z Setting up libdecor-0-0:amd64 (0.2.2-1build2) ...
2026-10-09T03:23:24.0939187Z Setting up libzimg2:amd64 (3.0.5+ds1-1build1) ...
2026-10-09T03:23:24.0961554Z Setting up libopenal-data (1:1.23.1-4build1) ...
2026-10-09T03:23:24.0986351Z Setting up libflac12t64:amd64 (1.4.3+ds-2.1ubuntu2) ...
2026-10-09T03:23:24.1007351Z Setting up mesa-va-drivers:amd64 (25.2.8-0ubuntu0.24.04.4) ...
2026-10-09T03:23:24.1025699Z Setting up libbluray2:amd64 (1:1.3.4-1build1) ...
2026-10-09T03:23:24.1043789Z Setting up libsamplerate0:amd64 (0.2.2-4build1) ...
2026-10-09T03:23:24.1065706Z Setting up libva-x11-2:amd64 (2.20.0-2ubuntu0.2) ...
2026-10-09T03:23:24.1085618Z Setting up libdecor-0-plugin-1-gtk:amd64 (0.2.2-1build2) ...
2026-10-09T03:23:24.1106801Z Setting up libopenmpt0t64:amd64 (0.7.3-1.1build3) ...
2026-10-09T03:23:24.1124671Z Setting up libzvbi-common (0.2.42-2) ...
2026-10-09T03:23:24.1142891Z Setting up libmp3lame0:amd64 (3.100-6build1) ...
2026-10-09T03:23:24.1163442Z Setting up i965-va-driver:amd64 (2.4.1+dfsg1-1ubuntu0.2) ...
2026-10-09T03:23:24.1181772Z Setting up libvorbisenc2:amd64 (1.3.7-1build3) ...
2026-10-09T03:23:24.1200088Z Setting up libiec61883-0:amd64 (1.2.0-6build1) ...
2026-10-09T03:23:24.1219068Z Setting up libserd-0-0:amd64 (0.32.2-1) ...
2026-10-09T03:23:24.1260668Z Setting up libavc1394-0:amd64 (0.5.4-5build3) ...
2026-10-09T03:23:24.1281708Z Setting up mesa-vdpau-drivers:amd64 (25.2.8-0ubuntu0.24.04.4) ...
2026-10-09T03:23:24.1300188Z Setting up liblapack3:amd64 (3.12.0-3build1.1) ...
2026-10-09T03:23:24.1362156Z update-alternatives: using /usr/lib/x86_64-linux-gnu/lapack/liblapack.so.3 to provide /usr/lib/x86_64-linux-gnu/liblapack.so.3 (liblapack.so.3-x86_64-linux-gnu) in auto mode
2026-10-09T03:23:24.1379247Z Setting up libzvbi0t64:amd64 (0.2.42-2) ...
2026-10-09T03:23:24.1399375Z Setting up libavutil58:amd64 (7:6.1.1-3ubuntu5) ...
2026-10-09T03:23:24.1417716Z Setting up libopenal1:amd64 (1:1.23.1-4build1) ...
2026-10-09T03:23:24.1438008Z Setting up libass9:amd64 (1:0.17.1-2build1) ...
2026-10-09T03:23:24.1457407Z Setting up libswresample4:amd64 (7:6.1.1-3ubuntu5) ...
2026-10-09T03:23:24.1477776Z Setting up va-driver-all:amd64 (2.20.0-2ubuntu0.2) ...
2026-10-09T03:23:24.1497532Z Setting up libavcodec60:amd64 (7:6.1.1-3ubuntu5) ...
2026-10-09T03:23:24.1515602Z Setting up librubberband2:amd64 (3.3.0+dfsg-2build1) ...
2026-10-09T03:23:24.1763103Z Setting up libjack-jackd2-0:amd64 (1.9.21~dfsg-3ubuntu3) ...
2026-10-09T03:23:24.1782668Z Setting up vdpau-driver-all:amd64 (1.5-2build1) ...
2026-10-09T03:23:24.1802150Z Setting up libsord-0-0:amd64 (0.16.16-2build1) ...
2026-10-09T03:23:24.1820039Z Setting up libpostproc57:amd64 (7:6.1.1-3ubuntu5) ...
2026-10-09T03:23:24.1836960Z Setting up libsratom-0-0:amd64 (0.6.16-1build1) ...
2026-10-09T03:23:24.1856530Z Setting up libsndfile1:amd64 (1.2.2-1ubuntu5.24.04.1) ...
2026-10-09T03:23:24.1874685Z Setting up liblilv-0-0:amd64 (0.24.22-1build1) ...
2026-10-09T03:23:24.1892063Z Setting up libswscale7:amd64 (7:6.1.1-3ubuntu5) ...
2026-10-09T03:23:24.1910256Z Setting up libpulse0:amd64 (1:16.1+dfsg1-2ubuntu10.1) ...
2026-10-09T03:23:24.1980348Z Setting up libavformat60:amd64 (7:6.1.1-3ubuntu5) ...
2026-10-09T03:23:24.1998201Z Setting up libsphinxbase3t64:amd64 (0.8+5prealpha+1-17build2) ...
2026-10-09T03:23:24.2016202Z Setting up libsdl2-2.0-0:amd64 (2.30.0+dfsg-1ubuntu3.1) ...
2026-10-09T03:23:24.2035417Z Setting up libpocketsphinx3:amd64 (0.8.0+real5prealpha+1-15ubuntu5) ...
2026-10-09T03:23:24.2054631Z Setting up libavfilter9:amd64 (7:6.1.1-3ubuntu5) ...
2026-10-09T03:23:24.2073297Z Setting up libavdevice60:amd64 (7:6.1.1-3ubuntu5) ...
2026-10-09T03:23:24.2091713Z Setting up ffmpeg (7:6.1.1-3ubuntu5) ...
2026-10-09T03:23:24.2112571Z Processing triggers for man-db (2.12.0-4build2) ...
2026-10-09T03:23:24.2131401Z Not building database; man-db/auto-update is not 'true'.
2026-10-09T03:23:24.2144310Z Processing triggers for libgdk-pixbuf-2.0-0:amd64 (2.42.10+dfsg-3ubuntu3.3) ...
2026-10-09T03:23:24.4915798Z Processing triggers for libc-bin (2.39-0ubuntu8.9) ...
2026-10-09T03:23:25.7582212Z 
2026-10-09T03:23:25.7582959Z Running kernel seems to be up-to-date.
2026-10-09T03:23:25.7583727Z 
2026-10-09T03:23:25.7583998Z No services need to be restarted.
2026-10-09T03:23:25.7584303Z 
2026-10-09T03:23:25.7584561Z No containers need to be restarted.
2026-10-09T03:23:25.7584872Z 
2026-10-09T03:23:25.7585177Z No user sessions are running outdated binaries.
2026-10-09T03:23:25.7585529Z 
2026-10-09T03:23:25.7585986Z No VM guests are running outdated hypervisor (qemu) binaries on this host.
2026-10-09T03:23:27.0287865Z ffprobe version 6.1.1-3ubuntu5 Copyright (c) 2007-2023 the FFmpeg developers
2026-10-09T03:23:27.0288768Z built with gcc 13 (Ubuntu 13.2.0-23ubuntu3)
2026-10-09T03:23:27.0296372Z configuration: --prefix=/usr --extra-version=3ubuntu5 --toolchain=hardened --libdir=/usr/lib/x86_64-linux-gnu --incdir=/usr/include/x86_64-linux-gnu --arch=amd64 --enable-gpl --disable-stripping --disable-omx --enable-gnutls --enable-libaom --enable-libass --enable-libbs2b --enable-libcaca --enable-libcdio --enable-libcodec2 --enable-libdav1d --enable-libflite --enable-libfontconfig --enable-libfreetype --enable-libfribidi --enable-libglslang --enable-libgme --enable-libgsm --enable-libharfbuzz --enable-libmp3lame --enable-libmysofa --enable-libopenjpeg --enable-libopenmpt --enable-libopus --enable-librubberband --enable-libshine --enable-libsnappy --enable-libsoxr --enable-libspeex --enable-libtheora --enable-libtwolame --enable-libvidstab --enable-libvorbis --enable-libvpx --enable-libwebp --enable-libx265 --enable-libxml2 --enable-libxvid --enable-libzimg --enable-openal --enable-opencl --enable-opengl --disable-sndio --enable-libvpl --disable-libmfx --enable-libdc1394 --enable-libdrm --enable-libiec61883 --enable-chromaprint --enable-frei0r --enable-ladspa --enable-libbluray --enable-libjack --enable-libpulse --enable-librabbitmq --enable-librist --enable-libsrt --enable-libssh --enable-libsvtav1 --enable-libx264 --enable-libzmq --enable-libzvbi --enable-lv2 --enable-sdl2 --enable-libplacebo --enable-librav1e --enable-pocketsphinx --enable-librsvg --enable-libjxl --enable-shared
2026-10-09T03:23:27.0302389Z libavutil      58. 29.100 / 58. 29.100
2026-10-09T03:23:27.0302708Z libavcodec     60. 31.102 / 60. 31.102
2026-10-09T03:23:27.0303020Z libavformat    60. 16.100 / 60. 16.100
2026-10-09T03:23:27.0303317Z libavdevice    60.  3.100 / 60.  3.100
2026-10-09T03:23:27.0303616Z libavfilter     9. 12.100 /  9. 12.100
2026-10-09T03:23:27.0303919Z libswscale      7.  5.100 /  7.  5.100
2026-10-09T03:23:27.0304218Z libswresample   4. 12.100 /  4. 12.100
2026-10-09T03:23:27.0304519Z libpostproc    57.  3.100 / 57.  3.100
2026-10-09T03:23:27.0780398Z ffmpeg version 6.1.1-3ubuntu5 Copyright (c) 2000-2023 the FFmpeg developers
2026-10-09T03:23:27.0781272Z built with gcc 13 (Ubuntu 13.2.0-23ubuntu3)
2026-10-09T03:23:27.0793272Z configuration: --prefix=/usr --extra-version=3ubuntu5 --toolchain=hardened --libdir=/usr/lib/x86_64-linux-gnu --incdir=/usr/include/x86_64-linux-gnu --arch=amd64 --enable-gpl --disable-stripping --disable-omx --enable-gnutls --enable-libaom --enable-libass --enable-libbs2b --enable-libcaca --enable-libcdio --enable-libcodec2 --enable-libdav1d --enable-libflite --enable-libfontconfig --enable-libfreetype --enable-libfribidi --enable-libglslang --enable-libgme --enable-libgsm --enable-libharfbuzz --enable-libmp3lame --enable-libmysofa --enable-libopenjpeg --enable-libopenmpt --enable-libopus --enable-librubberband --enable-libshine --enable-libsnappy --enable-libsoxr --enable-libspeex --enable-libtheora --enable-libtwolame --enable-libvidstab --enable-libvorbis --enable-libvpx --enable-libwebp --enable-libx265 --enable-libxml2 --enable-libxvid --enable-libzimg --enable-openal --enable-opencl --enable-opengl --disable-sndio --enable-libvpl --disable-libmfx --enable-libdc1394 --enable-libdrm --enable-libiec61883 --enable-chromaprint --enable-frei0r --enable-ladspa --enable-libbluray --enable-libjack --enable-libpulse --enable-librabbitmq --enable-librist --enable-libsrt --enable-libssh --enable-libsvtav1 --enable-libx264 --enable-libzmq --enable-libzvbi --enable-lv2 --enable-sdl2 --enable-libplacebo --enable-librav1e --enable-pocketsphinx --enable-librsvg --enable-libjxl --enable-shared
2026-10-09T03:23:27.0802873Z libavutil      58. 29.100 / 58. 29.100
2026-10-09T03:23:27.0803413Z libavcodec     60. 31.102 / 60. 31.102
2026-10-09T03:23:27.0803949Z libavformat    60. 16.100 / 60. 16.100
2026-10-09T03:23:27.0804488Z libavdevice    60.  3.100 / 60.  3.100
2026-10-09T03:23:27.0805020Z libavfilter     9. 12.100 /  9. 12.100
2026-10-09T03:23:27.0805548Z libswscale      7.  5.100 /  7.  5.100
2026-10-09T03:23:27.0806089Z libswresample   4. 12.100 /  4. 12.100
2026-10-09T03:23:27.0806638Z libpostproc    57.  3.100 / 57.  3.100
2026-10-09T03:23:27.0852103Z ##[group]Run node --version
2026-10-09T03:23:27.0852418Z [36;1mnode --version[0m
2026-10-09T03:23:27.0852660Z [36;1mnproc[0m
2026-10-09T03:23:27.0852911Z [36;1mawk '/MemTotal/ { print }' /proc/meminfo[0m
2026-10-09T03:23:27.0853221Z [36;1mdf -Pk .[0m
2026-10-09T03:23:27.0916299Z shell: /usr/bin/bash -e {0}
2026-10-09T03:23:27.0916573Z env:
2026-10-09T03:23:27.0916852Z   G10_SOURCE_COMMIT: dd226a660c95f81372582d2ca3ea174bb51c6ada
2026-10-09T03:23:27.0917192Z ##[endgroup]
2026-10-09T03:23:27.1027914Z v22.16.0
2026-10-09T03:23:27.1045427Z 4
2026-10-09T03:23:27.1064954Z MemTotal:       16373452 kB
2026-10-09T03:23:27.1185592Z Filesystem     1024-blocks     Used Available Capacity Mounted on
2026-10-09T03:23:27.1186299Z /dev/root        151263856 64443284  86804188      43% /
2026-10-09T03:23:27.1222574Z ##[group]Run npx playwright install --with-deps chromium
2026-10-09T03:23:27.1223010Z [36;1mnpx playwright install --with-deps chromium[0m
2026-10-09T03:23:27.1286010Z shell: /usr/bin/bash -e {0}
2026-10-09T03:23:27.1286269Z env:
2026-10-09T03:23:27.1286547Z   G10_SOURCE_COMMIT: dd226a660c95f81372582d2ca3ea174bb51c6ada
2026-10-09T03:23:27.1286889Z ##[endgroup]
2026-10-09T03:23:27.9740360Z Installing dependencies...
2026-10-09T03:23:27.9799292Z Switching to root user to install dependencies...
2026-10-09T03:23:28.0549588Z Get:1 file:/etc/apt/apt-mirrors.txt Mirrorlist [139 B]
2026-10-09T03:23:28.0899658Z Hit:6 https://packages.microsoft.com/ubuntu/24.04/prod noble InRelease
2026-10-09T03:23:28.4639426Z Hit:2 https://archive.ubuntu.com/ubuntu noble InRelease
2026-10-09T03:23:28.5499238Z Hit:3 https://archive.ubuntu.com/ubuntu noble-updates InRelease
2026-10-09T03:23:28.6347012Z Hit:4 https://archive.ubuntu.com/ubuntu noble-backports InRelease
2026-10-09T03:23:28.7234545Z Hit:5 https://archive.ubuntu.com/ubuntu noble-security InRelease
2026-10-09T03:23:29.7394237Z Reading package lists...
2026-10-09T03:23:29.7610175Z Reading package lists...
2026-10-09T03:23:29.9522058Z Building dependency tree...
2026-10-09T03:23:29.9530663Z Reading state information...
2026-10-09T03:23:30.1069007Z libasound2t64 is already the newest version (1.2.11-1ubuntu0.3).
2026-10-09T03:23:30.1070108Z libasound2t64 set to manually installed.
2026-10-09T03:23:30.1071033Z libatk-bridge2.0-0t64 is already the newest version (2.52.0-1build1).
2026-10-09T03:23:30.1071990Z libatk-bridge2.0-0t64 set to manually installed.
2026-10-09T03:23:30.1072795Z libatk1.0-0t64 is already the newest version (2.52.0-1build1).
2026-10-09T03:23:30.1073509Z libatk1.0-0t64 set to manually installed.
2026-10-09T03:23:30.1074197Z libatspi2.0-0t64 is already the newest version (2.52.0-1build1).
2026-10-09T03:23:30.1074895Z libatspi2.0-0t64 set to manually installed.
2026-10-09T03:23:30.1075642Z libcairo2 is already the newest version (1.18.0-3build1).
2026-10-09T03:23:30.1076277Z libcairo2 set to manually installed.
2026-10-09T03:23:30.1077019Z libcups2t64 is already the newest version (2.4.7-1.2ubuntu7.14).
2026-10-09T03:23:30.1078057Z libcups2t64 set to manually installed.
2026-10-09T03:23:30.1078788Z libdbus-1-3 is already the newest version (1.14.10-4ubuntu4.1).
2026-10-09T03:23:30.1079546Z libdbus-1-3 set to manually installed.
2026-10-09T03:23:30.1080350Z libdrm2 is already the newest version (2.4.125-1ubuntu0.1~24.04.2).
2026-10-09T03:23:30.1081065Z libdrm2 set to manually installed.
2026-10-09T03:23:30.1082172Z libgbm1 is already the newest version (25.2.8-0ubuntu0.24.04.4).
2026-10-09T03:23:30.1082870Z libgbm1 set to manually installed.
2026-10-09T03:23:30.1083592Z libglib2.0-0t64 is already the newest version (2.80.0-6ubuntu3.9).
2026-10-09T03:23:30.1084333Z libglib2.0-0t64 set to manually installed.
2026-10-09T03:23:30.1085060Z libnspr4 is already the newest version (2:4.35-1.1build1).
2026-10-09T03:23:30.1085736Z libnspr4 set to manually installed.
2026-10-09T03:23:30.1086422Z libnss3 is already the newest version (2:3.98-1ubuntu0.2).
2026-10-09T03:23:30.1087085Z libnss3 set to manually installed.
2026-10-09T03:23:30.1088065Z libpango-1.0-0 is already the newest version (1.52.1+ds-1build1).
2026-10-09T03:23:30.1088810Z libpango-1.0-0 set to manually installed.
2026-10-09T03:23:30.1089518Z libx11-6 is already the newest version (2:1.8.7-1build1).
2026-10-09T03:23:30.1090182Z libx11-6 set to manually installed.
2026-10-09T03:23:30.1090832Z libxcb1 is already the newest version (1.15-1ubuntu2).
2026-10-09T03:23:30.1091477Z libxcb1 set to manually installed.
2026-10-09T03:23:30.1092204Z libxcomposite1 is already the newest version (1:0.4.5-1build3).
2026-10-09T03:23:30.1092940Z libxcomposite1 set to manually installed.
2026-10-09T03:23:30.1093675Z libxdamage1 is already the newest version (1:1.1.6-1build1).
2026-10-09T03:23:30.1094365Z libxdamage1 set to manually installed.
2026-10-09T03:23:30.1095336Z libxext6 is already the newest version (2:1.3.4-1build2).
2026-10-09T03:23:30.1096022Z libxext6 set to manually installed.
2026-10-09T03:23:30.1096716Z libxfixes3 is already the newest version (1:6.0.0-2build1).
2026-10-09T03:23:30.1097439Z libxfixes3 set to manually installed.
2026-10-09T03:23:30.1098392Z libxkbcommon0 is already the newest version (1.6.0-1build1).
2026-10-09T03:23:30.1099116Z libxkbcommon0 set to manually installed.
2026-10-09T03:23:30.1099852Z libxrandr2 is already the newest version (2:1.5.2-2build1).
2026-10-09T03:23:30.1100523Z libxrandr2 set to manually installed.
2026-10-09T03:23:30.1101205Z xvfb is already the newest version (2:21.1.12-1ubuntu1.8).
2026-10-09T03:23:30.1102152Z fonts-noto-color-emoji is already the newest version (2.047-0ubuntu0.24.04.1).
2026-10-09T03:23:30.1103139Z libfontconfig1 is already the newest version (2.15.0-1.1ubuntu2).
2026-10-09T03:23:30.1103885Z libfontconfig1 set to manually installed.
2026-10-09T03:23:30.1104612Z fonts-liberation is already the newest version (1:2.1.5-3).
2026-10-09T03:23:30.1105327Z fonts-liberation set to manually installed.
2026-10-09T03:23:30.1106028Z The following additional packages will be installed:
2026-10-09T03:23:30.1106664Z   xfonts-encodings xfonts-utils
2026-10-09T03:23:30.1107152Z Recommended packages:
2026-10-09T03:23:30.1107811Z   fonts-ipafont-mincho fonts-tlwg-loma
2026-10-09T03:23:30.1227763Z The following NEW packages will be installed:
2026-10-09T03:23:30.1228924Z   fonts-freefont-ttf fonts-ipafont-gothic fonts-tlwg-loma-otf fonts-unifont
2026-10-09T03:23:30.1233937Z   fonts-wqy-zenhei xfonts-cyrillic xfonts-encodings xfonts-scalable
2026-10-09T03:23:30.1234387Z   xfonts-utils
2026-10-09T03:23:30.1238106Z The following packages will be upgraded:
2026-10-09T03:23:30.1242901Z   libfreetype6
2026-10-09T03:23:30.1396936Z 1 upgraded, 9 newly installed, 0 to remove and 22 not upgraded.
2026-10-09T03:23:30.1397427Z Need to get 21.5 MB of archives.
2026-10-09T03:23:30.1398225Z After this operation, 79.5 MB of additional disk space will be used.
2026-10-09T03:23:30.1399054Z Get:1 file:/etc/apt/apt-mirrors.txt Mirrorlist [139 B]
2026-10-09T03:23:30.7079682Z Get:2 https://archive.ubuntu.com/ubuntu noble/universe amd64 fonts-ipafont-gothic all 00303-21ubuntu1 [3513 kB]
2026-10-09T03:23:31.9147187Z Get:3 https://archive.ubuntu.com/ubuntu noble/main amd64 fonts-freefont-ttf all 20211204+svn4273-2 [5641 kB]
2026-10-09T03:23:32.2800944Z Get:4 https://archive.ubuntu.com/ubuntu noble/universe amd64 fonts-tlwg-loma-otf all 1:0.7.3-1 [107 kB]
2026-10-09T03:23:32.3849880Z Get:5 https://archive.ubuntu.com/ubuntu noble/universe amd64 fonts-unifont all 1:15.1.01-1build1 [2993 kB]
2026-10-09T03:23:32.5308237Z Get:6 https://archive.ubuntu.com/ubuntu noble/universe amd64 fonts-wqy-zenhei all 0.9.45-8 [7472 kB]
2026-10-09T03:23:32.7828217Z Get:7 https://archive.ubuntu.com/ubuntu noble-updates/main amd64 libfreetype6 amd64 2.13.2+dfsg-1ubuntu0.2 [403 kB]
2026-10-09T03:23:32.8896230Z Get:8 https://archive.ubuntu.com/ubuntu noble/main amd64 xfonts-encodings all 1:1.0.5-0ubuntu2 [578 kB]
2026-10-09T03:23:32.9982606Z Get:9 https://archive.ubuntu.com/ubuntu noble/main amd64 xfonts-utils amd64 1:7.7+6build3 [94.4 kB]
2026-10-09T03:23:33.1033227Z Get:10 https://archive.ubuntu.com/ubuntu noble/universe amd64 xfonts-cyrillic all 1:1.0.5+nmu1 [384 kB]
2026-10-09T03:23:33.2101523Z Get:11 https://archive.ubuntu.com/ubuntu noble/main amd64 xfonts-scalable all 1:1.0.3-1.3 [304 kB]
2026-10-09T03:23:33.4595907Z Fetched 21.5 MB in 3s (6971 kB/s)
2026-10-09T03:23:33.4818378Z Selecting previously unselected package fonts-ipafont-gothic.
2026-10-09T03:23:33.4877153Z (Reading database ... 
2026-10-09T03:23:33.4877858Z (Reading database ... 5%
2026-10-09T03:23:33.4878247Z (Reading database ... 10%
2026-10-09T03:23:33.4878590Z (Reading database ... 15%
2026-10-09T03:23:33.4878925Z (Reading database ... 20%
2026-10-09T03:23:33.4879847Z (Reading database ... 25%
2026-10-09T03:23:33.4880228Z (Reading database ... 30%
2026-10-09T03:23:33.4880573Z (Reading database ... 35%
2026-10-09T03:23:33.4881195Z (Reading database ... 40%
2026-10-09T03:23:33.4881603Z (Reading database ... 45%
2026-10-09T03:23:33.4881977Z (Reading database ... 50%
2026-10-09T03:23:33.4907062Z (Reading database ... 55%
2026-10-09T03:23:33.5010605Z (Reading database ... 60%
2026-10-09T03:23:33.5039402Z (Reading database ... 65%
2026-10-09T03:23:33.5061376Z (Reading database ... 70%
2026-10-09T03:23:33.5099185Z (Reading database ... 75%
2026-10-09T03:23:33.5127260Z (Reading database ... 80%
2026-10-09T03:23:33.5266300Z (Reading database ... 85%
2026-10-09T03:23:33.5463243Z (Reading database ... 90%
2026-10-09T03:23:33.5534129Z (Reading database ... 95%
2026-10-09T03:23:33.5534584Z (Reading database ... 100%
2026-10-09T03:23:33.5535287Z (Reading database ... 203905 files and directories currently installed.)
2026-10-09T03:23:33.5575594Z Preparing to unpack .../0-fonts-ipafont-gothic_00303-21ubuntu1_all.deb ...
2026-10-09T03:23:33.5647340Z Unpacking fonts-ipafont-gothic (00303-21ubuntu1) ...
2026-10-09T03:23:33.7910052Z Selecting previously unselected package fonts-freefont-ttf.
2026-10-09T03:23:33.8033905Z Preparing to unpack .../1-fonts-freefont-ttf_20211204+svn4273-2_all.deb ...
2026-10-09T03:23:33.8045751Z Unpacking fonts-freefont-ttf (20211204+svn4273-2) ...
2026-10-09T03:23:33.8791587Z Selecting previously unselected package fonts-tlwg-loma-otf.
2026-10-09T03:23:33.8917111Z Preparing to unpack .../2-fonts-tlwg-loma-otf_1%3a0.7.3-1_all.deb ...
2026-10-09T03:23:33.8923116Z Unpacking fonts-tlwg-loma-otf (1:0.7.3-1) ...
2026-10-09T03:23:33.9118014Z Selecting previously unselected package fonts-unifont.
2026-10-09T03:23:33.9243328Z Preparing to unpack .../3-fonts-unifont_1%3a15.1.01-1build1_all.deb ...
2026-10-09T03:23:33.9252046Z Unpacking fonts-unifont (1:15.1.01-1build1) ...
2026-10-09T03:23:34.0246242Z Selecting previously unselected package fonts-wqy-zenhei.
2026-10-09T03:23:34.0371383Z Preparing to unpack .../4-fonts-wqy-zenhei_0.9.45-8_all.deb ...
2026-10-09T03:23:34.0466339Z Unpacking fonts-wqy-zenhei (0.9.45-8) ...
2026-10-09T03:23:34.5275833Z Preparing to unpack .../5-libfreetype6_2.13.2+dfsg-1ubuntu0.2_amd64.deb ...
2026-10-09T03:23:34.5302951Z Unpacking libfreetype6:amd64 (2.13.2+dfsg-1ubuntu0.2) over (2.13.2+dfsg-1ubuntu0.1) ...
2026-10-09T03:23:34.5546504Z Selecting previously unselected package xfonts-encodings.
2026-10-09T03:23:34.5675603Z Preparing to unpack .../6-xfonts-encodings_1%3a1.0.5-0ubuntu2_all.deb ...
2026-10-09T03:23:34.5683816Z Unpacking xfonts-encodings (1:1.0.5-0ubuntu2) ...
2026-10-09T03:23:34.5959148Z Selecting previously unselected package xfonts-utils.
2026-10-09T03:23:34.6084034Z Preparing to unpack .../7-xfonts-utils_1%3a7.7+6build3_amd64.deb ...
2026-10-09T03:23:34.6090339Z Unpacking xfonts-utils (1:7.7+6build3) ...
2026-10-09T03:23:34.6557172Z Selecting previously unselected package xfonts-cyrillic.
2026-10-09T03:23:34.6682133Z Preparing to unpack .../8-xfonts-cyrillic_1%3a1.0.5+nmu1_all.deb ...
2026-10-09T03:23:34.6688093Z Unpacking xfonts-cyrillic (1:1.0.5+nmu1) ...
2026-10-09T03:23:34.7013835Z Selecting previously unselected package xfonts-scalable.
2026-10-09T03:23:34.7138709Z Preparing to unpack .../9-xfonts-scalable_1%3a1.0.3-1.3_all.deb ...
2026-10-09T03:23:34.7145976Z Unpacking xfonts-scalable (1:1.0.3-1.3) ...
2026-10-09T03:23:34.7569865Z Setting up fonts-wqy-zenhei (0.9.45-8) ...
2026-10-09T03:23:34.7773325Z Setting up fonts-freefont-ttf (20211204+svn4273-2) ...
2026-10-09T03:23:34.7799511Z Setting up fonts-tlwg-loma-otf (1:0.7.3-1) ...
2026-10-09T03:23:34.7824451Z Setting up libfreetype6:amd64 (2.13.2+dfsg-1ubuntu0.2) ...
2026-10-09T03:23:34.7855576Z Setting up xfonts-encodings (1:1.0.5-0ubuntu2) ...
2026-10-09T03:23:34.7887900Z Setting up fonts-ipafont-gothic (00303-21ubuntu1) ...
2026-10-09T03:23:34.7968401Z update-alternatives: using /usr/share/fonts/opentype/ipafont-gothic/ipag.ttf to provide /usr/share/fonts/truetype/fonts-japanese-gothic.ttf (fonts-japanese-gothic.ttf) in auto mode
2026-10-09T03:23:34.8011105Z Setting up fonts-unifont (1:15.1.01-1build1) ...
2026-10-09T03:23:34.8031184Z Setting up xfonts-utils (1:7.7+6build3) ...
2026-10-09T03:23:34.8133973Z Setting up xfonts-cyrillic (1:1.0.5+nmu1) ...
2026-10-09T03:23:34.8526004Z Setting up xfonts-scalable (1:1.0.3-1.3) ...
2026-10-09T03:23:34.8831422Z Processing triggers for libc-bin (2.39-0ubuntu8.9) ...
2026-10-09T03:23:34.8988274Z Processing triggers for man-db (2.12.0-4build2) ...
2026-10-09T03:23:34.9001852Z Not building database; man-db/auto-update is not 'true'.
2026-10-09T03:23:34.9016119Z Processing triggers for fontconfig (2.15.0-1.1ubuntu2) ...
2026-10-09T03:23:35.6217820Z 
2026-10-09T03:23:35.6218680Z Running kernel seems to be up-to-date.
2026-10-09T03:23:35.6219113Z 
2026-10-09T03:23:35.6219318Z Restarting services...
2026-10-09T03:23:35.6292945Z  systemctl restart php8.3-fpm.service
2026-10-09T03:23:35.7388558Z 
2026-10-09T03:23:35.7389365Z No containers need to be restarted.
2026-10-09T03:23:35.7390110Z 
2026-10-09T03:23:35.7390673Z No user sessions are running outdated binaries.
2026-10-09T03:23:35.7391224Z 
2026-10-09T03:23:35.7391908Z No VM guests are running outdated hypervisor (qemu) binaries on this host.
2026-10-09T03:23:36.6375912Z Downloading Chromium 141.0.7390.37 (playwright build v1194) from https://cdn.playwright.dev/dbazure/download/playwright/builds/chromium/1194/chromium-linux.zip
2026-10-09T03:23:36.8161881Z |                                                                                |   0% of 173.9 MiB
2026-10-09T03:23:36.9605948Z |■■■■■■■■                                                                        |  10% of 173.9 MiB
2026-10-09T03:23:37.0471291Z |■■■■■■■■■■■■■■■■                                                                |  20% of 173.9 MiB
2026-10-09T03:23:37.1284127Z |■■■■■■■■■■■■■■■■■■■■■■■■                                                        |  30% of 173.9 MiB
2026-10-09T03:23:37.1908342Z |■■■■■■■■■■■■■■■■■■■■■■■■■■■■■■■■                                                |  40% of 173.9 MiB
2026-10-09T03:23:37.2546834Z |■■■■■■■■■■■■■■■■■■■■■■■■■■■■■■■■■■■■■■■■                                        |  50% of 173.9 MiB
2026-10-09T03:23:37.3232719Z |■■■■■■■■■■■■■■■■■■■■■■■■■■■■■■■■■■■■■■■■■■■■■■■■                                |  60% of 173.9 MiB
2026-10-09T03:23:37.3799453Z |■■■■■■■■■■■■■■■■■■■■■■■■■■■■■■■■■■■■■■■■■■■■■■■■■■■■■■■■                        |  70% of 173.9 MiB
2026-10-09T03:23:37.4361903Z |■■■■■■■■■■■■■■■■■■■■■■■■■■■■■■■■■■■■■■■■■■■■■■■■■■■■■■■■■■■■■■■■                |  80% of 173.9 MiB
2026-10-09T03:23:37.4934492Z |■■■■■■■■■■■■■■■■■■■■■■■■■■■■■■■■■■■■■■■■■■■■■■■■■■■■■■■■■■■■■■■■■■■■■■■■        |  90% of 173.9 MiB
2026-10-09T03:23:37.5511087Z |■■■■■■■■■■■■■■■■■■■■■■■■■■■■■■■■■■■■■■■■■■■■■■■■■■■■■■■■■■■■■■■■■■■■■■■■■■■■■■■■| 100% of 173.9 MiB
2026-10-09T03:23:41.3566727Z Chromium 141.0.7390.37 (playwright build v1194) downloaded to /home/runner/.cache/ms-playwright/chromium-1194
2026-10-09T03:23:41.3570262Z Downloading FFMPEG playwright build v1011 from https://cdn.playwright.dev/dbazure/download/playwright/builds/ffmpeg/1011/ffmpeg-linux.zip
2026-10-09T03:23:41.5122485Z |                                                                                |   0% of 2.3 MiB
2026-10-09T03:23:41.5253928Z |■■■■■■■■                                                                        |  10% of 2.3 MiB
2026-10-09T03:23:41.5317567Z |■■■■■■■■■■■■■■■■                                                                |  20% of 2.3 MiB
2026-10-09T03:23:41.5356739Z |■■■■■■■■■■■■■■■■■■■■■■■■                                                        |  30% of 2.3 MiB
2026-10-09T03:23:41.5394320Z |■■■■■■■■■■■■■■■■■■■■■■■■■■■■■■■■                                                |  40% of 2.3 MiB
2026-10-09T03:23:41.5411732Z |■■■■■■■■■■■■■■■■■■■■■■■■■■■■■■■■■■■■■■■■                                        |  50% of 2.3 MiB
2026-10-09T03:23:41.5449482Z |■■■■■■■■■■■■■■■■■■■■■■■■■■■■■■■■■■■■■■■■■■■■■■■■                                |  60% of 2.3 MiB
2026-10-09T03:23:41.5476380Z |■■■■■■■■■■■■■■■■■■■■■■■■■■■■■■■■■■■■■■■■■■■■■■■■■■■■■■■■                        |  70% of 2.3 MiB
2026-10-09T03:23:41.5488275Z |■■■■■■■■■■■■■■■■■■■■■■■■■■■■■■■■■■■■■■■■■■■■■■■■■■■■■■■■■■■■■■■■                |  80% of 2.3 MiB
2026-10-09T03:23:41.5509095Z |■■■■■■■■■■■■■■■■■■■■■■■■■■■■■■■■■■■■■■■■■■■■■■■■■■■■■■■■■■■■■■■■■■■■■■■■        |  90% of 2.3 MiB
2026-10-09T03:23:41.5525337Z |■■■■■■■■■■■■■■■■■■■■■■■■■■■■■■■■■■■■■■■■■■■■■■■■■■■■■■■■■■■■■■■■■■■■■■■■■■■■■■■■| 100% of 2.3 MiB
2026-10-09T03:23:41.6113684Z FFMPEG playwright build v1011 downloaded to /home/runner/.cache/ms-playwright/ffmpeg-1011
2026-10-09T03:23:41.6116990Z Downloading Chromium Headless Shell 141.0.7390.37 (playwright build v1194) from https://cdn.playwright.dev/dbazure/download/playwright/builds/chromium/1194/chromium-headless-shell-linux.zip
2026-10-09T03:23:41.7908532Z |                                                                                |   0% of 104.3 MiB
2026-10-09T03:23:41.9824653Z |■■■■■■■■                                                                        |  10% of 104.3 MiB
2026-10-09T03:23:42.0465283Z |■■■■■■■■■■■■■■■■                                                                |  20% of 104.3 MiB
2026-10-09T03:23:42.1029017Z |■■■■■■■■■■■■■■■■■■■■■■■■                                                        |  30% of 104.3 MiB
2026-10-09T03:23:42.1533272Z |■■■■■■■■■■■■■■■■■■■■■■■■■■■■■■■■                                                |  40% of 104.3 MiB
2026-10-09T03:23:42.2044536Z |■■■■■■■■■■■■■■■■■■■■■■■■■■■■■■■■■■■■■■■■                                        |  50% of 104.3 MiB
2026-10-09T03:23:42.2532878Z |■■■■■■■■■■■■■■■■■■■■■■■■■■■■■■■■■■■■■■■■■■■■■■■■                                |  60% of 104.3 MiB
2026-10-09T03:23:42.2961434Z |■■■■■■■■■■■■■■■■■■■■■■■■■■■■■■■■■■■■■■■■■■■■■■■■■■■■■■■■                        |  70% of 104.3 MiB
2026-10-09T03:23:42.3423682Z |■■■■■■■■■■■■■■■■■■■■■■■■■■■■■■■■■■■■■■■■■■■■■■■■■■■■■■■■■■■■■■■■                |  80% of 104.3 MiB
2026-10-09T03:23:42.3881315Z |■■■■■■■■■■■■■■■■■■■■■■■■■■■■■■■■■■■■■■■■■■■■■■■■■■■■■■■■■■■■■■■■■■■■■■■■        |  90% of 104.3 MiB
2026-10-09T03:23:42.4318655Z |■■■■■■■■■■■■■■■■■■■■■■■■■■■■■■■■■■■■■■■■■■■■■■■■■■■■■■■■■■■■■■■■■■■■■■■■■■■■■■■■| 100% of 104.3 MiB
2026-10-09T03:23:44.3041655Z Chromium Headless Shell 141.0.7390.37 (playwright build v1194) downloaded to /home/runner/.cache/ms-playwright/chromium_headless_shell-1194
2026-10-09T03:23:44.4422083Z ##[group]Run set -o pipefail
2026-10-09T03:23:44.4422411Z [36;1mset -o pipefail[0m
2026-10-09T03:23:44.4422827Z [36;1mnode scripts/check.mjs --stage 'browser' 2>&1 | tee '.work-stage-browser.stdout'[0m
2026-10-09T03:23:44.4484490Z shell: /usr/bin/bash -e {0}
2026-10-09T03:23:44.4484751Z env:
2026-10-09T03:23:44.4485046Z   G10_SOURCE_COMMIT: dd226a660c95f81372582d2ca3ea174bb51c6ada
2026-10-09T03:23:44.4485411Z ##[endgroup]
2026-10-09T03:23:44.5824341Z 
2026-10-09T03:23:44.5824891Z > partybox-g10-checkers@1.0.0 build
2026-10-09T03:23:44.5825336Z > tsc --noEmit && node scripts/build.mjs
2026-10-09T03:23:44.5825569Z 
2026-10-09T03:23:57.5614082Z PASS: complete offline single-page game written to /home/runner/work/partybox-game-cores/partybox-game-cores/jobs/G10-checkers/.work/play.html; original six-piece data is read in bounded blocks.
2026-10-09T03:24:16.0563616Z PASS: checksums, authoritative schemas/manifest, pure core source, fixed corpus provenance, original offline page (delivery execution gates explicitly excluded).
2026-10-09T03:26:13.9212469Z {"evidenceVersion":1,"runId":"67253849-0700-40ff-94dd-1ba3dabeafc3","sourceGuardsBefore":{"../../contract/constants.ts":"27cdd23112ea03f344457e6f6e6b5839ff536ebeadbba189751520353aa085ef","../../contract/contract.ts":"c0f999c153074769c99c67ab2a71ad66c879e45e834713f3367b2bde4a1873d5","../../contract/minigame-schema.ts":"2438655eeb8ca658543b475070e6fb3ccb3947f154f57caa3f619c87853c9bbb","../../contract/package.json":"ec1418bc79e3563ed63d2aebfbb0cb039529f6dc1ac0e8e6d61f790cb065f495","../../contract/player-count-schema.ts":"0748d9d9bcf795d0693c37a0f369b262fd8801dec9ab1e4a9a4f5ec23751a189","../../contract/rng.ts":"7cfcf3024723607e8dd1ce6ccc5683a48d71fcc617947304cc5b9f6d3d7842fe","data/chinook/DB6.bin":"baee42a2b49390edd96e5a751189366275619c941d79021f3ca45774c3e7071f","data/chinook/DB6.idx":"10cb5cfc2a8c67e18c322563c17ceef0adeac87786a16c767c4616e9a574f4fd","data/chinook/LICENSE.txt":"8ed5c1393322801ac395d3e6c9d8e8f4b18bcca9e41f7b8cdf312f33be242a2d","data/chinook/manifest.json":"90f1970372040946f299660c33ded627fe574c7fa2d52be168e7b16c391d55d0","data/endgames.json":"edb5d87a27caa83945e2a5587418fa6f246fb30dd3823652871a598272e0075d","data/international/BOOST-LICENSE.txt":"c9bff75738922193e67fa726fa225535870d2aa1059f91452c411736284ad566","data/international/db2.bin":"305a1e7eabb4bab13577774009592e1614ddf8a4efe334d6fe3cb8221000b4ed","data/international/db2.idx":"9622e861c67ea250396b384bb95fec00fd541964c3109bdc1b27ae7aae1f73f2","data/international/db3.bin":"9dd9170657b11b5e18e0a2d54b6475d9cfd2cf821c6f9e4e9ba78bdf130e10aa","data/international/db3.idx":"84862531a87da451037c3c1087b5c082c293ff508ffb447adbc8b7e020fa7aaa","data/international/db4.bin":"14e5a8fa159c33a2d7ca01538ca4cd088222c2f204a6b6ef174ffcebd28c72aa","data/international/db4.idx":"4514098c3a0fe91fb98ea1950eb53558f94017ed4c6553d10f117c94348e393e","data/international/db5.bin":"b3e65f71d2c801a68fe8928f62e32c40266f7d8ae4e5ab99b643805b1ace2e02","data/international/db5.idx":"4a94297121f50feca73beaea7ab10622942194d2b5c098d1c30c5cbe5b78715a","data/international/LICENSE.md":"34055034c8caa4d7637c91adc11f28229cea6a097c9b9d2610318cb66e1ef6cc","data/international/manifest.json":"6cc33b38df4f1f2b1ea79fa7fcbe11972976986828e7adee28934b4ad3921a04","data/international/six/db6-0303.000.chunk":"75d63f54a4aefbb6a29871ac2c96fe8064239630c141c79298c99ede5af7bfae","data/international/six/db6-0303.idx":"9f6e7dddd055eb1234cc79750e749c9b2ef49bdf410d7761a0a27f76dc606b04","data/international/six/db6-0312.000.chunk":"a65ac7e0daf00efcb905cec95900ce8fe7c7afda3d242a693a229b2584fcdd89","data/international/six/db6-0312.idx":"9df486596addc03a3454c242a25198c35f0a371dbd0055ca1ad777bff28bc43a","data/international/six/db6-0321.000.chunk":"4f4af0182c39c3646128b9e17d2b283196e8cb4441452b4a01e9c2532e4b6b53","data/international/six/db6-0321.001.chunk":"b8d62083255a57d82395b04eddf6cf735700f3ead646b526fc9882bace3a0e40","data/international/six/db6-0321.idx":"af4c2df56553f4386223b11ad75e7ad4f5c26625be854d52b1e6f8760d8c3bee","data/international/six/db6-0330.000.chunk":"de1dfc76776fe69bf25a7e64b4f1800c17b196f7e9cf2258cb792f51d17fd5c1","data/international/six/db6-0330.idx":"ce6bba6b659d289f3823a0221a5927fe0cbdf313af052cadfbfe0259791590ca","data/international/six/db6-0402.000.chunk":"9508c060e20d0f01da854b4cd4e018f634241b5abb90e73ece71bd4ca69c2517","data/international/six/db6-0402.idx":"096c6e3b12ecf960f7012878baec51d00f1cafda9880d2b29128b21cb3821485","data/international/six/db6-0411.000.chunk":"d3a9300cbe73b288d4d897d20434b6f4373166f58cc69328043a835efbf03247","data/international/six/db6-0411.idx":"1c92044e7b38d59c1485a0b064ed22e5b685346a0d62ac8fce74c3d6d5130cf0","data/international/six/db6-0420.000.chunk":"26162642d1c3439d6e3abcef8c1a210857b371607d82a1714cb99a47ad803a6e","data/international/six/db6-0420.idx":"4d47ac027225d63cf773a0f5fe9258c5e5f3b3670b04de677bc0a10399e3a56d","data/international/six/db6-0501.000.chunk":"82881a78d8a5052037911bc0e1d33231fd1dce64f283fd5f53bb297c26e60221","data/international/six/db6-0501.idx":"d29f8d532adce5f2ba9befd66ae47413b3e91e0666b891c1f08b8b0c7eb4ea10","data/international/six/db6-0510.000.chunk":"28f286c57a29bac59c095d9efdbd2cd87ee648416a0d4e85099bd8c192bc8383","data/international/six/db6-0510.idx":"356a04a2d92ce1c614671b5e246d4c74215c55728480d79d24065252b1e3689a","data/international/six/db6-1212.000.chunk":"5f8cc263773a36546efb0af5e5f6e4bdb4bbd497a50bf00e477aec30e478923f","data/international/six/db6-1212.001.chunk":"578a53681f654ca3463c205428c02a2812751af0fc83aabb26912573bfeabf79","data/international/six/db6-1212.idx":"62c58abb6f24f8280d0f2b0d99cf2e78c85e4a8b8a37da142fdafce33911db7a","data/international/six/db6-1221.000.chunk":"acc65c6b904a669302b3f1dacf917f44852baa3febb2d33379ecdb9153dfd898","data/international/six/db6-1221.001.chunk":"44b31af46ccd5df50c10eea39107f33244be8d98ea39300c2ef739173573f775","data/international/six/db6-1221.002.chunk":"471ec101d7053b0029059f4ce617ffb88512a7d08d86f2be7e170abc29e8c2e9","data/international/six/db6-1221.003.chunk":"67460687baa048e40deaf19e4168f3fd644a9ffaad0475a02a7c65462a249738","data/international/six/db6-1221.idx":"893f2a20b42eb9b6a437b2a4c79635190b1b7d8303d67c2c6048ad762b654072","data/international/six/db6-1230.000.chunk":"45e595ea9c3279d783cf4632762912554f98103bb24fd3712ea5cd371ae077c6","data/international/six/db6-1230.001.chunk":"86282c8af312b2ee4e8a8c36a228ccd72b5a81ae7bd9e03ed86e63c92ba386cb","data/international/six/db6-1230.idx":"56f9a806af26475371ea04d7230e2316e6ce8206ea14fe28628b646ac5415d37","data/international/six/db6-1302.000.chunk":"a0bde8399fecc594fe8ad84b953018c2fd3796805de67f5361982b244027413f","data/international/six/db6-1302.001.chunk":"7398a50ae97329727420dca59b959f28ed295dbdd59e6dd54fb54d88554decfa","data/international/six/db6-1302.idx":"fc695c254e053157a79dfd22c287fcde716e887ba4a0e5765cc27be221efd7ab","data/international/six/db6-1311.000.chunk":"eac5625451bccbdee80bb5d98c1ae8b7d9dc7bcd218240d543e04ec76d692a36","data/international/six/db6-1311.001.chunk":"cc9e1d6f56f80b7f6fe73d30a878bd2c7e9be3cea795d0c64e2847976e57d88b","data/international/six/db6-1311.002.chunk":"33eb6b6262f6d2b248c2772ab41277231e227a0024007db766ae48edc31e7c6a","data/international/six/db6-1311.003.chunk":"d59c08b053c2d047da4cb9f793c9bcb905c689b0ada2108569428639f20eb107","data/international/six/db6-1311.idx":"824155526e1423c28dfc5a9e6ce803006fcdaabe5c5dcb72f52e4e0b29eb634a","data/international/six/db6-1320.000.chunk":"d37c461f883e519b95482bf38863e22c5cf71e3d4d26da2758aa06d8c5a69c1d","data/international/six/db6-1320.idx":"d9787b34307105c715e7b1f7cd463398386f5bdfa4d863fdee92af34b1dbf334","data/international/six/db6-1401.000.chunk":"45bb9b0339452bab7a464741003a168e43178944b286320b1eb70eb15458d17e","data/international/six/db6-1401.idx":"36c748d544a0d108e25f26a748f107ced6045229854dc0ec5cbabf39dccfd078","data/international/six/db6-1410.000.chunk":"6f3110cbbe9f88c12a01a7779b2034df76cc065e7767d153f17fd9d90efead51","data/international/six/db6-1410.idx":"f7a26d77bd12fb29b4d8492481e56c5c692a2c280062cc9518728882acd65890","data/international/six/db6-2121.000.chunk":"2b0d462e7d6f4e9188dec28fac5b91df1d93b655bd6f381e01dc7f82426dc742","data/international/six/db6-2121.001.chunk":"dd308ec8c23cb58e50f3be495b79934782cc3624036f88272a8526c87e6cd1f9","data/international/six/db6-2121.idx":"f3c643c2ac5d25da70b71339bc23d9c452e00244bd29562fd424b6a84ca3ad40","data/international/six/db6-2130.000.chunk":"320904de62832a1c6c9054c7650c61f10dd181da2e9b1b04aa86d2977656fde7","data/international/six/db6-2130.001.chunk":"a96061fbe9ec9d57d2edd5773fbd89145aafc7e5a5845c81bc58c5ecab63d2d6","data/international/six/db6-2130.idx":"9d6ed91ef56e08a1b98ee184839d9a880198c141aba47005a13587c572342a50","data/international/six/db6-2202.000.chunk":"43057f23a613a28f06bc9cd465b7ed44cf887dfe50e7001b7d1ef473cdbfd4b2","data/international/six/db6-2202.001.chunk":"585615fed0ec078a94e0ac32e3d52ac4d16b3eb7375663ff30d45e1293b3d44a","data/international/six/db6-2202.idx":"bae2e2b0a9709d4b46e397efdcdf322b2d461c492f221eb11f0638b2eb5951ec","data/international/six/db6-2211.000.chunk":"11dd5e990995f60597ec46e5f37a79429b072d11cf7353322dd95f7058c6d1ed","data/international/six/db6-2211.001.chunk":"8142e6725e68cefe12a42a8a8530a52182e9f44a2b85cb5ded48e445bc85bd7f","data/international/six/db6-2211.002.chunk":"c4d38e79e79b87802b26eded2a7c364946fea4d95450d35f10d7dcce343a8c69","data/international/six/db6-2211.003.chunk":"20b4af2d5329d20ebb3075c8cb31878935c15512cc2808546418879729f79402","data/international/six/db6-2211.004.chunk":"a4367099cfdacac510225de250b300e8fed1ba70d4438e14b311b7c796501089","data/international/six/db6-2211.005.chunk":"19b3a66dbf1497e2e455732a0f7ffb927c9e577f56c75419716439f524e9d514","data/international/six/db6-2211.006.chunk":"8bd6bc5bd76720a95a312bd8c6bae30701a6e99be19886e16126ca6abc3b2a7e","data/international/six/db6-2211.idx":"a525a93cfb7ccef53dce68366382a0c8764af216568b02b045edd8bd1230012a","data/international/six/db6-2220.000.chunk":"e1af2d5283389f43c81708a249e3c0b9968ed4aa322ac0bca48ca1ccc5d4dd7c","data/international/six/db6-2220.idx":"e3f4b23066c9f91d4a0f43984cbea7c01817d6a0e25c3705c7fb8327eb8a31a6","data/international/six/db6-2301.000.chunk":"0b6489a374a7680cb6697f2e78d0261558c15e5f6c629279b84f760cc5e2d4e4","data/international/six/db6-2301.idx":"fdcbc2bd251bf3b73822bd0e2b92cb8791deaa009bd2ab8730a25e3395ce7726","data/international/six/db6-2310.000.chunk":"13ae77b5d13ad94678dab0cfb4ca74f4db89190371eacc10bd92cadf10eb350f","data/international/six/db6-2310.idx":"1f8ece0f98423c4b9213ab41a2eec40fe32679fe71268bce240714d1b7896cda","data/international/six/db6-3030.000.chunk":"cecd125dd3e9f0e1fa8f42abd0d51c9b3f679839db56a60b50b380e764302569","data/international/six/db6-3030.idx":"c41521d134874aaa3151b4595373caf3a91afc0aea9e249c0d722612c0370a82","data/international/six/db6-3102.000.chunk":"c90c2e7384f00811e0445f566d7aa7243e861b65c71791df05f3679c1e6080c1","data/international/six/db6-3102.idx":"f0161e4b20319d077c04ae0e4607ac81a7b50315ea72ff456494b00072dac06d","data/international/six/db6-3111.000.chunk":"e62bab91ea59dbef862261975d320585d13f83fbaf709c7d686e0a085b594576","data/international/six/db6-3111.001.chunk":"49c653dccca0ad25d6c3e858f8dd55e540dfb48d6cee1dba749214d8d12b129b","data/international/six/db6-3111.002.chunk":"f3e3f75261fe41cc65d1ee5c3e4c391c5945e96c7635c091e384ed10d253043c","data/international/six/db6-3111.003.chunk":"5c6f451ee293fea2955580ac6717a2aeb991c58693c1f9a0aa5f7107c506d075","data/international/six/db6-3111.004.chunk":"53e58423b9d85e32bbb2eb3552df28124d5172ca983c214738558e7cf543234d","data/international/six/db6-3111.005.chunk":"6fa72cec7f0dcd4a79458b766c04f2fbbc3eeb1804f8ab8f1a3d546c1d0c04df","data/international/six/db6-3111.idx":"552cea6807e5de8bdaaa7430e48429d2876663c1c13bf8a80438ec3fc11222db","data/international/six/db6-3120.000.chunk":"4849d82cf6c7978ef034fc98ef90951d041b740fd79510c67f902a447061a5d2","data/international/six/db6-3120.idx":"b5243e519c0a2fb6f513062094758a95306e9144a48c7a555a79ed1887780c86","data/international/six/db6-3201.000.chunk":"8d899206c06202a55395530df8eab92bbd29b879e1310c0b704bdd26d1131772","data/international/six/db6-3201.idx":"f9b27e6e4cee762ed97a568b8f32673b1bfe5c22a64d0c5b47b7a18f39749958","data/international/six/db6-3210.000.chunk":"f829ad406b3b2b1f45e1ac30bc0e43440ce2b808025c27d3bfff2f704edeffb4","data/international/six/db6-3210.idx":"ab335ebeed4f38b97ad72512c77a84aa1a7a5b5d63f00278d205e9386b07c3be","data/international/six/db6-4002.000.chunk":"1f810fcb514771696b8b44d264a552607de2068b0595e165ee1b337f691d2530","data/international/six/db6-4002.idx":"7813f455b5b0225444c95e3424c3f30414373dae0cc6065d9b3e7bd07c304c67","data/international/six/db6-4011.000.chunk":"4e9176f2619ef1c62e5cbc5cb1e3ca7a0c45035148e4fb526eefc1266e1e7e38","data/international/six/db6-4011.idx":"84ad8d66b8560bdcf7a999b867381f36d93ee7724cf89d5abda8020ff9658e2d","data/international/six/db6-4020.000.chunk":"c1b0099c29929bd38f39e02b805bfa395e8b058bc73b3710bf6112efc2a56413","data/international/six/db6-4020.idx":"ed46094e80d77e4f27bdae4fe5678903eac0d72ff11bfbf0addf2d84205b7acd","data/international/six/db6-4101.000.chunk":"84e48039e29063ac53bb53f825c070190c6d424d91e41b3c6b8a5712d99dc07a","data/international/six/db6-4101.idx":"5b89058e3c8e2d225b5f80560b27f8001e42d648b410a616165747f2dc2f2a1b","data/international/six/db6-4110.000.chunk":"271c7e822c1a87b1a01c50a0705040d4e22f6f1a6850ba2baf547b09019a9e9c","data/international/six/db6-4110.idx":"99d0d61cfa656d9c84500f41892c66fbe9d24ebd96b873e63d8b3a3315a0fa78","data/international/six/db6-5001.000.chunk":"abb0af9db0c77accee65b836150e0eeed6c24d79d1c552ff21c9f1825e3846cf","data/international/six/db6-5001.idx":"3316a344e28cc3115daf8ed5d0dbf7f66dc57cafc39262172026d7efea6aab76","data/international/six/db6-5010.000.chunk":"b842fd58f936f742947a84e4587ba88fbc656ffa85371e2e75f57b79af612c5b","data/international/six/db6-5010.idx":"bd8c7a7853c0528d92799fbad5a1344a1ae4e7478598c9c82171afccef8cee41","data/international/six/manifest.json":"6532df5af4306b1b6b16723155b756faacef549bcc8292ccbf0e7663a707a28c","data/international/tunstall-v2.bin":"92fa921a410c270c3126811dc2d8af22e1691aedaaf0d020ee01adbe572d26a9","dist/corpus-pack.json":"6d570320bbb75d898f29cf6fe6c93faef556899cfa0be0a6a33e8cdd862b4cb9","dist/worker-american.mjs":"950c58445422dbd59898195a526ad4fc113d832dac49381fe49f2ea624b91175","dist/worker-international.mjs":"31d06dd836dd1567391b3c5051f8dc53a7904e833887b045be19354f70ae1ee2","LICENSE":"e65a07d64c485ec9ffc4f7af9bd03035e365d9cf6bd3f12151f94139ffa86421","manifest.json":"909e9ec620b946f1e5612e47f837ae4aa2701252bebf2f32d08af756a8514385","node_modules/zod/LICENSE":"3f1189b28e3866e0d979968d466b78f813f76827cfdca1fbb124cc0a5c8841f8","package-lock.json":"90e25862b9c85f01add8441dcfd1071b62d753ecdacb5bfeb1e830de52257c28","package.json":"d96d42f89bfa40bdb6ccf8f10adbec4cd59dff814e78d94bb136598b96631c66","scripts/browser-check.mjs":"ed17d67724ef0ea6af4142413b7b0130a6ee054d5653741ad6bd057b5c2443bb","scripts/browser-evidence-controls.mjs":"1355cbe8f4e12c0e8c76989abab0db6244436cbde77c893de833c329dd0fd38f","scripts/browser-evidence.mjs":"7c9a8c3c478f18535d42b49e48c815c59e82e8617de76560c473ee82a889586b","scripts/build.mjs":"37489e755e6ec672fd77b8b95a08afe50ce7e0c620554bccddb77ec46ec1f703","scripts/check.mjs":"d064d3b7b10d6186b0ecc7f3d9081d0c0936740c358ebc67ca98789be836ebc7","scripts/corpus-pack.mjs":"e5f4915f6bb14b3c6d437276091203557efff8df13caeee85970a45e38392cba","scripts/integrity.mjs":"a0049c52b21e0494a48e1b61012c1d8f3838e5fc939187e905f3a479d060d2f0","src/bot-worker.ts":"eba2ca17afbccf6bcf06c20eb8d2aa776a3157112c2ec3db922933a39c78d653","src/bots.ts":"450791148c7bb7c6c3d74dfa732917f51472c127abf2d32b9436376de3acc219","src/browser.ts":"1f2aeb8f075d4310e92b22c9e800ed0792822172da8adfc7b238e9b91f741d81","src/chinook-corpus.ts":"d38d8fc850c1d27d0e5d4b883bd87798278761a16ad5973dc78b3b3b867e08c8","src/chinook.ts":"97310193de9dda474899a027d3519bbd536db9ee2a6ca6530a7e218f7fe5f32a","src/core.ts":"516f8b970c8cd1298882b76b8e61552f74464ea4224207c304f436e2e3532c6b","src/draws.ts":"e256daaef8fb43b498e8adcb71a77451c55aa9b1c24fc0a44bc36ee613dda4d1","src/endgame.ts":"f9f6cea20233c09dbd4cc3cf1337300ecc0cd5b833674e94baa193d04db98821","src/international-corpus.ts":"356c00f5c25642a9393e73e16306f0e02bb31e10818e0cdcfd99e26534b84a8a","src/international-indexes.ts":"fb56f60992bbbb589bd4069d565672aba4f5a61227a5380a874e6001ee991625","src/international-search.ts":"67b4ba228bfbf4e122c65c3619a0d529be07a3e3423f1ad5c51227d5f99962ee","src/international-six-data.ts":"08566eb9e7c6d7b324ac3a26f72edf86f8b22634361ec052d099bdab88e851d6","src/international-six-indexes.ts":"641218fe08800d06c9ec0b592cbac46978cd0d64249cff4f32b32eff77797c99","src/international.ts":"832f0dc95b0d8ac14e61af29914796df3128856c1617dbd8c8c24d20319b21ce","src/moves.ts":"d4ea90d730fb1add4f3d8fb98401fb9030a3e1e5ab83eb209b4a7839bd0044e1","src/play.template.html":"2d0345f395daa04b5bbe7153b4045bd2b553d28f0deaeaa689ad4aedc559dcef","src/retrograde.ts":"62ac9082dd82914f4a39e29d448b2e2defb03d2292090a110d747545052eca03","src/schema.ts":"416cb6ea418a0c71eb31e4cf8452bb16fbf455d23bd338a0326a76c22e0670ee","src/types.ts":"079cd5dbb2e20329bf386c3f506c3009534d2afce98804a1a999a239fe1cb16a","THIRD-PARTY-LICENSES.txt":"872acef306116e979ae43e6f20df09f3b040019ebbbcb2070d229f0ab5fe52f6","tsconfig.json":"fcc94a699ca26c01b4f9c4422dd4e5ab6811420993f5af01d9c6659549cd257c"},"command":"node scripts/browser-check.mjs","htmlPath":"/home/runner/work/partybox-game-cores/partybox-game-cores/jobs/G10-checkers/.work/play.html","htmlBytes":1390846291,"loadTimeoutMs":300000,"sourceSha256":"b4f5267561bd95d68455ea5a83b936692b246d1a8ed936199c820e430a2da3eb","profiles":[{"name":"desktop","width":1920,"height":1080,"throttle":1,"loadMs":8378.675350000001,"checks":15,"frameResults":[{"variant":"american","frames":600,"meanFps":60.00279613029967,"p99Ms":16.799999999999272},{"variant":"international","frames":600,"meanFps":60.00279613029967,"p99Ms":16.80000000000291}],"pageErrorCount":0,"httpRequestCount":0,"pageErrors":[],"httpRequests":[]},{"name":"phone","width":390,"height":844,"throttle":4,"loadMs":36877.100762,"checks":15,"frameResults":[{"variant":"american","frames":600,"meanFps":59.90234719360501,"p99Ms":16.80000000000291},{"variant":"international","frames":600,"meanFps":60.00238809504615,"p99Ms":16.80000000000291}],"pageErrorCount":0,"httpRequestCount":0,"pageErrors":[],"httpRequests":[]}],"capture":false,"functionalOnly":false,"frameVariants":["american","international"],"sourceGuardsAfter":{"../../contract/constants.ts":"27cdd23112ea03f344457e6f6e6b5839ff536ebeadbba189751520353aa085ef","../../contract/contract.ts":"c0f999c153074769c99c67ab2a71ad66c879e45e834713f3367b2bde4a1873d5","../../contract/minigame-schema.ts":"2438655eeb8ca658543b475070e6fb3ccb3947f154f57caa3f619c87853c9bbb","../../contract/package.json":"ec1418bc79e3563ed63d2aebfbb0cb039529f6dc1ac0e8e6d61f790cb065f495","../../contract/player-count-schema.ts":"0748d9d9bcf795d0693c37a0f369b262fd8801dec9ab1e4a9a4f5ec23751a189","../../contract/rng.ts":"7cfcf3024723607e8dd1ce6ccc5683a48d71fcc617947304cc5b9f6d3d7842fe","data/chinook/DB6.bin":"baee42a2b49390edd96e5a751189366275619c941d79021f3ca45774c3e7071f","data/chinook/DB6.idx":"10cb5cfc2a8c67e18c322563c17ceef0adeac87786a16c767c4616e9a574f4fd","data/chinook/LICENSE.txt":"8ed5c1393322801ac395d3e6c9d8e8f4b18bcca9e41f7b8cdf312f33be242a2d","data/chinook/manifest.json":"90f1970372040946f299660c33ded627fe574c7fa2d52be168e7b16c391d55d0","data/endgames.json":"edb5d87a27caa83945e2a5587418fa6f246fb30dd3823652871a598272e0075d","data/international/BOOST-LICENSE.txt":"c9bff75738922193e67fa726fa225535870d2aa1059f91452c411736284ad566","data/international/db2.bin":"305a1e7eabb4bab13577774009592e1614ddf8a4efe334d6fe3cb8221000b4ed","data/international/db2.idx":"9622e861c67ea250396b384bb95fec00fd541964c3109bdc1b27ae7aae1f73f2","data/international/db3.bin":"9dd9170657b11b5e18e0a2d54b6475d9cfd2cf821c6f9e4e9ba78bdf130e10aa","data/international/db3.idx":"84862531a87da451037c3c1087b5c082c293ff508ffb447adbc8b7e020fa7aaa","data/international/db4.bin":"14e5a8fa159c33a2d7ca01538ca4cd088222c2f204a6b6ef174ffcebd28c72aa","data/international/db4.idx":"4514098c3a0fe91fb98ea1950eb53558f94017ed4c6553d10f117c94348e393e","data/international/db5.bin":"b3e65f71d2c801a68fe8928f62e32c40266f7d8ae4e5ab99b643805b1ace2e02","data/international/db5.idx":"4a94297121f50feca73beaea7ab10622942194d2b5c098d1c30c5cbe5b78715a","data/international/LICENSE.md":"34055034c8caa4d7637c91adc11f28229cea6a097c9b9d2610318cb66e1ef6cc","data/international/manifest.json":"6cc33b38df4f1f2b1ea79fa7fcbe11972976986828e7adee28934b4ad3921a04","data/international/six/db6-0303.000.chunk":"75d63f54a4aefbb6a29871ac2c96fe8064239630c141c79298c99ede5af7bfae","data/international/six/db6-0303.idx":"9f6e7dddd055eb1234cc79750e749c9b2ef49bdf410d7761a0a27f76dc606b04","data/international/six/db6-0312.000.chunk":"a65ac7e0daf00efcb905cec95900ce8fe7c7afda3d242a693a229b2584fcdd89","data/international/six/db6-0312.idx":"9df486596addc03a3454c242a25198c35f0a371dbd0055ca1ad777bff28bc43a","data/international/six/db6-0321.000.chunk":"4f4af0182c39c3646128b9e17d2b283196e8cb4441452b4a01e9c2532e4b6b53","data/international/six/db6-0321.001.chunk":"b8d62083255a57d82395b04eddf6cf735700f3ead646b526fc9882bace3a0e40","data/international/six/db6-0321.idx":"af4c2df56553f4386223b11ad75e7ad4f5c26625be854d52b1e6f8760d8c3bee","data/international/six/db6-0330.000.chunk":"de1dfc76776fe69bf25a7e64b4f1800c17b196f7e9cf2258cb792f51d17fd5c1","data/international/six/db6-0330.idx":"ce6bba6b659d289f3823a0221a5927fe0cbdf313af052cadfbfe0259791590ca","data/international/six/db6-0402.000.chunk":"9508c060e20d0f01da854b4cd4e018f634241b5abb90e73ece71bd4ca69c2517","data/international/six/db6-0402.idx":"096c6e3b12ecf960f7012878baec51d00f1cafda9880d2b29128b21cb3821485","data/international/six/db6-0411.000.chunk":"d3a9300cbe73b288d4d897d20434b6f4373166f58cc69328043a835efbf03247","data/international/six/db6-0411.idx":"1c92044e7b38d59c1485a0b064ed22e5b685346a0d62ac8fce74c3d6d5130cf0","data/international/six/db6-0420.000.chunk":"26162642d1c3439d6e3abcef8c1a210857b371607d82a1714cb99a47ad803a6e","data/international/six/db6-0420.idx":"4d47ac027225d63cf773a0f5fe9258c5e5f3b3670b04de677bc0a10399e3a56d","data/international/six/db6-0501.000.chunk":"82881a78d8a5052037911bc0e1d33231fd1dce64f283fd5f53bb297c26e60221","data/international/six/db6-0501.idx":"d29f8d532adce5f2ba9befd66ae47413b3e91e0666b891c1f08b8b0c7eb4ea10","data/international/six/db6-0510.000.chunk":"28f286c57a29bac59c095d9efdbd2cd87ee648416a0d4e85099bd8c192bc8383","data/international/six/db6-0510.idx":"356a04a2d92ce1c614671b5e246d4c74215c55728480d79d24065252b1e3689a","data/international/six/db6-1212.000.chunk":"5f8cc263773a36546efb0af5e5f6e4bdb4bbd497a50bf00e477aec30e478923f","data/international/six/db6-1212.001.chunk":"578a53681f654ca3463c205428c02a2812751af0fc83aabb26912573bfeabf79","data/international/six/db6-1212.idx":"62c58abb6f24f8280d0f2b0d99cf2e78c85e4a8b8a37da142fdafce33911db7a","data/international/six/db6-1221.000.chunk":"acc65c6b904a669302b3f1dacf917f44852baa3febb2d33379ecdb9153dfd898","data/international/six/db6-1221.001.chunk":"44b31af46ccd5df50c10eea39107f33244be8d98ea39300c2ef739173573f775","data/international/six/db6-1221.002.chunk":"471ec101d7053b0029059f4ce617ffb88512a7d08d86f2be7e170abc29e8c2e9","data/international/six/db6-1221.003.chunk":"67460687baa048e40deaf19e4168f3fd644a9ffaad0475a02a7c65462a249738","data/international/six/db6-1221.idx":"893f2a20b42eb9b6a437b2a4c79635190b1b7d8303d67c2c6048ad762b654072","data/international/six/db6-1230.000.chunk":"45e595ea9c3279d783cf4632762912554f98103bb24fd3712ea5cd371ae077c6","data/international/six/db6-1230.001.chunk":"86282c8af312b2ee4e8a8c36a228ccd72b5a81ae7bd9e03ed86e63c92ba386cb","data/international/six/db6-1230.idx":"56f9a806af26475371ea04d7230e2316e6ce8206ea14fe28628b646ac5415d37","data/international/six/db6-1302.000.chunk":"a0bde8399fecc594fe8ad84b953018c2fd3796805de67f5361982b244027413f","data/international/six/db6-1302.001.chunk":"7398a50ae97329727420dca59b959f28ed295dbdd59e6dd54fb54d88554decfa","data/international/six/db6-1302.idx":"fc695c254e053157a79dfd22c287fcde716e887ba4a0e5765cc27be221efd7ab","data/international/six/db6-1311.000.chunk":"eac5625451bccbdee80bb5d98c1ae8b7d9dc7bcd218240d543e04ec76d692a36","data/international/six/db6-1311.001.chunk":"cc9e1d6f56f80b7f6fe73d30a878bd2c7e9be3cea795d0c64e2847976e57d88b","data/international/six/db6-1311.002.chunk":"33eb6b6262f6d2b248c2772ab41277231e227a0024007db766ae48edc31e7c6a","data/international/six/db6-1311.003.chunk":"d59c08b053c2d047da4cb9f793c9bcb905c689b0ada2108569428639f20eb107","data/international/six/db6-1311.idx":"824155526e1423c28dfc5a9e6ce803006fcdaabe5c5dcb72f52e4e0b29eb634a","data/international/six/db6-1320.000.chunk":"d37c461f883e519b95482bf38863e22c5cf71e3d4d26da2758aa06d8c5a69c1d","data/international/six/db6-1320.idx":"d9787b34307105c715e7b1f7cd463398386f5bdfa4d863fdee92af34b1dbf334","data/international/six/db6-1401.000.chunk":"45bb9b0339452bab7a464741003a168e43178944b286320b1eb70eb15458d17e","data/international/six/db6-1401.idx":"36c748d544a0d108e25f26a748f107ced6045229854dc0ec5cbabf39dccfd078","data/international/six/db6-1410.000.chunk":"6f3110cbbe9f88c12a01a7779b2034df76cc065e7767d153f17fd9d90efead51","data/international/six/db6-1410.idx":"f7a26d77bd12fb29b4d8492481e56c5c692a2c280062cc9518728882acd65890","data/international/six/db6-2121.000.chunk":"2b0d462e7d6f4e9188dec28fac5b91df1d93b655bd6f381e01dc7f82426dc742","data/international/six/db6-2121.001.chunk":"dd308ec8c23cb58e50f3be495b79934782cc3624036f88272a8526c87e6cd1f9","data/international/six/db6-2121.idx":"f3c643c2ac5d25da70b71339bc23d9c452e00244bd29562fd424b6a84ca3ad40","data/international/six/db6-2130.000.chunk":"320904de62832a1c6c9054c7650c61f10dd181da2e9b1b04aa86d2977656fde7","data/international/six/db6-2130.001.chunk":"a96061fbe9ec9d57d2edd5773fbd89145aafc7e5a5845c81bc58c5ecab63d2d6","data/international/six/db6-2130.idx":"9d6ed91ef56e08a1b98ee184839d9a880198c141aba47005a13587c572342a50","data/international/six/db6-2202.000.chunk":"43057f23a613a28f06bc9cd465b7ed44cf887dfe50e7001b7d1ef473cdbfd4b2","data/international/six/db6-2202.001.chunk":"585615fed0ec078a94e0ac32e3d52ac4d16b3eb7375663ff30d45e1293b3d44a","data/international/six/db6-2202.idx":"bae2e2b0a9709d4b46e397efdcdf322b2d461c492f221eb11f0638b2eb5951ec","data/international/six/db6-2211.000.chunk":"11dd5e990995f60597ec46e5f37a79429b072d11cf7353322dd95f7058c6d1ed","data/international/six/db6-2211.001.chunk":"8142e6725e68cefe12a42a8a8530a52182e9f44a2b85cb5ded48e445bc85bd7f","data/international/six/db6-2211.002.chunk":"c4d38e79e79b87802b26eded2a7c364946fea4d95450d35f10d7dcce343a8c69","data/international/six/db6-2211.003.chunk":"20b4af2d5329d20ebb3075c8cb31878935c15512cc2808546418879729f79402","data/international/six/db6-2211.004.chunk":"a4367099cfdacac510225de250b300e8fed1ba70d4438e14b311b7c796501089","data/international/six/db6-2211.005.chunk":"19b3a66dbf1497e2e455732a0f7ffb927c9e577f56c75419716439f524e9d514","data/international/six/db6-2211.006.chunk":"8bd6bc5bd76720a95a312bd8c6bae30701a6e99be19886e16126ca6abc3b2a7e","data/international/six/db6-2211.idx":"a525a93cfb7ccef53dce68366382a0c8764af216568b02b045edd8bd1230012a","data/international/six/db6-2220.000.chunk":"e1af2d5283389f43c81708a249e3c0b9968ed4aa322ac0bca48ca1ccc5d4dd7c","data/international/six/db6-2220.idx":"e3f4b23066c9f91d4a0f43984cbea7c01817d6a0e25c3705c7fb8327eb8a31a6","data/international/six/db6-2301.000.chunk":"0b6489a374a7680cb6697f2e78d0261558c15e5f6c629279b84f760cc5e2d4e4","data/international/six/db6-2301.idx":"fdcbc2bd251bf3b73822bd0e2b92cb8791deaa009bd2ab8730a25e3395ce7726","data/international/six/db6-2310.000.chunk":"13ae77b5d13ad94678dab0cfb4ca74f4db89190371eacc10bd92cadf10eb350f","data/international/six/db6-2310.idx":"1f8ece0f98423c4b9213ab41a2eec40fe32679fe71268bce240714d1b7896cda","data/international/six/db6-3030.000.chunk":"cecd125dd3e9f0e1fa8f42abd0d51c9b3f679839db56a60b50b380e764302569","data/international/six/db6-3030.idx":"c41521d134874aaa3151b4595373caf3a91afc0aea9e249c0d722612c0370a82","data/international/six/db6-3102.000.chunk":"c90c2e7384f00811e0445f566d7aa7243e861b65c71791df05f3679c1e6080c1","data/international/six/db6-3102.idx":"f0161e4b20319d077c04ae0e4607ac81a7b50315ea72ff456494b00072dac06d","data/international/six/db6-3111.000.chunk":"e62bab91ea59dbef862261975d320585d13f83fbaf709c7d686e0a085b594576","data/international/six/db6-3111.001.chunk":"49c653dccca0ad25d6c3e858f8dd55e540dfb48d6cee1dba749214d8d12b129b","data/international/six/db6-3111.002.chunk":"f3e3f75261fe41cc65d1ee5c3e4c391c5945e96c7635c091e384ed10d253043c","data/international/six/db6-3111.003.chunk":"5c6f451ee293fea2955580ac6717a2aeb991c58693c1f9a0aa5f7107c506d075","data/international/six/db6-3111.004.chunk":"53e58423b9d85e32bbb2eb3552df28124d5172ca983c214738558e7cf543234d","data/international/six/db6-3111.005.chunk":"6fa72cec7f0dcd4a79458b766c04f2fbbc3eeb1804f8ab8f1a3d546c1d0c04df","data/international/six/db6-3111.idx":"552cea6807e5de8bdaaa7430e48429d2876663c1c13bf8a80438ec3fc11222db","data/international/six/db6-3120.000.chunk":"4849d82cf6c7978ef034fc98ef90951d041b740fd79510c67f902a447061a5d2","data/international/six/db6-3120.idx":"b5243e519c0a2fb6f513062094758a95306e9144a48c7a555a79ed1887780c86","data/international/six/db6-3201.000.chunk":"8d899206c06202a55395530df8eab92bbd29b879e1310c0b704bdd26d1131772","data/international/six/db6-3201.idx":"f9b27e6e4cee762ed97a568b8f32673b1bfe5c22a64d0c5b47b7a18f39749958","data/international/six/db6-3210.000.chunk":"f829ad406b3b2b1f45e1ac30bc0e43440ce2b808025c27d3bfff2f704edeffb4","data/international/six/db6-3210.idx":"ab335ebeed4f38b97ad72512c77a84aa1a7a5b5d63f00278d205e9386b07c3be","data/international/six/db6-4002.000.chunk":"1f810fcb514771696b8b44d264a552607de2068b0595e165ee1b337f691d2530","data/international/six/db6-4002.idx":"7813f455b5b0225444c95e3424c3f30414373dae0cc6065d9b3e7bd07c304c67","data/international/six/db6-4011.000.chunk":"4e9176f2619ef1c62e5cbc5cb1e3ca7a0c45035148e4fb526eefc1266e1e7e38","data/international/six/db6-4011.idx":"84ad8d66b8560bdcf7a999b867381f36d93ee7724cf89d5abda8020ff9658e2d","data/international/six/db6-4020.000.chunk":"c1b0099c29929bd38f39e02b805bfa395e8b058bc73b3710bf6112efc2a56413","data/international/six/db6-4020.idx":"ed46094e80d77e4f27bdae4fe5678903eac0d72ff11bfbf0addf2d84205b7acd","data/international/six/db6-4101.000.chunk":"84e48039e29063ac53bb53f825c070190c6d424d91e41b3c6b8a5712d99dc07a","data/international/six/db6-4101.idx":"5b89058e3c8e2d225b5f80560b27f8001e42d648b410a616165747f2dc2f2a1b","data/international/six/db6-4110.000.chunk":"271c7e822c1a87b1a01c50a0705040d4e22f6f1a6850ba2baf547b09019a9e9c","data/international/six/db6-4110.idx":"99d0d61cfa656d9c84500f41892c66fbe9d24ebd96b873e63d8b3a3315a0fa78","data/international/six/db6-5001.000.chunk":"abb0af9db0c77accee65b836150e0eeed6c24d79d1c552ff21c9f1825e3846cf","data/international/six/db6-5001.idx":"3316a344e28cc3115daf8ed5d0dbf7f66dc57cafc39262172026d7efea6aab76","data/international/six/db6-5010.000.chunk":"b842fd58f936f742947a84e4587ba88fbc656ffa85371e2e75f57b79af612c5b","data/international/six/db6-5010.idx":"bd8c7a7853c0528d92799fbad5a1344a1ae4e7478598c9c82171afccef8cee41","data/international/six/manifest.json":"6532df5af4306b1b6b16723155b756faacef549bcc8292ccbf0e7663a707a28c","data/international/tunstall-v2.bin":"92fa921a410c270c3126811dc2d8af22e1691aedaaf0d020ee01adbe572d26a9","dist/corpus-pack.json":"6d570320bbb75d898f29cf6fe6c93faef556899cfa0be0a6a33e8cdd862b4cb9","dist/worker-american.mjs":"950c58445422dbd59898195a526ad4fc113d832dac49381fe49f2ea624b91175","dist/worker-international.mjs":"31d06dd836dd1567391b3c5051f8dc53a7904e833887b045be19354f70ae1ee2","LICENSE":"e65a07d64c485ec9ffc4f7af9bd03035e365d9cf6bd3f12151f94139ffa86421","manifest.json":"909e9ec620b946f1e5612e47f837ae4aa2701252bebf2f32d08af756a8514385","node_modules/zod/LICENSE":"3f1189b28e3866e0d979968d466b78f813f76827cfdca1fbb124cc0a5c8841f8","package-lock.json":"90e25862b9c85f01add8441dcfd1071b62d753ecdacb5bfeb1e830de52257c28","package.json":"d96d42f89bfa40bdb6ccf8f10adbec4cd59dff814e78d94bb136598b96631c66","scripts/browser-check.mjs":"ed17d67724ef0ea6af4142413b7b0130a6ee054d5653741ad6bd057b5c2443bb","scripts/browser-evidence-controls.mjs":"1355cbe8f4e12c0e8c76989abab0db6244436cbde77c893de833c329dd0fd38f","scripts/browser-evidence.mjs":"7c9a8c3c478f18535d42b49e48c815c59e82e8617de76560c473ee82a889586b","scripts/build.mjs":"37489e755e6ec672fd77b8b95a08afe50ce7e0c620554bccddb77ec46ec1f703","scripts/check.mjs":"d064d3b7b10d6186b0ecc7f3d9081d0c0936740c358ebc67ca98789be836ebc7","scripts/corpus-pack.mjs":"e5f4915f6bb14b3c6d437276091203557efff8df13caeee85970a45e38392cba","scripts/integrity.mjs":"a0049c52b21e0494a48e1b61012c1d8f3838e5fc939187e905f3a479d060d2f0","src/bot-worker.ts":"eba2ca17afbccf6bcf06c20eb8d2aa776a3157112c2ec3db922933a39c78d653","src/bots.ts":"450791148c7bb7c6c3d74dfa732917f51472c127abf2d32b9436376de3acc219","src/browser.ts":"1f2aeb8f075d4310e92b22c9e800ed0792822172da8adfc7b238e9b91f741d81","src/chinook-corpus.ts":"d38d8fc850c1d27d0e5d4b883bd87798278761a16ad5973dc78b3b3b867e08c8","src/chinook.ts":"97310193de9dda474899a027d3519bbd536db9ee2a6ca6530a7e218f7fe5f32a","src/core.ts":"516f8b970c8cd1298882b76b8e61552f74464ea4224207c304f436e2e3532c6b","src/draws.ts":"e256daaef8fb43b498e8adcb71a77451c55aa9b1c24fc0a44bc36ee613dda4d1","src/endgame.ts":"f9f6cea20233c09dbd4cc3cf1337300ecc0cd5b833674e94baa193d04db98821","src/international-corpus.ts":"356c00f5c25642a9393e73e16306f0e02bb31e10818e0cdcfd99e26534b84a8a","src/international-indexes.ts":"fb56f60992bbbb589bd4069d565672aba4f5a61227a5380a874e6001ee991625","src/international-search.ts":"67b4ba228bfbf4e122c65c3619a0d529be07a3e3423f1ad5c51227d5f99962ee","src/international-six-data.ts":"08566eb9e7c6d7b324ac3a26f72edf86f8b22634361ec052d099bdab88e851d6","src/international-six-indexes.ts":"641218fe08800d06c9ec0b592cbac46978cd0d64249cff4f32b32eff77797c99","src/international.ts":"832f0dc95b0d8ac14e61af29914796df3128856c1617dbd8c8c24d20319b21ce","src/moves.ts":"d4ea90d730fb1add4f3d8fb98401fb9030a3e1e5ab83eb209b4a7839bd0044e1","src/play.template.html":"2d0345f395daa04b5bbe7153b4045bd2b553d28f0deaeaa689ad4aedc559dcef","src/retrograde.ts":"62ac9082dd82914f4a39e29d448b2e2defb03d2292090a110d747545052eca03","src/schema.ts":"416cb6ea418a0c71eb31e4cf8452bb16fbf455d23bd338a0326a76c22e0670ee","src/types.ts":"079cd5dbb2e20329bf386c3f506c3009534d2afce98804a1a999a239fe1cb16a","THIRD-PARTY-LICENSES.txt":"872acef306116e979ae43e6f20df09f3b040019ebbbcb2070d229f0ab5fe52f6","tsconfig.json":"fcc94a699ca26c01b4f9c4422dd4e5ab6811420993f5af01d9c6659549cd257c"},"sourceSha256After":"b4f5267561bd95d68455ea5a83b936692b246d1a8ed936199c820e430a2da3eb","htmlBytesAfter":1390846291,"checks":[{"profile":"desktop","name":"disk load, no external assets and reduced motion","pass":true},{"profile":"desktop","name":"American standard board and complete hot-seat turn","pass":true},{"profile":"desktop","name":"multi-jump draft leaves the actual position unchanged","pass":true},{"profile":"desktop","name":"American crown ends the capture turn","pass":true},{"profile":"desktop","name":"International full maximum capture and promotion","pass":true},{"profile":"desktop","name":"International crown transit stays a man","pass":true},{"profile":"desktop","name":"pause/resume and optional exact deadline forfeit","pass":true},{"profile":"desktop","name":"winner/results and explicit next table","pass":true},{"profile":"desktop","name":"manual Strong move uses local full-corpus worker and preserves legal core choice","pass":true},{"profile":"desktop","name":"International actual2–5 corpus worker prepares offline and preserves pending input","pass":true},{"profile":"desktop","name":"International actual six-piece Strong worker reads original local blocks","pass":true},{"profile":"desktop","name":"consecutive bot turns reuse the prepared worker and pause cancels it","pass":true},{"profile":"desktop","name":"pause cancels worker before it can apply an old move","pass":true},{"profile":"desktop","name":"names remain text and hostile original IDs have finite public results","pass":true},{"profile":"desktop","name":"viewport fits both boards and all controls","pass":true},{"profile":"phone","name":"disk load, no external assets and reduced motion","pass":true},{"profile":"phone","name":"American standard board and complete hot-seat turn","pass":true},{"profile":"phone","name":"multi-jump draft leaves the actual position unchanged","pass":true},{"profile":"phone","name":"American crown ends the capture turn","pass":true},{"profile":"phone","name":"International full maximum capture and promotion","pass":true},{"profile":"phone","name":"International crown transit stays a man","pass":true},{"profile":"phone","name":"pause/resume and optional exact deadline forfeit","pass":true},{"profile":"phone","name":"winner/results and explicit next table","pass":true},{"profile":"phone","name":"manual Strong move uses local full-corpus worker and preserves legal core choice","pass":true},{"profile":"phone","name":"International actual2–5 corpus worker prepares offline and preserves pending input","pass":true},{"profile":"phone","name":"International actual six-piece Strong worker reads original local blocks","pass":true},{"profile":"phone","name":"consecutive bot turns reuse the prepared worker and pause cancels it","pass":true},{"profile":"phone","name":"pause cancels worker before it can apply an old move","pass":true},{"profile":"phone","name":"names remain text and hostile original IDs have finite public results","pass":true},{"profile":"phone","name":"viewport fits both boards and all controls","pass":true}],"totalChecks":30}
2026-10-09T03:28:44.3633812Z {"evidenceVersion":1,"runId":"2c67581d-700f-4886-b295-fd594709e792","sourceGuardsBefore":{"../../contract/constants.ts":"27cdd23112ea03f344457e6f6e6b5839ff536ebeadbba189751520353aa085ef","../../contract/contract.ts":"c0f999c153074769c99c67ab2a71ad66c879e45e834713f3367b2bde4a1873d5","../../contract/minigame-schema.ts":"2438655eeb8ca658543b475070e6fb3ccb3947f154f57caa3f619c87853c9bbb","../../contract/package.json":"ec1418bc79e3563ed63d2aebfbb0cb039529f6dc1ac0e8e6d61f790cb065f495","../../contract/player-count-schema.ts":"0748d9d9bcf795d0693c37a0f369b262fd8801dec9ab1e4a9a4f5ec23751a189","../../contract/rng.ts":"7cfcf3024723607e8dd1ce6ccc5683a48d71fcc617947304cc5b9f6d3d7842fe","data/chinook/DB6.bin":"baee42a2b49390edd96e5a751189366275619c941d79021f3ca45774c3e7071f","data/chinook/DB6.idx":"10cb5cfc2a8c67e18c322563c17ceef0adeac87786a16c767c4616e9a574f4fd","data/chinook/LICENSE.txt":"8ed5c1393322801ac395d3e6c9d8e8f4b18bcca9e41f7b8cdf312f33be242a2d","data/chinook/manifest.json":"90f1970372040946f299660c33ded627fe574c7fa2d52be168e7b16c391d55d0","data/endgames.json":"edb5d87a27caa83945e2a5587418fa6f246fb30dd3823652871a598272e0075d","data/international/BOOST-LICENSE.txt":"c9bff75738922193e67fa726fa225535870d2aa1059f91452c411736284ad566","data/international/db2.bin":"305a1e7eabb4bab13577774009592e1614ddf8a4efe334d6fe3cb8221000b4ed","data/international/db2.idx":"9622e861c67ea250396b384bb95fec00fd541964c3109bdc1b27ae7aae1f73f2","data/international/db3.bin":"9dd9170657b11b5e18e0a2d54b6475d9cfd2cf821c6f9e4e9ba78bdf130e10aa","data/international/db3.idx":"84862531a87da451037c3c1087b5c082c293ff508ffb447adbc8b7e020fa7aaa","data/international/db4.bin":"14e5a8fa159c33a2d7ca01538ca4cd088222c2f204a6b6ef174ffcebd28c72aa","data/international/db4.idx":"4514098c3a0fe91fb98ea1950eb53558f94017ed4c6553d10f117c94348e393e","data/international/db5.bin":"b3e65f71d2c801a68fe8928f62e32c40266f7d8ae4e5ab99b643805b1ace2e02","data/international/db5.idx":"4a94297121f50feca73beaea7ab10622942194d2b5c098d1c30c5cbe5b78715a","data/international/LICENSE.md":"34055034c8caa4d7637c91adc11f28229cea6a097c9b9d2610318cb66e1ef6cc","data/international/manifest.json":"6cc33b38df4f1f2b1ea79fa7fcbe11972976986828e7adee28934b4ad3921a04","data/international/six/db6-0303.000.chunk":"75d63f54a4aefbb6a29871ac2c96fe8064239630c141c79298c99ede5af7bfae","data/international/six/db6-0303.idx":"9f6e7dddd055eb1234cc79750e749c9b2ef49bdf410d7761a0a27f76dc606b04","data/international/six/db6-0312.000.chunk":"a65ac7e0daf00efcb905cec95900ce8fe7c7afda3d242a693a229b2584fcdd89","data/international/six/db6-0312.idx":"9df486596addc03a3454c242a25198c35f0a371dbd0055ca1ad777bff28bc43a","data/international/six/db6-0321.000.chunk":"4f4af0182c39c3646128b9e17d2b283196e8cb4441452b4a01e9c2532e4b6b53","data/international/six/db6-0321.001.chunk":"b8d62083255a57d82395b04eddf6cf735700f3ead646b526fc9882bace3a0e40","data/international/six/db6-0321.idx":"af4c2df56553f4386223b11ad75e7ad4f5c26625be854d52b1e6f8760d8c3bee","data/international/six/db6-0330.000.chunk":"de1dfc76776fe69bf25a7e64b4f1800c17b196f7e9cf2258cb792f51d17fd5c1","data/international/six/db6-0330.idx":"ce6bba6b659d289f3823a0221a5927fe0cbdf313af052cadfbfe0259791590ca","data/international/six/db6-0402.000.chunk":"9508c060e20d0f01da854b4cd4e018f634241b5abb90e73ece71bd4ca69c2517","data/international/six/db6-0402.idx":"096c6e3b12ecf960f7012878baec51d00f1cafda9880d2b29128b21cb3821485","data/international/six/db6-0411.000.chunk":"d3a9300cbe73b288d4d897d20434b6f4373166f58cc69328043a835efbf03247","data/international/six/db6-0411.idx":"1c92044e7b38d59c1485a0b064ed22e5b685346a0d62ac8fce74c3d6d5130cf0","data/international/six/db6-0420.000.chunk":"26162642d1c3439d6e3abcef8c1a210857b371607d82a1714cb99a47ad803a6e","data/international/six/db6-0420.idx":"4d47ac027225d63cf773a0f5fe9258c5e5f3b3670b04de677bc0a10399e3a56d","data/international/six/db6-0501.000.chunk":"82881a78d8a5052037911bc0e1d33231fd1dce64f283fd5f53bb297c26e60221","data/international/six/db6-0501.idx":"d29f8d532adce5f2ba9befd66ae47413b3e91e0666b891c1f08b8b0c7eb4ea10","data/international/six/db6-0510.000.chunk":"28f286c57a29bac59c095d9efdbd2cd87ee648416a0d4e85099bd8c192bc8383","data/international/six/db6-0510.idx":"356a04a2d92ce1c614671b5e246d4c74215c55728480d79d24065252b1e3689a","data/international/six/db6-1212.000.chunk":"5f8cc263773a36546efb0af5e5f6e4bdb4bbd497a50bf00e477aec30e478923f","data/international/six/db6-1212.001.chunk":"578a53681f654ca3463c205428c02a2812751af0fc83aabb26912573bfeabf79","data/international/six/db6-1212.idx":"62c58abb6f24f8280d0f2b0d99cf2e78c85e4a8b8a37da142fdafce33911db7a","data/international/six/db6-1221.000.chunk":"acc65c6b904a669302b3f1dacf917f44852baa3febb2d33379ecdb9153dfd898","data/international/six/db6-1221.001.chunk":"44b31af46ccd5df50c10eea39107f33244be8d98ea39300c2ef739173573f775","data/international/six/db6-1221.002.chunk":"471ec101d7053b0029059f4ce617ffb88512a7d08d86f2be7e170abc29e8c2e9","data/international/six/db6-1221.003.chunk":"67460687baa048e40deaf19e4168f3fd644a9ffaad0475a02a7c65462a249738","data/international/six/db6-1221.idx":"893f2a20b42eb9b6a437b2a4c79635190b1b7d8303d67c2c6048ad762b654072","data/international/six/db6-1230.000.chunk":"45e595ea9c3279d783cf4632762912554f98103bb24fd3712ea5cd371ae077c6","data/international/six/db6-1230.001.chunk":"86282c8af312b2ee4e8a8c36a228ccd72b5a81ae7bd9e03ed86e63c92ba386cb","data/international/six/db6-1230.idx":"56f9a806af26475371ea04d7230e2316e6ce8206ea14fe28628b646ac5415d37","data/international/six/db6-1302.000.chunk":"a0bde8399fecc594fe8ad84b953018c2fd3796805de67f5361982b244027413f","data/international/six/db6-1302.001.chunk":"7398a50ae97329727420dca59b959f28ed295dbdd59e6dd54fb54d88554decfa","data/international/six/db6-1302.idx":"fc695c254e053157a79dfd22c287fcde716e887ba4a0e5765cc27be221efd7ab","data/international/six/db6-1311.000.chunk":"eac5625451bccbdee80bb5d98c1ae8b7d9dc7bcd218240d543e04ec76d692a36","data/international/six/db6-1311.001.chunk":"cc9e1d6f56f80b7f6fe73d30a878bd2c7e9be3cea795d0c64e2847976e57d88b","data/international/six/db6-1311.002.chunk":"33eb6b6262f6d2b248c2772ab41277231e227a0024007db766ae48edc31e7c6a","data/international/six/db6-1311.003.chunk":"d59c08b053c2d047da4cb9f793c9bcb905c689b0ada2108569428639f20eb107","data/international/six/db6-1311.idx":"824155526e1423c28dfc5a9e6ce803006fcdaabe5c5dcb72f52e4e0b29eb634a","data/international/six/db6-1320.000.chunk":"d37c461f883e519b95482bf38863e22c5cf71e3d4d26da2758aa06d8c5a69c1d","data/international/six/db6-1320.idx":"d9787b34307105c715e7b1f7cd463398386f5bdfa4d863fdee92af34b1dbf334","data/international/six/db6-1401.000.chunk":"45bb9b0339452bab7a464741003a168e43178944b286320b1eb70eb15458d17e","data/international/six/db6-1401.idx":"36c748d544a0d108e25f26a748f107ced6045229854dc0ec5cbabf39dccfd078","data/international/six/db6-1410.000.chunk":"6f3110cbbe9f88c12a01a7779b2034df76cc065e7767d153f17fd9d90efead51","data/international/six/db6-1410.idx":"f7a26d77bd12fb29b4d8492481e56c5c692a2c280062cc9518728882acd65890","data/international/six/db6-2121.000.chunk":"2b0d462e7d6f4e9188dec28fac5b91df1d93b655bd6f381e01dc7f82426dc742","data/international/six/db6-2121.001.chunk":"dd308ec8c23cb58e50f3be495b79934782cc3624036f88272a8526c87e6cd1f9","data/international/six/db6-2121.idx":"f3c643c2ac5d25da70b71339bc23d9c452e00244bd29562fd424b6a84ca3ad40","data/international/six/db6-2130.000.chunk":"320904de62832a1c6c9054c7650c61f10dd181da2e9b1b04aa86d2977656fde7","data/international/six/db6-2130.001.chunk":"a96061fbe9ec9d57d2edd5773fbd89145aafc7e5a5845c81bc58c5ecab63d2d6","data/international/six/db6-2130.idx":"9d6ed91ef56e08a1b98ee184839d9a880198c141aba47005a13587c572342a50","data/international/six/db6-2202.000.chunk":"43057f23a613a28f06bc9cd465b7ed44cf887dfe50e7001b7d1ef473cdbfd4b2","data/international/six/db6-2202.001.chunk":"585615fed0ec078a94e0ac32e3d52ac4d16b3eb7375663ff30d45e1293b3d44a","data/international/six/db6-2202.idx":"bae2e2b0a9709d4b46e397efdcdf322b2d461c492f221eb11f0638b2eb5951ec","data/international/six/db6-2211.000.chunk":"11dd5e990995f60597ec46e5f37a79429b072d11cf7353322dd95f7058c6d1ed","data/international/six/db6-2211.001.chunk":"8142e6725e68cefe12a42a8a8530a52182e9f44a2b85cb5ded48e445bc85bd7f","data/international/six/db6-2211.002.chunk":"c4d38e79e79b87802b26eded2a7c364946fea4d95450d35f10d7dcce343a8c69","data/international/six/db6-2211.003.chunk":"20b4af2d5329d20ebb3075c8cb31878935c15512cc2808546418879729f79402","data/international/six/db6-2211.004.chunk":"a4367099cfdacac510225de250b300e8fed1ba70d4438e14b311b7c796501089","data/international/six/db6-2211.005.chunk":"19b3a66dbf1497e2e455732a0f7ffb927c9e577f56c75419716439f524e9d514","data/international/six/db6-2211.006.chunk":"8bd6bc5bd76720a95a312bd8c6bae30701a6e99be19886e16126ca6abc3b2a7e","data/international/six/db6-2211.idx":"a525a93cfb7ccef53dce68366382a0c8764af216568b02b045edd8bd1230012a","data/international/six/db6-2220.000.chunk":"e1af2d5283389f43c81708a249e3c0b9968ed4aa322ac0bca48ca1ccc5d4dd7c","data/international/six/db6-2220.idx":"e3f4b23066c9f91d4a0f43984cbea7c01817d6a0e25c3705c7fb8327eb8a31a6","data/international/six/db6-2301.000.chunk":"0b6489a374a7680cb6697f2e78d0261558c15e5f6c629279b84f760cc5e2d4e4","data/international/six/db6-2301.idx":"fdcbc2bd251bf3b73822bd0e2b92cb8791deaa009bd2ab8730a25e3395ce7726","data/international/six/db6-2310.000.chunk":"13ae77b5d13ad94678dab0cfb4ca74f4db89190371eacc10bd92cadf10eb350f","data/international/six/db6-2310.idx":"1f8ece0f98423c4b9213ab41a2eec40fe32679fe71268bce240714d1b7896cda","data/international/six/db6-3030.000.chunk":"cecd125dd3e9f0e1fa8f42abd0d51c9b3f679839db56a60b50b380e764302569","data/international/six/db6-3030.idx":"c41521d134874aaa3151b4595373caf3a91afc0aea9e249c0d722612c0370a82","data/international/six/db6-3102.000.chunk":"c90c2e7384f00811e0445f566d7aa7243e861b65c71791df05f3679c1e6080c1","data/international/six/db6-3102.idx":"f0161e4b20319d077c04ae0e4607ac81a7b50315ea72ff456494b00072dac06d","data/international/six/db6-3111.000.chunk":"e62bab91ea59dbef862261975d320585d13f83fbaf709c7d686e0a085b594576","data/international/six/db6-3111.001.chunk":"49c653dccca0ad25d6c3e858f8dd55e540dfb48d6cee1dba749214d8d12b129b","data/international/six/db6-3111.002.chunk":"f3e3f75261fe41cc65d1ee5c3e4c391c5945e96c7635c091e384ed10d253043c","data/international/six/db6-3111.003.chunk":"5c6f451ee293fea2955580ac6717a2aeb991c58693c1f9a0aa5f7107c506d075","data/international/six/db6-3111.004.chunk":"53e58423b9d85e32bbb2eb3552df28124d5172ca983c214738558e7cf543234d","data/international/six/db6-3111.005.chunk":"6fa72cec7f0dcd4a79458b766c04f2fbbc3eeb1804f8ab8f1a3d546c1d0c04df","data/international/six/db6-3111.idx":"552cea6807e5de8bdaaa7430e48429d2876663c1c13bf8a80438ec3fc11222db","data/international/six/db6-3120.000.chunk":"4849d82cf6c7978ef034fc98ef90951d041b740fd79510c67f902a447061a5d2","data/international/six/db6-3120.idx":"b5243e519c0a2fb6f513062094758a95306e9144a48c7a555a79ed1887780c86","data/international/six/db6-3201.000.chunk":"8d899206c06202a55395530df8eab92bbd29b879e1310c0b704bdd26d1131772","data/international/six/db6-3201.idx":"f9b27e6e4cee762ed97a568b8f32673b1bfe5c22a64d0c5b47b7a18f39749958","data/international/six/db6-3210.000.chunk":"f829ad406b3b2b1f45e1ac30bc0e43440ce2b808025c27d3bfff2f704edeffb4","data/international/six/db6-3210.idx":"ab335ebeed4f38b97ad72512c77a84aa1a7a5b5d63f00278d205e9386b07c3be","data/international/six/db6-4002.000.chunk":"1f810fcb514771696b8b44d264a552607de2068b0595e165ee1b337f691d2530","data/international/six/db6-4002.idx":"7813f455b5b0225444c95e3424c3f30414373dae0cc6065d9b3e7bd07c304c67","data/international/six/db6-4011.000.chunk":"4e9176f2619ef1c62e5cbc5cb1e3ca7a0c45035148e4fb526eefc1266e1e7e38","data/international/six/db6-4011.idx":"84ad8d66b8560bdcf7a999b867381f36d93ee7724cf89d5abda8020ff9658e2d","data/international/six/db6-4020.000.chunk":"c1b0099c29929bd38f39e02b805bfa395e8b058bc73b3710bf6112efc2a56413","data/international/six/db6-4020.idx":"ed46094e80d77e4f27bdae4fe5678903eac0d72ff11bfbf0addf2d84205b7acd","data/international/six/db6-4101.000.chunk":"84e48039e29063ac53bb53f825c070190c6d424d91e41b3c6b8a5712d99dc07a","data/international/six/db6-4101.idx":"5b89058e3c8e2d225b5f80560b27f8001e42d648b410a616165747f2dc2f2a1b","data/international/six/db6-4110.000.chunk":"271c7e822c1a87b1a01c50a0705040d4e22f6f1a6850ba2baf547b09019a9e9c","data/international/six/db6-4110.idx":"99d0d61cfa656d9c84500f41892c66fbe9d24ebd96b873e63d8b3a3315a0fa78","data/international/six/db6-5001.000.chunk":"abb0af9db0c77accee65b836150e0eeed6c24d79d1c552ff21c9f1825e3846cf","data/international/six/db6-5001.idx":"3316a344e28cc3115daf8ed5d0dbf7f66dc57cafc39262172026d7efea6aab76","data/international/six/db6-5010.000.chunk":"b842fd58f936f742947a84e4587ba88fbc656ffa85371e2e75f57b79af612c5b","data/international/six/db6-5010.idx":"bd8c7a7853c0528d92799fbad5a1344a1ae4e7478598c9c82171afccef8cee41","data/international/six/manifest.json":"6532df5af4306b1b6b16723155b756faacef549bcc8292ccbf0e7663a707a28c","data/international/tunstall-v2.bin":"92fa921a410c270c3126811dc2d8af22e1691aedaaf0d020ee01adbe572d26a9","dist/corpus-pack.json":"6d570320bbb75d898f29cf6fe6c93faef556899cfa0be0a6a33e8cdd862b4cb9","dist/worker-american.mjs":"950c58445422dbd59898195a526ad4fc113d832dac49381fe49f2ea624b91175","dist/worker-international.mjs":"31d06dd836dd1567391b3c5051f8dc53a7904e833887b045be19354f70ae1ee2","LICENSE":"e65a07d64c485ec9ffc4f7af9bd03035e365d9cf6bd3f12151f94139ffa86421","manifest.json":"909e9ec620b946f1e5612e47f837ae4aa2701252bebf2f32d08af756a8514385","node_modules/zod/LICENSE":"3f1189b28e3866e0d979968d466b78f813f76827cfdca1fbb124cc0a5c8841f8","package-lock.json":"90e25862b9c85f01add8441dcfd1071b62d753ecdacb5bfeb1e830de52257c28","package.json":"d96d42f89bfa40bdb6ccf8f10adbec4cd59dff814e78d94bb136598b96631c66","scripts/browser-check.mjs":"ed17d67724ef0ea6af4142413b7b0130a6ee054d5653741ad6bd057b5c2443bb","scripts/browser-evidence-controls.mjs":"1355cbe8f4e12c0e8c76989abab0db6244436cbde77c893de833c329dd0fd38f","scripts/browser-evidence.mjs":"7c9a8c3c478f18535d42b49e48c815c59e82e8617de76560c473ee82a889586b","scripts/build.mjs":"37489e755e6ec672fd77b8b95a08afe50ce7e0c620554bccddb77ec46ec1f703","scripts/check.mjs":"d064d3b7b10d6186b0ecc7f3d9081d0c0936740c358ebc67ca98789be836ebc7","scripts/corpus-pack.mjs":"e5f4915f6bb14b3c6d437276091203557efff8df13caeee85970a45e38392cba","scripts/integrity.mjs":"a0049c52b21e0494a48e1b61012c1d8f3838e5fc939187e905f3a479d060d2f0","src/bot-worker.ts":"eba2ca17afbccf6bcf06c20eb8d2aa776a3157112c2ec3db922933a39c78d653","src/bots.ts":"450791148c7bb7c6c3d74dfa732917f51472c127abf2d32b9436376de3acc219","src/browser.ts":"1f2aeb8f075d4310e92b22c9e800ed0792822172da8adfc7b238e9b91f741d81","src/chinook-corpus.ts":"d38d8fc850c1d27d0e5d4b883bd87798278761a16ad5973dc78b3b3b867e08c8","src/chinook.ts":"97310193de9dda474899a027d3519bbd536db9ee2a6ca6530a7e218f7fe5f32a","src/core.ts":"516f8b970c8cd1298882b76b8e61552f74464ea4224207c304f436e2e3532c6b","src/draws.ts":"e256daaef8fb43b498e8adcb71a77451c55aa9b1c24fc0a44bc36ee613dda4d1","src/endgame.ts":"f9f6cea20233c09dbd4cc3cf1337300ecc0cd5b833674e94baa193d04db98821","src/international-corpus.ts":"356c00f5c25642a9393e73e16306f0e02bb31e10818e0cdcfd99e26534b84a8a","src/international-indexes.ts":"fb56f60992bbbb589bd4069d565672aba4f5a61227a5380a874e6001ee991625","src/international-search.ts":"67b4ba228bfbf4e122c65c3619a0d529be07a3e3423f1ad5c51227d5f99962ee","src/international-six-data.ts":"08566eb9e7c6d7b324ac3a26f72edf86f8b22634361ec052d099bdab88e851d6","src/international-six-indexes.ts":"641218fe08800d06c9ec0b592cbac46978cd0d64249cff4f32b32eff77797c99","src/international.ts":"832f0dc95b0d8ac14e61af29914796df3128856c1617dbd8c8c24d20319b21ce","src/moves.ts":"d4ea90d730fb1add4f3d8fb98401fb9030a3e1e5ab83eb209b4a7839bd0044e1","src/play.template.html":"2d0345f395daa04b5bbe7153b4045bd2b553d28f0deaeaa689ad4aedc559dcef","src/retrograde.ts":"62ac9082dd82914f4a39e29d448b2e2defb03d2292090a110d747545052eca03","src/schema.ts":"416cb6ea418a0c71eb31e4cf8452bb16fbf455d23bd338a0326a76c22e0670ee","src/types.ts":"079cd5dbb2e20329bf386c3f506c3009534d2afce98804a1a999a239fe1cb16a","THIRD-PARTY-LICENSES.txt":"872acef306116e979ae43e6f20df09f3b040019ebbbcb2070d229f0ab5fe52f6","tsconfig.json":"fcc94a699ca26c01b4f9c4422dd4e5ab6811420993f5af01d9c6659549cd257c"},"command":"node scripts/browser-check.mjs --capture","htmlPath":"/home/runner/work/partybox-game-cores/partybox-game-cores/jobs/G10-checkers/.work/play.html","htmlBytes":1390846291,"loadTimeoutMs":300000,"sourceSha256":"b4f5267561bd95d68455ea5a83b936692b246d1a8ed936199c820e430a2da3eb","profiles":[{"name":"desktop","width":1920,"height":1080,"throttle":1,"loadMs":8442.345575,"checks":15,"frameResults":[{"variant":"american","frames":600,"meanFps":60.00219608037656,"p99Ms":16.799999999999272},{"variant":"international","frames":600,"meanFps":60.003000150007516,"p99Ms":16.80000000000291}],"pageErrorCount":0,"httpRequestCount":0,"pageErrors":[],"httpRequests":[],"video":{"file":"desktop.webm","bytes":1220479,"sha256":"f81e7d8ffc8086714f8609983eab4cb220b2df6fcc6908272a92eef6259da3ed","probe":{"container":"matroska,webm","codec":"vp8","width":1920,"height":1080,"frameRate":"25/1","frames":250,"durationSeconds":10},"original":{"file":"desktop-original.webm","bytes":5339844,"sha256":"57b3a70ade3f00de5f5130b3148fcdbb69c9b70637318e9f876bcc2c186b800f","probe":{"container":"matroska,webm","codec":"vp8","width":1920,"height":1080,"frameRate":"25/1","frames":1250,"durationSeconds":50}},"sourceSeekSeconds":40,"command":["ffmpeg","-hide_banner","-loglevel","error","-ss","40","-i","/home/runner/work/partybox-game-cores/partybox-game-cores/jobs/G10-checkers/.work/media/desktop-original.webm","-t","10","-an","-c:v","libvpx","-deadline","realtime","-cpu-used","8","-threads","2","-b:v","900k","-y","/home/runner/work/partybox-game-cores/partybox-game-cores/jobs/G10-checkers/.work/media/desktop.webm"],"scope":"Last ten seconds of actual recorded International hot-seat legal moves; diagnostic recording, never frame acceptance."},"gameplay":{"variant":"international","startPly":0,"endPly":24,"elapsedMs":10712.741911999998}},{"name":"phone","width":390,"height":844,"throttle":4,"loadMs":37711.349224,"checks":15,"frameResults":[{"variant":"american","frames":600,"meanFps":60.00279613029967,"p99Ms":16.80000000000291},{"variant":"international","frames":600,"meanFps":60.002784129183546,"p99Ms":16.80000000000291}],"pageErrorCount":0,"httpRequestCount":0,"pageErrors":[],"httpRequests":[],"video":{"file":"phone.webm","bytes":558416,"sha256":"c1f24566156ad8b499846d76d3eb891a3a44cbccc3de75131267338900488a9a","probe":{"container":"matroska,webm","codec":"vp8","width":390,"height":844,"frameRate":"25/1","frames":250,"durationSeconds":10},"original":{"file":"phone-original.webm","bytes":2945389,"sha256":"c03b86a35d6c120ef41af769c620501c28ecfadc549213795d982fbf136a9b3c","probe":{"container":"matroska,webm","codec":"vp8","width":390,"height":844,"frameRate":"25/1","frames":2051,"durationSeconds":82.04}},"sourceSeekSeconds":72.04,"command":["ffmpeg","-hide_banner","-loglevel","error","-ss","72.04","-i","/home/runner/work/partybox-game-cores/partybox-game-cores/jobs/G10-checkers/.work/media/phone-original.webm","-t","10","-an","-c:v","libvpx","-deadline","realtime","-cpu-used","8","-threads","2","-b:v","400k","-y","/home/runner/work/partybox-game-cores/partybox-game-cores/jobs/G10-checkers/.work/media/phone.webm"],"scope":"Last ten seconds of actual recorded International hot-seat legal moves; diagnostic recording, never frame acceptance."},"gameplay":{"variant":"international","startPly":0,"endPly":22,"elapsedMs":10866.308047000028}}],"capture":true,"functionalOnly":false,"frameVariants":["american","international"],"sourceGuardsAfter":{"../../contract/constants.ts":"27cdd23112ea03f344457e6f6e6b5839ff536ebeadbba189751520353aa085ef","../../contract/contract.ts":"c0f999c153074769c99c67ab2a71ad66c879e45e834713f3367b2bde4a1873d5","../../contract/minigame-schema.ts":"2438655eeb8ca658543b475070e6fb3ccb3947f154f57caa3f619c87853c9bbb","../../contract/package.json":"ec1418bc79e3563ed63d2aebfbb0cb039529f6dc1ac0e8e6d61f790cb065f495","../../contract/player-count-schema.ts":"0748d9d9bcf795d0693c37a0f369b262fd8801dec9ab1e4a9a4f5ec23751a189","../../contract/rng.ts":"7cfcf3024723607e8dd1ce6ccc5683a48d71fcc617947304cc5b9f6d3d7842fe","data/chinook/DB6.bin":"baee42a2b49390edd96e5a751189366275619c941d79021f3ca45774c3e7071f","data/chinook/DB6.idx":"10cb5cfc2a8c67e18c322563c17ceef0adeac87786a16c767c4616e9a574f4fd","data/chinook/LICENSE.txt":"8ed5c1393322801ac395d3e6c9d8e8f4b18bcca9e41f7b8cdf312f33be242a2d","data/chinook/manifest.json":"90f1970372040946f299660c33ded627fe574c7fa2d52be168e7b16c391d55d0","data/endgames.json":"edb5d87a27caa83945e2a5587418fa6f246fb30dd3823652871a598272e0075d","data/international/BOOST-LICENSE.txt":"c9bff75738922193e67fa726fa225535870d2aa1059f91452c411736284ad566","data/international/db2.bin":"305a1e7eabb4bab13577774009592e1614ddf8a4efe334d6fe3cb8221000b4ed","data/international/db2.idx":"9622e861c67ea250396b384bb95fec00fd541964c3109bdc1b27ae7aae1f73f2","data/international/db3.bin":"9dd9170657b11b5e18e0a2d54b6475d9cfd2cf821c6f9e4e9ba78bdf130e10aa","data/international/db3.idx":"84862531a87da451037c3c1087b5c082c293ff508ffb447adbc8b7e020fa7aaa","data/international/db4.bin":"14e5a8fa159c33a2d7ca01538ca4cd088222c2f204a6b6ef174ffcebd28c72aa","data/international/db4.idx":"4514098c3a0fe91fb98ea1950eb53558f94017ed4c6553d10f117c94348e393e","data/international/db5.bin":"b3e65f71d2c801a68fe8928f62e32c40266f7d8ae4e5ab99b643805b1ace2e02","data/international/db5.idx":"4a94297121f50feca73beaea7ab10622942194d2b5c098d1c30c5cbe5b78715a","data/international/LICENSE.md":"34055034c8caa4d7637c91adc11f28229cea6a097c9b9d2610318cb66e1ef6cc","data/international/manifest.json":"6cc33b38df4f1f2b1ea79fa7fcbe11972976986828e7adee28934b4ad3921a04","data/international/six/db6-0303.000.chunk":"75d63f54a4aefbb6a29871ac2c96fe8064239630c141c79298c99ede5af7bfae","data/international/six/db6-0303.idx":"9f6e7dddd055eb1234cc79750e749c9b2ef49bdf410d7761a0a27f76dc606b04","data/international/six/db6-0312.000.chunk":"a65ac7e0daf00efcb905cec95900ce8fe7c7afda3d242a693a229b2584fcdd89","data/international/six/db6-0312.idx":"9df486596addc03a3454c242a25198c35f0a371dbd0055ca1ad777bff28bc43a","data/international/six/db6-0321.000.chunk":"4f4af0182c39c3646128b9e17d2b283196e8cb4441452b4a01e9c2532e4b6b53","data/international/six/db6-0321.001.chunk":"b8d62083255a57d82395b04eddf6cf735700f3ead646b526fc9882bace3a0e40","data/international/six/db6-0321.idx":"af4c2df56553f4386223b11ad75e7ad4f5c26625be854d52b1e6f8760d8c3bee","data/international/six/db6-0330.000.chunk":"de1dfc76776fe69bf25a7e64b4f1800c17b196f7e9cf2258cb792f51d17fd5c1","data/international/six/db6-0330.idx":"ce6bba6b659d289f3823a0221a5927fe0cbdf313af052cadfbfe0259791590ca","data/international/six/db6-0402.000.chunk":"9508c060e20d0f01da854b4cd4e018f634241b5abb90e73ece71bd4ca69c2517","data/international/six/db6-0402.idx":"096c6e3b12ecf960f7012878baec51d00f1cafda9880d2b29128b21cb3821485","data/international/six/db6-0411.000.chunk":"d3a9300cbe73b288d4d897d20434b6f4373166f58cc69328043a835efbf03247","data/international/six/db6-0411.idx":"1c92044e7b38d59c1485a0b064ed22e5b685346a0d62ac8fce74c3d6d5130cf0","data/international/six/db6-0420.000.chunk":"26162642d1c3439d6e3abcef8c1a210857b371607d82a1714cb99a47ad803a6e","data/international/six/db6-0420.idx":"4d47ac027225d63cf773a0f5fe9258c5e5f3b3670b04de677bc0a10399e3a56d","data/international/six/db6-0501.000.chunk":"82881a78d8a5052037911bc0e1d33231fd1dce64f283fd5f53bb297c26e60221","data/international/six/db6-0501.idx":"d29f8d532adce5f2ba9befd66ae47413b3e91e0666b891c1f08b8b0c7eb4ea10","data/international/six/db6-0510.000.chunk":"28f286c57a29bac59c095d9efdbd2cd87ee648416a0d4e85099bd8c192bc8383","data/international/six/db6-0510.idx":"356a04a2d92ce1c614671b5e246d4c74215c55728480d79d24065252b1e3689a","data/international/six/db6-1212.000.chunk":"5f8cc263773a36546efb0af5e5f6e4bdb4bbd497a50bf00e477aec30e478923f","data/international/six/db6-1212.001.chunk":"578a53681f654ca3463c205428c02a2812751af0fc83aabb26912573bfeabf79","data/international/six/db6-1212.idx":"62c58abb6f24f8280d0f2b0d99cf2e78c85e4a8b8a37da142fdafce33911db7a","data/international/six/db6-1221.000.chunk":"acc65c6b904a669302b3f1dacf917f44852baa3febb2d33379ecdb9153dfd898","data/international/six/db6-1221.001.chunk":"44b31af46ccd5df50c10eea39107f33244be8d98ea39300c2ef739173573f775","data/international/six/db6-1221.002.chunk":"471ec101d7053b0029059f4ce617ffb88512a7d08d86f2be7e170abc29e8c2e9","data/international/six/db6-1221.003.chunk":"67460687baa048e40deaf19e4168f3fd644a9ffaad0475a02a7c65462a249738","data/international/six/db6-1221.idx":"893f2a20b42eb9b6a437b2a4c79635190b1b7d8303d67c2c6048ad762b654072","data/international/six/db6-1230.000.chunk":"45e595ea9c3279d783cf4632762912554f98103bb24fd3712ea5cd371ae077c6","data/international/six/db6-1230.001.chunk":"86282c8af312b2ee4e8a8c36a228ccd72b5a81ae7bd9e03ed86e63c92ba386cb","data/international/six/db6-1230.idx":"56f9a806af26475371ea04d7230e2316e6ce8206ea14fe28628b646ac5415d37","data/international/six/db6-1302.000.chunk":"a0bde8399fecc594fe8ad84b953018c2fd3796805de67f5361982b244027413f","data/international/six/db6-1302.001.chunk":"7398a50ae97329727420dca59b959f28ed295dbdd59e6dd54fb54d88554decfa","data/international/six/db6-1302.idx":"fc695c254e053157a79dfd22c287fcde716e887ba4a0e5765cc27be221efd7ab","data/international/six/db6-1311.000.chunk":"eac5625451bccbdee80bb5d98c1ae8b7d9dc7bcd218240d543e04ec76d692a36","data/international/six/db6-1311.001.chunk":"cc9e1d6f56f80b7f6fe73d30a878bd2c7e9be3cea795d0c64e2847976e57d88b","data/international/six/db6-1311.002.chunk":"33eb6b6262f6d2b248c2772ab41277231e227a0024007db766ae48edc31e7c6a","data/international/six/db6-1311.003.chunk":"d59c08b053c2d047da4cb9f793c9bcb905c689b0ada2108569428639f20eb107","data/international/six/db6-1311.idx":"824155526e1423c28dfc5a9e6ce803006fcdaabe5c5dcb72f52e4e0b29eb634a","data/international/six/db6-1320.000.chunk":"d37c461f883e519b95482bf38863e22c5cf71e3d4d26da2758aa06d8c5a69c1d","data/international/six/db6-1320.idx":"d9787b34307105c715e7b1f7cd463398386f5bdfa4d863fdee92af34b1dbf334","data/international/six/db6-1401.000.chunk":"45bb9b0339452bab7a464741003a168e43178944b286320b1eb70eb15458d17e","data/international/six/db6-1401.idx":"36c748d544a0d108e25f26a748f107ced6045229854dc0ec5cbabf39dccfd078","data/international/six/db6-1410.000.chunk":"6f3110cbbe9f88c12a01a7779b2034df76cc065e7767d153f17fd9d90efead51","data/international/six/db6-1410.idx":"f7a26d77bd12fb29b4d8492481e56c5c692a2c280062cc9518728882acd65890","data/international/six/db6-2121.000.chunk":"2b0d462e7d6f4e9188dec28fac5b91df1d93b655bd6f381e01dc7f82426dc742","data/international/six/db6-2121.001.chunk":"dd308ec8c23cb58e50f3be495b79934782cc3624036f88272a8526c87e6cd1f9","data/international/six/db6-2121.idx":"f3c643c2ac5d25da70b71339bc23d9c452e00244bd29562fd424b6a84ca3ad40","data/international/six/db6-2130.000.chunk":"320904de62832a1c6c9054c7650c61f10dd181da2e9b1b04aa86d2977656fde7","data/international/six/db6-2130.001.chunk":"a96061fbe9ec9d57d2edd5773fbd89145aafc7e5a5845c81bc58c5ecab63d2d6","data/international/six/db6-2130.idx":"9d6ed91ef56e08a1b98ee184839d9a880198c141aba47005a13587c572342a50","data/international/six/db6-2202.000.chunk":"43057f23a613a28f06bc9cd465b7ed44cf887dfe50e7001b7d1ef473cdbfd4b2","data/international/six/db6-2202.001.chunk":"585615fed0ec078a94e0ac32e3d52ac4d16b3eb7375663ff30d45e1293b3d44a","data/international/six/db6-2202.idx":"bae2e2b0a9709d4b46e397efdcdf322b2d461c492f221eb11f0638b2eb5951ec","data/international/six/db6-2211.000.chunk":"11dd5e990995f60597ec46e5f37a79429b072d11cf7353322dd95f7058c6d1ed","data/international/six/db6-2211.001.chunk":"8142e6725e68cefe12a42a8a8530a52182e9f44a2b85cb5ded48e445bc85bd7f","data/international/six/db6-2211.002.chunk":"c4d38e79e79b87802b26eded2a7c364946fea4d95450d35f10d7dcce343a8c69","data/international/six/db6-2211.003.chunk":"20b4af2d5329d20ebb3075c8cb31878935c15512cc2808546418879729f79402","data/international/six/db6-2211.004.chunk":"a4367099cfdacac510225de250b300e8fed1ba70d4438e14b311b7c796501089","data/international/six/db6-2211.005.chunk":"19b3a66dbf1497e2e455732a0f7ffb927c9e577f56c75419716439f524e9d514","data/international/six/db6-2211.006.chunk":"8bd6bc5bd76720a95a312bd8c6bae30701a6e99be19886e16126ca6abc3b2a7e","data/international/six/db6-2211.idx":"a525a93cfb7ccef53dce68366382a0c8764af216568b02b045edd8bd1230012a","data/international/six/db6-2220.000.chunk":"e1af2d5283389f43c81708a249e3c0b9968ed4aa322ac0bca48ca1ccc5d4dd7c","data/international/six/db6-2220.idx":"e3f4b23066c9f91d4a0f43984cbea7c01817d6a0e25c3705c7fb8327eb8a31a6","data/international/six/db6-2301.000.chunk":"0b6489a374a7680cb6697f2e78d0261558c15e5f6c629279b84f760cc5e2d4e4","data/international/six/db6-2301.idx":"fdcbc2bd251bf3b73822bd0e2b92cb8791deaa009bd2ab8730a25e3395ce7726","data/international/six/db6-2310.000.chunk":"13ae77b5d13ad94678dab0cfb4ca74f4db89190371eacc10bd92cadf10eb350f","data/international/six/db6-2310.idx":"1f8ece0f98423c4b9213ab41a2eec40fe32679fe71268bce240714d1b7896cda","data/international/six/db6-3030.000.chunk":"cecd125dd3e9f0e1fa8f42abd0d51c9b3f679839db56a60b50b380e764302569","data/international/six/db6-3030.idx":"c41521d134874aaa3151b4595373caf3a91afc0aea9e249c0d722612c0370a82","data/international/six/db6-3102.000.chunk":"c90c2e7384f00811e0445f566d7aa7243e861b65c71791df05f3679c1e6080c1","data/international/six/db6-3102.idx":"f0161e4b20319d077c04ae0e4607ac81a7b50315ea72ff456494b00072dac06d","data/international/six/db6-3111.000.chunk":"e62bab91ea59dbef862261975d320585d13f83fbaf709c7d686e0a085b594576","data/international/six/db6-3111.001.chunk":"49c653dccca0ad25d6c3e858f8dd55e540dfb48d6cee1dba749214d8d12b129b","data/international/six/db6-3111.002.chunk":"f3e3f75261fe41cc65d1ee5c3e4c391c5945e96c7635c091e384ed10d253043c","data/international/six/db6-3111.003.chunk":"5c6f451ee293fea2955580ac6717a2aeb991c58693c1f9a0aa5f7107c506d075","data/international/six/db6-3111.004.chunk":"53e58423b9d85e32bbb2eb3552df28124d5172ca983c214738558e7cf543234d","data/international/six/db6-3111.005.chunk":"6fa72cec7f0dcd4a79458b766c04f2fbbc3eeb1804f8ab8f1a3d546c1d0c04df","data/international/six/db6-3111.idx":"552cea6807e5de8bdaaa7430e48429d2876663c1c13bf8a80438ec3fc11222db","data/international/six/db6-3120.000.chunk":"4849d82cf6c7978ef034fc98ef90951d041b740fd79510c67f902a447061a5d2","data/international/six/db6-3120.idx":"b5243e519c0a2fb6f513062094758a95306e9144a48c7a555a79ed1887780c86","data/international/six/db6-3201.000.chunk":"8d899206c06202a55395530df8eab92bbd29b879e1310c0b704bdd26d1131772","data/international/six/db6-3201.idx":"f9b27e6e4cee762ed97a568b8f32673b1bfe5c22a64d0c5b47b7a18f39749958","data/international/six/db6-3210.000.chunk":"f829ad406b3b2b1f45e1ac30bc0e43440ce2b808025c27d3bfff2f704edeffb4","data/international/six/db6-3210.idx":"ab335ebeed4f38b97ad72512c77a84aa1a7a5b5d63f00278d205e9386b07c3be","data/international/six/db6-4002.000.chunk":"1f810fcb514771696b8b44d264a552607de2068b0595e165ee1b337f691d2530","data/international/six/db6-4002.idx":"7813f455b5b0225444c95e3424c3f30414373dae0cc6065d9b3e7bd07c304c67","data/international/six/db6-4011.000.chunk":"4e9176f2619ef1c62e5cbc5cb1e3ca7a0c45035148e4fb526eefc1266e1e7e38","data/international/six/db6-4011.idx":"84ad8d66b8560bdcf7a999b867381f36d93ee7724cf89d5abda8020ff9658e2d","data/international/six/db6-4020.000.chunk":"c1b0099c29929bd38f39e02b805bfa395e8b058bc73b3710bf6112efc2a56413","data/international/six/db6-4020.idx":"ed46094e80d77e4f27bdae4fe5678903eac0d72ff11bfbf0addf2d84205b7acd","data/international/six/db6-4101.000.chunk":"84e48039e29063ac53bb53f825c070190c6d424d91e41b3c6b8a5712d99dc07a","data/international/six/db6-4101.idx":"5b89058e3c8e2d225b5f80560b27f8001e42d648b410a616165747f2dc2f2a1b","data/international/six/db6-4110.000.chunk":"271c7e822c1a87b1a01c50a0705040d4e22f6f1a6850ba2baf547b09019a9e9c","data/international/six/db6-4110.idx":"99d0d61cfa656d9c84500f41892c66fbe9d24ebd96b873e63d8b3a3315a0fa78","data/international/six/db6-5001.000.chunk":"abb0af9db0c77accee65b836150e0eeed6c24d79d1c552ff21c9f1825e3846cf","data/international/six/db6-5001.idx":"3316a344e28cc3115daf8ed5d0dbf7f66dc57cafc39262172026d7efea6aab76","data/international/six/db6-5010.000.chunk":"b842fd58f936f742947a84e4587ba88fbc656ffa85371e2e75f57b79af612c5b","data/international/six/db6-5010.idx":"bd8c7a7853c0528d92799fbad5a1344a1ae4e7478598c9c82171afccef8cee41","data/international/six/manifest.json":"6532df5af4306b1b6b16723155b756faacef549bcc8292ccbf0e7663a707a28c","data/international/tunstall-v2.bin":"92fa921a410c270c3126811dc2d8af22e1691aedaaf0d020ee01adbe572d26a9","dist/corpus-pack.json":"6d570320bbb75d898f29cf6fe6c93faef556899cfa0be0a6a33e8cdd862b4cb9","dist/worker-american.mjs":"950c58445422dbd59898195a526ad4fc113d832dac49381fe49f2ea624b91175","dist/worker-international.mjs":"31d06dd836dd1567391b3c5051f8dc53a7904e833887b045be19354f70ae1ee2","LICENSE":"e65a07d64c485ec9ffc4f7af9bd03035e365d9cf6bd3f12151f94139ffa86421","manifest.json":"909e9ec620b946f1e5612e47f837ae4aa2701252bebf2f32d08af756a8514385","node_modules/zod/LICENSE":"3f1189b28e3866e0d979968d466b78f813f76827cfdca1fbb124cc0a5c8841f8","package-lock.json":"90e25862b9c85f01add8441dcfd1071b62d753ecdacb5bfeb1e830de52257c28","package.json":"d96d42f89bfa40bdb6ccf8f10adbec4cd59dff814e78d94bb136598b96631c66","scripts/browser-check.mjs":"ed17d67724ef0ea6af4142413b7b0130a6ee054d5653741ad6bd057b5c2443bb","scripts/browser-evidence-controls.mjs":"1355cbe8f4e12c0e8c76989abab0db6244436cbde77c893de833c329dd0fd38f","scripts/browser-evidence.mjs":"7c9a8c3c478f18535d42b49e48c815c59e82e8617de76560c473ee82a889586b","scripts/build.mjs":"37489e755e6ec672fd77b8b95a08afe50ce7e0c620554bccddb77ec46ec1f703","scripts/check.mjs":"d064d3b7b10d6186b0ecc7f3d9081d0c0936740c358ebc67ca98789be836ebc7","scripts/corpus-pack.mjs":"e5f4915f6bb14b3c6d437276091203557efff8df13caeee85970a45e38392cba","scripts/integrity.mjs":"a0049c52b21e0494a48e1b61012c1d8f3838e5fc939187e905f3a479d060d2f0","src/bot-worker.ts":"eba2ca17afbccf6bcf06c20eb8d2aa776a3157112c2ec3db922933a39c78d653","src/bots.ts":"450791148c7bb7c6c3d74dfa732917f51472c127abf2d32b9436376de3acc219","src/browser.ts":"1f2aeb8f075d4310e92b22c9e800ed0792822172da8adfc7b238e9b91f741d81","src/chinook-corpus.ts":"d38d8fc850c1d27d0e5d4b883bd87798278761a16ad5973dc78b3b3b867e08c8","src/chinook.ts":"97310193de9dda474899a027d3519bbd536db9ee2a6ca6530a7e218f7fe5f32a","src/core.ts":"516f8b970c8cd1298882b76b8e61552f74464ea4224207c304f436e2e3532c6b","src/draws.ts":"e256daaef8fb43b498e8adcb71a77451c55aa9b1c24fc0a44bc36ee613dda4d1","src/endgame.ts":"f9f6cea20233c09dbd4cc3cf1337300ecc0cd5b833674e94baa193d04db98821","src/international-corpus.ts":"356c00f5c25642a9393e73e16306f0e02bb31e10818e0cdcfd99e26534b84a8a","src/international-indexes.ts":"fb56f60992bbbb589bd4069d565672aba4f5a61227a5380a874e6001ee991625","src/international-search.ts":"67b4ba228bfbf4e122c65c3619a0d529be07a3e3423f1ad5c51227d5f99962ee","src/international-six-data.ts":"08566eb9e7c6d7b324ac3a26f72edf86f8b22634361ec052d099bdab88e851d6","src/international-six-indexes.ts":"641218fe08800d06c9ec0b592cbac46978cd0d64249cff4f32b32eff77797c99","src/international.ts":"832f0dc95b0d8ac14e61af29914796df3128856c1617dbd8c8c24d20319b21ce","src/moves.ts":"d4ea90d730fb1add4f3d8fb98401fb9030a3e1e5ab83eb209b4a7839bd0044e1","src/play.template.html":"2d0345f395daa04b5bbe7153b4045bd2b553d28f0deaeaa689ad4aedc559dcef","src/retrograde.ts":"62ac9082dd82914f4a39e29d448b2e2defb03d2292090a110d747545052eca03","src/schema.ts":"416cb6ea418a0c71eb31e4cf8452bb16fbf455d23bd338a0326a76c22e0670ee","src/types.ts":"079cd5dbb2e20329bf386c3f506c3009534d2afce98804a1a999a239fe1cb16a","THIRD-PARTY-LICENSES.txt":"872acef306116e979ae43e6f20df09f3b040019ebbbcb2070d229f0ab5fe52f6","tsconfig.json":"fcc94a699ca26c01b4f9c4422dd4e5ab6811420993f5af01d9c6659549cd257c"},"sourceSha256After":"b4f5267561bd95d68455ea5a83b936692b246d1a8ed936199c820e430a2da3eb","htmlBytesAfter":1390846291,"checks":[{"profile":"desktop","name":"disk load, no external assets and reduced motion","pass":true},{"profile":"desktop","name":"American standard board and complete hot-seat turn","pass":true},{"profile":"desktop","name":"multi-jump draft leaves the actual position unchanged","pass":true},{"profile":"desktop","name":"American crown ends the capture turn","pass":true},{"profile":"desktop","name":"International full maximum capture and promotion","pass":true},{"profile":"desktop","name":"International crown transit stays a man","pass":true},{"profile":"desktop","name":"pause/resume and optional exact deadline forfeit","pass":true},{"profile":"desktop","name":"winner/results and explicit next table","pass":true},{"profile":"desktop","name":"manual Strong move uses local full-corpus worker and preserves legal core choice","pass":true},{"profile":"desktop","name":"International actual2–5 corpus worker prepares offline and preserves pending input","pass":true},{"profile":"desktop","name":"International actual six-piece Strong worker reads original local blocks","pass":true},{"profile":"desktop","name":"consecutive bot turns reuse the prepared worker and pause cancels it","pass":true},{"profile":"desktop","name":"pause cancels worker before it can apply an old move","pass":true},{"profile":"desktop","name":"names remain text and hostile original IDs have finite public results","pass":true},{"profile":"desktop","name":"viewport fits both boards and all controls","pass":true},{"profile":"phone","name":"disk load, no external assets and reduced motion","pass":true},{"profile":"phone","name":"American standard board and complete hot-seat turn","pass":true},{"profile":"phone","name":"multi-jump draft leaves the actual position unchanged","pass":true},{"profile":"phone","name":"American crown ends the capture turn","pass":true},{"profile":"phone","name":"International full maximum capture and promotion","pass":true},{"profile":"phone","name":"International crown transit stays a man","pass":true},{"profile":"phone","name":"pause/resume and optional exact deadline forfeit","pass":true},{"profile":"phone","name":"winner/results and explicit next table","pass":true},{"profile":"phone","name":"manual Strong move uses local full-corpus worker and preserves legal core choice","pass":true},{"profile":"phone","name":"International actual2–5 corpus worker prepares offline and preserves pending input","pass":true},{"profile":"phone","name":"International actual six-piece Strong worker reads original local blocks","pass":true},{"profile":"phone","name":"consecutive bot turns reuse the prepared worker and pause cancels it","pass":true},{"profile":"phone","name":"pause cancels worker before it can apply an old move","pass":true},{"profile":"phone","name":"names remain text and hostile original IDs have finite public results","pass":true},{"profile":"phone","name":"viewport fits both boards and all controls","pass":true}],"totalChecks":30}
2026-10-09T03:28:47.9874307Z {"status":"PASS","stage":"browser","sourceCommit":"dd226a660c95f81372582d2ca3ea174bb51c6ada","elapsedSeconds":303.496060547}
2026-10-09T03:28:48.0010675Z ##[group]Run actions/upload-artifact@v4
2026-10-09T03:28:48.0011008Z with:
2026-10-09T03:28:48.0011319Z   name: G10-stage-browser-dd226a660c95f81372582d2ca3ea174bb51c6ada
2026-10-09T03:28:48.0012056Z   path: jobs/G10-checkers/.work-stage-browser.stdout
jobs/G10-checkers/.work/checks
jobs/G10-checkers/.work/browser
jobs/G10-checkers/.work/media

2026-10-09T03:28:48.0012698Z   if-no-files-found: error
2026-10-09T03:28:48.0012947Z   include-hidden-files: true
2026-10-09T03:28:48.0013194Z   retention-days: 7
2026-10-09T03:28:48.0013408Z   compression-level: 6
2026-10-09T03:28:48.0013626Z   overwrite: false
2026-10-09T03:28:48.0013824Z env:
2026-10-09T03:28:48.0014077Z   G10_SOURCE_COMMIT: dd226a660c95f81372582d2ca3ea174bb51c6ada
2026-10-09T03:28:48.0014396Z ##[endgroup]
2026-10-09T03:28:48.1689012Z (node:4939) [DEP0040] DeprecationWarning: The `punycode` module is deprecated. Please use a userland alternative instead.
2026-10-09T03:28:48.1690574Z (Use `node --trace-deprecation ...` to show where the warning was created)
2026-10-09T03:28:48.1818490Z Multiple search paths detected. Calculating the least common ancestor of all paths
2026-10-09T03:28:48.1820921Z The least common ancestor is /home/runner/work/partybox-game-cores/partybox-game-cores/jobs/G10-checkers. This will be the root directory of the artifact
2026-10-09T03:28:48.1821923Z With the provided path, there will be 18 files uploaded
2026-10-09T03:28:48.1824479Z Artifact name is valid!
2026-10-09T03:28:48.1825135Z Root directory input is valid!
2026-10-09T03:28:48.4086640Z Beginning upload of artifact content to blob storage
2026-10-09T03:28:48.7474349Z (node:4939) [DEP0169] DeprecationWarning: `url.parse()` behavior is not standardized and prone to errors that have security implications. Use the WHATWG URL API instead. CVEs are not issued for `url.parse()` vulnerabilities.
2026-10-09T03:28:48.9273239Z Uploaded bytes 8388608
2026-10-09T03:28:48.9827433Z Uploaded bytes 8910454
2026-10-09T03:28:49.0012617Z Finished uploading artifact content to blob storage!
2026-10-09T03:28:49.0013990Z SHA256 digest of uploaded artifact zip is bc7f72487d77fcad35d46b875e26733fdab760fc911628b0f4a50e1a54600909
2026-10-09T03:28:49.0015436Z Finalizing artifact upload
2026-10-09T03:28:49.2304986Z Artifact G10-stage-browser-dd226a660c95f81372582d2ca3ea174bb51c6ada.zip successfully finalized. Artifact ID 11594156029
2026-10-09T03:28:49.2307896Z Artifact G10-stage-browser-dd226a660c95f81372582d2ca3ea174bb51c6ada has been successfully uploaded! Final size is 8910454 bytes. Artifact ID is 11594156029
2026-10-09T03:28:49.2312907Z Artifact download URL: https://github.com/luisitin/partybox-game-cores/actions/runs/37878973403/artifacts/11594156029
2026-10-09T03:28:49.2500925Z Post job cleanup.
2026-10-09T03:28:49.3737167Z (node:4952) [DEP0040] DeprecationWarning: The `punycode` module is deprecated. Please use a userland alternative instead.
2026-10-09T03:28:49.3738857Z (Use `node --trace-deprecation ...` to show where the warning was created)
2026-10-09T03:28:49.3742185Z Cache hit occurred on the primary key node-cache-Linux-x64-npm-b79e3f2344d4218dbbb2f93f566da8e1ac49738aa1184813b150890d461d0c8a, not saving cache.
2026-10-09T03:28:49.3872175Z Post job cleanup.
2026-10-09T03:28:49.4766405Z [command]/usr/bin/git version
2026-10-09T03:28:49.4812856Z git version 2.55.0
2026-10-09T03:28:49.4857882Z Temporarily overriding HOME='/home/runner/work/_temp/e6fe652f-08b9-4970-985b-d87b7871939d' before making global git config changes
2026-10-09T03:28:49.4859451Z Adding repository directory to the temporary git global config as a safe directory
2026-10-09T03:28:49.4864388Z [command]/usr/bin/git config --global --add safe.directory /home/runner/work/partybox-game-cores/partybox-game-cores
2026-10-09T03:28:49.4902136Z [command]/usr/bin/git config --local --name-only --get-regexp core\.sshCommand
2026-10-09T03:28:49.4935934Z [command]/usr/bin/git submodule foreach --recursive sh -c "git config --local --name-only --get-regexp 'core\.sshCommand' && git config --local --unset-all 'core.sshCommand' || :"
2026-10-09T03:28:49.5193983Z [command]/usr/bin/git config --local --name-only --get-regexp http\.https\:\/\/github\.com\/\.extraheader
2026-10-09T03:28:49.5221570Z http.https://github.com/.extraheader
2026-10-09T03:28:49.5233020Z [command]/usr/bin/git config --local --unset-all http.https://github.com/.extraheader
2026-10-09T03:28:49.5268605Z [command]/usr/bin/git submodule foreach --recursive sh -c "git config --local --name-only --get-regexp 'http\.https\:\/\/github\.com\/\.extraheader' && git config --local --unset-all 'http.https://github.com/.extraheader' || :"
2026-10-09T03:28:49.5539877Z [command]/usr/bin/git config --local --name-only --get-regexp ^includeIf\.gitdir:
2026-10-09T03:28:49.5590155Z [command]/usr/bin/git submodule foreach --recursive git config --local --show-origin --name-only --get-regexp remote.origin.url
2026-10-09T03:28:49.6137874Z Cleaning up orphan processes
2026-10-09T03:28:49.6490824Z ##[warning]Node.js 20 is deprecated. The following actions target Node.js 20 but are being forced to run on Node.js 24: actions/checkout@v4, actions/setup-node@v4, actions/upload-artifact@v4. For more information see: https://github.blog/changelog/2025-09-19-deprecation-of-node-20-on-github-actions-runners/
