2026-10-08T22:12:54.4048683Z Current runner version: '2.337.0'
2026-10-08T22:12:54.4083827Z ##[group]Runner Image Provisioner
2026-10-08T22:12:54.4085144Z Hosted Compute Agent
2026-10-08T22:12:54.4086166Z Version: 20261002.596
2026-10-08T22:12:54.4087246Z Commit: c3d12f3313a95f25162a1503be624f3b0617f8c0
2026-10-08T22:12:54.4088515Z Build Date: 2026-10-02T22:28:27Z
2026-10-08T22:12:54.4090114Z Worker ID: {a48962f0-2280-4d19-988d-a04a18e7bedc}
2026-10-08T22:12:54.4091336Z Region: eastus2
2026-10-08T22:12:54.4092300Z Cloud: Azure
2026-10-08T22:12:54.4093212Z ##[endgroup]
2026-10-08T22:12:54.4095570Z ##[group]Operating System
2026-10-08T22:12:54.4096715Z Ubuntu
2026-10-08T22:12:54.4097600Z 24.04.5
2026-10-08T22:12:54.4098570Z LTS
2026-10-08T22:12:54.4099695Z ##[endgroup]
2026-10-08T22:12:54.4100654Z ##[group]Runner Image
2026-10-08T22:12:54.4101809Z Image: ubuntu-24.04
2026-10-08T22:12:54.4102786Z Version: 20261004.327.1
2026-10-08T22:12:54.4104977Z Included Software: https://github.com/actions/runner-images/blob/ubuntu24/20261004.327/images/ubuntu/Ubuntu2404-Readme.md
2026-10-08T22:12:54.4107784Z Image Release: https://github.com/actions/runner-images/releases/tag/ubuntu24%2F20261004.327
2026-10-08T22:12:54.4109780Z ##[endgroup]
2026-10-08T22:12:54.4111739Z ##[group]GITHUB_TOKEN Permissions
2026-10-08T22:12:54.4114316Z Contents: read
2026-10-08T22:12:54.4115343Z Metadata: read
2026-10-08T22:12:54.4116383Z ##[endgroup]
2026-10-08T22:12:54.4119662Z Secret source: Actions
2026-10-08T22:12:54.4121250Z Cache mode: write
2026-10-08T22:12:54.4122401Z Prepare workflow directory
2026-10-08T22:12:54.4919996Z Prepare all required actions
2026-10-08T22:12:54.4994800Z Getting action download info
2026-10-08T22:12:54.6972915Z Download action repository 'actions/checkout@v4' (SHA:11d5960a326750d5838078e36cf38b85af677262)
2026-10-08T22:12:54.8019277Z Download action repository 'actions/setup-node@v4' (SHA:49933ea5288caeca8642d1e84afbd3f7d6820020)
2026-10-08T22:12:54.8963335Z Download action repository 'actions/upload-artifact@v4' (SHA:ea165f8d65b6e75b540449e92b4886f43607fa02)
2026-10-08T22:12:55.0964132Z Complete job name: checks (browser)
2026-10-08T22:12:55.1711930Z ##[group]Run actions/checkout@v4
2026-10-08T22:12:55.1712824Z with:
2026-10-08T22:12:55.1713307Z   ref: fa0b337e1178177ff5b871acae697897c687ee11
2026-10-08T22:12:55.1713946Z   repository: luisitin/partybox-game-cores
2026-10-08T22:12:55.1717752Z   token: ***
2026-10-08T22:12:55.1718180Z   ssh-strict: true
2026-10-08T22:12:55.1718607Z   ssh-user: git
2026-10-08T22:12:55.1719268Z   persist-credentials: true
2026-10-08T22:12:55.1719754Z   clean: true
2026-10-08T22:12:55.1720197Z   sparse-checkout-cone-mode: true
2026-10-08T22:12:55.1720712Z   fetch-depth: 1
2026-10-08T22:12:55.1721145Z   fetch-tags: false
2026-10-08T22:12:55.1721595Z   show-progress: true
2026-10-08T22:12:55.1722039Z   lfs: false
2026-10-08T22:12:55.1722449Z   submodules: false
2026-10-08T22:12:55.1722894Z   set-safe-directory: true
2026-10-08T22:12:55.1723394Z   allow-unsafe-pr-checkout: false
2026-10-08T22:12:55.1724230Z env:
2026-10-08T22:12:55.1724840Z   G10_SOURCE_COMMIT: fa0b337e1178177ff5b871acae697897c687ee11
2026-10-08T22:12:55.1725487Z ##[endgroup]
2026-10-08T22:12:55.2788686Z Syncing repository: luisitin/partybox-game-cores
2026-10-08T22:12:55.2790996Z ##[group]Getting Git version info
2026-10-08T22:12:55.2791877Z Working directory is '/home/runner/work/partybox-game-cores/partybox-game-cores'
2026-10-08T22:12:55.2792999Z [command]/usr/bin/git version
2026-10-08T22:12:55.2880763Z git version 2.55.0
2026-10-08T22:12:55.2902338Z ##[endgroup]
2026-10-08T22:12:55.2931120Z Temporarily overriding HOME='/home/runner/work/_temp/ff199cfa-a6b6-468c-8352-8c4b4db813da' before making global git config changes
2026-10-08T22:12:55.2934912Z Adding repository directory to the temporary git global config as a safe directory
2026-10-08T22:12:55.2940724Z [command]/usr/bin/git config --global --add safe.directory /home/runner/work/partybox-game-cores/partybox-game-cores
2026-10-08T22:12:55.2996659Z Deleting the contents of '/home/runner/work/partybox-game-cores/partybox-game-cores'
2026-10-08T22:12:55.3001547Z ##[group]Initializing the repository
2026-10-08T22:12:55.3007074Z [command]/usr/bin/git init /home/runner/work/partybox-game-cores/partybox-game-cores
2026-10-08T22:12:55.3136092Z hint: Using 'master' as the name for the initial branch. This default branch name
2026-10-08T22:12:55.3138261Z hint: will change to "main" in Git 3.0. To configure the initial branch name
2026-10-08T22:12:55.3140372Z hint: to use in all of your new repositories, which will suppress this warning,
2026-10-08T22:12:55.3142040Z hint: call:
2026-10-08T22:12:55.3143434Z hint:
2026-10-08T22:12:55.3144488Z hint: 	git config --global init.defaultBranch <name>
2026-10-08T22:12:55.3146068Z hint:
2026-10-08T22:12:55.3146903Z hint: Names commonly chosen instead of 'master' are 'main', 'trunk' and
2026-10-08T22:12:55.3148019Z hint: 'development'. The just-created branch can be renamed via this command:
2026-10-08T22:12:55.3149238Z hint:
2026-10-08T22:12:55.3150263Z hint: 	git branch -m <name>
2026-10-08T22:12:55.3151221Z hint:
2026-10-08T22:12:55.3152272Z hint: Disable this message with "git config set advice.defaultBranchName false"
2026-10-08T22:12:55.3154147Z Initialized empty Git repository in /home/runner/work/partybox-game-cores/partybox-game-cores/.git/
2026-10-08T22:12:55.3157169Z [command]/usr/bin/git remote add origin https://github.com/luisitin/partybox-game-cores
2026-10-08T22:12:55.3213525Z ##[endgroup]
2026-10-08T22:12:55.3214765Z ##[group]Disabling automatic garbage collection
2026-10-08T22:12:55.3218145Z [command]/usr/bin/git config --local gc.auto 0
2026-10-08T22:12:55.3255475Z ##[endgroup]
2026-10-08T22:12:55.3256906Z ##[group]Setting up auth
2026-10-08T22:12:55.3264041Z [command]/usr/bin/git config --local --name-only --get-regexp core\.sshCommand
2026-10-08T22:12:55.3301403Z [command]/usr/bin/git submodule foreach --recursive sh -c "git config --local --name-only --get-regexp 'core\.sshCommand' && git config --local --unset-all 'core.sshCommand' || :"
2026-10-08T22:12:55.3731357Z [command]/usr/bin/git config --local --name-only --get-regexp http\.https\:\/\/github\.com\/\.extraheader
2026-10-08T22:12:55.3772415Z [command]/usr/bin/git submodule foreach --recursive sh -c "git config --local --name-only --get-regexp 'http\.https\:\/\/github\.com\/\.extraheader' && git config --local --unset-all 'http.https://github.com/.extraheader' || :"
2026-10-08T22:12:55.4013803Z [command]/usr/bin/git config --local --name-only --get-regexp ^includeIf\.gitdir:
2026-10-08T22:12:55.4061249Z [command]/usr/bin/git submodule foreach --recursive git config --local --show-origin --name-only --get-regexp remote.origin.url
2026-10-08T22:12:55.4319472Z [command]/usr/bin/git config --local http.https://github.com/.extraheader AUTHORIZATION: basic ***
2026-10-08T22:12:55.4368099Z ##[endgroup]
2026-10-08T22:12:55.4369417Z ##[group]Fetching the repository
2026-10-08T22:12:55.4383480Z [command]/usr/bin/git -c protocol.version=2 fetch --no-tags --prune --no-recurse-submodules --depth=1 origin fa0b337e1178177ff5b871acae697897c687ee11
2026-10-08T22:13:13.7666860Z From https://github.com/luisitin/partybox-game-cores
2026-10-08T22:13:13.7669394Z  * branch            fa0b337e1178177ff5b871acae697897c687ee11 -> FETCH_HEAD
2026-10-08T22:13:13.7674930Z ##[endgroup]
2026-10-08T22:13:13.7677246Z ##[group]Determining the checkout info
2026-10-08T22:13:13.7679968Z ##[endgroup]
2026-10-08T22:13:13.7681903Z [command]/usr/bin/git sparse-checkout disable
2026-10-08T22:13:13.7742809Z [command]/usr/bin/git config --local --unset-all extensions.worktreeConfig
2026-10-08T22:13:13.7811222Z ##[group]Checking out the ref
2026-10-08T22:13:13.7814817Z [command]/usr/bin/git checkout --progress --force fa0b337e1178177ff5b871acae697897c687ee11
2026-10-08T22:13:15.0129468Z Updating files:  11% (180/1560)
2026-10-08T22:13:15.8600700Z Updating files:  12% (188/1560)
2026-10-08T22:13:16.2090645Z Updating files:  12% (199/1560)
2026-10-08T22:13:16.8735471Z Updating files:  13% (203/1560)
2026-10-08T22:13:17.0723581Z Updating files:  13% (216/1560)
2026-10-08T22:13:17.8289559Z Updating files:  14% (219/1560)
2026-10-08T22:13:18.1858798Z Updating files:  14% (226/1560)
2026-10-08T22:13:18.8499202Z Updating files:  15% (234/1560)
2026-10-08T22:13:19.1588040Z Updating files:  15% (243/1560)
2026-10-08T22:13:19.4410824Z Updating files:  16% (250/1560)
2026-10-08T22:13:19.4422336Z Updating files:  17% (266/1560)
2026-10-08T22:13:19.4431324Z Updating files:  18% (281/1560)
2026-10-08T22:13:19.4443073Z Updating files:  19% (297/1560)
2026-10-08T22:13:19.4640049Z Updating files:  20% (312/1560)
2026-10-08T22:13:19.4648227Z Updating files:  21% (328/1560)
2026-10-08T22:13:19.4655527Z Updating files:  22% (344/1560)
2026-10-08T22:13:19.4676623Z Updating files:  23% (359/1560)
2026-10-08T22:13:19.4817711Z Updating files:  24% (375/1560)
2026-10-08T22:13:19.4823657Z Updating files:  25% (390/1560)
2026-10-08T22:13:19.4832316Z Updating files:  26% (406/1560)
2026-10-08T22:13:19.4838929Z Updating files:  27% (422/1560)
2026-10-08T22:13:19.4860125Z Updating files:  28% (437/1560)
2026-10-08T22:13:19.4875348Z Updating files:  29% (453/1560)
2026-10-08T22:13:19.4887934Z Updating files:  30% (468/1560)
2026-10-08T22:13:19.4899153Z Updating files:  31% (484/1560)
2026-10-08T22:13:19.4911723Z Updating files:  32% (500/1560)
2026-10-08T22:13:19.4919792Z Updating files:  33% (515/1560)
2026-10-08T22:13:19.4928683Z Updating files:  34% (531/1560)
2026-10-08T22:13:19.5000454Z Updating files:  35% (546/1560)
2026-10-08T22:13:19.5015975Z Updating files:  36% (562/1560)
2026-10-08T22:13:19.5185077Z Updating files:  37% (578/1560)
2026-10-08T22:13:19.5353441Z Updating files:  38% (593/1560)
2026-10-08T22:13:19.5436107Z Updating files:  39% (609/1560)
2026-10-08T22:13:19.5600463Z Updating files:  40% (624/1560)
2026-10-08T22:13:19.5611304Z Updating files:  41% (640/1560)
2026-10-08T22:13:19.5620418Z Updating files:  42% (656/1560)
2026-10-08T22:13:19.5669722Z Updating files:  43% (671/1560)
2026-10-08T22:13:19.5682207Z Updating files:  44% (687/1560)
2026-10-08T22:13:19.5691278Z Updating files:  45% (702/1560)
2026-10-08T22:13:19.5700771Z Updating files:  46% (718/1560)
2026-10-08T22:13:19.5718468Z Updating files:  47% (734/1560)
2026-10-08T22:13:19.5852209Z Updating files:  48% (749/1560)
2026-10-08T22:13:19.6006406Z Updating files:  49% (765/1560)
2026-10-08T22:13:19.6067896Z Updating files:  50% (780/1560)
2026-10-08T22:13:19.6262172Z Updating files:  51% (796/1560)
2026-10-08T22:13:19.6315648Z Updating files:  52% (812/1560)
2026-10-08T22:13:19.6332267Z Updating files:  53% (827/1560)
2026-10-08T22:13:19.6340674Z Updating files:  54% (843/1560)
2026-10-08T22:13:19.6370701Z Updating files:  55% (858/1560)
2026-10-08T22:13:19.6409554Z Updating files:  56% (874/1560)
2026-10-08T22:13:19.6451289Z Updating files:  57% (890/1560)
2026-10-08T22:13:19.6472295Z Updating files:  58% (905/1560)
2026-10-08T22:13:19.6500324Z Updating files:  59% (921/1560)
2026-10-08T22:13:19.6536335Z Updating files:  60% (936/1560)
2026-10-08T22:13:19.6579455Z Updating files:  61% (952/1560)
2026-10-08T22:13:19.6615912Z Updating files:  62% (968/1560)
2026-10-08T22:13:19.6661674Z Updating files:  63% (983/1560)
2026-10-08T22:13:19.6669529Z Updating files:  64% (999/1560)
2026-10-08T22:13:19.6692460Z Updating files:  65% (1014/1560)
2026-10-08T22:13:19.6719954Z Updating files:  66% (1030/1560)
2026-10-08T22:13:19.6748775Z Updating files:  67% (1046/1560)
2026-10-08T22:13:19.6779416Z Updating files:  68% (1061/1560)
2026-10-08T22:13:19.6818291Z Updating files:  69% (1077/1560)
2026-10-08T22:13:19.6841376Z Updating files:  70% (1092/1560)
2026-10-08T22:13:19.6867758Z Updating files:  71% (1108/1560)
2026-10-08T22:13:19.6904663Z Updating files:  72% (1124/1560)
2026-10-08T22:13:19.6940048Z Updating files:  73% (1139/1560)
2026-10-08T22:13:19.6982237Z Updating files:  74% (1155/1560)
2026-10-08T22:13:19.7026686Z Updating files:  75% (1170/1560)
2026-10-08T22:13:19.7036514Z Updating files:  76% (1186/1560)
2026-10-08T22:13:19.7045637Z Updating files:  77% (1202/1560)
2026-10-08T22:13:19.7066955Z Updating files:  78% (1217/1560)
2026-10-08T22:13:19.7075461Z Updating files:  79% (1233/1560)
2026-10-08T22:13:19.7083591Z Updating files:  80% (1248/1560)
2026-10-08T22:13:19.7091376Z Updating files:  81% (1264/1560)
2026-10-08T22:13:19.7098285Z Updating files:  82% (1280/1560)
2026-10-08T22:13:19.7104993Z Updating files:  83% (1295/1560)
2026-10-08T22:13:19.7126765Z Updating files:  84% (1311/1560)
2026-10-08T22:13:19.7153341Z Updating files:  85% (1326/1560)
2026-10-08T22:13:19.7162866Z Updating files:  86% (1342/1560)
2026-10-08T22:13:19.7170254Z Updating files:  87% (1358/1560)
2026-10-08T22:13:19.7185614Z Updating files:  88% (1373/1560)
2026-10-08T22:13:19.7224824Z Updating files:  89% (1389/1560)
2026-10-08T22:13:19.7279172Z Updating files:  90% (1404/1560)
2026-10-08T22:13:19.7316140Z Updating files:  91% (1420/1560)
2026-10-08T22:13:19.7331683Z Updating files:  92% (1436/1560)
2026-10-08T22:13:19.7340959Z Updating files:  93% (1451/1560)
2026-10-08T22:13:20.0689332Z Updating files:  94% (1467/1560)
2026-10-08T22:13:20.0690532Z Updating files:  94% (1481/1560)
2026-10-08T22:13:20.0698394Z Updating files:  95% (1482/1560)
2026-10-08T22:13:20.0708723Z Updating files:  96% (1498/1560)
2026-10-08T22:13:20.0717274Z Updating files:  97% (1514/1560)
2026-10-08T22:13:20.0727604Z Updating files:  98% (1529/1560)
2026-10-08T22:13:20.0736843Z Updating files:  99% (1545/1560)
2026-10-08T22:13:20.0737626Z Updating files: 100% (1560/1560)
2026-10-08T22:13:20.0738221Z Updating files: 100% (1560/1560), done.
2026-10-08T22:13:20.0764755Z Note: switching to 'fa0b337e1178177ff5b871acae697897c687ee11'.
2026-10-08T22:13:20.0765300Z 
2026-10-08T22:13:20.0765682Z You are in 'detached HEAD' state. You can look around, make experimental
2026-10-08T22:13:20.0766193Z changes and commit them, and you can discard any commits you make in this
2026-10-08T22:13:20.0766855Z state without impacting any branches by switching back to a branch.
2026-10-08T22:13:20.0767347Z 
2026-10-08T22:13:20.0767673Z If you want to create a new branch to retain commits you create, you may
2026-10-08T22:13:20.0768699Z do so (now or later) by using -c with the switch command. Example:
2026-10-08T22:13:20.0769379Z 
2026-10-08T22:13:20.0769563Z   git switch -c <new-branch-name>
2026-10-08T22:13:20.0769860Z 
2026-10-08T22:13:20.0770045Z Or undo this operation with:
2026-10-08T22:13:20.0770313Z 
2026-10-08T22:13:20.0770454Z   git switch -
2026-10-08T22:13:20.0770659Z 
2026-10-08T22:13:20.0771039Z Turn off this advice by setting config variable advice.detachedHead to false
2026-10-08T22:13:20.0771578Z 
2026-10-08T22:13:20.0771836Z HEAD is now at fa0b337 G10 archive first green PR proof and start ranked review
2026-10-08T22:13:20.0916333Z ##[endgroup]
2026-10-08T22:13:20.0971094Z [command]/usr/bin/git log -1 --format=%H
2026-10-08T22:13:20.1002529Z fa0b337e1178177ff5b871acae697897c687ee11
2026-10-08T22:13:20.1260677Z ##[group]Run actions/setup-node@v4
2026-10-08T22:13:20.1260983Z with:
2026-10-08T22:13:20.1261188Z   node-version: 22.16.0
2026-10-08T22:13:20.1261423Z   cache: npm
2026-10-08T22:13:20.1261739Z   cache-dependency-path: jobs/G10-checkers/package-lock.json
2026-10-08T22:13:20.1262089Z   always-auth: false
2026-10-08T22:13:20.1262302Z   check-latest: false
2026-10-08T22:13:20.1264771Z   token: ***
2026-10-08T22:13:20.1264962Z env:
2026-10-08T22:13:20.1265214Z   G10_SOURCE_COMMIT: fa0b337e1178177ff5b871acae697897c687ee11
2026-10-08T22:13:20.1265538Z ##[endgroup]
2026-10-08T22:13:20.2652623Z Attempting to download 22.16.0...
2026-10-08T22:13:20.2757612Z (node:2312) [DEP0040] DeprecationWarning: The `punycode` module is deprecated. Please use a userland alternative instead.
2026-10-08T22:13:20.2758611Z (Use `node --trace-deprecation ...` to show where the warning was created)
2026-10-08T22:13:20.8560595Z Acquiring 22.16.0 - x64 from https://github.com/actions/node-versions/releases/download/22.16.0-15177438473/node-22.16.0-linux-x64.tar.gz
2026-10-08T22:13:21.2714679Z Extracting ...
2026-10-08T22:13:21.2835581Z [command]/usr/bin/tar xz --strip 1 --warning=no-unknown-keyword --overwrite -C /home/runner/work/_temp/b5f34dd2-822a-45fa-9ed6-dc7909c86a22 -f /home/runner/work/_temp/fd1af7e8-e37c-4f35-81f0-06dd685abc3d
2026-10-08T22:13:22.4702018Z Adding to the cache ...
2026-10-08T22:13:24.5470883Z ##[group]Environment details
2026-10-08T22:13:24.7747262Z node: v22.16.0
2026-10-08T22:13:24.7747653Z npm: 10.9.2
2026-10-08T22:13:24.7747851Z yarn: 1.22.22
2026-10-08T22:13:24.7748395Z ##[endgroup]
2026-10-08T22:13:24.7770442Z [command]/opt/hostedtoolcache/node/22.16.0/x64/bin/npm config get cache
2026-10-08T22:13:24.8687782Z /home/runner/.npm
2026-10-08T22:13:24.9494043Z Cache hit for: node-cache-Linux-x64-npm-b79e3f2344d4218dbbb2f93f566da8e1ac49738aa1184813b150890d461d0c8a
2026-10-08T22:13:24.9610790Z (node:2312) [DEP0169] DeprecationWarning: `url.parse()` behavior is not standardized and prone to errors that have security implications. Use the WHATWG URL API instead. CVEs are not issued for `url.parse()` vulnerabilities.
2026-10-08T22:13:25.1320871Z Received 12676330 of 12676330 (100.0%), 83.4 MBs/sec
2026-10-08T22:13:25.1321929Z Cache Size: ~12 MB (12676330 B)
2026-10-08T22:13:25.1430271Z [command]/usr/bin/tar -xf /home/runner/work/_temp/3b53e431-66d9-4bc3-aa53-52cb8d55b132/cache.tzst -P -C /home/runner/work/partybox-game-cores/partybox-game-cores --use-compress-program unzstd
2026-10-08T22:13:25.1721273Z Cache restored successfully
2026-10-08T22:13:25.1731960Z Cache restored from key: node-cache-Linux-x64-npm-b79e3f2344d4218dbbb2f93f566da8e1ac49738aa1184813b150890d461d0c8a
2026-10-08T22:13:25.1912173Z ##[group]Run npm ci --ignore-scripts --no-audit --no-fund
2026-10-08T22:13:25.1912706Z [36;1mnpm ci --ignore-scripts --no-audit --no-fund[0m
2026-10-08T22:13:25.2194116Z shell: /usr/bin/bash -e {0}
2026-10-08T22:13:25.2194440Z env:
2026-10-08T22:13:25.2194764Z   G10_SOURCE_COMMIT: fa0b337e1178177ff5b871acae697897c687ee11
2026-10-08T22:13:25.2195184Z ##[endgroup]
2026-10-08T22:13:26.1812132Z 
2026-10-08T22:13:26.1817357Z added 6 packages in 900ms
2026-10-08T22:13:26.2297771Z ##[group]Run sudo apt-get update
2026-10-08T22:13:26.2298117Z [36;1msudo apt-get update[0m
2026-10-08T22:13:26.2298403Z [36;1msudo apt-get install -y ffmpeg[0m
2026-10-08T22:13:26.2298699Z [36;1mffprobe -version[0m
2026-10-08T22:13:26.2299271Z [36;1mffmpeg -version[0m
2026-10-08T22:13:26.2365391Z shell: /usr/bin/bash -e {0}
2026-10-08T22:13:26.2365665Z env:
2026-10-08T22:13:26.2365940Z   G10_SOURCE_COMMIT: fa0b337e1178177ff5b871acae697897c687ee11
2026-10-08T22:13:26.2366283Z ##[endgroup]
2026-10-08T22:13:26.3331101Z Get:1 file:/etc/apt/apt-mirrors.txt Mirrorlist [144 B]
2026-10-08T22:13:26.3622621Z Hit:2 http://azure.archive.ubuntu.com/ubuntu noble InRelease
2026-10-08T22:13:26.3633516Z Get:6 https://packages.microsoft.com/ubuntu/24.04/prod noble InRelease [3600 B]
2026-10-08T22:13:26.3640772Z Get:3 http://azure.archive.ubuntu.com/ubuntu noble-updates InRelease [126 kB]
2026-10-08T22:13:26.3701742Z Get:4 http://azure.archive.ubuntu.com/ubuntu noble-backports InRelease [126 kB]
2026-10-08T22:13:26.3739598Z Get:5 http://azure.archive.ubuntu.com/ubuntu noble-security InRelease [126 kB]
2026-10-08T22:13:26.5058566Z Get:7 https://packages.microsoft.com/ubuntu/24.04/prod noble/main all Packages [640 B]
2026-10-08T22:13:26.5172471Z Get:8 https://packages.microsoft.com/ubuntu/24.04/prod noble/main arm64 Packages [474 kB]
2026-10-08T22:13:26.5238160Z Get:9 https://packages.microsoft.com/ubuntu/24.04/prod noble/main amd64 Packages [531 kB]
2026-10-08T22:13:26.5331079Z Get:10 https://packages.microsoft.com/ubuntu/24.04/prod noble/main armhf Packages [12.3 kB]
2026-10-08T22:13:26.5554918Z Get:11 http://azure.archive.ubuntu.com/ubuntu noble-updates/main amd64 Packages [1375 kB]
2026-10-08T22:13:26.5629974Z Get:12 http://azure.archive.ubuntu.com/ubuntu noble-updates/main Translation-en [306 kB]
2026-10-08T22:13:26.5650789Z Get:13 http://azure.archive.ubuntu.com/ubuntu noble-updates/universe amd64 Packages [1702 kB]
2026-10-08T22:13:26.5743778Z Get:14 http://azure.archive.ubuntu.com/ubuntu noble-updates/universe Translation-en [342 kB]
2026-10-08T22:13:26.5767098Z Get:15 http://azure.archive.ubuntu.com/ubuntu noble-updates/restricted amd64 Packages [1761 kB]
2026-10-08T22:13:26.5869697Z Get:16 http://azure.archive.ubuntu.com/ubuntu noble-updates/restricted Translation-en [401 kB]
2026-10-08T22:13:26.5901776Z Get:17 http://azure.archive.ubuntu.com/ubuntu noble-updates/multiverse amd64 Packages [55.0 kB]
2026-10-08T22:13:26.5920317Z Get:18 http://azure.archive.ubuntu.com/ubuntu noble-updates/multiverse Translation-en [14.3 kB]
2026-10-08T22:13:26.6629321Z Get:19 http://azure.archive.ubuntu.com/ubuntu noble-security/main amd64 Packages [1115 kB]
2026-10-08T22:13:26.6696813Z Get:20 http://azure.archive.ubuntu.com/ubuntu noble-security/main Translation-en [227 kB]
2026-10-08T22:13:26.7171114Z Get:21 http://azure.archive.ubuntu.com/ubuntu noble-security/universe amd64 Packages [1218 kB]
2026-10-08T22:13:26.7257809Z Get:22 http://azure.archive.ubuntu.com/ubuntu noble-security/universe Translation-en [245 kB]
2026-10-08T22:13:26.7262758Z Get:23 http://azure.archive.ubuntu.com/ubuntu noble-security/restricted amd64 Packages [1632 kB]
2026-10-08T22:13:26.7355243Z Get:24 http://azure.archive.ubuntu.com/ubuntu noble-security/restricted Translation-en [376 kB]
2026-10-08T22:13:26.7378440Z Get:25 http://azure.archive.ubuntu.com/ubuntu noble-security/multiverse Translation-en [11.6 kB]
2026-10-08T22:13:32.2729270Z Fetched 12.2 MB in 1s (9717 kB/s)
2026-10-08T22:13:33.1302029Z Reading package lists...
2026-10-08T22:13:33.1604832Z Reading package lists...
2026-10-08T22:13:33.3479909Z Building dependency tree...
2026-10-08T22:13:33.3488318Z Reading state information...
2026-10-08T22:13:33.4915413Z The following additional packages will be installed:
2026-10-08T22:13:33.4916525Z   i965-va-driver intel-media-va-driver libaacs0 libass9 libasyncns0
2026-10-08T22:13:33.4917852Z   libavc1394-0 libavcodec60 libavdevice60 libavfilter9 libavformat60
2026-10-08T22:13:33.4919925Z   libavutil58 libbdplus0 libblas3 libbluray2 libbs2b0 libcaca0
2026-10-08T22:13:33.4921205Z   libcdio-cdda2t64 libcdio-paranoia2t64 libcdio19t64 libchromaprint1 libcjson1
2026-10-08T22:13:33.4922572Z   libcodec2-1.2 libdav1d7 libdc1394-25 libdecor-0-0 libdecor-0-plugin-1-gtk
2026-10-08T22:13:33.4923655Z   libflac12t64 libflite1 libgme0 libgsm1 libhwy1t64 libiec61883-0 libigdgmm12
2026-10-08T22:13:33.4924918Z   libjack-jackd2-0 libjxl0.7 liblapack3 liblilv-0-0 libmbedcrypto7t64
2026-10-08T22:13:33.4926163Z   libmp3lame0 libmpg123-0t64 libmysofa1 libopenal-data libopenal1
2026-10-08T22:13:33.4927417Z   libopenmpt0t64 libopus0 libplacebo338 libpocketsphinx3 libpostproc57
2026-10-08T22:13:33.4928683Z   libpulse0 librav1e0 libraw1394-11 librist4 librsvg2-2 librsvg2-common
2026-10-08T22:13:33.4929937Z   librubberband2 libsamplerate0 libsdl2-2.0-0 libserd-0-0 libshine3
2026-10-08T22:13:33.4930910Z   libsndfile1 libsndio7.0 libsord-0-0 libsoxr0 libspeex1 libsphinxbase3t64
2026-10-08T22:13:33.4931893Z   libsratom-0-0 libsrt1.5-gnutls libssh-gcrypt-4 libsvtav1enc1d1
2026-10-08T22:13:33.4932957Z   libswresample4 libswscale7 libtheora0 libtwolame0 libudfread0 libunibreak5
2026-10-08T22:13:33.4934068Z   libva-drm2 libva-x11-2 libva2 libvdpau1 libvidstab1.1 libvorbisenc2 libvpl2
2026-10-08T22:13:33.4935131Z   libvpx9 libx264-164 libx265-199 libxcb-shape0 libxv1 libxvidcore4 libzimg2
2026-10-08T22:13:33.4936177Z   libzix-0-0 libzvbi-common libzvbi0t64 mesa-va-drivers mesa-vdpau-drivers
2026-10-08T22:13:33.4937206Z   ocl-icd-libopencl1 pocketsphinx-en-us va-driver-all vdpau-driver-all
2026-10-08T22:13:33.4937977Z Suggested packages:
2026-10-08T22:13:33.4938525Z   ffmpeg-doc i965-va-driver-shaders libcuda1 libnvcuvid1 libnvidia-encode1
2026-10-08T22:13:33.4939276Z   libbluray-bdj jackd2 libportaudio2 opus-tools pulseaudio libraw1394-doc
2026-10-08T22:13:33.4939830Z   librsvg2-bin serdi sndiod sordi speex opencl-icd libvdpau-va-gl1
2026-10-08T22:13:33.5372163Z The following NEW packages will be installed:
2026-10-08T22:13:33.5373242Z   ffmpeg i965-va-driver intel-media-va-driver libaacs0 libass9 libasyncns0
2026-10-08T22:13:33.5374872Z   libavc1394-0 libavcodec60 libavdevice60 libavfilter9 libavformat60
2026-10-08T22:13:33.5375934Z   libavutil58 libbdplus0 libblas3 libbluray2 libbs2b0 libcaca0
2026-10-08T22:13:33.5377190Z   libcdio-cdda2t64 libcdio-paranoia2t64 libcdio19t64 libchromaprint1 libcjson1
2026-10-08T22:13:33.5378644Z   libcodec2-1.2 libdav1d7 libdc1394-25 libdecor-0-0 libdecor-0-plugin-1-gtk
2026-10-08T22:13:33.5380332Z   libflac12t64 libflite1 libgme0 libgsm1 libhwy1t64 libiec61883-0 libigdgmm12
2026-10-08T22:13:33.5381497Z   libjack-jackd2-0 libjxl0.7 liblapack3 liblilv-0-0 libmbedcrypto7t64
2026-10-08T22:13:33.5382630Z   libmp3lame0 libmpg123-0t64 libmysofa1 libopenal-data libopenal1
2026-10-08T22:13:33.5383789Z   libopenmpt0t64 libopus0 libplacebo338 libpocketsphinx3 libpostproc57
2026-10-08T22:13:33.5385043Z   libpulse0 librav1e0 libraw1394-11 librist4 librsvg2-2 librsvg2-common
2026-10-08T22:13:33.5386253Z   librubberband2 libsamplerate0 libsdl2-2.0-0 libserd-0-0 libshine3
2026-10-08T22:13:33.5387503Z   libsndfile1 libsndio7.0 libsord-0-0 libsoxr0 libspeex1 libsphinxbase3t64
2026-10-08T22:13:33.5388719Z   libsratom-0-0 libsrt1.5-gnutls libssh-gcrypt-4 libsvtav1enc1d1
2026-10-08T22:13:33.5390172Z   libswresample4 libswscale7 libtheora0 libtwolame0 libudfread0 libunibreak5
2026-10-08T22:13:33.5391230Z   libva-drm2 libva-x11-2 libva2 libvdpau1 libvidstab1.1 libvorbisenc2 libvpl2
2026-10-08T22:13:33.5392262Z   libvpx9 libx264-164 libx265-199 libxcb-shape0 libxv1 libxvidcore4 libzimg2
2026-10-08T22:13:33.5393309Z   libzix-0-0 libzvbi-common libzvbi0t64 mesa-va-drivers mesa-vdpau-drivers
2026-10-08T22:13:33.5394358Z   ocl-icd-libopencl1 pocketsphinx-en-us va-driver-all vdpau-driver-all
2026-10-08T22:13:33.5578423Z 0 upgraded, 99 newly installed, 0 to remove and 23 not upgraded.
2026-10-08T22:13:33.5579245Z Need to get 94.1 MB of archives.
2026-10-08T22:13:33.5579954Z After this operation, 227 MB of additional disk space will be used.
2026-10-08T22:13:33.5610249Z Get:1 file:/etc/apt/apt-mirrors.txt Mirrorlist [144 B]
2026-10-08T22:13:33.6610864Z Get:2 http://azure.archive.ubuntu.com/ubuntu noble-updates/universe amd64 libva2 amd64 2.20.0-2ubuntu0.2 [66.4 kB]
2026-10-08T22:13:33.7517382Z Get:3 http://azure.archive.ubuntu.com/ubuntu noble-updates/universe amd64 libva-drm2 amd64 2.20.0-2ubuntu0.2 [7124 B]
2026-10-08T22:13:33.8377902Z Get:4 http://azure.archive.ubuntu.com/ubuntu noble-updates/universe amd64 libva-x11-2 amd64 2.20.0-2ubuntu0.2 [12.0 kB]
2026-10-08T22:13:33.9238618Z Get:5 http://azure.archive.ubuntu.com/ubuntu noble/main amd64 libvdpau1 amd64 1.5-2build1 [27.8 kB]
2026-10-08T22:13:34.0100671Z Get:6 http://azure.archive.ubuntu.com/ubuntu noble/universe amd64 libvpl2 amd64 2023.3.0-1build1 [99.8 kB]
2026-10-08T22:13:34.0986531Z Get:7 http://azure.archive.ubuntu.com/ubuntu noble/universe amd64 ocl-icd-libopencl1 amd64 2.3.2-1build1 [38.5 kB]
2026-10-08T22:13:34.1856679Z Get:8 http://azure.archive.ubuntu.com/ubuntu noble/universe amd64 libavutil58 amd64 7:6.1.1-3ubuntu5 [401 kB]
2026-10-08T22:13:34.2788214Z Get:9 http://azure.archive.ubuntu.com/ubuntu noble/universe amd64 libcodec2-1.2 amd64 1.2.0-2build1 [8998 kB]
2026-10-08T22:13:34.6259936Z Get:10 http://azure.archive.ubuntu.com/ubuntu noble/universe amd64 libdav1d7 amd64 1.4.1-1build1 [604 kB]
2026-10-08T22:13:34.7274782Z Get:11 http://azure.archive.ubuntu.com/ubuntu noble/universe amd64 libgsm1 amd64 1.0.22-1build1 [27.8 kB]
2026-10-08T22:13:34.8145850Z Get:12 http://azure.archive.ubuntu.com/ubuntu noble/universe amd64 libhwy1t64 amd64 1.0.7-8.1build1 [584 kB]
2026-10-08T22:13:34.9185999Z Get:13 http://azure.archive.ubuntu.com/ubuntu noble-updates/universe amd64 libjxl0.7 amd64 0.7.0-10.2ubuntu6.1 [1001 kB]
2026-10-08T22:13:35.0354900Z Get:14 http://azure.archive.ubuntu.com/ubuntu noble/main amd64 libmp3lame0 amd64 3.100-6build1 [142 kB]
2026-10-08T22:13:35.1235994Z Get:15 http://azure.archive.ubuntu.com/ubuntu noble/main amd64 libopus0 amd64 1.4-1build1 [208 kB]
2026-10-08T22:13:35.2209643Z Get:16 http://azure.archive.ubuntu.com/ubuntu noble/universe amd64 librav1e0 amd64 0.7.1-2 [1022 kB]
2026-10-08T22:13:35.3345974Z Get:17 http://azure.archive.ubuntu.com/ubuntu noble-updates/main amd64 librsvg2-2 amd64 2.58.0+dfsg-1ubuntu0.1 [2141 kB]
2026-10-08T22:13:35.4440072Z Get:18 http://azure.archive.ubuntu.com/ubuntu noble/universe amd64 libshine3 amd64 3.1.1-2build1 [23.2 kB]
2026-10-08T22:13:35.5306983Z Get:19 http://azure.archive.ubuntu.com/ubuntu noble-updates/main amd64 libspeex1 amd64 1.2.1-2ubuntu2.24.04.1 [59.6 kB]
2026-10-08T22:13:35.6226017Z Get:20 http://azure.archive.ubuntu.com/ubuntu noble/universe amd64 libsvtav1enc1d1 amd64 1.7.0+dfsg-2build1 [2425 kB]
2026-10-08T22:13:35.7464876Z Get:21 http://azure.archive.ubuntu.com/ubuntu noble/universe amd64 libsoxr0 amd64 0.1.3-4build3 [80.0 kB]
2026-10-08T22:13:35.8335526Z Get:22 http://azure.archive.ubuntu.com/ubuntu noble/universe amd64 libswresample4 amd64 7:6.1.1-3ubuntu5 [63.8 kB]
2026-10-08T22:13:35.9205449Z Get:23 http://azure.archive.ubuntu.com/ubuntu noble/main amd64 libtheora0 amd64 1.1.1+dfsg.1-16.1build3 [211 kB]
2026-10-08T22:13:36.0092879Z Get:24 http://azure.archive.ubuntu.com/ubuntu noble/main amd64 libtwolame0 amd64 0.4.0-2build3 [52.3 kB]
2026-10-08T22:13:36.0965056Z Get:25 http://azure.archive.ubuntu.com/ubuntu noble/main amd64 libvorbisenc2 amd64 1.3.7-1build3 [80.8 kB]
2026-10-08T22:13:36.1853671Z Get:26 http://azure.archive.ubuntu.com/ubuntu noble-updates/main amd64 libvpx9 amd64 1.14.0-1ubuntu2.3 [1143 kB]
2026-10-08T22:13:36.2914894Z Get:27 http://azure.archive.ubuntu.com/ubuntu noble/universe amd64 libx264-164 amd64 2:0.164.3108+git31e19f9-1 [604 kB]
2026-10-08T22:13:36.3888670Z Get:28 http://azure.archive.ubuntu.com/ubuntu noble/universe amd64 libx265-199 amd64 3.5-2build1 [1226 kB]
2026-10-08T22:13:36.5113366Z Get:29 http://azure.archive.ubuntu.com/ubuntu noble/universe amd64 libxvidcore4 amd64 2:1.3.7-1build1 [219 kB]
2026-10-08T22:13:36.6068732Z Get:30 http://azure.archive.ubuntu.com/ubuntu noble/universe amd64 libzvbi-common all 0.2.42-2 [42.4 kB]
2026-10-08T22:13:36.6962151Z Get:31 http://azure.archive.ubuntu.com/ubuntu noble/universe amd64 libzvbi0t64 amd64 0.2.42-2 [261 kB]
2026-10-08T22:13:36.7930134Z Get:32 http://azure.archive.ubuntu.com/ubuntu noble/universe amd64 libavcodec60 amd64 7:6.1.1-3ubuntu5 [5851 kB]
2026-10-08T22:13:37.0923829Z Get:33 http://azure.archive.ubuntu.com/ubuntu noble/main amd64 libraw1394-11 amd64 2.1.2-2build3 [26.2 kB]
2026-10-08T22:13:37.1786420Z Get:34 http://azure.archive.ubuntu.com/ubuntu noble/main amd64 libavc1394-0 amd64 0.5.4-5build3 [15.4 kB]
2026-10-08T22:13:37.2656994Z Get:35 http://azure.archive.ubuntu.com/ubuntu noble/universe amd64 libunibreak5 amd64 5.1-2build1 [25.0 kB]
2026-10-08T22:13:37.3527694Z Get:36 http://azure.archive.ubuntu.com/ubuntu noble/universe amd64 libass9 amd64 1:0.17.1-2build1 [104 kB]
2026-10-08T22:13:37.4411847Z Get:37 http://azure.archive.ubuntu.com/ubuntu noble/universe amd64 libudfread0 amd64 1.1.2-1build1 [19.0 kB]
2026-10-08T22:13:37.5294384Z Get:38 http://azure.archive.ubuntu.com/ubuntu noble/universe amd64 libbluray2 amd64 1:1.3.4-1build1 [159 kB]
2026-10-08T22:13:37.6343450Z Get:39 http://azure.archive.ubuntu.com/ubuntu noble/universe amd64 libchromaprint1 amd64 1.5.1-5 [30.5 kB]
2026-10-08T22:13:37.7226403Z Get:40 http://azure.archive.ubuntu.com/ubuntu noble/universe amd64 libgme0 amd64 0.6.3-7build1 [134 kB]
2026-10-08T22:13:37.8115065Z Get:41 http://azure.archive.ubuntu.com/ubuntu noble-updates/main amd64 libmpg123-0t64 amd64 1.32.5-1ubuntu1.1 [169 kB]
2026-10-08T22:13:37.9050780Z Get:42 http://azure.archive.ubuntu.com/ubuntu noble/universe amd64 libopenmpt0t64 amd64 0.7.3-1.1build3 [647 kB]
2026-10-08T22:13:38.0113695Z Get:43 http://azure.archive.ubuntu.com/ubuntu noble/universe amd64 libcjson1 amd64 1.7.17-1 [24.8 kB]
2026-10-08T22:13:38.1033605Z Get:44 http://azure.archive.ubuntu.com/ubuntu noble/universe amd64 libmbedcrypto7t64 amd64 2.28.8-1 [209 kB]
2026-10-08T22:13:38.2062428Z Get:45 http://azure.archive.ubuntu.com/ubuntu noble/universe amd64 librist4 amd64 0.2.10+dfsg-2 [74.9 kB]
2026-10-08T22:13:38.2989112Z Get:46 http://azure.archive.ubuntu.com/ubuntu noble/universe amd64 libsrt1.5-gnutls amd64 1.5.3-1build2 [316 kB]
2026-10-08T22:13:38.3962219Z Get:47 http://azure.archive.ubuntu.com/ubuntu noble-updates/main amd64 libssh-gcrypt-4 amd64 0.10.6-2ubuntu0.5 [226 kB]
2026-10-08T22:13:38.4898248Z Get:48 http://azure.archive.ubuntu.com/ubuntu noble/universe amd64 libavformat60 amd64 7:6.1.1-3ubuntu5 [1153 kB]
2026-10-08T22:13:38.6273198Z Get:49 http://azure.archive.ubuntu.com/ubuntu noble/universe amd64 libbs2b0 amd64 3.1.0+dfsg-7build1 [10.6 kB]
2026-10-08T22:13:38.7170760Z Get:50 http://azure.archive.ubuntu.com/ubuntu noble/universe amd64 libflite1 amd64 2.2-6build3 [13.6 MB]
2026-10-08T22:13:39.3553622Z Get:51 http://azure.archive.ubuntu.com/ubuntu noble/universe amd64 libserd-0-0 amd64 0.32.2-1 [43.6 kB]
2026-10-08T22:13:39.4460447Z Get:52 http://azure.archive.ubuntu.com/ubuntu noble/universe amd64 libzix-0-0 amd64 0.4.2-2build1 [23.6 kB]
2026-10-08T22:13:39.5364751Z Get:53 http://azure.archive.ubuntu.com/ubuntu noble/universe amd64 libsord-0-0 amd64 0.16.16-2build1 [15.8 kB]
2026-10-08T22:13:39.6270220Z Get:54 http://azure.archive.ubuntu.com/ubuntu noble/universe amd64 libsratom-0-0 amd64 0.6.16-1build1 [17.3 kB]
2026-10-08T22:13:39.7170051Z Get:55 http://azure.archive.ubuntu.com/ubuntu noble/universe amd64 liblilv-0-0 amd64 0.24.22-1build1 [41.0 kB]
2026-10-08T22:13:39.8071475Z Get:56 http://azure.archive.ubuntu.com/ubuntu noble/universe amd64 libmysofa1 amd64 1.3.2+dfsg-2ubuntu2 [1158 kB]
2026-10-08T22:13:39.9464654Z Get:57 http://azure.archive.ubuntu.com/ubuntu noble/universe amd64 libplacebo338 amd64 6.338.2-2build1 [2654 kB]
2026-10-08T22:13:40.1180076Z Get:58 http://azure.archive.ubuntu.com/ubuntu noble-updates/main amd64 libblas3 amd64 3.12.0-3build1.1 [238 kB]
2026-10-08T22:13:40.2134482Z Get:59 http://azure.archive.ubuntu.com/ubuntu noble-updates/main amd64 liblapack3 amd64 3.12.0-3build1.1 [2646 kB]
2026-10-08T22:13:40.4233975Z Get:60 http://azure.archive.ubuntu.com/ubuntu noble/main amd64 libasyncns0 amd64 0.8-6build4 [11.3 kB]
2026-10-08T22:13:40.5132859Z Get:61 http://azure.archive.ubuntu.com/ubuntu noble/main amd64 libflac12t64 amd64 1.4.3+ds-2.1ubuntu2 [197 kB]
2026-10-08T22:13:40.6074839Z Get:62 http://azure.archive.ubuntu.com/ubuntu noble-updates/main amd64 libsndfile1 amd64 1.2.2-1ubuntu5.24.04.1 [209 kB]
2026-10-08T22:13:40.7026227Z Get:63 http://azure.archive.ubuntu.com/ubuntu noble-updates/main amd64 libpulse0 amd64 1:16.1+dfsg1-2ubuntu10.1 [292 kB]
2026-10-08T22:13:40.8024220Z Get:64 http://azure.archive.ubuntu.com/ubuntu noble/universe amd64 libsphinxbase3t64 amd64 0.8+5prealpha+1-17build2 [126 kB]
2026-10-08T22:13:40.8939101Z Get:65 http://azure.archive.ubuntu.com/ubuntu noble/universe amd64 libpocketsphinx3 amd64 0.8.0+real5prealpha+1-15ubuntu5 [133 kB]
2026-10-08T22:13:40.9857685Z Get:66 http://azure.archive.ubuntu.com/ubuntu noble/universe amd64 libpostproc57 amd64 7:6.1.1-3ubuntu5 [49.9 kB]
2026-10-08T22:13:41.0752172Z Get:67 http://azure.archive.ubuntu.com/ubuntu noble/main amd64 libsamplerate0 amd64 0.2.2-4build1 [1344 kB]
2026-10-08T22:13:41.2150982Z Get:68 http://azure.archive.ubuntu.com/ubuntu noble/universe amd64 librubberband2 amd64 3.3.0+dfsg-2build1 [130 kB]
2026-10-08T22:13:41.3112822Z Get:69 http://azure.archive.ubuntu.com/ubuntu noble/universe amd64 libswscale7 amd64 7:6.1.1-3ubuntu5 [193 kB]
2026-10-08T22:13:41.4097426Z Get:70 http://azure.archive.ubuntu.com/ubuntu noble/universe amd64 libvidstab1.1 amd64 1.1.0-2build1 [38.5 kB]
2026-10-08T22:13:41.5013257Z Get:71 http://azure.archive.ubuntu.com/ubuntu noble/universe amd64 libzimg2 amd64 3.0.5+ds1-1build1 [254 kB]
2026-10-08T22:13:41.6078066Z Get:72 http://azure.archive.ubuntu.com/ubuntu noble/universe amd64 libavfilter9 amd64 7:6.1.1-3ubuntu5 [4235 kB]
2026-10-08T22:13:41.8923029Z Get:73 http://azure.archive.ubuntu.com/ubuntu noble-updates/main amd64 libcaca0 amd64 0.99.beta20-4ubuntu0.2 [209 kB]
2026-10-08T22:13:41.9926801Z Get:74 http://azure.archive.ubuntu.com/ubuntu noble-updates/main amd64 libcdio19t64 amd64 2.1.0-4.1ubuntu1.2 [62.4 kB]
2026-10-08T22:13:42.0808634Z Get:75 http://azure.archive.ubuntu.com/ubuntu noble/main amd64 libcdio-cdda2t64 amd64 10.2+2.0.1-1.1build2 [16.5 kB]
2026-10-08T22:13:42.1695920Z Get:76 http://azure.archive.ubuntu.com/ubuntu noble/main amd64 libcdio-paranoia2t64 amd64 10.2+2.0.1-1.1build2 [16.6 kB]
2026-10-08T22:13:42.2616300Z Get:77 http://azure.archive.ubuntu.com/ubuntu noble/universe amd64 libdc1394-25 amd64 2.2.6-4build1 [90.1 kB]
2026-10-08T22:13:42.3569426Z Get:78 http://azure.archive.ubuntu.com/ubuntu noble/main amd64 libiec61883-0 amd64 1.2.0-6build1 [24.5 kB]
2026-10-08T22:13:42.4481009Z Get:79 http://azure.archive.ubuntu.com/ubuntu noble/main amd64 libjack-jackd2-0 amd64 1.9.21~dfsg-3ubuntu3 [289 kB]
2026-10-08T22:13:42.5566508Z Get:80 http://azure.archive.ubuntu.com/ubuntu noble/universe amd64 libopenal-data all 1:1.23.1-4build1 [161 kB]
2026-10-08T22:13:42.6564309Z Get:81 http://azure.archive.ubuntu.com/ubuntu noble/universe amd64 libsndio7.0 amd64 1.9.0-0.3build3 [29.6 kB]
2026-10-08T22:13:42.7487943Z Get:82 http://azure.archive.ubuntu.com/ubuntu noble/universe amd64 libopenal1 amd64 1:1.23.1-4build1 [540 kB]
2026-10-08T22:13:42.8742196Z Get:83 http://azure.archive.ubuntu.com/ubuntu noble/main amd64 libdecor-0-0 amd64 0.2.2-1build2 [16.5 kB]
2026-10-08T22:13:42.9620416Z Get:84 http://azure.archive.ubuntu.com/ubuntu noble-updates/main amd64 libsdl2-2.0-0 amd64 2.30.0+dfsg-1ubuntu3.1 [686 kB]
2026-10-08T22:13:43.0988507Z Get:85 http://azure.archive.ubuntu.com/ubuntu noble/main amd64 libxcb-shape0 amd64 1.15-1ubuntu2 [6100 B]
2026-10-08T22:13:43.1866933Z Get:86 http://azure.archive.ubuntu.com/ubuntu noble/main amd64 libxv1 amd64 2:1.0.11-1.1build1 [10.7 kB]
2026-10-08T22:13:43.2737203Z Get:87 http://azure.archive.ubuntu.com/ubuntu noble/universe amd64 libavdevice60 amd64 7:6.1.1-3ubuntu5 [82.3 kB]
2026-10-08T22:13:43.3664015Z Get:88 http://azure.archive.ubuntu.com/ubuntu noble/universe amd64 ffmpeg amd64 7:6.1.1-3ubuntu5 [1879 kB]
2026-10-08T22:13:43.5611587Z Get:89 http://azure.archive.ubuntu.com/ubuntu noble-updates/universe amd64 libigdgmm12 amd64 22.3.17+ds1-1ubuntu1 [145 kB]
2026-10-08T22:13:43.6658471Z Get:90 http://azure.archive.ubuntu.com/ubuntu noble-updates/universe amd64 intel-media-va-driver amd64 24.1.0+dfsg1-1ubuntu0.2 [3163 kB]
2026-10-08T22:13:43.9354097Z Get:91 http://azure.archive.ubuntu.com/ubuntu noble/universe amd64 libaacs0 amd64 0.11.1-2build1 [62.9 kB]
2026-10-08T22:13:44.0263124Z Get:92 http://azure.archive.ubuntu.com/ubuntu noble/universe amd64 libbdplus0 amd64 0.2.0-3build1 [52.2 kB]
2026-10-08T22:13:44.1171168Z Get:93 http://azure.archive.ubuntu.com/ubuntu noble/main amd64 libdecor-0-plugin-1-gtk amd64 0.2.2-1build2 [22.2 kB]
2026-10-08T22:13:44.2043085Z Get:94 http://azure.archive.ubuntu.com/ubuntu noble-updates/main amd64 librsvg2-common amd64 2.58.0+dfsg-1ubuntu0.1 [11.8 kB]
2026-10-08T22:13:44.2915562Z Get:95 http://azure.archive.ubuntu.com/ubuntu noble-updates/universe amd64 mesa-va-drivers amd64 25.2.8-0ubuntu0.24.04.4 [6778 B]
2026-10-08T22:13:44.3784431Z Get:96 http://azure.archive.ubuntu.com/ubuntu noble-updates/main amd64 mesa-vdpau-drivers amd64 25.2.8-0ubuntu0.24.04.4 [23.4 kB]
2026-10-08T22:13:44.4654851Z Get:97 http://azure.archive.ubuntu.com/ubuntu noble-updates/universe amd64 i965-va-driver amd64 2.4.1+dfsg1-1ubuntu0.2 [332 kB]
2026-10-08T22:13:44.5600275Z Get:98 http://azure.archive.ubuntu.com/ubuntu noble-updates/universe amd64 va-driver-all amd64 2.20.0-2ubuntu0.2 [5014 B]
2026-10-08T22:13:44.6463882Z Get:99 http://azure.archive.ubuntu.com/ubuntu noble/main amd64 vdpau-driver-all amd64 1.5-2build1 [4414 B]
2026-10-08T22:13:44.7322887Z Get:100 http://azure.archive.ubuntu.com/ubuntu noble/universe amd64 pocketsphinx-en-us all 0.8.0+real5prealpha+1-15ubuntu5 [27.4 MB]
2026-10-08T22:13:46.1077667Z Fetched 94.1 MB in 12s (7704 kB/s)
2026-10-08T22:13:46.1344976Z Selecting previously unselected package libva2:amd64.
2026-10-08T22:13:46.1665259Z (Reading database ... 
2026-10-08T22:13:46.1665607Z (Reading database ... 5%
2026-10-08T22:13:46.1665937Z (Reading database ... 10%
2026-10-08T22:13:46.1666482Z (Reading database ... 15%
2026-10-08T22:13:46.1666749Z (Reading database ... 20%
2026-10-08T22:13:46.1667008Z (Reading database ... 25%
2026-10-08T22:13:46.1667272Z (Reading database ... 30%
2026-10-08T22:13:46.1667833Z (Reading database ... 35%
2026-10-08T22:13:46.1669286Z (Reading database ... 40%
2026-10-08T22:13:46.1670124Z (Reading database ... 45%
2026-10-08T22:13:46.1670837Z (Reading database ... 50%
2026-10-08T22:13:46.1722473Z (Reading database ... 55%
2026-10-08T22:13:46.2833694Z (Reading database ... 60%
2026-10-08T22:13:46.5136276Z (Reading database ... 65%
2026-10-08T22:13:46.6798932Z (Reading database ... 70%
2026-10-08T22:13:46.8617699Z (Reading database ... 75%
2026-10-08T22:13:46.9852201Z (Reading database ... 80%
2026-10-08T22:13:47.1394657Z (Reading database ... 85%
2026-10-08T22:13:47.3171721Z (Reading database ... 90%
2026-10-08T22:13:47.4300358Z (Reading database ... 95%
2026-10-08T22:13:47.4300979Z (Reading database ... 100%
2026-10-08T22:13:47.4301874Z (Reading database ... 203191 files and directories currently installed.)
2026-10-08T22:13:47.4344905Z Preparing to unpack .../00-libva2_2.20.0-2ubuntu0.2_amd64.deb ...
2026-10-08T22:13:47.4376090Z Unpacking libva2:amd64 (2.20.0-2ubuntu0.2) ...
2026-10-08T22:13:47.4594772Z Selecting previously unselected package libva-drm2:amd64.
2026-10-08T22:13:47.4719785Z Preparing to unpack .../01-libva-drm2_2.20.0-2ubuntu0.2_amd64.deb ...
2026-10-08T22:13:47.4727920Z Unpacking libva-drm2:amd64 (2.20.0-2ubuntu0.2) ...
2026-10-08T22:13:47.4922550Z Selecting previously unselected package libva-x11-2:amd64.
2026-10-08T22:13:47.5043428Z Preparing to unpack .../02-libva-x11-2_2.20.0-2ubuntu0.2_amd64.deb ...
2026-10-08T22:13:47.5075504Z Unpacking libva-x11-2:amd64 (2.20.0-2ubuntu0.2) ...
2026-10-08T22:13:47.5263860Z Selecting previously unselected package libvdpau1:amd64.
2026-10-08T22:13:47.5386058Z Preparing to unpack .../03-libvdpau1_1.5-2build1_amd64.deb ...
2026-10-08T22:13:47.5393938Z Unpacking libvdpau1:amd64 (1.5-2build1) ...
2026-10-08T22:13:47.5593076Z Selecting previously unselected package libvpl2.
2026-10-08T22:13:47.5716664Z Preparing to unpack .../04-libvpl2_2023.3.0-1build1_amd64.deb ...
2026-10-08T22:13:47.5723479Z Unpacking libvpl2 (2023.3.0-1build1) ...
2026-10-08T22:13:47.5929349Z Selecting previously unselected package ocl-icd-libopencl1:amd64.
2026-10-08T22:13:47.6053045Z Preparing to unpack .../05-ocl-icd-libopencl1_2.3.2-1build1_amd64.deb ...
2026-10-08T22:13:47.6060386Z Unpacking ocl-icd-libopencl1:amd64 (2.3.2-1build1) ...
2026-10-08T22:13:47.6330373Z Selecting previously unselected package libavutil58:amd64.
2026-10-08T22:13:47.6454684Z Preparing to unpack .../06-libavutil58_7%3a6.1.1-3ubuntu5_amd64.deb ...
2026-10-08T22:13:47.6460630Z Unpacking libavutil58:amd64 (7:6.1.1-3ubuntu5) ...
2026-10-08T22:13:47.6694619Z Selecting previously unselected package libcodec2-1.2:amd64.
2026-10-08T22:13:47.6819794Z Preparing to unpack .../07-libcodec2-1.2_1.2.0-2build1_amd64.deb ...
2026-10-08T22:13:47.6826706Z Unpacking libcodec2-1.2:amd64 (1.2.0-2build1) ...
2026-10-08T22:13:47.7544291Z Selecting previously unselected package libdav1d7:amd64.
2026-10-08T22:13:47.7669738Z Preparing to unpack .../08-libdav1d7_1.4.1-1build1_amd64.deb ...
2026-10-08T22:13:47.7676134Z Unpacking libdav1d7:amd64 (1.4.1-1build1) ...
2026-10-08T22:13:47.7927216Z Selecting previously unselected package libgsm1:amd64.
2026-10-08T22:13:47.8051565Z Preparing to unpack .../09-libgsm1_1.0.22-1build1_amd64.deb ...
2026-10-08T22:13:47.8058344Z Unpacking libgsm1:amd64 (1.0.22-1build1) ...
2026-10-08T22:13:47.8253326Z Selecting previously unselected package libhwy1t64:amd64.
2026-10-08T22:13:47.8379070Z Preparing to unpack .../10-libhwy1t64_1.0.7-8.1build1_amd64.deb ...
2026-10-08T22:13:47.8393693Z Unpacking libhwy1t64:amd64 (1.0.7-8.1build1) ...
2026-10-08T22:13:47.8712920Z Selecting previously unselected package libjxl0.7:amd64.
2026-10-08T22:13:47.8837710Z Preparing to unpack .../11-libjxl0.7_0.7.0-10.2ubuntu6.1_amd64.deb ...
2026-10-08T22:13:47.8844887Z Unpacking libjxl0.7:amd64 (0.7.0-10.2ubuntu6.1) ...
2026-10-08T22:13:47.9167041Z Selecting previously unselected package libmp3lame0:amd64.
2026-10-08T22:13:47.9294490Z Preparing to unpack .../12-libmp3lame0_3.100-6build1_amd64.deb ...
2026-10-08T22:13:47.9301427Z Unpacking libmp3lame0:amd64 (3.100-6build1) ...
2026-10-08T22:13:47.9516895Z Selecting previously unselected package libopus0:amd64.
2026-10-08T22:13:47.9642900Z Preparing to unpack .../13-libopus0_1.4-1build1_amd64.deb ...
2026-10-08T22:13:47.9650472Z Unpacking libopus0:amd64 (1.4-1build1) ...
2026-10-08T22:13:47.9868200Z Selecting previously unselected package librav1e0:amd64.
2026-10-08T22:13:47.9992193Z Preparing to unpack .../14-librav1e0_0.7.1-2_amd64.deb ...
2026-10-08T22:13:48.0001577Z Unpacking librav1e0:amd64 (0.7.1-2) ...
2026-10-08T22:13:48.0320323Z Selecting previously unselected package librsvg2-2:amd64.
2026-10-08T22:13:48.0445595Z Preparing to unpack .../15-librsvg2-2_2.58.0+dfsg-1ubuntu0.1_amd64.deb ...
2026-10-08T22:13:48.0452676Z Unpacking librsvg2-2:amd64 (2.58.0+dfsg-1ubuntu0.1) ...
2026-10-08T22:13:48.0904434Z Selecting previously unselected package libshine3:amd64.
2026-10-08T22:13:48.1028743Z Preparing to unpack .../16-libshine3_3.1.1-2build1_amd64.deb ...
2026-10-08T22:13:48.1035625Z Unpacking libshine3:amd64 (3.1.1-2build1) ...
2026-10-08T22:13:48.1229999Z Selecting previously unselected package libspeex1:amd64.
2026-10-08T22:13:48.1354886Z Preparing to unpack .../17-libspeex1_1.2.1-2ubuntu2.24.04.1_amd64.deb ...
2026-10-08T22:13:48.1362270Z Unpacking libspeex1:amd64 (1.2.1-2ubuntu2.24.04.1) ...
2026-10-08T22:13:48.1557964Z Selecting previously unselected package libsvtav1enc1d1:amd64.
2026-10-08T22:13:48.1682542Z Preparing to unpack .../18-libsvtav1enc1d1_1.7.0+dfsg-2build1_amd64.deb ...
2026-10-08T22:13:48.1716102Z Unpacking libsvtav1enc1d1:amd64 (1.7.0+dfsg-2build1) ...
2026-10-08T22:13:48.2206086Z Selecting previously unselected package libsoxr0:amd64.
2026-10-08T22:13:48.2332386Z Preparing to unpack .../19-libsoxr0_0.1.3-4build3_amd64.deb ...
2026-10-08T22:13:48.2339016Z Unpacking libsoxr0:amd64 (0.1.3-4build3) ...
2026-10-08T22:13:48.2535430Z Selecting previously unselected package libswresample4:amd64.
2026-10-08T22:13:48.2662923Z Preparing to unpack .../20-libswresample4_7%3a6.1.1-3ubuntu5_amd64.deb ...
2026-10-08T22:13:48.2670587Z Unpacking libswresample4:amd64 (7:6.1.1-3ubuntu5) ...
2026-10-08T22:13:48.2895668Z Selecting previously unselected package libtheora0:amd64.
2026-10-08T22:13:48.3021018Z Preparing to unpack .../21-libtheora0_1.1.1+dfsg.1-16.1build3_amd64.deb ...
2026-10-08T22:13:48.3027839Z Unpacking libtheora0:amd64 (1.1.1+dfsg.1-16.1build3) ...
2026-10-08T22:13:48.3245591Z Selecting previously unselected package libtwolame0:amd64.
2026-10-08T22:13:48.3370171Z Preparing to unpack .../22-libtwolame0_0.4.0-2build3_amd64.deb ...
2026-10-08T22:13:48.3375907Z Unpacking libtwolame0:amd64 (0.4.0-2build3) ...
2026-10-08T22:13:48.3567163Z Selecting previously unselected package libvorbisenc2:amd64.
2026-10-08T22:13:48.3690754Z Preparing to unpack .../23-libvorbisenc2_1.3.7-1build3_amd64.deb ...
2026-10-08T22:13:48.3697167Z Unpacking libvorbisenc2:amd64 (1.3.7-1build3) ...
2026-10-08T22:13:48.3951119Z Selecting previously unselected package libvpx9:amd64.
2026-10-08T22:13:48.4074340Z Preparing to unpack .../24-libvpx9_1.14.0-1ubuntu2.3_amd64.deb ...
2026-10-08T22:13:48.4080778Z Unpacking libvpx9:amd64 (1.14.0-1ubuntu2.3) ...
2026-10-08T22:13:48.4395628Z Selecting previously unselected package libx264-164:amd64.
2026-10-08T22:13:48.4520083Z Preparing to unpack .../25-libx264-164_2%3a0.164.3108+git31e19f9-1_amd64.deb ...
2026-10-08T22:13:48.4526401Z Unpacking libx264-164:amd64 (2:0.164.3108+git31e19f9-1) ...
2026-10-08T22:13:48.4787018Z Selecting previously unselected package libx265-199:amd64.
2026-10-08T22:13:48.4912839Z Preparing to unpack .../26-libx265-199_3.5-2build1_amd64.deb ...
2026-10-08T22:13:48.4919876Z Unpacking libx265-199:amd64 (3.5-2build1) ...
2026-10-08T22:13:48.5548297Z Selecting previously unselected package libxvidcore4:amd64.
2026-10-08T22:13:48.5674820Z Preparing to unpack .../27-libxvidcore4_2%3a1.3.7-1build1_amd64.deb ...
2026-10-08T22:13:48.5681391Z Unpacking libxvidcore4:amd64 (2:1.3.7-1build1) ...
2026-10-08T22:13:48.5889453Z Selecting previously unselected package libzvbi-common.
2026-10-08T22:13:48.6013912Z Preparing to unpack .../28-libzvbi-common_0.2.42-2_all.deb ...
2026-10-08T22:13:48.6020704Z Unpacking libzvbi-common (0.2.42-2) ...
2026-10-08T22:13:48.6325095Z Selecting previously unselected package libzvbi0t64:amd64.
2026-10-08T22:13:48.6450708Z Preparing to unpack .../29-libzvbi0t64_0.2.42-2_amd64.deb ...
2026-10-08T22:13:48.6457366Z Unpacking libzvbi0t64:amd64 (0.2.42-2) ...
2026-10-08T22:13:48.6694158Z Selecting previously unselected package libavcodec60:amd64.
2026-10-08T22:13:48.6819828Z Preparing to unpack .../30-libavcodec60_7%3a6.1.1-3ubuntu5_amd64.deb ...
2026-10-08T22:13:48.6827495Z Unpacking libavcodec60:amd64 (7:6.1.1-3ubuntu5) ...
2026-10-08T22:13:48.7646192Z Selecting previously unselected package libraw1394-11:amd64.
2026-10-08T22:13:48.7772857Z Preparing to unpack .../31-libraw1394-11_2.1.2-2build3_amd64.deb ...
2026-10-08T22:13:48.7780975Z Unpacking libraw1394-11:amd64 (2.1.2-2build3) ...
2026-10-08T22:13:48.7976730Z Selecting previously unselected package libavc1394-0:amd64.
2026-10-08T22:13:48.8102176Z Preparing to unpack .../32-libavc1394-0_0.5.4-5build3_amd64.deb ...
2026-10-08T22:13:48.8110170Z Unpacking libavc1394-0:amd64 (0.5.4-5build3) ...
2026-10-08T22:13:48.8307042Z Selecting previously unselected package libunibreak5:amd64.
2026-10-08T22:13:48.8430801Z Preparing to unpack .../33-libunibreak5_5.1-2build1_amd64.deb ...
2026-10-08T22:13:48.8437699Z Unpacking libunibreak5:amd64 (5.1-2build1) ...
2026-10-08T22:13:48.8639982Z Selecting previously unselected package libass9:amd64.
2026-10-08T22:13:48.8764193Z Preparing to unpack .../34-libass9_1%3a0.17.1-2build1_amd64.deb ...
2026-10-08T22:13:48.8771232Z Unpacking libass9:amd64 (1:0.17.1-2build1) ...
2026-10-08T22:13:48.8973694Z Selecting previously unselected package libudfread0:amd64.
2026-10-08T22:13:48.9097042Z Preparing to unpack .../35-libudfread0_1.1.2-1build1_amd64.deb ...
2026-10-08T22:13:48.9106492Z Unpacking libudfread0:amd64 (1.1.2-1build1) ...
2026-10-08T22:13:48.9300526Z Selecting previously unselected package libbluray2:amd64.
2026-10-08T22:13:48.9426089Z Preparing to unpack .../36-libbluray2_1%3a1.3.4-1build1_amd64.deb ...
2026-10-08T22:13:48.9450572Z Unpacking libbluray2:amd64 (1:1.3.4-1build1) ...
2026-10-08T22:13:48.9656546Z Selecting previously unselected package libchromaprint1:amd64.
2026-10-08T22:13:48.9779937Z Preparing to unpack .../37-libchromaprint1_1.5.1-5_amd64.deb ...
2026-10-08T22:13:48.9787175Z Unpacking libchromaprint1:amd64 (1.5.1-5) ...
2026-10-08T22:13:48.9980286Z Selecting previously unselected package libgme0:amd64.
2026-10-08T22:13:49.0102567Z Preparing to unpack .../38-libgme0_0.6.3-7build1_amd64.deb ...
2026-10-08T22:13:49.0109944Z Unpacking libgme0:amd64 (0.6.3-7build1) ...
2026-10-08T22:13:49.0314209Z Selecting previously unselected package libmpg123-0t64:amd64.
2026-10-08T22:13:49.0437212Z Preparing to unpack .../39-libmpg123-0t64_1.32.5-1ubuntu1.1_amd64.deb ...
2026-10-08T22:13:49.0444840Z Unpacking libmpg123-0t64:amd64 (1.32.5-1ubuntu1.1) ...
2026-10-08T22:13:49.0692514Z Selecting previously unselected package libopenmpt0t64:amd64.
2026-10-08T22:13:49.0817051Z Preparing to unpack .../40-libopenmpt0t64_0.7.3-1.1build3_amd64.deb ...
2026-10-08T22:13:49.0823854Z Unpacking libopenmpt0t64:amd64 (0.7.3-1.1build3) ...
2026-10-08T22:13:49.1079360Z Selecting previously unselected package libcjson1:amd64.
2026-10-08T22:13:49.1203682Z Preparing to unpack .../41-libcjson1_1.7.17-1_amd64.deb ...
2026-10-08T22:13:49.1211318Z Unpacking libcjson1:amd64 (1.7.17-1) ...
2026-10-08T22:13:49.1416562Z Selecting previously unselected package libmbedcrypto7t64:amd64.
2026-10-08T22:13:49.1541265Z Preparing to unpack .../42-libmbedcrypto7t64_2.28.8-1_amd64.deb ...
2026-10-08T22:13:49.1548083Z Unpacking libmbedcrypto7t64:amd64 (2.28.8-1) ...
2026-10-08T22:13:49.1791851Z Selecting previously unselected package librist4:amd64.
2026-10-08T22:13:49.1916176Z Preparing to unpack .../43-librist4_0.2.10+dfsg-2_amd64.deb ...
2026-10-08T22:13:49.1923325Z Unpacking librist4:amd64 (0.2.10+dfsg-2) ...
2026-10-08T22:13:49.2130605Z Selecting previously unselected package libsrt1.5-gnutls:amd64.
2026-10-08T22:13:49.2254498Z Preparing to unpack .../44-libsrt1.5-gnutls_1.5.3-1build2_amd64.deb ...
2026-10-08T22:13:49.2261434Z Unpacking libsrt1.5-gnutls:amd64 (1.5.3-1build2) ...
2026-10-08T22:13:49.2492186Z Selecting previously unselected package libssh-gcrypt-4:amd64.
2026-10-08T22:13:49.2622230Z Preparing to unpack .../45-libssh-gcrypt-4_0.10.6-2ubuntu0.5_amd64.deb ...
2026-10-08T22:13:49.2631347Z Unpacking libssh-gcrypt-4:amd64 (0.10.6-2ubuntu0.5) ...
2026-10-08T22:13:49.2883217Z Selecting previously unselected package libavformat60:amd64.
2026-10-08T22:13:49.3007903Z Preparing to unpack .../46-libavformat60_7%3a6.1.1-3ubuntu5_amd64.deb ...
2026-10-08T22:13:49.3015610Z Unpacking libavformat60:amd64 (7:6.1.1-3ubuntu5) ...
2026-10-08T22:13:49.3328604Z Selecting previously unselected package libbs2b0:amd64.
2026-10-08T22:13:49.3453513Z Preparing to unpack .../47-libbs2b0_3.1.0+dfsg-7build1_amd64.deb ...
2026-10-08T22:13:49.3461456Z Unpacking libbs2b0:amd64 (3.1.0+dfsg-7build1) ...
2026-10-08T22:13:49.3677843Z Selecting previously unselected package libflite1:amd64.
2026-10-08T22:13:49.3802454Z Preparing to unpack .../48-libflite1_2.2-6build3_amd64.deb ...
2026-10-08T22:13:49.3809579Z Unpacking libflite1:amd64 (2.2-6build3) ...
2026-10-08T22:13:49.4884287Z Selecting previously unselected package libserd-0-0:amd64.
2026-10-08T22:13:49.5009921Z Preparing to unpack .../49-libserd-0-0_0.32.2-1_amd64.deb ...
2026-10-08T22:13:49.5017768Z Unpacking libserd-0-0:amd64 (0.32.2-1) ...
2026-10-08T22:13:49.5218370Z Selecting previously unselected package libzix-0-0:amd64.
2026-10-08T22:13:49.5342670Z Preparing to unpack .../50-libzix-0-0_0.4.2-2build1_amd64.deb ...
2026-10-08T22:13:49.5351024Z Unpacking libzix-0-0:amd64 (0.4.2-2build1) ...
2026-10-08T22:13:49.5547166Z Selecting previously unselected package libsord-0-0:amd64.
2026-10-08T22:13:49.5670818Z Preparing to unpack .../51-libsord-0-0_0.16.16-2build1_amd64.deb ...
2026-10-08T22:13:49.5678488Z Unpacking libsord-0-0:amd64 (0.16.16-2build1) ...
2026-10-08T22:13:49.5871103Z Selecting previously unselected package libsratom-0-0:amd64.
2026-10-08T22:13:49.5993305Z Preparing to unpack .../52-libsratom-0-0_0.6.16-1build1_amd64.deb ...
2026-10-08T22:13:49.6000393Z Unpacking libsratom-0-0:amd64 (0.6.16-1build1) ...
2026-10-08T22:13:49.6196898Z Selecting previously unselected package liblilv-0-0:amd64.
2026-10-08T22:13:49.6319136Z Preparing to unpack .../53-liblilv-0-0_0.24.22-1build1_amd64.deb ...
2026-10-08T22:13:49.6326249Z Unpacking liblilv-0-0:amd64 (0.24.22-1build1) ...
2026-10-08T22:13:49.6521718Z Selecting previously unselected package libmysofa1:amd64.
2026-10-08T22:13:49.6645057Z Preparing to unpack .../54-libmysofa1_1.3.2+dfsg-2ubuntu2_amd64.deb ...
2026-10-08T22:13:49.6653234Z Unpacking libmysofa1:amd64 (1.3.2+dfsg-2ubuntu2) ...
2026-10-08T22:13:49.6895788Z Selecting previously unselected package libplacebo338:amd64.
2026-10-08T22:13:49.7019501Z Preparing to unpack .../55-libplacebo338_6.338.2-2build1_amd64.deb ...
2026-10-08T22:13:49.7027066Z Unpacking libplacebo338:amd64 (6.338.2-2build1) ...
2026-10-08T22:13:49.7545070Z Selecting previously unselected package libblas3:amd64.
2026-10-08T22:13:49.7670985Z Preparing to unpack .../56-libblas3_3.12.0-3build1.1_amd64.deb ...
2026-10-08T22:13:49.7699772Z Unpacking libblas3:amd64 (3.12.0-3build1.1) ...
2026-10-08T22:13:49.7930720Z Selecting previously unselected package liblapack3:amd64.
2026-10-08T22:13:49.8053320Z Preparing to unpack .../57-liblapack3_3.12.0-3build1.1_amd64.deb ...
2026-10-08T22:13:49.8081665Z Unpacking liblapack3:amd64 (3.12.0-3build1.1) ...
2026-10-08T22:13:49.8552679Z Selecting previously unselected package libasyncns0:amd64.
2026-10-08T22:13:49.8676417Z Preparing to unpack .../58-libasyncns0_0.8-6build4_amd64.deb ...
2026-10-08T22:13:49.8684548Z Unpacking libasyncns0:amd64 (0.8-6build4) ...
2026-10-08T22:13:49.8879098Z Selecting previously unselected package libflac12t64:amd64.
2026-10-08T22:13:49.9002607Z Preparing to unpack .../59-libflac12t64_1.4.3+ds-2.1ubuntu2_amd64.deb ...
2026-10-08T22:13:49.9009490Z Unpacking libflac12t64:amd64 (1.4.3+ds-2.1ubuntu2) ...
2026-10-08T22:13:49.9231818Z Selecting previously unselected package libsndfile1:amd64.
2026-10-08T22:13:49.9358375Z Preparing to unpack .../60-libsndfile1_1.2.2-1ubuntu5.24.04.1_amd64.deb ...
2026-10-08T22:13:49.9365743Z Unpacking libsndfile1:amd64 (1.2.2-1ubuntu5.24.04.1) ...
2026-10-08T22:13:49.9598757Z Selecting previously unselected package libpulse0:amd64.
2026-10-08T22:13:49.9722080Z Preparing to unpack .../61-libpulse0_1%3a16.1+dfsg1-2ubuntu10.1_amd64.deb ...
2026-10-08T22:13:49.9786819Z Unpacking libpulse0:amd64 (1:16.1+dfsg1-2ubuntu10.1) ...
2026-10-08T22:13:50.0030389Z Selecting previously unselected package libsphinxbase3t64:amd64.
2026-10-08T22:13:50.0153569Z Preparing to unpack .../62-libsphinxbase3t64_0.8+5prealpha+1-17build2_amd64.deb ...
2026-10-08T22:13:50.0161091Z Unpacking libsphinxbase3t64:amd64 (0.8+5prealpha+1-17build2) ...
2026-10-08T22:13:50.0370413Z Selecting previously unselected package libpocketsphinx3:amd64.
2026-10-08T22:13:50.0495118Z Preparing to unpack .../63-libpocketsphinx3_0.8.0+real5prealpha+1-15ubuntu5_amd64.deb ...
2026-10-08T22:13:50.0528584Z Unpacking libpocketsphinx3:amd64 (0.8.0+real5prealpha+1-15ubuntu5) ...
2026-10-08T22:13:50.0734640Z Selecting previously unselected package libpostproc57:amd64.
2026-10-08T22:13:50.0858128Z Preparing to unpack .../64-libpostproc57_7%3a6.1.1-3ubuntu5_amd64.deb ...
2026-10-08T22:13:50.0865840Z Unpacking libpostproc57:amd64 (7:6.1.1-3ubuntu5) ...
2026-10-08T22:13:50.1077291Z Selecting previously unselected package libsamplerate0:amd64.
2026-10-08T22:13:50.1202432Z Preparing to unpack .../65-libsamplerate0_0.2.2-4build1_amd64.deb ...
2026-10-08T22:13:50.1210481Z Unpacking libsamplerate0:amd64 (0.2.2-4build1) ...
2026-10-08T22:13:50.1471957Z Selecting previously unselected package librubberband2:amd64.
2026-10-08T22:13:50.1597866Z Preparing to unpack .../66-librubberband2_3.3.0+dfsg-2build1_amd64.deb ...
2026-10-08T22:13:50.1626337Z Unpacking librubberband2:amd64 (3.3.0+dfsg-2build1) ...
2026-10-08T22:13:50.1845513Z Selecting previously unselected package libswscale7:amd64.
2026-10-08T22:13:50.1971517Z Preparing to unpack .../67-libswscale7_7%3a6.1.1-3ubuntu5_amd64.deb ...
2026-10-08T22:13:50.1979860Z Unpacking libswscale7:amd64 (7:6.1.1-3ubuntu5) ...
2026-10-08T22:13:50.2207612Z Selecting previously unselected package libvidstab1.1:amd64.
2026-10-08T22:13:50.2331416Z Preparing to unpack .../68-libvidstab1.1_1.1.0-2build1_amd64.deb ...
2026-10-08T22:13:50.2339063Z Unpacking libvidstab1.1:amd64 (1.1.0-2build1) ...
2026-10-08T22:13:50.2534561Z Selecting previously unselected package libzimg2:amd64.
2026-10-08T22:13:50.2658500Z Preparing to unpack .../69-libzimg2_3.0.5+ds1-1build1_amd64.deb ...
2026-10-08T22:13:50.2666500Z Unpacking libzimg2:amd64 (3.0.5+ds1-1build1) ...
2026-10-08T22:13:50.2903866Z Selecting previously unselected package libavfilter9:amd64.
2026-10-08T22:13:50.3028268Z Preparing to unpack .../70-libavfilter9_7%3a6.1.1-3ubuntu5_amd64.deb ...
2026-10-08T22:13:50.3035551Z Unpacking libavfilter9:amd64 (7:6.1.1-3ubuntu5) ...
2026-10-08T22:13:50.3753421Z Selecting previously unselected package libcaca0:amd64.
2026-10-08T22:13:50.3883032Z Preparing to unpack .../71-libcaca0_0.99.beta20-4ubuntu0.2_amd64.deb ...
2026-10-08T22:13:50.3890311Z Unpacking libcaca0:amd64 (0.99.beta20-4ubuntu0.2) ...
2026-10-08T22:13:50.4135451Z Selecting previously unselected package libcdio19t64:amd64.
2026-10-08T22:13:50.4263644Z Preparing to unpack .../72-libcdio19t64_2.1.0-4.1ubuntu1.2_amd64.deb ...
2026-10-08T22:13:50.4272405Z Unpacking libcdio19t64:amd64 (2.1.0-4.1ubuntu1.2) ...
2026-10-08T22:13:50.4487484Z Selecting previously unselected package libcdio-cdda2t64:amd64.
2026-10-08T22:13:50.4611640Z Preparing to unpack .../73-libcdio-cdda2t64_10.2+2.0.1-1.1build2_amd64.deb ...
2026-10-08T22:13:50.4619523Z Unpacking libcdio-cdda2t64:amd64 (10.2+2.0.1-1.1build2) ...
2026-10-08T22:13:50.4819088Z Selecting previously unselected package libcdio-paranoia2t64:amd64.
2026-10-08T22:13:50.4946302Z Preparing to unpack .../74-libcdio-paranoia2t64_10.2+2.0.1-1.1build2_amd64.deb ...
2026-10-08T22:13:50.4956110Z Unpacking libcdio-paranoia2t64:amd64 (10.2+2.0.1-1.1build2) ...
2026-10-08T22:13:50.5160642Z Selecting previously unselected package libdc1394-25:amd64.
2026-10-08T22:13:50.5284870Z Preparing to unpack .../75-libdc1394-25_2.2.6-4build1_amd64.deb ...
2026-10-08T22:13:50.5292121Z Unpacking libdc1394-25:amd64 (2.2.6-4build1) ...
2026-10-08T22:13:50.5499291Z Selecting previously unselected package libiec61883-0:amd64.
2026-10-08T22:13:50.5622444Z Preparing to unpack .../76-libiec61883-0_1.2.0-6build1_amd64.deb ...
2026-10-08T22:13:50.5629931Z Unpacking libiec61883-0:amd64 (1.2.0-6build1) ...
2026-10-08T22:13:50.5835530Z Selecting previously unselected package libjack-jackd2-0:amd64.
2026-10-08T22:13:50.5960184Z Preparing to unpack .../77-libjack-jackd2-0_1.9.21~dfsg-3ubuntu3_amd64.deb ...
2026-10-08T22:13:50.5967910Z Unpacking libjack-jackd2-0:amd64 (1.9.21~dfsg-3ubuntu3) ...
2026-10-08T22:13:50.6218788Z Selecting previously unselected package libopenal-data.
2026-10-08T22:13:50.6350290Z Preparing to unpack .../78-libopenal-data_1%3a1.23.1-4build1_all.deb ...
2026-10-08T22:13:50.6359870Z Unpacking libopenal-data (1:1.23.1-4build1) ...
2026-10-08T22:13:50.6599282Z Selecting previously unselected package libsndio7.0:amd64.
2026-10-08T22:13:50.6723416Z Preparing to unpack .../79-libsndio7.0_1.9.0-0.3build3_amd64.deb ...
2026-10-08T22:13:50.6731046Z Unpacking libsndio7.0:amd64 (1.9.0-0.3build3) ...
2026-10-08T22:13:50.6926729Z Selecting previously unselected package libopenal1:amd64.
2026-10-08T22:13:50.7051941Z Preparing to unpack .../80-libopenal1_1%3a1.23.1-4build1_amd64.deb ...
2026-10-08T22:13:50.7058615Z Unpacking libopenal1:amd64 (1:1.23.1-4build1) ...
2026-10-08T22:13:50.7371017Z Selecting previously unselected package libdecor-0-0:amd64.
2026-10-08T22:13:50.7496410Z Preparing to unpack .../81-libdecor-0-0_0.2.2-1build2_amd64.deb ...
2026-10-08T22:13:50.7504371Z Unpacking libdecor-0-0:amd64 (0.2.2-1build2) ...
2026-10-08T22:13:50.7703796Z Selecting previously unselected package libsdl2-2.0-0:amd64.
2026-10-08T22:13:50.7828984Z Preparing to unpack .../82-libsdl2-2.0-0_2.30.0+dfsg-1ubuntu3.1_amd64.deb ...
2026-10-08T22:13:50.7836195Z Unpacking libsdl2-2.0-0:amd64 (2.30.0+dfsg-1ubuntu3.1) ...
2026-10-08T22:13:50.8412630Z Selecting previously unselected package libxcb-shape0:amd64.
2026-10-08T22:13:50.8541721Z Preparing to unpack .../83-libxcb-shape0_1.15-1ubuntu2_amd64.deb ...
2026-10-08T22:13:50.8549424Z Unpacking libxcb-shape0:amd64 (1.15-1ubuntu2) ...
2026-10-08T22:13:50.8752260Z Selecting previously unselected package libxv1:amd64.
2026-10-08T22:13:50.8879194Z Preparing to unpack .../84-libxv1_2%3a1.0.11-1.1build1_amd64.deb ...
2026-10-08T22:13:50.8886160Z Unpacking libxv1:amd64 (2:1.0.11-1.1build1) ...
2026-10-08T22:13:50.9089590Z Selecting previously unselected package libavdevice60:amd64.
2026-10-08T22:13:50.9214966Z Preparing to unpack .../85-libavdevice60_7%3a6.1.1-3ubuntu5_amd64.deb ...
2026-10-08T22:13:50.9222650Z Unpacking libavdevice60:amd64 (7:6.1.1-3ubuntu5) ...
2026-10-08T22:13:50.9429126Z Selecting previously unselected package ffmpeg.
2026-10-08T22:13:50.9553744Z Preparing to unpack .../86-ffmpeg_7%3a6.1.1-3ubuntu5_amd64.deb ...
2026-10-08T22:13:50.9560967Z Unpacking ffmpeg (7:6.1.1-3ubuntu5) ...
2026-10-08T22:13:50.9963999Z Selecting previously unselected package libigdgmm12:amd64.
2026-10-08T22:13:51.0090384Z Preparing to unpack .../87-libigdgmm12_22.3.17+ds1-1ubuntu1_amd64.deb ...
2026-10-08T22:13:51.0100465Z Unpacking libigdgmm12:amd64 (22.3.17+ds1-1ubuntu1) ...
2026-10-08T22:13:51.0319357Z Selecting previously unselected package intel-media-va-driver:amd64.
2026-10-08T22:13:51.0446284Z Preparing to unpack .../88-intel-media-va-driver_24.1.0+dfsg1-1ubuntu0.2_amd64.deb ...
2026-10-08T22:13:51.0453522Z Unpacking intel-media-va-driver:amd64 (24.1.0+dfsg1-1ubuntu0.2) ...
2026-10-08T22:13:51.1119396Z Selecting previously unselected package libaacs0:amd64.
2026-10-08T22:13:51.1246659Z Preparing to unpack .../89-libaacs0_0.11.1-2build1_amd64.deb ...
2026-10-08T22:13:51.1256655Z Unpacking libaacs0:amd64 (0.11.1-2build1) ...
2026-10-08T22:13:51.1470031Z Selecting previously unselected package libbdplus0:amd64.
2026-10-08T22:13:51.1623262Z Preparing to unpack .../90-libbdplus0_0.2.0-3build1_amd64.deb ...
2026-10-08T22:13:51.1631147Z Unpacking libbdplus0:amd64 (0.2.0-3build1) ...
2026-10-08T22:13:51.1833067Z Selecting previously unselected package libdecor-0-plugin-1-gtk:amd64.
2026-10-08T22:13:51.1957880Z Preparing to unpack .../91-libdecor-0-plugin-1-gtk_0.2.2-1build2_amd64.deb ...
2026-10-08T22:13:51.1965966Z Unpacking libdecor-0-plugin-1-gtk:amd64 (0.2.2-1build2) ...
2026-10-08T22:13:51.2164150Z Selecting previously unselected package librsvg2-common:amd64.
2026-10-08T22:13:51.2289402Z Preparing to unpack .../92-librsvg2-common_2.58.0+dfsg-1ubuntu0.1_amd64.deb ...
2026-10-08T22:13:51.2295939Z Unpacking librsvg2-common:amd64 (2.58.0+dfsg-1ubuntu0.1) ...
2026-10-08T22:13:51.2532029Z Selecting previously unselected package mesa-va-drivers:amd64.
2026-10-08T22:13:51.2658184Z Preparing to unpack .../93-mesa-va-drivers_25.2.8-0ubuntu0.24.04.4_amd64.deb ...
2026-10-08T22:13:51.2665488Z Unpacking mesa-va-drivers:amd64 (25.2.8-0ubuntu0.24.04.4) ...
2026-10-08T22:13:51.2880501Z Selecting previously unselected package mesa-vdpau-drivers:amd64.
2026-10-08T22:13:51.3007179Z Preparing to unpack .../94-mesa-vdpau-drivers_25.2.8-0ubuntu0.24.04.4_amd64.deb ...
2026-10-08T22:13:51.3014618Z Unpacking mesa-vdpau-drivers:amd64 (25.2.8-0ubuntu0.24.04.4) ...
2026-10-08T22:13:51.3234620Z Selecting previously unselected package i965-va-driver:amd64.
2026-10-08T22:13:51.3360846Z Preparing to unpack .../95-i965-va-driver_2.4.1+dfsg1-1ubuntu0.2_amd64.deb ...
2026-10-08T22:13:51.3379561Z Unpacking i965-va-driver:amd64 (2.4.1+dfsg1-1ubuntu0.2) ...
2026-10-08T22:13:51.3637295Z Selecting previously unselected package va-driver-all:amd64.
2026-10-08T22:13:51.3764481Z Preparing to unpack .../96-va-driver-all_2.20.0-2ubuntu0.2_amd64.deb ...
2026-10-08T22:13:51.3804268Z Unpacking va-driver-all:amd64 (2.20.0-2ubuntu0.2) ...
2026-10-08T22:13:51.3999289Z Selecting previously unselected package vdpau-driver-all:amd64.
2026-10-08T22:13:51.4125430Z Preparing to unpack .../97-vdpau-driver-all_1.5-2build1_amd64.deb ...
2026-10-08T22:13:51.4132901Z Unpacking vdpau-driver-all:amd64 (1.5-2build1) ...
2026-10-08T22:13:51.4334674Z Selecting previously unselected package pocketsphinx-en-us.
2026-10-08T22:13:51.4463007Z Preparing to unpack .../98-pocketsphinx-en-us_0.8.0+real5prealpha+1-15ubuntu5_all.deb ...
2026-10-08T22:13:51.4470817Z Unpacking pocketsphinx-en-us (0.8.0+real5prealpha+1-15ubuntu5) ...
2026-10-08T22:13:51.6460234Z Setting up libgme0:amd64 (0.6.3-7build1) ...
2026-10-08T22:13:51.6486702Z Setting up libchromaprint1:amd64 (1.5.1-5) ...
2026-10-08T22:13:51.6505312Z Setting up libssh-gcrypt-4:amd64 (0.10.6-2ubuntu0.5) ...
2026-10-08T22:13:51.6522096Z Setting up libhwy1t64:amd64 (1.0.7-8.1build1) ...
2026-10-08T22:13:51.6540865Z Setting up libudfread0:amd64 (1.1.2-1build1) ...
2026-10-08T22:13:51.6563688Z Setting up libraw1394-11:amd64 (2.1.2-2build3) ...
2026-10-08T22:13:51.6591183Z Setting up libspeex1:amd64 (1.2.1-2ubuntu2.24.04.1) ...
2026-10-08T22:13:51.6612417Z Setting up libshine3:amd64 (3.1.1-2build1) ...
2026-10-08T22:13:51.6638212Z Setting up libcaca0:amd64 (0.99.beta20-4ubuntu0.2) ...
2026-10-08T22:13:51.6657640Z Setting up libvpl2 (2023.3.0-1build1) ...
2026-10-08T22:13:51.6674777Z Setting up libx264-164:amd64 (2:0.164.3108+git31e19f9-1) ...
2026-10-08T22:13:51.6694497Z Setting up libtwolame0:amd64 (0.4.0-2build3) ...
2026-10-08T22:13:51.6715292Z Setting up libmbedcrypto7t64:amd64 (2.28.8-1) ...
2026-10-08T22:13:51.6732911Z Setting up libgsm1:amd64 (1.0.22-1build1) ...
2026-10-08T22:13:51.6758957Z Setting up libsoxr0:amd64 (0.1.3-4build3) ...
2026-10-08T22:13:51.6779915Z Setting up libzix-0-0:amd64 (0.4.2-2build1) ...
2026-10-08T22:13:51.6807585Z Setting up libcodec2-1.2:amd64 (1.2.0-2build1) ...
2026-10-08T22:13:51.6826495Z Setting up libmysofa1:amd64 (1.3.2+dfsg-2ubuntu2) ...
2026-10-08T22:13:51.6844528Z Setting up libxcb-shape0:amd64 (1.15-1ubuntu2) ...
2026-10-08T22:13:51.6864743Z Setting up libcdio19t64:amd64 (2.1.0-4.1ubuntu1.2) ...
2026-10-08T22:13:51.6881954Z Setting up libsvtav1enc1d1:amd64 (1.7.0+dfsg-2build1) ...
2026-10-08T22:13:51.6899552Z Setting up libigdgmm12:amd64 (22.3.17+ds1-1ubuntu1) ...
2026-10-08T22:13:51.6918619Z Setting up libmpg123-0t64:amd64 (1.32.5-1ubuntu1.1) ...
2026-10-08T22:13:51.6939124Z Setting up libcjson1:amd64 (1.7.17-1) ...
2026-10-08T22:13:51.6964581Z Setting up libxvidcore4:amd64 (2:1.3.7-1build1) ...
2026-10-08T22:13:51.6991252Z Setting up librav1e0:amd64 (0.7.1-2) ...
2026-10-08T22:13:51.7009399Z Setting up libcdio-cdda2t64:amd64 (10.2+2.0.1-1.1build2) ...
2026-10-08T22:13:51.7034093Z Setting up librist4:amd64 (0.2.10+dfsg-2) ...
2026-10-08T22:13:51.7195344Z Setting up librsvg2-2:amd64 (2.58.0+dfsg-1ubuntu0.1) ...
2026-10-08T22:13:51.7221392Z Setting up libblas3:amd64 (3.12.0-3build1.1) ...
2026-10-08T22:13:51.7287352Z update-alternatives: using /usr/lib/x86_64-linux-gnu/blas/libblas.so.3 to provide /usr/lib/x86_64-linux-gnu/libblas.so.3 (libblas.so.3-x86_64-linux-gnu) in auto mode
2026-10-08T22:13:51.7305850Z Setting up libplacebo338:amd64 (6.338.2-2build1) ...
2026-10-08T22:13:51.7326294Z Setting up libva2:amd64 (2.20.0-2ubuntu0.2) ...
2026-10-08T22:13:51.7347255Z Setting up libopus0:amd64 (1.4-1build1) ...
2026-10-08T22:13:51.7365573Z Setting up libcdio-paranoia2t64:amd64 (10.2+2.0.1-1.1build2) ...
2026-10-08T22:13:51.7385066Z Setting up libdc1394-25:amd64 (2.2.6-4build1) ...
2026-10-08T22:13:51.7403170Z Setting up intel-media-va-driver:amd64 (24.1.0+dfsg1-1ubuntu0.2) ...
2026-10-08T22:13:51.7421406Z Setting up libxv1:amd64 (2:1.0.11-1.1build1) ...
2026-10-08T22:13:51.7445931Z Setting up libunibreak5:amd64 (5.1-2build1) ...
2026-10-08T22:13:51.7471349Z Setting up libaacs0:amd64 (0.11.1-2build1) ...
2026-10-08T22:13:51.7498734Z Setting up libjxl0.7:amd64 (0.7.0-10.2ubuntu6.1) ...
2026-10-08T22:13:51.7522518Z Setting up librsvg2-common:amd64 (2.58.0+dfsg-1ubuntu0.1) ...
2026-10-08T22:13:51.7638039Z Setting up pocketsphinx-en-us (0.8.0+real5prealpha+1-15ubuntu5) ...
2026-10-08T22:13:51.7658415Z Setting up libx265-199:amd64 (3.5-2build1) ...
2026-10-08T22:13:51.7680362Z Setting up libsndio7.0:amd64 (1.9.0-0.3build3) ...
2026-10-08T22:13:51.7715145Z Setting up libbdplus0:amd64 (0.2.0-3build1) ...
2026-10-08T22:13:51.7743955Z Setting up libvidstab1.1:amd64 (1.1.0-2build1) ...
2026-10-08T22:13:51.7765721Z Setting up libvpx9:amd64 (1.14.0-1ubuntu2.3) ...
2026-10-08T22:13:51.7786776Z Setting up libsrt1.5-gnutls:amd64 (1.5.3-1build2) ...
2026-10-08T22:13:51.7803253Z Setting up libflite1:amd64 (2.2-6build3) ...
2026-10-08T22:13:51.7822696Z Setting up libdav1d7:amd64 (1.4.1-1build1) ...
2026-10-08T22:13:51.7840540Z Setting up libva-drm2:amd64 (2.20.0-2ubuntu0.2) ...
2026-10-08T22:13:51.7857368Z Setting up ocl-icd-libopencl1:amd64 (2.3.2-1build1) ...
2026-10-08T22:13:51.7876629Z Setting up libasyncns0:amd64 (0.8-6build4) ...
2026-10-08T22:13:51.7894320Z Setting up libvdpau1:amd64 (1.5-2build1) ...
2026-10-08T22:13:51.7931983Z Setting up libbs2b0:amd64 (3.1.0+dfsg-7build1) ...
2026-10-08T22:13:51.7955517Z Setting up libtheora0:amd64 (1.1.1+dfsg.1-16.1build3) ...
2026-10-08T22:13:51.7973322Z Setting up libdecor-0-0:amd64 (0.2.2-1build2) ...
2026-10-08T22:13:51.7994166Z Setting up libzimg2:amd64 (3.0.5+ds1-1build1) ...
2026-10-08T22:13:51.8012280Z Setting up libopenal-data (1:1.23.1-4build1) ...
2026-10-08T22:13:51.8040893Z Setting up libflac12t64:amd64 (1.4.3+ds-2.1ubuntu2) ...
2026-10-08T22:13:51.8060478Z Setting up mesa-va-drivers:amd64 (25.2.8-0ubuntu0.24.04.4) ...
2026-10-08T22:13:51.8081451Z Setting up libbluray2:amd64 (1:1.3.4-1build1) ...
2026-10-08T22:13:51.8117225Z Setting up libsamplerate0:amd64 (0.2.2-4build1) ...
2026-10-08T22:13:51.8138430Z Setting up libva-x11-2:amd64 (2.20.0-2ubuntu0.2) ...
2026-10-08T22:13:51.8158575Z Setting up libdecor-0-plugin-1-gtk:amd64 (0.2.2-1build2) ...
2026-10-08T22:13:51.8176326Z Setting up libopenmpt0t64:amd64 (0.7.3-1.1build3) ...
2026-10-08T22:13:51.8225108Z Setting up libzvbi-common (0.2.42-2) ...
2026-10-08T22:13:51.8245471Z Setting up libmp3lame0:amd64 (3.100-6build1) ...
2026-10-08T22:13:51.8264045Z Setting up i965-va-driver:amd64 (2.4.1+dfsg1-1ubuntu0.2) ...
2026-10-08T22:13:51.8287522Z Setting up libvorbisenc2:amd64 (1.3.7-1build3) ...
2026-10-08T22:13:51.8309799Z Setting up libiec61883-0:amd64 (1.2.0-6build1) ...
2026-10-08T22:13:51.8334377Z Setting up libserd-0-0:amd64 (0.32.2-1) ...
2026-10-08T22:13:51.8356100Z Setting up libavc1394-0:amd64 (0.5.4-5build3) ...
2026-10-08T22:13:51.8375754Z Setting up mesa-vdpau-drivers:amd64 (25.2.8-0ubuntu0.24.04.4) ...
2026-10-08T22:13:51.8393947Z Setting up liblapack3:amd64 (3.12.0-3build1.1) ...
2026-10-08T22:13:51.8455692Z update-alternatives: using /usr/lib/x86_64-linux-gnu/lapack/liblapack.so.3 to provide /usr/lib/x86_64-linux-gnu/liblapack.so.3 (liblapack.so.3-x86_64-linux-gnu) in auto mode
2026-10-08T22:13:51.8474458Z Setting up libzvbi0t64:amd64 (0.2.42-2) ...
2026-10-08T22:13:51.8498234Z Setting up libavutil58:amd64 (7:6.1.1-3ubuntu5) ...
2026-10-08T22:13:51.8525315Z Setting up libopenal1:amd64 (1:1.23.1-4build1) ...
2026-10-08T22:13:51.8546328Z Setting up libass9:amd64 (1:0.17.1-2build1) ...
2026-10-08T22:13:51.8568189Z Setting up libswresample4:amd64 (7:6.1.1-3ubuntu5) ...
2026-10-08T22:13:51.8587043Z Setting up va-driver-all:amd64 (2.20.0-2ubuntu0.2) ...
2026-10-08T22:13:51.8605106Z Setting up libavcodec60:amd64 (7:6.1.1-3ubuntu5) ...
2026-10-08T22:13:51.8625645Z Setting up librubberband2:amd64 (3.3.0+dfsg-2build1) ...
2026-10-08T22:13:51.8875460Z Setting up libjack-jackd2-0:amd64 (1.9.21~dfsg-3ubuntu3) ...
2026-10-08T22:13:51.8894828Z Setting up vdpau-driver-all:amd64 (1.5-2build1) ...
2026-10-08T22:13:51.8914082Z Setting up libsord-0-0:amd64 (0.16.16-2build1) ...
2026-10-08T22:13:51.8933014Z Setting up libpostproc57:amd64 (7:6.1.1-3ubuntu5) ...
2026-10-08T22:13:51.8950663Z Setting up libsratom-0-0:amd64 (0.6.16-1build1) ...
2026-10-08T22:13:51.8970575Z Setting up libsndfile1:amd64 (1.2.2-1ubuntu5.24.04.1) ...
2026-10-08T22:13:51.8993964Z Setting up liblilv-0-0:amd64 (0.24.22-1build1) ...
2026-10-08T22:13:51.9013640Z Setting up libswscale7:amd64 (7:6.1.1-3ubuntu5) ...
2026-10-08T22:13:51.9030706Z Setting up libpulse0:amd64 (1:16.1+dfsg1-2ubuntu10.1) ...
2026-10-08T22:13:51.9102804Z Setting up libavformat60:amd64 (7:6.1.1-3ubuntu5) ...
2026-10-08T22:13:51.9120613Z Setting up libsphinxbase3t64:amd64 (0.8+5prealpha+1-17build2) ...
2026-10-08T22:13:51.9141428Z Setting up libsdl2-2.0-0:amd64 (2.30.0+dfsg-1ubuntu3.1) ...
2026-10-08T22:13:51.9161422Z Setting up libpocketsphinx3:amd64 (0.8.0+real5prealpha+1-15ubuntu5) ...
2026-10-08T22:13:51.9178556Z Setting up libavfilter9:amd64 (7:6.1.1-3ubuntu5) ...
2026-10-08T22:13:51.9198164Z Setting up libavdevice60:amd64 (7:6.1.1-3ubuntu5) ...
2026-10-08T22:13:51.9219661Z Setting up ffmpeg (7:6.1.1-3ubuntu5) ...
2026-10-08T22:13:51.9241995Z Processing triggers for man-db (2.12.0-4build2) ...
2026-10-08T22:13:51.9265194Z Not building database; man-db/auto-update is not 'true'.
2026-10-08T22:13:51.9281886Z Processing triggers for libgdk-pixbuf-2.0-0:amd64 (2.42.10+dfsg-3ubuntu3.3) ...
2026-10-08T22:13:52.0104369Z Processing triggers for libc-bin (2.39-0ubuntu8.9) ...
2026-10-08T22:13:52.7079918Z 
2026-10-08T22:13:52.7080571Z Running kernel seems to be up-to-date.
2026-10-08T22:13:52.7081033Z 
2026-10-08T22:13:52.7081225Z No services need to be restarted.
2026-10-08T22:13:52.7081449Z 
2026-10-08T22:13:52.7081637Z No containers need to be restarted.
2026-10-08T22:13:52.7081849Z 
2026-10-08T22:13:52.7082072Z No user sessions are running outdated binaries.
2026-10-08T22:13:52.7082612Z 
2026-10-08T22:13:52.7082955Z No VM guests are running outdated hypervisor (qemu) binaries on this host.
2026-10-08T22:13:53.6915941Z ffprobe version 6.1.1-3ubuntu5 Copyright (c) 2007-2023 the FFmpeg developers
2026-10-08T22:13:53.6916823Z built with gcc 13 (Ubuntu 13.2.0-23ubuntu3)
2026-10-08T22:13:53.6925963Z configuration: --prefix=/usr --extra-version=3ubuntu5 --toolchain=hardened --libdir=/usr/lib/x86_64-linux-gnu --incdir=/usr/include/x86_64-linux-gnu --arch=amd64 --enable-gpl --disable-stripping --disable-omx --enable-gnutls --enable-libaom --enable-libass --enable-libbs2b --enable-libcaca --enable-libcdio --enable-libcodec2 --enable-libdav1d --enable-libflite --enable-libfontconfig --enable-libfreetype --enable-libfribidi --enable-libglslang --enable-libgme --enable-libgsm --enable-libharfbuzz --enable-libmp3lame --enable-libmysofa --enable-libopenjpeg --enable-libopenmpt --enable-libopus --enable-librubberband --enable-libshine --enable-libsnappy --enable-libsoxr --enable-libspeex --enable-libtheora --enable-libtwolame --enable-libvidstab --enable-libvorbis --enable-libvpx --enable-libwebp --enable-libx265 --enable-libxml2 --enable-libxvid --enable-libzimg --enable-openal --enable-opencl --enable-opengl --disable-sndio --enable-libvpl --disable-libmfx --enable-libdc1394 --enable-libdrm --enable-libiec61883 --enable-chromaprint --enable-frei0r --enable-ladspa --enable-libbluray --enable-libjack --enable-libpulse --enable-librabbitmq --enable-librist --enable-libsrt --enable-libssh --enable-libsvtav1 --enable-libx264 --enable-libzmq --enable-libzvbi --enable-lv2 --enable-sdl2 --enable-libplacebo --enable-librav1e --enable-pocketsphinx --enable-librsvg --enable-libjxl --enable-shared
2026-10-08T22:13:53.6932138Z libavutil      58. 29.100 / 58. 29.100
2026-10-08T22:13:53.6932572Z libavcodec     60. 31.102 / 60. 31.102
2026-10-08T22:13:53.6932972Z libavformat    60. 16.100 / 60. 16.100
2026-10-08T22:13:53.6933732Z libavdevice    60.  3.100 / 60.  3.100
2026-10-08T22:13:53.6934199Z libavfilter     9. 12.100 /  9. 12.100
2026-10-08T22:13:53.6934634Z libswscale      7.  5.100 /  7.  5.100
2026-10-08T22:13:53.6943555Z libswresample   4. 12.100 /  4. 12.100
2026-10-08T22:13:53.6943996Z libpostproc    57.  3.100 / 57.  3.100
2026-10-08T22:13:53.7361624Z ffmpeg version 6.1.1-3ubuntu5 Copyright (c) 2000-2023 the FFmpeg developers
2026-10-08T22:13:53.7362282Z built with gcc 13 (Ubuntu 13.2.0-23ubuntu3)
2026-10-08T22:13:53.7371413Z configuration: --prefix=/usr --extra-version=3ubuntu5 --toolchain=hardened --libdir=/usr/lib/x86_64-linux-gnu --incdir=/usr/include/x86_64-linux-gnu --arch=amd64 --enable-gpl --disable-stripping --disable-omx --enable-gnutls --enable-libaom --enable-libass --enable-libbs2b --enable-libcaca --enable-libcdio --enable-libcodec2 --enable-libdav1d --enable-libflite --enable-libfontconfig --enable-libfreetype --enable-libfribidi --enable-libglslang --enable-libgme --enable-libgsm --enable-libharfbuzz --enable-libmp3lame --enable-libmysofa --enable-libopenjpeg --enable-libopenmpt --enable-libopus --enable-librubberband --enable-libshine --enable-libsnappy --enable-libsoxr --enable-libspeex --enable-libtheora --enable-libtwolame --enable-libvidstab --enable-libvorbis --enable-libvpx --enable-libwebp --enable-libx265 --enable-libxml2 --enable-libxvid --enable-libzimg --enable-openal --enable-opencl --enable-opengl --disable-sndio --enable-libvpl --disable-libmfx --enable-libdc1394 --enable-libdrm --enable-libiec61883 --enable-chromaprint --enable-frei0r --enable-ladspa --enable-libbluray --enable-libjack --enable-libpulse --enable-librabbitmq --enable-librist --enable-libsrt --enable-libssh --enable-libsvtav1 --enable-libx264 --enable-libzmq --enable-libzvbi --enable-lv2 --enable-sdl2 --enable-libplacebo --enable-librav1e --enable-pocketsphinx --enable-librsvg --enable-libjxl --enable-shared
2026-10-08T22:13:53.7378165Z libavutil      58. 29.100 / 58. 29.100
2026-10-08T22:13:53.7378495Z libavcodec     60. 31.102 / 60. 31.102
2026-10-08T22:13:53.7379046Z libavformat    60. 16.100 / 60. 16.100
2026-10-08T22:13:53.7379704Z libavdevice    60.  3.100 / 60.  3.100
2026-10-08T22:13:53.7380015Z libavfilter     9. 12.100 /  9. 12.100
2026-10-08T22:13:53.7380319Z libswscale      7.  5.100 /  7.  5.100
2026-10-08T22:13:53.7380627Z libswresample   4. 12.100 /  4. 12.100
2026-10-08T22:13:53.7380928Z libpostproc    57.  3.100 / 57.  3.100
2026-10-08T22:13:53.7428140Z ##[group]Run node --version
2026-10-08T22:13:53.7428476Z [36;1mnode --version[0m
2026-10-08T22:13:53.7428716Z [36;1mnproc[0m
2026-10-08T22:13:53.7429271Z [36;1mawk '/MemTotal/ { print }' /proc/meminfo[0m
2026-10-08T22:13:53.7429609Z [36;1mdf -Pk .[0m
2026-10-08T22:13:53.7492426Z shell: /usr/bin/bash -e {0}
2026-10-08T22:13:53.7492686Z env:
2026-10-08T22:13:53.7492963Z   G10_SOURCE_COMMIT: fa0b337e1178177ff5b871acae697897c687ee11
2026-10-08T22:13:53.7493316Z ##[endgroup]
2026-10-08T22:13:53.7603445Z v22.16.0
2026-10-08T22:13:53.7759725Z 4
2026-10-08T22:13:53.7778585Z MemTotal:       16373452 kB
2026-10-08T22:13:53.7905405Z Filesystem     1024-blocks     Used Available Capacity Mounted on
2026-10-08T22:13:53.7906211Z /dev/root        151263856 64322588  86924884      43% /
2026-10-08T22:13:53.7940455Z ##[group]Run npx playwright install --with-deps chromium
2026-10-08T22:13:53.7940891Z [36;1mnpx playwright install --with-deps chromium[0m
2026-10-08T22:13:53.8000456Z shell: /usr/bin/bash -e {0}
2026-10-08T22:13:53.8000710Z env:
2026-10-08T22:13:53.8000982Z   G10_SOURCE_COMMIT: fa0b337e1178177ff5b871acae697897c687ee11
2026-10-08T22:13:53.8001333Z ##[endgroup]
2026-10-08T22:13:54.6609602Z Installing dependencies...
2026-10-08T22:13:54.6668232Z Switching to root user to install dependencies...
2026-10-08T22:13:54.7303661Z Get:1 file:/etc/apt/apt-mirrors.txt Mirrorlist [144 B]
2026-10-08T22:13:54.7602563Z Hit:2 http://azure.archive.ubuntu.com/ubuntu noble InRelease
2026-10-08T22:13:54.7611416Z Hit:6 https://packages.microsoft.com/ubuntu/24.04/prod noble InRelease
2026-10-08T22:13:54.7613765Z Hit:3 http://azure.archive.ubuntu.com/ubuntu noble-updates InRelease
2026-10-08T22:13:54.7618538Z Hit:4 http://azure.archive.ubuntu.com/ubuntu noble-backports InRelease
2026-10-08T22:13:54.7621539Z Hit:5 http://azure.archive.ubuntu.com/ubuntu noble-security InRelease
2026-10-08T22:13:55.9904373Z Reading package lists...
2026-10-08T22:13:56.0125326Z Reading package lists...
2026-10-08T22:13:56.2047057Z Building dependency tree...
2026-10-08T22:13:56.2057054Z Reading state information...
2026-10-08T22:13:56.3442952Z libasound2t64 is already the newest version (1.2.11-1ubuntu0.3).
2026-10-08T22:13:56.3444014Z libasound2t64 set to manually installed.
2026-10-08T22:13:56.3444694Z libatk-bridge2.0-0t64 is already the newest version (2.52.0-1build1).
2026-10-08T22:13:56.3445376Z libatk-bridge2.0-0t64 set to manually installed.
2026-10-08T22:13:56.3446104Z libatk1.0-0t64 is already the newest version (2.52.0-1build1).
2026-10-08T22:13:56.3446745Z libatk1.0-0t64 set to manually installed.
2026-10-08T22:13:56.3447656Z libatspi2.0-0t64 is already the newest version (2.52.0-1build1).
2026-10-08T22:13:56.3448446Z libatspi2.0-0t64 set to manually installed.
2026-10-08T22:13:56.3449487Z libcairo2 is already the newest version (1.18.0-3build1).
2026-10-08T22:13:56.3450308Z libcairo2 set to manually installed.
2026-10-08T22:13:56.3450880Z libcups2t64 is already the newest version (2.4.7-1.2ubuntu7.14).
2026-10-08T22:13:56.3451441Z libcups2t64 set to manually installed.
2026-10-08T22:13:56.3452014Z libdbus-1-3 is already the newest version (1.14.10-4ubuntu4.1).
2026-10-08T22:13:56.3452555Z libdbus-1-3 set to manually installed.
2026-10-08T22:13:56.3453128Z libdrm2 is already the newest version (2.4.125-1ubuntu0.1~24.04.2).
2026-10-08T22:13:56.3453665Z libdrm2 set to manually installed.
2026-10-08T22:13:56.3454197Z libgbm1 is already the newest version (25.2.8-0ubuntu0.24.04.4).
2026-10-08T22:13:56.3454717Z libgbm1 set to manually installed.
2026-10-08T22:13:56.3455264Z libglib2.0-0t64 is already the newest version (2.80.0-6ubuntu3.9).
2026-10-08T22:13:56.3455820Z libglib2.0-0t64 set to manually installed.
2026-10-08T22:13:56.3456660Z libnspr4 is already the newest version (2:4.35-1.1build1).
2026-10-08T22:13:56.3457056Z libnspr4 set to manually installed.
2026-10-08T22:13:56.3457457Z libnss3 is already the newest version (2:3.98-1ubuntu0.2).
2026-10-08T22:13:56.3457847Z libnss3 set to manually installed.
2026-10-08T22:13:56.3458259Z libpango-1.0-0 is already the newest version (1.52.1+ds-1build1).
2026-10-08T22:13:56.3458677Z libpango-1.0-0 set to manually installed.
2026-10-08T22:13:56.3459263Z libx11-6 is already the newest version (2:1.8.7-1build1).
2026-10-08T22:13:56.3459639Z libx11-6 set to manually installed.
2026-10-08T22:13:56.3460008Z libxcb1 is already the newest version (1.15-1ubuntu2).
2026-10-08T22:13:56.3460367Z libxcb1 set to manually installed.
2026-10-08T22:13:56.3460785Z libxcomposite1 is already the newest version (1:0.4.5-1build3).
2026-10-08T22:13:56.3461200Z libxcomposite1 set to manually installed.
2026-10-08T22:13:56.3461616Z libxdamage1 is already the newest version (1:1.1.6-1build1).
2026-10-08T22:13:56.3462018Z libxdamage1 set to manually installed.
2026-10-08T22:13:56.3462631Z libxext6 is already the newest version (2:1.3.4-1build2).
2026-10-08T22:13:56.3463009Z libxext6 set to manually installed.
2026-10-08T22:13:56.3463406Z libxfixes3 is already the newest version (1:6.0.0-2build1).
2026-10-08T22:13:56.3463793Z libxfixes3 set to manually installed.
2026-10-08T22:13:56.3464189Z libxkbcommon0 is already the newest version (1.6.0-1build1).
2026-10-08T22:13:56.3464590Z libxkbcommon0 set to manually installed.
2026-10-08T22:13:56.3464993Z libxrandr2 is already the newest version (2:1.5.2-2build1).
2026-10-08T22:13:56.3465374Z libxrandr2 set to manually installed.
2026-10-08T22:13:56.3465767Z xvfb is already the newest version (2:21.1.12-1ubuntu1.8).
2026-10-08T22:13:56.3466321Z fonts-noto-color-emoji is already the newest version (2.047-0ubuntu0.24.04.1).
2026-10-08T22:13:56.3466884Z libfontconfig1 is already the newest version (2.15.0-1.1ubuntu2).
2026-10-08T22:13:56.3467303Z libfontconfig1 set to manually installed.
2026-10-08T22:13:56.3467734Z fonts-liberation is already the newest version (1:2.1.5-3).
2026-10-08T22:13:56.3468144Z fonts-liberation set to manually installed.
2026-10-08T22:13:56.3468542Z The following additional packages will be installed:
2026-10-08T22:13:56.3469488Z   xfonts-encodings xfonts-utils
2026-10-08T22:13:56.3469830Z Recommended packages:
2026-10-08T22:13:56.3470132Z   fonts-ipafont-mincho fonts-tlwg-loma
2026-10-08T22:13:56.3603072Z The following NEW packages will be installed:
2026-10-08T22:13:56.3603695Z   fonts-freefont-ttf fonts-ipafont-gothic fonts-tlwg-loma-otf fonts-unifont
2026-10-08T22:13:56.3608658Z   fonts-wqy-zenhei xfonts-cyrillic xfonts-encodings xfonts-scalable
2026-10-08T22:13:56.3609360Z   xfonts-utils
2026-10-08T22:13:56.3612762Z The following packages will be upgraded:
2026-10-08T22:13:56.3617180Z   libfreetype6
2026-10-08T22:13:56.3774273Z 1 upgraded, 9 newly installed, 0 to remove and 22 not upgraded.
2026-10-08T22:13:56.3775067Z Need to get 21.5 MB of archives.
2026-10-08T22:13:56.3775897Z After this operation, 79.5 MB of additional disk space will be used.
2026-10-08T22:13:56.3776793Z Get:1 file:/etc/apt/apt-mirrors.txt Mirrorlist [144 B]
2026-10-08T22:13:56.4113184Z Get:2 http://azure.archive.ubuntu.com/ubuntu noble/universe amd64 fonts-ipafont-gothic all 00303-21ubuntu1 [3513 kB]
2026-10-08T22:13:56.5735679Z Get:3 http://azure.archive.ubuntu.com/ubuntu noble/main amd64 fonts-freefont-ttf all 20211204+svn4273-2 [5641 kB]
2026-10-08T22:13:56.9731741Z Get:4 http://azure.archive.ubuntu.com/ubuntu noble/universe amd64 fonts-tlwg-loma-otf all 1:0.7.3-1 [107 kB]
2026-10-08T22:13:56.9972725Z Get:5 http://azure.archive.ubuntu.com/ubuntu noble/universe amd64 fonts-unifont all 1:15.1.01-1build1 [2993 kB]
2026-10-08T22:13:57.0995752Z Get:6 http://azure.archive.ubuntu.com/ubuntu noble/universe amd64 fonts-wqy-zenhei all 0.9.45-8 [7472 kB]
2026-10-08T22:13:57.3568218Z Get:7 http://azure.archive.ubuntu.com/ubuntu noble-updates/main amd64 libfreetype6 amd64 2.13.2+dfsg-1ubuntu0.2 [403 kB]
2026-10-08T22:13:57.3947978Z Get:8 http://azure.archive.ubuntu.com/ubuntu noble/main amd64 xfonts-encodings all 1:1.0.5-0ubuntu2 [578 kB]
2026-10-08T22:13:57.4530118Z Get:9 http://azure.archive.ubuntu.com/ubuntu noble/main amd64 xfonts-utils amd64 1:7.7+6build3 [94.4 kB]
2026-10-08T22:13:57.4779325Z Get:10 http://azure.archive.ubuntu.com/ubuntu noble/universe amd64 xfonts-cyrillic all 1:1.0.5+nmu1 [384 kB]
2026-10-08T22:13:57.5113367Z Get:11 http://azure.archive.ubuntu.com/ubuntu noble/main amd64 xfonts-scalable all 1:1.0.3-1.3 [304 kB]
2026-10-08T22:13:57.7704751Z Fetched 21.5 MB in 1s (18.5 MB/s)
2026-10-08T22:13:57.7927575Z Selecting previously unselected package fonts-ipafont-gothic.
2026-10-08T22:13:57.7988417Z (Reading database ... 
2026-10-08T22:13:57.7989126Z (Reading database ... 5%
2026-10-08T22:13:57.7989729Z (Reading database ... 10%
2026-10-08T22:13:57.7990144Z (Reading database ... 15%
2026-10-08T22:13:57.7990469Z (Reading database ... 20%
2026-10-08T22:13:57.7990867Z (Reading database ... 25%
2026-10-08T22:13:57.7991170Z (Reading database ... 30%
2026-10-08T22:13:57.7991713Z (Reading database ... 35%
2026-10-08T22:13:57.7992096Z (Reading database ... 40%
2026-10-08T22:13:57.7992412Z (Reading database ... 45%
2026-10-08T22:13:57.7992741Z (Reading database ... 50%
2026-10-08T22:13:57.8013149Z (Reading database ... 55%
2026-10-08T22:13:57.8128455Z (Reading database ... 60%
2026-10-08T22:13:57.8159087Z (Reading database ... 65%
2026-10-08T22:13:57.8178328Z (Reading database ... 70%
2026-10-08T22:13:57.8219860Z (Reading database ... 75%
2026-10-08T22:13:57.8250252Z (Reading database ... 80%
2026-10-08T22:13:57.8400983Z (Reading database ... 85%
2026-10-08T22:13:57.8595399Z (Reading database ... 90%
2026-10-08T22:13:57.8665743Z (Reading database ... 95%
2026-10-08T22:13:57.8666360Z (Reading database ... 100%
2026-10-08T22:13:57.8667259Z (Reading database ... 203905 files and directories currently installed.)
2026-10-08T22:13:57.8705630Z Preparing to unpack .../0-fonts-ipafont-gothic_00303-21ubuntu1_all.deb ...
2026-10-08T22:13:57.8777712Z Unpacking fonts-ipafont-gothic (00303-21ubuntu1) ...
2026-10-08T22:13:58.1080386Z Selecting previously unselected package fonts-freefont-ttf.
2026-10-08T22:13:58.1207306Z Preparing to unpack .../1-fonts-freefont-ttf_20211204+svn4273-2_all.deb ...
2026-10-08T22:13:58.1214999Z Unpacking fonts-freefont-ttf (20211204+svn4273-2) ...
2026-10-08T22:13:58.2011469Z Selecting previously unselected package fonts-tlwg-loma-otf.
2026-10-08T22:13:58.2136087Z Preparing to unpack .../2-fonts-tlwg-loma-otf_1%3a0.7.3-1_all.deb ...
2026-10-08T22:13:58.2142469Z Unpacking fonts-tlwg-loma-otf (1:0.7.3-1) ...
2026-10-08T22:13:58.2343463Z Selecting previously unselected package fonts-unifont.
2026-10-08T22:13:58.2469039Z Preparing to unpack .../3-fonts-unifont_1%3a15.1.01-1build1_all.deb ...
2026-10-08T22:13:58.2476537Z Unpacking fonts-unifont (1:15.1.01-1build1) ...
2026-10-08T22:13:58.3490946Z Selecting previously unselected package fonts-wqy-zenhei.
2026-10-08T22:13:58.3618433Z Preparing to unpack .../4-fonts-wqy-zenhei_0.9.45-8_all.deb ...
2026-10-08T22:13:58.3715703Z Unpacking fonts-wqy-zenhei (0.9.45-8) ...
2026-10-08T22:13:58.8496711Z Preparing to unpack .../5-libfreetype6_2.13.2+dfsg-1ubuntu0.2_amd64.deb ...
2026-10-08T22:13:58.8523790Z Unpacking libfreetype6:amd64 (2.13.2+dfsg-1ubuntu0.2) over (2.13.2+dfsg-1ubuntu0.1) ...
2026-10-08T22:13:58.8763505Z Selecting previously unselected package xfonts-encodings.
2026-10-08T22:13:58.8891068Z Preparing to unpack .../6-xfonts-encodings_1%3a1.0.5-0ubuntu2_all.deb ...
2026-10-08T22:13:58.8897307Z Unpacking xfonts-encodings (1:1.0.5-0ubuntu2) ...
2026-10-08T22:13:58.9207034Z Selecting previously unselected package xfonts-utils.
2026-10-08T22:13:58.9331796Z Preparing to unpack .../7-xfonts-utils_1%3a7.7+6build3_amd64.deb ...
2026-10-08T22:13:58.9337953Z Unpacking xfonts-utils (1:7.7+6build3) ...
2026-10-08T22:13:58.9656935Z Selecting previously unselected package xfonts-cyrillic.
2026-10-08T22:13:58.9781688Z Preparing to unpack .../8-xfonts-cyrillic_1%3a1.0.5+nmu1_all.deb ...
2026-10-08T22:13:58.9788621Z Unpacking xfonts-cyrillic (1:1.0.5+nmu1) ...
2026-10-08T22:13:59.0132248Z Selecting previously unselected package xfonts-scalable.
2026-10-08T22:13:59.0255545Z Preparing to unpack .../9-xfonts-scalable_1%3a1.0.3-1.3_all.deb ...
2026-10-08T22:13:59.0263236Z Unpacking xfonts-scalable (1:1.0.3-1.3) ...
2026-10-08T22:13:59.0689020Z Setting up fonts-wqy-zenhei (0.9.45-8) ...
2026-10-08T22:13:59.0811388Z Setting up fonts-freefont-ttf (20211204+svn4273-2) ...
2026-10-08T22:13:59.0828443Z Setting up fonts-tlwg-loma-otf (1:0.7.3-1) ...
2026-10-08T22:13:59.0854665Z Setting up libfreetype6:amd64 (2.13.2+dfsg-1ubuntu0.2) ...
2026-10-08T22:13:59.0872548Z Setting up xfonts-encodings (1:1.0.5-0ubuntu2) ...
2026-10-08T22:13:59.0889254Z Setting up fonts-ipafont-gothic (00303-21ubuntu1) ...
2026-10-08T22:13:59.0956525Z update-alternatives: using /usr/share/fonts/opentype/ipafont-gothic/ipag.ttf to provide /usr/share/fonts/truetype/fonts-japanese-gothic.ttf (fonts-japanese-gothic.ttf) in auto mode
2026-10-08T22:13:59.0970336Z Setting up fonts-unifont (1:15.1.01-1build1) ...
2026-10-08T22:13:59.0989108Z Setting up xfonts-utils (1:7.7+6build3) ...
2026-10-08T22:13:59.1028134Z Setting up xfonts-cyrillic (1:1.0.5+nmu1) ...
2026-10-08T22:13:59.1353362Z Setting up xfonts-scalable (1:1.0.3-1.3) ...
2026-10-08T22:13:59.1622824Z Processing triggers for libc-bin (2.39-0ubuntu8.9) ...
2026-10-08T22:13:59.1784687Z Processing triggers for man-db (2.12.0-4build2) ...
2026-10-08T22:13:59.1798926Z Not building database; man-db/auto-update is not 'true'.
2026-10-08T22:13:59.1810356Z Processing triggers for fontconfig (2.15.0-1.1ubuntu2) ...
2026-10-08T22:13:59.8431770Z 
2026-10-08T22:13:59.8432545Z Running kernel seems to be up-to-date.
2026-10-08T22:13:59.8433248Z 
2026-10-08T22:13:59.8433519Z Restarting services...
2026-10-08T22:13:59.8511955Z  systemctl restart php8.3-fpm.service
2026-10-08T22:13:59.9558135Z 
2026-10-08T22:13:59.9560071Z No containers need to be restarted.
2026-10-08T22:13:59.9560505Z 
2026-10-08T22:13:59.9560990Z No user sessions are running outdated binaries.
2026-10-08T22:13:59.9561490Z 
2026-10-08T22:13:59.9562190Z No VM guests are running outdated hypervisor (qemu) binaries on this host.
2026-10-08T22:14:00.8367527Z Downloading Chromium 141.0.7390.37 (playwright build v1194) from https://cdn.playwright.dev/dbazure/download/playwright/builds/chromium/1194/chromium-linux.zip
2026-10-08T22:14:01.0076488Z |                                                                                |   0% of 173.9 MiB
2026-10-08T22:14:01.2388535Z |■■■■■■■■                                                                        |  10% of 173.9 MiB
2026-10-08T22:14:01.4368497Z |■■■■■■■■■■■■■■■■                                                                |  20% of 173.9 MiB
2026-10-08T22:14:01.9542308Z |■■■■■■■■■■■■■■■■■■■■■■■■                                                        |  30% of 173.9 MiB
2026-10-08T22:14:02.2578135Z |■■■■■■■■■■■■■■■■■■■■■■■■■■■■■■■■                                                |  40% of 173.9 MiB
2026-10-08T22:14:02.5761056Z |■■■■■■■■■■■■■■■■■■■■■■■■■■■■■■■■■■■■■■■■                                        |  50% of 173.9 MiB
2026-10-08T22:14:02.8305539Z |■■■■■■■■■■■■■■■■■■■■■■■■■■■■■■■■■■■■■■■■■■■■■■■■                                |  60% of 173.9 MiB
2026-10-08T22:14:03.4734929Z |■■■■■■■■■■■■■■■■■■■■■■■■■■■■■■■■■■■■■■■■■■■■■■■■■■■■■■■■                        |  70% of 173.9 MiB
2026-10-08T22:14:03.7077481Z |■■■■■■■■■■■■■■■■■■■■■■■■■■■■■■■■■■■■■■■■■■■■■■■■■■■■■■■■■■■■■■■■                |  80% of 173.9 MiB
2026-10-08T22:14:03.9635327Z |■■■■■■■■■■■■■■■■■■■■■■■■■■■■■■■■■■■■■■■■■■■■■■■■■■■■■■■■■■■■■■■■■■■■■■■■        |  90% of 173.9 MiB
2026-10-08T22:14:04.2270788Z |■■■■■■■■■■■■■■■■■■■■■■■■■■■■■■■■■■■■■■■■■■■■■■■■■■■■■■■■■■■■■■■■■■■■■■■■■■■■■■■■| 100% of 173.9 MiB
2026-10-08T22:14:07.8238694Z Chromium 141.0.7390.37 (playwright build v1194) downloaded to /home/runner/.cache/ms-playwright/chromium-1194
2026-10-08T22:14:07.8242177Z Downloading FFMPEG playwright build v1011 from https://cdn.playwright.dev/dbazure/download/playwright/builds/ffmpeg/1011/ffmpeg-linux.zip
2026-10-08T22:14:07.9846770Z |                                                                                |   0% of 2.3 MiB
2026-10-08T22:14:07.9958322Z |■■■■■■■■                                                                        |  10% of 2.3 MiB
2026-10-08T22:14:08.0021001Z |■■■■■■■■■■■■■■■■                                                                |  20% of 2.3 MiB
2026-10-08T22:14:08.0102667Z |■■■■■■■■■■■■■■■■■■■■■■■■                                                        |  30% of 2.3 MiB
2026-10-08T22:14:08.0175834Z |■■■■■■■■■■■■■■■■■■■■■■■■■■■■■■■■                                                |  40% of 2.3 MiB
2026-10-08T22:14:08.0225378Z |■■■■■■■■■■■■■■■■■■■■■■■■■■■■■■■■■■■■■■■■                                        |  50% of 2.3 MiB
2026-10-08T22:14:08.0246556Z |■■■■■■■■■■■■■■■■■■■■■■■■■■■■■■■■■■■■■■■■■■■■■■■■                                |  60% of 2.3 MiB
2026-10-08T22:14:08.0264765Z |■■■■■■■■■■■■■■■■■■■■■■■■■■■■■■■■■■■■■■■■■■■■■■■■■■■■■■■■                        |  70% of 2.3 MiB
2026-10-08T22:14:08.0283578Z |■■■■■■■■■■■■■■■■■■■■■■■■■■■■■■■■■■■■■■■■■■■■■■■■■■■■■■■■■■■■■■■■                |  80% of 2.3 MiB
2026-10-08T22:14:08.0307118Z |■■■■■■■■■■■■■■■■■■■■■■■■■■■■■■■■■■■■■■■■■■■■■■■■■■■■■■■■■■■■■■■■■■■■■■■■        |  90% of 2.3 MiB
2026-10-08T22:14:08.0328234Z |■■■■■■■■■■■■■■■■■■■■■■■■■■■■■■■■■■■■■■■■■■■■■■■■■■■■■■■■■■■■■■■■■■■■■■■■■■■■■■■■| 100% of 2.3 MiB
2026-10-08T22:14:08.0884374Z FFMPEG playwright build v1011 downloaded to /home/runner/.cache/ms-playwright/ffmpeg-1011
2026-10-08T22:14:08.0887877Z Downloading Chromium Headless Shell 141.0.7390.37 (playwright build v1194) from https://cdn.playwright.dev/dbazure/download/playwright/builds/chromium/1194/chromium-headless-shell-linux.zip
2026-10-08T22:14:08.2548051Z |                                                                                |   0% of 104.3 MiB
2026-10-08T22:14:08.3607564Z |■■■■■■■■                                                                        |  10% of 104.3 MiB
2026-10-08T22:14:08.4356146Z |■■■■■■■■■■■■■■■■                                                                |  20% of 104.3 MiB
2026-10-08T22:14:08.5142606Z |■■■■■■■■■■■■■■■■■■■■■■■■                                                        |  30% of 104.3 MiB
2026-10-08T22:14:08.5651979Z |■■■■■■■■■■■■■■■■■■■■■■■■■■■■■■■■                                                |  40% of 104.3 MiB
2026-10-08T22:14:08.6585957Z |■■■■■■■■■■■■■■■■■■■■■■■■■■■■■■■■■■■■■■■■                                        |  50% of 104.3 MiB
2026-10-08T22:14:08.7032835Z |■■■■■■■■■■■■■■■■■■■■■■■■■■■■■■■■■■■■■■■■■■■■■■■■                                |  60% of 104.3 MiB
2026-10-08T22:14:08.7463312Z |■■■■■■■■■■■■■■■■■■■■■■■■■■■■■■■■■■■■■■■■■■■■■■■■■■■■■■■■                        |  70% of 104.3 MiB
2026-10-08T22:14:08.7847522Z |■■■■■■■■■■■■■■■■■■■■■■■■■■■■■■■■■■■■■■■■■■■■■■■■■■■■■■■■■■■■■■■■                |  80% of 104.3 MiB
2026-10-08T22:14:08.8255863Z |■■■■■■■■■■■■■■■■■■■■■■■■■■■■■■■■■■■■■■■■■■■■■■■■■■■■■■■■■■■■■■■■■■■■■■■■        |  90% of 104.3 MiB
2026-10-08T22:14:08.8659418Z |■■■■■■■■■■■■■■■■■■■■■■■■■■■■■■■■■■■■■■■■■■■■■■■■■■■■■■■■■■■■■■■■■■■■■■■■■■■■■■■■| 100% of 104.3 MiB
2026-10-08T22:14:10.7564850Z Chromium Headless Shell 141.0.7390.37 (playwright build v1194) downloaded to /home/runner/.cache/ms-playwright/chromium_headless_shell-1194
2026-10-08T22:14:10.8657996Z ##[group]Run set -o pipefail
2026-10-08T22:14:10.8658342Z [36;1mset -o pipefail[0m
2026-10-08T22:14:10.8658772Z [36;1mnode scripts/check.mjs --stage 'browser' 2>&1 | tee '.work-stage-browser.stdout'[0m
2026-10-08T22:14:10.8721470Z shell: /usr/bin/bash -e {0}
2026-10-08T22:14:10.8721737Z env:
2026-10-08T22:14:10.8722012Z   G10_SOURCE_COMMIT: fa0b337e1178177ff5b871acae697897c687ee11
2026-10-08T22:14:10.8722354Z ##[endgroup]
2026-10-08T22:14:11.0083860Z 
2026-10-08T22:14:11.0084423Z > partybox-g10-checkers@1.0.0 build
2026-10-08T22:14:11.0085191Z > tsc --noEmit && node scripts/build.mjs
2026-10-08T22:14:11.0085627Z 
2026-10-08T22:14:24.1143664Z PASS: complete offline single-page game written to /home/runner/work/partybox-game-cores/partybox-game-cores/jobs/G10-checkers/.work/play.html; original six-piece data is read in bounded blocks.
2026-10-08T22:14:42.4481328Z PASS: checksums, authoritative schemas/manifest, pure core source, fixed corpus provenance, original offline page (delivery execution gates explicitly excluded).
2026-10-08T22:16:40.5077021Z {"evidenceVersion":1,"runId":"d6526af4-4560-4038-84c7-a163909c2115","sourceGuardsBefore":{"../../contract/constants.ts":"27cdd23112ea03f344457e6f6e6b5839ff536ebeadbba189751520353aa085ef","../../contract/contract.ts":"c0f999c153074769c99c67ab2a71ad66c879e45e834713f3367b2bde4a1873d5","../../contract/minigame-schema.ts":"2438655eeb8ca658543b475070e6fb3ccb3947f154f57caa3f619c87853c9bbb","../../contract/package.json":"ec1418bc79e3563ed63d2aebfbb0cb039529f6dc1ac0e8e6d61f790cb065f495","../../contract/player-count-schema.ts":"0748d9d9bcf795d0693c37a0f369b262fd8801dec9ab1e4a9a4f5ec23751a189","../../contract/rng.ts":"7cfcf3024723607e8dd1ce6ccc5683a48d71fcc617947304cc5b9f6d3d7842fe","data/chinook/DB6.bin":"baee42a2b49390edd96e5a751189366275619c941d79021f3ca45774c3e7071f","data/chinook/DB6.idx":"10cb5cfc2a8c67e18c322563c17ceef0adeac87786a16c767c4616e9a574f4fd","data/chinook/LICENSE.txt":"8ed5c1393322801ac395d3e6c9d8e8f4b18bcca9e41f7b8cdf312f33be242a2d","data/chinook/manifest.json":"90f1970372040946f299660c33ded627fe574c7fa2d52be168e7b16c391d55d0","data/endgames.json":"edb5d87a27caa83945e2a5587418fa6f246fb30dd3823652871a598272e0075d","data/international/BOOST-LICENSE.txt":"c9bff75738922193e67fa726fa225535870d2aa1059f91452c411736284ad566","data/international/db2.bin":"305a1e7eabb4bab13577774009592e1614ddf8a4efe334d6fe3cb8221000b4ed","data/international/db2.idx":"9622e861c67ea250396b384bb95fec00fd541964c3109bdc1b27ae7aae1f73f2","data/international/db3.bin":"9dd9170657b11b5e18e0a2d54b6475d9cfd2cf821c6f9e4e9ba78bdf130e10aa","data/international/db3.idx":"84862531a87da451037c3c1087b5c082c293ff508ffb447adbc8b7e020fa7aaa","data/international/db4.bin":"14e5a8fa159c33a2d7ca01538ca4cd088222c2f204a6b6ef174ffcebd28c72aa","data/international/db4.idx":"4514098c3a0fe91fb98ea1950eb53558f94017ed4c6553d10f117c94348e393e","data/international/db5.bin":"b3e65f71d2c801a68fe8928f62e32c40266f7d8ae4e5ab99b643805b1ace2e02","data/international/db5.idx":"4a94297121f50feca73beaea7ab10622942194d2b5c098d1c30c5cbe5b78715a","data/international/LICENSE.md":"34055034c8caa4d7637c91adc11f28229cea6a097c9b9d2610318cb66e1ef6cc","data/international/manifest.json":"6cc33b38df4f1f2b1ea79fa7fcbe11972976986828e7adee28934b4ad3921a04","data/international/six/db6-0303.000.chunk":"75d63f54a4aefbb6a29871ac2c96fe8064239630c141c79298c99ede5af7bfae","data/international/six/db6-0303.idx":"9f6e7dddd055eb1234cc79750e749c9b2ef49bdf410d7761a0a27f76dc606b04","data/international/six/db6-0312.000.chunk":"a65ac7e0daf00efcb905cec95900ce8fe7c7afda3d242a693a229b2584fcdd89","data/international/six/db6-0312.idx":"9df486596addc03a3454c242a25198c35f0a371dbd0055ca1ad777bff28bc43a","data/international/six/db6-0321.000.chunk":"4f4af0182c39c3646128b9e17d2b283196e8cb4441452b4a01e9c2532e4b6b53","data/international/six/db6-0321.001.chunk":"b8d62083255a57d82395b04eddf6cf735700f3ead646b526fc9882bace3a0e40","data/international/six/db6-0321.idx":"af4c2df56553f4386223b11ad75e7ad4f5c26625be854d52b1e6f8760d8c3bee","data/international/six/db6-0330.000.chunk":"de1dfc76776fe69bf25a7e64b4f1800c17b196f7e9cf2258cb792f51d17fd5c1","data/international/six/db6-0330.idx":"ce6bba6b659d289f3823a0221a5927fe0cbdf313af052cadfbfe0259791590ca","data/international/six/db6-0402.000.chunk":"9508c060e20d0f01da854b4cd4e018f634241b5abb90e73ece71bd4ca69c2517","data/international/six/db6-0402.idx":"096c6e3b12ecf960f7012878baec51d00f1cafda9880d2b29128b21cb3821485","data/international/six/db6-0411.000.chunk":"d3a9300cbe73b288d4d897d20434b6f4373166f58cc69328043a835efbf03247","data/international/six/db6-0411.idx":"1c92044e7b38d59c1485a0b064ed22e5b685346a0d62ac8fce74c3d6d5130cf0","data/international/six/db6-0420.000.chunk":"26162642d1c3439d6e3abcef8c1a210857b371607d82a1714cb99a47ad803a6e","data/international/six/db6-0420.idx":"4d47ac027225d63cf773a0f5fe9258c5e5f3b3670b04de677bc0a10399e3a56d","data/international/six/db6-0501.000.chunk":"82881a78d8a5052037911bc0e1d33231fd1dce64f283fd5f53bb297c26e60221","data/international/six/db6-0501.idx":"d29f8d532adce5f2ba9befd66ae47413b3e91e0666b891c1f08b8b0c7eb4ea10","data/international/six/db6-0510.000.chunk":"28f286c57a29bac59c095d9efdbd2cd87ee648416a0d4e85099bd8c192bc8383","data/international/six/db6-0510.idx":"356a04a2d92ce1c614671b5e246d4c74215c55728480d79d24065252b1e3689a","data/international/six/db6-1212.000.chunk":"5f8cc263773a36546efb0af5e5f6e4bdb4bbd497a50bf00e477aec30e478923f","data/international/six/db6-1212.001.chunk":"578a53681f654ca3463c205428c02a2812751af0fc83aabb26912573bfeabf79","data/international/six/db6-1212.idx":"62c58abb6f24f8280d0f2b0d99cf2e78c85e4a8b8a37da142fdafce33911db7a","data/international/six/db6-1221.000.chunk":"acc65c6b904a669302b3f1dacf917f44852baa3febb2d33379ecdb9153dfd898","data/international/six/db6-1221.001.chunk":"44b31af46ccd5df50c10eea39107f33244be8d98ea39300c2ef739173573f775","data/international/six/db6-1221.002.chunk":"471ec101d7053b0029059f4ce617ffb88512a7d08d86f2be7e170abc29e8c2e9","data/international/six/db6-1221.003.chunk":"67460687baa048e40deaf19e4168f3fd644a9ffaad0475a02a7c65462a249738","data/international/six/db6-1221.idx":"893f2a20b42eb9b6a437b2a4c79635190b1b7d8303d67c2c6048ad762b654072","data/international/six/db6-1230.000.chunk":"45e595ea9c3279d783cf4632762912554f98103bb24fd3712ea5cd371ae077c6","data/international/six/db6-1230.001.chunk":"86282c8af312b2ee4e8a8c36a228ccd72b5a81ae7bd9e03ed86e63c92ba386cb","data/international/six/db6-1230.idx":"56f9a806af26475371ea04d7230e2316e6ce8206ea14fe28628b646ac5415d37","data/international/six/db6-1302.000.chunk":"a0bde8399fecc594fe8ad84b953018c2fd3796805de67f5361982b244027413f","data/international/six/db6-1302.001.chunk":"7398a50ae97329727420dca59b959f28ed295dbdd59e6dd54fb54d88554decfa","data/international/six/db6-1302.idx":"fc695c254e053157a79dfd22c287fcde716e887ba4a0e5765cc27be221efd7ab","data/international/six/db6-1311.000.chunk":"eac5625451bccbdee80bb5d98c1ae8b7d9dc7bcd218240d543e04ec76d692a36","data/international/six/db6-1311.001.chunk":"cc9e1d6f56f80b7f6fe73d30a878bd2c7e9be3cea795d0c64e2847976e57d88b","data/international/six/db6-1311.002.chunk":"33eb6b6262f6d2b248c2772ab41277231e227a0024007db766ae48edc31e7c6a","data/international/six/db6-1311.003.chunk":"d59c08b053c2d047da4cb9f793c9bcb905c689b0ada2108569428639f20eb107","data/international/six/db6-1311.idx":"824155526e1423c28dfc5a9e6ce803006fcdaabe5c5dcb72f52e4e0b29eb634a","data/international/six/db6-1320.000.chunk":"d37c461f883e519b95482bf38863e22c5cf71e3d4d26da2758aa06d8c5a69c1d","data/international/six/db6-1320.idx":"d9787b34307105c715e7b1f7cd463398386f5bdfa4d863fdee92af34b1dbf334","data/international/six/db6-1401.000.chunk":"45bb9b0339452bab7a464741003a168e43178944b286320b1eb70eb15458d17e","data/international/six/db6-1401.idx":"36c748d544a0d108e25f26a748f107ced6045229854dc0ec5cbabf39dccfd078","data/international/six/db6-1410.000.chunk":"6f3110cbbe9f88c12a01a7779b2034df76cc065e7767d153f17fd9d90efead51","data/international/six/db6-1410.idx":"f7a26d77bd12fb29b4d8492481e56c5c692a2c280062cc9518728882acd65890","data/international/six/db6-2121.000.chunk":"2b0d462e7d6f4e9188dec28fac5b91df1d93b655bd6f381e01dc7f82426dc742","data/international/six/db6-2121.001.chunk":"dd308ec8c23cb58e50f3be495b79934782cc3624036f88272a8526c87e6cd1f9","data/international/six/db6-2121.idx":"f3c643c2ac5d25da70b71339bc23d9c452e00244bd29562fd424b6a84ca3ad40","data/international/six/db6-2130.000.chunk":"320904de62832a1c6c9054c7650c61f10dd181da2e9b1b04aa86d2977656fde7","data/international/six/db6-2130.001.chunk":"a96061fbe9ec9d57d2edd5773fbd89145aafc7e5a5845c81bc58c5ecab63d2d6","data/international/six/db6-2130.idx":"9d6ed91ef56e08a1b98ee184839d9a880198c141aba47005a13587c572342a50","data/international/six/db6-2202.000.chunk":"43057f23a613a28f06bc9cd465b7ed44cf887dfe50e7001b7d1ef473cdbfd4b2","data/international/six/db6-2202.001.chunk":"585615fed0ec078a94e0ac32e3d52ac4d16b3eb7375663ff30d45e1293b3d44a","data/international/six/db6-2202.idx":"bae2e2b0a9709d4b46e397efdcdf322b2d461c492f221eb11f0638b2eb5951ec","data/international/six/db6-2211.000.chunk":"11dd5e990995f60597ec46e5f37a79429b072d11cf7353322dd95f7058c6d1ed","data/international/six/db6-2211.001.chunk":"8142e6725e68cefe12a42a8a8530a52182e9f44a2b85cb5ded48e445bc85bd7f","data/international/six/db6-2211.002.chunk":"c4d38e79e79b87802b26eded2a7c364946fea4d95450d35f10d7dcce343a8c69","data/international/six/db6-2211.003.chunk":"20b4af2d5329d20ebb3075c8cb31878935c15512cc2808546418879729f79402","data/international/six/db6-2211.004.chunk":"a4367099cfdacac510225de250b300e8fed1ba70d4438e14b311b7c796501089","data/international/six/db6-2211.005.chunk":"19b3a66dbf1497e2e455732a0f7ffb927c9e577f56c75419716439f524e9d514","data/international/six/db6-2211.006.chunk":"8bd6bc5bd76720a95a312bd8c6bae30701a6e99be19886e16126ca6abc3b2a7e","data/international/six/db6-2211.idx":"a525a93cfb7ccef53dce68366382a0c8764af216568b02b045edd8bd1230012a","data/international/six/db6-2220.000.chunk":"e1af2d5283389f43c81708a249e3c0b9968ed4aa322ac0bca48ca1ccc5d4dd7c","data/international/six/db6-2220.idx":"e3f4b23066c9f91d4a0f43984cbea7c01817d6a0e25c3705c7fb8327eb8a31a6","data/international/six/db6-2301.000.chunk":"0b6489a374a7680cb6697f2e78d0261558c15e5f6c629279b84f760cc5e2d4e4","data/international/six/db6-2301.idx":"fdcbc2bd251bf3b73822bd0e2b92cb8791deaa009bd2ab8730a25e3395ce7726","data/international/six/db6-2310.000.chunk":"13ae77b5d13ad94678dab0cfb4ca74f4db89190371eacc10bd92cadf10eb350f","data/international/six/db6-2310.idx":"1f8ece0f98423c4b9213ab41a2eec40fe32679fe71268bce240714d1b7896cda","data/international/six/db6-3030.000.chunk":"cecd125dd3e9f0e1fa8f42abd0d51c9b3f679839db56a60b50b380e764302569","data/international/six/db6-3030.idx":"c41521d134874aaa3151b4595373caf3a91afc0aea9e249c0d722612c0370a82","data/international/six/db6-3102.000.chunk":"c90c2e7384f00811e0445f566d7aa7243e861b65c71791df05f3679c1e6080c1","data/international/six/db6-3102.idx":"f0161e4b20319d077c04ae0e4607ac81a7b50315ea72ff456494b00072dac06d","data/international/six/db6-3111.000.chunk":"e62bab91ea59dbef862261975d320585d13f83fbaf709c7d686e0a085b594576","data/international/six/db6-3111.001.chunk":"49c653dccca0ad25d6c3e858f8dd55e540dfb48d6cee1dba749214d8d12b129b","data/international/six/db6-3111.002.chunk":"f3e3f75261fe41cc65d1ee5c3e4c391c5945e96c7635c091e384ed10d253043c","data/international/six/db6-3111.003.chunk":"5c6f451ee293fea2955580ac6717a2aeb991c58693c1f9a0aa5f7107c506d075","data/international/six/db6-3111.004.chunk":"53e58423b9d85e32bbb2eb3552df28124d5172ca983c214738558e7cf543234d","data/international/six/db6-3111.005.chunk":"6fa72cec7f0dcd4a79458b766c04f2fbbc3eeb1804f8ab8f1a3d546c1d0c04df","data/international/six/db6-3111.idx":"552cea6807e5de8bdaaa7430e48429d2876663c1c13bf8a80438ec3fc11222db","data/international/six/db6-3120.000.chunk":"4849d82cf6c7978ef034fc98ef90951d041b740fd79510c67f902a447061a5d2","data/international/six/db6-3120.idx":"b5243e519c0a2fb6f513062094758a95306e9144a48c7a555a79ed1887780c86","data/international/six/db6-3201.000.chunk":"8d899206c06202a55395530df8eab92bbd29b879e1310c0b704bdd26d1131772","data/international/six/db6-3201.idx":"f9b27e6e4cee762ed97a568b8f32673b1bfe5c22a64d0c5b47b7a18f39749958","data/international/six/db6-3210.000.chunk":"f829ad406b3b2b1f45e1ac30bc0e43440ce2b808025c27d3bfff2f704edeffb4","data/international/six/db6-3210.idx":"ab335ebeed4f38b97ad72512c77a84aa1a7a5b5d63f00278d205e9386b07c3be","data/international/six/db6-4002.000.chunk":"1f810fcb514771696b8b44d264a552607de2068b0595e165ee1b337f691d2530","data/international/six/db6-4002.idx":"7813f455b5b0225444c95e3424c3f30414373dae0cc6065d9b3e7bd07c304c67","data/international/six/db6-4011.000.chunk":"4e9176f2619ef1c62e5cbc5cb1e3ca7a0c45035148e4fb526eefc1266e1e7e38","data/international/six/db6-4011.idx":"84ad8d66b8560bdcf7a999b867381f36d93ee7724cf89d5abda8020ff9658e2d","data/international/six/db6-4020.000.chunk":"c1b0099c29929bd38f39e02b805bfa395e8b058bc73b3710bf6112efc2a56413","data/international/six/db6-4020.idx":"ed46094e80d77e4f27bdae4fe5678903eac0d72ff11bfbf0addf2d84205b7acd","data/international/six/db6-4101.000.chunk":"84e48039e29063ac53bb53f825c070190c6d424d91e41b3c6b8a5712d99dc07a","data/international/six/db6-4101.idx":"5b89058e3c8e2d225b5f80560b27f8001e42d648b410a616165747f2dc2f2a1b","data/international/six/db6-4110.000.chunk":"271c7e822c1a87b1a01c50a0705040d4e22f6f1a6850ba2baf547b09019a9e9c","data/international/six/db6-4110.idx":"99d0d61cfa656d9c84500f41892c66fbe9d24ebd96b873e63d8b3a3315a0fa78","data/international/six/db6-5001.000.chunk":"abb0af9db0c77accee65b836150e0eeed6c24d79d1c552ff21c9f1825e3846cf","data/international/six/db6-5001.idx":"3316a344e28cc3115daf8ed5d0dbf7f66dc57cafc39262172026d7efea6aab76","data/international/six/db6-5010.000.chunk":"b842fd58f936f742947a84e4587ba88fbc656ffa85371e2e75f57b79af612c5b","data/international/six/db6-5010.idx":"bd8c7a7853c0528d92799fbad5a1344a1ae4e7478598c9c82171afccef8cee41","data/international/six/manifest.json":"6532df5af4306b1b6b16723155b756faacef549bcc8292ccbf0e7663a707a28c","data/international/tunstall-v2.bin":"92fa921a410c270c3126811dc2d8af22e1691aedaaf0d020ee01adbe572d26a9","dist/corpus-pack.json":"6d570320bbb75d898f29cf6fe6c93faef556899cfa0be0a6a33e8cdd862b4cb9","dist/worker-american.mjs":"950c58445422dbd59898195a526ad4fc113d832dac49381fe49f2ea624b91175","dist/worker-international.mjs":"31d06dd836dd1567391b3c5051f8dc53a7904e833887b045be19354f70ae1ee2","LICENSE":"e65a07d64c485ec9ffc4f7af9bd03035e365d9cf6bd3f12151f94139ffa86421","manifest.json":"909e9ec620b946f1e5612e47f837ae4aa2701252bebf2f32d08af756a8514385","node_modules/zod/LICENSE":"3f1189b28e3866e0d979968d466b78f813f76827cfdca1fbb124cc0a5c8841f8","package-lock.json":"90e25862b9c85f01add8441dcfd1071b62d753ecdacb5bfeb1e830de52257c28","package.json":"d96d42f89bfa40bdb6ccf8f10adbec4cd59dff814e78d94bb136598b96631c66","scripts/browser-check.mjs":"ed17d67724ef0ea6af4142413b7b0130a6ee054d5653741ad6bd057b5c2443bb","scripts/browser-evidence-controls.mjs":"1355cbe8f4e12c0e8c76989abab0db6244436cbde77c893de833c329dd0fd38f","scripts/browser-evidence.mjs":"7c9a8c3c478f18535d42b49e48c815c59e82e8617de76560c473ee82a889586b","scripts/build.mjs":"d6ab129ec1f993805226a13a23bed6186c82c1047f4049fea2886a9207048c43","scripts/check.mjs":"d064d3b7b10d6186b0ecc7f3d9081d0c0936740c358ebc67ca98789be836ebc7","scripts/corpus-pack.mjs":"e5f4915f6bb14b3c6d437276091203557efff8df13caeee85970a45e38392cba","scripts/integrity.mjs":"a0049c52b21e0494a48e1b61012c1d8f3838e5fc939187e905f3a479d060d2f0","src/bot-worker.ts":"eba2ca17afbccf6bcf06c20eb8d2aa776a3157112c2ec3db922933a39c78d653","src/bots.ts":"450791148c7bb7c6c3d74dfa732917f51472c127abf2d32b9436376de3acc219","src/browser.ts":"dc29bcf9d10189bf92983344854970dcfb54b3366c25558d695d04e72e39dcdf","src/chinook-corpus.ts":"d38d8fc850c1d27d0e5d4b883bd87798278761a16ad5973dc78b3b3b867e08c8","src/chinook.ts":"97310193de9dda474899a027d3519bbd536db9ee2a6ca6530a7e218f7fe5f32a","src/core.ts":"516f8b970c8cd1298882b76b8e61552f74464ea4224207c304f436e2e3532c6b","src/draws.ts":"e256daaef8fb43b498e8adcb71a77451c55aa9b1c24fc0a44bc36ee613dda4d1","src/endgame.ts":"f9f6cea20233c09dbd4cc3cf1337300ecc0cd5b833674e94baa193d04db98821","src/international-corpus.ts":"356c00f5c25642a9393e73e16306f0e02bb31e10818e0cdcfd99e26534b84a8a","src/international-indexes.ts":"fb56f60992bbbb589bd4069d565672aba4f5a61227a5380a874e6001ee991625","src/international-search.ts":"67b4ba228bfbf4e122c65c3619a0d529be07a3e3423f1ad5c51227d5f99962ee","src/international-six-data.ts":"08566eb9e7c6d7b324ac3a26f72edf86f8b22634361ec052d099bdab88e851d6","src/international-six-indexes.ts":"641218fe08800d06c9ec0b592cbac46978cd0d64249cff4f32b32eff77797c99","src/international.ts":"832f0dc95b0d8ac14e61af29914796df3128856c1617dbd8c8c24d20319b21ce","src/moves.ts":"d4ea90d730fb1add4f3d8fb98401fb9030a3e1e5ab83eb209b4a7839bd0044e1","src/play.template.html":"2d0345f395daa04b5bbe7153b4045bd2b553d28f0deaeaa689ad4aedc559dcef","src/retrograde.ts":"62ac9082dd82914f4a39e29d448b2e2defb03d2292090a110d747545052eca03","src/schema.ts":"416cb6ea418a0c71eb31e4cf8452bb16fbf455d23bd338a0326a76c22e0670ee","src/types.ts":"079cd5dbb2e20329bf386c3f506c3009534d2afce98804a1a999a239fe1cb16a","THIRD-PARTY-LICENSES.txt":"872acef306116e979ae43e6f20df09f3b040019ebbbcb2070d229f0ab5fe52f6","tsconfig.json":"fcc94a699ca26c01b4f9c4422dd4e5ab6811420993f5af01d9c6659549cd257c"},"command":"node scripts/browser-check.mjs","htmlPath":"/home/runner/work/partybox-game-cores/partybox-game-cores/jobs/G10-checkers/.work/play.html","htmlBytes":1390845993,"loadTimeoutMs":300000,"sourceSha256":"5ed2173b7264574565dd29ff14773236cac5a00833bf75df3de9e64a66451801","profiles":[{"name":"desktop","width":1920,"height":1080,"throttle":1,"loadMs":8490.853846,"checks":15,"frameResults":[{"variant":"american","frames":600,"meanFps":60.00300015000751,"p99Ms":16.799999999999272},{"variant":"international","frames":600,"meanFps":60.003000150007516,"p99Ms":16.80000000000291}],"pageErrorCount":0,"httpRequestCount":0,"pageErrors":[],"httpRequests":[]},{"name":"phone","width":390,"height":844,"throttle":4,"loadMs":38436.58996899999,"checks":15,"frameResults":[{"variant":"american","frames":600,"meanFps":60.00279613029967,"p99Ms":16.80000000000291},{"variant":"international","frames":600,"meanFps":60.00240009600385,"p99Ms":16.80000000000291}],"pageErrorCount":0,"httpRequestCount":0,"pageErrors":[],"httpRequests":[]}],"capture":false,"functionalOnly":false,"frameVariants":["american","international"],"sourceGuardsAfter":{"../../contract/constants.ts":"27cdd23112ea03f344457e6f6e6b5839ff536ebeadbba189751520353aa085ef","../../contract/contract.ts":"c0f999c153074769c99c67ab2a71ad66c879e45e834713f3367b2bde4a1873d5","../../contract/minigame-schema.ts":"2438655eeb8ca658543b475070e6fb3ccb3947f154f57caa3f619c87853c9bbb","../../contract/package.json":"ec1418bc79e3563ed63d2aebfbb0cb039529f6dc1ac0e8e6d61f790cb065f495","../../contract/player-count-schema.ts":"0748d9d9bcf795d0693c37a0f369b262fd8801dec9ab1e4a9a4f5ec23751a189","../../contract/rng.ts":"7cfcf3024723607e8dd1ce6ccc5683a48d71fcc617947304cc5b9f6d3d7842fe","data/chinook/DB6.bin":"baee42a2b49390edd96e5a751189366275619c941d79021f3ca45774c3e7071f","data/chinook/DB6.idx":"10cb5cfc2a8c67e18c322563c17ceef0adeac87786a16c767c4616e9a574f4fd","data/chinook/LICENSE.txt":"8ed5c1393322801ac395d3e6c9d8e8f4b18bcca9e41f7b8cdf312f33be242a2d","data/chinook/manifest.json":"90f1970372040946f299660c33ded627fe574c7fa2d52be168e7b16c391d55d0","data/endgames.json":"edb5d87a27caa83945e2a5587418fa6f246fb30dd3823652871a598272e0075d","data/international/BOOST-LICENSE.txt":"c9bff75738922193e67fa726fa225535870d2aa1059f91452c411736284ad566","data/international/db2.bin":"305a1e7eabb4bab13577774009592e1614ddf8a4efe334d6fe3cb8221000b4ed","data/international/db2.idx":"9622e861c67ea250396b384bb95fec00fd541964c3109bdc1b27ae7aae1f73f2","data/international/db3.bin":"9dd9170657b11b5e18e0a2d54b6475d9cfd2cf821c6f9e4e9ba78bdf130e10aa","data/international/db3.idx":"84862531a87da451037c3c1087b5c082c293ff508ffb447adbc8b7e020fa7aaa","data/international/db4.bin":"14e5a8fa159c33a2d7ca01538ca4cd088222c2f204a6b6ef174ffcebd28c72aa","data/international/db4.idx":"4514098c3a0fe91fb98ea1950eb53558f94017ed4c6553d10f117c94348e393e","data/international/db5.bin":"b3e65f71d2c801a68fe8928f62e32c40266f7d8ae4e5ab99b643805b1ace2e02","data/international/db5.idx":"4a94297121f50feca73beaea7ab10622942194d2b5c098d1c30c5cbe5b78715a","data/international/LICENSE.md":"34055034c8caa4d7637c91adc11f28229cea6a097c9b9d2610318cb66e1ef6cc","data/international/manifest.json":"6cc33b38df4f1f2b1ea79fa7fcbe11972976986828e7adee28934b4ad3921a04","data/international/six/db6-0303.000.chunk":"75d63f54a4aefbb6a29871ac2c96fe8064239630c141c79298c99ede5af7bfae","data/international/six/db6-0303.idx":"9f6e7dddd055eb1234cc79750e749c9b2ef49bdf410d7761a0a27f76dc606b04","data/international/six/db6-0312.000.chunk":"a65ac7e0daf00efcb905cec95900ce8fe7c7afda3d242a693a229b2584fcdd89","data/international/six/db6-0312.idx":"9df486596addc03a3454c242a25198c35f0a371dbd0055ca1ad777bff28bc43a","data/international/six/db6-0321.000.chunk":"4f4af0182c39c3646128b9e17d2b283196e8cb4441452b4a01e9c2532e4b6b53","data/international/six/db6-0321.001.chunk":"b8d62083255a57d82395b04eddf6cf735700f3ead646b526fc9882bace3a0e40","data/international/six/db6-0321.idx":"af4c2df56553f4386223b11ad75e7ad4f5c26625be854d52b1e6f8760d8c3bee","data/international/six/db6-0330.000.chunk":"de1dfc76776fe69bf25a7e64b4f1800c17b196f7e9cf2258cb792f51d17fd5c1","data/international/six/db6-0330.idx":"ce6bba6b659d289f3823a0221a5927fe0cbdf313af052cadfbfe0259791590ca","data/international/six/db6-0402.000.chunk":"9508c060e20d0f01da854b4cd4e018f634241b5abb90e73ece71bd4ca69c2517","data/international/six/db6-0402.idx":"096c6e3b12ecf960f7012878baec51d00f1cafda9880d2b29128b21cb3821485","data/international/six/db6-0411.000.chunk":"d3a9300cbe73b288d4d897d20434b6f4373166f58cc69328043a835efbf03247","data/international/six/db6-0411.idx":"1c92044e7b38d59c1485a0b064ed22e5b685346a0d62ac8fce74c3d6d5130cf0","data/international/six/db6-0420.000.chunk":"26162642d1c3439d6e3abcef8c1a210857b371607d82a1714cb99a47ad803a6e","data/international/six/db6-0420.idx":"4d47ac027225d63cf773a0f5fe9258c5e5f3b3670b04de677bc0a10399e3a56d","data/international/six/db6-0501.000.chunk":"82881a78d8a5052037911bc0e1d33231fd1dce64f283fd5f53bb297c26e60221","data/international/six/db6-0501.idx":"d29f8d532adce5f2ba9befd66ae47413b3e91e0666b891c1f08b8b0c7eb4ea10","data/international/six/db6-0510.000.chunk":"28f286c57a29bac59c095d9efdbd2cd87ee648416a0d4e85099bd8c192bc8383","data/international/six/db6-0510.idx":"356a04a2d92ce1c614671b5e246d4c74215c55728480d79d24065252b1e3689a","data/international/six/db6-1212.000.chunk":"5f8cc263773a36546efb0af5e5f6e4bdb4bbd497a50bf00e477aec30e478923f","data/international/six/db6-1212.001.chunk":"578a53681f654ca3463c205428c02a2812751af0fc83aabb26912573bfeabf79","data/international/six/db6-1212.idx":"62c58abb6f24f8280d0f2b0d99cf2e78c85e4a8b8a37da142fdafce33911db7a","data/international/six/db6-1221.000.chunk":"acc65c6b904a669302b3f1dacf917f44852baa3febb2d33379ecdb9153dfd898","data/international/six/db6-1221.001.chunk":"44b31af46ccd5df50c10eea39107f33244be8d98ea39300c2ef739173573f775","data/international/six/db6-1221.002.chunk":"471ec101d7053b0029059f4ce617ffb88512a7d08d86f2be7e170abc29e8c2e9","data/international/six/db6-1221.003.chunk":"67460687baa048e40deaf19e4168f3fd644a9ffaad0475a02a7c65462a249738","data/international/six/db6-1221.idx":"893f2a20b42eb9b6a437b2a4c79635190b1b7d8303d67c2c6048ad762b654072","data/international/six/db6-1230.000.chunk":"45e595ea9c3279d783cf4632762912554f98103bb24fd3712ea5cd371ae077c6","data/international/six/db6-1230.001.chunk":"86282c8af312b2ee4e8a8c36a228ccd72b5a81ae7bd9e03ed86e63c92ba386cb","data/international/six/db6-1230.idx":"56f9a806af26475371ea04d7230e2316e6ce8206ea14fe28628b646ac5415d37","data/international/six/db6-1302.000.chunk":"a0bde8399fecc594fe8ad84b953018c2fd3796805de67f5361982b244027413f","data/international/six/db6-1302.001.chunk":"7398a50ae97329727420dca59b959f28ed295dbdd59e6dd54fb54d88554decfa","data/international/six/db6-1302.idx":"fc695c254e053157a79dfd22c287fcde716e887ba4a0e5765cc27be221efd7ab","data/international/six/db6-1311.000.chunk":"eac5625451bccbdee80bb5d98c1ae8b7d9dc7bcd218240d543e04ec76d692a36","data/international/six/db6-1311.001.chunk":"cc9e1d6f56f80b7f6fe73d30a878bd2c7e9be3cea795d0c64e2847976e57d88b","data/international/six/db6-1311.002.chunk":"33eb6b6262f6d2b248c2772ab41277231e227a0024007db766ae48edc31e7c6a","data/international/six/db6-1311.003.chunk":"d59c08b053c2d047da4cb9f793c9bcb905c689b0ada2108569428639f20eb107","data/international/six/db6-1311.idx":"824155526e1423c28dfc5a9e6ce803006fcdaabe5c5dcb72f52e4e0b29eb634a","data/international/six/db6-1320.000.chunk":"d37c461f883e519b95482bf38863e22c5cf71e3d4d26da2758aa06d8c5a69c1d","data/international/six/db6-1320.idx":"d9787b34307105c715e7b1f7cd463398386f5bdfa4d863fdee92af34b1dbf334","data/international/six/db6-1401.000.chunk":"45bb9b0339452bab7a464741003a168e43178944b286320b1eb70eb15458d17e","data/international/six/db6-1401.idx":"36c748d544a0d108e25f26a748f107ced6045229854dc0ec5cbabf39dccfd078","data/international/six/db6-1410.000.chunk":"6f3110cbbe9f88c12a01a7779b2034df76cc065e7767d153f17fd9d90efead51","data/international/six/db6-1410.idx":"f7a26d77bd12fb29b4d8492481e56c5c692a2c280062cc9518728882acd65890","data/international/six/db6-2121.000.chunk":"2b0d462e7d6f4e9188dec28fac5b91df1d93b655bd6f381e01dc7f82426dc742","data/international/six/db6-2121.001.chunk":"dd308ec8c23cb58e50f3be495b79934782cc3624036f88272a8526c87e6cd1f9","data/international/six/db6-2121.idx":"f3c643c2ac5d25da70b71339bc23d9c452e00244bd29562fd424b6a84ca3ad40","data/international/six/db6-2130.000.chunk":"320904de62832a1c6c9054c7650c61f10dd181da2e9b1b04aa86d2977656fde7","data/international/six/db6-2130.001.chunk":"a96061fbe9ec9d57d2edd5773fbd89145aafc7e5a5845c81bc58c5ecab63d2d6","data/international/six/db6-2130.idx":"9d6ed91ef56e08a1b98ee184839d9a880198c141aba47005a13587c572342a50","data/international/six/db6-2202.000.chunk":"43057f23a613a28f06bc9cd465b7ed44cf887dfe50e7001b7d1ef473cdbfd4b2","data/international/six/db6-2202.001.chunk":"585615fed0ec078a94e0ac32e3d52ac4d16b3eb7375663ff30d45e1293b3d44a","data/international/six/db6-2202.idx":"bae2e2b0a9709d4b46e397efdcdf322b2d461c492f221eb11f0638b2eb5951ec","data/international/six/db6-2211.000.chunk":"11dd5e990995f60597ec46e5f37a79429b072d11cf7353322dd95f7058c6d1ed","data/international/six/db6-2211.001.chunk":"8142e6725e68cefe12a42a8a8530a52182e9f44a2b85cb5ded48e445bc85bd7f","data/international/six/db6-2211.002.chunk":"c4d38e79e79b87802b26eded2a7c364946fea4d95450d35f10d7dcce343a8c69","data/international/six/db6-2211.003.chunk":"20b4af2d5329d20ebb3075c8cb31878935c15512cc2808546418879729f79402","data/international/six/db6-2211.004.chunk":"a4367099cfdacac510225de250b300e8fed1ba70d4438e14b311b7c796501089","data/international/six/db6-2211.005.chunk":"19b3a66dbf1497e2e455732a0f7ffb927c9e577f56c75419716439f524e9d514","data/international/six/db6-2211.006.chunk":"8bd6bc5bd76720a95a312bd8c6bae30701a6e99be19886e16126ca6abc3b2a7e","data/international/six/db6-2211.idx":"a525a93cfb7ccef53dce68366382a0c8764af216568b02b045edd8bd1230012a","data/international/six/db6-2220.000.chunk":"e1af2d5283389f43c81708a249e3c0b9968ed4aa322ac0bca48ca1ccc5d4dd7c","data/international/six/db6-2220.idx":"e3f4b23066c9f91d4a0f43984cbea7c01817d6a0e25c3705c7fb8327eb8a31a6","data/international/six/db6-2301.000.chunk":"0b6489a374a7680cb6697f2e78d0261558c15e5f6c629279b84f760cc5e2d4e4","data/international/six/db6-2301.idx":"fdcbc2bd251bf3b73822bd0e2b92cb8791deaa009bd2ab8730a25e3395ce7726","data/international/six/db6-2310.000.chunk":"13ae77b5d13ad94678dab0cfb4ca74f4db89190371eacc10bd92cadf10eb350f","data/international/six/db6-2310.idx":"1f8ece0f98423c4b9213ab41a2eec40fe32679fe71268bce240714d1b7896cda","data/international/six/db6-3030.000.chunk":"cecd125dd3e9f0e1fa8f42abd0d51c9b3f679839db56a60b50b380e764302569","data/international/six/db6-3030.idx":"c41521d134874aaa3151b4595373caf3a91afc0aea9e249c0d722612c0370a82","data/international/six/db6-3102.000.chunk":"c90c2e7384f00811e0445f566d7aa7243e861b65c71791df05f3679c1e6080c1","data/international/six/db6-3102.idx":"f0161e4b20319d077c04ae0e4607ac81a7b50315ea72ff456494b00072dac06d","data/international/six/db6-3111.000.chunk":"e62bab91ea59dbef862261975d320585d13f83fbaf709c7d686e0a085b594576","data/international/six/db6-3111.001.chunk":"49c653dccca0ad25d6c3e858f8dd55e540dfb48d6cee1dba749214d8d12b129b","data/international/six/db6-3111.002.chunk":"f3e3f75261fe41cc65d1ee5c3e4c391c5945e96c7635c091e384ed10d253043c","data/international/six/db6-3111.003.chunk":"5c6f451ee293fea2955580ac6717a2aeb991c58693c1f9a0aa5f7107c506d075","data/international/six/db6-3111.004.chunk":"53e58423b9d85e32bbb2eb3552df28124d5172ca983c214738558e7cf543234d","data/international/six/db6-3111.005.chunk":"6fa72cec7f0dcd4a79458b766c04f2fbbc3eeb1804f8ab8f1a3d546c1d0c04df","data/international/six/db6-3111.idx":"552cea6807e5de8bdaaa7430e48429d2876663c1c13bf8a80438ec3fc11222db","data/international/six/db6-3120.000.chunk":"4849d82cf6c7978ef034fc98ef90951d041b740fd79510c67f902a447061a5d2","data/international/six/db6-3120.idx":"b5243e519c0a2fb6f513062094758a95306e9144a48c7a555a79ed1887780c86","data/international/six/db6-3201.000.chunk":"8d899206c06202a55395530df8eab92bbd29b879e1310c0b704bdd26d1131772","data/international/six/db6-3201.idx":"f9b27e6e4cee762ed97a568b8f32673b1bfe5c22a64d0c5b47b7a18f39749958","data/international/six/db6-3210.000.chunk":"f829ad406b3b2b1f45e1ac30bc0e43440ce2b808025c27d3bfff2f704edeffb4","data/international/six/db6-3210.idx":"ab335ebeed4f38b97ad72512c77a84aa1a7a5b5d63f00278d205e9386b07c3be","data/international/six/db6-4002.000.chunk":"1f810fcb514771696b8b44d264a552607de2068b0595e165ee1b337f691d2530","data/international/six/db6-4002.idx":"7813f455b5b0225444c95e3424c3f30414373dae0cc6065d9b3e7bd07c304c67","data/international/six/db6-4011.000.chunk":"4e9176f2619ef1c62e5cbc5cb1e3ca7a0c45035148e4fb526eefc1266e1e7e38","data/international/six/db6-4011.idx":"84ad8d66b8560bdcf7a999b867381f36d93ee7724cf89d5abda8020ff9658e2d","data/international/six/db6-4020.000.chunk":"c1b0099c29929bd38f39e02b805bfa395e8b058bc73b3710bf6112efc2a56413","data/international/six/db6-4020.idx":"ed46094e80d77e4f27bdae4fe5678903eac0d72ff11bfbf0addf2d84205b7acd","data/international/six/db6-4101.000.chunk":"84e48039e29063ac53bb53f825c070190c6d424d91e41b3c6b8a5712d99dc07a","data/international/six/db6-4101.idx":"5b89058e3c8e2d225b5f80560b27f8001e42d648b410a616165747f2dc2f2a1b","data/international/six/db6-4110.000.chunk":"271c7e822c1a87b1a01c50a0705040d4e22f6f1a6850ba2baf547b09019a9e9c","data/international/six/db6-4110.idx":"99d0d61cfa656d9c84500f41892c66fbe9d24ebd96b873e63d8b3a3315a0fa78","data/international/six/db6-5001.000.chunk":"abb0af9db0c77accee65b836150e0eeed6c24d79d1c552ff21c9f1825e3846cf","data/international/six/db6-5001.idx":"3316a344e28cc3115daf8ed5d0dbf7f66dc57cafc39262172026d7efea6aab76","data/international/six/db6-5010.000.chunk":"b842fd58f936f742947a84e4587ba88fbc656ffa85371e2e75f57b79af612c5b","data/international/six/db6-5010.idx":"bd8c7a7853c0528d92799fbad5a1344a1ae4e7478598c9c82171afccef8cee41","data/international/six/manifest.json":"6532df5af4306b1b6b16723155b756faacef549bcc8292ccbf0e7663a707a28c","data/international/tunstall-v2.bin":"92fa921a410c270c3126811dc2d8af22e1691aedaaf0d020ee01adbe572d26a9","dist/corpus-pack.json":"6d570320bbb75d898f29cf6fe6c93faef556899cfa0be0a6a33e8cdd862b4cb9","dist/worker-american.mjs":"950c58445422dbd59898195a526ad4fc113d832dac49381fe49f2ea624b91175","dist/worker-international.mjs":"31d06dd836dd1567391b3c5051f8dc53a7904e833887b045be19354f70ae1ee2","LICENSE":"e65a07d64c485ec9ffc4f7af9bd03035e365d9cf6bd3f12151f94139ffa86421","manifest.json":"909e9ec620b946f1e5612e47f837ae4aa2701252bebf2f32d08af756a8514385","node_modules/zod/LICENSE":"3f1189b28e3866e0d979968d466b78f813f76827cfdca1fbb124cc0a5c8841f8","package-lock.json":"90e25862b9c85f01add8441dcfd1071b62d753ecdacb5bfeb1e830de52257c28","package.json":"d96d42f89bfa40bdb6ccf8f10adbec4cd59dff814e78d94bb136598b96631c66","scripts/browser-check.mjs":"ed17d67724ef0ea6af4142413b7b0130a6ee054d5653741ad6bd057b5c2443bb","scripts/browser-evidence-controls.mjs":"1355cbe8f4e12c0e8c76989abab0db6244436cbde77c893de833c329dd0fd38f","scripts/browser-evidence.mjs":"7c9a8c3c478f18535d42b49e48c815c59e82e8617de76560c473ee82a889586b","scripts/build.mjs":"d6ab129ec1f993805226a13a23bed6186c82c1047f4049fea2886a9207048c43","scripts/check.mjs":"d064d3b7b10d6186b0ecc7f3d9081d0c0936740c358ebc67ca98789be836ebc7","scripts/corpus-pack.mjs":"e5f4915f6bb14b3c6d437276091203557efff8df13caeee85970a45e38392cba","scripts/integrity.mjs":"a0049c52b21e0494a48e1b61012c1d8f3838e5fc939187e905f3a479d060d2f0","src/bot-worker.ts":"eba2ca17afbccf6bcf06c20eb8d2aa776a3157112c2ec3db922933a39c78d653","src/bots.ts":"450791148c7bb7c6c3d74dfa732917f51472c127abf2d32b9436376de3acc219","src/browser.ts":"dc29bcf9d10189bf92983344854970dcfb54b3366c25558d695d04e72e39dcdf","src/chinook-corpus.ts":"d38d8fc850c1d27d0e5d4b883bd87798278761a16ad5973dc78b3b3b867e08c8","src/chinook.ts":"97310193de9dda474899a027d3519bbd536db9ee2a6ca6530a7e218f7fe5f32a","src/core.ts":"516f8b970c8cd1298882b76b8e61552f74464ea4224207c304f436e2e3532c6b","src/draws.ts":"e256daaef8fb43b498e8adcb71a77451c55aa9b1c24fc0a44bc36ee613dda4d1","src/endgame.ts":"f9f6cea20233c09dbd4cc3cf1337300ecc0cd5b833674e94baa193d04db98821","src/international-corpus.ts":"356c00f5c25642a9393e73e16306f0e02bb31e10818e0cdcfd99e26534b84a8a","src/international-indexes.ts":"fb56f60992bbbb589bd4069d565672aba4f5a61227a5380a874e6001ee991625","src/international-search.ts":"67b4ba228bfbf4e122c65c3619a0d529be07a3e3423f1ad5c51227d5f99962ee","src/international-six-data.ts":"08566eb9e7c6d7b324ac3a26f72edf86f8b22634361ec052d099bdab88e851d6","src/international-six-indexes.ts":"641218fe08800d06c9ec0b592cbac46978cd0d64249cff4f32b32eff77797c99","src/international.ts":"832f0dc95b0d8ac14e61af29914796df3128856c1617dbd8c8c24d20319b21ce","src/moves.ts":"d4ea90d730fb1add4f3d8fb98401fb9030a3e1e5ab83eb209b4a7839bd0044e1","src/play.template.html":"2d0345f395daa04b5bbe7153b4045bd2b553d28f0deaeaa689ad4aedc559dcef","src/retrograde.ts":"62ac9082dd82914f4a39e29d448b2e2defb03d2292090a110d747545052eca03","src/schema.ts":"416cb6ea418a0c71eb31e4cf8452bb16fbf455d23bd338a0326a76c22e0670ee","src/types.ts":"079cd5dbb2e20329bf386c3f506c3009534d2afce98804a1a999a239fe1cb16a","THIRD-PARTY-LICENSES.txt":"872acef306116e979ae43e6f20df09f3b040019ebbbcb2070d229f0ab5fe52f6","tsconfig.json":"fcc94a699ca26c01b4f9c4422dd4e5ab6811420993f5af01d9c6659549cd257c"},"sourceSha256After":"5ed2173b7264574565dd29ff14773236cac5a00833bf75df3de9e64a66451801","htmlBytesAfter":1390845993,"checks":[{"profile":"desktop","name":"disk load, no external assets and reduced motion","pass":true},{"profile":"desktop","name":"American standard board and complete hot-seat turn","pass":true},{"profile":"desktop","name":"multi-jump draft leaves the actual position unchanged","pass":true},{"profile":"desktop","name":"American crown ends the capture turn","pass":true},{"profile":"desktop","name":"International full maximum capture and promotion","pass":true},{"profile":"desktop","name":"International crown transit stays a man","pass":true},{"profile":"desktop","name":"pause/resume and optional exact deadline forfeit","pass":true},{"profile":"desktop","name":"winner/results and explicit next table","pass":true},{"profile":"desktop","name":"manual Strong move uses local full-corpus worker and preserves legal core choice","pass":true},{"profile":"desktop","name":"International actual2–5 corpus worker prepares offline and preserves pending input","pass":true},{"profile":"desktop","name":"International actual six-piece Strong worker reads original local blocks","pass":true},{"profile":"desktop","name":"consecutive bot turns reuse the prepared worker and pause cancels it","pass":true},{"profile":"desktop","name":"pause cancels worker before it can apply an old move","pass":true},{"profile":"desktop","name":"names remain text and hostile original IDs have finite public results","pass":true},{"profile":"desktop","name":"viewport fits both boards and all controls","pass":true},{"profile":"phone","name":"disk load, no external assets and reduced motion","pass":true},{"profile":"phone","name":"American standard board and complete hot-seat turn","pass":true},{"profile":"phone","name":"multi-jump draft leaves the actual position unchanged","pass":true},{"profile":"phone","name":"American crown ends the capture turn","pass":true},{"profile":"phone","name":"International full maximum capture and promotion","pass":true},{"profile":"phone","name":"International crown transit stays a man","pass":true},{"profile":"phone","name":"pause/resume and optional exact deadline forfeit","pass":true},{"profile":"phone","name":"winner/results and explicit next table","pass":true},{"profile":"phone","name":"manual Strong move uses local full-corpus worker and preserves legal core choice","pass":true},{"profile":"phone","name":"International actual2–5 corpus worker prepares offline and preserves pending input","pass":true},{"profile":"phone","name":"International actual six-piece Strong worker reads original local blocks","pass":true},{"profile":"phone","name":"consecutive bot turns reuse the prepared worker and pause cancels it","pass":true},{"profile":"phone","name":"pause cancels worker before it can apply an old move","pass":true},{"profile":"phone","name":"names remain text and hostile original IDs have finite public results","pass":true},{"profile":"phone","name":"viewport fits both boards and all controls","pass":true}],"totalChecks":30}
2026-10-08T22:19:10.7462541Z {"evidenceVersion":1,"runId":"d1654247-d64c-421f-95fd-f3b4e26809e4","sourceGuardsBefore":{"../../contract/constants.ts":"27cdd23112ea03f344457e6f6e6b5839ff536ebeadbba189751520353aa085ef","../../contract/contract.ts":"c0f999c153074769c99c67ab2a71ad66c879e45e834713f3367b2bde4a1873d5","../../contract/minigame-schema.ts":"2438655eeb8ca658543b475070e6fb3ccb3947f154f57caa3f619c87853c9bbb","../../contract/package.json":"ec1418bc79e3563ed63d2aebfbb0cb039529f6dc1ac0e8e6d61f790cb065f495","../../contract/player-count-schema.ts":"0748d9d9bcf795d0693c37a0f369b262fd8801dec9ab1e4a9a4f5ec23751a189","../../contract/rng.ts":"7cfcf3024723607e8dd1ce6ccc5683a48d71fcc617947304cc5b9f6d3d7842fe","data/chinook/DB6.bin":"baee42a2b49390edd96e5a751189366275619c941d79021f3ca45774c3e7071f","data/chinook/DB6.idx":"10cb5cfc2a8c67e18c322563c17ceef0adeac87786a16c767c4616e9a574f4fd","data/chinook/LICENSE.txt":"8ed5c1393322801ac395d3e6c9d8e8f4b18bcca9e41f7b8cdf312f33be242a2d","data/chinook/manifest.json":"90f1970372040946f299660c33ded627fe574c7fa2d52be168e7b16c391d55d0","data/endgames.json":"edb5d87a27caa83945e2a5587418fa6f246fb30dd3823652871a598272e0075d","data/international/BOOST-LICENSE.txt":"c9bff75738922193e67fa726fa225535870d2aa1059f91452c411736284ad566","data/international/db2.bin":"305a1e7eabb4bab13577774009592e1614ddf8a4efe334d6fe3cb8221000b4ed","data/international/db2.idx":"9622e861c67ea250396b384bb95fec00fd541964c3109bdc1b27ae7aae1f73f2","data/international/db3.bin":"9dd9170657b11b5e18e0a2d54b6475d9cfd2cf821c6f9e4e9ba78bdf130e10aa","data/international/db3.idx":"84862531a87da451037c3c1087b5c082c293ff508ffb447adbc8b7e020fa7aaa","data/international/db4.bin":"14e5a8fa159c33a2d7ca01538ca4cd088222c2f204a6b6ef174ffcebd28c72aa","data/international/db4.idx":"4514098c3a0fe91fb98ea1950eb53558f94017ed4c6553d10f117c94348e393e","data/international/db5.bin":"b3e65f71d2c801a68fe8928f62e32c40266f7d8ae4e5ab99b643805b1ace2e02","data/international/db5.idx":"4a94297121f50feca73beaea7ab10622942194d2b5c098d1c30c5cbe5b78715a","data/international/LICENSE.md":"34055034c8caa4d7637c91adc11f28229cea6a097c9b9d2610318cb66e1ef6cc","data/international/manifest.json":"6cc33b38df4f1f2b1ea79fa7fcbe11972976986828e7adee28934b4ad3921a04","data/international/six/db6-0303.000.chunk":"75d63f54a4aefbb6a29871ac2c96fe8064239630c141c79298c99ede5af7bfae","data/international/six/db6-0303.idx":"9f6e7dddd055eb1234cc79750e749c9b2ef49bdf410d7761a0a27f76dc606b04","data/international/six/db6-0312.000.chunk":"a65ac7e0daf00efcb905cec95900ce8fe7c7afda3d242a693a229b2584fcdd89","data/international/six/db6-0312.idx":"9df486596addc03a3454c242a25198c35f0a371dbd0055ca1ad777bff28bc43a","data/international/six/db6-0321.000.chunk":"4f4af0182c39c3646128b9e17d2b283196e8cb4441452b4a01e9c2532e4b6b53","data/international/six/db6-0321.001.chunk":"b8d62083255a57d82395b04eddf6cf735700f3ead646b526fc9882bace3a0e40","data/international/six/db6-0321.idx":"af4c2df56553f4386223b11ad75e7ad4f5c26625be854d52b1e6f8760d8c3bee","data/international/six/db6-0330.000.chunk":"de1dfc76776fe69bf25a7e64b4f1800c17b196f7e9cf2258cb792f51d17fd5c1","data/international/six/db6-0330.idx":"ce6bba6b659d289f3823a0221a5927fe0cbdf313af052cadfbfe0259791590ca","data/international/six/db6-0402.000.chunk":"9508c060e20d0f01da854b4cd4e018f634241b5abb90e73ece71bd4ca69c2517","data/international/six/db6-0402.idx":"096c6e3b12ecf960f7012878baec51d00f1cafda9880d2b29128b21cb3821485","data/international/six/db6-0411.000.chunk":"d3a9300cbe73b288d4d897d20434b6f4373166f58cc69328043a835efbf03247","data/international/six/db6-0411.idx":"1c92044e7b38d59c1485a0b064ed22e5b685346a0d62ac8fce74c3d6d5130cf0","data/international/six/db6-0420.000.chunk":"26162642d1c3439d6e3abcef8c1a210857b371607d82a1714cb99a47ad803a6e","data/international/six/db6-0420.idx":"4d47ac027225d63cf773a0f5fe9258c5e5f3b3670b04de677bc0a10399e3a56d","data/international/six/db6-0501.000.chunk":"82881a78d8a5052037911bc0e1d33231fd1dce64f283fd5f53bb297c26e60221","data/international/six/db6-0501.idx":"d29f8d532adce5f2ba9befd66ae47413b3e91e0666b891c1f08b8b0c7eb4ea10","data/international/six/db6-0510.000.chunk":"28f286c57a29bac59c095d9efdbd2cd87ee648416a0d4e85099bd8c192bc8383","data/international/six/db6-0510.idx":"356a04a2d92ce1c614671b5e246d4c74215c55728480d79d24065252b1e3689a","data/international/six/db6-1212.000.chunk":"5f8cc263773a36546efb0af5e5f6e4bdb4bbd497a50bf00e477aec30e478923f","data/international/six/db6-1212.001.chunk":"578a53681f654ca3463c205428c02a2812751af0fc83aabb26912573bfeabf79","data/international/six/db6-1212.idx":"62c58abb6f24f8280d0f2b0d99cf2e78c85e4a8b8a37da142fdafce33911db7a","data/international/six/db6-1221.000.chunk":"acc65c6b904a669302b3f1dacf917f44852baa3febb2d33379ecdb9153dfd898","data/international/six/db6-1221.001.chunk":"44b31af46ccd5df50c10eea39107f33244be8d98ea39300c2ef739173573f775","data/international/six/db6-1221.002.chunk":"471ec101d7053b0029059f4ce617ffb88512a7d08d86f2be7e170abc29e8c2e9","data/international/six/db6-1221.003.chunk":"67460687baa048e40deaf19e4168f3fd644a9ffaad0475a02a7c65462a249738","data/international/six/db6-1221.idx":"893f2a20b42eb9b6a437b2a4c79635190b1b7d8303d67c2c6048ad762b654072","data/international/six/db6-1230.000.chunk":"45e595ea9c3279d783cf4632762912554f98103bb24fd3712ea5cd371ae077c6","data/international/six/db6-1230.001.chunk":"86282c8af312b2ee4e8a8c36a228ccd72b5a81ae7bd9e03ed86e63c92ba386cb","data/international/six/db6-1230.idx":"56f9a806af26475371ea04d7230e2316e6ce8206ea14fe28628b646ac5415d37","data/international/six/db6-1302.000.chunk":"a0bde8399fecc594fe8ad84b953018c2fd3796805de67f5361982b244027413f","data/international/six/db6-1302.001.chunk":"7398a50ae97329727420dca59b959f28ed295dbdd59e6dd54fb54d88554decfa","data/international/six/db6-1302.idx":"fc695c254e053157a79dfd22c287fcde716e887ba4a0e5765cc27be221efd7ab","data/international/six/db6-1311.000.chunk":"eac5625451bccbdee80bb5d98c1ae8b7d9dc7bcd218240d543e04ec76d692a36","data/international/six/db6-1311.001.chunk":"cc9e1d6f56f80b7f6fe73d30a878bd2c7e9be3cea795d0c64e2847976e57d88b","data/international/six/db6-1311.002.chunk":"33eb6b6262f6d2b248c2772ab41277231e227a0024007db766ae48edc31e7c6a","data/international/six/db6-1311.003.chunk":"d59c08b053c2d047da4cb9f793c9bcb905c689b0ada2108569428639f20eb107","data/international/six/db6-1311.idx":"824155526e1423c28dfc5a9e6ce803006fcdaabe5c5dcb72f52e4e0b29eb634a","data/international/six/db6-1320.000.chunk":"d37c461f883e519b95482bf38863e22c5cf71e3d4d26da2758aa06d8c5a69c1d","data/international/six/db6-1320.idx":"d9787b34307105c715e7b1f7cd463398386f5bdfa4d863fdee92af34b1dbf334","data/international/six/db6-1401.000.chunk":"45bb9b0339452bab7a464741003a168e43178944b286320b1eb70eb15458d17e","data/international/six/db6-1401.idx":"36c748d544a0d108e25f26a748f107ced6045229854dc0ec5cbabf39dccfd078","data/international/six/db6-1410.000.chunk":"6f3110cbbe9f88c12a01a7779b2034df76cc065e7767d153f17fd9d90efead51","data/international/six/db6-1410.idx":"f7a26d77bd12fb29b4d8492481e56c5c692a2c280062cc9518728882acd65890","data/international/six/db6-2121.000.chunk":"2b0d462e7d6f4e9188dec28fac5b91df1d93b655bd6f381e01dc7f82426dc742","data/international/six/db6-2121.001.chunk":"dd308ec8c23cb58e50f3be495b79934782cc3624036f88272a8526c87e6cd1f9","data/international/six/db6-2121.idx":"f3c643c2ac5d25da70b71339bc23d9c452e00244bd29562fd424b6a84ca3ad40","data/international/six/db6-2130.000.chunk":"320904de62832a1c6c9054c7650c61f10dd181da2e9b1b04aa86d2977656fde7","data/international/six/db6-2130.001.chunk":"a96061fbe9ec9d57d2edd5773fbd89145aafc7e5a5845c81bc58c5ecab63d2d6","data/international/six/db6-2130.idx":"9d6ed91ef56e08a1b98ee184839d9a880198c141aba47005a13587c572342a50","data/international/six/db6-2202.000.chunk":"43057f23a613a28f06bc9cd465b7ed44cf887dfe50e7001b7d1ef473cdbfd4b2","data/international/six/db6-2202.001.chunk":"585615fed0ec078a94e0ac32e3d52ac4d16b3eb7375663ff30d45e1293b3d44a","data/international/six/db6-2202.idx":"bae2e2b0a9709d4b46e397efdcdf322b2d461c492f221eb11f0638b2eb5951ec","data/international/six/db6-2211.000.chunk":"11dd5e990995f60597ec46e5f37a79429b072d11cf7353322dd95f7058c6d1ed","data/international/six/db6-2211.001.chunk":"8142e6725e68cefe12a42a8a8530a52182e9f44a2b85cb5ded48e445bc85bd7f","data/international/six/db6-2211.002.chunk":"c4d38e79e79b87802b26eded2a7c364946fea4d95450d35f10d7dcce343a8c69","data/international/six/db6-2211.003.chunk":"20b4af2d5329d20ebb3075c8cb31878935c15512cc2808546418879729f79402","data/international/six/db6-2211.004.chunk":"a4367099cfdacac510225de250b300e8fed1ba70d4438e14b311b7c796501089","data/international/six/db6-2211.005.chunk":"19b3a66dbf1497e2e455732a0f7ffb927c9e577f56c75419716439f524e9d514","data/international/six/db6-2211.006.chunk":"8bd6bc5bd76720a95a312bd8c6bae30701a6e99be19886e16126ca6abc3b2a7e","data/international/six/db6-2211.idx":"a525a93cfb7ccef53dce68366382a0c8764af216568b02b045edd8bd1230012a","data/international/six/db6-2220.000.chunk":"e1af2d5283389f43c81708a249e3c0b9968ed4aa322ac0bca48ca1ccc5d4dd7c","data/international/six/db6-2220.idx":"e3f4b23066c9f91d4a0f43984cbea7c01817d6a0e25c3705c7fb8327eb8a31a6","data/international/six/db6-2301.000.chunk":"0b6489a374a7680cb6697f2e78d0261558c15e5f6c629279b84f760cc5e2d4e4","data/international/six/db6-2301.idx":"fdcbc2bd251bf3b73822bd0e2b92cb8791deaa009bd2ab8730a25e3395ce7726","data/international/six/db6-2310.000.chunk":"13ae77b5d13ad94678dab0cfb4ca74f4db89190371eacc10bd92cadf10eb350f","data/international/six/db6-2310.idx":"1f8ece0f98423c4b9213ab41a2eec40fe32679fe71268bce240714d1b7896cda","data/international/six/db6-3030.000.chunk":"cecd125dd3e9f0e1fa8f42abd0d51c9b3f679839db56a60b50b380e764302569","data/international/six/db6-3030.idx":"c41521d134874aaa3151b4595373caf3a91afc0aea9e249c0d722612c0370a82","data/international/six/db6-3102.000.chunk":"c90c2e7384f00811e0445f566d7aa7243e861b65c71791df05f3679c1e6080c1","data/international/six/db6-3102.idx":"f0161e4b20319d077c04ae0e4607ac81a7b50315ea72ff456494b00072dac06d","data/international/six/db6-3111.000.chunk":"e62bab91ea59dbef862261975d320585d13f83fbaf709c7d686e0a085b594576","data/international/six/db6-3111.001.chunk":"49c653dccca0ad25d6c3e858f8dd55e540dfb48d6cee1dba749214d8d12b129b","data/international/six/db6-3111.002.chunk":"f3e3f75261fe41cc65d1ee5c3e4c391c5945e96c7635c091e384ed10d253043c","data/international/six/db6-3111.003.chunk":"5c6f451ee293fea2955580ac6717a2aeb991c58693c1f9a0aa5f7107c506d075","data/international/six/db6-3111.004.chunk":"53e58423b9d85e32bbb2eb3552df28124d5172ca983c214738558e7cf543234d","data/international/six/db6-3111.005.chunk":"6fa72cec7f0dcd4a79458b766c04f2fbbc3eeb1804f8ab8f1a3d546c1d0c04df","data/international/six/db6-3111.idx":"552cea6807e5de8bdaaa7430e48429d2876663c1c13bf8a80438ec3fc11222db","data/international/six/db6-3120.000.chunk":"4849d82cf6c7978ef034fc98ef90951d041b740fd79510c67f902a447061a5d2","data/international/six/db6-3120.idx":"b5243e519c0a2fb6f513062094758a95306e9144a48c7a555a79ed1887780c86","data/international/six/db6-3201.000.chunk":"8d899206c06202a55395530df8eab92bbd29b879e1310c0b704bdd26d1131772","data/international/six/db6-3201.idx":"f9b27e6e4cee762ed97a568b8f32673b1bfe5c22a64d0c5b47b7a18f39749958","data/international/six/db6-3210.000.chunk":"f829ad406b3b2b1f45e1ac30bc0e43440ce2b808025c27d3bfff2f704edeffb4","data/international/six/db6-3210.idx":"ab335ebeed4f38b97ad72512c77a84aa1a7a5b5d63f00278d205e9386b07c3be","data/international/six/db6-4002.000.chunk":"1f810fcb514771696b8b44d264a552607de2068b0595e165ee1b337f691d2530","data/international/six/db6-4002.idx":"7813f455b5b0225444c95e3424c3f30414373dae0cc6065d9b3e7bd07c304c67","data/international/six/db6-4011.000.chunk":"4e9176f2619ef1c62e5cbc5cb1e3ca7a0c45035148e4fb526eefc1266e1e7e38","data/international/six/db6-4011.idx":"84ad8d66b8560bdcf7a999b867381f36d93ee7724cf89d5abda8020ff9658e2d","data/international/six/db6-4020.000.chunk":"c1b0099c29929bd38f39e02b805bfa395e8b058bc73b3710bf6112efc2a56413","data/international/six/db6-4020.idx":"ed46094e80d77e4f27bdae4fe5678903eac0d72ff11bfbf0addf2d84205b7acd","data/international/six/db6-4101.000.chunk":"84e48039e29063ac53bb53f825c070190c6d424d91e41b3c6b8a5712d99dc07a","data/international/six/db6-4101.idx":"5b89058e3c8e2d225b5f80560b27f8001e42d648b410a616165747f2dc2f2a1b","data/international/six/db6-4110.000.chunk":"271c7e822c1a87b1a01c50a0705040d4e22f6f1a6850ba2baf547b09019a9e9c","data/international/six/db6-4110.idx":"99d0d61cfa656d9c84500f41892c66fbe9d24ebd96b873e63d8b3a3315a0fa78","data/international/six/db6-5001.000.chunk":"abb0af9db0c77accee65b836150e0eeed6c24d79d1c552ff21c9f1825e3846cf","data/international/six/db6-5001.idx":"3316a344e28cc3115daf8ed5d0dbf7f66dc57cafc39262172026d7efea6aab76","data/international/six/db6-5010.000.chunk":"b842fd58f936f742947a84e4587ba88fbc656ffa85371e2e75f57b79af612c5b","data/international/six/db6-5010.idx":"bd8c7a7853c0528d92799fbad5a1344a1ae4e7478598c9c82171afccef8cee41","data/international/six/manifest.json":"6532df5af4306b1b6b16723155b756faacef549bcc8292ccbf0e7663a707a28c","data/international/tunstall-v2.bin":"92fa921a410c270c3126811dc2d8af22e1691aedaaf0d020ee01adbe572d26a9","dist/corpus-pack.json":"6d570320bbb75d898f29cf6fe6c93faef556899cfa0be0a6a33e8cdd862b4cb9","dist/worker-american.mjs":"950c58445422dbd59898195a526ad4fc113d832dac49381fe49f2ea624b91175","dist/worker-international.mjs":"31d06dd836dd1567391b3c5051f8dc53a7904e833887b045be19354f70ae1ee2","LICENSE":"e65a07d64c485ec9ffc4f7af9bd03035e365d9cf6bd3f12151f94139ffa86421","manifest.json":"909e9ec620b946f1e5612e47f837ae4aa2701252bebf2f32d08af756a8514385","node_modules/zod/LICENSE":"3f1189b28e3866e0d979968d466b78f813f76827cfdca1fbb124cc0a5c8841f8","package-lock.json":"90e25862b9c85f01add8441dcfd1071b62d753ecdacb5bfeb1e830de52257c28","package.json":"d96d42f89bfa40bdb6ccf8f10adbec4cd59dff814e78d94bb136598b96631c66","scripts/browser-check.mjs":"ed17d67724ef0ea6af4142413b7b0130a6ee054d5653741ad6bd057b5c2443bb","scripts/browser-evidence-controls.mjs":"1355cbe8f4e12c0e8c76989abab0db6244436cbde77c893de833c329dd0fd38f","scripts/browser-evidence.mjs":"7c9a8c3c478f18535d42b49e48c815c59e82e8617de76560c473ee82a889586b","scripts/build.mjs":"d6ab129ec1f993805226a13a23bed6186c82c1047f4049fea2886a9207048c43","scripts/check.mjs":"d064d3b7b10d6186b0ecc7f3d9081d0c0936740c358ebc67ca98789be836ebc7","scripts/corpus-pack.mjs":"e5f4915f6bb14b3c6d437276091203557efff8df13caeee85970a45e38392cba","scripts/integrity.mjs":"a0049c52b21e0494a48e1b61012c1d8f3838e5fc939187e905f3a479d060d2f0","src/bot-worker.ts":"eba2ca17afbccf6bcf06c20eb8d2aa776a3157112c2ec3db922933a39c78d653","src/bots.ts":"450791148c7bb7c6c3d74dfa732917f51472c127abf2d32b9436376de3acc219","src/browser.ts":"dc29bcf9d10189bf92983344854970dcfb54b3366c25558d695d04e72e39dcdf","src/chinook-corpus.ts":"d38d8fc850c1d27d0e5d4b883bd87798278761a16ad5973dc78b3b3b867e08c8","src/chinook.ts":"97310193de9dda474899a027d3519bbd536db9ee2a6ca6530a7e218f7fe5f32a","src/core.ts":"516f8b970c8cd1298882b76b8e61552f74464ea4224207c304f436e2e3532c6b","src/draws.ts":"e256daaef8fb43b498e8adcb71a77451c55aa9b1c24fc0a44bc36ee613dda4d1","src/endgame.ts":"f9f6cea20233c09dbd4cc3cf1337300ecc0cd5b833674e94baa193d04db98821","src/international-corpus.ts":"356c00f5c25642a9393e73e16306f0e02bb31e10818e0cdcfd99e26534b84a8a","src/international-indexes.ts":"fb56f60992bbbb589bd4069d565672aba4f5a61227a5380a874e6001ee991625","src/international-search.ts":"67b4ba228bfbf4e122c65c3619a0d529be07a3e3423f1ad5c51227d5f99962ee","src/international-six-data.ts":"08566eb9e7c6d7b324ac3a26f72edf86f8b22634361ec052d099bdab88e851d6","src/international-six-indexes.ts":"641218fe08800d06c9ec0b592cbac46978cd0d64249cff4f32b32eff77797c99","src/international.ts":"832f0dc95b0d8ac14e61af29914796df3128856c1617dbd8c8c24d20319b21ce","src/moves.ts":"d4ea90d730fb1add4f3d8fb98401fb9030a3e1e5ab83eb209b4a7839bd0044e1","src/play.template.html":"2d0345f395daa04b5bbe7153b4045bd2b553d28f0deaeaa689ad4aedc559dcef","src/retrograde.ts":"62ac9082dd82914f4a39e29d448b2e2defb03d2292090a110d747545052eca03","src/schema.ts":"416cb6ea418a0c71eb31e4cf8452bb16fbf455d23bd338a0326a76c22e0670ee","src/types.ts":"079cd5dbb2e20329bf386c3f506c3009534d2afce98804a1a999a239fe1cb16a","THIRD-PARTY-LICENSES.txt":"872acef306116e979ae43e6f20df09f3b040019ebbbcb2070d229f0ab5fe52f6","tsconfig.json":"fcc94a699ca26c01b4f9c4422dd4e5ab6811420993f5af01d9c6659549cd257c"},"command":"node scripts/browser-check.mjs --capture","htmlPath":"/home/runner/work/partybox-game-cores/partybox-game-cores/jobs/G10-checkers/.work/play.html","htmlBytes":1390845993,"loadTimeoutMs":300000,"sourceSha256":"5ed2173b7264574565dd29ff14773236cac5a00833bf75df3de9e64a66451801","profiles":[{"name":"desktop","width":1920,"height":1080,"throttle":1,"loadMs":8409.680561,"checks":15,"frameResults":[{"variant":"american","frames":600,"meanFps":60.00279613029967,"p99Ms":16.80000000000291},{"variant":"international","frames":600,"meanFps":60.002400096003825,"p99Ms":16.80000000000291}],"pageErrorCount":0,"httpRequestCount":0,"pageErrors":[],"httpRequests":[],"video":{"file":"desktop.webm","bytes":1212861,"sha256":"b85231066504d9fa1f1a44886d7aec73b4c738a58d18c9e2e57ec1adcd32511a","probe":{"container":"matroska,webm","codec":"vp8","width":1920,"height":1080,"frameRate":"25/1","frames":250,"durationSeconds":10},"original":{"file":"desktop-original.webm","bytes":5432022,"sha256":"03e59380d1ea130607a94f5afabafbd3a20aa4dd4721473e8dced3836f3ad0a9","probe":{"container":"matroska,webm","codec":"vp8","width":1920,"height":1080,"frameRate":"25/1","frames":1254,"durationSeconds":50.16}},"sourceSeekSeconds":40.16,"command":["ffmpeg","-hide_banner","-loglevel","error","-ss","40.16","-i","/home/runner/work/partybox-game-cores/partybox-game-cores/jobs/G10-checkers/.work/media/desktop-original.webm","-t","10","-an","-c:v","libvpx","-deadline","realtime","-cpu-used","8","-threads","2","-b:v","900k","-y","/home/runner/work/partybox-game-cores/partybox-game-cores/jobs/G10-checkers/.work/media/desktop.webm"],"scope":"Last ten seconds of actual recorded International hot-seat legal moves; diagnostic recording, never frame acceptance."},"gameplay":{"variant":"international","startPly":0,"endPly":24,"elapsedMs":10847.837004}},{"name":"phone","width":390,"height":844,"throttle":4,"loadMs":37471.895198,"checks":15,"frameResults":[{"variant":"american","frames":600,"meanFps":59.90314858936074,"p99Ms":16.80000000000291},{"variant":"international","frames":600,"meanFps":60.002784129183595,"p99Ms":16.80000000000291}],"pageErrorCount":0,"httpRequestCount":0,"pageErrors":[],"httpRequests":[],"video":{"file":"phone.webm","bytes":534446,"sha256":"f3d63bba01b451e0eb6ad67c9a83f1684e41f64944a880592b69e4ae9af0b26d","probe":{"container":"matroska,webm","codec":"vp8","width":390,"height":844,"frameRate":"25/1","frames":250,"durationSeconds":10},"original":{"file":"phone-original.webm","bytes":2896196,"sha256":"d57d44317eb442f0c01a13478a99c0be744abce6ae5b61d3829cb963347942ab","probe":{"container":"matroska,webm","codec":"vp8","width":390,"height":844,"frameRate":"25/1","frames":2047,"durationSeconds":81.88}},"sourceSeekSeconds":71.88,"command":["ffmpeg","-hide_banner","-loglevel","error","-ss","71.88","-i","/home/runner/work/partybox-game-cores/partybox-game-cores/jobs/G10-checkers/.work/media/phone-original.webm","-t","10","-an","-c:v","libvpx","-deadline","realtime","-cpu-used","8","-threads","2","-b:v","400k","-y","/home/runner/work/partybox-game-cores/partybox-game-cores/jobs/G10-checkers/.work/media/phone.webm"],"scope":"Last ten seconds of actual recorded International hot-seat legal moves; diagnostic recording, never frame acceptance."},"gameplay":{"variant":"international","startPly":0,"endPly":22,"elapsedMs":10955.063427000016}}],"capture":true,"functionalOnly":false,"frameVariants":["american","international"],"sourceGuardsAfter":{"../../contract/constants.ts":"27cdd23112ea03f344457e6f6e6b5839ff536ebeadbba189751520353aa085ef","../../contract/contract.ts":"c0f999c153074769c99c67ab2a71ad66c879e45e834713f3367b2bde4a1873d5","../../contract/minigame-schema.ts":"2438655eeb8ca658543b475070e6fb3ccb3947f154f57caa3f619c87853c9bbb","../../contract/package.json":"ec1418bc79e3563ed63d2aebfbb0cb039529f6dc1ac0e8e6d61f790cb065f495","../../contract/player-count-schema.ts":"0748d9d9bcf795d0693c37a0f369b262fd8801dec9ab1e4a9a4f5ec23751a189","../../contract/rng.ts":"7cfcf3024723607e8dd1ce6ccc5683a48d71fcc617947304cc5b9f6d3d7842fe","data/chinook/DB6.bin":"baee42a2b49390edd96e5a751189366275619c941d79021f3ca45774c3e7071f","data/chinook/DB6.idx":"10cb5cfc2a8c67e18c322563c17ceef0adeac87786a16c767c4616e9a574f4fd","data/chinook/LICENSE.txt":"8ed5c1393322801ac395d3e6c9d8e8f4b18bcca9e41f7b8cdf312f33be242a2d","data/chinook/manifest.json":"90f1970372040946f299660c33ded627fe574c7fa2d52be168e7b16c391d55d0","data/endgames.json":"edb5d87a27caa83945e2a5587418fa6f246fb30dd3823652871a598272e0075d","data/international/BOOST-LICENSE.txt":"c9bff75738922193e67fa726fa225535870d2aa1059f91452c411736284ad566","data/international/db2.bin":"305a1e7eabb4bab13577774009592e1614ddf8a4efe334d6fe3cb8221000b4ed","data/international/db2.idx":"9622e861c67ea250396b384bb95fec00fd541964c3109bdc1b27ae7aae1f73f2","data/international/db3.bin":"9dd9170657b11b5e18e0a2d54b6475d9cfd2cf821c6f9e4e9ba78bdf130e10aa","data/international/db3.idx":"84862531a87da451037c3c1087b5c082c293ff508ffb447adbc8b7e020fa7aaa","data/international/db4.bin":"14e5a8fa159c33a2d7ca01538ca4cd088222c2f204a6b6ef174ffcebd28c72aa","data/international/db4.idx":"4514098c3a0fe91fb98ea1950eb53558f94017ed4c6553d10f117c94348e393e","data/international/db5.bin":"b3e65f71d2c801a68fe8928f62e32c40266f7d8ae4e5ab99b643805b1ace2e02","data/international/db5.idx":"4a94297121f50feca73beaea7ab10622942194d2b5c098d1c30c5cbe5b78715a","data/international/LICENSE.md":"34055034c8caa4d7637c91adc11f28229cea6a097c9b9d2610318cb66e1ef6cc","data/international/manifest.json":"6cc33b38df4f1f2b1ea79fa7fcbe11972976986828e7adee28934b4ad3921a04","data/international/six/db6-0303.000.chunk":"75d63f54a4aefbb6a29871ac2c96fe8064239630c141c79298c99ede5af7bfae","data/international/six/db6-0303.idx":"9f6e7dddd055eb1234cc79750e749c9b2ef49bdf410d7761a0a27f76dc606b04","data/international/six/db6-0312.000.chunk":"a65ac7e0daf00efcb905cec95900ce8fe7c7afda3d242a693a229b2584fcdd89","data/international/six/db6-0312.idx":"9df486596addc03a3454c242a25198c35f0a371dbd0055ca1ad777bff28bc43a","data/international/six/db6-0321.000.chunk":"4f4af0182c39c3646128b9e17d2b283196e8cb4441452b4a01e9c2532e4b6b53","data/international/six/db6-0321.001.chunk":"b8d62083255a57d82395b04eddf6cf735700f3ead646b526fc9882bace3a0e40","data/international/six/db6-0321.idx":"af4c2df56553f4386223b11ad75e7ad4f5c26625be854d52b1e6f8760d8c3bee","data/international/six/db6-0330.000.chunk":"de1dfc76776fe69bf25a7e64b4f1800c17b196f7e9cf2258cb792f51d17fd5c1","data/international/six/db6-0330.idx":"ce6bba6b659d289f3823a0221a5927fe0cbdf313af052cadfbfe0259791590ca","data/international/six/db6-0402.000.chunk":"9508c060e20d0f01da854b4cd4e018f634241b5abb90e73ece71bd4ca69c2517","data/international/six/db6-0402.idx":"096c6e3b12ecf960f7012878baec51d00f1cafda9880d2b29128b21cb3821485","data/international/six/db6-0411.000.chunk":"d3a9300cbe73b288d4d897d20434b6f4373166f58cc69328043a835efbf03247","data/international/six/db6-0411.idx":"1c92044e7b38d59c1485a0b064ed22e5b685346a0d62ac8fce74c3d6d5130cf0","data/international/six/db6-0420.000.chunk":"26162642d1c3439d6e3abcef8c1a210857b371607d82a1714cb99a47ad803a6e","data/international/six/db6-0420.idx":"4d47ac027225d63cf773a0f5fe9258c5e5f3b3670b04de677bc0a10399e3a56d","data/international/six/db6-0501.000.chunk":"82881a78d8a5052037911bc0e1d33231fd1dce64f283fd5f53bb297c26e60221","data/international/six/db6-0501.idx":"d29f8d532adce5f2ba9befd66ae47413b3e91e0666b891c1f08b8b0c7eb4ea10","data/international/six/db6-0510.000.chunk":"28f286c57a29bac59c095d9efdbd2cd87ee648416a0d4e85099bd8c192bc8383","data/international/six/db6-0510.idx":"356a04a2d92ce1c614671b5e246d4c74215c55728480d79d24065252b1e3689a","data/international/six/db6-1212.000.chunk":"5f8cc263773a36546efb0af5e5f6e4bdb4bbd497a50bf00e477aec30e478923f","data/international/six/db6-1212.001.chunk":"578a53681f654ca3463c205428c02a2812751af0fc83aabb26912573bfeabf79","data/international/six/db6-1212.idx":"62c58abb6f24f8280d0f2b0d99cf2e78c85e4a8b8a37da142fdafce33911db7a","data/international/six/db6-1221.000.chunk":"acc65c6b904a669302b3f1dacf917f44852baa3febb2d33379ecdb9153dfd898","data/international/six/db6-1221.001.chunk":"44b31af46ccd5df50c10eea39107f33244be8d98ea39300c2ef739173573f775","data/international/six/db6-1221.002.chunk":"471ec101d7053b0029059f4ce617ffb88512a7d08d86f2be7e170abc29e8c2e9","data/international/six/db6-1221.003.chunk":"67460687baa048e40deaf19e4168f3fd644a9ffaad0475a02a7c65462a249738","data/international/six/db6-1221.idx":"893f2a20b42eb9b6a437b2a4c79635190b1b7d8303d67c2c6048ad762b654072","data/international/six/db6-1230.000.chunk":"45e595ea9c3279d783cf4632762912554f98103bb24fd3712ea5cd371ae077c6","data/international/six/db6-1230.001.chunk":"86282c8af312b2ee4e8a8c36a228ccd72b5a81ae7bd9e03ed86e63c92ba386cb","data/international/six/db6-1230.idx":"56f9a806af26475371ea04d7230e2316e6ce8206ea14fe28628b646ac5415d37","data/international/six/db6-1302.000.chunk":"a0bde8399fecc594fe8ad84b953018c2fd3796805de67f5361982b244027413f","data/international/six/db6-1302.001.chunk":"7398a50ae97329727420dca59b959f28ed295dbdd59e6dd54fb54d88554decfa","data/international/six/db6-1302.idx":"fc695c254e053157a79dfd22c287fcde716e887ba4a0e5765cc27be221efd7ab","data/international/six/db6-1311.000.chunk":"eac5625451bccbdee80bb5d98c1ae8b7d9dc7bcd218240d543e04ec76d692a36","data/international/six/db6-1311.001.chunk":"cc9e1d6f56f80b7f6fe73d30a878bd2c7e9be3cea795d0c64e2847976e57d88b","data/international/six/db6-1311.002.chunk":"33eb6b6262f6d2b248c2772ab41277231e227a0024007db766ae48edc31e7c6a","data/international/six/db6-1311.003.chunk":"d59c08b053c2d047da4cb9f793c9bcb905c689b0ada2108569428639f20eb107","data/international/six/db6-1311.idx":"824155526e1423c28dfc5a9e6ce803006fcdaabe5c5dcb72f52e4e0b29eb634a","data/international/six/db6-1320.000.chunk":"d37c461f883e519b95482bf38863e22c5cf71e3d4d26da2758aa06d8c5a69c1d","data/international/six/db6-1320.idx":"d9787b34307105c715e7b1f7cd463398386f5bdfa4d863fdee92af34b1dbf334","data/international/six/db6-1401.000.chunk":"45bb9b0339452bab7a464741003a168e43178944b286320b1eb70eb15458d17e","data/international/six/db6-1401.idx":"36c748d544a0d108e25f26a748f107ced6045229854dc0ec5cbabf39dccfd078","data/international/six/db6-1410.000.chunk":"6f3110cbbe9f88c12a01a7779b2034df76cc065e7767d153f17fd9d90efead51","data/international/six/db6-1410.idx":"f7a26d77bd12fb29b4d8492481e56c5c692a2c280062cc9518728882acd65890","data/international/six/db6-2121.000.chunk":"2b0d462e7d6f4e9188dec28fac5b91df1d93b655bd6f381e01dc7f82426dc742","data/international/six/db6-2121.001.chunk":"dd308ec8c23cb58e50f3be495b79934782cc3624036f88272a8526c87e6cd1f9","data/international/six/db6-2121.idx":"f3c643c2ac5d25da70b71339bc23d9c452e00244bd29562fd424b6a84ca3ad40","data/international/six/db6-2130.000.chunk":"320904de62832a1c6c9054c7650c61f10dd181da2e9b1b04aa86d2977656fde7","data/international/six/db6-2130.001.chunk":"a96061fbe9ec9d57d2edd5773fbd89145aafc7e5a5845c81bc58c5ecab63d2d6","data/international/six/db6-2130.idx":"9d6ed91ef56e08a1b98ee184839d9a880198c141aba47005a13587c572342a50","data/international/six/db6-2202.000.chunk":"43057f23a613a28f06bc9cd465b7ed44cf887dfe50e7001b7d1ef473cdbfd4b2","data/international/six/db6-2202.001.chunk":"585615fed0ec078a94e0ac32e3d52ac4d16b3eb7375663ff30d45e1293b3d44a","data/international/six/db6-2202.idx":"bae2e2b0a9709d4b46e397efdcdf322b2d461c492f221eb11f0638b2eb5951ec","data/international/six/db6-2211.000.chunk":"11dd5e990995f60597ec46e5f37a79429b072d11cf7353322dd95f7058c6d1ed","data/international/six/db6-2211.001.chunk":"8142e6725e68cefe12a42a8a8530a52182e9f44a2b85cb5ded48e445bc85bd7f","data/international/six/db6-2211.002.chunk":"c4d38e79e79b87802b26eded2a7c364946fea4d95450d35f10d7dcce343a8c69","data/international/six/db6-2211.003.chunk":"20b4af2d5329d20ebb3075c8cb31878935c15512cc2808546418879729f79402","data/international/six/db6-2211.004.chunk":"a4367099cfdacac510225de250b300e8fed1ba70d4438e14b311b7c796501089","data/international/six/db6-2211.005.chunk":"19b3a66dbf1497e2e455732a0f7ffb927c9e577f56c75419716439f524e9d514","data/international/six/db6-2211.006.chunk":"8bd6bc5bd76720a95a312bd8c6bae30701a6e99be19886e16126ca6abc3b2a7e","data/international/six/db6-2211.idx":"a525a93cfb7ccef53dce68366382a0c8764af216568b02b045edd8bd1230012a","data/international/six/db6-2220.000.chunk":"e1af2d5283389f43c81708a249e3c0b9968ed4aa322ac0bca48ca1ccc5d4dd7c","data/international/six/db6-2220.idx":"e3f4b23066c9f91d4a0f43984cbea7c01817d6a0e25c3705c7fb8327eb8a31a6","data/international/six/db6-2301.000.chunk":"0b6489a374a7680cb6697f2e78d0261558c15e5f6c629279b84f760cc5e2d4e4","data/international/six/db6-2301.idx":"fdcbc2bd251bf3b73822bd0e2b92cb8791deaa009bd2ab8730a25e3395ce7726","data/international/six/db6-2310.000.chunk":"13ae77b5d13ad94678dab0cfb4ca74f4db89190371eacc10bd92cadf10eb350f","data/international/six/db6-2310.idx":"1f8ece0f98423c4b9213ab41a2eec40fe32679fe71268bce240714d1b7896cda","data/international/six/db6-3030.000.chunk":"cecd125dd3e9f0e1fa8f42abd0d51c9b3f679839db56a60b50b380e764302569","data/international/six/db6-3030.idx":"c41521d134874aaa3151b4595373caf3a91afc0aea9e249c0d722612c0370a82","data/international/six/db6-3102.000.chunk":"c90c2e7384f00811e0445f566d7aa7243e861b65c71791df05f3679c1e6080c1","data/international/six/db6-3102.idx":"f0161e4b20319d077c04ae0e4607ac81a7b50315ea72ff456494b00072dac06d","data/international/six/db6-3111.000.chunk":"e62bab91ea59dbef862261975d320585d13f83fbaf709c7d686e0a085b594576","data/international/six/db6-3111.001.chunk":"49c653dccca0ad25d6c3e858f8dd55e540dfb48d6cee1dba749214d8d12b129b","data/international/six/db6-3111.002.chunk":"f3e3f75261fe41cc65d1ee5c3e4c391c5945e96c7635c091e384ed10d253043c","data/international/six/db6-3111.003.chunk":"5c6f451ee293fea2955580ac6717a2aeb991c58693c1f9a0aa5f7107c506d075","data/international/six/db6-3111.004.chunk":"53e58423b9d85e32bbb2eb3552df28124d5172ca983c214738558e7cf543234d","data/international/six/db6-3111.005.chunk":"6fa72cec7f0dcd4a79458b766c04f2fbbc3eeb1804f8ab8f1a3d546c1d0c04df","data/international/six/db6-3111.idx":"552cea6807e5de8bdaaa7430e48429d2876663c1c13bf8a80438ec3fc11222db","data/international/six/db6-3120.000.chunk":"4849d82cf6c7978ef034fc98ef90951d041b740fd79510c67f902a447061a5d2","data/international/six/db6-3120.idx":"b5243e519c0a2fb6f513062094758a95306e9144a48c7a555a79ed1887780c86","data/international/six/db6-3201.000.chunk":"8d899206c06202a55395530df8eab92bbd29b879e1310c0b704bdd26d1131772","data/international/six/db6-3201.idx":"f9b27e6e4cee762ed97a568b8f32673b1bfe5c22a64d0c5b47b7a18f39749958","data/international/six/db6-3210.000.chunk":"f829ad406b3b2b1f45e1ac30bc0e43440ce2b808025c27d3bfff2f704edeffb4","data/international/six/db6-3210.idx":"ab335ebeed4f38b97ad72512c77a84aa1a7a5b5d63f00278d205e9386b07c3be","data/international/six/db6-4002.000.chunk":"1f810fcb514771696b8b44d264a552607de2068b0595e165ee1b337f691d2530","data/international/six/db6-4002.idx":"7813f455b5b0225444c95e3424c3f30414373dae0cc6065d9b3e7bd07c304c67","data/international/six/db6-4011.000.chunk":"4e9176f2619ef1c62e5cbc5cb1e3ca7a0c45035148e4fb526eefc1266e1e7e38","data/international/six/db6-4011.idx":"84ad8d66b8560bdcf7a999b867381f36d93ee7724cf89d5abda8020ff9658e2d","data/international/six/db6-4020.000.chunk":"c1b0099c29929bd38f39e02b805bfa395e8b058bc73b3710bf6112efc2a56413","data/international/six/db6-4020.idx":"ed46094e80d77e4f27bdae4fe5678903eac0d72ff11bfbf0addf2d84205b7acd","data/international/six/db6-4101.000.chunk":"84e48039e29063ac53bb53f825c070190c6d424d91e41b3c6b8a5712d99dc07a","data/international/six/db6-4101.idx":"5b89058e3c8e2d225b5f80560b27f8001e42d648b410a616165747f2dc2f2a1b","data/international/six/db6-4110.000.chunk":"271c7e822c1a87b1a01c50a0705040d4e22f6f1a6850ba2baf547b09019a9e9c","data/international/six/db6-4110.idx":"99d0d61cfa656d9c84500f41892c66fbe9d24ebd96b873e63d8b3a3315a0fa78","data/international/six/db6-5001.000.chunk":"abb0af9db0c77accee65b836150e0eeed6c24d79d1c552ff21c9f1825e3846cf","data/international/six/db6-5001.idx":"3316a344e28cc3115daf8ed5d0dbf7f66dc57cafc39262172026d7efea6aab76","data/international/six/db6-5010.000.chunk":"b842fd58f936f742947a84e4587ba88fbc656ffa85371e2e75f57b79af612c5b","data/international/six/db6-5010.idx":"bd8c7a7853c0528d92799fbad5a1344a1ae4e7478598c9c82171afccef8cee41","data/international/six/manifest.json":"6532df5af4306b1b6b16723155b756faacef549bcc8292ccbf0e7663a707a28c","data/international/tunstall-v2.bin":"92fa921a410c270c3126811dc2d8af22e1691aedaaf0d020ee01adbe572d26a9","dist/corpus-pack.json":"6d570320bbb75d898f29cf6fe6c93faef556899cfa0be0a6a33e8cdd862b4cb9","dist/worker-american.mjs":"950c58445422dbd59898195a526ad4fc113d832dac49381fe49f2ea624b91175","dist/worker-international.mjs":"31d06dd836dd1567391b3c5051f8dc53a7904e833887b045be19354f70ae1ee2","LICENSE":"e65a07d64c485ec9ffc4f7af9bd03035e365d9cf6bd3f12151f94139ffa86421","manifest.json":"909e9ec620b946f1e5612e47f837ae4aa2701252bebf2f32d08af756a8514385","node_modules/zod/LICENSE":"3f1189b28e3866e0d979968d466b78f813f76827cfdca1fbb124cc0a5c8841f8","package-lock.json":"90e25862b9c85f01add8441dcfd1071b62d753ecdacb5bfeb1e830de52257c28","package.json":"d96d42f89bfa40bdb6ccf8f10adbec4cd59dff814e78d94bb136598b96631c66","scripts/browser-check.mjs":"ed17d67724ef0ea6af4142413b7b0130a6ee054d5653741ad6bd057b5c2443bb","scripts/browser-evidence-controls.mjs":"1355cbe8f4e12c0e8c76989abab0db6244436cbde77c893de833c329dd0fd38f","scripts/browser-evidence.mjs":"7c9a8c3c478f18535d42b49e48c815c59e82e8617de76560c473ee82a889586b","scripts/build.mjs":"d6ab129ec1f993805226a13a23bed6186c82c1047f4049fea2886a9207048c43","scripts/check.mjs":"d064d3b7b10d6186b0ecc7f3d9081d0c0936740c358ebc67ca98789be836ebc7","scripts/corpus-pack.mjs":"e5f4915f6bb14b3c6d437276091203557efff8df13caeee85970a45e38392cba","scripts/integrity.mjs":"a0049c52b21e0494a48e1b61012c1d8f3838e5fc939187e905f3a479d060d2f0","src/bot-worker.ts":"eba2ca17afbccf6bcf06c20eb8d2aa776a3157112c2ec3db922933a39c78d653","src/bots.ts":"450791148c7bb7c6c3d74dfa732917f51472c127abf2d32b9436376de3acc219","src/browser.ts":"dc29bcf9d10189bf92983344854970dcfb54b3366c25558d695d04e72e39dcdf","src/chinook-corpus.ts":"d38d8fc850c1d27d0e5d4b883bd87798278761a16ad5973dc78b3b3b867e08c8","src/chinook.ts":"97310193de9dda474899a027d3519bbd536db9ee2a6ca6530a7e218f7fe5f32a","src/core.ts":"516f8b970c8cd1298882b76b8e61552f74464ea4224207c304f436e2e3532c6b","src/draws.ts":"e256daaef8fb43b498e8adcb71a77451c55aa9b1c24fc0a44bc36ee613dda4d1","src/endgame.ts":"f9f6cea20233c09dbd4cc3cf1337300ecc0cd5b833674e94baa193d04db98821","src/international-corpus.ts":"356c00f5c25642a9393e73e16306f0e02bb31e10818e0cdcfd99e26534b84a8a","src/international-indexes.ts":"fb56f60992bbbb589bd4069d565672aba4f5a61227a5380a874e6001ee991625","src/international-search.ts":"67b4ba228bfbf4e122c65c3619a0d529be07a3e3423f1ad5c51227d5f99962ee","src/international-six-data.ts":"08566eb9e7c6d7b324ac3a26f72edf86f8b22634361ec052d099bdab88e851d6","src/international-six-indexes.ts":"641218fe08800d06c9ec0b592cbac46978cd0d64249cff4f32b32eff77797c99","src/international.ts":"832f0dc95b0d8ac14e61af29914796df3128856c1617dbd8c8c24d20319b21ce","src/moves.ts":"d4ea90d730fb1add4f3d8fb98401fb9030a3e1e5ab83eb209b4a7839bd0044e1","src/play.template.html":"2d0345f395daa04b5bbe7153b4045bd2b553d28f0deaeaa689ad4aedc559dcef","src/retrograde.ts":"62ac9082dd82914f4a39e29d448b2e2defb03d2292090a110d747545052eca03","src/schema.ts":"416cb6ea418a0c71eb31e4cf8452bb16fbf455d23bd338a0326a76c22e0670ee","src/types.ts":"079cd5dbb2e20329bf386c3f506c3009534d2afce98804a1a999a239fe1cb16a","THIRD-PARTY-LICENSES.txt":"872acef306116e979ae43e6f20df09f3b040019ebbbcb2070d229f0ab5fe52f6","tsconfig.json":"fcc94a699ca26c01b4f9c4422dd4e5ab6811420993f5af01d9c6659549cd257c"},"sourceSha256After":"5ed2173b7264574565dd29ff14773236cac5a00833bf75df3de9e64a66451801","htmlBytesAfter":1390845993,"checks":[{"profile":"desktop","name":"disk load, no external assets and reduced motion","pass":true},{"profile":"desktop","name":"American standard board and complete hot-seat turn","pass":true},{"profile":"desktop","name":"multi-jump draft leaves the actual position unchanged","pass":true},{"profile":"desktop","name":"American crown ends the capture turn","pass":true},{"profile":"desktop","name":"International full maximum capture and promotion","pass":true},{"profile":"desktop","name":"International crown transit stays a man","pass":true},{"profile":"desktop","name":"pause/resume and optional exact deadline forfeit","pass":true},{"profile":"desktop","name":"winner/results and explicit next table","pass":true},{"profile":"desktop","name":"manual Strong move uses local full-corpus worker and preserves legal core choice","pass":true},{"profile":"desktop","name":"International actual2–5 corpus worker prepares offline and preserves pending input","pass":true},{"profile":"desktop","name":"International actual six-piece Strong worker reads original local blocks","pass":true},{"profile":"desktop","name":"consecutive bot turns reuse the prepared worker and pause cancels it","pass":true},{"profile":"desktop","name":"pause cancels worker before it can apply an old move","pass":true},{"profile":"desktop","name":"names remain text and hostile original IDs have finite public results","pass":true},{"profile":"desktop","name":"viewport fits both boards and all controls","pass":true},{"profile":"phone","name":"disk load, no external assets and reduced motion","pass":true},{"profile":"phone","name":"American standard board and complete hot-seat turn","pass":true},{"profile":"phone","name":"multi-jump draft leaves the actual position unchanged","pass":true},{"profile":"phone","name":"American crown ends the capture turn","pass":true},{"profile":"phone","name":"International full maximum capture and promotion","pass":true},{"profile":"phone","name":"International crown transit stays a man","pass":true},{"profile":"phone","name":"pause/resume and optional exact deadline forfeit","pass":true},{"profile":"phone","name":"winner/results and explicit next table","pass":true},{"profile":"phone","name":"manual Strong move uses local full-corpus worker and preserves legal core choice","pass":true},{"profile":"phone","name":"International actual2–5 corpus worker prepares offline and preserves pending input","pass":true},{"profile":"phone","name":"International actual six-piece Strong worker reads original local blocks","pass":true},{"profile":"phone","name":"consecutive bot turns reuse the prepared worker and pause cancels it","pass":true},{"profile":"phone","name":"pause cancels worker before it can apply an old move","pass":true},{"profile":"phone","name":"names remain text and hostile original IDs have finite public results","pass":true},{"profile":"phone","name":"viewport fits both boards and all controls","pass":true}],"totalChecks":30}
2026-10-08T22:19:14.4567932Z {"status":"PASS","stage":"browser","sourceCommit":"fa0b337e1178177ff5b871acae697897c687ee11","elapsedSeconds":303.54258543800006}
2026-10-08T22:19:14.4703616Z ##[group]Run actions/upload-artifact@v4
2026-10-08T22:19:14.4703933Z with:
2026-10-08T22:19:14.4704267Z   name: G10-stage-browser-fa0b337e1178177ff5b871acae697897c687ee11
2026-10-08T22:19:14.4705000Z   path: jobs/G10-checkers/.work-stage-browser.stdout
jobs/G10-checkers/.work/checks
jobs/G10-checkers/.work/browser
jobs/G10-checkers/.work/media

2026-10-08T22:19:14.4705660Z   if-no-files-found: error
2026-10-08T22:19:14.4705909Z   include-hidden-files: true
2026-10-08T22:19:14.4706157Z   retention-days: 7
2026-10-08T22:19:14.4706370Z   compression-level: 6
2026-10-08T22:19:14.4706588Z   overwrite: false
2026-10-08T22:19:14.4706783Z env:
2026-10-08T22:19:14.4707039Z   G10_SOURCE_COMMIT: fa0b337e1178177ff5b871acae697897c687ee11
2026-10-08T22:19:14.4707363Z ##[endgroup]
2026-10-08T22:19:14.6375688Z (node:4951) [DEP0040] DeprecationWarning: The `punycode` module is deprecated. Please use a userland alternative instead.
2026-10-08T22:19:14.6376624Z (Use `node --trace-deprecation ...` to show where the warning was created)
2026-10-08T22:19:14.6482010Z Multiple search paths detected. Calculating the least common ancestor of all paths
2026-10-08T22:19:14.6485930Z The least common ancestor is /home/runner/work/partybox-game-cores/partybox-game-cores/jobs/G10-checkers. This will be the root directory of the artifact
2026-10-08T22:19:14.6487457Z With the provided path, there will be 18 files uploaded
2026-10-08T22:19:14.6492273Z Artifact name is valid!
2026-10-08T22:19:14.6493237Z Root directory input is valid!
2026-10-08T22:19:14.8659815Z Beginning upload of artifact content to blob storage
2026-10-08T22:19:15.2165894Z (node:4951) [DEP0169] DeprecationWarning: `url.parse()` behavior is not standardized and prone to errors that have security implications. Use the WHATWG URL API instead. CVEs are not issued for `url.parse()` vulnerabilities.
2026-10-08T22:19:15.4492714Z Uploaded bytes 8388608
2026-10-08T22:19:15.4783476Z Uploaded bytes 8712249
2026-10-08T22:19:15.4978296Z Finished uploading artifact content to blob storage!
2026-10-08T22:19:15.4979726Z SHA256 digest of uploaded artifact zip is a809a6e653fe7e6c7fe1e3d5e5dae1240c79b56628e0519b1de2fb76af619e64
2026-10-08T22:19:15.4981755Z Finalizing artifact upload
2026-10-08T22:19:15.7191422Z Artifact G10-stage-browser-fa0b337e1178177ff5b871acae697897c687ee11.zip successfully finalized. Artifact ID 11583051598
2026-10-08T22:19:15.7193506Z Artifact G10-stage-browser-fa0b337e1178177ff5b871acae697897c687ee11 has been successfully uploaded! Final size is 8712249 bytes. Artifact ID is 11583051598
2026-10-08T22:19:15.7198371Z Artifact download URL: https://github.com/luisitin/partybox-game-cores/actions/runs/37852024033/artifacts/11583051598
2026-10-08T22:19:15.7364761Z Post job cleanup.
2026-10-08T22:19:15.8573966Z (node:4964) [DEP0040] DeprecationWarning: The `punycode` module is deprecated. Please use a userland alternative instead.
2026-10-08T22:19:15.8575026Z (Use `node --trace-deprecation ...` to show where the warning was created)
2026-10-08T22:19:15.8577516Z Cache hit occurred on the primary key node-cache-Linux-x64-npm-b79e3f2344d4218dbbb2f93f566da8e1ac49738aa1184813b150890d461d0c8a, not saving cache.
2026-10-08T22:19:15.8710806Z Post job cleanup.
2026-10-08T22:19:15.9564766Z [command]/usr/bin/git version
2026-10-08T22:19:15.9606747Z git version 2.55.0
2026-10-08T22:19:15.9677632Z Temporarily overriding HOME='/home/runner/work/_temp/45503349-a2c6-4eed-b41a-d4c1edfb2738' before making global git config changes
2026-10-08T22:19:15.9679296Z Adding repository directory to the temporary git global config as a safe directory
2026-10-08T22:19:15.9684364Z [command]/usr/bin/git config --global --add safe.directory /home/runner/work/partybox-game-cores/partybox-game-cores
2026-10-08T22:19:15.9723206Z [command]/usr/bin/git config --local --name-only --get-regexp core\.sshCommand
2026-10-08T22:19:15.9760032Z [command]/usr/bin/git submodule foreach --recursive sh -c "git config --local --name-only --get-regexp 'core\.sshCommand' && git config --local --unset-all 'core.sshCommand' || :"
2026-10-08T22:19:16.0025750Z [command]/usr/bin/git config --local --name-only --get-regexp http\.https\:\/\/github\.com\/\.extraheader
2026-10-08T22:19:16.0056610Z http.https://github.com/.extraheader
2026-10-08T22:19:16.0069115Z [command]/usr/bin/git config --local --unset-all http.https://github.com/.extraheader
2026-10-08T22:19:16.0106413Z [command]/usr/bin/git submodule foreach --recursive sh -c "git config --local --name-only --get-regexp 'http\.https\:\/\/github\.com\/\.extraheader' && git config --local --unset-all 'http.https://github.com/.extraheader' || :"
2026-10-08T22:19:16.0377731Z [command]/usr/bin/git config --local --name-only --get-regexp ^includeIf\.gitdir:
2026-10-08T22:19:16.0432088Z [command]/usr/bin/git submodule foreach --recursive git config --local --show-origin --name-only --get-regexp remote.origin.url
2026-10-08T22:19:16.0926189Z Cleaning up orphan processes
2026-10-08T22:19:16.1290315Z ##[warning]Node.js 20 is deprecated. The following actions target Node.js 20 but are being forced to run on Node.js 24: actions/checkout@v4, actions/setup-node@v4, actions/upload-artifact@v4. For more information see: https://github.blog/changelog/2025-09-19-deprecation-of-node-20-on-github-actions-runners/

