2026-10-08T22:25:24.0323234Z Current runner version: '2.337.0'
2026-10-08T22:25:24.0344684Z ##[group]Runner Image Provisioner
2026-10-08T22:25:24.0345704Z Hosted Compute Agent
2026-10-08T22:25:24.0346228Z Version: 20261002.596
2026-10-08T22:25:24.0346802Z Commit: c3d12f3313a95f25162a1503be624f3b0617f8c0
2026-10-08T22:25:24.0347406Z Build Date: 2026-10-02T22:28:27Z
2026-10-08T22:25:24.0347990Z Worker ID: {d06d3be6-1be5-4f7a-8949-54b6d9867b98}
2026-10-08T22:25:24.0348631Z Region: eastus
2026-10-08T22:25:24.0349084Z Cloud: Azure
2026-10-08T22:25:24.0349582Z ##[endgroup]
2026-10-08T22:25:24.0350695Z ##[group]Operating System
2026-10-08T22:25:24.0351227Z Ubuntu
2026-10-08T22:25:24.0351716Z 24.04.5
2026-10-08T22:25:24.0352141Z LTS
2026-10-08T22:25:24.0352621Z ##[endgroup]
2026-10-08T22:25:24.0353087Z ##[group]Runner Image
2026-10-08T22:25:24.0353608Z Image: ubuntu-24.04
2026-10-08T22:25:24.0354126Z Version: 20261004.327.1
2026-10-08T22:25:24.0355456Z Included Software: https://github.com/actions/runner-images/blob/ubuntu24/20261004.327/images/ubuntu/Ubuntu2404-Readme.md
2026-10-08T22:25:24.0356760Z Image Release: https://github.com/actions/runner-images/releases/tag/ubuntu24%2F20261004.327
2026-10-08T22:25:24.0357572Z ##[endgroup]
2026-10-08T22:25:24.0358513Z ##[group]GITHUB_TOKEN Permissions
2026-10-08T22:25:24.0360223Z Contents: read
2026-10-08T22:25:24.0360816Z Metadata: read
2026-10-08T22:25:24.0361292Z ##[endgroup]
2026-10-08T22:25:24.0363014Z Secret source: Actions
2026-10-08T22:25:24.0363903Z Cache mode: write
2026-10-08T22:25:24.0364811Z Prepare workflow directory
2026-10-08T22:25:24.0788791Z Prepare all required actions
2026-10-08T22:25:24.0829151Z Getting action download info
2026-10-08T22:25:24.2710733Z Download action repository 'actions/checkout@v4' (SHA:11d5960a326750d5838078e36cf38b85af677262)
2026-10-08T22:25:24.3862157Z Download action repository 'actions/setup-node@v4' (SHA:49933ea5288caeca8642d1e84afbd3f7d6820020)
2026-10-08T22:25:24.5063968Z Download action repository 'actions/download-artifact@v4' (SHA:d3f86a106a0bac45b974a628896c90dbdf5c8093)
2026-10-08T22:25:24.7062207Z Download action repository 'actions/upload-artifact@v4' (SHA:ea165f8d65b6e75b540449e92b4886f43607fa02)
2026-10-08T22:25:24.9715486Z Complete job name: delivery
2026-10-08T22:25:25.0503124Z ##[group]Run actions/checkout@v4
2026-10-08T22:25:25.0504213Z with:
2026-10-08T22:25:25.0505233Z   ref: fa0b337e1178177ff5b871acae697897c687ee11
2026-10-08T22:25:25.0506195Z   repository: luisitin/partybox-game-cores
2026-10-08T22:25:25.0512419Z   token: ***
2026-10-08T22:25:25.0513134Z   ssh-strict: true
2026-10-08T22:25:25.0513845Z   ssh-user: git
2026-10-08T22:25:25.0514645Z   persist-credentials: true
2026-10-08T22:25:25.0515411Z   clean: true
2026-10-08T22:25:25.0516120Z   sparse-checkout-cone-mode: true
2026-10-08T22:25:25.0516926Z   fetch-depth: 1
2026-10-08T22:25:25.0517622Z   fetch-tags: false
2026-10-08T22:25:25.0518324Z   show-progress: true
2026-10-08T22:25:25.0519041Z   lfs: false
2026-10-08T22:25:25.0519730Z   submodules: false
2026-10-08T22:25:25.0520456Z   set-safe-directory: true
2026-10-08T22:25:25.0521275Z   allow-unsafe-pr-checkout: false
2026-10-08T22:25:25.0522321Z env:
2026-10-08T22:25:25.0523167Z   G10_SOURCE_COMMIT: fa0b337e1178177ff5b871acae697897c687ee11
2026-10-08T22:25:25.0524104Z ##[endgroup]
2026-10-08T22:25:25.1418935Z Syncing repository: luisitin/partybox-game-cores
2026-10-08T22:25:25.1422049Z ##[group]Getting Git version info
2026-10-08T22:25:25.1423804Z Working directory is '/home/runner/work/partybox-game-cores/partybox-game-cores'
2026-10-08T22:25:25.1426559Z [command]/usr/bin/git version
2026-10-08T22:25:25.1649189Z git version 2.55.0
2026-10-08T22:25:25.1670976Z ##[endgroup]
2026-10-08T22:25:25.1681105Z Temporarily overriding HOME='/home/runner/work/_temp/cf41e1a3-9878-477f-814a-a87eb67e27a0' before making global git config changes
2026-10-08T22:25:25.1683874Z Adding repository directory to the temporary git global config as a safe directory
2026-10-08T22:25:25.1686945Z [command]/usr/bin/git config --global --add safe.directory /home/runner/work/partybox-game-cores/partybox-game-cores
2026-10-08T22:25:25.1738506Z Deleting the contents of '/home/runner/work/partybox-game-cores/partybox-game-cores'
2026-10-08T22:25:25.1746513Z ##[group]Initializing the repository
2026-10-08T22:25:25.1752523Z [command]/usr/bin/git init /home/runner/work/partybox-game-cores/partybox-game-cores
2026-10-08T22:25:25.1832382Z hint: Using 'master' as the name for the initial branch. This default branch name
2026-10-08T22:25:25.1835175Z hint: will change to "main" in Git 3.0. To configure the initial branch name
2026-10-08T22:25:25.1837333Z hint: to use in all of your new repositories, which will suppress this warning,
2026-10-08T22:25:25.1839061Z hint: call:
2026-10-08T22:25:25.1840101Z hint:
2026-10-08T22:25:25.1841373Z hint: 	git config --global init.defaultBranch <name>
2026-10-08T22:25:25.1842806Z hint:
2026-10-08T22:25:25.1844239Z hint: Names commonly chosen instead of 'master' are 'main', 'trunk' and
2026-10-08T22:25:25.1846504Z hint: 'development'. The just-created branch can be renamed via this command:
2026-10-08T22:25:25.1848294Z hint:
2026-10-08T22:25:25.1849362Z hint: 	git branch -m <name>
2026-10-08T22:25:25.1850529Z hint:
2026-10-08T22:25:25.1852099Z hint: Disable this message with "git config set advice.defaultBranchName false"
2026-10-08T22:25:25.1858898Z Initialized empty Git repository in /home/runner/work/partybox-game-cores/partybox-game-cores/.git/
2026-10-08T22:25:25.1866018Z [command]/usr/bin/git remote add origin https://github.com/luisitin/partybox-game-cores
2026-10-08T22:25:25.1918304Z ##[endgroup]
2026-10-08T22:25:25.1920419Z ##[group]Disabling automatic garbage collection
2026-10-08T22:25:25.1922024Z [command]/usr/bin/git config --local gc.auto 0
2026-10-08T22:25:25.1957185Z ##[endgroup]
2026-10-08T22:25:25.1959041Z ##[group]Setting up auth
2026-10-08T22:25:25.1962768Z [command]/usr/bin/git config --local --name-only --get-regexp core\.sshCommand
2026-10-08T22:25:25.1995743Z [command]/usr/bin/git submodule foreach --recursive sh -c "git config --local --name-only --get-regexp 'core\.sshCommand' && git config --local --unset-all 'core.sshCommand' || :"
2026-10-08T22:25:25.2273946Z [command]/usr/bin/git config --local --name-only --get-regexp http\.https\:\/\/github\.com\/\.extraheader
2026-10-08T22:25:25.2303891Z [command]/usr/bin/git submodule foreach --recursive sh -c "git config --local --name-only --get-regexp 'http\.https\:\/\/github\.com\/\.extraheader' && git config --local --unset-all 'http.https://github.com/.extraheader' || :"
2026-10-08T22:25:25.2493783Z [command]/usr/bin/git config --local --name-only --get-regexp ^includeIf\.gitdir:
2026-10-08T22:25:25.2524851Z [command]/usr/bin/git submodule foreach --recursive git config --local --show-origin --name-only --get-regexp remote.origin.url
2026-10-08T22:25:25.2750410Z [command]/usr/bin/git config --local http.https://github.com/.extraheader AUTHORIZATION: basic ***
2026-10-08T22:25:25.2785700Z ##[endgroup]
2026-10-08T22:25:25.2786928Z ##[group]Fetching the repository
2026-10-08T22:25:25.2792772Z [command]/usr/bin/git -c protocol.version=2 fetch --no-tags --prune --no-recurse-submodules --depth=1 origin fa0b337e1178177ff5b871acae697897c687ee11
2026-10-08T22:25:44.2339195Z From https://github.com/luisitin/partybox-game-cores
2026-10-08T22:25:44.2339837Z  * branch            fa0b337e1178177ff5b871acae697897c687ee11 -> FETCH_HEAD
2026-10-08T22:25:44.2342738Z ##[endgroup]
2026-10-08T22:25:44.2343430Z ##[group]Determining the checkout info
2026-10-08T22:25:44.2352005Z ##[endgroup]
2026-10-08T22:25:44.2358307Z [command]/usr/bin/git sparse-checkout disable
2026-10-08T22:25:44.2405312Z [command]/usr/bin/git config --local --unset-all extensions.worktreeConfig
2026-10-08T22:25:44.2433643Z ##[group]Checking out the ref
2026-10-08T22:25:44.2437342Z [command]/usr/bin/git checkout --progress --force fa0b337e1178177ff5b871acae697897c687ee11
2026-10-08T22:25:46.3399388Z Updating files:  12% (188/1560)
2026-10-08T22:25:47.0879819Z Updating files:  13% (203/1560)
2026-10-08T22:25:47.2775892Z Updating files:  14% (219/1560)
2026-10-08T22:25:48.0504158Z Updating files:  14% (222/1560)
2026-10-08T22:25:48.2942208Z Updating files:  15% (234/1560)
2026-10-08T22:25:48.8916096Z Updating files:  15% (240/1560)
2026-10-08T22:25:49.1355170Z Updating files:  16% (250/1560)
2026-10-08T22:25:49.1362445Z Updating files:  17% (266/1560)
2026-10-08T22:25:49.1369436Z Updating files:  18% (281/1560)
2026-10-08T22:25:49.1378852Z Updating files:  19% (297/1560)
2026-10-08T22:25:49.1549370Z Updating files:  20% (312/1560)
2026-10-08T22:25:49.1554702Z Updating files:  21% (328/1560)
2026-10-08T22:25:49.1559882Z Updating files:  22% (344/1560)
2026-10-08T22:25:49.1577176Z Updating files:  23% (359/1560)
2026-10-08T22:25:49.1705347Z Updating files:  24% (375/1560)
2026-10-08T22:25:49.1708940Z Updating files:  25% (390/1560)
2026-10-08T22:25:49.1717655Z Updating files:  26% (406/1560)
2026-10-08T22:25:49.1724153Z Updating files:  27% (422/1560)
2026-10-08T22:25:49.1746722Z Updating files:  28% (437/1560)
2026-10-08T22:25:49.1763176Z Updating files:  29% (453/1560)
2026-10-08T22:25:49.1777179Z Updating files:  30% (468/1560)
2026-10-08T22:25:49.1788765Z Updating files:  31% (484/1560)
2026-10-08T22:25:49.1801776Z Updating files:  32% (500/1560)
2026-10-08T22:25:49.1809882Z Updating files:  33% (515/1560)
2026-10-08T22:25:49.1818936Z Updating files:  34% (531/1560)
2026-10-08T22:25:49.1887466Z Updating files:  35% (546/1560)
2026-10-08T22:25:49.1899815Z Updating files:  36% (562/1560)
2026-10-08T22:25:49.2047897Z Updating files:  37% (578/1560)
2026-10-08T22:25:49.2195546Z Updating files:  38% (593/1560)
2026-10-08T22:25:49.2264947Z Updating files:  39% (609/1560)
2026-10-08T22:25:49.2409348Z Updating files:  40% (624/1560)
2026-10-08T22:25:49.2417920Z Updating files:  41% (640/1560)
2026-10-08T22:25:49.2424956Z Updating files:  42% (656/1560)
2026-10-08T22:25:49.2466680Z Updating files:  43% (671/1560)
2026-10-08T22:25:49.2476891Z Updating files:  44% (687/1560)
2026-10-08T22:25:49.2478765Z Updating files:  45% (702/1560)
2026-10-08T22:25:49.2484194Z Updating files:  45% (704/1560)
2026-10-08T22:25:49.2491398Z Updating files:  46% (718/1560)
2026-10-08T22:25:49.2506092Z Updating files:  47% (734/1560)
2026-10-08T22:25:49.2626724Z Updating files:  48% (749/1560)
2026-10-08T22:25:49.2760178Z Updating files:  49% (765/1560)
2026-10-08T22:25:49.2811073Z Updating files:  50% (780/1560)
2026-10-08T22:25:49.2980346Z Updating files:  51% (796/1560)
2026-10-08T22:25:49.3025208Z Updating files:  52% (812/1560)
2026-10-08T22:25:49.3038473Z Updating files:  53% (827/1560)
2026-10-08T22:25:49.3045166Z Updating files:  54% (843/1560)
2026-10-08T22:25:49.3067550Z Updating files:  55% (858/1560)
2026-10-08T22:25:49.3099091Z Updating files:  56% (874/1560)
2026-10-08T22:25:49.3134225Z Updating files:  57% (890/1560)
2026-10-08T22:25:49.3151867Z Updating files:  58% (905/1560)
2026-10-08T22:25:49.3175281Z Updating files:  59% (921/1560)
2026-10-08T22:25:49.3212841Z Updating files:  60% (936/1560)
2026-10-08T22:25:49.3249046Z Updating files:  61% (952/1560)
2026-10-08T22:25:49.3279393Z Updating files:  62% (968/1560)
2026-10-08T22:25:49.3317594Z Updating files:  63% (983/1560)
2026-10-08T22:25:49.3324958Z Updating files:  64% (999/1560)
2026-10-08T22:25:49.3344440Z Updating files:  65% (1014/1560)
2026-10-08T22:25:49.3371816Z Updating files:  66% (1030/1560)
2026-10-08T22:25:49.3400864Z Updating files:  67% (1046/1560)
2026-10-08T22:25:49.3426986Z Updating files:  68% (1061/1560)
2026-10-08T22:25:49.3460754Z Updating files:  69% (1077/1560)
2026-10-08T22:25:49.3480567Z Updating files:  70% (1092/1560)
2026-10-08T22:25:49.3500249Z Updating files:  71% (1108/1560)
2026-10-08T22:25:49.3523668Z Updating files:  72% (1124/1560)
2026-10-08T22:25:49.3553633Z Updating files:  73% (1139/1560)
2026-10-08T22:25:49.3589687Z Updating files:  74% (1155/1560)
2026-10-08T22:25:49.3626805Z Updating files:  75% (1170/1560)
2026-10-08T22:25:49.3634312Z Updating files:  76% (1186/1560)
2026-10-08T22:25:49.3640773Z Updating files:  77% (1202/1560)
2026-10-08T22:25:49.3658131Z Updating files:  78% (1217/1560)
2026-10-08T22:25:49.3664134Z Updating files:  79% (1233/1560)
2026-10-08T22:25:49.3670199Z Updating files:  80% (1248/1560)
2026-10-08T22:25:49.3676779Z Updating files:  81% (1264/1560)
2026-10-08T22:25:49.3681721Z Updating files:  82% (1280/1560)
2026-10-08T22:25:49.3686320Z Updating files:  83% (1295/1560)
2026-10-08T22:25:49.3703744Z Updating files:  84% (1311/1560)
2026-10-08T22:25:49.3732888Z Updating files:  85% (1326/1560)
2026-10-08T22:25:49.3740983Z Updating files:  86% (1342/1560)
2026-10-08T22:25:49.3747116Z Updating files:  87% (1358/1560)
2026-10-08T22:25:49.3758995Z Updating files:  88% (1373/1560)
2026-10-08T22:25:49.3791293Z Updating files:  89% (1389/1560)
2026-10-08T22:25:49.3838870Z Updating files:  90% (1404/1560)
2026-10-08T22:25:49.3868908Z Updating files:  91% (1420/1560)
2026-10-08T22:25:49.3880770Z Updating files:  92% (1436/1560)
2026-10-08T22:25:49.3887930Z Updating files:  93% (1451/1560)
2026-10-08T22:25:49.6797798Z Updating files:  94% (1467/1560)
2026-10-08T22:25:49.6802284Z Updating files:  95% (1482/1560)
2026-10-08T22:25:49.6810676Z Updating files:  96% (1498/1560)
2026-10-08T22:25:49.6817161Z Updating files:  97% (1514/1560)
2026-10-08T22:25:49.6824776Z Updating files:  98% (1529/1560)
2026-10-08T22:25:49.6831781Z Updating files:  99% (1545/1560)
2026-10-08T22:25:49.6832120Z Updating files: 100% (1560/1560)
2026-10-08T22:25:49.6832428Z Updating files: 100% (1560/1560), done.
2026-10-08T22:25:49.6850392Z Note: switching to 'fa0b337e1178177ff5b871acae697897c687ee11'.
2026-10-08T22:25:49.6850685Z 
2026-10-08T22:25:49.6850849Z You are in 'detached HEAD' state. You can look around, make experimental
2026-10-08T22:25:49.6851215Z changes and commit them, and you can discard any commits you make in this
2026-10-08T22:25:49.6851573Z state without impacting any branches by switching back to a branch.
2026-10-08T22:25:49.6851778Z 
2026-10-08T22:25:49.6851924Z If you want to create a new branch to retain commits you create, you may
2026-10-08T22:25:49.6852293Z do so (now or later) by using -c with the switch command. Example:
2026-10-08T22:25:49.6852509Z 
2026-10-08T22:25:49.6852596Z   git switch -c <new-branch-name>
2026-10-08T22:25:49.6852735Z 
2026-10-08T22:25:49.6853009Z Or undo this operation with:
2026-10-08T22:25:49.6853140Z 
2026-10-08T22:25:49.6853208Z   git switch -
2026-10-08T22:25:49.6853313Z 
2026-10-08T22:25:49.6853480Z Turn off this advice by setting config variable advice.detachedHead to false
2026-10-08T22:25:49.6853704Z 
2026-10-08T22:25:49.6853883Z HEAD is now at fa0b337 G10 archive first green PR proof and start ranked review
2026-10-08T22:25:49.6977948Z ##[endgroup]
2026-10-08T22:25:49.7019750Z [command]/usr/bin/git log -1 --format=%H
2026-10-08T22:25:49.7045760Z fa0b337e1178177ff5b871acae697897c687ee11
2026-10-08T22:25:49.7262806Z ##[group]Run actions/setup-node@v4
2026-10-08T22:25:49.7263040Z with:
2026-10-08T22:25:49.7263209Z   node-version: 22.16.0
2026-10-08T22:25:49.7263390Z   cache: npm
2026-10-08T22:25:49.7263614Z   cache-dependency-path: jobs/G10-checkers/package-lock.json
2026-10-08T22:25:49.7263897Z   always-auth: false
2026-10-08T22:25:49.7264070Z   check-latest: false
2026-10-08T22:25:49.7266488Z   token: ***
2026-10-08T22:25:49.7266664Z env:
2026-10-08T22:25:49.7266874Z   G10_SOURCE_COMMIT: fa0b337e1178177ff5b871acae697897c687ee11
2026-10-08T22:25:49.7267131Z ##[endgroup]
2026-10-08T22:25:49.8362563Z Attempting to download 22.16.0...
2026-10-08T22:25:49.8445148Z (node:2100) [DEP0040] DeprecationWarning: The `punycode` module is deprecated. Please use a userland alternative instead.
2026-10-08T22:25:49.8445981Z (Use `node --trace-deprecation ...` to show where the warning was created)
2026-10-08T22:25:50.3537973Z Acquiring 22.16.0 - x64 from https://github.com/actions/node-versions/releases/download/22.16.0-15177438473/node-22.16.0-linux-x64.tar.gz
2026-10-08T22:25:50.7448664Z Extracting ...
2026-10-08T22:25:50.7542672Z [command]/usr/bin/tar xz --strip 1 --warning=no-unknown-keyword --overwrite -C /home/runner/work/_temp/57142ff6-787f-41a5-b3be-ccabc69047a2 -f /home/runner/work/_temp/30e949b6-0512-4b83-a874-177fae8899d1
2026-10-08T22:25:51.7362629Z Adding to the cache ...
2026-10-08T22:25:54.0107382Z ##[group]Environment details
2026-10-08T22:25:54.1878371Z node: v22.16.0
2026-10-08T22:25:54.1878693Z npm: 10.9.2
2026-10-08T22:25:54.1878936Z yarn: 1.22.22
2026-10-08T22:25:54.1879570Z ##[endgroup]
2026-10-08T22:25:54.1892710Z [command]/opt/hostedtoolcache/node/22.16.0/x64/bin/npm config get cache
2026-10-08T22:25:54.2616806Z /home/runner/.npm
2026-10-08T22:25:54.3881284Z Cache hit for: node-cache-Linux-x64-npm-b79e3f2344d4218dbbb2f93f566da8e1ac49738aa1184813b150890d461d0c8a
2026-10-08T22:25:54.3995042Z (node:2100) [DEP0169] DeprecationWarning: `url.parse()` behavior is not standardized and prone to errors that have security implications. Use the WHATWG URL API instead. CVEs are not issued for `url.parse()` vulnerabilities.
2026-10-08T22:25:54.6471572Z Received 12676330 of 12676330 (100.0%), 59.6 MBs/sec
2026-10-08T22:25:54.6471898Z Cache Size: ~12 MB (12676330 B)
2026-10-08T22:25:54.6492181Z [command]/usr/bin/tar -xf /home/runner/work/_temp/36564b25-57b9-418e-a050-ea62e9dc55a8/cache.tzst -P -C /home/runner/work/partybox-game-cores/partybox-game-cores --use-compress-program unzstd
2026-10-08T22:25:54.6749762Z Cache restored successfully
2026-10-08T22:25:54.6758920Z Cache restored from key: node-cache-Linux-x64-npm-b79e3f2344d4218dbbb2f93f566da8e1ac49738aa1184813b150890d461d0c8a
2026-10-08T22:25:54.6933881Z ##[group]Run npm ci --ignore-scripts --no-audit --no-fund
2026-10-08T22:25:54.6934266Z [36;1mnpm ci --ignore-scripts --no-audit --no-fund[0m
2026-10-08T22:25:54.7125188Z shell: /usr/bin/bash -e {0}
2026-10-08T22:25:54.7125412Z env:
2026-10-08T22:25:54.7125640Z   G10_SOURCE_COMMIT: fa0b337e1178177ff5b871acae697897c687ee11
2026-10-08T22:25:54.7125915Z ##[endgroup]
2026-10-08T22:25:55.4130327Z 
2026-10-08T22:25:55.4136541Z added 6 packages in 652ms
2026-10-08T22:25:55.4511104Z ##[group]Run sudo apt-get update
2026-10-08T22:25:55.4511421Z [36;1msudo apt-get update[0m
2026-10-08T22:25:55.4511665Z [36;1msudo apt-get install -y ffmpeg[0m
2026-10-08T22:25:55.4511892Z [36;1mffprobe -version[0m
2026-10-08T22:25:55.4512093Z [36;1mffmpeg -version[0m
2026-10-08T22:25:55.4567623Z shell: /usr/bin/bash -e {0}
2026-10-08T22:25:55.4567839Z env:
2026-10-08T22:25:55.4568063Z   G10_SOURCE_COMMIT: fa0b337e1178177ff5b871acae697897c687ee11
2026-10-08T22:25:55.4568327Z ##[endgroup]
2026-10-08T22:25:55.5294024Z Get:1 file:/etc/apt/apt-mirrors.txt Mirrorlist [144 B]
2026-10-08T22:25:55.5573133Z Hit:2 http://azure.archive.ubuntu.com/ubuntu noble InRelease
2026-10-08T22:25:55.5586274Z Get:6 https://packages.microsoft.com/ubuntu/24.04/prod noble InRelease [3600 B]
2026-10-08T22:25:55.5603431Z Get:3 http://azure.archive.ubuntu.com/ubuntu noble-updates InRelease [126 kB]
2026-10-08T22:25:55.5675502Z Get:4 http://azure.archive.ubuntu.com/ubuntu noble-backports InRelease [126 kB]
2026-10-08T22:25:55.5715300Z Get:5 http://azure.archive.ubuntu.com/ubuntu noble-security InRelease [126 kB]
2026-10-08T22:25:55.6678363Z Get:7 https://packages.microsoft.com/ubuntu/24.04/prod noble/main all Packages [640 B]
2026-10-08T22:25:55.6774249Z Get:8 https://packages.microsoft.com/ubuntu/24.04/prod noble/main arm64 Packages [474 kB]
2026-10-08T22:25:55.6863274Z Get:9 https://packages.microsoft.com/ubuntu/24.04/prod noble/main amd64 Packages [531 kB]
2026-10-08T22:25:55.6927202Z Get:10 https://packages.microsoft.com/ubuntu/24.04/prod noble/main armhf Packages [12.3 kB]
2026-10-08T22:25:55.7149816Z Get:11 http://azure.archive.ubuntu.com/ubuntu noble-updates/main amd64 Packages [1375 kB]
2026-10-08T22:25:55.7236800Z Get:12 http://azure.archive.ubuntu.com/ubuntu noble-updates/main Translation-en [306 kB]
2026-10-08T22:25:55.7265463Z Get:13 http://azure.archive.ubuntu.com/ubuntu noble-updates/universe amd64 Packages [1702 kB]
2026-10-08T22:25:55.7336817Z Get:14 http://azure.archive.ubuntu.com/ubuntu noble-updates/universe Translation-en [342 kB]
2026-10-08T22:25:55.7416715Z Get:15 http://azure.archive.ubuntu.com/ubuntu noble-updates/restricted amd64 Packages [1761 kB]
2026-10-08T22:25:55.7950387Z Get:16 http://azure.archive.ubuntu.com/ubuntu noble-updates/restricted Translation-en [401 kB]
2026-10-08T22:25:55.9115986Z Get:17 http://azure.archive.ubuntu.com/ubuntu noble-updates/multiverse amd64 Packages [55.0 kB]
2026-10-08T22:25:55.9703124Z Get:18 http://azure.archive.ubuntu.com/ubuntu noble-updates/multiverse Translation-en [14.3 kB]
2026-10-08T22:25:56.0292562Z Get:19 http://azure.archive.ubuntu.com/ubuntu noble-security/main amd64 Packages [1115 kB]
2026-10-08T22:25:56.0896313Z Get:20 http://azure.archive.ubuntu.com/ubuntu noble-security/main Translation-en [227 kB]
2026-10-08T22:25:56.2458856Z Get:21 http://azure.archive.ubuntu.com/ubuntu noble-security/universe amd64 Packages [1218 kB]
2026-10-08T22:25:56.2679289Z Get:22 http://azure.archive.ubuntu.com/ubuntu noble-security/universe Translation-en [245 kB]
2026-10-08T22:25:56.3282946Z Get:23 http://azure.archive.ubuntu.com/ubuntu noble-security/restricted amd64 Packages [1632 kB]
2026-10-08T22:25:56.4490879Z Get:24 http://azure.archive.ubuntu.com/ubuntu noble-security/restricted Translation-en [376 kB]
2026-10-08T22:25:56.5661948Z Get:25 http://azure.archive.ubuntu.com/ubuntu noble-security/multiverse Translation-en [11.6 kB]
2026-10-08T22:26:03.6777799Z Fetched 12.2 MB in 1s (11.1 MB/s)
2026-10-08T22:26:04.3576044Z Reading package lists...
2026-10-08T22:26:04.3838304Z Reading package lists...
2026-10-08T22:26:04.5722644Z Building dependency tree...
2026-10-08T22:26:04.5728689Z Reading state information...
2026-10-08T22:26:04.7082889Z The following additional packages will be installed:
2026-10-08T22:26:04.7083557Z   i965-va-driver intel-media-va-driver libaacs0 libass9 libasyncns0
2026-10-08T22:26:04.7084182Z   libavc1394-0 libavcodec60 libavdevice60 libavfilter9 libavformat60
2026-10-08T22:26:04.7085551Z   libavutil58 libbdplus0 libblas3 libbluray2 libbs2b0 libcaca0
2026-10-08T22:26:04.7086211Z   libcdio-cdda2t64 libcdio-paranoia2t64 libcdio19t64 libchromaprint1 libcjson1
2026-10-08T22:26:04.7087089Z   libcodec2-1.2 libdav1d7 libdc1394-25 libdecor-0-0 libdecor-0-plugin-1-gtk
2026-10-08T22:26:04.7087642Z   libflac12t64 libflite1 libgme0 libgsm1 libhwy1t64 libiec61883-0 libigdgmm12
2026-10-08T22:26:04.7088233Z   libjack-jackd2-0 libjxl0.7 liblapack3 liblilv-0-0 libmbedcrypto7t64
2026-10-08T22:26:04.7088795Z   libmp3lame0 libmpg123-0t64 libmysofa1 libopenal-data libopenal1
2026-10-08T22:26:04.7089360Z   libopenmpt0t64 libopus0 libplacebo338 libpocketsphinx3 libpostproc57
2026-10-08T22:26:04.7089968Z   libpulse0 librav1e0 libraw1394-11 librist4 librsvg2-2 librsvg2-common
2026-10-08T22:26:04.7090606Z   librubberband2 libsamplerate0 libsdl2-2.0-0 libserd-0-0 libshine3
2026-10-08T22:26:04.7091192Z   libsndfile1 libsndio7.0 libsord-0-0 libsoxr0 libspeex1 libsphinxbase3t64
2026-10-08T22:26:04.7091785Z   libsratom-0-0 libsrt1.5-gnutls libssh-gcrypt-4 libsvtav1enc1d1
2026-10-08T22:26:04.7092422Z   libswresample4 libswscale7 libtheora0 libtwolame0 libudfread0 libunibreak5
2026-10-08T22:26:04.7093165Z   libva-drm2 libva-x11-2 libva2 libvdpau1 libvidstab1.1 libvorbisenc2 libvpl2
2026-10-08T22:26:04.7093863Z   libvpx9 libx264-164 libx265-199 libxcb-shape0 libxv1 libxvidcore4 libzimg2
2026-10-08T22:26:04.7094666Z   libzix-0-0 libzvbi-common libzvbi0t64 mesa-va-drivers mesa-vdpau-drivers
2026-10-08T22:26:04.7095311Z   ocl-icd-libopencl1 pocketsphinx-en-us va-driver-all vdpau-driver-all
2026-10-08T22:26:04.7095758Z Suggested packages:
2026-10-08T22:26:04.7096175Z   ffmpeg-doc i965-va-driver-shaders libcuda1 libnvcuvid1 libnvidia-encode1
2026-10-08T22:26:04.7096746Z   libbluray-bdj jackd2 libportaudio2 opus-tools pulseaudio libraw1394-doc
2026-10-08T22:26:04.7097352Z   librsvg2-bin serdi sndiod sordi speex opencl-icd libvdpau-va-gl1
2026-10-08T22:26:04.7485984Z The following NEW packages will be installed:
2026-10-08T22:26:04.7486725Z   ffmpeg i965-va-driver intel-media-va-driver libaacs0 libass9 libasyncns0
2026-10-08T22:26:04.7487506Z   libavc1394-0 libavcodec60 libavdevice60 libavfilter9 libavformat60
2026-10-08T22:26:04.7488370Z   libavutil58 libbdplus0 libblas3 libbluray2 libbs2b0 libcaca0
2026-10-08T22:26:04.7488928Z   libcdio-cdda2t64 libcdio-paranoia2t64 libcdio19t64 libchromaprint1 libcjson1
2026-10-08T22:26:04.7489525Z   libcodec2-1.2 libdav1d7 libdc1394-25 libdecor-0-0 libdecor-0-plugin-1-gtk
2026-10-08T22:26:04.7490125Z   libflac12t64 libflite1 libgme0 libgsm1 libhwy1t64 libiec61883-0 libigdgmm12
2026-10-08T22:26:04.7490688Z   libjack-jackd2-0 libjxl0.7 liblapack3 liblilv-0-0 libmbedcrypto7t64
2026-10-08T22:26:04.7491239Z   libmp3lame0 libmpg123-0t64 libmysofa1 libopenal-data libopenal1
2026-10-08T22:26:04.7491829Z   libopenmpt0t64 libopus0 libplacebo338 libpocketsphinx3 libpostproc57
2026-10-08T22:26:04.7492453Z   libpulse0 librav1e0 libraw1394-11 librist4 librsvg2-2 librsvg2-common
2026-10-08T22:26:04.7493056Z   librubberband2 libsamplerate0 libsdl2-2.0-0 libserd-0-0 libshine3
2026-10-08T22:26:04.7493663Z   libsndfile1 libsndio7.0 libsord-0-0 libsoxr0 libspeex1 libsphinxbase3t64
2026-10-08T22:26:04.7494263Z   libsratom-0-0 libsrt1.5-gnutls libssh-gcrypt-4 libsvtav1enc1d1
2026-10-08T22:26:04.7495125Z   libswresample4 libswscale7 libtheora0 libtwolame0 libudfread0 libunibreak5
2026-10-08T22:26:04.7495804Z   libva-drm2 libva-x11-2 libva2 libvdpau1 libvidstab1.1 libvorbisenc2 libvpl2
2026-10-08T22:26:04.7496477Z   libvpx9 libx264-164 libx265-199 libxcb-shape0 libxv1 libxvidcore4 libzimg2
2026-10-08T22:26:04.7497151Z   libzix-0-0 libzvbi-common libzvbi0t64 mesa-va-drivers mesa-vdpau-drivers
2026-10-08T22:26:04.7497842Z   ocl-icd-libopencl1 pocketsphinx-en-us va-driver-all vdpau-driver-all
2026-10-08T22:26:04.7662164Z 0 upgraded, 99 newly installed, 0 to remove and 23 not upgraded.
2026-10-08T22:26:04.7662700Z Need to get 94.1 MB of archives.
2026-10-08T22:26:04.7663236Z After this operation, 227 MB of additional disk space will be used.
2026-10-08T22:26:04.7664156Z Get:1 file:/etc/apt/apt-mirrors.txt Mirrorlist [144 B]
2026-10-08T22:26:05.0481996Z Get:2 http://azure.archive.ubuntu.com/ubuntu noble-updates/universe amd64 libva2 amd64 2.20.0-2ubuntu0.2 [66.4 kB]
2026-10-08T22:26:05.5062265Z Get:3 http://azure.archive.ubuntu.com/ubuntu noble-updates/universe amd64 libva-drm2 amd64 2.20.0-2ubuntu0.2 [7124 B]
2026-10-08T22:26:05.6464305Z Get:4 http://azure.archive.ubuntu.com/ubuntu noble-updates/universe amd64 libva-x11-2 amd64 2.20.0-2ubuntu0.2 [12.0 kB]
2026-10-08T22:26:05.7927089Z Get:5 http://azure.archive.ubuntu.com/ubuntu noble/main amd64 libvdpau1 amd64 1.5-2build1 [27.8 kB]
2026-10-08T22:26:05.9599842Z Get:6 http://azure.archive.ubuntu.com/ubuntu noble/universe amd64 libvpl2 amd64 2023.3.0-1build1 [99.8 kB]
2026-10-08T22:26:06.2340054Z Get:7 http://azure.archive.ubuntu.com/ubuntu noble/universe amd64 ocl-icd-libopencl1 amd64 2.3.2-1build1 [38.5 kB]
2026-10-08T22:26:06.3548495Z Get:8 http://azure.archive.ubuntu.com/ubuntu noble/universe amd64 libavutil58 amd64 7:6.1.1-3ubuntu5 [401 kB]
2026-10-08T22:26:06.4696164Z Get:9 http://azure.archive.ubuntu.com/ubuntu noble/universe amd64 libcodec2-1.2 amd64 1.2.0-2build1 [8998 kB]
2026-10-08T22:26:06.8644053Z Get:10 http://azure.archive.ubuntu.com/ubuntu noble/universe amd64 libdav1d7 amd64 1.4.1-1build1 [604 kB]
2026-10-08T22:26:06.9855030Z Get:11 http://azure.archive.ubuntu.com/ubuntu noble/universe amd64 libgsm1 amd64 1.0.22-1build1 [27.8 kB]
2026-10-08T22:26:07.0887657Z Get:12 http://azure.archive.ubuntu.com/ubuntu noble/universe amd64 libhwy1t64 amd64 1.0.7-8.1build1 [584 kB]
2026-10-08T22:26:07.2091444Z Get:13 http://azure.archive.ubuntu.com/ubuntu noble-updates/universe amd64 libjxl0.7 amd64 0.7.0-10.2ubuntu6.1 [1001 kB]
2026-10-08T22:26:07.3442385Z Get:14 http://azure.archive.ubuntu.com/ubuntu noble/main amd64 libmp3lame0 amd64 3.100-6build1 [142 kB]
2026-10-08T22:26:07.4505551Z Get:15 http://azure.archive.ubuntu.com/ubuntu noble/main amd64 libopus0 amd64 1.4-1build1 [208 kB]
2026-10-08T22:26:07.5590363Z Get:16 http://azure.archive.ubuntu.com/ubuntu noble/universe amd64 librav1e0 amd64 0.7.1-2 [1022 kB]
2026-10-08T22:26:07.6934936Z Get:17 http://azure.archive.ubuntu.com/ubuntu noble-updates/main amd64 librsvg2-2 amd64 2.58.0+dfsg-1ubuntu0.1 [2141 kB]
2026-10-08T22:26:07.8651543Z Get:18 http://azure.archive.ubuntu.com/ubuntu noble/universe amd64 libshine3 amd64 3.1.1-2build1 [23.2 kB]
2026-10-08T22:26:07.9688895Z Get:19 http://azure.archive.ubuntu.com/ubuntu noble-updates/main amd64 libspeex1 amd64 1.2.1-2ubuntu2.24.04.1 [59.6 kB]
2026-10-08T22:26:08.0736166Z Get:20 http://azure.archive.ubuntu.com/ubuntu noble/universe amd64 libsvtav1enc1d1 amd64 1.7.0+dfsg-2build1 [2425 kB]
2026-10-08T22:26:08.2602621Z Get:21 http://azure.archive.ubuntu.com/ubuntu noble/universe amd64 libsoxr0 amd64 0.1.3-4build3 [80.0 kB]
2026-10-08T22:26:08.3652174Z Get:22 http://azure.archive.ubuntu.com/ubuntu noble/universe amd64 libswresample4 amd64 7:6.1.1-3ubuntu5 [63.8 kB]
2026-10-08T22:26:08.4693429Z Get:23 http://azure.archive.ubuntu.com/ubuntu noble/main amd64 libtheora0 amd64 1.1.1+dfsg.1-16.1build3 [211 kB]
2026-10-08T22:26:08.5778354Z Get:24 http://azure.archive.ubuntu.com/ubuntu noble/main amd64 libtwolame0 amd64 0.4.0-2build3 [52.3 kB]
2026-10-08T22:26:08.6814910Z Get:25 http://azure.archive.ubuntu.com/ubuntu noble/main amd64 libvorbisenc2 amd64 1.3.7-1build3 [80.8 kB]
2026-10-08T22:26:08.7862110Z Get:26 http://azure.archive.ubuntu.com/ubuntu noble-updates/main amd64 libvpx9 amd64 1.14.0-1ubuntu2.3 [1143 kB]
2026-10-08T22:26:08.9248722Z Get:27 http://azure.archive.ubuntu.com/ubuntu noble/universe amd64 libx264-164 amd64 2:0.164.3108+git31e19f9-1 [604 kB]
2026-10-08T22:26:09.0460463Z Get:28 http://azure.archive.ubuntu.com/ubuntu noble/universe amd64 libx265-199 amd64 3.5-2build1 [1226 kB]
2026-10-08T22:26:09.1873857Z Get:29 http://azure.archive.ubuntu.com/ubuntu noble/universe amd64 libxvidcore4 amd64 2:1.3.7-1build1 [219 kB]
2026-10-08T22:26:09.2963539Z Get:30 http://azure.archive.ubuntu.com/ubuntu noble/universe amd64 libzvbi-common all 0.2.42-2 [42.4 kB]
2026-10-08T22:26:09.3997889Z Get:31 http://azure.archive.ubuntu.com/ubuntu noble/universe amd64 libzvbi0t64 amd64 0.2.42-2 [261 kB]
2026-10-08T22:26:09.5102233Z Get:32 http://azure.archive.ubuntu.com/ubuntu noble/universe amd64 libavcodec60 amd64 7:6.1.1-3ubuntu5 [5851 kB]
2026-10-08T22:26:09.8022971Z Get:33 http://azure.archive.ubuntu.com/ubuntu noble/main amd64 libraw1394-11 amd64 2.1.2-2build3 [26.2 kB]
2026-10-08T22:26:09.9057214Z Get:34 http://azure.archive.ubuntu.com/ubuntu noble/main amd64 libavc1394-0 amd64 0.5.4-5build3 [15.4 kB]
2026-10-08T22:26:10.0088616Z Get:35 http://azure.archive.ubuntu.com/ubuntu noble/universe amd64 libunibreak5 amd64 5.1-2build1 [25.0 kB]
2026-10-08T22:26:10.1119063Z Get:36 http://azure.archive.ubuntu.com/ubuntu noble/universe amd64 libass9 amd64 1:0.17.1-2build1 [104 kB]
2026-10-08T22:26:10.2178614Z Get:37 http://azure.archive.ubuntu.com/ubuntu noble/universe amd64 libudfread0 amd64 1.1.2-1build1 [19.0 kB]
2026-10-08T22:26:10.3211993Z Get:38 http://azure.archive.ubuntu.com/ubuntu noble/universe amd64 libbluray2 amd64 1:1.3.4-1build1 [159 kB]
2026-10-08T22:26:10.4294418Z Get:39 http://azure.archive.ubuntu.com/ubuntu noble/universe amd64 libchromaprint1 amd64 1.5.1-5 [30.5 kB]
2026-10-08T22:26:10.5327150Z Get:40 http://azure.archive.ubuntu.com/ubuntu noble/universe amd64 libgme0 amd64 0.6.3-7build1 [134 kB]
2026-10-08T22:26:10.6398243Z Get:41 http://azure.archive.ubuntu.com/ubuntu noble-updates/main amd64 libmpg123-0t64 amd64 1.32.5-1ubuntu1.1 [169 kB]
2026-10-08T22:26:10.7471761Z Get:42 http://azure.archive.ubuntu.com/ubuntu noble/universe amd64 libopenmpt0t64 amd64 0.7.3-1.1build3 [647 kB]
2026-10-08T22:26:10.8697600Z Get:43 http://azure.archive.ubuntu.com/ubuntu noble/universe amd64 libcjson1 amd64 1.7.17-1 [24.8 kB]
2026-10-08T22:26:10.9740652Z Get:44 http://azure.archive.ubuntu.com/ubuntu noble/universe amd64 libmbedcrypto7t64 amd64 2.28.8-1 [209 kB]
2026-10-08T22:26:11.0818167Z Get:45 http://azure.archive.ubuntu.com/ubuntu noble/universe amd64 librist4 amd64 0.2.10+dfsg-2 [74.9 kB]
2026-10-08T22:26:11.1861837Z Get:46 http://azure.archive.ubuntu.com/ubuntu noble/universe amd64 libsrt1.5-gnutls amd64 1.5.3-1build2 [316 kB]
2026-10-08T22:26:11.2986694Z Get:47 http://azure.archive.ubuntu.com/ubuntu noble-updates/main amd64 libssh-gcrypt-4 amd64 0.10.6-2ubuntu0.5 [226 kB]
2026-10-08T22:26:11.4086672Z Get:48 http://azure.archive.ubuntu.com/ubuntu noble/universe amd64 libavformat60 amd64 7:6.1.1-3ubuntu5 [1153 kB]
2026-10-08T22:26:11.5483974Z Get:49 http://azure.archive.ubuntu.com/ubuntu noble/universe amd64 libbs2b0 amd64 3.1.0+dfsg-7build1 [10.6 kB]
2026-10-08T22:26:11.6514966Z Get:50 http://azure.archive.ubuntu.com/ubuntu noble/universe amd64 libflite1 amd64 2.2-6build3 [13.6 MB]
2026-10-08T22:26:12.1995442Z Get:51 http://azure.archive.ubuntu.com/ubuntu noble/universe amd64 libserd-0-0 amd64 0.32.2-1 [43.6 kB]
2026-10-08T22:26:12.3030334Z Get:52 http://azure.archive.ubuntu.com/ubuntu noble/universe amd64 libzix-0-0 amd64 0.4.2-2build1 [23.6 kB]
2026-10-08T22:26:12.4061840Z Get:53 http://azure.archive.ubuntu.com/ubuntu noble/universe amd64 libsord-0-0 amd64 0.16.16-2build1 [15.8 kB]
2026-10-08T22:26:12.5096110Z Get:54 http://azure.archive.ubuntu.com/ubuntu noble/universe amd64 libsratom-0-0 amd64 0.6.16-1build1 [17.3 kB]
2026-10-08T22:26:12.7320053Z Get:55 http://azure.archive.ubuntu.com/ubuntu noble/universe amd64 liblilv-0-0 amd64 0.24.22-1build1 [41.0 kB]
2026-10-08T22:26:13.0191148Z Get:56 http://azure.archive.ubuntu.com/ubuntu noble/universe amd64 libmysofa1 amd64 1.3.2+dfsg-2ubuntu2 [1158 kB]
2026-10-08T22:26:13.7145859Z Get:57 http://azure.archive.ubuntu.com/ubuntu noble/universe amd64 libplacebo338 amd64 6.338.2-2build1 [2654 kB]
2026-10-08T22:26:14.0302601Z Get:58 http://azure.archive.ubuntu.com/ubuntu noble-updates/main amd64 libblas3 amd64 3.12.0-3build1.1 [238 kB]
2026-10-08T22:26:14.1480772Z Get:59 http://azure.archive.ubuntu.com/ubuntu noble-updates/main amd64 liblapack3 amd64 3.12.0-3build1.1 [2646 kB]
2026-10-08T22:26:14.3380393Z Get:60 http://azure.archive.ubuntu.com/ubuntu noble/main amd64 libasyncns0 amd64 0.8-6build4 [11.3 kB]
2026-10-08T22:26:14.4499194Z Get:61 http://azure.archive.ubuntu.com/ubuntu noble/main amd64 libflac12t64 amd64 1.4.3+ds-2.1ubuntu2 [197 kB]
2026-10-08T22:26:14.5655323Z Get:62 http://azure.archive.ubuntu.com/ubuntu noble-updates/main amd64 libsndfile1 amd64 1.2.2-1ubuntu5.24.04.1 [209 kB]
2026-10-08T22:26:14.6812244Z Get:63 http://azure.archive.ubuntu.com/ubuntu noble-updates/main amd64 libpulse0 amd64 1:16.1+dfsg1-2ubuntu10.1 [292 kB]
2026-10-08T22:26:14.7992844Z Get:64 http://azure.archive.ubuntu.com/ubuntu noble/universe amd64 libsphinxbase3t64 amd64 0.8+5prealpha+1-17build2 [126 kB]
2026-10-08T22:26:14.9129871Z Get:65 http://azure.archive.ubuntu.com/ubuntu noble/universe amd64 libpocketsphinx3 amd64 0.8.0+real5prealpha+1-15ubuntu5 [133 kB]
2026-10-08T22:26:15.0268650Z Get:66 http://azure.archive.ubuntu.com/ubuntu noble/universe amd64 libpostproc57 amd64 7:6.1.1-3ubuntu5 [49.9 kB]
2026-10-08T22:26:15.1390424Z Get:67 http://azure.archive.ubuntu.com/ubuntu noble/main amd64 libsamplerate0 amd64 0.2.2-4build1 [1344 kB]
2026-10-08T22:26:15.2833245Z Get:68 http://azure.archive.ubuntu.com/ubuntu noble/universe amd64 librubberband2 amd64 3.3.0+dfsg-2build1 [130 kB]
2026-10-08T22:26:15.3973624Z Get:69 http://azure.archive.ubuntu.com/ubuntu noble/universe amd64 libswscale7 amd64 7:6.1.1-3ubuntu5 [193 kB]
2026-10-08T22:26:15.5129075Z Get:70 http://azure.archive.ubuntu.com/ubuntu noble/universe amd64 libvidstab1.1 amd64 1.1.0-2build1 [38.5 kB]
2026-10-08T22:26:15.6247289Z Get:71 http://azure.archive.ubuntu.com/ubuntu noble/universe amd64 libzimg2 amd64 3.0.5+ds1-1build1 [254 kB]
2026-10-08T22:26:15.7417918Z Get:72 http://azure.archive.ubuntu.com/ubuntu noble/universe amd64 libavfilter9 amd64 7:6.1.1-3ubuntu5 [4235 kB]
2026-10-08T22:26:15.9913239Z Get:73 http://azure.archive.ubuntu.com/ubuntu noble-updates/main amd64 libcaca0 amd64 0.99.beta20-4ubuntu0.2 [209 kB]
2026-10-08T22:26:16.1045239Z Get:74 http://azure.archive.ubuntu.com/ubuntu noble-updates/main amd64 libcdio19t64 amd64 2.1.0-4.1ubuntu1.2 [62.4 kB]
2026-10-08T22:26:16.2168587Z Get:75 http://azure.archive.ubuntu.com/ubuntu noble/main amd64 libcdio-cdda2t64 amd64 10.2+2.0.1-1.1build2 [16.5 kB]
2026-10-08T22:26:16.3387063Z Get:76 http://azure.archive.ubuntu.com/ubuntu noble/main amd64 libcdio-paranoia2t64 amd64 10.2+2.0.1-1.1build2 [16.6 kB]
2026-10-08T22:26:16.4505448Z Get:77 http://azure.archive.ubuntu.com/ubuntu noble/universe amd64 libdc1394-25 amd64 2.2.6-4build1 [90.1 kB]
2026-10-08T22:26:16.5627591Z Get:78 http://azure.archive.ubuntu.com/ubuntu noble/main amd64 libiec61883-0 amd64 1.2.0-6build1 [24.5 kB]
2026-10-08T22:26:16.6747873Z Get:79 http://azure.archive.ubuntu.com/ubuntu noble/main amd64 libjack-jackd2-0 amd64 1.9.21~dfsg-3ubuntu3 [289 kB]
2026-10-08T22:26:16.7890238Z Get:80 http://azure.archive.ubuntu.com/ubuntu noble/universe amd64 libopenal-data all 1:1.23.1-4build1 [161 kB]
2026-10-08T22:26:16.9017669Z Get:81 http://azure.archive.ubuntu.com/ubuntu noble/universe amd64 libsndio7.0 amd64 1.9.0-0.3build3 [29.6 kB]
2026-10-08T22:26:17.0137702Z Get:82 http://azure.archive.ubuntu.com/ubuntu noble/universe amd64 libopenal1 amd64 1:1.23.1-4build1 [540 kB]
2026-10-08T22:26:17.1309938Z Get:83 http://azure.archive.ubuntu.com/ubuntu noble/main amd64 libdecor-0-0 amd64 0.2.2-1build2 [16.5 kB]
2026-10-08T22:26:17.2429052Z Get:84 http://azure.archive.ubuntu.com/ubuntu noble-updates/main amd64 libsdl2-2.0-0 amd64 2.30.0+dfsg-1ubuntu3.1 [686 kB]
2026-10-08T22:26:17.3619391Z Get:85 http://azure.archive.ubuntu.com/ubuntu noble/main amd64 libxcb-shape0 amd64 1.15-1ubuntu2 [6100 B]
2026-10-08T22:26:17.4738374Z Get:86 http://azure.archive.ubuntu.com/ubuntu noble/main amd64 libxv1 amd64 2:1.0.11-1.1build1 [10.7 kB]
2026-10-08T22:26:17.5856108Z Get:87 http://azure.archive.ubuntu.com/ubuntu noble/universe amd64 libavdevice60 amd64 7:6.1.1-3ubuntu5 [82.3 kB]
2026-10-08T22:26:17.6977538Z Get:88 http://azure.archive.ubuntu.com/ubuntu noble/universe amd64 ffmpeg amd64 7:6.1.1-3ubuntu5 [1879 kB]
2026-10-08T22:26:17.8322397Z Get:89 http://azure.archive.ubuntu.com/ubuntu noble-updates/universe amd64 libigdgmm12 amd64 22.3.17+ds1-1ubuntu1 [145 kB]
2026-10-08T22:26:17.9445480Z Get:90 http://azure.archive.ubuntu.com/ubuntu noble-updates/universe amd64 intel-media-va-driver amd64 24.1.0+dfsg1-1ubuntu0.2 [3163 kB]
2026-10-08T22:26:18.1669379Z Get:91 http://azure.archive.ubuntu.com/ubuntu noble/universe amd64 libaacs0 amd64 0.11.1-2build1 [62.9 kB]
2026-10-08T22:26:18.2788468Z Get:92 http://azure.archive.ubuntu.com/ubuntu noble/universe amd64 libbdplus0 amd64 0.2.0-3build1 [52.2 kB]
2026-10-08T22:26:18.3908893Z Get:93 http://azure.archive.ubuntu.com/ubuntu noble/main amd64 libdecor-0-plugin-1-gtk amd64 0.2.2-1build2 [22.2 kB]
2026-10-08T22:26:18.5029078Z Get:94 http://azure.archive.ubuntu.com/ubuntu noble-updates/main amd64 librsvg2-common amd64 2.58.0+dfsg-1ubuntu0.1 [11.8 kB]
2026-10-08T22:26:18.6155761Z Get:95 http://azure.archive.ubuntu.com/ubuntu noble-updates/universe amd64 mesa-va-drivers amd64 25.2.8-0ubuntu0.24.04.4 [6778 B]
2026-10-08T22:26:18.7273663Z Get:96 http://azure.archive.ubuntu.com/ubuntu noble-updates/main amd64 mesa-vdpau-drivers amd64 25.2.8-0ubuntu0.24.04.4 [23.4 kB]
2026-10-08T22:26:18.8395528Z Get:97 http://azure.archive.ubuntu.com/ubuntu noble-updates/universe amd64 i965-va-driver amd64 2.4.1+dfsg1-1ubuntu0.2 [332 kB]
2026-10-08T22:26:18.9545642Z Get:98 http://azure.archive.ubuntu.com/ubuntu noble-updates/universe amd64 va-driver-all amd64 2.20.0-2ubuntu0.2 [5014 B]
2026-10-08T22:26:19.0662083Z Get:99 http://azure.archive.ubuntu.com/ubuntu noble/main amd64 vdpau-driver-all amd64 1.5-2build1 [4414 B]
2026-10-08T22:26:19.1778657Z Get:100 http://azure.archive.ubuntu.com/ubuntu noble/universe amd64 pocketsphinx-en-us all 0.8.0+real5prealpha+1-15ubuntu5 [27.4 MB]
2026-10-08T22:26:20.5300928Z Fetched 94.1 MB in 15s (6077 kB/s)
2026-10-08T22:26:20.5543732Z Selecting previously unselected package libva2:amd64.
2026-10-08T22:26:20.5804213Z (Reading database ... 
2026-10-08T22:26:20.5804933Z (Reading database ... 5%
2026-10-08T22:26:20.5805446Z (Reading database ... 10%
2026-10-08T22:26:20.5805774Z (Reading database ... 15%
2026-10-08T22:26:20.5806301Z (Reading database ... 20%
2026-10-08T22:26:20.5806493Z (Reading database ... 25%
2026-10-08T22:26:20.5806686Z (Reading database ... 30%
2026-10-08T22:26:20.5806890Z (Reading database ... 35%
2026-10-08T22:26:20.5807088Z (Reading database ... 40%
2026-10-08T22:26:20.5807282Z (Reading database ... 45%
2026-10-08T22:26:20.5807479Z (Reading database ... 50%
2026-10-08T22:26:20.5838596Z (Reading database ... 55%
2026-10-08T22:26:20.6779140Z (Reading database ... 60%
2026-10-08T22:26:20.9350376Z (Reading database ... 65%
2026-10-08T22:26:21.0761804Z (Reading database ... 70%
2026-10-08T22:26:21.2809289Z (Reading database ... 75%
2026-10-08T22:26:21.4252498Z (Reading database ... 80%
2026-10-08T22:26:21.6721109Z (Reading database ... 85%
2026-10-08T22:26:21.8767831Z (Reading database ... 90%
2026-10-08T22:26:22.0353475Z (Reading database ... 95%
2026-10-08T22:26:22.0353819Z (Reading database ... 100%
2026-10-08T22:26:22.0354174Z (Reading database ... 203191 files and directories currently installed.)
2026-10-08T22:26:22.0396223Z Preparing to unpack .../00-libva2_2.20.0-2ubuntu0.2_amd64.deb ...
2026-10-08T22:26:22.0477266Z Unpacking libva2:amd64 (2.20.0-2ubuntu0.2) ...
2026-10-08T22:26:22.0730789Z Selecting previously unselected package libva-drm2:amd64.
2026-10-08T22:26:22.0842745Z Preparing to unpack .../01-libva-drm2_2.20.0-2ubuntu0.2_amd64.deb ...
2026-10-08T22:26:22.0848968Z Unpacking libva-drm2:amd64 (2.20.0-2ubuntu0.2) ...
2026-10-08T22:26:22.1020140Z Selecting previously unselected package libva-x11-2:amd64.
2026-10-08T22:26:22.1131434Z Preparing to unpack .../02-libva-x11-2_2.20.0-2ubuntu0.2_amd64.deb ...
2026-10-08T22:26:22.1137799Z Unpacking libva-x11-2:amd64 (2.20.0-2ubuntu0.2) ...
2026-10-08T22:26:22.1306586Z Selecting previously unselected package libvdpau1:amd64.
2026-10-08T22:26:22.1417899Z Preparing to unpack .../03-libvdpau1_1.5-2build1_amd64.deb ...
2026-10-08T22:26:22.1422947Z Unpacking libvdpau1:amd64 (1.5-2build1) ...
2026-10-08T22:26:22.1589578Z Selecting previously unselected package libvpl2.
2026-10-08T22:26:22.1700601Z Preparing to unpack .../04-libvpl2_2023.3.0-1build1_amd64.deb ...
2026-10-08T22:26:22.1759647Z Unpacking libvpl2 (2023.3.0-1build1) ...
2026-10-08T22:26:22.1945028Z Selecting previously unselected package ocl-icd-libopencl1:amd64.
2026-10-08T22:26:22.2054329Z Preparing to unpack .../05-ocl-icd-libopencl1_2.3.2-1build1_amd64.deb ...
2026-10-08T22:26:22.2102166Z Unpacking ocl-icd-libopencl1:amd64 (2.3.2-1build1) ...
2026-10-08T22:26:22.2293413Z Selecting previously unselected package libavutil58:amd64.
2026-10-08T22:26:22.2402262Z Preparing to unpack .../06-libavutil58_7%3a6.1.1-3ubuntu5_amd64.deb ...
2026-10-08T22:26:22.2408360Z Unpacking libavutil58:amd64 (7:6.1.1-3ubuntu5) ...
2026-10-08T22:26:22.2651948Z Selecting previously unselected package libcodec2-1.2:amd64.
2026-10-08T22:26:22.2761393Z Preparing to unpack .../07-libcodec2-1.2_1.2.0-2build1_amd64.deb ...
2026-10-08T22:26:22.2767495Z Unpacking libcodec2-1.2:amd64 (1.2.0-2build1) ...
2026-10-08T22:26:22.4112574Z Selecting previously unselected package libdav1d7:amd64.
2026-10-08T22:26:22.4225112Z Preparing to unpack .../08-libdav1d7_1.4.1-1build1_amd64.deb ...
2026-10-08T22:26:22.4230630Z Unpacking libdav1d7:amd64 (1.4.1-1build1) ...
2026-10-08T22:26:22.4522080Z Selecting previously unselected package libgsm1:amd64.
2026-10-08T22:26:22.4633467Z Preparing to unpack .../09-libgsm1_1.0.22-1build1_amd64.deb ...
2026-10-08T22:26:22.4639241Z Unpacking libgsm1:amd64 (1.0.22-1build1) ...
2026-10-08T22:26:22.4806360Z Selecting previously unselected package libhwy1t64:amd64.
2026-10-08T22:26:22.4916541Z Preparing to unpack .../10-libhwy1t64_1.0.7-8.1build1_amd64.deb ...
2026-10-08T22:26:22.4922596Z Unpacking libhwy1t64:amd64 (1.0.7-8.1build1) ...
2026-10-08T22:26:22.5340215Z Selecting previously unselected package libjxl0.7:amd64.
2026-10-08T22:26:22.5452327Z Preparing to unpack .../11-libjxl0.7_0.7.0-10.2ubuntu6.1_amd64.deb ...
2026-10-08T22:26:22.5458135Z Unpacking libjxl0.7:amd64 (0.7.0-10.2ubuntu6.1) ...
2026-10-08T22:26:22.5899486Z Selecting previously unselected package libmp3lame0:amd64.
2026-10-08T22:26:22.6011455Z Preparing to unpack .../12-libmp3lame0_3.100-6build1_amd64.deb ...
2026-10-08T22:26:22.6017172Z Unpacking libmp3lame0:amd64 (3.100-6build1) ...
2026-10-08T22:26:22.6201416Z Selecting previously unselected package libopus0:amd64.
2026-10-08T22:26:22.6310988Z Preparing to unpack .../13-libopus0_1.4-1build1_amd64.deb ...
2026-10-08T22:26:22.6317529Z Unpacking libopus0:amd64 (1.4-1build1) ...
2026-10-08T22:26:22.6506089Z Selecting previously unselected package librav1e0:amd64.
2026-10-08T22:26:22.6615308Z Preparing to unpack .../14-librav1e0_0.7.1-2_amd64.deb ...
2026-10-08T22:26:22.6620903Z Unpacking librav1e0:amd64 (0.7.1-2) ...
2026-10-08T22:26:22.7028964Z Selecting previously unselected package librsvg2-2:amd64.
2026-10-08T22:26:22.7142562Z Preparing to unpack .../15-librsvg2-2_2.58.0+dfsg-1ubuntu0.1_amd64.deb ...
2026-10-08T22:26:22.7148739Z Unpacking librsvg2-2:amd64 (2.58.0+dfsg-1ubuntu0.1) ...
2026-10-08T22:26:22.7819585Z Selecting previously unselected package libshine3:amd64.
2026-10-08T22:26:22.7930284Z Preparing to unpack .../16-libshine3_3.1.1-2build1_amd64.deb ...
2026-10-08T22:26:22.7936309Z Unpacking libshine3:amd64 (3.1.1-2build1) ...
2026-10-08T22:26:22.8093840Z Selecting previously unselected package libspeex1:amd64.
2026-10-08T22:26:22.8202362Z Preparing to unpack .../17-libspeex1_1.2.1-2ubuntu2.24.04.1_amd64.deb ...
2026-10-08T22:26:22.8208361Z Unpacking libspeex1:amd64 (1.2.1-2ubuntu2.24.04.1) ...
2026-10-08T22:26:22.8372126Z Selecting previously unselected package libsvtav1enc1d1:amd64.
2026-10-08T22:26:22.8481241Z Preparing to unpack .../18-libsvtav1enc1d1_1.7.0+dfsg-2build1_amd64.deb ...
2026-10-08T22:26:22.8487724Z Unpacking libsvtav1enc1d1:amd64 (1.7.0+dfsg-2build1) ...
2026-10-08T22:26:22.9181834Z Selecting previously unselected package libsoxr0:amd64.
2026-10-08T22:26:22.9294214Z Preparing to unpack .../19-libsoxr0_0.1.3-4build3_amd64.deb ...
2026-10-08T22:26:22.9300217Z Unpacking libsoxr0:amd64 (0.1.3-4build3) ...
2026-10-08T22:26:22.9550928Z Selecting previously unselected package libswresample4:amd64.
2026-10-08T22:26:22.9662993Z Preparing to unpack .../20-libswresample4_7%3a6.1.1-3ubuntu5_amd64.deb ...
2026-10-08T22:26:22.9669312Z Unpacking libswresample4:amd64 (7:6.1.1-3ubuntu5) ...
2026-10-08T22:26:22.9842678Z Selecting previously unselected package libtheora0:amd64.
2026-10-08T22:26:22.9953196Z Preparing to unpack .../21-libtheora0_1.1.1+dfsg.1-16.1build3_amd64.deb ...
2026-10-08T22:26:22.9958648Z Unpacking libtheora0:amd64 (1.1.1+dfsg.1-16.1build3) ...
2026-10-08T22:26:23.0162240Z Selecting previously unselected package libtwolame0:amd64.
2026-10-08T22:26:23.0271188Z Preparing to unpack .../22-libtwolame0_0.4.0-2build3_amd64.deb ...
2026-10-08T22:26:23.0277411Z Unpacking libtwolame0:amd64 (0.4.0-2build3) ...
2026-10-08T22:26:23.0449783Z Selecting previously unselected package libvorbisenc2:amd64.
2026-10-08T22:26:23.0561914Z Preparing to unpack .../23-libvorbisenc2_1.3.7-1build3_amd64.deb ...
2026-10-08T22:26:23.0607238Z Unpacking libvorbisenc2:amd64 (1.3.7-1build3) ...
2026-10-08T22:26:23.0809938Z Selecting previously unselected package libvpx9:amd64.
2026-10-08T22:26:23.0921650Z Preparing to unpack .../24-libvpx9_1.14.0-1ubuntu2.3_amd64.deb ...
2026-10-08T22:26:23.0927990Z Unpacking libvpx9:amd64 (1.14.0-1ubuntu2.3) ...
2026-10-08T22:26:23.1336862Z Selecting previously unselected package libx264-164:amd64.
2026-10-08T22:26:23.1447628Z Preparing to unpack .../25-libx264-164_2%3a0.164.3108+git31e19f9-1_amd64.deb ...
2026-10-08T22:26:23.1454410Z Unpacking libx264-164:amd64 (2:0.164.3108+git31e19f9-1) ...
2026-10-08T22:26:23.1769953Z Selecting previously unselected package libx265-199:amd64.
2026-10-08T22:26:23.1882765Z Preparing to unpack .../26-libx265-199_3.5-2build1_amd64.deb ...
2026-10-08T22:26:23.1888393Z Unpacking libx265-199:amd64 (3.5-2build1) ...
2026-10-08T22:26:23.3186536Z Selecting previously unselected package libxvidcore4:amd64.
2026-10-08T22:26:23.3302398Z Preparing to unpack .../27-libxvidcore4_2%3a1.3.7-1build1_amd64.deb ...
2026-10-08T22:26:23.3379096Z Unpacking libxvidcore4:amd64 (2:1.3.7-1build1) ...
2026-10-08T22:26:23.3923769Z Selecting previously unselected package libzvbi-common.
2026-10-08T22:26:23.4048675Z Preparing to unpack .../28-libzvbi-common_0.2.42-2_all.deb ...
2026-10-08T22:26:23.4176017Z Unpacking libzvbi-common (0.2.42-2) ...
2026-10-08T22:26:23.4530179Z Selecting previously unselected package libzvbi0t64:amd64.
2026-10-08T22:26:23.4641905Z Preparing to unpack .../29-libzvbi0t64_0.2.42-2_amd64.deb ...
2026-10-08T22:26:23.4649118Z Unpacking libzvbi0t64:amd64 (0.2.42-2) ...
2026-10-08T22:26:23.4865330Z Selecting previously unselected package libavcodec60:amd64.
2026-10-08T22:26:23.4977218Z Preparing to unpack .../30-libavcodec60_7%3a6.1.1-3ubuntu5_amd64.deb ...
2026-10-08T22:26:23.4983546Z Unpacking libavcodec60:amd64 (7:6.1.1-3ubuntu5) ...
2026-10-08T22:26:23.6367067Z Selecting previously unselected package libraw1394-11:amd64.
2026-10-08T22:26:23.6478410Z Preparing to unpack .../31-libraw1394-11_2.1.2-2build3_amd64.deb ...
2026-10-08T22:26:23.6484847Z Unpacking libraw1394-11:amd64 (2.1.2-2build3) ...
2026-10-08T22:26:23.6666885Z Selecting previously unselected package libavc1394-0:amd64.
2026-10-08T22:26:23.6781318Z Preparing to unpack .../32-libavc1394-0_0.5.4-5build3_amd64.deb ...
2026-10-08T22:26:23.6786297Z Unpacking libavc1394-0:amd64 (0.5.4-5build3) ...
2026-10-08T22:26:23.6956254Z Selecting previously unselected package libunibreak5:amd64.
2026-10-08T22:26:23.7067124Z Preparing to unpack .../33-libunibreak5_5.1-2build1_amd64.deb ...
2026-10-08T22:26:23.7073297Z Unpacking libunibreak5:amd64 (5.1-2build1) ...
2026-10-08T22:26:23.7254245Z Selecting previously unselected package libass9:amd64.
2026-10-08T22:26:23.7364984Z Preparing to unpack .../34-libass9_1%3a0.17.1-2build1_amd64.deb ...
2026-10-08T22:26:23.7370845Z Unpacking libass9:amd64 (1:0.17.1-2build1) ...
2026-10-08T22:26:23.7587692Z Selecting previously unselected package libudfread0:amd64.
2026-10-08T22:26:23.7698391Z Preparing to unpack .../35-libudfread0_1.1.2-1build1_amd64.deb ...
2026-10-08T22:26:23.7704096Z Unpacking libudfread0:amd64 (1.1.2-1build1) ...
2026-10-08T22:26:23.7876796Z Selecting previously unselected package libbluray2:amd64.
2026-10-08T22:26:23.7990741Z Preparing to unpack .../36-libbluray2_1%3a1.3.4-1build1_amd64.deb ...
2026-10-08T22:26:23.7998121Z Unpacking libbluray2:amd64 (1:1.3.4-1build1) ...
2026-10-08T22:26:23.8190667Z Selecting previously unselected package libchromaprint1:amd64.
2026-10-08T22:26:23.8303904Z Preparing to unpack .../37-libchromaprint1_1.5.1-5_amd64.deb ...
2026-10-08T22:26:23.8310242Z Unpacking libchromaprint1:amd64 (1.5.1-5) ...
2026-10-08T22:26:23.8487454Z Selecting previously unselected package libgme0:amd64.
2026-10-08T22:26:23.8599025Z Preparing to unpack .../38-libgme0_0.6.3-7build1_amd64.deb ...
2026-10-08T22:26:23.8605687Z Unpacking libgme0:amd64 (0.6.3-7build1) ...
2026-10-08T22:26:23.8817958Z Selecting previously unselected package libmpg123-0t64:amd64.
2026-10-08T22:26:23.8931633Z Preparing to unpack .../39-libmpg123-0t64_1.32.5-1ubuntu1.1_amd64.deb ...
2026-10-08T22:26:23.8938466Z Unpacking libmpg123-0t64:amd64 (1.32.5-1ubuntu1.1) ...
2026-10-08T22:26:23.9137981Z Selecting previously unselected package libopenmpt0t64:amd64.
2026-10-08T22:26:23.9252428Z Preparing to unpack .../40-libopenmpt0t64_0.7.3-1.1build3_amd64.deb ...
2026-10-08T22:26:23.9260030Z Unpacking libopenmpt0t64:amd64 (0.7.3-1.1build3) ...
2026-10-08T22:26:23.9541818Z Selecting previously unselected package libcjson1:amd64.
2026-10-08T22:26:23.9654699Z Preparing to unpack .../41-libcjson1_1.7.17-1_amd64.deb ...
2026-10-08T22:26:23.9661545Z Unpacking libcjson1:amd64 (1.7.17-1) ...
2026-10-08T22:26:23.9835453Z Selecting previously unselected package libmbedcrypto7t64:amd64.
2026-10-08T22:26:23.9948151Z Preparing to unpack .../42-libmbedcrypto7t64_2.28.8-1_amd64.deb ...
2026-10-08T22:26:23.9954228Z Unpacking libmbedcrypto7t64:amd64 (2.28.8-1) ...
2026-10-08T22:26:24.0153722Z Selecting previously unselected package librist4:amd64.
2026-10-08T22:26:24.0266424Z Preparing to unpack .../43-librist4_0.2.10+dfsg-2_amd64.deb ...
2026-10-08T22:26:24.0273422Z Unpacking librist4:amd64 (0.2.10+dfsg-2) ...
2026-10-08T22:26:24.1932084Z Selecting previously unselected package libsrt1.5-gnutls:amd64.
2026-10-08T22:26:24.2043679Z Preparing to unpack .../44-libsrt1.5-gnutls_1.5.3-1build2_amd64.deb ...
2026-10-08T22:26:24.2052563Z Unpacking libsrt1.5-gnutls:amd64 (1.5.3-1build2) ...
2026-10-08T22:26:24.2281104Z Selecting previously unselected package libssh-gcrypt-4:amd64.
2026-10-08T22:26:24.2393701Z Preparing to unpack .../45-libssh-gcrypt-4_0.10.6-2ubuntu0.5_amd64.deb ...
2026-10-08T22:26:24.2400556Z Unpacking libssh-gcrypt-4:amd64 (0.10.6-2ubuntu0.5) ...
2026-10-08T22:26:24.2619843Z Selecting previously unselected package libavformat60:amd64.
2026-10-08T22:26:24.2730977Z Preparing to unpack .../46-libavformat60_7%3a6.1.1-3ubuntu5_amd64.deb ...
2026-10-08T22:26:24.2737753Z Unpacking libavformat60:amd64 (7:6.1.1-3ubuntu5) ...
2026-10-08T22:26:24.3126842Z Selecting previously unselected package libbs2b0:amd64.
2026-10-08T22:26:24.3239038Z Preparing to unpack .../47-libbs2b0_3.1.0+dfsg-7build1_amd64.deb ...
2026-10-08T22:26:24.3246291Z Unpacking libbs2b0:amd64 (3.1.0+dfsg-7build1) ...
2026-10-08T22:26:24.3482410Z Selecting previously unselected package libflite1:amd64.
2026-10-08T22:26:24.3595902Z Preparing to unpack .../48-libflite1_2.2-6build3_amd64.deb ...
2026-10-08T22:26:24.3602131Z Unpacking libflite1:amd64 (2.2-6build3) ...
2026-10-08T22:26:24.5177288Z Selecting previously unselected package libserd-0-0:amd64.
2026-10-08T22:26:24.5289972Z Preparing to unpack .../49-libserd-0-0_0.32.2-1_amd64.deb ...
2026-10-08T22:26:24.5296188Z Unpacking libserd-0-0:amd64 (0.32.2-1) ...
2026-10-08T22:26:24.5466571Z Selecting previously unselected package libzix-0-0:amd64.
2026-10-08T22:26:24.5577381Z Preparing to unpack .../50-libzix-0-0_0.4.2-2build1_amd64.deb ...
2026-10-08T22:26:24.5583715Z Unpacking libzix-0-0:amd64 (0.4.2-2build1) ...
2026-10-08T22:26:24.5777182Z Selecting previously unselected package libsord-0-0:amd64.
2026-10-08T22:26:24.5888964Z Preparing to unpack .../51-libsord-0-0_0.16.16-2build1_amd64.deb ...
2026-10-08T22:26:24.5895399Z Unpacking libsord-0-0:amd64 (0.16.16-2build1) ...
2026-10-08T22:26:24.6066317Z Selecting previously unselected package libsratom-0-0:amd64.
2026-10-08T22:26:24.6177386Z Preparing to unpack .../52-libsratom-0-0_0.6.16-1build1_amd64.deb ...
2026-10-08T22:26:24.6183841Z Unpacking libsratom-0-0:amd64 (0.6.16-1build1) ...
2026-10-08T22:26:24.6350112Z Selecting previously unselected package liblilv-0-0:amd64.
2026-10-08T22:26:24.6460061Z Preparing to unpack .../53-liblilv-0-0_0.24.22-1build1_amd64.deb ...
2026-10-08T22:26:24.6466844Z Unpacking liblilv-0-0:amd64 (0.24.22-1build1) ...
2026-10-08T22:26:24.6635667Z Selecting previously unselected package libmysofa1:amd64.
2026-10-08T22:26:24.6745858Z Preparing to unpack .../54-libmysofa1_1.3.2+dfsg-2ubuntu2_amd64.deb ...
2026-10-08T22:26:24.6751666Z Unpacking libmysofa1:amd64 (1.3.2+dfsg-2ubuntu2) ...
2026-10-08T22:26:24.7053897Z Selecting previously unselected package libplacebo338:amd64.
2026-10-08T22:26:24.7165655Z Preparing to unpack .../55-libplacebo338_6.338.2-2build1_amd64.deb ...
2026-10-08T22:26:24.7171328Z Unpacking libplacebo338:amd64 (6.338.2-2build1) ...
2026-10-08T22:26:24.7967329Z Selecting previously unselected package libblas3:amd64.
2026-10-08T22:26:24.8079017Z Preparing to unpack .../56-libblas3_3.12.0-3build1.1_amd64.deb ...
2026-10-08T22:26:24.8105417Z Unpacking libblas3:amd64 (3.12.0-3build1.1) ...
2026-10-08T22:26:24.8329010Z Selecting previously unselected package liblapack3:amd64.
2026-10-08T22:26:24.8446225Z Preparing to unpack .../57-liblapack3_3.12.0-3build1.1_amd64.deb ...
2026-10-08T22:26:24.8473621Z Unpacking liblapack3:amd64 (3.12.0-3build1.1) ...
2026-10-08T22:26:24.9189800Z Selecting previously unselected package libasyncns0:amd64.
2026-10-08T22:26:24.9302053Z Preparing to unpack .../58-libasyncns0_0.8-6build4_amd64.deb ...
2026-10-08T22:26:24.9308396Z Unpacking libasyncns0:amd64 (0.8-6build4) ...
2026-10-08T22:26:24.9472099Z Selecting previously unselected package libflac12t64:amd64.
2026-10-08T22:26:24.9580483Z Preparing to unpack .../59-libflac12t64_1.4.3+ds-2.1ubuntu2_amd64.deb ...
2026-10-08T22:26:24.9586064Z Unpacking libflac12t64:amd64 (1.4.3+ds-2.1ubuntu2) ...
2026-10-08T22:26:24.9779271Z Selecting previously unselected package libsndfile1:amd64.
2026-10-08T22:26:24.9888700Z Preparing to unpack .../60-libsndfile1_1.2.2-1ubuntu5.24.04.1_amd64.deb ...
2026-10-08T22:26:24.9894792Z Unpacking libsndfile1:amd64 (1.2.2-1ubuntu5.24.04.1) ...
2026-10-08T22:26:25.0107480Z Selecting previously unselected package libpulse0:amd64.
2026-10-08T22:26:25.0277752Z Preparing to unpack .../61-libpulse0_1%3a16.1+dfsg1-2ubuntu10.1_amd64.deb ...
2026-10-08T22:26:25.0280820Z Unpacking libpulse0:amd64 (1:16.1+dfsg1-2ubuntu10.1) ...
2026-10-08T22:26:25.0512067Z Selecting previously unselected package libsphinxbase3t64:amd64.
2026-10-08T22:26:25.0624811Z Preparing to unpack .../62-libsphinxbase3t64_0.8+5prealpha+1-17build2_amd64.deb ...
2026-10-08T22:26:25.0631093Z Unpacking libsphinxbase3t64:amd64 (0.8+5prealpha+1-17build2) ...
2026-10-08T22:26:25.0815857Z Selecting previously unselected package libpocketsphinx3:amd64.
2026-10-08T22:26:25.0923885Z Preparing to unpack .../63-libpocketsphinx3_0.8.0+real5prealpha+1-15ubuntu5_amd64.deb ...
2026-10-08T22:26:25.0929953Z Unpacking libpocketsphinx3:amd64 (0.8.0+real5prealpha+1-15ubuntu5) ...
2026-10-08T22:26:25.1207382Z Selecting previously unselected package libpostproc57:amd64.
2026-10-08T22:26:25.1317710Z Preparing to unpack .../64-libpostproc57_7%3a6.1.1-3ubuntu5_amd64.deb ...
2026-10-08T22:26:25.1323660Z Unpacking libpostproc57:amd64 (7:6.1.1-3ubuntu5) ...
2026-10-08T22:26:25.1496996Z Selecting previously unselected package libsamplerate0:amd64.
2026-10-08T22:26:25.1608487Z Preparing to unpack .../65-libsamplerate0_0.2.2-4build1_amd64.deb ...
2026-10-08T22:26:25.1614958Z Unpacking libsamplerate0:amd64 (0.2.2-4build1) ...
2026-10-08T22:26:25.1877496Z Selecting previously unselected package librubberband2:amd64.
2026-10-08T22:26:25.1988930Z Preparing to unpack .../66-librubberband2_3.3.0+dfsg-2build1_amd64.deb ...
2026-10-08T22:26:25.1995638Z Unpacking librubberband2:amd64 (3.3.0+dfsg-2build1) ...
2026-10-08T22:26:25.2174984Z Selecting previously unselected package libswscale7:amd64.
2026-10-08T22:26:25.2286504Z Preparing to unpack .../67-libswscale7_7%3a6.1.1-3ubuntu5_amd64.deb ...
2026-10-08T22:26:25.2294075Z Unpacking libswscale7:amd64 (7:6.1.1-3ubuntu5) ...
2026-10-08T22:26:25.2518122Z Selecting previously unselected package libvidstab1.1:amd64.
2026-10-08T22:26:25.2627991Z Preparing to unpack .../68-libvidstab1.1_1.1.0-2build1_amd64.deb ...
2026-10-08T22:26:25.2634950Z Unpacking libvidstab1.1:amd64 (1.1.0-2build1) ...
2026-10-08T22:26:25.2809838Z Selecting previously unselected package libzimg2:amd64.
2026-10-08T22:26:25.2918953Z Preparing to unpack .../69-libzimg2_3.0.5+ds1-1build1_amd64.deb ...
2026-10-08T22:26:25.2924929Z Unpacking libzimg2:amd64 (3.0.5+ds1-1build1) ...
2026-10-08T22:26:25.3165885Z Selecting previously unselected package libavfilter9:amd64.
2026-10-08T22:26:25.3277017Z Preparing to unpack .../70-libavfilter9_7%3a6.1.1-3ubuntu5_amd64.deb ...
2026-10-08T22:26:25.3283061Z Unpacking libavfilter9:amd64 (7:6.1.1-3ubuntu5) ...
2026-10-08T22:26:25.4428543Z Selecting previously unselected package libcaca0:amd64.
2026-10-08T22:26:25.4539137Z Preparing to unpack .../71-libcaca0_0.99.beta20-4ubuntu0.2_amd64.deb ...
2026-10-08T22:26:25.4545803Z Unpacking libcaca0:amd64 (0.99.beta20-4ubuntu0.2) ...
2026-10-08T22:26:25.4767301Z Selecting previously unselected package libcdio19t64:amd64.
2026-10-08T22:26:25.4878651Z Preparing to unpack .../72-libcdio19t64_2.1.0-4.1ubuntu1.2_amd64.deb ...
2026-10-08T22:26:25.4885348Z Unpacking libcdio19t64:amd64 (2.1.0-4.1ubuntu1.2) ...
2026-10-08T22:26:25.5067105Z Selecting previously unselected package libcdio-cdda2t64:amd64.
2026-10-08T22:26:25.5178202Z Preparing to unpack .../73-libcdio-cdda2t64_10.2+2.0.1-1.1build2_amd64.deb ...
2026-10-08T22:26:25.5184374Z Unpacking libcdio-cdda2t64:amd64 (10.2+2.0.1-1.1build2) ...
2026-10-08T22:26:25.5356911Z Selecting previously unselected package libcdio-paranoia2t64:amd64.
2026-10-08T22:26:25.5465778Z Preparing to unpack .../74-libcdio-paranoia2t64_10.2+2.0.1-1.1build2_amd64.deb ...
2026-10-08T22:26:25.5472305Z Unpacking libcdio-paranoia2t64:amd64 (10.2+2.0.1-1.1build2) ...
2026-10-08T22:26:25.5674008Z Selecting previously unselected package libdc1394-25:amd64.
2026-10-08T22:26:25.5782138Z Preparing to unpack .../75-libdc1394-25_2.2.6-4build1_amd64.deb ...
2026-10-08T22:26:25.5788810Z Unpacking libdc1394-25:amd64 (2.2.6-4build1) ...
2026-10-08T22:26:25.5962266Z Selecting previously unselected package libiec61883-0:amd64.
2026-10-08T22:26:25.6075531Z Preparing to unpack .../76-libiec61883-0_1.2.0-6build1_amd64.deb ...
2026-10-08T22:26:25.6082040Z Unpacking libiec61883-0:amd64 (1.2.0-6build1) ...
2026-10-08T22:26:25.6350962Z Selecting previously unselected package libjack-jackd2-0:amd64.
2026-10-08T22:26:25.6460898Z Preparing to unpack .../77-libjack-jackd2-0_1.9.21~dfsg-3ubuntu3_amd64.deb ...
2026-10-08T22:26:25.6468470Z Unpacking libjack-jackd2-0:amd64 (1.9.21~dfsg-3ubuntu3) ...
2026-10-08T22:26:25.6693310Z Selecting previously unselected package libopenal-data.
2026-10-08T22:26:25.6803975Z Preparing to unpack .../78-libopenal-data_1%3a1.23.1-4build1_all.deb ...
2026-10-08T22:26:25.6809656Z Unpacking libopenal-data (1:1.23.1-4build1) ...
2026-10-08T22:26:25.6996307Z Selecting previously unselected package libsndio7.0:amd64.
2026-10-08T22:26:25.7106560Z Preparing to unpack .../79-libsndio7.0_1.9.0-0.3build3_amd64.deb ...
2026-10-08T22:26:25.7232118Z Unpacking libsndio7.0:amd64 (1.9.0-0.3build3) ...
2026-10-08T22:26:25.7405512Z Selecting previously unselected package libopenal1:amd64.
2026-10-08T22:26:25.7515735Z Preparing to unpack .../80-libopenal1_1%3a1.23.1-4build1_amd64.deb ...
2026-10-08T22:26:25.7521564Z Unpacking libopenal1:amd64 (1:1.23.1-4build1) ...
2026-10-08T22:26:25.7774152Z Selecting previously unselected package libdecor-0-0:amd64.
2026-10-08T22:26:25.7885331Z Preparing to unpack .../81-libdecor-0-0_0.2.2-1build2_amd64.deb ...
2026-10-08T22:26:25.7891288Z Unpacking libdecor-0-0:amd64 (0.2.2-1build2) ...
2026-10-08T22:26:25.8134044Z Selecting previously unselected package libsdl2-2.0-0:amd64.
2026-10-08T22:26:25.8243270Z Preparing to unpack .../82-libsdl2-2.0-0_2.30.0+dfsg-1ubuntu3.1_amd64.deb ...
2026-10-08T22:26:25.8249277Z Unpacking libsdl2-2.0-0:amd64 (2.30.0+dfsg-1ubuntu3.1) ...
2026-10-08T22:26:25.9012445Z Selecting previously unselected package libxcb-shape0:amd64.
2026-10-08T22:26:25.9124026Z Preparing to unpack .../83-libxcb-shape0_1.15-1ubuntu2_amd64.deb ...
2026-10-08T22:26:25.9130070Z Unpacking libxcb-shape0:amd64 (1.15-1ubuntu2) ...
2026-10-08T22:26:25.9293608Z Selecting previously unselected package libxv1:amd64.
2026-10-08T22:26:25.9404927Z Preparing to unpack .../84-libxv1_2%3a1.0.11-1.1build1_amd64.deb ...
2026-10-08T22:26:25.9411356Z Unpacking libxv1:amd64 (2:1.0.11-1.1build1) ...
2026-10-08T22:26:25.9584869Z Selecting previously unselected package libavdevice60:amd64.
2026-10-08T22:26:25.9697895Z Preparing to unpack .../85-libavdevice60_7%3a6.1.1-3ubuntu5_amd64.deb ...
2026-10-08T22:26:25.9704683Z Unpacking libavdevice60:amd64 (7:6.1.1-3ubuntu5) ...
2026-10-08T22:26:25.9877963Z Selecting previously unselected package ffmpeg.
2026-10-08T22:26:25.9987645Z Preparing to unpack .../86-ffmpeg_7%3a6.1.1-3ubuntu5_amd64.deb ...
2026-10-08T22:26:25.9993060Z Unpacking ffmpeg (7:6.1.1-3ubuntu5) ...
2026-10-08T22:26:26.0351563Z Selecting previously unselected package libigdgmm12:amd64.
2026-10-08T22:26:26.0463050Z Preparing to unpack .../87-libigdgmm12_22.3.17+ds1-1ubuntu1_amd64.deb ...
2026-10-08T22:26:26.0469272Z Unpacking libigdgmm12:amd64 (22.3.17+ds1-1ubuntu1) ...
2026-10-08T22:26:26.0664702Z Selecting previously unselected package intel-media-va-driver:amd64.
2026-10-08T22:26:26.0776844Z Preparing to unpack .../88-intel-media-va-driver_24.1.0+dfsg1-1ubuntu0.2_amd64.deb ...
2026-10-08T22:26:26.0791566Z Unpacking intel-media-va-driver:amd64 (24.1.0+dfsg1-1ubuntu0.2) ...
2026-10-08T22:26:26.1908913Z Selecting previously unselected package libaacs0:amd64.
2026-10-08T22:26:26.2021418Z Preparing to unpack .../89-libaacs0_0.11.1-2build1_amd64.deb ...
2026-10-08T22:26:26.2028147Z Unpacking libaacs0:amd64 (0.11.1-2build1) ...
2026-10-08T22:26:26.2199703Z Selecting previously unselected package libbdplus0:amd64.
2026-10-08T22:26:26.2308412Z Preparing to unpack .../90-libbdplus0_0.2.0-3build1_amd64.deb ...
2026-10-08T22:26:26.2315994Z Unpacking libbdplus0:amd64 (0.2.0-3build1) ...
2026-10-08T22:26:26.2492989Z Selecting previously unselected package libdecor-0-plugin-1-gtk:amd64.
2026-10-08T22:26:26.2600900Z Preparing to unpack .../91-libdecor-0-plugin-1-gtk_0.2.2-1build2_amd64.deb ...
2026-10-08T22:26:26.2607339Z Unpacking libdecor-0-plugin-1-gtk:amd64 (0.2.2-1build2) ...
2026-10-08T22:26:26.2774911Z Selecting previously unselected package librsvg2-common:amd64.
2026-10-08T22:26:26.2883150Z Preparing to unpack .../92-librsvg2-common_2.58.0+dfsg-1ubuntu0.1_amd64.deb ...
2026-10-08T22:26:26.2888563Z Unpacking librsvg2-common:amd64 (2.58.0+dfsg-1ubuntu0.1) ...
2026-10-08T22:26:26.3149708Z Selecting previously unselected package mesa-va-drivers:amd64.
2026-10-08T22:26:26.3260338Z Preparing to unpack .../93-mesa-va-drivers_25.2.8-0ubuntu0.24.04.4_amd64.deb ...
2026-10-08T22:26:26.3266580Z Unpacking mesa-va-drivers:amd64 (25.2.8-0ubuntu0.24.04.4) ...
2026-10-08T22:26:26.3439486Z Selecting previously unselected package mesa-vdpau-drivers:amd64.
2026-10-08T22:26:26.3549256Z Preparing to unpack .../94-mesa-vdpau-drivers_25.2.8-0ubuntu0.24.04.4_amd64.deb ...
2026-10-08T22:26:26.3555218Z Unpacking mesa-vdpau-drivers:amd64 (25.2.8-0ubuntu0.24.04.4) ...
2026-10-08T22:26:26.3726272Z Selecting previously unselected package i965-va-driver:amd64.
2026-10-08T22:26:26.3833591Z Preparing to unpack .../95-i965-va-driver_2.4.1+dfsg1-1ubuntu0.2_amd64.deb ...
2026-10-08T22:26:26.3838953Z Unpacking i965-va-driver:amd64 (2.4.1+dfsg1-1ubuntu0.2) ...
2026-10-08T22:26:26.4375559Z Selecting previously unselected package va-driver-all:amd64.
2026-10-08T22:26:26.4487870Z Preparing to unpack .../96-va-driver-all_2.20.0-2ubuntu0.2_amd64.deb ...
2026-10-08T22:26:26.4494005Z Unpacking va-driver-all:amd64 (2.20.0-2ubuntu0.2) ...
2026-10-08T22:26:26.4651156Z Selecting previously unselected package vdpau-driver-all:amd64.
2026-10-08T22:26:26.4761504Z Preparing to unpack .../97-vdpau-driver-all_1.5-2build1_amd64.deb ...
2026-10-08T22:26:26.4766380Z Unpacking vdpau-driver-all:amd64 (1.5-2build1) ...
2026-10-08T22:26:26.4962775Z Selecting previously unselected package pocketsphinx-en-us.
2026-10-08T22:26:26.5074096Z Preparing to unpack .../98-pocketsphinx-en-us_0.8.0+real5prealpha+1-15ubuntu5_all.deb ...
2026-10-08T22:26:26.5081940Z Unpacking pocketsphinx-en-us (0.8.0+real5prealpha+1-15ubuntu5) ...
2026-10-08T22:26:26.7938984Z Setting up libgme0:amd64 (0.6.3-7build1) ...
2026-10-08T22:26:26.7956443Z Setting up libchromaprint1:amd64 (1.5.1-5) ...
2026-10-08T22:26:26.7969530Z Setting up libssh-gcrypt-4:amd64 (0.10.6-2ubuntu0.5) ...
2026-10-08T22:26:26.7984295Z Setting up libhwy1t64:amd64 (1.0.7-8.1build1) ...
2026-10-08T22:26:26.7997158Z Setting up libudfread0:amd64 (1.1.2-1build1) ...
2026-10-08T22:26:26.8011697Z Setting up libraw1394-11:amd64 (2.1.2-2build3) ...
2026-10-08T22:26:26.8026006Z Setting up libspeex1:amd64 (1.2.1-2ubuntu2.24.04.1) ...
2026-10-08T22:26:26.8039864Z Setting up libshine3:amd64 (3.1.1-2build1) ...
2026-10-08T22:26:26.8052363Z Setting up libcaca0:amd64 (0.99.beta20-4ubuntu0.2) ...
2026-10-08T22:26:26.8066914Z Setting up libvpl2 (2023.3.0-1build1) ...
2026-10-08T22:26:26.8082020Z Setting up libx264-164:amd64 (2:0.164.3108+git31e19f9-1) ...
2026-10-08T22:26:26.8095066Z Setting up libtwolame0:amd64 (0.4.0-2build3) ...
2026-10-08T22:26:26.8109560Z Setting up libmbedcrypto7t64:amd64 (2.28.8-1) ...
2026-10-08T22:26:26.8123553Z Setting up libgsm1:amd64 (1.0.22-1build1) ...
2026-10-08T22:26:26.8136591Z Setting up libsoxr0:amd64 (0.1.3-4build3) ...
2026-10-08T22:26:26.8151566Z Setting up libzix-0-0:amd64 (0.4.2-2build1) ...
2026-10-08T22:26:26.8165051Z Setting up libcodec2-1.2:amd64 (1.2.0-2build1) ...
2026-10-08T22:26:26.8180005Z Setting up libmysofa1:amd64 (1.3.2+dfsg-2ubuntu2) ...
2026-10-08T22:26:26.8193039Z Setting up libxcb-shape0:amd64 (1.15-1ubuntu2) ...
2026-10-08T22:26:26.8205877Z Setting up libcdio19t64:amd64 (2.1.0-4.1ubuntu1.2) ...
2026-10-08T22:26:26.8227243Z Setting up libsvtav1enc1d1:amd64 (1.7.0+dfsg-2build1) ...
2026-10-08T22:26:26.8240450Z Setting up libigdgmm12:amd64 (22.3.17+ds1-1ubuntu1) ...
2026-10-08T22:26:26.8254261Z Setting up libmpg123-0t64:amd64 (1.32.5-1ubuntu1.1) ...
2026-10-08T22:26:26.8270000Z Setting up libcjson1:amd64 (1.7.17-1) ...
2026-10-08T22:26:26.8283065Z Setting up libxvidcore4:amd64 (2:1.3.7-1build1) ...
2026-10-08T22:26:26.8298442Z Setting up librav1e0:amd64 (0.7.1-2) ...
2026-10-08T22:26:26.8311239Z Setting up libcdio-cdda2t64:amd64 (10.2+2.0.1-1.1build2) ...
2026-10-08T22:26:26.8326933Z Setting up librist4:amd64 (0.2.10+dfsg-2) ...
2026-10-08T22:26:26.8340253Z Setting up librsvg2-2:amd64 (2.58.0+dfsg-1ubuntu0.1) ...
2026-10-08T22:26:26.8353259Z Setting up libblas3:amd64 (3.12.0-3build1.1) ...
2026-10-08T22:26:26.8409194Z update-alternatives: using /usr/lib/x86_64-linux-gnu/blas/libblas.so.3 to provide /usr/lib/x86_64-linux-gnu/libblas.so.3 (libblas.so.3-x86_64-linux-gnu) in auto mode
2026-10-08T22:26:26.8428005Z Setting up libplacebo338:amd64 (6.338.2-2build1) ...
2026-10-08T22:26:26.8456174Z Setting up libva2:amd64 (2.20.0-2ubuntu0.2) ...
2026-10-08T22:26:26.8472161Z Setting up libopus0:amd64 (1.4-1build1) ...
2026-10-08T22:26:26.8494292Z Setting up libcdio-paranoia2t64:amd64 (10.2+2.0.1-1.1build2) ...
2026-10-08T22:26:26.8512712Z Setting up libdc1394-25:amd64 (2.2.6-4build1) ...
2026-10-08T22:26:26.8541866Z Setting up intel-media-va-driver:amd64 (24.1.0+dfsg1-1ubuntu0.2) ...
2026-10-08T22:26:26.8560713Z Setting up libxv1:amd64 (2:1.0.11-1.1build1) ...
2026-10-08T22:26:26.8639019Z Setting up libunibreak5:amd64 (5.1-2build1) ...
2026-10-08T22:26:26.8652762Z Setting up libaacs0:amd64 (0.11.1-2build1) ...
2026-10-08T22:26:26.8669249Z Setting up libjxl0.7:amd64 (0.7.0-10.2ubuntu6.1) ...
2026-10-08T22:26:26.8682397Z Setting up librsvg2-common:amd64 (2.58.0+dfsg-1ubuntu0.1) ...
2026-10-08T22:26:26.8865420Z Setting up pocketsphinx-en-us (0.8.0+real5prealpha+1-15ubuntu5) ...
2026-10-08T22:26:26.8878554Z Setting up libx265-199:amd64 (3.5-2build1) ...
2026-10-08T22:26:26.8893941Z Setting up libsndio7.0:amd64 (1.9.0-0.3build3) ...
2026-10-08T22:26:26.8907309Z Setting up libbdplus0:amd64 (0.2.0-3build1) ...
2026-10-08T22:26:26.8920555Z Setting up libvidstab1.1:amd64 (1.1.0-2build1) ...
2026-10-08T22:26:26.8936131Z Setting up libvpx9:amd64 (1.14.0-1ubuntu2.3) ...
2026-10-08T22:26:26.8949209Z Setting up libsrt1.5-gnutls:amd64 (1.5.3-1build2) ...
2026-10-08T22:26:26.8964942Z Setting up libflite1:amd64 (2.2-6build3) ...
2026-10-08T22:26:26.8978156Z Setting up libdav1d7:amd64 (1.4.1-1build1) ...
2026-10-08T22:26:26.8990912Z Setting up libva-drm2:amd64 (2.20.0-2ubuntu0.2) ...
2026-10-08T22:26:26.9008431Z Setting up ocl-icd-libopencl1:amd64 (2.3.2-1build1) ...
2026-10-08T22:26:26.9023962Z Setting up libasyncns0:amd64 (0.8-6build4) ...
2026-10-08T22:26:26.9041994Z Setting up libvdpau1:amd64 (1.5-2build1) ...
2026-10-08T22:26:26.9062624Z Setting up libbs2b0:amd64 (3.1.0+dfsg-7build1) ...
2026-10-08T22:26:26.9077719Z Setting up libtheora0:amd64 (1.1.1+dfsg.1-16.1build3) ...
2026-10-08T22:26:26.9175459Z Setting up libdecor-0-0:amd64 (0.2.2-1build2) ...
2026-10-08T22:26:26.9190245Z Setting up libzimg2:amd64 (3.0.5+ds1-1build1) ...
2026-10-08T22:26:26.9208438Z Setting up libopenal-data (1:1.23.1-4build1) ...
2026-10-08T22:26:26.9228677Z Setting up libflac12t64:amd64 (1.4.3+ds-2.1ubuntu2) ...
2026-10-08T22:26:26.9244008Z Setting up mesa-va-drivers:amd64 (25.2.8-0ubuntu0.24.04.4) ...
2026-10-08T22:26:26.9258066Z Setting up libbluray2:amd64 (1:1.3.4-1build1) ...
2026-10-08T22:26:26.9272025Z Setting up libsamplerate0:amd64 (0.2.2-4build1) ...
2026-10-08T22:26:26.9286983Z Setting up libva-x11-2:amd64 (2.20.0-2ubuntu0.2) ...
2026-10-08T22:26:26.9300508Z Setting up libdecor-0-plugin-1-gtk:amd64 (0.2.2-1build2) ...
2026-10-08T22:26:26.9314884Z Setting up libopenmpt0t64:amd64 (0.7.3-1.1build3) ...
2026-10-08T22:26:26.9336452Z Setting up libzvbi-common (0.2.42-2) ...
2026-10-08T22:26:26.9350583Z Setting up libmp3lame0:amd64 (3.100-6build1) ...
2026-10-08T22:26:26.9366226Z Setting up i965-va-driver:amd64 (2.4.1+dfsg1-1ubuntu0.2) ...
2026-10-08T22:26:26.9379769Z Setting up libvorbisenc2:amd64 (1.3.7-1build3) ...
2026-10-08T22:26:26.9393581Z Setting up libiec61883-0:amd64 (1.2.0-6build1) ...
2026-10-08T22:26:26.9408495Z Setting up libserd-0-0:amd64 (0.32.2-1) ...
2026-10-08T22:26:26.9422042Z Setting up libavc1394-0:amd64 (0.5.4-5build3) ...
2026-10-08T22:26:26.9437297Z Setting up mesa-vdpau-drivers:amd64 (25.2.8-0ubuntu0.24.04.4) ...
2026-10-08T22:26:26.9450303Z Setting up liblapack3:amd64 (3.12.0-3build1.1) ...
2026-10-08T22:26:26.9503765Z update-alternatives: using /usr/lib/x86_64-linux-gnu/lapack/liblapack.so.3 to provide /usr/lib/x86_64-linux-gnu/liblapack.so.3 (liblapack.so.3-x86_64-linux-gnu) in auto mode
2026-10-08T22:26:26.9517870Z Setting up libzvbi0t64:amd64 (0.2.42-2) ...
2026-10-08T22:26:26.9532099Z Setting up libavutil58:amd64 (7:6.1.1-3ubuntu5) ...
2026-10-08T22:26:26.9546042Z Setting up libopenal1:amd64 (1:1.23.1-4build1) ...
2026-10-08T22:26:26.9561715Z Setting up libass9:amd64 (1:0.17.1-2build1) ...
2026-10-08T22:26:26.9575514Z Setting up libswresample4:amd64 (7:6.1.1-3ubuntu5) ...
2026-10-08T22:26:26.9590374Z Setting up va-driver-all:amd64 (2.20.0-2ubuntu0.2) ...
2026-10-08T22:26:26.9603390Z Setting up libavcodec60:amd64 (7:6.1.1-3ubuntu5) ...
2026-10-08T22:26:26.9617211Z Setting up librubberband2:amd64 (3.3.0+dfsg-2build1) ...
2026-10-08T22:26:27.0045288Z Setting up libjack-jackd2-0:amd64 (1.9.21~dfsg-3ubuntu3) ...
2026-10-08T22:26:27.0061121Z Setting up vdpau-driver-all:amd64 (1.5-2build1) ...
2026-10-08T22:26:27.0074689Z Setting up libsord-0-0:amd64 (0.16.16-2build1) ...
2026-10-08T22:26:27.0090732Z Setting up libpostproc57:amd64 (7:6.1.1-3ubuntu5) ...
2026-10-08T22:26:27.0105193Z Setting up libsratom-0-0:amd64 (0.6.16-1build1) ...
2026-10-08T22:26:27.0153904Z Setting up libsndfile1:amd64 (1.2.2-1ubuntu5.24.04.1) ...
2026-10-08T22:26:27.0170384Z Setting up liblilv-0-0:amd64 (0.24.22-1build1) ...
2026-10-08T22:26:27.0183786Z Setting up libswscale7:amd64 (7:6.1.1-3ubuntu5) ...
2026-10-08T22:26:27.0197261Z Setting up libpulse0:amd64 (1:16.1+dfsg1-2ubuntu10.1) ...
2026-10-08T22:26:27.0352753Z Setting up libavformat60:amd64 (7:6.1.1-3ubuntu5) ...
2026-10-08T22:26:27.0366949Z Setting up libsphinxbase3t64:amd64 (0.8+5prealpha+1-17build2) ...
2026-10-08T22:26:27.0382445Z Setting up libsdl2-2.0-0:amd64 (2.30.0+dfsg-1ubuntu3.1) ...
2026-10-08T22:26:27.0396292Z Setting up libpocketsphinx3:amd64 (0.8.0+real5prealpha+1-15ubuntu5) ...
2026-10-08T22:26:27.0408653Z Setting up libavfilter9:amd64 (7:6.1.1-3ubuntu5) ...
2026-10-08T22:26:27.0431707Z Setting up libavdevice60:amd64 (7:6.1.1-3ubuntu5) ...
2026-10-08T22:26:27.0446461Z Setting up ffmpeg (7:6.1.1-3ubuntu5) ...
2026-10-08T22:26:27.0468148Z Processing triggers for man-db (2.12.0-4build2) ...
2026-10-08T22:26:27.0486277Z Not building database; man-db/auto-update is not 'true'.
2026-10-08T22:26:27.0499245Z Processing triggers for libgdk-pixbuf-2.0-0:amd64 (2.42.10+dfsg-3ubuntu3.3) ...
2026-10-08T22:26:27.2239033Z Processing triggers for libc-bin (2.39-0ubuntu8.9) ...
2026-10-08T22:26:27.9056130Z 
2026-10-08T22:26:27.9057054Z Running kernel seems to be up-to-date.
2026-10-08T22:26:27.9057362Z 
2026-10-08T22:26:27.9057552Z No services need to be restarted.
2026-10-08T22:26:27.9057776Z 
2026-10-08T22:26:27.9057938Z No containers need to be restarted.
2026-10-08T22:26:27.9058149Z 
2026-10-08T22:26:27.9058392Z No user sessions are running outdated binaries.
2026-10-08T22:26:27.9058647Z 
2026-10-08T22:26:27.9058985Z No VM guests are running outdated hypervisor (qemu) binaries on this host.
2026-10-08T22:26:28.7870125Z ffprobe version 6.1.1-3ubuntu5 Copyright (c) 2007-2023 the FFmpeg developers
2026-10-08T22:26:28.7870558Z built with gcc 13 (Ubuntu 13.2.0-23ubuntu3)
2026-10-08T22:26:28.7875873Z configuration: --prefix=/usr --extra-version=3ubuntu5 --toolchain=hardened --libdir=/usr/lib/x86_64-linux-gnu --incdir=/usr/include/x86_64-linux-gnu --arch=amd64 --enable-gpl --disable-stripping --disable-omx --enable-gnutls --enable-libaom --enable-libass --enable-libbs2b --enable-libcaca --enable-libcdio --enable-libcodec2 --enable-libdav1d --enable-libflite --enable-libfontconfig --enable-libfreetype --enable-libfribidi --enable-libglslang --enable-libgme --enable-libgsm --enable-libharfbuzz --enable-libmp3lame --enable-libmysofa --enable-libopenjpeg --enable-libopenmpt --enable-libopus --enable-librubberband --enable-libshine --enable-libsnappy --enable-libsoxr --enable-libspeex --enable-libtheora --enable-libtwolame --enable-libvidstab --enable-libvorbis --enable-libvpx --enable-libwebp --enable-libx265 --enable-libxml2 --enable-libxvid --enable-libzimg --enable-openal --enable-opencl --enable-opengl --disable-sndio --enable-libvpl --disable-libmfx --enable-libdc1394 --enable-libdrm --enable-libiec61883 --enable-chromaprint --enable-frei0r --enable-ladspa --enable-libbluray --enable-libjack --enable-libpulse --enable-librabbitmq --enable-librist --enable-libsrt --enable-libssh --enable-libsvtav1 --enable-libx264 --enable-libzmq --enable-libzvbi --enable-lv2 --enable-sdl2 --enable-libplacebo --enable-librav1e --enable-pocketsphinx --enable-librsvg --enable-libjxl --enable-shared
2026-10-08T22:26:28.7879915Z libavutil      58. 29.100 / 58. 29.100
2026-10-08T22:26:28.7880171Z libavcodec     60. 31.102 / 60. 31.102
2026-10-08T22:26:28.7880419Z libavformat    60. 16.100 / 60. 16.100
2026-10-08T22:26:28.7880911Z libavdevice    60.  3.100 / 60.  3.100
2026-10-08T22:26:28.7881155Z libavfilter     9. 12.100 /  9. 12.100
2026-10-08T22:26:28.7881409Z libswscale      7.  5.100 /  7.  5.100
2026-10-08T22:26:28.7881660Z libswresample   4. 12.100 /  4. 12.100
2026-10-08T22:26:28.7881898Z libpostproc    57.  3.100 / 57.  3.100
2026-10-08T22:26:28.8263978Z ffmpeg version 6.1.1-3ubuntu5 Copyright (c) 2000-2023 the FFmpeg developers
2026-10-08T22:26:28.8264759Z built with gcc 13 (Ubuntu 13.2.0-23ubuntu3)
2026-10-08T22:26:28.8271201Z configuration: --prefix=/usr --extra-version=3ubuntu5 --toolchain=hardened --libdir=/usr/lib/x86_64-linux-gnu --incdir=/usr/include/x86_64-linux-gnu --arch=amd64 --enable-gpl --disable-stripping --disable-omx --enable-gnutls --enable-libaom --enable-libass --enable-libbs2b --enable-libcaca --enable-libcdio --enable-libcodec2 --enable-libdav1d --enable-libflite --enable-libfontconfig --enable-libfreetype --enable-libfribidi --enable-libglslang --enable-libgme --enable-libgsm --enable-libharfbuzz --enable-libmp3lame --enable-libmysofa --enable-libopenjpeg --enable-libopenmpt --enable-libopus --enable-librubberband --enable-libshine --enable-libsnappy --enable-libsoxr --enable-libspeex --enable-libtheora --enable-libtwolame --enable-libvidstab --enable-libvorbis --enable-libvpx --enable-libwebp --enable-libx265 --enable-libxml2 --enable-libxvid --enable-libzimg --enable-openal --enable-opencl --enable-opengl --disable-sndio --enable-libvpl --disable-libmfx --enable-libdc1394 --enable-libdrm --enable-libiec61883 --enable-chromaprint --enable-frei0r --enable-ladspa --enable-libbluray --enable-libjack --enable-libpulse --enable-librabbitmq --enable-librist --enable-libsrt --enable-libssh --enable-libsvtav1 --enable-libx264 --enable-libzmq --enable-libzvbi --enable-lv2 --enable-sdl2 --enable-libplacebo --enable-librav1e --enable-pocketsphinx --enable-librsvg --enable-libjxl --enable-shared
2026-10-08T22:26:28.8275429Z libavutil      58. 29.100 / 58. 29.100
2026-10-08T22:26:28.8275795Z libavcodec     60. 31.102 / 60. 31.102
2026-10-08T22:26:28.8276152Z libavformat    60. 16.100 / 60. 16.100
2026-10-08T22:26:28.8276508Z libavdevice    60.  3.100 / 60.  3.100
2026-10-08T22:26:28.8277116Z libavfilter     9. 12.100 /  9. 12.100
2026-10-08T22:26:28.8277460Z libswscale      7.  5.100 /  7.  5.100
2026-10-08T22:26:28.8277803Z libswresample   4. 12.100 /  4. 12.100
2026-10-08T22:26:28.8278146Z libpostproc    57.  3.100 / 57.  3.100
2026-10-08T22:26:28.8935808Z ##[group]Run actions/download-artifact@v4
2026-10-08T22:26:28.8936058Z with:
2026-10-08T22:26:28.8936292Z   pattern: G10-stage-*-fa0b337e1178177ff5b871acae697897c687ee11
2026-10-08T22:26:28.8936574Z   path: jobs/G10-checkers
2026-10-08T22:26:28.8936777Z   merge-multiple: true
2026-10-08T22:26:28.8936987Z   repository: luisitin/partybox-game-cores
2026-10-08T22:26:28.8937212Z   run-id: 37852024033
2026-10-08T22:26:28.8937379Z env:
2026-10-08T22:26:28.8937591Z   G10_SOURCE_COMMIT: fa0b337e1178177ff5b871acae697897c687ee11
2026-10-08T22:26:28.8937852Z ##[endgroup]
2026-10-08T22:26:29.0232245Z (node:3521) [DEP0040] DeprecationWarning: The `punycode` module is deprecated. Please use a userland alternative instead.
2026-10-08T22:26:29.0232945Z (Use `node --trace-deprecation ...` to show where the warning was created)
2026-10-08T22:26:29.1086883Z Found 4 artifact(s)
2026-10-08T22:26:29.1088594Z Filtering artifacts by pattern 'G10-stage-*-fa0b337e1178177ff5b871acae697897c687ee11'
2026-10-08T22:26:29.1109142Z Preparing to download the following artifacts:
2026-10-08T22:26:29.1110967Z - G10-stage-node-fa0b337e1178177ff5b871acae697897c687ee11 (ID: 11583300405, Size: 136563, Expected Digest: sha256:e9369f7fc47a05176af7b3b5dcf9cebce849f0ab35b415590257f10c25f720a4)
2026-10-08T22:26:29.1113331Z - G10-stage-browser-fa0b337e1178177ff5b871acae697897c687ee11 (ID: 11583051598, Size: 8712249, Expected Digest: sha256:a809a6e653fe7e6c7fe1e3d5e5dae1240c79b56628e0519b1de2fb76af619e64)
2026-10-08T22:26:29.1117152Z - G10-stage-league-american-fa0b337e1178177ff5b871acae697897c687ee11 (ID: 11582416954, Size: 372087, Expected Digest: sha256:669881c1a6c5ff6dc649836736f489c8c75328c45d6adea31b57bd281aa94244)
2026-10-08T22:26:29.1119909Z - G10-stage-league-international-fa0b337e1178177ff5b871acae697897c687ee11 (ID: 11582178273, Size: 490257, Expected Digest: sha256:1a17d4fb320c5d852a3e46cd13cd93e742deff0885084a506a37571496b5be69)
2026-10-08T22:26:29.2539761Z Redirecting to blob download url: https://productionresultssa10.blob.core.windows.net/actions-results/e39fdd5e-cf26-8b00-8353-d9495ff4c1fe/workflow-job-run-4377ee36-3222-5234-8908-aef4e356699b/artifacts/f24900723d5a80b91c22078e960dbac05c07ec96c9746a479240df89cda0a876.zip
2026-10-08T22:26:29.2541205Z Starting download of artifact to: /home/runner/work/partybox-game-cores/partybox-game-cores/jobs/G10-checkers
2026-10-08T22:26:29.2727053Z Redirecting to blob download url: https://productionresultssa10.blob.core.windows.net/actions-results/e39fdd5e-cf26-8b00-8353-d9495ff4c1fe/workflow-job-run-e3597bfb-1316-52c1-b1b5-59358fdee3ed/artifacts/0b3d540ba82b0b2ac48bca66dbfb5888f4306901d20b3c28fa03225a69d60c00.zip
2026-10-08T22:26:29.2728324Z Starting download of artifact to: /home/runner/work/partybox-game-cores/partybox-game-cores/jobs/G10-checkers
2026-10-08T22:26:29.2807503Z Redirecting to blob download url: https://productionresultssa10.blob.core.windows.net/actions-results/e39fdd5e-cf26-8b00-8353-d9495ff4c1fe/workflow-job-run-422c7298-8e1e-5b6c-9f58-4eb8faffc803/artifacts/94d7a67f3ef55422c87bdc79b432df8a0009fee3a3f57953ff75a61f77744323.zip
2026-10-08T22:26:29.2815950Z Starting download of artifact to: /home/runner/work/partybox-game-cores/partybox-game-cores/jobs/G10-checkers
2026-10-08T22:26:29.2885248Z (node:3521) [DEP0005] DeprecationWarning: Buffer() is deprecated due to security and usability issues. Please use the Buffer.alloc(), Buffer.allocUnsafe(), or Buffer.from() methods instead.
2026-10-08T22:26:29.3055460Z Redirecting to blob download url: https://productionresultssa10.blob.core.windows.net/actions-results/e39fdd5e-cf26-8b00-8353-d9495ff4c1fe/workflow-job-run-e90b6e51-c866-5744-89f5-a97a218254be/artifacts/32954841e4a3a71e31086f8af13129fda508efb63e1a831b8d48dd3dcc527fc5.zip
2026-10-08T22:26:29.3057722Z Starting download of artifact to: /home/runner/work/partybox-game-cores/partybox-game-cores/jobs/G10-checkers
2026-10-08T22:26:29.3212294Z SHA256 digest of downloaded artifact is e9369f7fc47a05176af7b3b5dcf9cebce849f0ab35b415590257f10c25f720a4
2026-10-08T22:26:29.3213229Z Artifact download completed successfully.
2026-10-08T22:26:29.3984202Z SHA256 digest of downloaded artifact is 1a17d4fb320c5d852a3e46cd13cd93e742deff0885084a506a37571496b5be69
2026-10-08T22:26:29.3985131Z Artifact download completed successfully.
2026-10-08T22:26:29.4036874Z SHA256 digest of downloaded artifact is 669881c1a6c5ff6dc649836736f489c8c75328c45d6adea31b57bd281aa94244
2026-10-08T22:26:29.4037449Z Artifact download completed successfully.
2026-10-08T22:26:29.5040007Z SHA256 digest of downloaded artifact is a809a6e653fe7e6c7fe1e3d5e5dae1240c79b56628e0519b1de2fb76af619e64
2026-10-08T22:26:29.5040562Z Artifact download completed successfully.
2026-10-08T22:26:29.5040874Z Total of 4 artifact(s) downloaded
2026-10-08T22:26:29.5045299Z Download artifact has finished successfully
2026-10-08T22:26:29.5175551Z ##[group]Run set -o pipefail
2026-10-08T22:26:29.5175850Z [36;1mset -o pipefail[0m
2026-10-08T22:26:29.5176190Z [36;1mnode scripts/check.mjs --stage final 2>&1 | tee .work-stage-final.stdout[0m
2026-10-08T22:26:29.5232641Z shell: /usr/bin/bash -e {0}
2026-10-08T22:26:29.5232876Z env:
2026-10-08T22:26:29.5233130Z   G10_SOURCE_COMMIT: fa0b337e1178177ff5b871acae697897c687ee11
2026-10-08T22:26:29.5233429Z ##[endgroup]
2026-10-08T22:26:29.6347500Z 
2026-10-08T22:26:29.6348246Z > partybox-g10-checkers@1.0.0 build
2026-10-08T22:26:29.6348839Z > tsc --noEmit && node scripts/build.mjs
2026-10-08T22:26:29.6349135Z 
2026-10-08T22:26:40.3174851Z PASS: complete offline single-page game written to /home/runner/work/partybox-game-cores/partybox-game-cores/jobs/G10-checkers/.work/play.html; original six-piece data is read in bounded blocks.
2026-10-08T22:26:55.4816560Z PASS: checksums, authoritative schemas/manifest, pure core source, fixed corpus provenance, original offline page (delivery execution gates explicitly excluded).
2026-10-08T22:27:14.2450931Z {"status":"PASS","games":4000,"files":80,"independentLegalMoveReplay":true}
2026-10-08T22:27:38.0798933Z PASS: checksums, authoritative schemas/manifest, pure core source, fixed corpus provenance, original offline page, required simulations/mutations/leagues and source-matched browser/media proof.
2026-10-08T22:27:40.9749549Z {"status":"PASS","stage":"final","sourceCommit":"fa0b337e1178177ff5b871acae697897c687ee11","elapsedSeconds":71.414881795}
2026-10-08T22:27:40.9848032Z ##[group]Run node scripts/standalone-receipt.mjs
2026-10-08T22:27:40.9848376Z [36;1mnode scripts/standalone-receipt.mjs[0m
2026-10-08T22:27:40.9904170Z shell: /usr/bin/bash -e {0}
2026-10-08T22:27:40.9904396Z env:
2026-10-08T22:27:40.9904818Z   G10_SOURCE_COMMIT: fa0b337e1178177ff5b871acae697897c687ee11
2026-10-08T22:27:40.9905108Z ##[endgroup]
2026-10-08T22:27:43.9968280Z Standalone page digest and exact-checkout receipt written.
2026-10-08T22:27:44.0071463Z ##[group]Run python3 scripts/standalone-parts.py split .work/play.html .work/standalone-delivery.json .work/standalone-parts
2026-10-08T22:27:44.0072642Z [36;1mpython3 scripts/standalone-parts.py split .work/play.html .work/standalone-delivery.json .work/standalone-parts[0m
2026-10-08T22:27:44.0132980Z shell: /usr/bin/bash -e {0}
2026-10-08T22:27:44.0133230Z env:
2026-10-08T22:27:44.0133477Z   G10_SOURCE_COMMIT: fa0b337e1178177ff5b871acae697897c687ee11
2026-10-08T22:27:44.0133768Z ##[endgroup]
2026-10-08T22:27:47.5045554Z {"status": "PASS", "sourceCommit": "fa0b337e1178177ff5b871acae697897c687ee11", "parts": 4, "bytes": 1390845993, "sha256": "5ed2173b7264574565dd29ff14773236cac5a00833bf75df3de9e64a66451801"}
2026-10-08T22:27:47.5146637Z ##[group]Run actions/upload-artifact@v4
2026-10-08T22:27:47.5146895Z with:
2026-10-08T22:27:47.5147169Z   name: G10-standalone-part-00-fa0b337e1178177ff5b871acae697897c687ee11
2026-10-08T22:27:47.5147717Z   path: jobs/G10-checkers/.work/standalone-parts/play.html.part-00
jobs/G10-checkers/.work/standalone-parts/standalone-*

2026-10-08T22:27:47.5148307Z   if-no-files-found: error
2026-10-08T22:27:47.5148530Z   include-hidden-files: true
2026-10-08T22:27:47.5148752Z   compression-level: 1
2026-10-08T22:27:47.5148948Z   retention-days: 7
2026-10-08T22:27:47.5149137Z   overwrite: false
2026-10-08T22:27:47.5149322Z env:
2026-10-08T22:27:47.5149550Z   G10_SOURCE_COMMIT: fa0b337e1178177ff5b871acae697897c687ee11
2026-10-08T22:27:47.5149827Z ##[endgroup]
2026-10-08T22:27:47.6471380Z (node:3713) [DEP0040] DeprecationWarning: The `punycode` module is deprecated. Please use a userland alternative instead.
2026-10-08T22:27:47.6472135Z (Use `node --trace-deprecation ...` to show where the warning was created)
2026-10-08T22:27:47.6546775Z With the provided path, there will be 4 files uploaded
2026-10-08T22:27:47.6551235Z Artifact name is valid!
2026-10-08T22:27:47.6551659Z Root directory input is valid!
2026-10-08T22:27:47.8363811Z Beginning upload of artifact content to blob storage
2026-10-08T22:27:48.1073861Z (node:3713) [DEP0169] DeprecationWarning: `url.parse()` behavior is not standardized and prone to errors that have security implications. Use the WHATWG URL API instead. CVEs are not issued for `url.parse()` vulnerabilities.
2026-10-08T22:27:48.2851156Z Uploaded bytes 8388608
2026-10-08T22:27:48.5352694Z Uploaded bytes 16777216
2026-10-08T22:27:48.7419099Z Uploaded bytes 25165824
2026-10-08T22:27:49.0613146Z Uploaded bytes 33554432
2026-10-08T22:27:49.2257717Z Uploaded bytes 41943040
2026-10-08T22:27:49.5342192Z Uploaded bytes 50331648
2026-10-08T22:27:49.7650620Z Uploaded bytes 58720256
2026-10-08T22:27:50.0076874Z Uploaded bytes 67108864
2026-10-08T22:27:50.2577329Z Uploaded bytes 75497472
2026-10-08T22:27:50.5201439Z Uploaded bytes 83886080
2026-10-08T22:27:50.7998789Z Uploaded bytes 92274688
2026-10-08T22:27:51.0623332Z Uploaded bytes 100663296
2026-10-08T22:27:51.2732361Z Uploaded bytes 109051904
2026-10-08T22:27:51.5244966Z Uploaded bytes 117440512
2026-10-08T22:27:51.8139003Z Uploaded bytes 125829120
2026-10-08T22:27:52.0809007Z Uploaded bytes 134217728
2026-10-08T22:27:52.2981682Z Uploaded bytes 142606336
2026-10-08T22:27:52.5368517Z Uploaded bytes 150994944
2026-10-08T22:27:52.8328720Z Uploaded bytes 159383552
2026-10-08T22:27:53.0907639Z Uploaded bytes 167772160
2026-10-08T22:27:53.3504253Z Uploaded bytes 176160768
2026-10-08T22:27:53.6132438Z Uploaded bytes 184549376
2026-10-08T22:27:53.9170344Z Uploaded bytes 192937984
2026-10-08T22:27:54.2478395Z Uploaded bytes 201326592
2026-10-08T22:27:54.5312272Z Uploaded bytes 209715200
2026-10-08T22:27:54.7517432Z Uploaded bytes 218103808
2026-10-08T22:27:55.0708713Z Uploaded bytes 226492416
2026-10-08T22:27:55.3545216Z Uploaded bytes 234881024
2026-10-08T22:27:55.6240016Z Uploaded bytes 243269632
2026-10-08T22:27:55.9615157Z Uploaded bytes 251658240
2026-10-08T22:27:56.1581762Z Uploaded bytes 260046848
2026-10-08T22:27:56.3962237Z Uploaded bytes 268435456
2026-10-08T22:27:56.6471380Z Uploaded bytes 275345042
2026-10-08T22:27:56.6613640Z Finished uploading artifact content to blob storage!
2026-10-08T22:27:56.6616295Z SHA256 digest of uploaded artifact zip is 44a149b6958c7a579f418e0af9c9ae7501324f1c15f9f4a777ad133e6e21a86c
2026-10-08T22:27:56.6618111Z Finalizing artifact upload
2026-10-08T22:27:56.9125249Z Artifact G10-standalone-part-00-fa0b337e1178177ff5b871acae697897c687ee11.zip successfully finalized. Artifact ID 11582778057
2026-10-08T22:27:56.9126253Z Artifact G10-standalone-part-00-fa0b337e1178177ff5b871acae697897c687ee11 has been successfully uploaded! Final size is 275345042 bytes. Artifact ID is 11582778057
2026-10-08T22:27:56.9132080Z Artifact download URL: https://github.com/luisitin/partybox-game-cores/actions/runs/37852024033/artifacts/11582778057
2026-10-08T22:27:56.9274711Z ##[group]Run actions/upload-artifact@v4
2026-10-08T22:27:56.9275089Z with:
2026-10-08T22:27:56.9275483Z   name: G10-standalone-part-01-fa0b337e1178177ff5b871acae697897c687ee11
2026-10-08T22:27:56.9276056Z   path: jobs/G10-checkers/.work/standalone-parts/play.html.part-01
jobs/G10-checkers/.work/standalone-parts/standalone-*

2026-10-08T22:27:56.9276668Z   if-no-files-found: error
2026-10-08T22:27:56.9276892Z   include-hidden-files: true
2026-10-08T22:27:56.9277118Z   compression-level: 1
2026-10-08T22:27:56.9277323Z   retention-days: 7
2026-10-08T22:27:56.9277515Z   overwrite: false
2026-10-08T22:27:56.9277703Z env:
2026-10-08T22:27:56.9277940Z   G10_SOURCE_COMMIT: fa0b337e1178177ff5b871acae697897c687ee11
2026-10-08T22:27:56.9278224Z ##[endgroup]
2026-10-08T22:27:57.0644201Z (node:3728) [DEP0040] DeprecationWarning: The `punycode` module is deprecated. Please use a userland alternative instead.
2026-10-08T22:27:57.0645121Z (Use `node --trace-deprecation ...` to show where the warning was created)
2026-10-08T22:27:57.0696753Z With the provided path, there will be 4 files uploaded
2026-10-08T22:27:57.0702532Z Artifact name is valid!
2026-10-08T22:27:57.0706068Z Root directory input is valid!
2026-10-08T22:27:57.2578054Z Beginning upload of artifact content to blob storage
2026-10-08T22:27:57.5380392Z (node:3728) [DEP0169] DeprecationWarning: `url.parse()` behavior is not standardized and prone to errors that have security implications. Use the WHATWG URL API instead. CVEs are not issued for `url.parse()` vulnerabilities.
2026-10-08T22:27:57.7080306Z Uploaded bytes 8388608
2026-10-08T22:27:57.9723876Z Uploaded bytes 16777216
2026-10-08T22:27:58.1642140Z Uploaded bytes 25165824
2026-10-08T22:27:58.4615010Z Uploaded bytes 33554432
2026-10-08T22:27:58.6720897Z Uploaded bytes 41943040
2026-10-08T22:27:58.9477308Z Uploaded bytes 50331648
2026-10-08T22:27:59.2279305Z Uploaded bytes 58720256
2026-10-08T22:27:59.4934081Z Uploaded bytes 67108864
2026-10-08T22:27:59.7164126Z Uploaded bytes 75497472
2026-10-08T22:28:00.0049195Z Uploaded bytes 83886080
2026-10-08T22:28:00.2213004Z Uploaded bytes 92274688
2026-10-08T22:28:00.5168467Z Uploaded bytes 100663296
2026-10-08T22:28:00.7575798Z Uploaded bytes 109051904
2026-10-08T22:28:00.9705537Z Uploaded bytes 117440512
2026-10-08T22:28:01.3195511Z Uploaded bytes 125829120
2026-10-08T22:28:01.4770945Z Uploaded bytes 134217728
2026-10-08T22:28:01.7278469Z Uploaded bytes 142606336
2026-10-08T22:28:01.9837356Z Uploaded bytes 150994944
2026-10-08T22:28:02.2604393Z Uploaded bytes 159383552
2026-10-08T22:28:02.5031212Z Uploaded bytes 167772160
2026-10-08T22:28:02.8019345Z Uploaded bytes 176160768
2026-10-08T22:28:03.0167572Z Uploaded bytes 184549376
2026-10-08T22:28:03.3133279Z Uploaded bytes 192937984
2026-10-08T22:28:03.5268403Z Uploaded bytes 201326592
2026-10-08T22:28:03.8360962Z Uploaded bytes 209715200
2026-10-08T22:28:04.0714956Z Uploaded bytes 218103808
2026-10-08T22:28:04.2923211Z Uploaded bytes 226492416
2026-10-08T22:28:04.6008966Z Uploaded bytes 234881024
2026-10-08T22:28:04.9028993Z Uploaded bytes 243269632
2026-10-08T22:28:05.0627195Z Uploaded bytes 251658240
2026-10-08T22:28:05.3157785Z Uploaded bytes 260046848
2026-10-08T22:28:05.5758092Z Uploaded bytes 268435456
2026-10-08T22:28:05.8636175Z Uploaded bytes 276824064
2026-10-08T22:28:05.9234218Z Uploaded bytes 278877123
2026-10-08T22:28:05.9385234Z Finished uploading artifact content to blob storage!
2026-10-08T22:28:05.9387907Z SHA256 digest of uploaded artifact zip is a2fbeb92d32dd517be90dd23c2889927c8310354b164848bd56ce7305bba9292
2026-10-08T22:28:05.9389678Z Finalizing artifact upload
2026-10-08T22:28:06.2543926Z Artifact G10-standalone-part-01-fa0b337e1178177ff5b871acae697897c687ee11.zip successfully finalized. Artifact ID 11582683117
2026-10-08T22:28:06.2545712Z Artifact G10-standalone-part-01-fa0b337e1178177ff5b871acae697897c687ee11 has been successfully uploaded! Final size is 278877123 bytes. Artifact ID is 11582683117
2026-10-08T22:28:06.2550952Z Artifact download URL: https://github.com/luisitin/partybox-game-cores/actions/runs/37852024033/artifacts/11582683117
2026-10-08T22:28:06.2695938Z ##[group]Run actions/upload-artifact@v4
2026-10-08T22:28:06.2696214Z with:
2026-10-08T22:28:06.2696503Z   name: G10-standalone-part-02-fa0b337e1178177ff5b871acae697897c687ee11
2026-10-08T22:28:06.2697221Z   path: jobs/G10-checkers/.work/standalone-parts/play.html.part-02
jobs/G10-checkers/.work/standalone-parts/standalone-*

2026-10-08T22:28:06.2697675Z   if-no-files-found: error
2026-10-08T22:28:06.2697904Z   include-hidden-files: true
2026-10-08T22:28:06.2698138Z   compression-level: 1
2026-10-08T22:28:06.2698347Z   retention-days: 7
2026-10-08T22:28:06.2698545Z   overwrite: false
2026-10-08T22:28:06.2698740Z env:
2026-10-08T22:28:06.2698977Z   G10_SOURCE_COMMIT: fa0b337e1178177ff5b871acae697897c687ee11
2026-10-08T22:28:06.2699268Z ##[endgroup]
2026-10-08T22:28:06.4039870Z (node:3741) [DEP0040] DeprecationWarning: The `punycode` module is deprecated. Please use a userland alternative instead.
2026-10-08T22:28:06.4040742Z (Use `node --trace-deprecation ...` to show where the warning was created)
2026-10-08T22:28:06.4092662Z With the provided path, there will be 4 files uploaded
2026-10-08T22:28:06.4097334Z Artifact name is valid!
2026-10-08T22:28:06.4097937Z Root directory input is valid!
2026-10-08T22:28:06.6155968Z Beginning upload of artifact content to blob storage
2026-10-08T22:28:06.9009946Z (node:3741) [DEP0169] DeprecationWarning: `url.parse()` behavior is not standardized and prone to errors that have security implications. Use the WHATWG URL API instead. CVEs are not issued for `url.parse()` vulnerabilities.
2026-10-08T22:28:07.0599489Z Uploaded bytes 8388608
2026-10-08T22:28:07.2761028Z Uploaded bytes 16777216
2026-10-08T22:28:07.5552069Z Uploaded bytes 25165824
2026-10-08T22:28:07.8311010Z Uploaded bytes 33554432
2026-10-08T22:28:08.1243352Z Uploaded bytes 41943040
2026-10-08T22:28:08.3053160Z Uploaded bytes 50331648
2026-10-08T22:28:08.6005971Z Uploaded bytes 58720256
2026-10-08T22:28:08.8505541Z Uploaded bytes 67108864
2026-10-08T22:28:09.0682504Z Uploaded bytes 75497472
2026-10-08T22:28:09.3485350Z Uploaded bytes 83886080
2026-10-08T22:28:09.5820810Z Uploaded bytes 92274688
2026-10-08T22:28:09.9061339Z Uploaded bytes 100663296
2026-10-08T22:28:10.1285814Z Uploaded bytes 109051904
2026-10-08T22:28:10.4101093Z Uploaded bytes 117440512
2026-10-08T22:28:10.5731596Z Uploaded bytes 125829120
2026-10-08T22:28:10.8448216Z Uploaded bytes 134217728
2026-10-08T22:28:11.0685723Z Uploaded bytes 142606336
2026-10-08T22:28:11.3538941Z Uploaded bytes 150994944
2026-10-08T22:28:11.6178739Z Uploaded bytes 159383552
2026-10-08T22:28:11.8708524Z Uploaded bytes 167772160
2026-10-08T22:28:12.1335159Z Uploaded bytes 176160768
2026-10-08T22:28:12.3388580Z Uploaded bytes 184549376
2026-10-08T22:28:12.6090462Z Uploaded bytes 192937984
2026-10-08T22:28:12.9076168Z Uploaded bytes 201326592
2026-10-08T22:28:13.1360258Z Uploaded bytes 209715200
2026-10-08T22:28:13.4224282Z Uploaded bytes 218103808
2026-10-08T22:28:13.6588566Z Uploaded bytes 226492416
2026-10-08T22:28:13.9110494Z Uploaded bytes 234881024
2026-10-08T22:28:14.1844805Z Uploaded bytes 243269632
2026-10-08T22:28:14.3935951Z Uploaded bytes 251658240
2026-10-08T22:28:14.6636293Z Uploaded bytes 260046848
2026-10-08T22:28:15.0191162Z Uploaded bytes 268435456
2026-10-08T22:28:15.1425637Z Uploaded bytes 276824064
2026-10-08T22:28:15.4132080Z Uploaded bytes 285212672
2026-10-08T22:28:15.4549832Z Uploaded bytes 286220427
2026-10-08T22:28:15.4680206Z Finished uploading artifact content to blob storage!
2026-10-08T22:28:15.4682218Z SHA256 digest of uploaded artifact zip is e51c86d3a1601a67a48bacbbc591867809b9080fed66b21dfba27824a5f4ccd5
2026-10-08T22:28:15.4683953Z Finalizing artifact upload
2026-10-08T22:28:15.7217514Z Artifact G10-standalone-part-02-fa0b337e1178177ff5b871acae697897c687ee11.zip successfully finalized. Artifact ID 11583197159
2026-10-08T22:28:15.7219115Z Artifact G10-standalone-part-02-fa0b337e1178177ff5b871acae697897c687ee11 has been successfully uploaded! Final size is 286220427 bytes. Artifact ID is 11583197159
2026-10-08T22:28:15.7223551Z Artifact download URL: https://github.com/luisitin/partybox-game-cores/actions/runs/37852024033/artifacts/11583197159
2026-10-08T22:28:15.8001399Z ##[group]Run actions/upload-artifact@v4
2026-10-08T22:28:15.8001878Z with:
2026-10-08T22:28:15.8002172Z   name: G10-standalone-part-03-fa0b337e1178177ff5b871acae697897c687ee11
2026-10-08T22:28:15.8002748Z   path: jobs/G10-checkers/.work/standalone-parts/play.html.part-03
jobs/G10-checkers/.work/standalone-parts/standalone-*

2026-10-08T22:28:15.8003235Z   if-no-files-found: error
2026-10-08T22:28:15.8003469Z   include-hidden-files: true
2026-10-08T22:28:15.8003707Z   compression-level: 1
2026-10-08T22:28:15.8003927Z   retention-days: 7
2026-10-08T22:28:15.8004132Z   overwrite: false
2026-10-08T22:28:15.8004330Z env:
2026-10-08T22:28:15.8004733Z   G10_SOURCE_COMMIT: fa0b337e1178177ff5b871acae697897c687ee11
2026-10-08T22:28:15.8005131Z ##[endgroup]
2026-10-08T22:28:15.9350124Z (node:3755) [DEP0040] DeprecationWarning: The `punycode` module is deprecated. Please use a userland alternative instead.
2026-10-08T22:28:15.9350900Z (Use `node --trace-deprecation ...` to show where the warning was created)
2026-10-08T22:28:15.9410201Z With the provided path, there will be 4 files uploaded
2026-10-08T22:28:15.9413595Z Artifact name is valid!
2026-10-08T22:28:15.9414018Z Root directory input is valid!
2026-10-08T22:28:16.1455662Z Beginning upload of artifact content to blob storage
2026-10-08T22:28:16.4146002Z (node:3755) [DEP0169] DeprecationWarning: `url.parse()` behavior is not standardized and prone to errors that have security implications. Use the WHATWG URL API instead. CVEs are not issued for `url.parse()` vulnerabilities.
2026-10-08T22:28:16.6405555Z Uploaded bytes 8388608
2026-10-08T22:28:16.8277327Z Uploaded bytes 16777216
2026-10-08T22:28:17.0631841Z Uploaded bytes 25165824
2026-10-08T22:28:17.3099563Z Uploaded bytes 33554432
2026-10-08T22:28:17.5668292Z Uploaded bytes 41943040
2026-10-08T22:28:17.8771800Z Uploaded bytes 50331648
2026-10-08T22:28:18.1091422Z Uploaded bytes 58720256
2026-10-08T22:28:18.3465804Z Uploaded bytes 67108864
2026-10-08T22:28:18.6536104Z Uploaded bytes 75497472
2026-10-08T22:28:18.9678676Z Uploaded bytes 83886080
2026-10-08T22:28:19.1298198Z Uploaded bytes 92274688
2026-10-08T22:28:19.3464902Z Uploaded bytes 100663296
2026-10-08T22:28:19.6955682Z Uploaded bytes 109051904
2026-10-08T22:28:19.8491998Z Uploaded bytes 117440512
2026-10-08T22:28:20.1478810Z Uploaded bytes 125829120
2026-10-08T22:28:20.1895568Z Uploaded bytes 127624362
2026-10-08T22:28:20.2038348Z Finished uploading artifact content to blob storage!
2026-10-08T22:28:20.2040533Z SHA256 digest of uploaded artifact zip is fbd491d16f86a9ef15d8e8febcf23110e528b0f45370061d6a8867f31bf0c57f
2026-10-08T22:28:20.2041893Z Finalizing artifact upload
2026-10-08T22:28:20.4155067Z Artifact G10-standalone-part-03-fa0b337e1178177ff5b871acae697897c687ee11.zip successfully finalized. Artifact ID 11582643257
2026-10-08T22:28:20.4156677Z Artifact G10-standalone-part-03-fa0b337e1178177ff5b871acae697897c687ee11 has been successfully uploaded! Final size is 127624362 bytes. Artifact ID is 11582643257
2026-10-08T22:28:20.4160804Z Artifact download URL: https://github.com/luisitin/partybox-game-cores/actions/runs/37852024033/artifacts/11582643257
2026-10-08T22:28:20.5131080Z ##[group]Run actions/upload-artifact@v4
2026-10-08T22:28:20.5131369Z with:
2026-10-08T22:28:20.5131657Z   name: G10-check-evidence-fa0b337e1178177ff5b871acae697897c687ee11
2026-10-08T22:28:20.5132243Z   path: jobs/G10-checkers/.work-stage-*.stdout
jobs/G10-checkers/.work/checks
jobs/G10-checkers/.work/browser
jobs/G10-checkers/.work/media

2026-10-08T22:28:20.5132744Z   include-hidden-files: true
2026-10-08T22:28:20.5132997Z   retention-days: 7
2026-10-08T22:28:20.5133217Z   if-no-files-found: warn
2026-10-08T22:28:20.5133449Z   compression-level: 6
2026-10-08T22:28:20.5133669Z   overwrite: false
2026-10-08T22:28:20.5133901Z env:
2026-10-08T22:28:20.5134158Z   G10_SOURCE_COMMIT: fa0b337e1178177ff5b871acae697897c687ee11
2026-10-08T22:28:20.5134462Z ##[endgroup]
2026-10-08T22:28:20.6507057Z (node:3769) [DEP0040] DeprecationWarning: The `punycode` module is deprecated. Please use a userland alternative instead.
2026-10-08T22:28:20.6508107Z (Use `node --trace-deprecation ...` to show where the warning was created)
2026-10-08T22:28:20.6857857Z With the provided path, there will be 239 files uploaded
2026-10-08T22:28:20.6862064Z Artifact name is valid!
2026-10-08T22:28:20.6862516Z Root directory input is valid!
2026-10-08T22:28:20.8866680Z Beginning upload of artifact content to blob storage
2026-10-08T22:28:21.3839348Z (node:3769) [DEP0169] DeprecationWarning: `url.parse()` behavior is not standardized and prone to errors that have security implications. Use the WHATWG URL API instead. CVEs are not issued for `url.parse()` vulnerabilities.
2026-10-08T22:28:21.5272916Z Uploaded bytes 8388608
2026-10-08T22:28:21.5887075Z Uploaded bytes 10551930
2026-10-08T22:28:21.6017525Z Finished uploading artifact content to blob storage!
2026-10-08T22:28:21.6018643Z SHA256 digest of uploaded artifact zip is de7209c5d1ebba932a58eb7104682df9328b9e169e218c185354c8ff986b1363
2026-10-08T22:28:21.6019411Z Finalizing artifact upload
2026-10-08T22:28:21.7929395Z Artifact G10-check-evidence-fa0b337e1178177ff5b871acae697897c687ee11.zip successfully finalized. Artifact ID 11582274811
2026-10-08T22:28:21.7930822Z Artifact G10-check-evidence-fa0b337e1178177ff5b871acae697897c687ee11 has been successfully uploaded! Final size is 10551930 bytes. Artifact ID is 11582274811
2026-10-08T22:28:21.7933994Z Artifact download URL: https://github.com/luisitin/partybox-game-cores/actions/runs/37852024033/artifacts/11582274811
2026-10-08T22:28:21.8098447Z Post job cleanup.
2026-10-08T22:28:21.9070643Z (node:3781) [DEP0040] DeprecationWarning: The `punycode` module is deprecated. Please use a userland alternative instead.
2026-10-08T22:28:21.9071348Z (Use `node --trace-deprecation ...` to show where the warning was created)
2026-10-08T22:28:21.9073225Z Cache hit occurred on the primary key node-cache-Linux-x64-npm-b79e3f2344d4218dbbb2f93f566da8e1ac49738aa1184813b150890d461d0c8a, not saving cache.
2026-10-08T22:28:21.9187040Z Post job cleanup.
2026-10-08T22:28:21.9897083Z [command]/usr/bin/git version
2026-10-08T22:28:21.9932013Z git version 2.55.0
2026-10-08T22:28:21.9960977Z Temporarily overriding HOME='/home/runner/work/_temp/9ad58d65-c507-4217-b888-38711e7f92d2' before making global git config changes
2026-10-08T22:28:21.9962288Z Adding repository directory to the temporary git global config as a safe directory
2026-10-08T22:28:21.9965905Z [command]/usr/bin/git config --global --add safe.directory /home/runner/work/partybox-game-cores/partybox-game-cores
2026-10-08T22:28:21.9997862Z [command]/usr/bin/git config --local --name-only --get-regexp core\.sshCommand
2026-10-08T22:28:22.0026302Z [command]/usr/bin/git submodule foreach --recursive sh -c "git config --local --name-only --get-regexp 'core\.sshCommand' && git config --local --unset-all 'core.sshCommand' || :"
2026-10-08T22:28:22.0235462Z [command]/usr/bin/git config --local --name-only --get-regexp http\.https\:\/\/github\.com\/\.extraheader
2026-10-08T22:28:22.0258943Z http.https://github.com/.extraheader
2026-10-08T22:28:22.0269825Z [command]/usr/bin/git config --local --unset-all http.https://github.com/.extraheader
2026-10-08T22:28:22.0303785Z [command]/usr/bin/git submodule foreach --recursive sh -c "git config --local --name-only --get-regexp 'http\.https\:\/\/github\.com\/\.extraheader' && git config --local --unset-all 'http.https://github.com/.extraheader' || :"
2026-10-08T22:28:22.0553166Z [command]/usr/bin/git config --local --name-only --get-regexp ^includeIf\.gitdir:
2026-10-08T22:28:22.0591824Z [command]/usr/bin/git submodule foreach --recursive git config --local --show-origin --name-only --get-regexp remote.origin.url
2026-10-08T22:28:22.0975358Z Cleaning up orphan processes
2026-10-08T22:28:22.1250880Z ##[warning]Node.js 20 is deprecated. The following actions target Node.js 20 but are being forced to run on Node.js 24: actions/checkout@v4, actions/download-artifact@v4, actions/setup-node@v4, actions/upload-artifact@v4. For more information see: https://github.blog/changelog/2025-09-19-deprecation-of-node-20-on-github-actions-runners/

