2026-10-08T23:05:55.9695091Z Current runner version: '2.337.0'
2026-10-08T23:05:55.9721656Z ##[group]Runner Image Provisioner
2026-10-08T23:05:55.9722661Z Hosted Compute Agent
2026-10-08T23:05:55.9723261Z Version: 20261002.596
2026-10-08T23:05:55.9723871Z Commit: c3d12f3313a95f25162a1503be624f3b0617f8c0
2026-10-08T23:05:55.9724740Z Build Date: 2026-10-02T22:28:27Z
2026-10-08T23:05:55.9725416Z Worker ID: {c7a89568-38b8-4059-9f00-5372fa710ae1}
2026-10-08T23:05:55.9726166Z Region: eastus
2026-10-08T23:05:55.9726712Z Cloud: Azure
2026-10-08T23:05:55.9727588Z ##[endgroup]
2026-10-08T23:05:55.9729382Z ##[group]Operating System
2026-10-08T23:05:55.9730080Z Ubuntu
2026-10-08T23:05:55.9730697Z 24.04.5
2026-10-08T23:05:55.9731209Z LTS
2026-10-08T23:05:55.9731711Z ##[endgroup]
2026-10-08T23:05:55.9732358Z ##[group]Runner Image
2026-10-08T23:05:55.9732995Z Image: ubuntu-24.04
2026-10-08T23:05:55.9733600Z Version: 20261004.327.1
2026-10-08T23:05:55.9734862Z Included Software: https://github.com/actions/runner-images/blob/ubuntu24/20261004.327/images/ubuntu/Ubuntu2404-Readme.md
2026-10-08T23:05:55.9736512Z Image Release: https://github.com/actions/runner-images/releases/tag/ubuntu24%2F20261004.327
2026-10-08T23:05:55.9737708Z ##[endgroup]
2026-10-08T23:05:55.9738846Z ##[group]GITHUB_TOKEN Permissions
2026-10-08T23:05:55.9741551Z Contents: read
2026-10-08T23:05:55.9742319Z Metadata: read
2026-10-08T23:05:55.9742874Z ##[endgroup]
2026-10-08T23:05:55.9745067Z Secret source: Actions
2026-10-08T23:05:55.9746054Z Cache mode: write
2026-10-08T23:05:55.9747154Z Prepare workflow directory
2026-10-08T23:05:56.0298192Z Prepare all required actions
2026-10-08T23:05:56.0347508Z Getting action download info
2026-10-08T23:05:56.2594797Z Download action repository 'actions/checkout@v4' (SHA:11d5960a326750d5838078e36cf38b85af677262)
2026-10-08T23:05:56.3756937Z Download action repository 'actions/setup-node@v4' (SHA:49933ea5288caeca8642d1e84afbd3f7d6820020)
2026-10-08T23:05:56.4780559Z Download action repository 'actions/upload-artifact@v4' (SHA:ea165f8d65b6e75b540449e92b4886f43607fa02)
2026-10-08T23:05:56.6774150Z Complete job name: checks (node)
2026-10-08T23:05:56.7517949Z ##[group]Run actions/checkout@v4
2026-10-08T23:05:56.7518878Z with:
2026-10-08T23:05:56.7519346Z   ref: 21770325250068d5a2fb05a8c31209894ca806d2
2026-10-08T23:05:56.7519970Z   repository: luisitin/partybox-game-cores
2026-10-08T23:05:56.7523544Z   token: ***
2026-10-08T23:05:56.7523978Z   ssh-strict: true
2026-10-08T23:05:56.7524406Z   ssh-user: git
2026-10-08T23:05:56.7524843Z   persist-credentials: true
2026-10-08T23:05:56.7525330Z   clean: true
2026-10-08T23:05:56.7525769Z   sparse-checkout-cone-mode: true
2026-10-08T23:05:56.7526281Z   fetch-depth: 1
2026-10-08T23:05:56.7526709Z   fetch-tags: false
2026-10-08T23:05:56.7527436Z   show-progress: true
2026-10-08T23:05:56.7527897Z   lfs: false
2026-10-08T23:05:56.7528313Z   submodules: false
2026-10-08T23:05:56.7528766Z   set-safe-directory: true
2026-10-08T23:05:56.7529272Z   allow-unsafe-pr-checkout: false
2026-10-08T23:05:56.7530065Z env:
2026-10-08T23:05:56.7530655Z   G10_SOURCE_COMMIT: 21770325250068d5a2fb05a8c31209894ca806d2
2026-10-08T23:05:56.7531284Z ##[endgroup]
2026-10-08T23:05:56.8579050Z Syncing repository: luisitin/partybox-game-cores
2026-10-08T23:05:56.8581312Z ##[group]Getting Git version info
2026-10-08T23:05:56.8582775Z Working directory is '/home/runner/work/partybox-game-cores/partybox-game-cores'
2026-10-08T23:05:56.8584833Z [command]/usr/bin/git version
2026-10-08T23:05:56.8672022Z git version 2.55.0
2026-10-08T23:05:56.8695577Z ##[endgroup]
2026-10-08T23:05:56.8711369Z Temporarily overriding HOME='/home/runner/work/_temp/b975a57d-837a-41d9-9354-0724d260c178' before making global git config changes
2026-10-08T23:05:56.8713876Z Adding repository directory to the temporary git global config as a safe directory
2026-10-08T23:05:56.8717478Z [command]/usr/bin/git config --global --add safe.directory /home/runner/work/partybox-game-cores/partybox-game-cores
2026-10-08T23:05:56.8766521Z Deleting the contents of '/home/runner/work/partybox-game-cores/partybox-game-cores'
2026-10-08T23:05:56.8770697Z ##[group]Initializing the repository
2026-10-08T23:05:56.8774701Z [command]/usr/bin/git init /home/runner/work/partybox-game-cores/partybox-game-cores
2026-10-08T23:05:56.8867683Z hint: Using 'master' as the name for the initial branch. This default branch name
2026-10-08T23:05:56.8869524Z hint: will change to "main" in Git 3.0. To configure the initial branch name
2026-10-08T23:05:56.8870486Z hint: to use in all of your new repositories, which will suppress this warning,
2026-10-08T23:05:56.8871239Z hint: call:
2026-10-08T23:05:56.8871681Z hint:
2026-10-08T23:05:56.8872218Z hint: 	git config --global init.defaultBranch <name>
2026-10-08T23:05:56.8872831Z hint:
2026-10-08T23:05:56.8873411Z hint: Names commonly chosen instead of 'master' are 'main', 'trunk' and
2026-10-08T23:05:56.8874340Z hint: 'development'. The just-created branch can be renamed via this command:
2026-10-08T23:05:56.8875074Z hint:
2026-10-08T23:05:56.8875488Z hint: 	git branch -m <name>
2026-10-08T23:05:56.8875995Z hint:
2026-10-08T23:05:56.8876671Z hint: Disable this message with "git config set advice.defaultBranchName false"
2026-10-08T23:05:56.8881510Z Initialized empty Git repository in /home/runner/work/partybox-game-cores/partybox-game-cores/.git/
2026-10-08T23:05:56.8893482Z [command]/usr/bin/git remote add origin https://github.com/luisitin/partybox-game-cores
2026-10-08T23:05:56.8941966Z ##[endgroup]
2026-10-08T23:05:56.8943270Z ##[group]Disabling automatic garbage collection
2026-10-08T23:05:56.8946169Z [command]/usr/bin/git config --local gc.auto 0
2026-10-08T23:05:56.9015106Z ##[endgroup]
2026-10-08T23:05:56.9015961Z ##[group]Setting up auth
2026-10-08T23:05:56.9024996Z [command]/usr/bin/git config --local --name-only --get-regexp core\.sshCommand
2026-10-08T23:05:56.9067422Z [command]/usr/bin/git submodule foreach --recursive sh -c "git config --local --name-only --get-regexp 'core\.sshCommand' && git config --local --unset-all 'core.sshCommand' || :"
2026-10-08T23:05:56.9468994Z [command]/usr/bin/git config --local --name-only --get-regexp http\.https\:\/\/github\.com\/\.extraheader
2026-10-08T23:05:56.9510652Z [command]/usr/bin/git submodule foreach --recursive sh -c "git config --local --name-only --get-regexp 'http\.https\:\/\/github\.com\/\.extraheader' && git config --local --unset-all 'http.https://github.com/.extraheader' || :"
2026-10-08T23:05:56.9757778Z [command]/usr/bin/git config --local --name-only --get-regexp ^includeIf\.gitdir:
2026-10-08T23:05:56.9798677Z [command]/usr/bin/git submodule foreach --recursive git config --local --show-origin --name-only --get-regexp remote.origin.url
2026-10-08T23:05:57.0047616Z [command]/usr/bin/git config --local http.https://github.com/.extraheader AUTHORIZATION: basic ***
2026-10-08T23:05:57.0091200Z ##[endgroup]
2026-10-08T23:05:57.0092918Z ##[group]Fetching the repository
2026-10-08T23:05:57.0102487Z [command]/usr/bin/git -c protocol.version=2 fetch --no-tags --prune --no-recurse-submodules --depth=1 origin 21770325250068d5a2fb05a8c31209894ca806d2
2026-10-08T23:06:16.3786343Z From https://github.com/luisitin/partybox-game-cores
2026-10-08T23:06:16.3787842Z  * branch            21770325250068d5a2fb05a8c31209894ca806d2 -> FETCH_HEAD
2026-10-08T23:06:16.3791137Z ##[endgroup]
2026-10-08T23:06:16.3792062Z ##[group]Determining the checkout info
2026-10-08T23:06:16.3794860Z ##[endgroup]
2026-10-08T23:06:16.3801316Z [command]/usr/bin/git sparse-checkout disable
2026-10-08T23:06:16.3863248Z [command]/usr/bin/git config --local --unset-all extensions.worktreeConfig
2026-10-08T23:06:16.3893621Z ##[group]Checking out the ref
2026-10-08T23:06:16.3899378Z [command]/usr/bin/git checkout --progress --force 21770325250068d5a2fb05a8c31209894ca806d2
2026-10-08T23:06:17.4968526Z Updating files:  10% (180/1649)
2026-10-08T23:06:18.3433712Z Updating files:  11% (182/1649)
2026-10-08T23:06:18.4789453Z Updating files:  12% (198/1649)
2026-10-08T23:06:19.3709327Z Updating files:  12% (199/1649)
2026-10-08T23:06:19.5024198Z Updating files:  13% (215/1649)
2026-10-08T23:06:20.4529105Z Updating files:  13% (216/1649)
2026-10-08T23:06:20.8046153Z Updating files:  13% (226/1649)
2026-10-08T23:06:21.4868587Z Updating files:  14% (231/1649)
2026-10-08T23:06:21.7697655Z Updating files:  14% (243/1649)
2026-10-08T23:06:22.0779935Z Updating files:  15% (248/1649)
2026-10-08T23:06:22.0804988Z Updating files:  16% (264/1649)
2026-10-08T23:06:22.0818381Z Updating files:  17% (281/1649)
2026-10-08T23:06:22.0826127Z Updating files:  18% (297/1649)
2026-10-08T23:06:22.1024106Z Updating files:  19% (314/1649)
2026-10-08T23:06:22.1032739Z Updating files:  20% (330/1649)
2026-10-08T23:06:22.1039993Z Updating files:  21% (347/1649)
2026-10-08T23:06:22.1195666Z Updating files:  22% (363/1649)
2026-10-08T23:06:22.1209409Z Updating files:  23% (380/1649)
2026-10-08T23:06:22.1224367Z Updating files:  24% (396/1649)
2026-10-08T23:06:22.1233689Z Updating files:  25% (413/1649)
2026-10-08T23:06:22.1263993Z Updating files:  26% (429/1649)
2026-10-08T23:06:22.1288016Z Updating files:  27% (446/1649)
2026-10-08T23:06:22.1306029Z Updating files:  28% (462/1649)
2026-10-08T23:06:22.1338012Z Updating files:  29% (479/1649)
2026-10-08T23:06:22.1338654Z Updating files:  30% (495/1649)
2026-10-08T23:06:22.1349983Z Updating files:  31% (512/1649)
2026-10-08T23:06:22.1364064Z Updating files:  32% (528/1649)
2026-10-08T23:06:22.1463711Z Updating files:  33% (545/1649)
2026-10-08T23:06:22.1486320Z Updating files:  34% (561/1649)
2026-10-08T23:06:22.1663471Z Updating files:  35% (578/1649)
2026-10-08T23:06:22.1831861Z Updating files:  36% (594/1649)
2026-10-08T23:06:22.1917283Z Updating files:  37% (611/1649)
2026-10-08T23:06:22.1942807Z Updating files:  38% (627/1649)
2026-10-08T23:06:22.2109666Z Updating files:  39% (644/1649)
2026-10-08T23:06:22.2283543Z Updating files:  40% (660/1649)
2026-10-08T23:06:22.2301166Z Updating files:  41% (677/1649)
2026-10-08T23:06:22.2310767Z Updating files:  42% (693/1649)
2026-10-08T23:06:22.2350116Z Updating files:  43% (710/1649)
2026-10-08T23:06:22.2380623Z Updating files:  44% (726/1649)
2026-10-08T23:06:22.2394416Z Updating files:  45% (743/1649)
2026-10-08T23:06:22.2406126Z Updating files:  46% (759/1649)
2026-10-08T23:06:22.2425614Z Updating files:  47% (776/1649)
2026-10-08T23:06:22.2559943Z Updating files:  48% (792/1649)
2026-10-08T23:06:22.2714149Z Updating files:  49% (809/1649)
2026-10-08T23:06:22.2776834Z Updating files:  50% (825/1649)
2026-10-08T23:06:22.2973736Z Updating files:  51% (841/1649)
2026-10-08T23:06:22.3029141Z Updating files:  52% (858/1649)
2026-10-08T23:06:22.3045763Z Updating files:  53% (874/1649)
2026-10-08T23:06:22.3055013Z Updating files:  54% (891/1649)
2026-10-08T23:06:22.3101949Z Updating files:  55% (907/1649)
2026-10-08T23:06:22.3153926Z Updating files:  56% (924/1649)
2026-10-08T23:06:22.3164577Z Updating files:  57% (940/1649)
2026-10-08T23:06:22.3194492Z Updating files:  58% (957/1649)
2026-10-08T23:06:22.3234596Z Updating files:  59% (973/1649)
2026-10-08T23:06:22.3276048Z Updating files:  60% (990/1649)
2026-10-08T23:06:22.3313596Z Updating files:  61% (1006/1649)
2026-10-08T23:06:22.3360943Z Updating files:  62% (1023/1649)
2026-10-08T23:06:22.3379588Z Updating files:  63% (1039/1649)
2026-10-08T23:06:22.3400264Z Updating files:  64% (1056/1649)
2026-10-08T23:06:22.3435263Z Updating files:  65% (1072/1649)
2026-10-08T23:06:22.3480442Z Updating files:  66% (1089/1649)
2026-10-08T23:06:22.3519899Z Updating files:  67% (1105/1649)
2026-10-08T23:06:22.3560796Z Updating files:  68% (1122/1649)
2026-10-08T23:06:22.3585796Z Updating files:  69% (1138/1649)
2026-10-08T23:06:22.3610354Z Updating files:  70% (1155/1649)
2026-10-08T23:06:22.3642335Z Updating files:  71% (1171/1649)
2026-10-08T23:06:22.3675535Z Updating files:  72% (1188/1649)
2026-10-08T23:06:22.3728243Z Updating files:  73% (1204/1649)
2026-10-08T23:06:22.3758159Z Updating files:  74% (1221/1649)
2026-10-08T23:06:22.3768791Z Updating files:  75% (1237/1649)
2026-10-08T23:06:22.3776174Z Updating files:  76% (1254/1649)
2026-10-08T23:06:22.3798652Z Updating files:  77% (1270/1649)
2026-10-08T23:06:22.3807179Z Updating files:  78% (1287/1649)
2026-10-08T23:06:22.3825090Z Updating files:  79% (1303/1649)
2026-10-08T23:06:22.3828256Z Updating files:  80% (1320/1649)
2026-10-08T23:06:22.3833114Z Updating files:  81% (1336/1649)
2026-10-08T23:06:22.3855284Z Updating files:  82% (1353/1649)
2026-10-08T23:06:22.3882412Z Updating files:  83% (1369/1649)
2026-10-08T23:06:22.3891043Z Updating files:  84% (1386/1649)
2026-10-08T23:06:22.3899912Z Updating files:  85% (1402/1649)
2026-10-08T23:06:22.3925841Z Updating files:  86% (1419/1649)
2026-10-08T23:06:22.3934457Z Updating files:  87% (1435/1649)
2026-10-08T23:06:22.3948155Z Updating files:  88% (1452/1649)
2026-10-08T23:06:22.3955202Z Updating files:  88% (1466/1649)
2026-10-08T23:06:22.3966276Z Updating files:  89% (1468/1649)
2026-10-08T23:06:22.4005074Z Updating files:  90% (1485/1649)
2026-10-08T23:06:22.4082735Z Updating files:  91% (1501/1649)
2026-10-08T23:06:22.4092377Z Updating files:  92% (1518/1649)
2026-10-08T23:06:22.4108413Z Updating files:  93% (1534/1649)
2026-10-08T23:06:22.4436229Z Updating files:  94% (1551/1649)
2026-10-08T23:06:22.7469007Z Updating files:  95% (1567/1649)
2026-10-08T23:06:22.7477190Z Updating files:  96% (1584/1649)
2026-10-08T23:06:22.7487195Z Updating files:  97% (1600/1649)
2026-10-08T23:06:22.7495580Z Updating files:  98% (1617/1649)
2026-10-08T23:06:22.7505724Z Updating files:  99% (1633/1649)
2026-10-08T23:06:22.7506534Z Updating files: 100% (1649/1649)
2026-10-08T23:06:22.7507016Z Updating files: 100% (1649/1649), done.
2026-10-08T23:06:22.7527643Z Note: switching to '21770325250068d5a2fb05a8c31209894ca806d2'.
2026-10-08T23:06:22.7528151Z 
2026-10-08T23:06:22.7528581Z You are in 'detached HEAD' state. You can look around, make experimental
2026-10-08T23:06:22.7529391Z changes and commit them, and you can discard any commits you make in this
2026-10-08T23:06:22.7529965Z state without impacting any branches by switching back to a branch.
2026-10-08T23:06:22.7530296Z 
2026-10-08T23:06:22.7530540Z If you want to create a new branch to retain commits you create, you may
2026-10-08T23:06:22.7531319Z do so (now or later) by using -c with the switch command. Example:
2026-10-08T23:06:22.7531639Z 
2026-10-08T23:06:22.7531766Z   git switch -c <new-branch-name>
2026-10-08T23:06:22.7531977Z 
2026-10-08T23:06:22.7532091Z Or undo this operation with:
2026-10-08T23:06:22.7532286Z 
2026-10-08T23:06:22.7532383Z   git switch -
2026-10-08T23:06:22.7532525Z 
2026-10-08T23:06:22.7532772Z Turn off this advice by setting config variable advice.detachedHead to false
2026-10-08T23:06:22.7533148Z 
2026-10-08T23:06:22.7533391Z HEAD is now at 2177032 G10 archive complete-source player-trial preparation
2026-10-08T23:06:22.7666491Z ##[endgroup]
2026-10-08T23:06:22.7715261Z [command]/usr/bin/git log -1 --format=%H
2026-10-08T23:06:22.7743429Z 21770325250068d5a2fb05a8c31209894ca806d2
2026-10-08T23:06:22.8003645Z ##[group]Run actions/setup-node@v4
2026-10-08T23:06:22.8003946Z with:
2026-10-08T23:06:22.8004158Z   node-version: 22.16.0
2026-10-08T23:06:22.8004403Z   cache: npm
2026-10-08T23:06:22.8004692Z   cache-dependency-path: jobs/G10-checkers/package-lock.json
2026-10-08T23:06:22.8005049Z   always-auth: false
2026-10-08T23:06:22.8005274Z   check-latest: false
2026-10-08T23:06:22.8007966Z   token: ***
2026-10-08T23:06:22.8008182Z env:
2026-10-08T23:06:22.8008439Z   G10_SOURCE_COMMIT: 21770325250068d5a2fb05a8c31209894ca806d2
2026-10-08T23:06:22.8008763Z ##[endgroup]
2026-10-08T23:06:22.9381728Z Attempting to download 22.16.0...
2026-10-08T23:06:22.9492933Z (node:2342) [DEP0040] DeprecationWarning: The `punycode` module is deprecated. Please use a userland alternative instead.
2026-10-08T23:06:22.9494326Z (Use `node --trace-deprecation ...` to show where the warning was created)
2026-10-08T23:06:23.4421254Z Acquiring 22.16.0 - x64 from https://github.com/actions/node-versions/releases/download/22.16.0-15177438473/node-22.16.0-linux-x64.tar.gz
2026-10-08T23:06:23.8913152Z Extracting ...
2026-10-08T23:06:23.9045569Z [command]/usr/bin/tar xz --strip 1 --warning=no-unknown-keyword --overwrite -C /home/runner/work/_temp/10452dc3-591b-4cbe-aea4-5f0cf9af67d3 -f /home/runner/work/_temp/fac3de10-0978-4a74-a948-f44457e1339b
2026-10-08T23:06:25.1061695Z Adding to the cache ...
2026-10-08T23:06:30.2683402Z ##[group]Environment details
2026-10-08T23:06:30.4863054Z node: v22.16.0
2026-10-08T23:06:30.4863453Z npm: 10.9.2
2026-10-08T23:06:30.4863773Z yarn: 1.22.22
2026-10-08T23:06:30.4864683Z ##[endgroup]
2026-10-08T23:06:30.4886721Z [command]/opt/hostedtoolcache/node/22.16.0/x64/bin/npm config get cache
2026-10-08T23:06:30.5835056Z /home/runner/.npm
2026-10-08T23:06:30.6594296Z Cache hit for: node-cache-Linux-x64-npm-b79e3f2344d4218dbbb2f93f566da8e1ac49738aa1184813b150890d461d0c8a
2026-10-08T23:06:30.6716541Z (node:2342) [DEP0169] DeprecationWarning: `url.parse()` behavior is not standardized and prone to errors that have security implications. Use the WHATWG URL API instead. CVEs are not issued for `url.parse()` vulnerabilities.
2026-10-08T23:06:30.9321027Z Received 12676330 of 12676330 (100.0%), 56.0 MBs/sec
2026-10-08T23:06:30.9321697Z Cache Size: ~12 MB (12676330 B)
2026-10-08T23:06:30.9438955Z [command]/usr/bin/tar -xf /home/runner/work/_temp/f5001937-2358-4528-a0f7-1c5ab3dc3bbd/cache.tzst -P -C /home/runner/work/partybox-game-cores/partybox-game-cores --use-compress-program unzstd
2026-10-08T23:06:30.9692616Z Cache restored successfully
2026-10-08T23:06:30.9703616Z Cache restored from key: node-cache-Linux-x64-npm-b79e3f2344d4218dbbb2f93f566da8e1ac49738aa1184813b150890d461d0c8a
2026-10-08T23:06:30.9898431Z ##[group]Run npm ci --ignore-scripts --no-audit --no-fund
2026-10-08T23:06:30.9898926Z [36;1mnpm ci --ignore-scripts --no-audit --no-fund[0m
2026-10-08T23:06:31.0145489Z shell: /usr/bin/bash -e {0}
2026-10-08T23:06:31.0145801Z env:
2026-10-08T23:06:31.0146119Z   G10_SOURCE_COMMIT: 21770325250068d5a2fb05a8c31209894ca806d2
2026-10-08T23:06:31.0146529Z ##[endgroup]
2026-10-08T23:06:31.9885126Z 
2026-10-08T23:06:31.9895923Z added 6 packages in 916ms
2026-10-08T23:06:32.0388109Z ##[group]Run if [ -f /etc/apt/apt-mirrors.txt ]; then
2026-10-08T23:06:32.0388575Z [36;1mif [ -f /etc/apt/apt-mirrors.txt ]; then[0m
2026-10-08T23:06:32.0389229Z [36;1m  sudo sed -i 's#http://azure.archive.ubuntu.com/ubuntu#https://archive.ubuntu.com/ubuntu#g' /etc/apt/apt-mirrors.txt[0m
2026-10-08T23:06:32.0389799Z [36;1mfi[0m
2026-10-08T23:06:32.0456208Z shell: /usr/bin/bash -e {0}
2026-10-08T23:06:32.0456468Z env:
2026-10-08T23:06:32.0456745Z   G10_SOURCE_COMMIT: 21770325250068d5a2fb05a8c31209894ca806d2
2026-10-08T23:06:32.0457092Z ##[endgroup]
2026-10-08T23:06:32.0664185Z ##[group]Run sudo apt-get update
2026-10-08T23:06:32.0664511Z [36;1msudo apt-get update[0m
2026-10-08T23:06:32.0664796Z [36;1msudo apt-get install -y ffmpeg[0m
2026-10-08T23:06:32.0665088Z [36;1mffprobe -version[0m
2026-10-08T23:06:32.0665332Z [36;1mffmpeg -version[0m
2026-10-08T23:06:32.0728339Z shell: /usr/bin/bash -e {0}
2026-10-08T23:06:32.0728608Z env:
2026-10-08T23:06:32.0728877Z   G10_SOURCE_COMMIT: 21770325250068d5a2fb05a8c31209894ca806d2
2026-10-08T23:06:32.0729233Z ##[endgroup]
2026-10-08T23:06:32.1505563Z Get:1 file:/etc/apt/apt-mirrors.txt Mirrorlist [139 B]
2026-10-08T23:06:32.1900169Z Get:6 https://packages.microsoft.com/ubuntu/24.04/prod noble InRelease [3600 B]
2026-10-08T23:06:32.2624317Z Get:7 https://packages.microsoft.com/ubuntu/24.04/prod noble/main armhf Packages [12.3 kB]
2026-10-08T23:06:32.2728042Z Get:8 https://packages.microsoft.com/ubuntu/24.04/prod noble/main all Packages [640 B]
2026-10-08T23:06:32.2756129Z Get:9 https://packages.microsoft.com/ubuntu/24.04/prod noble/main amd64 Packages [531 kB]
2026-10-08T23:06:32.2817038Z Get:10 https://packages.microsoft.com/ubuntu/24.04/prod noble/main arm64 Packages [474 kB]
2026-10-08T23:06:32.6328930Z Hit:2 https://archive.ubuntu.com/ubuntu noble InRelease
2026-10-08T23:06:32.7220705Z Get:3 https://archive.ubuntu.com/ubuntu noble-updates InRelease [126 kB]
2026-10-08T23:06:33.0356811Z Get:4 https://archive.ubuntu.com/ubuntu noble-backports InRelease [126 kB]
2026-10-08T23:06:33.2141699Z Get:5 https://archive.ubuntu.com/ubuntu noble-security InRelease [126 kB]
2026-10-08T23:06:33.3354271Z Get:11 https://archive.ubuntu.com/ubuntu noble-updates/main amd64 Packages [1375 kB]
2026-10-08T23:06:33.7477150Z Get:12 https://archive.ubuntu.com/ubuntu noble-updates/main Translation-en [306 kB]
2026-10-08T23:06:33.8439430Z Get:13 https://archive.ubuntu.com/ubuntu noble-updates/universe amd64 Packages [1702 kB]
2026-10-08T23:06:34.0455338Z Get:14 https://archive.ubuntu.com/ubuntu noble-updates/universe Translation-en [342 kB]
2026-10-08T23:06:34.1364142Z Get:15 https://archive.ubuntu.com/ubuntu noble-updates/restricted amd64 Packages [1761 kB]
2026-10-08T23:06:34.2684120Z Get:16 https://archive.ubuntu.com/ubuntu noble-updates/restricted Translation-en [401 kB]
2026-10-08T23:06:34.3601395Z Get:17 https://archive.ubuntu.com/ubuntu noble-updates/multiverse amd64 Packages [55.0 kB]
2026-10-08T23:06:34.4422765Z Get:18 https://archive.ubuntu.com/ubuntu noble-updates/multiverse Translation-en [14.3 kB]
2026-10-08T23:06:34.5235598Z Get:19 https://archive.ubuntu.com/ubuntu noble-security/main amd64 Packages [1115 kB]
2026-10-08T23:06:34.6336088Z Get:20 https://archive.ubuntu.com/ubuntu noble-security/main Translation-en [227 kB]
2026-10-08T23:06:34.8420060Z Get:21 https://archive.ubuntu.com/ubuntu noble-security/universe amd64 Packages [1218 kB]
2026-10-08T23:06:34.9654609Z Get:22 https://archive.ubuntu.com/ubuntu noble-security/universe Translation-en [245 kB]
2026-10-08T23:06:35.0529196Z Get:23 https://archive.ubuntu.com/ubuntu noble-security/restricted amd64 Packages [1632 kB]
2026-10-08T23:06:35.1767632Z Get:24 https://archive.ubuntu.com/ubuntu noble-security/restricted Translation-en [376 kB]
2026-10-08T23:06:35.2708684Z Get:25 https://archive.ubuntu.com/ubuntu noble-security/multiverse Translation-en [11.6 kB]
2026-10-08T23:06:37.5693625Z Fetched 12.2 MB in 3s (3857 kB/s)
2026-10-08T23:06:38.5101093Z Reading package lists...
2026-10-08T23:06:38.5416574Z Reading package lists...
2026-10-08T23:06:38.7865228Z Building dependency tree...
2026-10-08T23:06:38.7874537Z Reading state information...
2026-10-08T23:06:39.0279174Z The following additional packages will be installed:
2026-10-08T23:06:39.0280072Z   i965-va-driver intel-media-va-driver libaacs0 libass9 libasyncns0
2026-10-08T23:06:39.0280960Z   libavc1394-0 libavcodec60 libavdevice60 libavfilter9 libavformat60
2026-10-08T23:06:39.0281811Z   libavutil58 libbdplus0 libblas3 libbluray2 libbs2b0 libcaca0
2026-10-08T23:06:39.0283407Z   libcdio-cdda2t64 libcdio-paranoia2t64 libcdio19t64 libchromaprint1 libcjson1
2026-10-08T23:06:39.0284610Z   libcodec2-1.2 libdav1d7 libdc1394-25 libdecor-0-0 libdecor-0-plugin-1-gtk
2026-10-08T23:06:39.0285585Z   libflac12t64 libflite1 libgme0 libgsm1 libhwy1t64 libiec61883-0 libigdgmm12
2026-10-08T23:06:39.0286522Z   libjack-jackd2-0 libjxl0.7 liblapack3 liblilv-0-0 libmbedcrypto7t64
2026-10-08T23:06:39.0287618Z   libmp3lame0 libmpg123-0t64 libmysofa1 libopenal-data libopenal1
2026-10-08T23:06:39.0288493Z   libopenmpt0t64 libopus0 libplacebo338 libpocketsphinx3 libpostproc57
2026-10-08T23:06:39.0289363Z   libpulse0 librav1e0 libraw1394-11 librist4 librsvg2-2 librsvg2-common
2026-10-08T23:06:39.0290210Z   librubberband2 libsamplerate0 libsdl2-2.0-0 libserd-0-0 libshine3
2026-10-08T23:06:39.0291083Z   libsndfile1 libsndio7.0 libsord-0-0 libsoxr0 libspeex1 libsphinxbase3t64
2026-10-08T23:06:39.0291917Z   libsratom-0-0 libsrt1.5-gnutls libssh-gcrypt-4 libsvtav1enc1d1
2026-10-08T23:06:39.0292792Z   libswresample4 libswscale7 libtheora0 libtwolame0 libudfread0 libunibreak5
2026-10-08T23:06:39.0293719Z   libva-drm2 libva-x11-2 libva2 libvdpau1 libvidstab1.1 libvorbisenc2 libvpl2
2026-10-08T23:06:39.0294603Z   libvpx9 libx264-164 libx265-199 libxcb-shape0 libxv1 libxvidcore4 libzimg2
2026-10-08T23:06:39.0298350Z   libzix-0-0 libzvbi-common libzvbi0t64 mesa-va-drivers mesa-vdpau-drivers
2026-10-08T23:06:39.0304810Z   ocl-icd-libopencl1 pocketsphinx-en-us va-driver-all vdpau-driver-all
2026-10-08T23:06:39.0305525Z Suggested packages:
2026-10-08T23:06:39.0305965Z   ffmpeg-doc i965-va-driver-shaders libcuda1 libnvcuvid1 libnvidia-encode1
2026-10-08T23:06:39.0306798Z   libbluray-bdj jackd2 libportaudio2 opus-tools pulseaudio libraw1394-doc
2026-10-08T23:06:39.0307654Z   librsvg2-bin serdi sndiod sordi speex opencl-icd libvdpau-va-gl1
2026-10-08T23:06:39.0805731Z The following NEW packages will be installed:
2026-10-08T23:06:39.0806725Z   ffmpeg i965-va-driver intel-media-va-driver libaacs0 libass9 libasyncns0
2026-10-08T23:06:39.0808145Z   libavc1394-0 libavcodec60 libavdevice60 libavfilter9 libavformat60
2026-10-08T23:06:39.0809104Z   libavutil58 libbdplus0 libblas3 libbluray2 libbs2b0 libcaca0
2026-10-08T23:06:39.0810212Z   libcdio-cdda2t64 libcdio-paranoia2t64 libcdio19t64 libchromaprint1 libcjson1
2026-10-08T23:06:39.0811538Z   libcodec2-1.2 libdav1d7 libdc1394-25 libdecor-0-0 libdecor-0-plugin-1-gtk
2026-10-08T23:06:39.0818837Z   libflac12t64 libflite1 libgme0 libgsm1 libhwy1t64 libiec61883-0 libigdgmm12
2026-10-08T23:06:39.0828791Z   libjack-jackd2-0 libjxl0.7 liblapack3 liblilv-0-0 libmbedcrypto7t64
2026-10-08T23:06:39.0829904Z   libmp3lame0 libmpg123-0t64 libmysofa1 libopenal-data libopenal1
2026-10-08T23:06:39.0830932Z   libopenmpt0t64 libopus0 libplacebo338 libpocketsphinx3 libpostproc57
2026-10-08T23:06:39.0831989Z   libpulse0 librav1e0 libraw1394-11 librist4 librsvg2-2 librsvg2-common
2026-10-08T23:06:39.0833016Z   librubberband2 libsamplerate0 libsdl2-2.0-0 libserd-0-0 libshine3
2026-10-08T23:06:39.0834059Z   libsndfile1 libsndio7.0 libsord-0-0 libsoxr0 libspeex1 libsphinxbase3t64
2026-10-08T23:06:39.0835081Z   libsratom-0-0 libsrt1.5-gnutls libssh-gcrypt-4 libsvtav1enc1d1
2026-10-08T23:06:39.0836128Z   libswresample4 libswscale7 libtheora0 libtwolame0 libudfread0 libunibreak5
2026-10-08T23:06:39.0837500Z   libva-drm2 libva-x11-2 libva2 libvdpau1 libvidstab1.1 libvorbisenc2 libvpl2
2026-10-08T23:06:39.0838605Z   libvpx9 libx264-164 libx265-199 libxcb-shape0 libxv1 libxvidcore4 libzimg2
2026-10-08T23:06:39.0839664Z   libzix-0-0 libzvbi-common libzvbi0t64 mesa-va-drivers mesa-vdpau-drivers
2026-10-08T23:06:39.0840702Z   ocl-icd-libopencl1 pocketsphinx-en-us va-driver-all vdpau-driver-all
2026-10-08T23:06:39.1039116Z 0 upgraded, 99 newly installed, 0 to remove and 23 not upgraded.
2026-10-08T23:06:39.1039918Z Need to get 94.1 MB of archives.
2026-10-08T23:06:39.1040657Z After this operation, 227 MB of additional disk space will be used.
2026-10-08T23:06:39.1041517Z Get:1 file:/etc/apt/apt-mirrors.txt Mirrorlist [139 B]
2026-10-08T23:06:39.3902001Z Get:2 https://archive.ubuntu.com/ubuntu noble-updates/universe amd64 libva2 amd64 2.20.0-2ubuntu0.2 [66.4 kB]
2026-10-08T23:06:39.4336432Z Get:3 https://archive.ubuntu.com/ubuntu noble-updates/universe amd64 libva-drm2 amd64 2.20.0-2ubuntu0.2 [7124 B]
2026-10-08T23:06:39.4482432Z Get:4 https://archive.ubuntu.com/ubuntu noble-updates/universe amd64 libva-x11-2 amd64 2.20.0-2ubuntu0.2 [12.0 kB]
2026-10-08T23:06:39.4628610Z Get:5 https://archive.ubuntu.com/ubuntu noble/main amd64 libvdpau1 amd64 1.5-2build1 [27.8 kB]
2026-10-08T23:06:39.4790442Z Get:6 https://archive.ubuntu.com/ubuntu noble/universe amd64 libvpl2 amd64 2023.3.0-1build1 [99.8 kB]
2026-10-08T23:06:39.5080013Z Get:7 https://archive.ubuntu.com/ubuntu noble/universe amd64 ocl-icd-libopencl1 amd64 2.3.2-1build1 [38.5 kB]
2026-10-08T23:06:39.5229556Z Get:8 https://archive.ubuntu.com/ubuntu noble/universe amd64 libavutil58 amd64 7:6.1.1-3ubuntu5 [401 kB]
2026-10-08T23:06:39.5646615Z Get:9 https://archive.ubuntu.com/ubuntu noble/universe amd64 libcodec2-1.2 amd64 1.2.0-2build1 [8998 kB]
2026-10-08T23:06:39.6890934Z Get:10 https://archive.ubuntu.com/ubuntu noble/universe amd64 libdav1d7 amd64 1.4.1-1build1 [604 kB]
2026-10-08T23:06:39.7066833Z Get:11 https://archive.ubuntu.com/ubuntu noble/universe amd64 libgsm1 amd64 1.0.22-1build1 [27.8 kB]
2026-10-08T23:06:39.7216121Z Get:12 https://archive.ubuntu.com/ubuntu noble/universe amd64 libhwy1t64 amd64 1.0.7-8.1build1 [584 kB]
2026-10-08T23:06:39.7398822Z Get:13 https://archive.ubuntu.com/ubuntu noble-updates/universe amd64 libjxl0.7 amd64 0.7.0-10.2ubuntu6.1 [1001 kB]
2026-10-08T23:06:39.7604985Z Get:14 https://archive.ubuntu.com/ubuntu noble/main amd64 libmp3lame0 amd64 3.100-6build1 [142 kB]
2026-10-08T23:06:39.7759162Z Get:15 https://archive.ubuntu.com/ubuntu noble/main amd64 libopus0 amd64 1.4-1build1 [208 kB]
2026-10-08T23:06:39.7917701Z Get:16 https://archive.ubuntu.com/ubuntu noble/universe amd64 librav1e0 amd64 0.7.1-2 [1022 kB]
2026-10-08T23:06:39.8126576Z Get:17 https://archive.ubuntu.com/ubuntu noble-updates/main amd64 librsvg2-2 amd64 2.58.0+dfsg-1ubuntu0.1 [2141 kB]
2026-10-08T23:06:39.8400398Z Get:18 https://archive.ubuntu.com/ubuntu noble/universe amd64 libshine3 amd64 3.1.1-2build1 [23.2 kB]
2026-10-08T23:06:39.8543702Z Get:19 https://archive.ubuntu.com/ubuntu noble-updates/main amd64 libspeex1 amd64 1.2.1-2ubuntu2.24.04.1 [59.6 kB]
2026-10-08T23:06:39.8693307Z Get:20 https://archive.ubuntu.com/ubuntu noble/universe amd64 libsvtav1enc1d1 amd64 1.7.0+dfsg-2build1 [2425 kB]
2026-10-08T23:06:39.9526013Z Get:21 https://archive.ubuntu.com/ubuntu noble/universe amd64 libsoxr0 amd64 0.1.3-4build3 [80.0 kB]
2026-10-08T23:06:39.9674307Z Get:22 https://archive.ubuntu.com/ubuntu noble/universe amd64 libswresample4 amd64 7:6.1.1-3ubuntu5 [63.8 kB]
2026-10-08T23:06:39.9823690Z Get:23 https://archive.ubuntu.com/ubuntu noble/main amd64 libtheora0 amd64 1.1.1+dfsg.1-16.1build3 [211 kB]
2026-10-08T23:06:39.9980175Z Get:24 https://archive.ubuntu.com/ubuntu noble/main amd64 libtwolame0 amd64 0.4.0-2build3 [52.3 kB]
2026-10-08T23:06:40.0126456Z Get:25 https://archive.ubuntu.com/ubuntu noble/main amd64 libvorbisenc2 amd64 1.3.7-1build3 [80.8 kB]
2026-10-08T23:06:40.0275557Z Get:26 https://archive.ubuntu.com/ubuntu noble-updates/main amd64 libvpx9 amd64 1.14.0-1ubuntu2.3 [1143 kB]
2026-10-08T23:06:40.0491487Z Get:27 https://archive.ubuntu.com/ubuntu noble/universe amd64 libx264-164 amd64 2:0.164.3108+git31e19f9-1 [604 kB]
2026-10-08T23:06:40.0669528Z Get:28 https://archive.ubuntu.com/ubuntu noble/universe amd64 libx265-199 amd64 3.5-2build1 [1226 kB]
2026-10-08T23:06:40.0889220Z Get:29 https://archive.ubuntu.com/ubuntu noble/universe amd64 libxvidcore4 amd64 2:1.3.7-1build1 [219 kB]
2026-10-08T23:06:40.1044925Z Get:30 https://archive.ubuntu.com/ubuntu noble/universe amd64 libzvbi-common all 0.2.42-2 [42.4 kB]
2026-10-08T23:06:40.1191200Z Get:31 https://archive.ubuntu.com/ubuntu noble/universe amd64 libzvbi0t64 amd64 0.2.42-2 [261 kB]
2026-10-08T23:06:40.1354874Z Get:32 https://archive.ubuntu.com/ubuntu noble/universe amd64 libavcodec60 amd64 7:6.1.1-3ubuntu5 [5851 kB]
2026-10-08T23:06:40.1877403Z Get:33 https://archive.ubuntu.com/ubuntu noble/main amd64 libraw1394-11 amd64 2.1.2-2build3 [26.2 kB]
2026-10-08T23:06:40.2022371Z Get:34 https://archive.ubuntu.com/ubuntu noble/main amd64 libavc1394-0 amd64 0.5.4-5build3 [15.4 kB]
2026-10-08T23:06:40.2175011Z Get:35 https://archive.ubuntu.com/ubuntu noble/universe amd64 libunibreak5 amd64 5.1-2build1 [25.0 kB]
2026-10-08T23:06:40.2332113Z Get:36 https://archive.ubuntu.com/ubuntu noble/universe amd64 libass9 amd64 1:0.17.1-2build1 [104 kB]
2026-10-08T23:06:40.2480426Z Get:37 https://archive.ubuntu.com/ubuntu noble/universe amd64 libudfread0 amd64 1.1.2-1build1 [19.0 kB]
2026-10-08T23:06:40.2630601Z Get:38 https://archive.ubuntu.com/ubuntu noble/universe amd64 libbluray2 amd64 1:1.3.4-1build1 [159 kB]
2026-10-08T23:06:40.2786343Z Get:39 https://archive.ubuntu.com/ubuntu noble/universe amd64 libchromaprint1 amd64 1.5.1-5 [30.5 kB]
2026-10-08T23:06:40.3468466Z Get:40 https://archive.ubuntu.com/ubuntu noble/universe amd64 libgme0 amd64 0.6.3-7build1 [134 kB]
2026-10-08T23:06:40.3622036Z Get:41 https://archive.ubuntu.com/ubuntu noble-updates/main amd64 libmpg123-0t64 amd64 1.32.5-1ubuntu1.1 [169 kB]
2026-10-08T23:06:40.3779296Z Get:42 https://archive.ubuntu.com/ubuntu noble/universe amd64 libopenmpt0t64 amd64 0.7.3-1.1build3 [647 kB]
2026-10-08T23:06:40.3959759Z Get:43 https://archive.ubuntu.com/ubuntu noble/universe amd64 libcjson1 amd64 1.7.17-1 [24.8 kB]
2026-10-08T23:06:40.4107803Z Get:44 https://archive.ubuntu.com/ubuntu noble/universe amd64 libmbedcrypto7t64 amd64 2.28.8-1 [209 kB]
2026-10-08T23:06:40.4263486Z Get:45 https://archive.ubuntu.com/ubuntu noble/universe amd64 librist4 amd64 0.2.10+dfsg-2 [74.9 kB]
2026-10-08T23:06:40.4411570Z Get:46 https://archive.ubuntu.com/ubuntu noble/universe amd64 libsrt1.5-gnutls amd64 1.5.3-1build2 [316 kB]
2026-10-08T23:06:40.4574809Z Get:47 https://archive.ubuntu.com/ubuntu noble-updates/main amd64 libssh-gcrypt-4 amd64 0.10.6-2ubuntu0.5 [226 kB]
2026-10-08T23:06:40.4733124Z Get:48 https://archive.ubuntu.com/ubuntu noble/universe amd64 libavformat60 amd64 7:6.1.1-3ubuntu5 [1153 kB]
2026-10-08T23:06:40.4944742Z Get:49 https://archive.ubuntu.com/ubuntu noble/universe amd64 libbs2b0 amd64 3.1.0+dfsg-7build1 [10.6 kB]
2026-10-08T23:06:40.5091634Z Get:50 https://archive.ubuntu.com/ubuntu noble/universe amd64 libflite1 amd64 2.2-6build3 [13.6 MB]
2026-10-08T23:06:40.6153610Z Get:51 https://archive.ubuntu.com/ubuntu noble/universe amd64 libserd-0-0 amd64 0.32.2-1 [43.6 kB]
2026-10-08T23:06:40.6295489Z Get:52 https://archive.ubuntu.com/ubuntu noble/universe amd64 libzix-0-0 amd64 0.4.2-2build1 [23.6 kB]
2026-10-08T23:06:40.6438497Z Get:53 https://archive.ubuntu.com/ubuntu noble/universe amd64 libsord-0-0 amd64 0.16.16-2build1 [15.8 kB]
2026-10-08T23:06:40.6580962Z Get:54 https://archive.ubuntu.com/ubuntu noble/universe amd64 libsratom-0-0 amd64 0.6.16-1build1 [17.3 kB]
2026-10-08T23:06:40.6724307Z Get:55 https://archive.ubuntu.com/ubuntu noble/universe amd64 liblilv-0-0 amd64 0.24.22-1build1 [41.0 kB]
2026-10-08T23:06:40.6867731Z Get:56 https://archive.ubuntu.com/ubuntu noble/universe amd64 libmysofa1 amd64 1.3.2+dfsg-2ubuntu2 [1158 kB]
2026-10-08T23:06:40.7089002Z Get:57 https://archive.ubuntu.com/ubuntu noble/universe amd64 libplacebo338 amd64 6.338.2-2build1 [2654 kB]
2026-10-08T23:06:40.7404358Z Get:58 https://archive.ubuntu.com/ubuntu noble-updates/main amd64 libblas3 amd64 3.12.0-3build1.1 [238 kB]
2026-10-08T23:06:40.7561936Z Get:59 https://archive.ubuntu.com/ubuntu noble-updates/main amd64 liblapack3 amd64 3.12.0-3build1.1 [2646 kB]
2026-10-08T23:06:40.8417460Z Get:60 https://archive.ubuntu.com/ubuntu noble/main amd64 libasyncns0 amd64 0.8-6build4 [11.3 kB]
2026-10-08T23:06:40.8560070Z Get:61 https://archive.ubuntu.com/ubuntu noble/main amd64 libflac12t64 amd64 1.4.3+ds-2.1ubuntu2 [197 kB]
2026-10-08T23:06:40.8714755Z Get:62 https://archive.ubuntu.com/ubuntu noble-updates/main amd64 libsndfile1 amd64 1.2.2-1ubuntu5.24.04.1 [209 kB]
2026-10-08T23:06:40.8870295Z Get:63 https://archive.ubuntu.com/ubuntu noble-updates/main amd64 libpulse0 amd64 1:16.1+dfsg1-2ubuntu10.1 [292 kB]
2026-10-08T23:06:40.9031643Z Get:64 https://archive.ubuntu.com/ubuntu noble/universe amd64 libsphinxbase3t64 amd64 0.8+5prealpha+1-17build2 [126 kB]
2026-10-08T23:06:40.9182896Z Get:65 https://archive.ubuntu.com/ubuntu noble/universe amd64 libpocketsphinx3 amd64 0.8.0+real5prealpha+1-15ubuntu5 [133 kB]
2026-10-08T23:06:40.9331756Z Get:66 https://archive.ubuntu.com/ubuntu noble/universe amd64 libpostproc57 amd64 7:6.1.1-3ubuntu5 [49.9 kB]
2026-10-08T23:06:40.9477657Z Get:67 https://archive.ubuntu.com/ubuntu noble/main amd64 libsamplerate0 amd64 0.2.2-4build1 [1344 kB]
2026-10-08T23:06:40.9712010Z Get:68 https://archive.ubuntu.com/ubuntu noble/universe amd64 librubberband2 amd64 3.3.0+dfsg-2build1 [130 kB]
2026-10-08T23:06:40.9880500Z Get:69 https://archive.ubuntu.com/ubuntu noble/universe amd64 libswscale7 amd64 7:6.1.1-3ubuntu5 [193 kB]
2026-10-08T23:06:41.0033066Z Get:70 https://archive.ubuntu.com/ubuntu noble/universe amd64 libvidstab1.1 amd64 1.1.0-2build1 [38.5 kB]
2026-10-08T23:06:41.0178442Z Get:71 https://archive.ubuntu.com/ubuntu noble/universe amd64 libzimg2 amd64 3.0.5+ds1-1build1 [254 kB]
2026-10-08T23:06:41.0335277Z Get:72 https://archive.ubuntu.com/ubuntu noble/universe amd64 libavfilter9 amd64 7:6.1.1-3ubuntu5 [4235 kB]
2026-10-08T23:06:41.0757796Z Get:73 https://archive.ubuntu.com/ubuntu noble-updates/main amd64 libcaca0 amd64 0.99.beta20-4ubuntu0.2 [209 kB]
2026-10-08T23:06:41.0914479Z Get:74 https://archive.ubuntu.com/ubuntu noble-updates/main amd64 libcdio19t64 amd64 2.1.0-4.1ubuntu1.2 [62.4 kB]
2026-10-08T23:06:41.1058105Z Get:75 https://archive.ubuntu.com/ubuntu noble/main amd64 libcdio-cdda2t64 amd64 10.2+2.0.1-1.1build2 [16.5 kB]
2026-10-08T23:06:41.1199460Z Get:76 https://archive.ubuntu.com/ubuntu noble/main amd64 libcdio-paranoia2t64 amd64 10.2+2.0.1-1.1build2 [16.6 kB]
2026-10-08T23:06:41.1342741Z Get:77 https://archive.ubuntu.com/ubuntu noble/universe amd64 libdc1394-25 amd64 2.2.6-4build1 [90.1 kB]
2026-10-08T23:06:41.2047802Z Get:78 https://archive.ubuntu.com/ubuntu noble/main amd64 libiec61883-0 amd64 1.2.0-6build1 [24.5 kB]
2026-10-08T23:06:41.2204221Z Get:79 https://archive.ubuntu.com/ubuntu noble/main amd64 libjack-jackd2-0 amd64 1.9.21~dfsg-3ubuntu3 [289 kB]
2026-10-08T23:06:41.2365215Z Get:80 https://archive.ubuntu.com/ubuntu noble/universe amd64 libopenal-data all 1:1.23.1-4build1 [161 kB]
2026-10-08T23:06:41.2515471Z Get:81 https://archive.ubuntu.com/ubuntu noble/universe amd64 libsndio7.0 amd64 1.9.0-0.3build3 [29.6 kB]
2026-10-08T23:06:41.2658623Z Get:82 https://archive.ubuntu.com/ubuntu noble/universe amd64 libopenal1 amd64 1:1.23.1-4build1 [540 kB]
2026-10-08T23:06:41.2834533Z Get:83 https://archive.ubuntu.com/ubuntu noble/main amd64 libdecor-0-0 amd64 0.2.2-1build2 [16.5 kB]
2026-10-08T23:06:41.2975311Z Get:84 https://archive.ubuntu.com/ubuntu noble-updates/main amd64 libsdl2-2.0-0 amd64 2.30.0+dfsg-1ubuntu3.1 [686 kB]
2026-10-08T23:06:41.3160195Z Get:85 https://archive.ubuntu.com/ubuntu noble/main amd64 libxcb-shape0 amd64 1.15-1ubuntu2 [6100 B]
2026-10-08T23:06:41.3300757Z Get:86 https://archive.ubuntu.com/ubuntu noble/main amd64 libxv1 amd64 2:1.0.11-1.1build1 [10.7 kB]
2026-10-08T23:06:41.3441874Z Get:87 https://archive.ubuntu.com/ubuntu noble/universe amd64 libavdevice60 amd64 7:6.1.1-3ubuntu5 [82.3 kB]
2026-10-08T23:06:41.3587867Z Get:88 https://archive.ubuntu.com/ubuntu noble/universe amd64 ffmpeg amd64 7:6.1.1-3ubuntu5 [1879 kB]
2026-10-08T23:06:41.3849563Z Get:89 https://archive.ubuntu.com/ubuntu noble-updates/universe amd64 libigdgmm12 amd64 22.3.17+ds1-1ubuntu1 [145 kB]
2026-10-08T23:06:41.4003132Z Get:90 https://archive.ubuntu.com/ubuntu noble-updates/universe amd64 intel-media-va-driver amd64 24.1.0+dfsg1-1ubuntu0.2 [3163 kB]
2026-10-08T23:06:41.4353540Z Get:91 https://archive.ubuntu.com/ubuntu noble/universe amd64 libaacs0 amd64 0.11.1-2build1 [62.9 kB]
2026-10-08T23:06:41.4498346Z Get:92 https://archive.ubuntu.com/ubuntu noble/universe amd64 libbdplus0 amd64 0.2.0-3build1 [52.2 kB]
2026-10-08T23:06:41.4641633Z Get:93 https://archive.ubuntu.com/ubuntu noble/main amd64 libdecor-0-plugin-1-gtk amd64 0.2.2-1build2 [22.2 kB]
2026-10-08T23:06:41.4783229Z Get:94 https://archive.ubuntu.com/ubuntu noble-updates/main amd64 librsvg2-common amd64 2.58.0+dfsg-1ubuntu0.1 [11.8 kB]
2026-10-08T23:06:41.4924137Z Get:95 https://archive.ubuntu.com/ubuntu noble-updates/universe amd64 mesa-va-drivers amd64 25.2.8-0ubuntu0.24.04.4 [6778 B]
2026-10-08T23:06:41.5068287Z Get:96 https://archive.ubuntu.com/ubuntu noble-updates/main amd64 mesa-vdpau-drivers amd64 25.2.8-0ubuntu0.24.04.4 [23.4 kB]
2026-10-08T23:06:41.5759576Z Get:97 https://archive.ubuntu.com/ubuntu noble-updates/universe amd64 i965-va-driver amd64 2.4.1+dfsg1-1ubuntu0.2 [332 kB]
2026-10-08T23:06:41.5919151Z Get:98 https://archive.ubuntu.com/ubuntu noble-updates/universe amd64 va-driver-all amd64 2.20.0-2ubuntu0.2 [5014 B]
2026-10-08T23:06:41.6059632Z Get:99 https://archive.ubuntu.com/ubuntu noble/main amd64 vdpau-driver-all amd64 1.5-2build1 [4414 B]
2026-10-08T23:06:41.6203910Z Get:100 https://archive.ubuntu.com/ubuntu noble/universe amd64 pocketsphinx-en-us all 0.8.0+real5prealpha+1-15ubuntu5 [27.4 MB]
2026-10-08T23:06:42.1471950Z Fetched 94.1 MB in 3s (34.8 MB/s)
2026-10-08T23:06:42.1720870Z Selecting previously unselected package libva2:amd64.
2026-10-08T23:06:42.1994439Z (Reading database ... 
2026-10-08T23:06:42.1995117Z (Reading database ... 5%
2026-10-08T23:06:42.1995974Z (Reading database ... 10%
2026-10-08T23:06:42.1996646Z (Reading database ... 15%
2026-10-08T23:06:42.1997436Z (Reading database ... 20%
2026-10-08T23:06:42.1997960Z (Reading database ... 25%
2026-10-08T23:06:42.1998447Z (Reading database ... 30%
2026-10-08T23:06:42.1998856Z (Reading database ... 35%
2026-10-08T23:06:42.1999137Z (Reading database ... 40%
2026-10-08T23:06:42.1999405Z (Reading database ... 45%
2026-10-08T23:06:42.1999668Z (Reading database ... 50%
2026-10-08T23:06:42.2038644Z (Reading database ... 55%
2026-10-08T23:06:42.2718323Z (Reading database ... 60%
2026-10-08T23:06:42.5217813Z (Reading database ... 65%
2026-10-08T23:06:42.7267067Z (Reading database ... 70%
2026-10-08T23:06:42.8758889Z (Reading database ... 75%
2026-10-08T23:06:43.0347823Z (Reading database ... 80%
2026-10-08T23:06:43.2204565Z (Reading database ... 85%
2026-10-08T23:06:43.4238334Z (Reading database ... 90%
2026-10-08T23:06:43.5661974Z (Reading database ... 95%
2026-10-08T23:06:43.5662673Z (Reading database ... 100%
2026-10-08T23:06:43.5663639Z (Reading database ... 203191 files and directories currently installed.)
2026-10-08T23:06:43.5710334Z Preparing to unpack .../00-libva2_2.20.0-2ubuntu0.2_amd64.deb ...
2026-10-08T23:06:43.5746738Z Unpacking libva2:amd64 (2.20.0-2ubuntu0.2) ...
2026-10-08T23:06:43.5963623Z Selecting previously unselected package libva-drm2:amd64.
2026-10-08T23:06:43.6092811Z Preparing to unpack .../01-libva-drm2_2.20.0-2ubuntu0.2_amd64.deb ...
2026-10-08T23:06:43.6100881Z Unpacking libva-drm2:amd64 (2.20.0-2ubuntu0.2) ...
2026-10-08T23:06:43.6396080Z Selecting previously unselected package libva-x11-2:amd64.
2026-10-08T23:06:43.6530594Z Preparing to unpack .../02-libva-x11-2_2.20.0-2ubuntu0.2_amd64.deb ...
2026-10-08T23:06:43.6537232Z Unpacking libva-x11-2:amd64 (2.20.0-2ubuntu0.2) ...
2026-10-08T23:06:43.6743356Z Selecting previously unselected package libvdpau1:amd64.
2026-10-08T23:06:43.6875813Z Preparing to unpack .../03-libvdpau1_1.5-2build1_amd64.deb ...
2026-10-08T23:06:43.6883343Z Unpacking libvdpau1:amd64 (1.5-2build1) ...
2026-10-08T23:06:43.7087946Z Selecting previously unselected package libvpl2.
2026-10-08T23:06:43.7224563Z Preparing to unpack .../04-libvpl2_2023.3.0-1build1_amd64.deb ...
2026-10-08T23:06:43.7243189Z Unpacking libvpl2 (2023.3.0-1build1) ...
2026-10-08T23:06:43.7471619Z Selecting previously unselected package ocl-icd-libopencl1:amd64.
2026-10-08T23:06:43.7606928Z Preparing to unpack .../05-ocl-icd-libopencl1_2.3.2-1build1_amd64.deb ...
2026-10-08T23:06:43.7616300Z Unpacking ocl-icd-libopencl1:amd64 (2.3.2-1build1) ...
2026-10-08T23:06:43.7879728Z Selecting previously unselected package libavutil58:amd64.
2026-10-08T23:06:43.8012690Z Preparing to unpack .../06-libavutil58_7%3a6.1.1-3ubuntu5_amd64.deb ...
2026-10-08T23:06:43.8020089Z Unpacking libavutil58:amd64 (7:6.1.1-3ubuntu5) ...
2026-10-08T23:06:43.8280867Z Selecting previously unselected package libcodec2-1.2:amd64.
2026-10-08T23:06:43.8408900Z Preparing to unpack .../07-libcodec2-1.2_1.2.0-2build1_amd64.deb ...
2026-10-08T23:06:43.8416938Z Unpacking libcodec2-1.2:amd64 (1.2.0-2build1) ...
2026-10-08T23:06:43.9135804Z Selecting previously unselected package libdav1d7:amd64.
2026-10-08T23:06:43.9264461Z Preparing to unpack .../08-libdav1d7_1.4.1-1build1_amd64.deb ...
2026-10-08T23:06:43.9271153Z Unpacking libdav1d7:amd64 (1.4.1-1build1) ...
2026-10-08T23:06:43.9529881Z Selecting previously unselected package libgsm1:amd64.
2026-10-08T23:06:43.9660852Z Preparing to unpack .../09-libgsm1_1.0.22-1build1_amd64.deb ...
2026-10-08T23:06:43.9669764Z Unpacking libgsm1:amd64 (1.0.22-1build1) ...
2026-10-08T23:06:43.9895845Z Selecting previously unselected package libhwy1t64:amd64.
2026-10-08T23:06:44.0031570Z Preparing to unpack .../10-libhwy1t64_1.0.7-8.1build1_amd64.deb ...
2026-10-08T23:06:44.0039928Z Unpacking libhwy1t64:amd64 (1.0.7-8.1build1) ...
2026-10-08T23:06:44.0364850Z Selecting previously unselected package libjxl0.7:amd64.
2026-10-08T23:06:44.0495857Z Preparing to unpack .../11-libjxl0.7_0.7.0-10.2ubuntu6.1_amd64.deb ...
2026-10-08T23:06:44.0503685Z Unpacking libjxl0.7:amd64 (0.7.0-10.2ubuntu6.1) ...
2026-10-08T23:06:44.0853535Z Selecting previously unselected package libmp3lame0:amd64.
2026-10-08T23:06:44.0982267Z Preparing to unpack .../12-libmp3lame0_3.100-6build1_amd64.deb ...
2026-10-08T23:06:44.0990653Z Unpacking libmp3lame0:amd64 (3.100-6build1) ...
2026-10-08T23:06:44.1208986Z Selecting previously unselected package libopus0:amd64.
2026-10-08T23:06:44.1339981Z Preparing to unpack .../13-libopus0_1.4-1build1_amd64.deb ...
2026-10-08T23:06:44.1348902Z Unpacking libopus0:amd64 (1.4-1build1) ...
2026-10-08T23:06:44.1587818Z Selecting previously unselected package librav1e0:amd64.
2026-10-08T23:06:44.1719378Z Preparing to unpack .../14-librav1e0_0.7.1-2_amd64.deb ...
2026-10-08T23:06:44.1726919Z Unpacking librav1e0:amd64 (0.7.1-2) ...
2026-10-08T23:06:44.2055949Z Selecting previously unselected package librsvg2-2:amd64.
2026-10-08T23:06:44.2185820Z Preparing to unpack .../15-librsvg2-2_2.58.0+dfsg-1ubuntu0.1_amd64.deb ...
2026-10-08T23:06:44.2193352Z Unpacking librsvg2-2:amd64 (2.58.0+dfsg-1ubuntu0.1) ...
2026-10-08T23:06:44.2664612Z Selecting previously unselected package libshine3:amd64.
2026-10-08T23:06:44.2793166Z Preparing to unpack .../16-libshine3_3.1.1-2build1_amd64.deb ...
2026-10-08T23:06:44.2800691Z Unpacking libshine3:amd64 (3.1.1-2build1) ...
2026-10-08T23:06:44.2998214Z Selecting previously unselected package libspeex1:amd64.
2026-10-08T23:06:44.3130143Z Preparing to unpack .../17-libspeex1_1.2.1-2ubuntu2.24.04.1_amd64.deb ...
2026-10-08T23:06:44.3137073Z Unpacking libspeex1:amd64 (1.2.1-2ubuntu2.24.04.1) ...
2026-10-08T23:06:44.3361584Z Selecting previously unselected package libsvtav1enc1d1:amd64.
2026-10-08T23:06:44.3492758Z Preparing to unpack .../18-libsvtav1enc1d1_1.7.0+dfsg-2build1_amd64.deb ...
2026-10-08T23:06:44.3500091Z Unpacking libsvtav1enc1d1:amd64 (1.7.0+dfsg-2build1) ...
2026-10-08T23:06:44.4011504Z Selecting previously unselected package libsoxr0:amd64.
2026-10-08T23:06:44.4147035Z Preparing to unpack .../19-libsoxr0_0.1.3-4build3_amd64.deb ...
2026-10-08T23:06:44.4154190Z Unpacking libsoxr0:amd64 (0.1.3-4build3) ...
2026-10-08T23:06:44.4370781Z Selecting previously unselected package libswresample4:amd64.
2026-10-08T23:06:44.4503989Z Preparing to unpack .../20-libswresample4_7%3a6.1.1-3ubuntu5_amd64.deb ...
2026-10-08T23:06:44.4511401Z Unpacking libswresample4:amd64 (7:6.1.1-3ubuntu5) ...
2026-10-08T23:06:44.4732552Z Selecting previously unselected package libtheora0:amd64.
2026-10-08T23:06:44.4864957Z Preparing to unpack .../21-libtheora0_1.1.1+dfsg.1-16.1build3_amd64.deb ...
2026-10-08T23:06:44.4872042Z Unpacking libtheora0:amd64 (1.1.1+dfsg.1-16.1build3) ...
2026-10-08T23:06:44.5111707Z Selecting previously unselected package libtwolame0:amd64.
2026-10-08T23:06:44.5245303Z Preparing to unpack .../22-libtwolame0_0.4.0-2build3_amd64.deb ...
2026-10-08T23:06:44.5254181Z Unpacking libtwolame0:amd64 (0.4.0-2build3) ...
2026-10-08T23:06:44.5473548Z Selecting previously unselected package libvorbisenc2:amd64.
2026-10-08T23:06:44.5612562Z Preparing to unpack .../23-libvorbisenc2_1.3.7-1build3_amd64.deb ...
2026-10-08T23:06:44.5620419Z Unpacking libvorbisenc2:amd64 (1.3.7-1build3) ...
2026-10-08T23:06:44.5850380Z Selecting previously unselected package libvpx9:amd64.
2026-10-08T23:06:44.5979013Z Preparing to unpack .../24-libvpx9_1.14.0-1ubuntu2.3_amd64.deb ...
2026-10-08T23:06:44.5985380Z Unpacking libvpx9:amd64 (1.14.0-1ubuntu2.3) ...
2026-10-08T23:06:44.6350233Z Selecting previously unselected package libx264-164:amd64.
2026-10-08T23:06:44.6486802Z Preparing to unpack .../25-libx264-164_2%3a0.164.3108+git31e19f9-1_amd64.deb ...
2026-10-08T23:06:44.6495150Z Unpacking libx264-164:amd64 (2:0.164.3108+git31e19f9-1) ...
2026-10-08T23:06:44.6793478Z Selecting previously unselected package libx265-199:amd64.
2026-10-08T23:06:44.6925419Z Preparing to unpack .../26-libx265-199_3.5-2build1_amd64.deb ...
2026-10-08T23:06:44.6934277Z Unpacking libx265-199:amd64 (3.5-2build1) ...
2026-10-08T23:06:44.7588750Z Selecting previously unselected package libxvidcore4:amd64.
2026-10-08T23:06:44.7721659Z Preparing to unpack .../27-libxvidcore4_2%3a1.3.7-1build1_amd64.deb ...
2026-10-08T23:06:44.7739467Z Unpacking libxvidcore4:amd64 (2:1.3.7-1build1) ...
2026-10-08T23:06:44.7982183Z Selecting previously unselected package libzvbi-common.
2026-10-08T23:06:44.8129000Z Preparing to unpack .../28-libzvbi-common_0.2.42-2_all.deb ...
2026-10-08T23:06:44.8136834Z Unpacking libzvbi-common (0.2.42-2) ...
2026-10-08T23:06:44.8881678Z Selecting previously unselected package libzvbi0t64:amd64.
2026-10-08T23:06:44.9028201Z Preparing to unpack .../29-libzvbi0t64_0.2.42-2_amd64.deb ...
2026-10-08T23:06:44.9034998Z Unpacking libzvbi0t64:amd64 (0.2.42-2) ...
2026-10-08T23:06:44.9317025Z Selecting previously unselected package libavcodec60:amd64.
2026-10-08T23:06:44.9453827Z Preparing to unpack .../30-libavcodec60_7%3a6.1.1-3ubuntu5_amd64.deb ...
2026-10-08T23:06:44.9461784Z Unpacking libavcodec60:amd64 (7:6.1.1-3ubuntu5) ...
2026-10-08T23:06:45.0295427Z Selecting previously unselected package libraw1394-11:amd64.
2026-10-08T23:06:45.0426005Z Preparing to unpack .../31-libraw1394-11_2.1.2-2build3_amd64.deb ...
2026-10-08T23:06:45.0433707Z Unpacking libraw1394-11:amd64 (2.1.2-2build3) ...
2026-10-08T23:06:45.0653348Z Selecting previously unselected package libavc1394-0:amd64.
2026-10-08T23:06:45.0784118Z Preparing to unpack .../32-libavc1394-0_0.5.4-5build3_amd64.deb ...
2026-10-08T23:06:45.0794011Z Unpacking libavc1394-0:amd64 (0.5.4-5build3) ...
2026-10-08T23:06:45.1014869Z Selecting previously unselected package libunibreak5:amd64.
2026-10-08T23:06:45.1145580Z Preparing to unpack .../33-libunibreak5_5.1-2build1_amd64.deb ...
2026-10-08T23:06:45.1152870Z Unpacking libunibreak5:amd64 (5.1-2build1) ...
2026-10-08T23:06:45.1386867Z Selecting previously unselected package libass9:amd64.
2026-10-08T23:06:45.1514297Z Preparing to unpack .../34-libass9_1%3a0.17.1-2build1_amd64.deb ...
2026-10-08T23:06:45.1522855Z Unpacking libass9:amd64 (1:0.17.1-2build1) ...
2026-10-08T23:06:45.1743275Z Selecting previously unselected package libudfread0:amd64.
2026-10-08T23:06:45.1873541Z Preparing to unpack .../35-libudfread0_1.1.2-1build1_amd64.deb ...
2026-10-08T23:06:45.1881787Z Unpacking libudfread0:amd64 (1.1.2-1build1) ...
2026-10-08T23:06:45.2088738Z Selecting previously unselected package libbluray2:amd64.
2026-10-08T23:06:45.2223370Z Preparing to unpack .../36-libbluray2_1%3a1.3.4-1build1_amd64.deb ...
2026-10-08T23:06:45.2231941Z Unpacking libbluray2:amd64 (1:1.3.4-1build1) ...
2026-10-08T23:06:45.2475649Z Selecting previously unselected package libchromaprint1:amd64.
2026-10-08T23:06:45.2605447Z Preparing to unpack .../37-libchromaprint1_1.5.1-5_amd64.deb ...
2026-10-08T23:06:45.2629754Z Unpacking libchromaprint1:amd64 (1.5.1-5) ...
2026-10-08T23:06:45.2835022Z Selecting previously unselected package libgme0:amd64.
2026-10-08T23:06:45.2964888Z Preparing to unpack .../38-libgme0_0.6.3-7build1_amd64.deb ...
2026-10-08T23:06:45.2972446Z Unpacking libgme0:amd64 (0.6.3-7build1) ...
2026-10-08T23:06:45.3202147Z Selecting previously unselected package libmpg123-0t64:amd64.
2026-10-08T23:06:45.3338694Z Preparing to unpack .../39-libmpg123-0t64_1.32.5-1ubuntu1.1_amd64.deb ...
2026-10-08T23:06:45.3347399Z Unpacking libmpg123-0t64:amd64 (1.32.5-1ubuntu1.1) ...
2026-10-08T23:06:45.3592075Z Selecting previously unselected package libopenmpt0t64:amd64.
2026-10-08T23:06:45.3722661Z Preparing to unpack .../40-libopenmpt0t64_0.7.3-1.1build3_amd64.deb ...
2026-10-08T23:06:45.3733561Z Unpacking libopenmpt0t64:amd64 (0.7.3-1.1build3) ...
2026-10-08T23:06:45.4014132Z Selecting previously unselected package libcjson1:amd64.
2026-10-08T23:06:45.4145158Z Preparing to unpack .../41-libcjson1_1.7.17-1_amd64.deb ...
2026-10-08T23:06:45.4152720Z Unpacking libcjson1:amd64 (1.7.17-1) ...
2026-10-08T23:06:45.4374150Z Selecting previously unselected package libmbedcrypto7t64:amd64.
2026-10-08T23:06:45.4506491Z Preparing to unpack .../42-libmbedcrypto7t64_2.28.8-1_amd64.deb ...
2026-10-08T23:06:45.4514621Z Unpacking libmbedcrypto7t64:amd64 (2.28.8-1) ...
2026-10-08T23:06:45.4751002Z Selecting previously unselected package librist4:amd64.
2026-10-08T23:06:45.4882380Z Preparing to unpack .../43-librist4_0.2.10+dfsg-2_amd64.deb ...
2026-10-08T23:06:45.4889495Z Unpacking librist4:amd64 (0.2.10+dfsg-2) ...
2026-10-08T23:06:45.5109291Z Selecting previously unselected package libsrt1.5-gnutls:amd64.
2026-10-08T23:06:45.5244938Z Preparing to unpack .../44-libsrt1.5-gnutls_1.5.3-1build2_amd64.deb ...
2026-10-08T23:06:45.5252027Z Unpacking libsrt1.5-gnutls:amd64 (1.5.3-1build2) ...
2026-10-08T23:06:45.5491568Z Selecting previously unselected package libssh-gcrypt-4:amd64.
2026-10-08T23:06:45.5629199Z Preparing to unpack .../45-libssh-gcrypt-4_0.10.6-2ubuntu0.5_amd64.deb ...
2026-10-08T23:06:45.5636696Z Unpacking libssh-gcrypt-4:amd64 (0.10.6-2ubuntu0.5) ...
2026-10-08T23:06:45.5871208Z Selecting previously unselected package libavformat60:amd64.
2026-10-08T23:06:45.6001334Z Preparing to unpack .../46-libavformat60_7%3a6.1.1-3ubuntu5_amd64.deb ...
2026-10-08T23:06:45.6008058Z Unpacking libavformat60:amd64 (7:6.1.1-3ubuntu5) ...
2026-10-08T23:06:45.6320389Z Selecting previously unselected package libbs2b0:amd64.
2026-10-08T23:06:45.6450424Z Preparing to unpack .../47-libbs2b0_3.1.0+dfsg-7build1_amd64.deb ...
2026-10-08T23:06:45.6457230Z Unpacking libbs2b0:amd64 (3.1.0+dfsg-7build1) ...
2026-10-08T23:06:45.6686788Z Selecting previously unselected package libflite1:amd64.
2026-10-08T23:06:45.6822762Z Preparing to unpack .../48-libflite1_2.2-6build3_amd64.deb ...
2026-10-08T23:06:45.6829809Z Unpacking libflite1:amd64 (2.2-6build3) ...
2026-10-08T23:06:45.7999169Z Selecting previously unselected package libserd-0-0:amd64.
2026-10-08T23:06:45.8127607Z Preparing to unpack .../49-libserd-0-0_0.32.2-1_amd64.deb ...
2026-10-08T23:06:45.8139464Z Unpacking libserd-0-0:amd64 (0.32.2-1) ...
2026-10-08T23:06:45.8347645Z Selecting previously unselected package libzix-0-0:amd64.
2026-10-08T23:06:45.8483372Z Preparing to unpack .../50-libzix-0-0_0.4.2-2build1_amd64.deb ...
2026-10-08T23:06:45.8491085Z Unpacking libzix-0-0:amd64 (0.4.2-2build1) ...
2026-10-08T23:06:45.9811096Z Selecting previously unselected package libsord-0-0:amd64.
2026-10-08T23:06:45.9944393Z Preparing to unpack .../51-libsord-0-0_0.16.16-2build1_amd64.deb ...
2026-10-08T23:06:45.9952441Z Unpacking libsord-0-0:amd64 (0.16.16-2build1) ...
2026-10-08T23:06:46.0156513Z Selecting previously unselected package libsratom-0-0:amd64.
2026-10-08T23:06:46.0287569Z Preparing to unpack .../52-libsratom-0-0_0.6.16-1build1_amd64.deb ...
2026-10-08T23:06:46.0295430Z Unpacking libsratom-0-0:amd64 (0.6.16-1build1) ...
2026-10-08T23:06:46.0528562Z Selecting previously unselected package liblilv-0-0:amd64.
2026-10-08T23:06:46.0664524Z Preparing to unpack .../53-liblilv-0-0_0.24.22-1build1_amd64.deb ...
2026-10-08T23:06:46.0676312Z Unpacking liblilv-0-0:amd64 (0.24.22-1build1) ...
2026-10-08T23:06:46.0906843Z Selecting previously unselected package libmysofa1:amd64.
2026-10-08T23:06:46.1045708Z Preparing to unpack .../54-libmysofa1_1.3.2+dfsg-2ubuntu2_amd64.deb ...
2026-10-08T23:06:46.1053615Z Unpacking libmysofa1:amd64 (1.3.2+dfsg-2ubuntu2) ...
2026-10-08T23:06:46.1332561Z Selecting previously unselected package libplacebo338:amd64.
2026-10-08T23:06:46.1465408Z Preparing to unpack .../55-libplacebo338_6.338.2-2build1_amd64.deb ...
2026-10-08T23:06:46.1473065Z Unpacking libplacebo338:amd64 (6.338.2-2build1) ...
2026-10-08T23:06:46.2020183Z Selecting previously unselected package libblas3:amd64.
2026-10-08T23:06:46.2150367Z Preparing to unpack .../56-libblas3_3.12.0-3build1.1_amd64.deb ...
2026-10-08T23:06:46.2181622Z Unpacking libblas3:amd64 (3.12.0-3build1.1) ...
2026-10-08T23:06:46.2418331Z Selecting previously unselected package liblapack3:amd64.
2026-10-08T23:06:46.2548442Z Preparing to unpack .../57-liblapack3_3.12.0-3build1.1_amd64.deb ...
2026-10-08T23:06:46.2581826Z Unpacking liblapack3:amd64 (3.12.0-3build1.1) ...
2026-10-08T23:06:46.3052631Z Selecting previously unselected package libasyncns0:amd64.
2026-10-08T23:06:46.3185218Z Preparing to unpack .../58-libasyncns0_0.8-6build4_amd64.deb ...
2026-10-08T23:06:46.3192614Z Unpacking libasyncns0:amd64 (0.8-6build4) ...
2026-10-08T23:06:46.3395684Z Selecting previously unselected package libflac12t64:amd64.
2026-10-08T23:06:46.3522298Z Preparing to unpack .../59-libflac12t64_1.4.3+ds-2.1ubuntu2_amd64.deb ...
2026-10-08T23:06:46.3529433Z Unpacking libflac12t64:amd64 (1.4.3+ds-2.1ubuntu2) ...
2026-10-08T23:06:46.3751487Z Selecting previously unselected package libsndfile1:amd64.
2026-10-08T23:06:46.3883596Z Preparing to unpack .../60-libsndfile1_1.2.2-1ubuntu5.24.04.1_amd64.deb ...
2026-10-08T23:06:46.3891037Z Unpacking libsndfile1:amd64 (1.2.2-1ubuntu5.24.04.1) ...
2026-10-08T23:06:46.4140764Z Selecting previously unselected package libpulse0:amd64.
2026-10-08T23:06:46.4273493Z Preparing to unpack .../61-libpulse0_1%3a16.1+dfsg1-2ubuntu10.1_amd64.deb ...
2026-10-08T23:06:46.4345304Z Unpacking libpulse0:amd64 (1:16.1+dfsg1-2ubuntu10.1) ...
2026-10-08T23:06:46.4597520Z Selecting previously unselected package libsphinxbase3t64:amd64.
2026-10-08T23:06:46.4729692Z Preparing to unpack .../62-libsphinxbase3t64_0.8+5prealpha+1-17build2_amd64.deb ...
2026-10-08T23:06:46.4742692Z Unpacking libsphinxbase3t64:amd64 (0.8+5prealpha+1-17build2) ...
2026-10-08T23:06:46.4969215Z Selecting previously unselected package libpocketsphinx3:amd64.
2026-10-08T23:06:46.5098426Z Preparing to unpack .../63-libpocketsphinx3_0.8.0+real5prealpha+1-15ubuntu5_amd64.deb ...
2026-10-08T23:06:46.5106244Z Unpacking libpocketsphinx3:amd64 (0.8.0+real5prealpha+1-15ubuntu5) ...
2026-10-08T23:06:46.5333022Z Selecting previously unselected package libpostproc57:amd64.
2026-10-08T23:06:46.5468531Z Preparing to unpack .../64-libpostproc57_7%3a6.1.1-3ubuntu5_amd64.deb ...
2026-10-08T23:06:46.5477662Z Unpacking libpostproc57:amd64 (7:6.1.1-3ubuntu5) ...
2026-10-08T23:06:46.5716392Z Selecting previously unselected package libsamplerate0:amd64.
2026-10-08T23:06:46.5853749Z Preparing to unpack .../65-libsamplerate0_0.2.2-4build1_amd64.deb ...
2026-10-08T23:06:46.5861797Z Unpacking libsamplerate0:amd64 (0.2.2-4build1) ...
2026-10-08T23:06:46.6126312Z Selecting previously unselected package librubberband2:amd64.
2026-10-08T23:06:46.6267599Z Preparing to unpack .../66-librubberband2_3.3.0+dfsg-2build1_amd64.deb ...
2026-10-08T23:06:46.6275875Z Unpacking librubberband2:amd64 (3.3.0+dfsg-2build1) ...
2026-10-08T23:06:46.6497025Z Selecting previously unselected package libswscale7:amd64.
2026-10-08T23:06:46.6627129Z Preparing to unpack .../67-libswscale7_7%3a6.1.1-3ubuntu5_amd64.deb ...
2026-10-08T23:06:46.6636555Z Unpacking libswscale7:amd64 (7:6.1.1-3ubuntu5) ...
2026-10-08T23:06:46.6863666Z Selecting previously unselected package libvidstab1.1:amd64.
2026-10-08T23:06:46.7005258Z Preparing to unpack .../68-libvidstab1.1_1.1.0-2build1_amd64.deb ...
2026-10-08T23:06:46.7014354Z Unpacking libvidstab1.1:amd64 (1.1.0-2build1) ...
2026-10-08T23:06:46.7235151Z Selecting previously unselected package libzimg2:amd64.
2026-10-08T23:06:46.7365843Z Preparing to unpack .../69-libzimg2_3.0.5+ds1-1build1_amd64.deb ...
2026-10-08T23:06:46.7373858Z Unpacking libzimg2:amd64 (3.0.5+ds1-1build1) ...
2026-10-08T23:06:46.7625877Z Selecting previously unselected package libavfilter9:amd64.
2026-10-08T23:06:46.7761628Z Preparing to unpack .../70-libavfilter9_7%3a6.1.1-3ubuntu5_amd64.deb ...
2026-10-08T23:06:46.7770223Z Unpacking libavfilter9:amd64 (7:6.1.1-3ubuntu5) ...
2026-10-08T23:06:46.8528889Z Selecting previously unselected package libcaca0:amd64.
2026-10-08T23:06:46.8657579Z Preparing to unpack .../71-libcaca0_0.99.beta20-4ubuntu0.2_amd64.deb ...
2026-10-08T23:06:46.8666659Z Unpacking libcaca0:amd64 (0.99.beta20-4ubuntu0.2) ...
2026-10-08T23:06:46.8920732Z Selecting previously unselected package libcdio19t64:amd64.
2026-10-08T23:06:46.9053666Z Preparing to unpack .../72-libcdio19t64_2.1.0-4.1ubuntu1.2_amd64.deb ...
2026-10-08T23:06:46.9061457Z Unpacking libcdio19t64:amd64 (2.1.0-4.1ubuntu1.2) ...
2026-10-08T23:06:46.9286982Z Selecting previously unselected package libcdio-cdda2t64:amd64.
2026-10-08T23:06:46.9419825Z Preparing to unpack .../73-libcdio-cdda2t64_10.2+2.0.1-1.1build2_amd64.deb ...
2026-10-08T23:06:46.9427876Z Unpacking libcdio-cdda2t64:amd64 (10.2+2.0.1-1.1build2) ...
2026-10-08T23:06:46.9640542Z Selecting previously unselected package libcdio-paranoia2t64:amd64.
2026-10-08T23:06:46.9771565Z Preparing to unpack .../74-libcdio-paranoia2t64_10.2+2.0.1-1.1build2_amd64.deb ...
2026-10-08T23:06:46.9778496Z Unpacking libcdio-paranoia2t64:amd64 (10.2+2.0.1-1.1build2) ...
2026-10-08T23:06:46.9986066Z Selecting previously unselected package libdc1394-25:amd64.
2026-10-08T23:06:47.0118699Z Preparing to unpack .../75-libdc1394-25_2.2.6-4build1_amd64.deb ...
2026-10-08T23:06:47.0126387Z Unpacking libdc1394-25:amd64 (2.2.6-4build1) ...
2026-10-08T23:06:47.0341367Z Selecting previously unselected package libiec61883-0:amd64.
2026-10-08T23:06:47.0472306Z Preparing to unpack .../76-libiec61883-0_1.2.0-6build1_amd64.deb ...
2026-10-08T23:06:47.0480203Z Unpacking libiec61883-0:amd64 (1.2.0-6build1) ...
2026-10-08T23:06:47.0691801Z Selecting previously unselected package libjack-jackd2-0:amd64.
2026-10-08T23:06:47.0829686Z Preparing to unpack .../77-libjack-jackd2-0_1.9.21~dfsg-3ubuntu3_amd64.deb ...
2026-10-08T23:06:47.0837633Z Unpacking libjack-jackd2-0:amd64 (1.9.21~dfsg-3ubuntu3) ...
2026-10-08T23:06:47.1091566Z Selecting previously unselected package libopenal-data.
2026-10-08T23:06:47.1222127Z Preparing to unpack .../78-libopenal-data_1%3a1.23.1-4build1_all.deb ...
2026-10-08T23:06:47.1230710Z Unpacking libopenal-data (1:1.23.1-4build1) ...
2026-10-08T23:06:47.1470860Z Selecting previously unselected package libsndio7.0:amd64.
2026-10-08T23:06:47.1599471Z Preparing to unpack .../79-libsndio7.0_1.9.0-0.3build3_amd64.deb ...
2026-10-08T23:06:47.1607708Z Unpacking libsndio7.0:amd64 (1.9.0-0.3build3) ...
2026-10-08T23:06:47.1835929Z Selecting previously unselected package libopenal1:amd64.
2026-10-08T23:06:47.1965991Z Preparing to unpack .../80-libopenal1_1%3a1.23.1-4build1_amd64.deb ...
2026-10-08T23:06:47.1973162Z Unpacking libopenal1:amd64 (1:1.23.1-4build1) ...
2026-10-08T23:06:47.2237893Z Selecting previously unselected package libdecor-0-0:amd64.
2026-10-08T23:06:47.2366112Z Preparing to unpack .../81-libdecor-0-0_0.2.2-1build2_amd64.deb ...
2026-10-08T23:06:47.2373029Z Unpacking libdecor-0-0:amd64 (0.2.2-1build2) ...
2026-10-08T23:06:47.2602311Z Selecting previously unselected package libsdl2-2.0-0:amd64.
2026-10-08T23:06:47.2728278Z Preparing to unpack .../82-libsdl2-2.0-0_2.30.0+dfsg-1ubuntu3.1_amd64.deb ...
2026-10-08T23:06:47.2736081Z Unpacking libsdl2-2.0-0:amd64 (2.30.0+dfsg-1ubuntu3.1) ...
2026-10-08T23:06:47.3373180Z Selecting previously unselected package libxcb-shape0:amd64.
2026-10-08T23:06:47.3500708Z Preparing to unpack .../83-libxcb-shape0_1.15-1ubuntu2_amd64.deb ...
2026-10-08T23:06:47.3511847Z Unpacking libxcb-shape0:amd64 (1.15-1ubuntu2) ...
2026-10-08T23:06:47.3737758Z Selecting previously unselected package libxv1:amd64.
2026-10-08T23:06:47.3866035Z Preparing to unpack .../84-libxv1_2%3a1.0.11-1.1build1_amd64.deb ...
2026-10-08T23:06:47.3872691Z Unpacking libxv1:amd64 (2:1.0.11-1.1build1) ...
2026-10-08T23:06:47.4070965Z Selecting previously unselected package libavdevice60:amd64.
2026-10-08T23:06:47.4199963Z Preparing to unpack .../85-libavdevice60_7%3a6.1.1-3ubuntu5_amd64.deb ...
2026-10-08T23:06:47.4206644Z Unpacking libavdevice60:amd64 (7:6.1.1-3ubuntu5) ...
2026-10-08T23:06:47.4412659Z Selecting previously unselected package ffmpeg.
2026-10-08T23:06:47.4540309Z Preparing to unpack .../86-ffmpeg_7%3a6.1.1-3ubuntu5_amd64.deb ...
2026-10-08T23:06:47.4547993Z Unpacking ffmpeg (7:6.1.1-3ubuntu5) ...
2026-10-08T23:06:47.4927595Z Selecting previously unselected package libigdgmm12:amd64.
2026-10-08T23:06:47.5055298Z Preparing to unpack .../87-libigdgmm12_22.3.17+ds1-1ubuntu1_amd64.deb ...
2026-10-08T23:06:47.5062262Z Unpacking libigdgmm12:amd64 (22.3.17+ds1-1ubuntu1) ...
2026-10-08T23:06:47.5265876Z Selecting previously unselected package intel-media-va-driver:amd64.
2026-10-08T23:06:47.5395554Z Preparing to unpack .../88-intel-media-va-driver_24.1.0+dfsg1-1ubuntu0.2_amd64.deb ...
2026-10-08T23:06:47.5404057Z Unpacking intel-media-va-driver:amd64 (24.1.0+dfsg1-1ubuntu0.2) ...
2026-10-08T23:06:47.6046255Z Selecting previously unselected package libaacs0:amd64.
2026-10-08T23:06:47.6177947Z Preparing to unpack .../89-libaacs0_0.11.1-2build1_amd64.deb ...
2026-10-08T23:06:47.6187451Z Unpacking libaacs0:amd64 (0.11.1-2build1) ...
2026-10-08T23:06:47.6397579Z Selecting previously unselected package libbdplus0:amd64.
2026-10-08T23:06:47.6527772Z Preparing to unpack .../90-libbdplus0_0.2.0-3build1_amd64.deb ...
2026-10-08T23:06:47.6537714Z Unpacking libbdplus0:amd64 (0.2.0-3build1) ...
2026-10-08T23:06:47.6744600Z Selecting previously unselected package libdecor-0-plugin-1-gtk:amd64.
2026-10-08T23:06:47.6874359Z Preparing to unpack .../91-libdecor-0-plugin-1-gtk_0.2.2-1build2_amd64.deb ...
2026-10-08T23:06:47.6880213Z Unpacking libdecor-0-plugin-1-gtk:amd64 (0.2.2-1build2) ...
2026-10-08T23:06:47.7080751Z Selecting previously unselected package librsvg2-common:amd64.
2026-10-08T23:06:47.7213264Z Preparing to unpack .../92-librsvg2-common_2.58.0+dfsg-1ubuntu0.1_amd64.deb ...
2026-10-08T23:06:47.7221087Z Unpacking librsvg2-common:amd64 (2.58.0+dfsg-1ubuntu0.1) ...
2026-10-08T23:06:47.7585852Z Selecting previously unselected package mesa-va-drivers:amd64.
2026-10-08T23:06:47.7713237Z Preparing to unpack .../93-mesa-va-drivers_25.2.8-0ubuntu0.24.04.4_amd64.deb ...
2026-10-08T23:06:47.7734651Z Unpacking mesa-va-drivers:amd64 (25.2.8-0ubuntu0.24.04.4) ...
2026-10-08T23:06:47.7993029Z Selecting previously unselected package mesa-vdpau-drivers:amd64.
2026-10-08T23:06:47.8120408Z Preparing to unpack .../94-mesa-vdpau-drivers_25.2.8-0ubuntu0.24.04.4_amd64.deb ...
2026-10-08T23:06:47.8126219Z Unpacking mesa-vdpau-drivers:amd64 (25.2.8-0ubuntu0.24.04.4) ...
2026-10-08T23:06:47.8348806Z Selecting previously unselected package i965-va-driver:amd64.
2026-10-08T23:06:47.8477847Z Preparing to unpack .../95-i965-va-driver_2.4.1+dfsg1-1ubuntu0.2_amd64.deb ...
2026-10-08T23:06:47.8483550Z Unpacking i965-va-driver:amd64 (2.4.1+dfsg1-1ubuntu0.2) ...
2026-10-08T23:06:47.8727999Z Selecting previously unselected package va-driver-all:amd64.
2026-10-08T23:06:47.8859185Z Preparing to unpack .../96-va-driver-all_2.20.0-2ubuntu0.2_amd64.deb ...
2026-10-08T23:06:47.8865614Z Unpacking va-driver-all:amd64 (2.20.0-2ubuntu0.2) ...
2026-10-08T23:06:47.9055439Z Selecting previously unselected package vdpau-driver-all:amd64.
2026-10-08T23:06:47.9185025Z Preparing to unpack .../97-vdpau-driver-all_1.5-2build1_amd64.deb ...
2026-10-08T23:06:47.9192559Z Unpacking vdpau-driver-all:amd64 (1.5-2build1) ...
2026-10-08T23:06:47.9374308Z Selecting previously unselected package pocketsphinx-en-us.
2026-10-08T23:06:47.9498546Z Preparing to unpack .../98-pocketsphinx-en-us_0.8.0+real5prealpha+1-15ubuntu5_all.deb ...
2026-10-08T23:06:47.9505252Z Unpacking pocketsphinx-en-us (0.8.0+real5prealpha+1-15ubuntu5) ...
2026-10-08T23:06:48.1426697Z Setting up libgme0:amd64 (0.6.3-7build1) ...
2026-10-08T23:06:48.1449220Z Setting up libchromaprint1:amd64 (1.5.1-5) ...
2026-10-08T23:06:48.1466233Z Setting up libssh-gcrypt-4:amd64 (0.10.6-2ubuntu0.5) ...
2026-10-08T23:06:48.1487629Z Setting up libhwy1t64:amd64 (1.0.7-8.1build1) ...
2026-10-08T23:06:48.1506257Z Setting up libudfread0:amd64 (1.1.2-1build1) ...
2026-10-08T23:06:48.1523637Z Setting up libraw1394-11:amd64 (2.1.2-2build3) ...
2026-10-08T23:06:48.1542537Z Setting up libspeex1:amd64 (1.2.1-2ubuntu2.24.04.1) ...
2026-10-08T23:06:48.1559174Z Setting up libshine3:amd64 (3.1.1-2build1) ...
2026-10-08T23:06:48.1576971Z Setting up libcaca0:amd64 (0.99.beta20-4ubuntu0.2) ...
2026-10-08T23:06:48.1596844Z Setting up libvpl2 (2023.3.0-1build1) ...
2026-10-08T23:06:48.1615592Z Setting up libx264-164:amd64 (2:0.164.3108+git31e19f9-1) ...
2026-10-08T23:06:48.1647719Z Setting up libtwolame0:amd64 (0.4.0-2build3) ...
2026-10-08T23:06:48.1664265Z Setting up libmbedcrypto7t64:amd64 (2.28.8-1) ...
2026-10-08T23:06:48.1685527Z Setting up libgsm1:amd64 (1.0.22-1build1) ...
2026-10-08T23:06:48.1705411Z Setting up libsoxr0:amd64 (0.1.3-4build3) ...
2026-10-08T23:06:48.1725632Z Setting up libzix-0-0:amd64 (0.4.2-2build1) ...
2026-10-08T23:06:48.1744505Z Setting up libcodec2-1.2:amd64 (1.2.0-2build1) ...
2026-10-08T23:06:48.1762345Z Setting up libmysofa1:amd64 (1.3.2+dfsg-2ubuntu2) ...
2026-10-08T23:06:48.1779663Z Setting up libxcb-shape0:amd64 (1.15-1ubuntu2) ...
2026-10-08T23:06:48.1798169Z Setting up libcdio19t64:amd64 (2.1.0-4.1ubuntu1.2) ...
2026-10-08T23:06:48.1816121Z Setting up libsvtav1enc1d1:amd64 (1.7.0+dfsg-2build1) ...
2026-10-08T23:06:48.1833485Z Setting up libigdgmm12:amd64 (22.3.17+ds1-1ubuntu1) ...
2026-10-08T23:06:48.1851269Z Setting up libmpg123-0t64:amd64 (1.32.5-1ubuntu1.1) ...
2026-10-08T23:06:48.1869657Z Setting up libcjson1:amd64 (1.7.17-1) ...
2026-10-08T23:06:48.1886218Z Setting up libxvidcore4:amd64 (2:1.3.7-1build1) ...
2026-10-08T23:06:48.1904925Z Setting up librav1e0:amd64 (0.7.1-2) ...
2026-10-08T23:06:48.1922188Z Setting up libcdio-cdda2t64:amd64 (10.2+2.0.1-1.1build2) ...
2026-10-08T23:06:48.1942882Z Setting up librist4:amd64 (0.2.10+dfsg-2) ...
2026-10-08T23:06:48.1962638Z Setting up librsvg2-2:amd64 (2.58.0+dfsg-1ubuntu0.1) ...
2026-10-08T23:06:48.1979626Z Setting up libblas3:amd64 (3.12.0-3build1.1) ...
2026-10-08T23:06:48.2040946Z update-alternatives: using /usr/lib/x86_64-linux-gnu/blas/libblas.so.3 to provide /usr/lib/x86_64-linux-gnu/libblas.so.3 (libblas.so.3-x86_64-linux-gnu) in auto mode
2026-10-08T23:06:48.2056861Z Setting up libplacebo338:amd64 (6.338.2-2build1) ...
2026-10-08T23:06:48.2073831Z Setting up libva2:amd64 (2.20.0-2ubuntu0.2) ...
2026-10-08T23:06:48.2091757Z Setting up libopus0:amd64 (1.4-1build1) ...
2026-10-08T23:06:48.2148011Z Setting up libcdio-paranoia2t64:amd64 (10.2+2.0.1-1.1build2) ...
2026-10-08T23:06:48.2165460Z Setting up libdc1394-25:amd64 (2.2.6-4build1) ...
2026-10-08T23:06:48.2187685Z Setting up intel-media-va-driver:amd64 (24.1.0+dfsg1-1ubuntu0.2) ...
2026-10-08T23:06:48.2204777Z Setting up libxv1:amd64 (2:1.0.11-1.1build1) ...
2026-10-08T23:06:48.2223829Z Setting up libunibreak5:amd64 (5.1-2build1) ...
2026-10-08T23:06:48.2240986Z Setting up libaacs0:amd64 (0.11.1-2build1) ...
2026-10-08T23:06:48.2261540Z Setting up libjxl0.7:amd64 (0.7.0-10.2ubuntu6.1) ...
2026-10-08T23:06:48.2281125Z Setting up librsvg2-common:amd64 (2.58.0+dfsg-1ubuntu0.1) ...
2026-10-08T23:06:48.2384156Z Setting up pocketsphinx-en-us (0.8.0+real5prealpha+1-15ubuntu5) ...
2026-10-08T23:06:48.2402607Z Setting up libx265-199:amd64 (3.5-2build1) ...
2026-10-08T23:06:48.2422151Z Setting up libsndio7.0:amd64 (1.9.0-0.3build3) ...
2026-10-08T23:06:48.2449881Z Setting up libbdplus0:amd64 (0.2.0-3build1) ...
2026-10-08T23:06:48.2466846Z Setting up libvidstab1.1:amd64 (1.1.0-2build1) ...
2026-10-08T23:06:48.2483820Z Setting up libvpx9:amd64 (1.14.0-1ubuntu2.3) ...
2026-10-08T23:06:48.2503031Z Setting up libsrt1.5-gnutls:amd64 (1.5.3-1build2) ...
2026-10-08T23:06:48.2520759Z Setting up libflite1:amd64 (2.2-6build3) ...
2026-10-08T23:06:48.2538173Z Setting up libdav1d7:amd64 (1.4.1-1build1) ...
2026-10-08T23:06:48.2555603Z Setting up libva-drm2:amd64 (2.20.0-2ubuntu0.2) ...
2026-10-08T23:06:48.2576328Z Setting up ocl-icd-libopencl1:amd64 (2.3.2-1build1) ...
2026-10-08T23:06:48.2594302Z Setting up libasyncns0:amd64 (0.8-6build4) ...
2026-10-08T23:06:48.2614684Z Setting up libvdpau1:amd64 (1.5-2build1) ...
2026-10-08T23:06:48.2638276Z Setting up libbs2b0:amd64 (3.1.0+dfsg-7build1) ...
2026-10-08T23:06:48.2654918Z Setting up libtheora0:amd64 (1.1.1+dfsg.1-16.1build3) ...
2026-10-08T23:06:48.2670906Z Setting up libdecor-0-0:amd64 (0.2.2-1build2) ...
2026-10-08T23:06:48.2688144Z Setting up libzimg2:amd64 (3.0.5+ds1-1build1) ...
2026-10-08T23:06:48.2704742Z Setting up libopenal-data (1:1.23.1-4build1) ...
2026-10-08T23:06:48.2742130Z Setting up libflac12t64:amd64 (1.4.3+ds-2.1ubuntu2) ...
2026-10-08T23:06:48.2759919Z Setting up mesa-va-drivers:amd64 (25.2.8-0ubuntu0.24.04.4) ...
2026-10-08T23:06:48.2779771Z Setting up libbluray2:amd64 (1:1.3.4-1build1) ...
2026-10-08T23:06:48.2797663Z Setting up libsamplerate0:amd64 (0.2.2-4build1) ...
2026-10-08T23:06:48.2815381Z Setting up libva-x11-2:amd64 (2.20.0-2ubuntu0.2) ...
2026-10-08T23:06:48.2835094Z Setting up libdecor-0-plugin-1-gtk:amd64 (0.2.2-1build2) ...
2026-10-08T23:06:48.2851868Z Setting up libopenmpt0t64:amd64 (0.7.3-1.1build3) ...
2026-10-08T23:06:48.2872086Z Setting up libzvbi-common (0.2.42-2) ...
2026-10-08T23:06:48.2890150Z Setting up libmp3lame0:amd64 (3.100-6build1) ...
2026-10-08T23:06:48.2907955Z Setting up i965-va-driver:amd64 (2.4.1+dfsg1-1ubuntu0.2) ...
2026-10-08T23:06:48.2927817Z Setting up libvorbisenc2:amd64 (1.3.7-1build3) ...
2026-10-08T23:06:48.2945843Z Setting up libiec61883-0:amd64 (1.2.0-6build1) ...
2026-10-08T23:06:48.2965139Z Setting up libserd-0-0:amd64 (0.32.2-1) ...
2026-10-08T23:06:48.2983993Z Setting up libavc1394-0:amd64 (0.5.4-5build3) ...
2026-10-08T23:06:48.3002207Z Setting up mesa-vdpau-drivers:amd64 (25.2.8-0ubuntu0.24.04.4) ...
2026-10-08T23:06:48.3020258Z Setting up liblapack3:amd64 (3.12.0-3build1.1) ...
2026-10-08T23:06:48.3083939Z update-alternatives: using /usr/lib/x86_64-linux-gnu/lapack/liblapack.so.3 to provide /usr/lib/x86_64-linux-gnu/liblapack.so.3 (liblapack.so.3-x86_64-linux-gnu) in auto mode
2026-10-08T23:06:48.3098878Z Setting up libzvbi0t64:amd64 (0.2.42-2) ...
2026-10-08T23:06:48.3118060Z Setting up libavutil58:amd64 (7:6.1.1-3ubuntu5) ...
2026-10-08T23:06:48.3135466Z Setting up libopenal1:amd64 (1:1.23.1-4build1) ...
2026-10-08T23:06:48.3154927Z Setting up libass9:amd64 (1:0.17.1-2build1) ...
2026-10-08T23:06:48.3173237Z Setting up libswresample4:amd64 (7:6.1.1-3ubuntu5) ...
2026-10-08T23:06:48.3200017Z Setting up va-driver-all:amd64 (2.20.0-2ubuntu0.2) ...
2026-10-08T23:06:48.3221908Z Setting up libavcodec60:amd64 (7:6.1.1-3ubuntu5) ...
2026-10-08T23:06:48.3242895Z Setting up librubberband2:amd64 (3.3.0+dfsg-2build1) ...
2026-10-08T23:06:48.3546622Z Setting up libjack-jackd2-0:amd64 (1.9.21~dfsg-3ubuntu3) ...
2026-10-08T23:06:48.3568740Z Setting up vdpau-driver-all:amd64 (1.5-2build1) ...
2026-10-08T23:06:48.3585620Z Setting up libsord-0-0:amd64 (0.16.16-2build1) ...
2026-10-08T23:06:48.3604168Z Setting up libpostproc57:amd64 (7:6.1.1-3ubuntu5) ...
2026-10-08T23:06:48.3622723Z Setting up libsratom-0-0:amd64 (0.6.16-1build1) ...
2026-10-08T23:06:48.3640155Z Setting up libsndfile1:amd64 (1.2.2-1ubuntu5.24.04.1) ...
2026-10-08T23:06:48.3658779Z Setting up liblilv-0-0:amd64 (0.24.22-1build1) ...
2026-10-08T23:06:48.3692938Z Setting up libswscale7:amd64 (7:6.1.1-3ubuntu5) ...
2026-10-08T23:06:48.3715096Z Setting up libpulse0:amd64 (1:16.1+dfsg1-2ubuntu10.1) ...
2026-10-08T23:06:48.3785557Z Setting up libavformat60:amd64 (7:6.1.1-3ubuntu5) ...
2026-10-08T23:06:48.3804899Z Setting up libsphinxbase3t64:amd64 (0.8+5prealpha+1-17build2) ...
2026-10-08T23:06:48.3825419Z Setting up libsdl2-2.0-0:amd64 (2.30.0+dfsg-1ubuntu3.1) ...
2026-10-08T23:06:48.3844384Z Setting up libpocketsphinx3:amd64 (0.8.0+real5prealpha+1-15ubuntu5) ...
2026-10-08T23:06:48.3863895Z Setting up libavfilter9:amd64 (7:6.1.1-3ubuntu5) ...
2026-10-08T23:06:48.3884468Z Setting up libavdevice60:amd64 (7:6.1.1-3ubuntu5) ...
2026-10-08T23:06:48.3903161Z Setting up ffmpeg (7:6.1.1-3ubuntu5) ...
2026-10-08T23:06:48.3927557Z Processing triggers for man-db (2.12.0-4build2) ...
2026-10-08T23:06:48.3947228Z Not building database; man-db/auto-update is not 'true'.
2026-10-08T23:06:48.3961442Z Processing triggers for libgdk-pixbuf-2.0-0:amd64 (2.42.10+dfsg-3ubuntu3.3) ...
2026-10-08T23:06:48.8013193Z Processing triggers for libc-bin (2.39-0ubuntu8.9) ...
2026-10-08T23:06:49.4684918Z 
2026-10-08T23:06:49.4685615Z Running kernel seems to be up-to-date.
2026-10-08T23:06:49.4685983Z 
2026-10-08T23:06:49.4686215Z No services need to be restarted.
2026-10-08T23:06:49.4686482Z 
2026-10-08T23:06:49.4686689Z No containers need to be restarted.
2026-10-08T23:06:49.4686960Z 
2026-10-08T23:06:49.4687564Z No user sessions are running outdated binaries.
2026-10-08T23:06:49.4688245Z 
2026-10-08T23:06:49.4688681Z No VM guests are running outdated hypervisor (qemu) binaries on this host.
2026-10-08T23:06:50.8338019Z ffprobe version 6.1.1-3ubuntu5 Copyright (c) 2007-2023 the FFmpeg developers
2026-10-08T23:06:50.8338730Z built with gcc 13 (Ubuntu 13.2.0-23ubuntu3)
2026-10-08T23:06:50.8348089Z configuration: --prefix=/usr --extra-version=3ubuntu5 --toolchain=hardened --libdir=/usr/lib/x86_64-linux-gnu --incdir=/usr/include/x86_64-linux-gnu --arch=amd64 --enable-gpl --disable-stripping --disable-omx --enable-gnutls --enable-libaom --enable-libass --enable-libbs2b --enable-libcaca --enable-libcdio --enable-libcodec2 --enable-libdav1d --enable-libflite --enable-libfontconfig --enable-libfreetype --enable-libfribidi --enable-libglslang --enable-libgme --enable-libgsm --enable-libharfbuzz --enable-libmp3lame --enable-libmysofa --enable-libopenjpeg --enable-libopenmpt --enable-libopus --enable-librubberband --enable-libshine --enable-libsnappy --enable-libsoxr --enable-libspeex --enable-libtheora --enable-libtwolame --enable-libvidstab --enable-libvorbis --enable-libvpx --enable-libwebp --enable-libx265 --enable-libxml2 --enable-libxvid --enable-libzimg --enable-openal --enable-opencl --enable-opengl --disable-sndio --enable-libvpl --disable-libmfx --enable-libdc1394 --enable-libdrm --enable-libiec61883 --enable-chromaprint --enable-frei0r --enable-ladspa --enable-libbluray --enable-libjack --enable-libpulse --enable-librabbitmq --enable-librist --enable-libsrt --enable-libssh --enable-libsvtav1 --enable-libx264 --enable-libzmq --enable-libzvbi --enable-lv2 --enable-sdl2 --enable-libplacebo --enable-librav1e --enable-pocketsphinx --enable-librsvg --enable-libjxl --enable-shared
2026-10-08T23:06:50.8355634Z libavutil      58. 29.100 / 58. 29.100
2026-10-08T23:06:50.8356056Z libavcodec     60. 31.102 / 60. 31.102
2026-10-08T23:06:50.8356423Z libavformat    60. 16.100 / 60. 16.100
2026-10-08T23:06:50.8356748Z libavdevice    60.  3.100 / 60.  3.100
2026-10-08T23:06:50.8357071Z libavfilter     9. 12.100 /  9. 12.100
2026-10-08T23:06:50.8357503Z libswscale      7.  5.100 /  7.  5.100
2026-10-08T23:06:50.8357820Z libswresample   4. 12.100 /  4. 12.100
2026-10-08T23:06:50.8358138Z libpostproc    57.  3.100 / 57.  3.100
2026-10-08T23:06:50.8839015Z ffmpeg version 6.1.1-3ubuntu5 Copyright (c) 2000-2023 the FFmpeg developers
2026-10-08T23:06:50.8839744Z built with gcc 13 (Ubuntu 13.2.0-23ubuntu3)
2026-10-08T23:06:50.8849774Z configuration: --prefix=/usr --extra-version=3ubuntu5 --toolchain=hardened --libdir=/usr/lib/x86_64-linux-gnu --incdir=/usr/include/x86_64-linux-gnu --arch=amd64 --enable-gpl --disable-stripping --disable-omx --enable-gnutls --enable-libaom --enable-libass --enable-libbs2b --enable-libcaca --enable-libcdio --enable-libcodec2 --enable-libdav1d --enable-libflite --enable-libfontconfig --enable-libfreetype --enable-libfribidi --enable-libglslang --enable-libgme --enable-libgsm --enable-libharfbuzz --enable-libmp3lame --enable-libmysofa --enable-libopenjpeg --enable-libopenmpt --enable-libopus --enable-librubberband --enable-libshine --enable-libsnappy --enable-libsoxr --enable-libspeex --enable-libtheora --enable-libtwolame --enable-libvidstab --enable-libvorbis --enable-libvpx --enable-libwebp --enable-libx265 --enable-libxml2 --enable-libxvid --enable-libzimg --enable-openal --enable-opencl --enable-opengl --disable-sndio --enable-libvpl --disable-libmfx --enable-libdc1394 --enable-libdrm --enable-libiec61883 --enable-chromaprint --enable-frei0r --enable-ladspa --enable-libbluray --enable-libjack --enable-libpulse --enable-librabbitmq --enable-librist --enable-libsrt --enable-libssh --enable-libsvtav1 --enable-libx264 --enable-libzmq --enable-libzvbi --enable-lv2 --enable-sdl2 --enable-libplacebo --enable-librav1e --enable-pocketsphinx --enable-librsvg --enable-libjxl --enable-shared
2026-10-08T23:06:50.8857503Z libavutil      58. 29.100 / 58. 29.100
2026-10-08T23:06:50.8857942Z libavcodec     60. 31.102 / 60. 31.102
2026-10-08T23:06:50.8858455Z libavformat    60. 16.100 / 60. 16.100
2026-10-08T23:06:50.8858777Z libavdevice    60.  3.100 / 60.  3.100
2026-10-08T23:06:50.8859096Z libavfilter     9. 12.100 /  9. 12.100
2026-10-08T23:06:50.8859407Z libswscale      7.  5.100 /  7.  5.100
2026-10-08T23:06:50.8859717Z libswresample   4. 12.100 /  4. 12.100
2026-10-08T23:06:50.8860030Z libpostproc    57.  3.100 / 57.  3.100
2026-10-08T23:06:50.8900859Z ##[group]Run node --version
2026-10-08T23:06:50.8901178Z [36;1mnode --version[0m
2026-10-08T23:06:50.8901407Z [36;1mnproc[0m
2026-10-08T23:06:50.8901653Z [36;1mawk '/MemTotal/ { print }' /proc/meminfo[0m
2026-10-08T23:06:50.8901956Z [36;1mdf -Pk .[0m
2026-10-08T23:06:50.8965995Z shell: /usr/bin/bash -e {0}
2026-10-08T23:06:50.8966249Z env:
2026-10-08T23:06:50.8966516Z   G10_SOURCE_COMMIT: 21770325250068d5a2fb05a8c31209894ca806d2
2026-10-08T23:06:50.8966864Z ##[endgroup]
2026-10-08T23:06:50.9077381Z v22.16.0
2026-10-08T23:06:50.9096009Z 4
2026-10-08T23:06:50.9115548Z MemTotal:       16373452 kB
2026-10-08T23:06:50.9413552Z Filesystem     1024-blocks     Used Available Capacity Mounted on
2026-10-08T23:06:50.9414244Z /dev/root        151263856 64345892  86901580      43% /
2026-10-08T23:06:50.9478509Z ##[group]Run set -o pipefail
2026-10-08T23:06:50.9478831Z [36;1mset -o pipefail[0m
2026-10-08T23:06:50.9479233Z [36;1mnode scripts/check.mjs --stage 'node' 2>&1 | tee '.work-stage-node.stdout'[0m
2026-10-08T23:06:50.9543519Z shell: /usr/bin/bash -e {0}
2026-10-08T23:06:50.9543785Z env:
2026-10-08T23:06:50.9544058Z   G10_SOURCE_COMMIT: 21770325250068d5a2fb05a8c31209894ca806d2
2026-10-08T23:06:50.9544401Z ##[endgroup]
2026-10-08T23:06:51.0901250Z 
2026-10-08T23:06:51.0902048Z > partybox-g10-checkers@1.0.0 build
2026-10-08T23:06:51.0902859Z > tsc --noEmit && node scripts/build.mjs
2026-10-08T23:06:51.0903262Z 
2026-10-08T23:07:04.7128573Z PASS: complete offline single-page game written to /home/runner/work/partybox-game-cores/partybox-game-cores/jobs/G10-checkers/.work/play.html; original six-piece data is read in bounded blocks.
2026-10-08T23:07:23.2510203Z PASS: checksums, authoritative schemas/manifest, pure core source, fixed corpus provenance, original offline page (delivery execution gates explicitly excluded).
2026-10-08T23:07:26.9736873Z {"status": "PASS", "positives": 4, "rejected": 21, "controls": ["wrong-part-order", "duplicate-part", "gap-offset", "wrong-part-size", "wrong-part-sha", "wrong-whole-sha", "wrong-checkout", "wrong-whole-size", "oversized-part-limit", "absolute-part-path", "wrong-helper-sha", "missing-accepted-stage", "coherent-sidecars-wrong-whole-sha", "truncated-part", "changed-part-same-size", "JOIN-removes-incomplete-output", "missing-part", "symlink-part", "extra-stale-part", "duplicate-json-key", "JOIN-keeps-existing-output"], "scope": "Real split/re-read/JOIN boundary fixture plus meaningful part/order/digest/source and incomplete-output corruptions; not game delivery acceptance"}
2026-10-08T23:07:37.5425929Z {"status":"PASS","positives":14,"rejected":127,"scope":"Independent host-validator component controls against genuine historical 30-check reports, American-only 600-frame data, actual failed International data and actual historical WebM clips, plus explicitly labeled structural identity/telemetry/relative-coordinate components and isolated counterfactual thresholds. No current browser/capture acceptance is inferred."}
2026-10-08T23:07:58.4062067Z {"status":"PASS","positives":10,"rejected":72,"scope":"Genuine current historical4000-game records replayed independently; derived partition metadata and explicit synthetic stage-schema fixtures test components only. No fresh partition execution, current hosted acceptance or CI-fit inference."}
2026-10-08T23:08:08.3326344Z {"suite":"endgame-generation","stats":{"american":{"positions":7216,"edges":16138,"wins":1552,"losses":924,"draws":4740,"maximumDtm":13,"tacticalThreeToSix":{"candidates":10931,"accepted":2000,"definition":"every legal forced capture removes the sole opposing piece"}},"international":{"positions":18070,"edges":105140,"wins":6600,"losses":4114,"draws":7356,"maximumDtm":17,"tacticalThreeToSix":{"candidates":5892,"accepted":2000,"definition":"every legal forced capture removes the sole opposing piece"}}},"totalRows":29286}
2026-10-08T23:08:17.8398488Z Two phase fixtures, projections, schemas and manifest generated.
2026-10-08T23:08:27.7429126Z {"suite":"endgame-generation","stats":{"american":{"positions":7216,"edges":16138,"wins":1552,"losses":924,"draws":4740,"maximumDtm":13,"tacticalThreeToSix":{"candidates":10931,"accepted":2000,"definition":"every legal forced capture removes the sole opposing piece"}},"international":{"positions":18070,"edges":105140,"wins":6600,"losses":4114,"draws":7356,"maximumDtm":17,"tacticalThreeToSix":{"candidates":5892,"accepted":2000,"definition":"every legal forced capture removes the sole opposing piece"}}},"totalRows":29286}
2026-10-08T23:08:37.2649494Z Two phase fixtures, projections, schemas and manifest generated.
2026-10-08T23:08:37.3472028Z {"phase": "start", "pid": 4030, "pgid": 2070}
2026-10-08T23:08:39.2409169Z {"phase": "complete", "manifest": {"schemaVersion": 1, "author": "Chinook project, University of Alberta", "archiveUrl": "https://webdocs.cs.ualberta.ca/~chinook/DataBases/DB6.zip", "termsUrl": "https://webdocs.cs.ualberta.ca/~chinook/Software/", "terms": "Free use requires acknowledgement of the Chinook project; sale of these databases is prohibited.", "formatSourceUrl": "https://webdocs.cs.ualberta.ca/~chinook/databases/code.c", "files": {"DB6.zip": {"bytes": 27701728, "sha256": "35835dae65a962eafdf5cde290bce380117445acb21819dd0e266b3b0efab3b3"}, "DB6": {"bytes": 48132029, "sha256": "baee42a2b49390edd96e5a751189366275619c941d79021f3ca45774c3e7071f"}, "DB6.idx": {"bytes": 900418, "sha256": "10cb5cfc2a8c67e18c322563c17ceef0adeac87786a16c767c4616e9a574f4fd"}}, "baseSlices": 3935, "materialCoverage": [{"pieces": 2, "pieceTypeTuples": 4, "materialSplits": [[1, 1]]}, {"pieces": 3, "pieceTypeTuples": 12, "materialSplits": [[1, 2]]}, {"pieces": 4, "pieceTypeTuples": 25, "materialSplits": [[1, 3], [2, 2]]}, {"pieces": 5, "pieceTypeTuples": 44, "materialSplits": [[1, 4], [2, 3]]}, {"pieces": 6, "pieceTypeTuples": 70, "materialSplits": [[1, 5], [2, 4], [3, 3]]}], "coverageCheckScope": "All nonempty 2\u20136 material/king/man tuples are present; probe/rank correctness requires separate independent checks.", "probeContract": "American theoretical WDL; direct stored queries require no capture for either side. Draw history is not stored."}}
2026-10-08T23:08:39.3593333Z {"phase": "start", "pid": 4032, "pgid": 2070}
2026-10-08T23:08:39.6963631Z {"phase": "complete", "manifest": {"schemaVersion": 1, "author": "Chinook project, University of Alberta", "archiveUrl": "https://webdocs.cs.ualberta.ca/~chinook/DataBases/DB6.zip", "termsUrl": "https://webdocs.cs.ualberta.ca/~chinook/Software/", "terms": "Free use requires acknowledgement of the Chinook project; sale of these databases is prohibited.", "formatSourceUrl": "https://webdocs.cs.ualberta.ca/~chinook/databases/code.c", "files": {"DB6.zip": {"bytes": 27701728, "sha256": "35835dae65a962eafdf5cde290bce380117445acb21819dd0e266b3b0efab3b3"}, "DB6": {"bytes": 48132029, "sha256": "baee42a2b49390edd96e5a751189366275619c941d79021f3ca45774c3e7071f"}, "DB6.idx": {"bytes": 900418, "sha256": "10cb5cfc2a8c67e18c322563c17ceef0adeac87786a16c767c4616e9a574f4fd"}}, "baseSlices": 3935, "materialCoverage": [{"pieces": 2, "pieceTypeTuples": 4, "materialSplits": [[1, 1]]}, {"pieces": 3, "pieceTypeTuples": 12, "materialSplits": [[1, 2]]}, {"pieces": 4, "pieceTypeTuples": 25, "materialSplits": [[1, 3], [2, 2]]}, {"pieces": 5, "pieceTypeTuples": 44, "materialSplits": [[1, 4], [2, 3]]}, {"pieces": 6, "pieceTypeTuples": 70, "materialSplits": [[1, 5], [2, 4], [3, 3]]}], "coverageCheckScope": "All nonempty 2\u20136 material/king/man tuples are present; probe/rank correctness requires separate independent checks.", "probeContract": "American theoretical WDL; direct stored queries require no capture for either side. Draw history is not stored."}}
2026-10-08T23:08:39.8046544Z TAP version 13
2026-10-08T23:08:52.0305003Z # Subtest: PVS/transposition tie handling agrees with independent exhaustive minimax and capture horizon
2026-10-08T23:08:52.0313706Z ok 1 - PVS/transposition tie handling agrees with independent exhaustive minimax and capture horizon
2026-10-08T23:08:52.0317004Z   ---
2026-10-08T23:08:52.0317702Z   duration_ms: 449.82518
2026-10-08T23:08:52.0318172Z   type: 'test'
2026-10-08T23:08:52.0318561Z   ...
2026-10-08T23:08:52.0319345Z # Subtest: independent Chinook reader decodes high-to-low ternary digits
2026-10-08T23:08:52.0320427Z ok 2 - independent Chinook reader decodes high-to-low ternary digits
2026-10-08T23:08:52.0321170Z   ---
2026-10-08T23:08:52.0321572Z   duration_ms: 1.160302
2026-10-08T23:08:52.0321998Z   type: 'test'
2026-10-08T23:08:52.0322376Z   ...
2026-10-08T23:08:52.0323217Z # Subtest: independent Chinook reader consumes default runs before ordinary records
2026-10-08T23:08:52.0324477Z ok 3 - independent Chinook reader consumes default runs before ordinary records
2026-10-08T23:08:52.0325284Z   ---
2026-10-08T23:08:52.0325665Z   duration_ms: 0.30105
2026-10-08T23:08:52.0326096Z   type: 'test'
2026-10-08T23:08:52.0326471Z   ...
2026-10-08T23:08:52.0327760Z # Subtest: independent Chinook uniform records need no binary payload
2026-10-08T23:08:52.0328855Z ok 4 - independent Chinook uniform records need no binary payload
2026-10-08T23:08:52.0329519Z   ---
2026-10-08T23:08:52.0329907Z   duration_ms: 0.18791
2026-10-08T23:08:52.0330350Z   type: 'test'
2026-10-08T23:08:52.0330722Z   ...
2026-10-08T23:08:52.0331675Z # Subtest: independent Chinook raw stored probe rejects current-side and opponent-only captures
2026-10-08T23:08:52.0333089Z ok 5 - independent Chinook raw stored probe rejects current-side and opponent-only captures
2026-10-08T23:08:52.0333923Z   ---
2026-10-08T23:08:52.0334293Z   duration_ms: 0.310399
2026-10-08T23:08:52.0334736Z   type: 'test'
2026-10-08T23:08:52.0335114Z   ...
2026-10-08T23:08:52.0335956Z # Subtest: independent Chinook reader rejects malformed or out-of-bounds index records
2026-10-08T23:08:52.0337828Z ok 6 - independent Chinook reader rejects malformed or out-of-bounds index records
2026-10-08T23:08:52.0338640Z   ---
2026-10-08T23:08:52.0339015Z   duration_ms: 0.364419
2026-10-08T23:08:52.0339447Z   type: 'test'
2026-10-08T23:08:52.0339819Z   ...
2026-10-08T23:08:52.0340662Z # Subtest: acquired full American corpus bytes/index match fixed primary-source hashes
2026-10-08T23:08:52.0341936Z ok 7 - acquired full American corpus bytes/index match fixed primary-source hashes
2026-10-08T23:08:52.0342706Z   ---
2026-10-08T23:08:52.0343080Z   duration_ms: 31.548494
2026-10-08T23:08:52.0343506Z   type: 'test'
2026-10-08T23:08:52.0343883Z   ...
2026-10-08T23:08:52.0344882Z # Subtest: both independent corpus readers match exact fully closed two-piece WDL where wire format applies
2026-10-08T23:08:52.0346428Z ok 8 - both independent corpus readers match exact fully closed two-piece WDL where wire format applies
2026-10-08T23:08:52.0351182Z   ---
2026-10-08T23:08:52.0351691Z   duration_ms: 354.513684
2026-10-08T23:08:52.0352118Z   type: 'test'
2026-10-08T23:08:52.0352462Z   ...
2026-10-08T23:08:52.0354164Z # Subtest: 10,000 mixed2–6piece production ranks/decodes equal independent enumeration and reject capture threats
2026-10-08T23:08:52.0356096Z ok 9 - 10,000 mixed2–6piece production ranks/decodes equal independent enumeration and reject capture threats
2026-10-08T23:08:52.0357034Z   ---
2026-10-08T23:08:52.0357662Z   duration_ms: 524.35685
2026-10-08T23:08:52.0358091Z   type: 'test'
2026-10-08T23:08:52.0358466Z   ...
2026-10-08T23:08:52.0359457Z # Subtest: production corpus factory snapshots inputs and rejects damaged or incompatible metadata
2026-10-08T23:08:52.0360914Z ok 10 - production corpus factory snapshots inputs and rejects damaged or incompatible metadata
2026-10-08T23:08:52.0361761Z   ---
2026-10-08T23:08:52.0362123Z   duration_ms: 0.887384
2026-10-08T23:08:52.0362527Z   type: 'test'
2026-10-08T23:08:52.0362885Z   ...
2026-10-08T23:08:52.0363931Z # Subtest: contract manifest/counts/settings and deterministic initial boards
2026-10-08T23:08:52.0365061Z ok 11 - contract manifest/counts/settings and deterministic initial boards
2026-10-08T23:08:52.0365799Z   ---
2026-10-08T23:08:52.0366190Z   duration_ms: 2.02796
2026-10-08T23:08:52.0366622Z   type: 'test'
2026-10-08T23:08:52.0367005Z   ...
2026-10-08T23:08:52.0368215Z # Subtest: contract total immutable reducer ignores malformed/unknown events in both phases
2026-10-08T23:08:52.0369518Z ok 12 - contract total immutable reducer ignores malformed/unknown events in both phases
2026-10-08T23:08:52.0370338Z   ---
2026-10-08T23:08:52.0370725Z   duration_ms: 4.641792
2026-10-08T23:08:52.0371166Z   type: 'test'
2026-10-08T23:08:52.0371538Z   ...
2026-10-08T23:08:52.0372308Z # Subtest: contract live timer requires exact phase instance and elapsed deadline
2026-10-08T23:08:52.0373447Z ok 13 - contract live timer requires exact phase instance and elapsed deadline
2026-10-08T23:08:52.0374172Z   ---
2026-10-08T23:08:52.0374550Z   duration_ms: 0.32187
2026-10-08T23:08:52.0374959Z   type: 'test'
2026-10-08T23:08:52.0375327Z   ...
2026-10-08T23:08:52.0376362Z # Subtest: VIP pause/resume shifts only the deadline; skip/end remain available
2026-10-08T23:08:52.0377785Z ok 14 - VIP pause/resume shifts only the deadline; skip/end remain available
2026-10-08T23:08:52.0378518Z   ---
2026-10-08T23:08:52.0378894Z   duration_ms: 3.515583
2026-10-08T23:08:52.0379296Z   type: 'test'
2026-10-08T23:08:52.0379637Z   ...
2026-10-08T23:08:52.0380467Z # Subtest: presence auto-holds empty rooms, resumes clocks and permanently preserves leavers
2026-10-08T23:08:52.0381794Z ok 15 - presence auto-holds empty rooms, resumes clocks and permanently preserves leavers
2026-10-08T23:08:52.0382598Z   ---
2026-10-08T23:08:52.0382971Z   duration_ms: 4.483988
2026-10-08T23:08:52.0383400Z   type: 'test'
2026-10-08T23:08:52.0383771Z   ...
2026-10-08T23:08:52.0384639Z # Subtest: hostile seat IDs, public view equality, spectator safety and cloned projections
2026-10-08T23:08:52.0385903Z ok 16 - hostile seat IDs, public view equality, spectator safety and cloned projections
2026-10-08T23:08:52.0386682Z   ---
2026-10-08T23:08:52.0387064Z   duration_ms: 2.442143
2026-10-08T23:08:52.0387798Z   type: 'test'
2026-10-08T23:08:52.0388178Z   ...
2026-10-08T23:08:52.0388986Z # Subtest: complete legal inputs and terminal scores preserve every original seat
2026-10-08T23:08:52.0390175Z ok 17 - complete legal inputs and terminal scores preserve every original seat
2026-10-08T23:08:52.0390873Z   ---
2026-10-08T23:08:52.0391209Z   duration_ms: 2.229485
2026-10-08T23:08:52.0391640Z   type: 'test'
2026-10-08T23:08:52.0392014Z   ...
2026-10-08T23:08:52.0392942Z # Subtest: all three bot levels are schema-valid deterministic pure choices in every phase/role
2026-10-08T23:08:52.0394292Z ok 18 - all three bot levels are schema-valid deterministic pure choices in every phase/role
2026-10-08T23:08:52.0395121Z   ---
2026-10-08T23:08:52.0395475Z   duration_ms: 226.060815
2026-10-08T23:08:52.0395898Z   type: 'test'
2026-10-08T23:08:52.0396250Z   ...
2026-10-08T23:10:04.6608562Z # Subtest: manifest and every generated phase fixture replay without throwing
2026-10-08T23:10:04.6613578Z ok 19 - manifest and every generated phase fixture replay without throwing
2026-10-08T23:10:04.6614480Z   ---
2026-10-08T23:10:04.6614895Z   duration_ms: 7.823994
2026-10-08T23:10:04.6615460Z   type: 'test'
2026-10-08T23:10:04.6618445Z   ...
2026-10-08T23:10:04.6619367Z # Subtest: authoritative state/data schemas validate generated files and reject corrupt rows
2026-10-08T23:10:04.6620529Z ok 20 - authoritative state/data schemas validate generated files and reject corrupt rows
2026-10-08T23:10:04.6621441Z   ---
2026-10-08T23:10:04.6621784Z   duration_ms: 210.738415
2026-10-08T23:10:04.6622193Z   type: 'test'
2026-10-08T23:10:04.6622532Z   ...
2026-10-08T23:10:04.6623316Z # Subtest: source-backed forty/25 move allowances use both players, with exact boundary
2026-10-08T23:10:04.6624407Z ok 21 - source-backed forty/25 move allowances use both players, with exact boundary
2026-10-08T23:10:04.6625113Z   ---
2026-10-08T23:10:04.6625320Z   duration_ms: 0.407008
2026-10-08T23:10:04.6625570Z   type: 'test'
2026-10-08T23:10:04.6625772Z   ...
2026-10-08T23:10:04.6626246Z # Subtest: quiet king moves increment while every man move and capture reset counters/history
2026-10-08T23:10:04.6628548Z ok 22 - quiet king moves increment while every man move and capture reset counters/history
2026-10-08T23:10:04.6629311Z   ---
2026-10-08T23:10:04.6629647Z   duration_ms: 1.088429
2026-10-08T23:10:04.6629894Z   type: 'test'
2026-10-08T23:10:04.6630098Z   ...
2026-10-08T23:10:04.6630497Z # Subtest: threefold includes side to move and can be disabled explicitly
2026-10-08T23:10:04.6631086Z ok 23 - threefold includes side to move and can be disabled explicitly
2026-10-08T23:10:04.6631464Z   ---
2026-10-08T23:10:04.6631665Z   duration_ms: 0.209321
2026-10-08T23:10:04.6631894Z   type: 'test'
2026-10-08T23:10:04.6632089Z   ...
2026-10-08T23:10:04.6632580Z # Subtest: official king windows start after creation, preserve old deadlines and intersect
2026-10-08T23:10:04.6633462Z ok 24 - official king windows start after creation, preserve old deadlines and intersect
2026-10-08T23:10:04.6633902Z   ---
2026-10-08T23:10:04.6634094Z   duration_ms: 0.417929
2026-10-08T23:10:04.6634317Z   type: 'test'
2026-10-08T23:10:04.6634508Z   ...
2026-10-08T23:10:04.6634999Z # Subtest: latest FMJD large diagonal has a five-each window only when occupied solely by weak king
2026-10-08T23:10:04.6635738Z ok 25 - latest FMJD large diagonal has a five-each window only when occupied solely by weak king
2026-10-08T23:10:04.6636175Z   ---
2026-10-08T23:10:04.6636371Z   duration_ms: 0.233024
2026-10-08T23:10:04.6636591Z   type: 'test'
2026-10-08T23:10:04.6636781Z   ...
2026-10-08T23:10:04.6637480Z # Subtest: published32-ply FMJD regression draws when original16-each window expires
2026-10-08T23:10:04.6638300Z ok 26 - published32-ply FMJD regression draws when original16-each window expires
2026-10-08T23:10:04.6638730Z   ---
2026-10-08T23:10:04.6638934Z   duration_ms: 2.409481
2026-10-08T23:10:04.6639163Z   type: 'test'
2026-10-08T23:10:04.6639367Z   ...
2026-10-08T23:10:04.6640214Z # Subtest: last permitted move capturing final opponent wins before a draw counter expires
2026-10-08T23:10:04.6641432Z ok 27 - last permitted move capturing final opponent wins before a draw counter expires
2026-10-08T23:10:04.6642126Z   ---
2026-10-08T23:10:04.6642464Z   duration_ms: 0.188582
2026-10-08T23:10:04.6642836Z   type: 'test'
2026-10-08T23:10:04.6643153Z   ...
2026-10-08T23:10:04.6644074Z # Subtest: optimized ending classification matches independently counted material and diagonal memberships
2026-10-08T23:10:04.6645558Z ok 28 - optimized ending classification matches independently counted material and diagonal memberships
2026-10-08T23:10:04.6646355Z   ---
2026-10-08T23:10:04.6646712Z   duration_ms: 83.450657
2026-10-08T23:10:04.6647112Z   type: 'test'
2026-10-08T23:10:04.6647721Z   ...
2026-10-08T23:10:04.6648180Z # Subtest: independent WDL never labels a truncated king graph as draw
2026-10-08T23:10:04.6648754Z ok 29 - independent WDL never labels a truncated king graph as draw
2026-10-08T23:10:04.6649157Z   ---
2026-10-08T23:10:04.6649358Z   duration_ms: 0.249875
2026-10-08T23:10:04.6649592Z   type: 'test'
2026-10-08T23:10:04.6649788Z   ...
2026-10-08T23:10:04.6650223Z # Subtest: independent WDL certifies complete six-piece forced-capture components
2026-10-08T23:10:04.6650862Z ok 30 - independent WDL certifies complete six-piece forced-capture components
2026-10-08T23:10:04.6651262Z   ---
2026-10-08T23:10:04.6651462Z   duration_ms: 0.616149
2026-10-08T23:10:04.6651683Z   type: 'test'
2026-10-08T23:10:04.6651885Z   ...
2026-10-08T23:10:04.6652394Z # Subtest: independent complete one-vs-one man/king domains have valid WDL and distance certificates
2026-10-08T23:10:04.6653170Z ok 31 - independent complete one-vs-one man/king domains have valid WDL and distance certificates
2026-10-08T23:10:04.6653843Z   ---
2026-10-08T23:10:04.6654042Z   duration_ms: 949.509247
2026-10-08T23:10:04.6654271Z   type: 'test'
2026-10-08T23:10:04.6654468Z   ...
2026-10-08T23:10:04.6654988Z # Subtest: production complete one-vs-one lookup matches independent WDL AND distance on every row
2026-10-08T23:10:04.6655739Z ok 32 - production complete one-vs-one lookup matches independent WDL AND distance on every row
2026-10-08T23:10:04.6656188Z   ---
2026-10-08T23:10:04.6656381Z   duration_ms: 733.594811
2026-10-08T23:10:04.6656607Z   type: 'test'
2026-10-08T23:10:04.6656800Z   ...
2026-10-08T23:10:04.6657493Z # Subtest: every generated three-to-six witness is independently one-turn terminal win
2026-10-08T23:10:04.6658696Z ok 33 - every generated three-to-six witness is independently one-turn terminal win
2026-10-08T23:10:04.6659418Z   ---
2026-10-08T23:10:04.6659758Z   duration_ms: 120.379782
2026-10-08T23:10:04.6660147Z   type: 'test'
2026-10-08T23:10:04.6660476Z   ...
2026-10-08T23:10:04.6661436Z # Subtest: six-piece full jumps and installed quiet draws resolve while absent or oversized data stays unknown
2026-10-08T23:10:04.6662951Z ok 34 - six-piece full jumps and installed quiet draws resolve while absent or oversized data stays unknown
2026-10-08T23:10:04.6663452Z   ---
2026-10-08T23:10:04.6663656Z   duration_ms: 11.494295
2026-10-08T23:10:04.6663881Z   type: 'test'
2026-10-08T23:10:04.6664073Z   ...
2026-10-08T23:10:04.6664534Z # Subtest: exact generator/dataset includes all legal one-per-side roots and cloned coverage
2026-10-08T23:10:04.6665248Z ok 35 - exact generator/dataset includes all legal one-per-side roots and cloned coverage
2026-10-08T23:10:04.6665703Z   ---
2026-10-08T23:10:04.6665901Z   duration_ms: 47.562423
2026-10-08T23:10:04.6666127Z   type: 'test'
2026-10-08T23:10:04.6666316Z   ...
2026-10-08T23:10:04.6666833Z # Subtest: actual public default has all41 files/156 slices and agrees with all10k native/reference cases
2026-10-08T23:10:04.6668158Z ok 36 - actual public default has all41 files/156 slices and agrees with all10k native/reference cases
2026-10-08T23:10:04.6668990Z   ---
2026-10-08T23:10:04.6669342Z   duration_ms: 2517.103692
2026-10-08T23:10:04.6669746Z   type: 'test'
2026-10-08T23:10:04.6670074Z   ...
2026-10-08T23:10:04.6670948Z # Subtest: actual default Strong game respects captures, official/house clocks and third repetition
2026-10-08T23:10:04.6672281Z ok 37 - actual default Strong game respects captures, official/house clocks and third repetition
2026-10-08T23:10:04.6673054Z   ---
2026-10-08T23:10:04.6673377Z   duration_ms: 161.449373
2026-10-08T23:10:04.6673770Z   type: 'test'
2026-10-08T23:10:04.6674099Z   ...
2026-10-08T23:10:04.6674963Z # Subtest: 48 predeclared default/block transactions preserve every report field and random cursor
2026-10-08T23:10:04.6676304Z ok 38 - 48 predeclared default/block transactions preserve every report field and random cursor
2026-10-08T23:10:04.6677083Z   ---
2026-10-08T23:10:04.6677621Z   duration_ms: 32309.026582
2026-10-08T23:10:04.6678035Z   type: 'test'
2026-10-08T23:10:04.6678372Z   ...
2026-10-08T23:10:04.6679313Z # Subtest: three complete game transcripts match default/block decisions and independent legal transitions
2026-10-08T23:10:04.6680779Z ok 39 - three complete game transcripts match default/block decisions and independent legal transitions
2026-10-08T23:10:04.6694454Z   ---
2026-10-08T23:10:04.6694881Z   duration_ms: 25006.458102
2026-10-08T23:10:04.6695292Z   type: 'test'
2026-10-08T23:10:04.6695632Z   ...
2026-10-08T23:10:04.6696513Z # Subtest: immutable encoded and block transports equal all10k retained independent/native WLD outcomes
2026-10-08T23:10:04.6698136Z ok 40 - immutable encoded and block transports equal all10k retained independent/native WLD outcomes
2026-10-08T23:10:04.6698641Z   ---
2026-10-08T23:10:04.6698918Z   duration_ms: 1025.001374
2026-10-08T23:10:04.6699165Z   type: 'test'
2026-10-08T23:10:04.6699374Z   ...
2026-10-08T23:10:04.6699857Z # Subtest: an absent nonuniform block is explicit; uniform slices require no synthetic bytes
2026-10-08T23:10:04.6700792Z ok 41 - an absent nonuniform block is explicit; uniform slices require no synthetic bytes
2026-10-08T23:10:04.6701220Z   ---
2026-10-08T23:10:04.6701434Z   duration_ms: 171.182655
2026-10-08T23:10:04.6701680Z   type: 'test'
2026-10-08T23:10:04.6701887Z   ...
2026-10-08T23:10:04.6702385Z # Subtest: transaction retries require all missing original blocks and then equal native outcomes
2026-10-08T23:10:04.6703141Z ok 42 - transaction retries require all missing original blocks and then equal native outcomes
2026-10-08T23:10:04.6703584Z   ---
2026-10-08T23:10:04.6703788Z   duration_ms: 63.730087
2026-10-08T23:10:04.6704033Z   type: 'test'
2026-10-08T23:10:04.6704236Z   ...
2026-10-08T23:10:04.6704768Z # Subtest: encoded lists, block buffers, source metadata and dictionary inputs remain immutable snapshots
2026-10-08T23:10:04.6705578Z ok 43 - encoded lists, block buffers, source metadata and dictionary inputs remain immutable snapshots
2026-10-08T23:10:04.6706058Z   ---
2026-10-08T23:10:04.6706266Z   duration_ms: 57.502721
2026-10-08T23:10:04.6706498Z   type: 'test'
2026-10-08T23:10:04.6706704Z   ...
2026-10-08T23:10:04.6707580Z # Subtest: canonical encoding and bounded block metadata reject corrupt input before probing
2026-10-08T23:10:04.6708825Z ok 44 - canonical encoding and bounded block metadata reject corrupt input before probing
2026-10-08T23:10:04.6709277Z   ---
2026-10-08T23:10:04.6709485Z   duration_ms: 4.630349
2026-10-08T23:10:04.6709719Z   type: 'test'
2026-10-08T23:10:04.6709922Z   ...
2026-10-08T23:10:04.6710397Z # Subtest: one-byte final blocks and nonaligned encoded ranges match the full snapshot decoder
2026-10-08T23:10:04.6711127Z ok 45 - one-byte final blocks and nonaligned encoded ranges match the full snapshot decoder
2026-10-08T23:10:04.6711570Z   ---
2026-10-08T23:10:04.6711772Z   duration_ms: 41.95641
2026-10-08T23:10:04.6711999Z   type: 'test'
2026-10-08T23:10:04.6712198Z   ...
2026-10-08T23:10:04.6713051Z # Subtest: production actual2–5 WLD/ranks match 10,000 retained original C++ and independent queries
2026-10-08T23:10:04.6713928Z ok 46 - production actual2–5 WLD/ranks match 10,000 retained original C++ and independent queries
2026-10-08T23:10:04.6714412Z   ---
2026-10-08T23:10:04.6714629Z   duration_ms: 318.068682
2026-10-08T23:10:04.6714866Z   type: 'test'
2026-10-08T23:10:04.6715064Z   ...
2026-10-08T23:10:04.6715504Z # Subtest: actual International dictionary/data match pinned licensed-source hashes
2026-10-08T23:10:04.6716156Z ok 47 - actual International dictionary/data match pinned licensed-source hashes
2026-10-08T23:10:04.6716555Z   ---
2026-10-08T23:10:04.6716758Z   duration_ms: 0.213829
2026-10-08T23:10:04.6716985Z   type: 'test'
2026-10-08T23:10:04.6717412Z   ...
2026-10-08T23:10:04.6718246Z # Subtest: production/reference International probes agree with independently closed full two-piece WLD
2026-10-08T23:10:04.6719329Z ok 48 - production/reference International probes agree with independently closed full two-piece WLD
2026-10-08T23:10:04.6719817Z   ---
2026-10-08T23:10:04.6720021Z   duration_ms: 1329.584121
2026-10-08T23:10:04.6720263Z   type: 'test'
2026-10-08T23:10:04.6720459Z   ...
2026-10-08T23:10:04.6720960Z # Subtest: 10,000 International material/orientation ranks agree with separately authored reference
2026-10-08T23:10:04.6721719Z ok 49 - 10,000 International material/orientation ranks agree with separately authored reference
2026-10-08T23:10:04.6722166Z   ---
2026-10-08T23:10:04.6722366Z   duration_ms: 140.15938
2026-10-08T23:10:04.6722599Z   type: 'test'
2026-10-08T23:10:04.6722794Z   ...
2026-10-08T23:10:04.6723308Z # Subtest: International constructor snapshots buffers and rejects corrupt dictionaries/index metadata
2026-10-08T23:10:04.6724095Z ok 50 - International constructor snapshots buffers and rejects corrupt dictionaries/index metadata
2026-10-08T23:10:04.6724567Z   ---
2026-10-08T23:10:04.6724762Z   duration_ms: 27.960346
2026-10-08T23:10:04.6724991Z   type: 'test'
2026-10-08T23:10:04.6725194Z   ...
2026-10-08T23:10:04.6725809Z # Subtest: production rules: American forced complete double jump excludes quiet moves
2026-10-08T23:10:04.6726476Z ok 51 - production rules: American forced complete double jump excludes quiet moves
2026-10-08T23:10:04.6726889Z   ---
2026-10-08T23:10:04.6727087Z   duration_ms: 0.471819
2026-10-08T23:10:04.6727565Z   type: 'test'
2026-10-08T23:10:04.6727772Z   ...
2026-10-08T23:10:04.6728254Z # Subtest: production rules: American crown ends capture even with backward king jump available
2026-10-08T23:10:04.6728974Z ok 52 - production rules: American crown ends capture even with backward king jump available
2026-10-08T23:10:04.6729412Z   ---
2026-10-08T23:10:04.6729607Z   duration_ms: 0.174916
2026-10-08T23:10:04.6729832Z   type: 'test'
2026-10-08T23:10:04.6730029Z   ...
2026-10-08T23:10:04.6730514Z # Subtest: production rules: International man passes crown row and remains man after continuing
2026-10-08T23:10:04.6731253Z ok 53 - production rules: International man passes crown row and remains man after continuing
2026-10-08T23:10:04.6731696Z   ---
2026-10-08T23:10:04.6732064Z   duration_ms: 0.192489
2026-10-08T23:10:04.6732328Z   type: 'test'
2026-10-08T23:10:04.6732527Z   ...
2026-10-08T23:10:04.6733217Z # Subtest: production rules: International global longest route excludes another piece short route
2026-10-08T23:10:04.6733986Z ok 54 - production rules: International global longest route excludes another piece short route
2026-10-08T23:10:04.6734449Z   ---
2026-10-08T23:10:04.6734647Z   duration_ms: 0.148798
2026-10-08T23:10:04.6734873Z   type: 'test'
2026-10-08T23:10:04.6735076Z   ...
2026-10-08T23:10:04.6735499Z # Subtest: production rules: American permits shorter route from a different piece
2026-10-08T23:10:04.6736128Z ok 55 - production rules: American permits shorter route from a different piece
2026-10-08T23:10:04.6736532Z   ---
2026-10-08T23:10:04.6736727Z   duration_ms: 0.221834
2026-10-08T23:10:04.6736951Z   type: 'test'
2026-10-08T23:10:04.6737146Z   ...
2026-10-08T23:10:04.6737872Z # Subtest: production rules: International taken pieces block reversing king between two enemies
2026-10-08T23:10:04.6738621Z ok 56 - production rules: International taken pieces block reversing king between two enemies
2026-10-08T23:10:04.6739065Z   ---
2026-10-08T23:10:04.6739265Z   duration_ms: 0.349261
2026-10-08T23:10:04.6739491Z   type: 'test'
2026-10-08T23:10:04.6739687Z   ...
2026-10-08T23:10:04.6740091Z # Subtest: production rules: International uncrowned man captures backwards
2026-10-08T23:10:04.6740673Z ok 57 - production rules: International uncrowned man captures backwards
2026-10-08T23:10:04.6741044Z   ---
2026-10-08T23:10:04.6741245Z   duration_ms: 0.135623
2026-10-08T23:10:04.6741468Z   type: 'test'
2026-10-08T23:10:04.6741660Z   ...
2026-10-08T23:10:04.6742050Z # Subtest: production rules: American uncrowned man cannot capture backwards
2026-10-08T23:10:04.6742639Z ok 58 - production rules: American uncrowned man cannot capture backwards
2026-10-08T23:10:04.6743015Z   ---
2026-10-08T23:10:04.6743213Z   duration_ms: 0.121346
2026-10-08T23:10:04.6743440Z   type: 'test'
2026-10-08T23:10:04.6743639Z   ...
2026-10-08T23:10:04.6744086Z # Subtest: production rules: American king may return to origin in a four-enemy capture
2026-10-08T23:10:04.6744755Z ok 59 - production rules: American king may return to origin in a four-enemy capture
2026-10-08T23:10:04.6745161Z   ---
2026-10-08T23:10:04.6745352Z   duration_ms: 0.134781
2026-10-08T23:10:04.6745578Z   type: 'test'
2026-10-08T23:10:04.6745777Z   ...
2026-10-08T23:10:04.6746202Z # Subtest: production rules: American short king has only adjacent quiet destinations
2026-10-08T23:10:04.6746842Z ok 60 - production rules: American short king has only adjacent quiet destinations
2026-10-08T23:10:04.6747468Z   ---
2026-10-08T23:10:04.6747666Z   duration_ms: 0.134461
2026-10-08T23:10:04.6747889Z   type: 'test'
2026-10-08T23:10:04.6748090Z   ...
2026-10-08T23:10:04.6748578Z # Subtest: 10,000 independent move differentials plus color-rotated twins and every resulting board
2026-10-08T23:10:04.6749507Z ok 61 - 10,000 independent move differentials plus color-rotated twins and every resulting board
2026-10-08T23:10:04.6749958Z   ---
2026-10-08T23:10:04.6750158Z   duration_ms: 732.028866
2026-10-08T23:10:04.6750389Z   type: 'test'
2026-10-08T23:10:04.6750580Z   ...
2026-10-08T23:10:04.6751096Z # Subtest: property seeds1,2,3 plus1,000 recorded random seeds conserve material and deterministic replay
2026-10-08T23:10:04.6751883Z ok 62 - property seeds1,2,3 plus1,000 recorded random seeds conserve material and deterministic replay
2026-10-08T23:10:04.6752345Z   ---
2026-10-08T23:10:04.6752549Z   duration_ms: 6368.881083
2026-10-08T23:10:04.6752784Z   type: 'test'
2026-10-08T23:10:04.6752980Z   ...
2026-10-08T23:10:04.6753530Z # Subtest: purity scanner distinguishes actual host identifiers from comments, strings and local draw windows
2026-10-08T23:10:04.6754364Z ok 63 - purity scanner distinguishes actual host identifiers from comments, strings and local draw windows
2026-10-08T23:10:04.6754856Z   ---
2026-10-08T23:10:04.6755054Z   duration_ms: 15.086648
2026-10-08T23:10:04.6755285Z   type: 'test'
2026-10-08T23:10:04.6755479Z   ...
2026-10-08T23:10:04.6756081Z # Subtest: all delivered pure production modules pass AST inspection; host adapters are explicit
2026-10-08T23:10:04.6756836Z ok 64 - all delivered pure production modules pass AST inspection; host adapters are explicit
2026-10-08T23:10:04.6757515Z   ---
2026-10-08T23:10:04.6757727Z   duration_ms: 114.316358
2026-10-08T23:10:04.6757975Z   type: 'test'
2026-10-08T23:10:04.6758177Z   ...
2026-10-08T23:10:04.6758593Z # Subtest: independent International rank has exact back-rank group boundaries
2026-10-08T23:10:04.6759197Z ok 65 - independent International rank has exact back-rank group boundaries
2026-10-08T23:10:04.6759581Z   ---
2026-10-08T23:10:04.6759777Z   duration_ms: 0.396108
2026-10-08T23:10:04.6760008Z   type: 'test'
2026-10-08T23:10:04.6760201Z   ...
2026-10-08T23:10:04.6760583Z # Subtest: all two-piece material ranks are complete independent bijections
2026-10-08T23:10:04.6761160Z ok 66 - all two-piece material ranks are complete independent bijections
2026-10-08T23:10:04.6761526Z   ---
2026-10-08T23:10:04.6761727Z   duration_ms: 27.504983
2026-10-08T23:10:04.6761959Z   type: 'test'
2026-10-08T23:10:04.6762152Z   ...
2026-10-08T23:10:04.6762503Z # Subtest: rotation and colour reversal preserve canonical location
2026-10-08T23:10:04.6763016Z ok 67 - rotation and colour reversal preserve canonical location
2026-10-08T23:10:04.6763352Z   ---
2026-10-08T23:10:04.6763547Z   duration_ms: 0.424461
2026-10-08T23:10:04.6763765Z   type: 'test'
2026-10-08T23:10:04.6763964Z   ...
2026-10-08T23:10:04.6764257Z # Subtest: six-piece ranks include 3v3 and 5v1 kings
2026-10-08T23:10:04.6764658Z ok 68 - six-piece ranks include 3v3 and 5v1 kings
2026-10-08T23:10:04.6764954Z   ---
2026-10-08T23:10:04.6765146Z   duration_ms: 0.196607
2026-10-08T23:10:04.6765366Z   type: 'test'
2026-10-08T23:10:04.6765570Z   ...
2026-10-08T23:10:04.6765998Z # Subtest: invalid crowns, side, board and out-of-scope material do not produce ranks
2026-10-08T23:10:04.6766644Z ok 69 - invalid crowns, side, board and out-of-scope material do not produce ranks
2026-10-08T23:10:04.6767042Z   ---
2026-10-08T23:10:04.6767472Z   duration_ms: 0.136304
2026-10-08T23:10:04.6767703Z   type: 'test'
2026-10-08T23:10:04.6767896Z   ...
2026-10-08T23:10:04.6768295Z # Subtest: synthetic token mapping and uniform slice decode without mutation
2026-10-08T23:10:04.6768866Z ok 70 - synthetic token mapping and uniform slice decode without mutation
2026-10-08T23:10:04.6769230Z   ---
2026-10-08T23:10:04.6769425Z   duration_ms: 5.373525
2026-10-08T23:10:04.6769640Z   type: 'test'
2026-10-08T23:10:04.6769831Z   ...
2026-10-08T23:10:04.6770239Z # Subtest: synthetic checkpoint changes catalogue at the physical block boundary
2026-10-08T23:10:04.6770857Z ok 71 - synthetic checkpoint changes catalogue at the physical block boundary
2026-10-08T23:10:04.6771242Z   ---
2026-10-08T23:10:04.6771436Z   duration_ms: 1.07814
2026-10-08T23:10:04.6771802Z   type: 'test'
2026-10-08T23:10:04.6772000Z   ...
2026-10-08T23:10:04.6772400Z # Subtest: a token uses a declared-length prefix of a longer shared run record
2026-10-08T23:10:04.6772983Z ok 72 - a token uses a declared-length prefix of a longer shared run record
2026-10-08T23:10:04.6773351Z   ---
2026-10-08T23:10:04.6773543Z   duration_ms: 0.995415
2026-10-08T23:10:04.6773767Z   type: 'test'
2026-10-08T23:10:04.6773957Z   ...
2026-10-08T23:10:04.6774407Z # Subtest: current captures are excluded but opponent-only threats are valid for v2 at <=6
2026-10-08T23:10:04.6775083Z ok 73 - current captures are excluded but opponent-only threats are valid for v2 at <=6
2026-10-08T23:10:04.6775502Z   ---
2026-10-08T23:10:04.6775693Z   duration_ms: 3.630667
2026-10-08T23:10:04.6775913Z   type: 'test'
2026-10-08T23:10:04.6776109Z   ...
2026-10-08T23:10:04.6776479Z # Subtest: malformed dictionary, permutation and checkpoint are rejected
2026-10-08T23:10:04.6777025Z ok 74 - malformed dictionary, permutation and checkpoint are rejected
2026-10-08T23:10:04.6777638Z   ---
2026-10-08T23:10:04.6777840Z   duration_ms: 0.533654
2026-10-08T23:10:04.6778238Z   type: 'test'
2026-10-08T23:10:04.6778445Z   ...
2026-10-08T23:10:04.6778891Z # Subtest: actual licensed two-piece sample agrees with exact corner and quiet-king cases
2026-10-08T23:10:04.6779568Z ok 75 - actual licensed two-piece sample agrees with exact corner and quiet-king cases
2026-10-08T23:10:04.6779986Z   ---
2026-10-08T23:10:04.6780182Z   duration_ms: 5.904735
2026-10-08T23:10:04.6780399Z   type: 'test'
2026-10-08T23:10:04.6780590Z   ...
2026-10-08T23:10:04.6781033Z # Subtest: independent oracle: American forced complete double jump excludes quiet moves
2026-10-08T23:10:04.6781706Z ok 76 - independent oracle: American forced complete double jump excludes quiet moves
2026-10-08T23:10:04.6782119Z   ---
2026-10-08T23:10:04.6782314Z   duration_ms: 0.18779
2026-10-08T23:10:04.6782532Z   type: 'test'
2026-10-08T23:10:04.6782721Z   ...
2026-10-08T23:10:04.6783205Z # Subtest: independent oracle: American crown ends capture even with backward king jump available
2026-10-08T23:10:04.6783943Z ok 77 - independent oracle: American crown ends capture even with backward king jump available
2026-10-08T23:10:04.6784383Z   ---
2026-10-08T23:10:04.6784571Z   duration_ms: 0.11237
2026-10-08T23:10:04.6784795Z   type: 'test'
2026-10-08T23:10:04.6784984Z   ...
2026-10-08T23:10:04.6785468Z # Subtest: independent oracle: International man passes crown row and remains man after continuing
2026-10-08T23:10:04.6786215Z ok 78 - independent oracle: International man passes crown row and remains man after continuing
2026-10-08T23:10:04.6786661Z   ---
2026-10-08T23:10:04.6786849Z   duration_ms: 0.083325
2026-10-08T23:10:04.6787072Z   type: 'test'
2026-10-08T23:10:04.6787527Z   ...
2026-10-08T23:10:04.6788038Z # Subtest: independent oracle: International global longest route excludes another piece short route
2026-10-08T23:10:04.6788803Z ok 79 - independent oracle: International global longest route excludes another piece short route
2026-10-08T23:10:04.6789255Z   ---
2026-10-08T23:10:04.6789450Z   duration_ms: 0.080771
2026-10-08T23:10:04.6789677Z   type: 'test'
2026-10-08T23:10:04.6789868Z   ...
2026-10-08T23:10:04.6790290Z # Subtest: independent oracle: American permits shorter route from a different piece
2026-10-08T23:10:04.6790926Z ok 80 - independent oracle: American permits shorter route from a different piece
2026-10-08T23:10:04.6791330Z   ---
2026-10-08T23:10:04.6791522Z   duration_ms: 2.815648
2026-10-08T23:10:04.6791739Z   type: 'test'
2026-10-08T23:10:04.6791934Z   ...
2026-10-08T23:10:04.6792421Z # Subtest: independent oracle: International taken pieces block reversing king between two enemies
2026-10-08T23:10:04.6793168Z ok 81 - independent oracle: International taken pieces block reversing king between two enemies
2026-10-08T23:10:04.6793614Z   ---
2026-10-08T23:10:04.6793805Z   duration_ms: 0.235529
2026-10-08T23:10:04.6794023Z   type: 'test'
2026-10-08T23:10:04.6794350Z   ...
2026-10-08T23:10:04.6794754Z # Subtest: independent oracle: International uncrowned man captures backwards
2026-10-08T23:10:04.6795347Z ok 82 - independent oracle: International uncrowned man captures backwards
2026-10-08T23:10:04.6795722Z   ---
2026-10-08T23:10:04.6795918Z   duration_ms: 0.092933
2026-10-08T23:10:04.6796134Z   type: 'test'
2026-10-08T23:10:04.6796328Z   ...
2026-10-08T23:10:04.6796730Z # Subtest: independent oracle: American uncrowned man cannot capture backwards
2026-10-08T23:10:04.6797601Z ok 83 - independent oracle: American uncrowned man cannot capture backwards
2026-10-08T23:10:04.6797995Z   ---
2026-10-08T23:10:04.6798196Z   duration_ms: 0.081592
2026-10-08T23:10:04.6798418Z   type: 'test'
2026-10-08T23:10:04.6798611Z   ...
2026-10-08T23:10:04.6799051Z # Subtest: independent oracle: American king may return to origin in a four-enemy capture
2026-10-08T23:10:04.6799724Z ok 84 - independent oracle: American king may return to origin in a four-enemy capture
2026-10-08T23:10:04.6800141Z   ---
2026-10-08T23:10:04.6800330Z   duration_ms: 0.081903
2026-10-08T23:10:04.6800552Z   type: 'test'
2026-10-08T23:10:04.6800744Z   ...
2026-10-08T23:10:04.6801305Z # Subtest: independent oracle: American short king has only adjacent quiet destinations
2026-10-08T23:10:04.6801964Z ok 85 - independent oracle: American short king has only adjacent quiet destinations
2026-10-08T23:10:04.6802367Z   ---
2026-10-08T23:10:04.6802559Z   duration_ms: 0.083295
2026-10-08T23:10:04.6802781Z   type: 'test'
2026-10-08T23:10:04.6802972Z   ...
2026-10-08T23:10:04.6803387Z # Subtest: independent oracle: flying king has all seventeen quiet ray destinations
2026-10-08T23:10:04.6804014Z ok 86 - independent oracle: flying king has all seventeen quiet ray destinations
2026-10-08T23:10:04.6804403Z   ---
2026-10-08T23:10:04.6804594Z   duration_ms: 0.173293
2026-10-08T23:10:04.6804811Z   type: 'test'
2026-10-08T23:10:04.6805009Z   ...
2026-10-08T23:10:04.6805433Z # Subtest: independent oracle: International complete capture can return to its origin
2026-10-08T23:10:04.6806081Z ok 87 - independent oracle: International complete capture can return to its origin
2026-10-08T23:10:04.6806485Z   ---
2026-10-08T23:10:04.6806676Z   duration_ms: 0.175828
2026-10-08T23:10:04.6806896Z   type: 'test'
2026-10-08T23:10:04.6807094Z   ...
2026-10-08T23:10:04.6807785Z # Subtest: independent oracle: full published 16-each draw regression consists of legal turns
2026-10-08T23:10:04.6808503Z ok 88 - independent oracle: full published 16-each draw regression consists of legal turns
2026-10-08T23:10:04.6808940Z   ---
2026-10-08T23:10:04.6809133Z   duration_ms: 1.044647
2026-10-08T23:10:04.6809358Z   type: 'test'
2026-10-08T23:10:04.6809552Z   ...
2026-10-08T23:10:18.0500905Z # Subtest: variant bundles preserve exact choices, reports, cursors and complete game transcripts
2026-10-08T23:10:18.0502372Z ok 89 - variant bundles preserve exact choices, reports, cursors and complete game transcripts
2026-10-08T23:10:18.0503139Z   ---
2026-10-08T23:10:18.0503536Z   duration_ms: 12244.086407
2026-10-08T23:10:18.0503946Z   type: 'test'
2026-10-08T23:10:18.0504286Z   ...
2026-10-08T23:10:23.5319219Z # Subtest: native decompression reproduces exact installed corpora and preserves queued first requests
2026-10-08T23:10:23.5320826Z ok 90 - native decompression reproduces exact installed corpora and preserves queued first requests
2026-10-08T23:10:23.5328454Z   ---
2026-10-08T23:10:23.5328869Z   duration_ms: 6625.772525
2026-10-08T23:10:23.5329293Z   type: 'test'
2026-10-08T23:10:23.5329629Z   ...
2026-10-08T23:10:23.5330322Z # Subtest: bootstrap reports unsupported native decompression without losing a pending caller silently
2026-10-08T23:10:23.5332038Z ok 91 - bootstrap reports unsupported native decompression without losing a pending caller silently
2026-10-08T23:10:23.5332993Z   ---
2026-10-08T23:10:23.5333385Z   duration_ms: 2.203076
2026-10-08T23:10:23.5333847Z   type: 'test'
2026-10-08T23:10:23.5334230Z   ...
2026-10-08T23:10:23.6731117Z 1..91
2026-10-08T23:10:23.6731725Z # tests 91
2026-10-08T23:10:23.6731989Z # suites 0
2026-10-08T23:10:23.6732518Z # pass 91
2026-10-08T23:10:23.6733005Z # fail 0
2026-10-08T23:10:23.6733493Z # cancelled 0
2026-10-08T23:10:23.6734076Z # skipped 0
2026-10-08T23:10:23.6734535Z # todo 0
2026-10-08T23:10:23.6735063Z # duration_ms 103882.701505
2026-10-08T23:10:33.3808776Z {"baseline":"PASS","cases":9}
2026-10-08T23:10:33.7066767Z {"id":1,"name":"input admits extra fields","before":").max(21)}).strict(),","after":").max(21)}),","caseCount":9,"failedCases":["contract total immutable reducer ignores malformed/unknown events in both phases"],"assertionKilled":true}
2026-10-08T23:10:34.0250604Z {"id":2,"name":"International input truncated to32 squares","before":".int().min(0).max(49)","after":".int().min(0).max(31)","caseCount":9,"failedCases":["all three bot levels are schema-valid deterministic pure choices in every phase/role"],"assertionKilled":true}
2026-10-08T23:10:34.2040316Z {"id":3,"name":"International variant ignored","before":"values.variant==='international'","after":"false","caseCount":9,"failedCases":["contract manifest/counts/settings and deterministic initial boards","complete legal inputs and terminal scores preserve every original seat","all three bot levels are schema-valid deterministic pure choices in every phase/role"],"assertionKilled":true}
2026-10-08T23:10:34.5148437Z {"id":4,"name":"forty-move house setting ignored","before":"values.drawPolicy==='fortyMove'","after":"false","caseCount":9,"failedCases":["contract manifest/counts/settings and deterministic initial boards"],"assertionKilled":true}
2026-10-08T23:10:34.8218994Z {"id":5,"name":"repetition setting inverted","before":"typeof values.repetition==='boolean'?values.repetition:true","after":"typeof values.repetition==='boolean'?!values.repetition:true","caseCount":9,"failedCases":["contract manifest/counts/settings and deterministic initial boards"],"assertionKilled":true}
2026-10-08T23:10:35.1384126Z {"id":6,"name":"turn clock cap becomes30","before":"Math.min(300,Math.round(seconds))","after":"Math.min(30,Math.round(seconds))","caseCount":9,"failedCases":["contract manifest/counts/settings and deterministic initial boards"],"assertionKilled":true}
2026-10-08T23:10:35.4622136Z {"id":7,"name":"zero host time rejected","before":"now>=0","after":"now>0","caseCount":9,"failedCases":["contract manifest/counts/settings and deterministic initial boards"],"assertionKilled":true}
2026-10-08T23:10:35.7837709Z {"id":8,"name":"duplicate seats accepted","before":"new Set(ctx.players.map(player=>player.id)).size!==2","after":"false","caseCount":9,"failedCases":["contract manifest/counts/settings and deterministic initial boards"],"assertionKilled":true}
2026-10-08T23:10:35.8776802Z {"id":9,"name":"wrong player count accepted","before":"ctx.players.length!==2","after":"ctx.players.length===2","caseCount":9,"failedCases":["contract manifest/counts/settings and deterministic initial boards","contract total immutable reducer ignores malformed/unknown events in both phases","contract live timer requires exact phase instance and elapsed deadline","VIP pause/resume shifts only the deadline; skip/end remain available","presence auto-holds empty rooms, resumes clocks and permanently preserves leavers","hostile seat IDs, public view equality, spectator safety and cloned projections","complete legal inputs and terminal scores preserve every original seat","all three bot levels are schema-valid deterministic pure choices in every phase/role"],"assertionKilled":true}
2026-10-08T23:10:36.1890372Z {"id":10,"name":"disconnected seats always present","before":"s.players[id].connected&&!s.left.includes(id)","after":"true&&!s.left.includes(id)","caseCount":9,"failedCases":["presence auto-holds empty rooms, resumes clocks and permanently preserves leavers"],"assertionKilled":true}
2026-10-08T23:10:36.2978225Z {"id":11,"name":"light side assigned wrong turn","before":"s.side===1?0:1","after":"s.side===1?1:0","caseCount":9,"failedCases":["contract total immutable reducer ignores malformed/unknown events in both phases","contract live timer requires exact phase instance and elapsed deadline","presence auto-holds empty rooms, resumes clocks and permanently preserves leavers","hostile seat IDs, public view equality, spectator safety and cloned projections","complete legal inputs and terminal scores preserve every original seat","all three bot levels are schema-valid deterministic pure choices in every phase/role","manifest and every generated phase fixture replay without throwing"],"assertionKilled":true}
2026-10-08T23:10:36.6384959Z {"id":12,"name":"same-tick phase uniqueness removed","before":"Math.max(now,s.phaseClock+1)","after":"now","caseCount":9,"failedCases":["contract live timer requires exact phase instance and elapsed deadline"],"assertionKilled":true}
2026-10-08T23:10:36.9503095Z {"id":13,"name":"untimed game receives immediate clock","before":"s.settings.turnSeconds>0","after":"s.settings.turnSeconds>=0","caseCount":9,"failedCases":["contract manifest/counts/settings and deterministic initial boards","contract live timer requires exact phase instance and elapsed deadline"],"assertionKilled":true}
2026-10-08T23:10:37.2680487Z {"id":14,"name":"seed discarded","before":"rng:seedRng(ctx.seed)","after":"rng:seedRng(0)","caseCount":9,"failedCases":["contract manifest/counts/settings and deterministic initial boards"],"assertionKilled":true}
2026-10-08T23:10:37.5764752Z {"id":15,"name":"empty initialization misses automatic hold","before":"state={...state,autoPaused:true","after":"state={...state,autoPaused:false","caseCount":9,"failedCases":["presence auto-holds empty rooms, resumes clocks and permanently preserves leavers"],"assertionKilled":true}
2026-10-08T23:10:37.9012075Z {"id":16,"name":"winner assigned to losing side","before":"s.order[winner===1?0:1]","after":"s.order[winner===1?1:0]","caseCount":9,"failedCases":["contract live timer requires exact phase instance and elapsed deadline","complete legal inputs and terminal scores preserve every original seat","manifest and every generated phase fixture replay without throwing"],"assertionKilled":true}
2026-10-08T23:10:38.0030131Z {"id":17,"name":"finish reenters move phase","before":"endReason:reason},'done',now)","after":"endReason:reason},'move',now)","caseCount":9,"failedCases":["contract live timer requires exact phase instance and elapsed deadline","VIP pause/resume shifts only the deadline; skip/end remain available","hostile seat IDs, public view equality, spectator safety and cloned projections","complete legal inputs and terminal scores preserve every original seat","all three bot levels are schema-valid deterministic pure choices in every phase/role","manifest and every generated phase fixture replay without throwing"],"assertionKilled":true}
2026-10-08T23:10:38.3082114Z {"id":18,"name":"opponent legal moves cause incorrect win","before":"if(!legalMoves(next.board,next.variant,next.side).length)","after":"if(legalMoves(next.board,next.variant,next.side).length)","caseCount":9,"failedCases":["VIP pause/resume shifts only the deadline; skip/end remain available","hostile seat IDs, public view equality, spectator safety and cloned projections","complete legal inputs and terminal scores preserve every original seat"],"assertionKilled":true}
2026-10-08T23:10:38.6149271Z {"id":19,"name":"left seat reconnects","before":"connected=!wasLeft&&!gone&&e.connected","after":"connected=e.connected","caseCount":9,"failedCases":["presence auto-holds empty rooms, resumes clocks and permanently preserves leavers"],"assertionKilled":true}
2026-10-08T23:10:38.9157876Z {"id":20,"name":"resume subtracts held time","before":"next.phase.deadline+delta","after":"next.phase.deadline-delta","caseCount":9,"failedCases":["presence auto-holds empty rooms, resumes clocks and permanently preserves leavers"],"assertionKilled":true}
2026-10-08T23:10:39.2234900Z {"id":21,"name":"paused VIP skip forgets to hold next turn","before":"s.phase.paused&&next.phase.id!=='done'","after":"false&&next.phase.id!=='done'","caseCount":9,"failedCases":["VIP pause/resume shifts only the deadline; skip/end remain available"],"assertionKilled":true}
2026-10-08T23:10:39.5360107Z {"id":22,"name":"timer ignores instance identity","before":"e.startedAt===s.phase.startedAt&&","after":"","caseCount":9,"failedCases":["contract total immutable reducer ignores malformed/unknown events in both phases","contract live timer requires exact phase instance and elapsed deadline"],"assertionKilled":true}
2026-10-08T23:10:39.8555437Z {"id":23,"name":"exact deadline does not fire","before":"e.now>=s.phase.deadline","after":"e.now>s.phase.deadline","caseCount":9,"failedCases":["contract live timer requires exact phase instance and elapsed deadline"],"assertionKilled":true}
2026-10-08T23:10:40.1652975Z {"id":24,"name":"inactive seat can resign","before":"e.playerId!==turnId(s)||","after":"","caseCount":9,"failedCases":["contract total immutable reducer ignores malformed/unknown events in both phases"],"assertionKilled":true}
2026-10-08T23:10:40.4875364Z {"id":25,"name":"paused game accepts inputs/timers","before":"if(s.phase.paused||s.phase.id==='done')","after":"if(s.phase.id==='done')","caseCount":9,"failedCases":["VIP pause/resume shifts only the deadline; skip/end remain available"],"assertionKilled":true}
2026-10-08T23:10:56.9585813Z {"settings":{"variant":"american"},"playerCount":2,"games":1000,"wins":954,"draws":46,"moves":70215,"maximumPlies":219}
2026-10-08T23:11:02.7295216Z {"settings":{"variant":"american","drawPolicy":"fortyMove"},"playerCount":2,"games":1000,"wins":964,"draws":36,"moves":69087,"maximumPlies":221}
2026-10-08T23:11:08.9857013Z {"settings":{"variant":"american","repetition":false},"playerCount":2,"games":1000,"wins":993,"draws":7,"moves":72973,"maximumPlies":230}
2026-10-08T23:11:15.0313600Z {"settings":{"variant":"american","turnSeconds":20},"playerCount":2,"games":1000,"wins":964,"draws":36,"moves":69907,"maximumPlies":205}
2026-10-08T23:11:24.1821011Z {"settings":{"variant":"international"},"playerCount":2,"games":1000,"wins":972,"draws":28,"moves":92727,"maximumPlies":152}
2026-10-08T23:11:33.1182702Z {"settings":{"variant":"international","drawPolicy":"fortyMove"},"playerCount":2,"games":1000,"wins":1000,"draws":0,"moves":91599,"maximumPlies":166}
2026-10-08T23:11:42.2640143Z {"settings":{"variant":"international","repetition":false},"playerCount":2,"games":1000,"wins":973,"draws":27,"moves":91917,"maximumPlies":165}
2026-10-08T23:11:46.0325105Z {"status":"PASS","stage":"node","sourceCommit":"21770325250068d5a2fb05a8c31209894ca806d2","elapsedSeconds":295.03525902900003}
2026-10-08T23:11:46.0464269Z ##[group]Run actions/upload-artifact@v4
2026-10-08T23:11:46.0464579Z with:
2026-10-08T23:11:46.0464862Z   name: G10-stage-node-21770325250068d5a2fb05a8c31209894ca806d2
2026-10-08T23:11:46.0465567Z   path: jobs/G10-checkers/.work-stage-node.stdout
jobs/G10-checkers/.work/checks
jobs/G10-checkers/.work/browser
jobs/G10-checkers/.work/media

2026-10-08T23:11:46.0466205Z   if-no-files-found: error
2026-10-08T23:11:46.0466458Z   include-hidden-files: true
2026-10-08T23:11:46.0466708Z   retention-days: 7
2026-10-08T23:11:46.0466948Z   compression-level: 6
2026-10-08T23:11:46.0467167Z   overwrite: false
2026-10-08T23:11:46.0467753Z env:
2026-10-08T23:11:46.0468160Z   G10_SOURCE_COMMIT: 21770325250068d5a2fb05a8c31209894ca806d2
2026-10-08T23:11:46.0468576Z ##[endgroup]
2026-10-08T23:11:46.2162826Z (node:4198) [DEP0040] DeprecationWarning: The `punycode` module is deprecated. Please use a userland alternative instead.
2026-10-08T23:11:46.2165004Z (Use `node --trace-deprecation ...` to show where the warning was created)
2026-10-08T23:11:46.2422408Z Multiple search paths detected. Calculating the least common ancestor of all paths
2026-10-08T23:11:46.2426118Z The least common ancestor is /home/runner/work/partybox-game-cores/partybox-game-cores/jobs/G10-checkers. This will be the root directory of the artifact
2026-10-08T23:11:46.2427894Z With the provided path, there will be 51 files uploaded
2026-10-08T23:11:46.2438861Z Artifact name is valid!
2026-10-08T23:11:46.2439635Z Root directory input is valid!
2026-10-08T23:11:46.4415186Z Beginning upload of artifact content to blob storage
2026-10-08T23:11:46.5407163Z (node:4198) [DEP0169] DeprecationWarning: `url.parse()` behavior is not standardized and prone to errors that have security implications. Use the WHATWG URL API instead. CVEs are not issued for `url.parse()` vulnerabilities.
2026-10-08T23:11:46.5753595Z Uploaded bytes 136602
2026-10-08T23:11:46.5938978Z Finished uploading artifact content to blob storage!
2026-10-08T23:11:46.5940418Z SHA256 digest of uploaded artifact zip is 7dd127a7e38b9490575076e7e036e21fa4234041fd004b8e24d620afe97a752d
2026-10-08T23:11:46.5942422Z Finalizing artifact upload
2026-10-08T23:11:46.7879749Z Artifact G10-stage-node-21770325250068d5a2fb05a8c31209894ca806d2.zip successfully finalized. Artifact ID 11584208921
2026-10-08T23:11:46.7882140Z Artifact G10-stage-node-21770325250068d5a2fb05a8c31209894ca806d2 has been successfully uploaded! Final size is 136602 bytes. Artifact ID is 11584208921
2026-10-08T23:11:46.7888407Z Artifact download URL: https://github.com/luisitin/partybox-game-cores/actions/runs/37857480233/artifacts/11584208921
2026-10-08T23:11:46.8086396Z Post job cleanup.
2026-10-08T23:11:46.9365435Z (node:4213) [DEP0040] DeprecationWarning: The `punycode` module is deprecated. Please use a userland alternative instead.
2026-10-08T23:11:46.9367112Z (Use `node --trace-deprecation ...` to show where the warning was created)
2026-10-08T23:11:46.9369413Z Cache hit occurred on the primary key node-cache-Linux-x64-npm-b79e3f2344d4218dbbb2f93f566da8e1ac49738aa1184813b150890d461d0c8a, not saving cache.
2026-10-08T23:11:46.9501779Z Post job cleanup.
2026-10-08T23:11:47.0509128Z [command]/usr/bin/git version
2026-10-08T23:11:47.0559870Z git version 2.55.0
2026-10-08T23:11:47.0606025Z Temporarily overriding HOME='/home/runner/work/_temp/47411d1c-2c93-4156-a922-ba5bb20e8716' before making global git config changes
2026-10-08T23:11:47.0610005Z Adding repository directory to the temporary git global config as a safe directory
2026-10-08T23:11:47.0613131Z [command]/usr/bin/git config --global --add safe.directory /home/runner/work/partybox-game-cores/partybox-game-cores
2026-10-08T23:11:47.0666887Z [command]/usr/bin/git config --local --name-only --get-regexp core\.sshCommand
2026-10-08T23:11:47.0729311Z [command]/usr/bin/git submodule foreach --recursive sh -c "git config --local --name-only --get-regexp 'core\.sshCommand' && git config --local --unset-all 'core.sshCommand' || :"
2026-10-08T23:11:47.0991839Z [command]/usr/bin/git config --local --name-only --get-regexp http\.https\:\/\/github\.com\/\.extraheader
2026-10-08T23:11:47.1026958Z http.https://github.com/.extraheader
2026-10-08T23:11:47.1044031Z [command]/usr/bin/git config --local --unset-all http.https://github.com/.extraheader
2026-10-08T23:11:47.1107662Z [command]/usr/bin/git submodule foreach --recursive sh -c "git config --local --name-only --get-regexp 'http\.https\:\/\/github\.com\/\.extraheader' && git config --local --unset-all 'http.https://github.com/.extraheader' || :"
2026-10-08T23:11:47.1446441Z [command]/usr/bin/git config --local --name-only --get-regexp ^includeIf\.gitdir:
2026-10-08T23:11:47.1488197Z [command]/usr/bin/git submodule foreach --recursive git config --local --show-origin --name-only --get-regexp remote.origin.url
2026-10-08T23:11:47.1905008Z Cleaning up orphan processes
2026-10-08T23:11:47.2269078Z ##[warning]Node.js 20 is deprecated. The following actions target Node.js 20 but are being forced to run on Node.js 24: actions/checkout@v4, actions/setup-node@v4, actions/upload-artifact@v4. For more information see: https://github.blog/changelog/2025-09-19-deprecation-of-node-20-on-github-actions-runners/

