2026-10-08T23:25:21.0847002Z Current runner version: '2.337.0'
2026-10-08T23:25:21.0864123Z ##[group]Runner Image Provisioner
2026-10-08T23:25:21.0864664Z Hosted Compute Agent
2026-10-08T23:25:21.0865087Z Version: 20261002.596
2026-10-08T23:25:21.0865710Z Commit: c3d12f3313a95f25162a1503be624f3b0617f8c0
2026-10-08T23:25:21.0866195Z Build Date: 2026-10-02T22:28:27Z
2026-10-08T23:25:21.0866656Z Worker ID: {b69ec9cf-e5ce-4513-bef8-083815785216}
2026-10-08T23:25:21.0867082Z Region: centralus
2026-10-08T23:25:21.0867413Z Cloud: Azure
2026-10-08T23:25:21.0867822Z ##[endgroup]
2026-10-08T23:25:21.0868638Z ##[group]Operating System
2026-10-08T23:25:21.0869053Z Ubuntu
2026-10-08T23:25:21.0869374Z 24.04.5
2026-10-08T23:25:21.0869680Z LTS
2026-10-08T23:25:21.0870038Z ##[endgroup]
2026-10-08T23:25:21.0870401Z ##[group]Runner Image
2026-10-08T23:25:21.0870794Z Image: ubuntu-24.04
2026-10-08T23:25:21.0871155Z Version: 20261004.327.1
2026-10-08T23:25:21.0871957Z Included Software: https://github.com/actions/runner-images/blob/ubuntu24/20261004.327/images/ubuntu/Ubuntu2404-Readme.md
2026-10-08T23:25:21.0872917Z Image Release: https://github.com/actions/runner-images/releases/tag/ubuntu24%2F20261004.327
2026-10-08T23:25:21.0873511Z ##[endgroup]
2026-10-08T23:25:21.0874201Z ##[group]GITHUB_TOKEN Permissions
2026-10-08T23:25:21.0875601Z Contents: read
2026-10-08T23:25:21.0876038Z Metadata: read
2026-10-08T23:25:21.0876368Z ##[endgroup]
2026-10-08T23:25:21.0877730Z Secret source: Actions
2026-10-08T23:25:21.0878260Z Cache mode: write
2026-10-08T23:25:21.0878735Z Prepare workflow directory
2026-10-08T23:25:21.1375700Z Prepare all required actions
2026-10-08T23:25:21.1408322Z Getting action download info
2026-10-08T23:25:21.3689948Z Download action repository 'actions/checkout@v4' (SHA:11d5960a326750d5838078e36cf38b85af677262)
2026-10-08T23:25:21.5673283Z Download action repository 'actions/setup-node@v4' (SHA:49933ea5288caeca8642d1e84afbd3f7d6820020)
2026-10-08T23:25:22.0052227Z Download action repository 'actions/download-artifact@v4' (SHA:d3f86a106a0bac45b974a628896c90dbdf5c8093)
2026-10-08T23:25:22.6328489Z Download action repository 'actions/upload-artifact@v4' (SHA:ea165f8d65b6e75b540449e92b4886f43607fa02)
2026-10-08T23:25:23.0802339Z Complete job name: delivery
2026-10-08T23:25:23.1654358Z ##[group]Run actions/checkout@v4
2026-10-08T23:25:23.1654672Z with:
2026-10-08T23:25:23.1654842Z   ref: 21770325250068d5a2fb05a8c31209894ca806d2
2026-10-08T23:25:23.1655073Z   repository: luisitin/partybox-game-cores
2026-10-08T23:25:23.1656929Z   token: ***
2026-10-08T23:25:23.1657076Z   ssh-strict: true
2026-10-08T23:25:23.1657225Z   ssh-user: git
2026-10-08T23:25:23.1657385Z   persist-credentials: true
2026-10-08T23:25:23.1657556Z   clean: true
2026-10-08T23:25:23.1657717Z   sparse-checkout-cone-mode: true
2026-10-08T23:25:23.1657898Z   fetch-depth: 1
2026-10-08T23:25:23.1658049Z   fetch-tags: false
2026-10-08T23:25:23.1658197Z   show-progress: true
2026-10-08T23:25:23.1658348Z   lfs: false
2026-10-08T23:25:23.1658488Z   submodules: false
2026-10-08T23:25:23.1658641Z   set-safe-directory: true
2026-10-08T23:25:23.1658823Z   allow-unsafe-pr-checkout: false
2026-10-08T23:25:23.1659076Z env:
2026-10-08T23:25:23.1659277Z   G10_SOURCE_COMMIT: 21770325250068d5a2fb05a8c31209894ca806d2
2026-10-08T23:25:23.1659492Z ##[endgroup]
2026-10-08T23:25:23.2313609Z Syncing repository: luisitin/partybox-game-cores
2026-10-08T23:25:23.2315012Z ##[group]Getting Git version info
2026-10-08T23:25:23.2315629Z Working directory is '/home/runner/work/partybox-game-cores/partybox-game-cores'
2026-10-08T23:25:23.2316100Z [command]/usr/bin/git version
2026-10-08T23:25:23.2367083Z git version 2.55.0
2026-10-08T23:25:23.2380718Z ##[endgroup]
2026-10-08T23:25:23.2391061Z Temporarily overriding HOME='/home/runner/work/_temp/80d7f01c-6605-473e-92e4-18dde08c1214' before making global git config changes
2026-10-08T23:25:23.2391870Z Adding repository directory to the temporary git global config as a safe directory
2026-10-08T23:25:23.2394960Z [command]/usr/bin/git config --global --add safe.directory /home/runner/work/partybox-game-cores/partybox-game-cores
2026-10-08T23:25:23.2513730Z Deleting the contents of '/home/runner/work/partybox-game-cores/partybox-game-cores'
2026-10-08T23:25:23.2514539Z ##[group]Initializing the repository
2026-10-08T23:25:23.2536675Z [command]/usr/bin/git init /home/runner/work/partybox-game-cores/partybox-game-cores
2026-10-08T23:25:23.2807922Z hint: Using 'master' as the name for the initial branch. This default branch name
2026-10-08T23:25:23.2808579Z hint: will change to "main" in Git 3.0. To configure the initial branch name
2026-10-08T23:25:23.2809076Z hint: to use in all of your new repositories, which will suppress this warning,
2026-10-08T23:25:23.2809478Z hint: call:
2026-10-08T23:25:23.2809681Z hint:
2026-10-08T23:25:23.2809933Z hint: 	git config --global init.defaultBranch <name>
2026-10-08T23:25:23.2810144Z hint:
2026-10-08T23:25:23.2810345Z hint: Names commonly chosen instead of 'master' are 'main', 'trunk' and
2026-10-08T23:25:23.2810653Z hint: 'development'. The just-created branch can be renamed via this command:
2026-10-08T23:25:23.2810935Z hint:
2026-10-08T23:25:23.2811080Z hint: 	git branch -m <name>
2026-10-08T23:25:23.2811239Z hint:
2026-10-08T23:25:23.2811455Z hint: Disable this message with "git config set advice.defaultBranchName false"
2026-10-08T23:25:23.2820923Z Initialized empty Git repository in /home/runner/work/partybox-game-cores/partybox-game-cores/.git/
2026-10-08T23:25:23.2830698Z [command]/usr/bin/git remote add origin https://github.com/luisitin/partybox-game-cores
2026-10-08T23:25:23.3002103Z ##[endgroup]
2026-10-08T23:25:23.3004035Z ##[group]Disabling automatic garbage collection
2026-10-08T23:25:23.3005305Z [command]/usr/bin/git config --local gc.auto 0
2026-10-08T23:25:23.3098216Z ##[endgroup]
2026-10-08T23:25:23.3098625Z ##[group]Setting up auth
2026-10-08T23:25:23.3104850Z [command]/usr/bin/git config --local --name-only --get-regexp core\.sshCommand
2026-10-08T23:25:23.3134215Z [command]/usr/bin/git submodule foreach --recursive sh -c "git config --local --name-only --get-regexp 'core\.sshCommand' && git config --local --unset-all 'core.sshCommand' || :"
2026-10-08T23:25:23.3443467Z [command]/usr/bin/git config --local --name-only --get-regexp http\.https\:\/\/github\.com\/\.extraheader
2026-10-08T23:25:23.3471354Z [command]/usr/bin/git submodule foreach --recursive sh -c "git config --local --name-only --get-regexp 'http\.https\:\/\/github\.com\/\.extraheader' && git config --local --unset-all 'http.https://github.com/.extraheader' || :"
2026-10-08T23:25:23.3646146Z [command]/usr/bin/git config --local --name-only --get-regexp ^includeIf\.gitdir:
2026-10-08T23:25:23.3673343Z [command]/usr/bin/git submodule foreach --recursive git config --local --show-origin --name-only --get-regexp remote.origin.url
2026-10-08T23:25:23.3843722Z [command]/usr/bin/git config --local http.https://github.com/.extraheader AUTHORIZATION: basic ***
2026-10-08T23:25:23.4204112Z ##[endgroup]
2026-10-08T23:25:23.4204598Z ##[group]Fetching the repository
2026-10-08T23:25:23.4210737Z [command]/usr/bin/git -c protocol.version=2 fetch --no-tags --prune --no-recurse-submodules --depth=1 origin 21770325250068d5a2fb05a8c31209894ca806d2
2026-10-08T23:25:41.0011566Z From https://github.com/luisitin/partybox-game-cores
2026-10-08T23:25:41.0012408Z  * branch            21770325250068d5a2fb05a8c31209894ca806d2 -> FETCH_HEAD
2026-10-08T23:25:41.0022394Z ##[endgroup]
2026-10-08T23:25:41.0023195Z ##[group]Determining the checkout info
2026-10-08T23:25:41.0023879Z ##[endgroup]
2026-10-08T23:25:41.0030414Z [command]/usr/bin/git sparse-checkout disable
2026-10-08T23:25:41.0073578Z [command]/usr/bin/git config --local --unset-all extensions.worktreeConfig
2026-10-08T23:25:41.0103750Z ##[group]Checking out the ref
2026-10-08T23:25:41.0104101Z [command]/usr/bin/git checkout --progress --force 21770325250068d5a2fb05a8c31209894ca806d2
2026-10-08T23:25:42.5510579Z Updating files:  11% (191/1649)
2026-10-08T23:25:43.0531697Z Updating files:  12% (198/1649)
2026-10-08T23:25:43.3671720Z Updating files:  12% (204/1649)
2026-10-08T23:25:44.1064235Z Updating files:  13% (215/1649)
2026-10-08T23:25:44.4834388Z Updating files:  13% (225/1649)
2026-10-08T23:25:45.1140913Z Updating files:  14% (231/1649)
2026-10-08T23:25:45.2287896Z Updating files:  14% (244/1649)
2026-10-08T23:25:45.4672773Z Updating files:  15% (248/1649)
2026-10-08T23:25:45.4690769Z Updating files:  16% (264/1649)
2026-10-08T23:25:45.4696105Z Updating files:  17% (281/1649)
2026-10-08T23:25:45.4704392Z Updating files:  18% (297/1649)
2026-10-08T23:25:45.4849994Z Updating files:  19% (314/1649)
2026-10-08T23:25:45.4855779Z Updating files:  20% (330/1649)
2026-10-08T23:25:45.4861141Z Updating files:  21% (347/1649)
2026-10-08T23:25:45.4982458Z Updating files:  22% (363/1649)
2026-10-08T23:25:45.4990887Z Updating files:  23% (380/1649)
2026-10-08T23:25:45.4998438Z Updating files:  24% (396/1649)
2026-10-08T23:25:45.5003309Z Updating files:  25% (413/1649)
2026-10-08T23:25:45.5018912Z Updating files:  26% (429/1649)
2026-10-08T23:25:45.5027660Z Updating files:  27% (446/1649)
2026-10-08T23:25:45.5037265Z Updating files:  28% (462/1649)
2026-10-08T23:25:45.5045473Z Updating files:  29% (479/1649)
2026-10-08T23:25:45.5055327Z Updating files:  30% (495/1649)
2026-10-08T23:25:45.5062004Z Updating files:  31% (512/1649)
2026-10-08T23:25:45.5068561Z Updating files:  32% (528/1649)
2026-10-08T23:25:45.5123440Z Updating files:  33% (545/1649)
2026-10-08T23:25:45.5133980Z Updating files:  34% (561/1649)
2026-10-08T23:25:45.5259521Z Updating files:  35% (578/1649)
2026-10-08T23:25:45.5382162Z Updating files:  36% (594/1649)
2026-10-08T23:25:45.5444605Z Updating files:  37% (611/1649)
2026-10-08T23:25:45.5462738Z Updating files:  38% (627/1649)
2026-10-08T23:25:45.5585360Z Updating files:  39% (644/1649)
2026-10-08T23:25:45.5710791Z Updating files:  40% (660/1649)
2026-10-08T23:25:45.5723141Z Updating files:  41% (677/1649)
2026-10-08T23:25:45.5729679Z Updating files:  42% (693/1649)
2026-10-08T23:25:45.5756239Z Updating files:  43% (710/1649)
2026-10-08T23:25:45.5776480Z Updating files:  44% (726/1649)
2026-10-08T23:25:45.5782276Z Updating files:  45% (743/1649)
2026-10-08T23:25:45.5788519Z Updating files:  46% (759/1649)
2026-10-08T23:25:45.5806720Z Updating files:  47% (776/1649)
2026-10-08T23:25:45.5911187Z Updating files:  48% (792/1649)
2026-10-08T23:25:45.6045876Z Updating files:  49% (809/1649)
2026-10-08T23:25:45.6092386Z Updating files:  50% (825/1649)
2026-10-08T23:25:45.6245551Z Updating files:  51% (841/1649)
2026-10-08T23:25:45.6286710Z Updating files:  52% (858/1649)
2026-10-08T23:25:45.6300859Z Updating files:  53% (874/1649)
2026-10-08T23:25:45.6308530Z Updating files:  54% (891/1649)
2026-10-08T23:25:45.6347173Z Updating files:  55% (907/1649)
2026-10-08T23:25:45.6384735Z Updating files:  56% (924/1649)
2026-10-08T23:25:45.6392179Z Updating files:  57% (940/1649)
2026-10-08T23:25:45.6415359Z Updating files:  58% (957/1649)
2026-10-08T23:25:45.6444146Z Updating files:  59% (973/1649)
2026-10-08T23:25:45.6473657Z Updating files:  60% (990/1649)
2026-10-08T23:25:45.6500172Z Updating files:  61% (1006/1649)
2026-10-08T23:25:45.6534387Z Updating files:  62% (1023/1649)
2026-10-08T23:25:45.6547585Z Updating files:  63% (1039/1649)
2026-10-08T23:25:45.6561911Z Updating files:  64% (1056/1649)
2026-10-08T23:25:45.6580656Z Updating files:  65% (1072/1649)
2026-10-08T23:25:45.6602928Z Updating files:  66% (1089/1649)
2026-10-08T23:25:45.6626808Z Updating files:  67% (1105/1649)
2026-10-08T23:25:45.6656449Z Updating files:  68% (1122/1649)
2026-10-08T23:25:45.6674198Z Updating files:  69% (1138/1649)
2026-10-08T23:25:45.6690992Z Updating files:  70% (1155/1649)
2026-10-08T23:25:45.6712812Z Updating files:  71% (1171/1649)
2026-10-08T23:25:45.6736092Z Updating files:  72% (1188/1649)
2026-10-08T23:25:45.6774120Z Updating files:  73% (1204/1649)
2026-10-08T23:25:45.6794041Z Updating files:  74% (1221/1649)
2026-10-08T23:25:45.6801435Z Updating files:  75% (1237/1649)
2026-10-08T23:25:45.6806222Z Updating files:  76% (1254/1649)
2026-10-08T23:25:45.6822015Z Updating files:  77% (1270/1649)
2026-10-08T23:25:45.6827628Z Updating files:  78% (1287/1649)
2026-10-08T23:25:45.6832517Z Updating files:  79% (1303/1649)
2026-10-08T23:25:45.6837423Z Updating files:  80% (1320/1649)
2026-10-08T23:25:45.6841692Z Updating files:  81% (1336/1649)
2026-10-08T23:25:45.6856688Z Updating files:  82% (1353/1649)
2026-10-08T23:25:45.6875665Z Updating files:  83% (1369/1649)
2026-10-08T23:25:45.6881110Z Updating files:  84% (1386/1649)
2026-10-08T23:25:45.6886644Z Updating files:  85% (1402/1649)
2026-10-08T23:25:45.6903375Z Updating files:  86% (1419/1649)
2026-10-08T23:25:45.6909026Z Updating files:  87% (1435/1649)
2026-10-08T23:25:45.6919157Z Updating files:  88% (1452/1649)
2026-10-08T23:25:45.6929569Z Updating files:  89% (1468/1649)
2026-10-08T23:25:45.6956141Z Updating files:  90% (1485/1649)
2026-10-08T23:25:45.7035009Z Updating files:  91% (1501/1649)
2026-10-08T23:25:45.7035291Z Updating files:  92% (1518/1649)
2026-10-08T23:25:45.7035452Z Updating files:  93% (1534/1649)
2026-10-08T23:25:45.7275525Z Updating files:  94% (1551/1649)
2026-10-08T23:25:45.9553254Z Updating files:  95% (1567/1649)
2026-10-08T23:25:45.9557980Z Updating files:  96% (1584/1649)
2026-10-08T23:25:45.9564691Z Updating files:  97% (1600/1649)
2026-10-08T23:25:45.9570649Z Updating files:  98% (1617/1649)
2026-10-08T23:25:45.9577736Z Updating files:  99% (1633/1649)
2026-10-08T23:25:45.9578023Z Updating files: 100% (1649/1649)
2026-10-08T23:25:45.9578466Z Updating files: 100% (1649/1649), done.
2026-10-08T23:25:45.9597010Z Note: switching to '21770325250068d5a2fb05a8c31209894ca806d2'.
2026-10-08T23:25:45.9597214Z 
2026-10-08T23:25:45.9597325Z You are in 'detached HEAD' state. You can look around, make experimental
2026-10-08T23:25:45.9597586Z changes and commit them, and you can discard any commits you make in this
2026-10-08T23:25:45.9597841Z state without impacting any branches by switching back to a branch.
2026-10-08T23:25:45.9598080Z 
2026-10-08T23:25:45.9598231Z If you want to create a new branch to retain commits you create, you may
2026-10-08T23:25:45.9598634Z do so (now or later) by using -c with the switch command. Example:
2026-10-08T23:25:45.9598838Z 
2026-10-08T23:25:45.9599162Z   git switch -c <new-branch-name>
2026-10-08T23:25:45.9599307Z 
2026-10-08T23:25:45.9599395Z Or undo this operation with:
2026-10-08T23:25:45.9599526Z 
2026-10-08T23:25:45.9599602Z   git switch -
2026-10-08T23:25:45.9599704Z 
2026-10-08T23:25:45.9599880Z Turn off this advice by setting config variable advice.detachedHead to false
2026-10-08T23:25:45.9600086Z 
2026-10-08T23:25:45.9600199Z HEAD is now at 2177032 G10 archive complete-source player-trial preparation
2026-10-08T23:25:45.9723892Z ##[endgroup]
2026-10-08T23:25:45.9767653Z [command]/usr/bin/git log -1 --format=%H
2026-10-08T23:25:45.9791267Z 21770325250068d5a2fb05a8c31209894ca806d2
2026-10-08T23:25:45.9979046Z ##[group]Run actions/setup-node@v4
2026-10-08T23:25:45.9979196Z with:
2026-10-08T23:25:45.9979335Z   node-version: 22.16.0
2026-10-08T23:25:45.9979461Z   cache: npm
2026-10-08T23:25:45.9979635Z   cache-dependency-path: jobs/G10-checkers/package-lock.json
2026-10-08T23:25:45.9979829Z   always-auth: false
2026-10-08T23:25:45.9979952Z   check-latest: false
2026-10-08T23:25:45.9981551Z   token: ***
2026-10-08T23:25:45.9981658Z env:
2026-10-08T23:25:45.9981800Z   G10_SOURCE_COMMIT: 21770325250068d5a2fb05a8c31209894ca806d2
2026-10-08T23:25:45.9981976Z ##[endgroup]
2026-10-08T23:25:46.0837542Z Attempting to download 22.16.0...
2026-10-08T23:25:46.0904685Z (node:2081) [DEP0040] DeprecationWarning: The `punycode` module is deprecated. Please use a userland alternative instead.
2026-10-08T23:25:46.0905439Z (Use `node --trace-deprecation ...` to show where the warning was created)
2026-10-08T23:25:46.8534798Z Acquiring 22.16.0 - x64 from https://github.com/actions/node-versions/releases/download/22.16.0-15177438473/node-22.16.0-linux-x64.tar.gz
2026-10-08T23:25:47.3869395Z Extracting ...
2026-10-08T23:25:47.3951294Z [command]/usr/bin/tar xz --strip 1 --warning=no-unknown-keyword --overwrite -C /home/runner/work/_temp/1eaf054c-eaed-4dc2-8f10-a74f25241ef9 -f /home/runner/work/_temp/309816c8-7fc2-4ae6-8626-e664a815c3ef
2026-10-08T23:25:48.2632514Z Adding to the cache ...
2026-10-08T23:25:51.7385678Z ##[group]Environment details
2026-10-08T23:25:51.8779994Z node: v22.16.0
2026-10-08T23:25:51.8780264Z npm: 10.9.2
2026-10-08T23:25:51.8780380Z yarn: 1.22.22
2026-10-08T23:25:51.8780729Z ##[endgroup]
2026-10-08T23:25:51.8793052Z [command]/opt/hostedtoolcache/node/22.16.0/x64/bin/npm config get cache
2026-10-08T23:25:51.9378397Z /home/runner/.npm
2026-10-08T23:25:52.0883318Z Cache hit for: node-cache-Linux-x64-npm-b79e3f2344d4218dbbb2f93f566da8e1ac49738aa1184813b150890d461d0c8a
2026-10-08T23:25:52.0949417Z (node:2081) [DEP0169] DeprecationWarning: `url.parse()` behavior is not standardized and prone to errors that have security implications. Use the WHATWG URL API instead. CVEs are not issued for `url.parse()` vulnerabilities.
2026-10-08T23:25:52.8406281Z Received 12676330 of 12676330 (100.0%), 20.5 MBs/sec
2026-10-08T23:25:52.8406681Z Cache Size: ~12 MB (12676330 B)
2026-10-08T23:25:52.8479702Z [command]/usr/bin/tar -xf /home/runner/work/_temp/938fce4f-20d6-4388-9d5d-95637c87cc24/cache.tzst -P -C /home/runner/work/partybox-game-cores/partybox-game-cores --use-compress-program unzstd
2026-10-08T23:25:52.8654038Z Cache restored successfully
2026-10-08T23:25:52.8662994Z Cache restored from key: node-cache-Linux-x64-npm-b79e3f2344d4218dbbb2f93f566da8e1ac49738aa1184813b150890d461d0c8a
2026-10-08T23:25:52.8822060Z ##[group]Run npm ci --ignore-scripts --no-audit --no-fund
2026-10-08T23:25:52.8822331Z [36;1mnpm ci --ignore-scripts --no-audit --no-fund[0m
2026-10-08T23:25:52.9101155Z shell: /usr/bin/bash -e {0}
2026-10-08T23:25:52.9101311Z env:
2026-10-08T23:25:52.9101464Z   G10_SOURCE_COMMIT: 21770325250068d5a2fb05a8c31209894ca806d2
2026-10-08T23:25:52.9101655Z ##[endgroup]
2026-10-08T23:25:53.4642936Z 
2026-10-08T23:25:53.4648551Z added 6 packages in 515ms
2026-10-08T23:25:53.5030185Z ##[group]Run if [ -f /etc/apt/apt-mirrors.txt ]; then
2026-10-08T23:25:53.5030447Z [36;1mif [ -f /etc/apt/apt-mirrors.txt ]; then[0m
2026-10-08T23:25:53.5030800Z [36;1m  sudo sed -i 's#http://azure.archive.ubuntu.com/ubuntu#https://archive.ubuntu.com/ubuntu#g' /etc/apt/apt-mirrors.txt[0m
2026-10-08T23:25:53.5031100Z [36;1mfi[0m
2026-10-08T23:25:53.5084629Z shell: /usr/bin/bash -e {0}
2026-10-08T23:25:53.5084775Z env:
2026-10-08T23:25:53.5084926Z   G10_SOURCE_COMMIT: 21770325250068d5a2fb05a8c31209894ca806d2
2026-10-08T23:25:53.5085113Z ##[endgroup]
2026-10-08T23:25:53.5239598Z ##[group]Run sudo apt-get update
2026-10-08T23:25:53.5239769Z [36;1msudo apt-get update[0m
2026-10-08T23:25:53.5239927Z [36;1msudo apt-get install -y ffmpeg[0m
2026-10-08T23:25:53.5240087Z [36;1mffprobe -version[0m
2026-10-08T23:25:53.5240223Z [36;1mffmpeg -version[0m
2026-10-08T23:25:53.5287122Z shell: /usr/bin/bash -e {0}
2026-10-08T23:25:53.5287264Z env:
2026-10-08T23:25:53.5287414Z   G10_SOURCE_COMMIT: 21770325250068d5a2fb05a8c31209894ca806d2
2026-10-08T23:25:53.5287612Z ##[endgroup]
2026-10-08T23:25:53.5874850Z Get:1 file:/etc/apt/apt-mirrors.txt Mirrorlist [139 B]
2026-10-08T23:25:53.6191186Z Get:6 https://packages.microsoft.com/ubuntu/24.04/prod noble InRelease [3600 B]
2026-10-08T23:25:53.6777902Z Get:7 https://packages.microsoft.com/ubuntu/24.04/prod noble/main amd64 Packages [531 kB]
2026-10-08T23:25:53.6917362Z Get:8 https://packages.microsoft.com/ubuntu/24.04/prod noble/main arm64 Packages [474 kB]
2026-10-08T23:25:53.6971601Z Get:9 https://packages.microsoft.com/ubuntu/24.04/prod noble/main all Packages [640 B]
2026-10-08T23:25:53.7005984Z Get:10 https://packages.microsoft.com/ubuntu/24.04/prod noble/main armhf Packages [12.3 kB]
2026-10-08T23:25:53.8996324Z Hit:2 https://archive.ubuntu.com/ubuntu noble InRelease
2026-10-08T23:25:53.9408770Z Get:3 https://archive.ubuntu.com/ubuntu noble-updates InRelease [126 kB]
2026-10-08T23:25:54.0796581Z Get:4 https://archive.ubuntu.com/ubuntu noble-backports InRelease [126 kB]
2026-10-08T23:25:54.1603240Z Get:5 https://archive.ubuntu.com/ubuntu noble-security InRelease [126 kB]
2026-10-08T23:25:54.3544351Z Get:11 https://archive.ubuntu.com/ubuntu noble-updates/main amd64 Packages [1375 kB]
2026-10-08T23:25:54.6548762Z Get:12 https://archive.ubuntu.com/ubuntu noble-updates/main Translation-en [306 kB]
2026-10-08T23:25:54.6948378Z Get:13 https://archive.ubuntu.com/ubuntu noble-updates/universe amd64 Packages [1702 kB]
2026-10-08T23:25:57.7233268Z Get:14 https://archive.ubuntu.com/ubuntu noble-updates/universe Translation-en [342 kB]
2026-10-08T23:25:57.7955379Z Get:15 https://archive.ubuntu.com/ubuntu noble-updates/restricted amd64 Packages [1761 kB]
2026-10-08T23:25:57.9157840Z Get:16 https://archive.ubuntu.com/ubuntu noble-updates/restricted Translation-en [401 kB]
2026-10-08T23:25:58.0262325Z Get:17 https://archive.ubuntu.com/ubuntu noble-updates/multiverse amd64 Packages [55.0 kB]
2026-10-08T23:25:58.1459075Z Get:18 https://archive.ubuntu.com/ubuntu noble-updates/multiverse Translation-en [14.3 kB]
2026-10-08T23:25:58.2557119Z Get:19 https://archive.ubuntu.com/ubuntu noble-security/main amd64 Packages [1116 kB]
2026-10-08T23:25:58.3962724Z Get:20 https://archive.ubuntu.com/ubuntu noble-security/main Translation-en [228 kB]
2026-10-08T23:25:58.5056406Z Get:21 https://archive.ubuntu.com/ubuntu noble-security/universe amd64 Packages [1220 kB]
2026-10-08T23:25:58.5966231Z Get:22 https://archive.ubuntu.com/ubuntu noble-security/universe Translation-en [245 kB]
2026-10-08T23:25:58.7161273Z Get:23 https://archive.ubuntu.com/ubuntu noble-security/restricted amd64 Packages [1632 kB]
2026-10-08T23:25:58.8167843Z Get:24 https://archive.ubuntu.com/ubuntu noble-security/restricted Translation-en [376 kB]
2026-10-08T23:25:58.9788264Z Get:25 https://archive.ubuntu.com/ubuntu noble-security/multiverse Translation-en [11.6 kB]
2026-10-08T23:26:03.4678794Z Fetched 12.2 MB in 5s (2248 kB/s)
2026-10-08T23:26:03.9600288Z Reading package lists...
2026-10-08T23:26:03.9842610Z Reading package lists...
2026-10-08T23:26:04.1189590Z Building dependency tree...
2026-10-08T23:26:04.1195440Z Reading state information...
2026-10-08T23:26:04.2259510Z The following additional packages will be installed:
2026-10-08T23:26:04.2260158Z   i965-va-driver intel-media-va-driver libaacs0 libass9 libasyncns0
2026-10-08T23:26:04.2260621Z   libavc1394-0 libavcodec60 libavdevice60 libavfilter9 libavformat60
2026-10-08T23:26:04.2261045Z   libavutil58 libbdplus0 libblas3 libbluray2 libbs2b0 libcaca0
2026-10-08T23:26:04.2262127Z   libcdio-cdda2t64 libcdio-paranoia2t64 libcdio19t64 libchromaprint1 libcjson1
2026-10-08T23:26:04.2262562Z   libcodec2-1.2 libdav1d7 libdc1394-25 libdecor-0-0 libdecor-0-plugin-1-gtk
2026-10-08T23:26:04.2262864Z   libflac12t64 libflite1 libgme0 libgsm1 libhwy1t64 libiec61883-0 libigdgmm12
2026-10-08T23:26:04.2263184Z   libjack-jackd2-0 libjxl0.7 liblapack3 liblilv-0-0 libmbedcrypto7t64
2026-10-08T23:26:04.2263456Z   libmp3lame0 libmpg123-0t64 libmysofa1 libopenal-data libopenal1
2026-10-08T23:26:04.2263729Z   libopenmpt0t64 libopus0 libplacebo338 libpocketsphinx3 libpostproc57
2026-10-08T23:26:04.2264023Z   libpulse0 librav1e0 libraw1394-11 librist4 librsvg2-2 librsvg2-common
2026-10-08T23:26:04.2266194Z   librubberband2 libsamplerate0 libsdl2-2.0-0 libserd-0-0 libshine3
2026-10-08T23:26:04.2266510Z   libsndfile1 libsndio7.0 libsord-0-0 libsoxr0 libspeex1 libsphinxbase3t64
2026-10-08T23:26:04.2266803Z   libsratom-0-0 libsrt1.5-gnutls libssh-gcrypt-4 libsvtav1enc1d1
2026-10-08T23:26:04.2267102Z   libswresample4 libswscale7 libtheora0 libtwolame0 libudfread0 libunibreak5
2026-10-08T23:26:04.2267417Z   libva-drm2 libva-x11-2 libva2 libvdpau1 libvidstab1.1 libvorbisenc2 libvpl2
2026-10-08T23:26:04.2267847Z   libvpx9 libx264-164 libx265-199 libxcb-shape0 libxv1 libxvidcore4 libzimg2
2026-10-08T23:26:04.2268175Z   libzix-0-0 libzvbi-common libzvbi0t64 mesa-va-drivers mesa-vdpau-drivers
2026-10-08T23:26:04.2268476Z   ocl-icd-libopencl1 pocketsphinx-en-us va-driver-all vdpau-driver-all
2026-10-08T23:26:04.2268856Z Suggested packages:
2026-10-08T23:26:04.2269453Z   ffmpeg-doc i965-va-driver-shaders libcuda1 libnvcuvid1 libnvidia-encode1
2026-10-08T23:26:04.2269923Z   libbluray-bdj jackd2 libportaudio2 opus-tools pulseaudio libraw1394-doc
2026-10-08T23:26:04.2270353Z   librsvg2-bin serdi sndiod sordi speex opencl-icd libvdpau-va-gl1
2026-10-08T23:26:04.2633745Z The following NEW packages will be installed:
2026-10-08T23:26:04.2634203Z   ffmpeg i965-va-driver intel-media-va-driver libaacs0 libass9 libasyncns0
2026-10-08T23:26:04.2634795Z   libavc1394-0 libavcodec60 libavdevice60 libavfilter9 libavformat60
2026-10-08T23:26:04.2635434Z   libavutil58 libbdplus0 libblas3 libbluray2 libbs2b0 libcaca0
2026-10-08T23:26:04.2635842Z   libcdio-cdda2t64 libcdio-paranoia2t64 libcdio19t64 libchromaprint1 libcjson1
2026-10-08T23:26:04.2636159Z   libcodec2-1.2 libdav1d7 libdc1394-25 libdecor-0-0 libdecor-0-plugin-1-gtk
2026-10-08T23:26:04.2636555Z   libflac12t64 libflite1 libgme0 libgsm1 libhwy1t64 libiec61883-0 libigdgmm12
2026-10-08T23:26:04.2636846Z   libjack-jackd2-0 libjxl0.7 liblapack3 liblilv-0-0 libmbedcrypto7t64
2026-10-08T23:26:04.2637223Z   libmp3lame0 libmpg123-0t64 libmysofa1 libopenal-data libopenal1
2026-10-08T23:26:04.2637501Z   libopenmpt0t64 libopus0 libplacebo338 libpocketsphinx3 libpostproc57
2026-10-08T23:26:04.2637785Z   libpulse0 librav1e0 libraw1394-11 librist4 librsvg2-2 librsvg2-common
2026-10-08T23:26:04.2638058Z   librubberband2 libsamplerate0 libsdl2-2.0-0 libserd-0-0 libshine3
2026-10-08T23:26:04.2638344Z   libsndfile1 libsndio7.0 libsord-0-0 libsoxr0 libspeex1 libsphinxbase3t64
2026-10-08T23:26:04.2638625Z   libsratom-0-0 libsrt1.5-gnutls libssh-gcrypt-4 libsvtav1enc1d1
2026-10-08T23:26:04.2638909Z   libswresample4 libswscale7 libtheora0 libtwolame0 libudfread0 libunibreak5
2026-10-08T23:26:04.2639212Z   libva-drm2 libva-x11-2 libva2 libvdpau1 libvidstab1.1 libvorbisenc2 libvpl2
2026-10-08T23:26:04.2639509Z   libvpx9 libx264-164 libx265-199 libxcb-shape0 libxv1 libxvidcore4 libzimg2
2026-10-08T23:26:04.2639809Z   libzix-0-0 libzvbi-common libzvbi0t64 mesa-va-drivers mesa-vdpau-drivers
2026-10-08T23:26:04.2640105Z   ocl-icd-libopencl1 pocketsphinx-en-us va-driver-all vdpau-driver-all
2026-10-08T23:26:04.2798977Z 0 upgraded, 99 newly installed, 0 to remove and 23 not upgraded.
2026-10-08T23:26:04.2799391Z Need to get 94.1 MB of archives.
2026-10-08T23:26:04.2799792Z After this operation, 227 MB of additional disk space will be used.
2026-10-08T23:26:04.2800229Z Get:1 file:/etc/apt/apt-mirrors.txt Mirrorlist [139 B]
2026-10-08T23:26:04.6800806Z Get:2 https://archive.ubuntu.com/ubuntu noble-updates/universe amd64 libva2 amd64 2.20.0-2ubuntu0.2 [66.4 kB]
2026-10-08T23:26:04.7787871Z Get:3 https://archive.ubuntu.com/ubuntu noble-updates/universe amd64 libva-drm2 amd64 2.20.0-2ubuntu0.2 [7124 B]
2026-10-08T23:26:04.8123343Z Get:4 https://archive.ubuntu.com/ubuntu noble-updates/universe amd64 libva-x11-2 amd64 2.20.0-2ubuntu0.2 [12.0 kB]
2026-10-08T23:26:04.8471983Z Get:5 https://archive.ubuntu.com/ubuntu noble/main amd64 libvdpau1 amd64 1.5-2build1 [27.8 kB]
2026-10-08T23:26:04.8859433Z Get:6 https://archive.ubuntu.com/ubuntu noble/universe amd64 libvpl2 amd64 2023.3.0-1build1 [99.8 kB]
2026-10-08T23:26:04.9530932Z Get:7 https://archive.ubuntu.com/ubuntu noble/universe amd64 ocl-icd-libopencl1 amd64 2.3.2-1build1 [38.5 kB]
2026-10-08T23:26:04.9896444Z Get:8 https://archive.ubuntu.com/ubuntu noble/universe amd64 libavutil58 amd64 7:6.1.1-3ubuntu5 [401 kB]
2026-10-08T23:26:05.0895583Z Get:9 https://archive.ubuntu.com/ubuntu noble/universe amd64 libcodec2-1.2 amd64 1.2.0-2build1 [8998 kB]
2026-10-08T23:26:05.3631468Z Get:10 https://archive.ubuntu.com/ubuntu noble/universe amd64 libdav1d7 amd64 1.4.1-1build1 [604 kB]
2026-10-08T23:26:05.3990047Z Get:11 https://archive.ubuntu.com/ubuntu noble/universe amd64 libgsm1 amd64 1.0.22-1build1 [27.8 kB]
2026-10-08T23:26:05.4316395Z Get:12 https://archive.ubuntu.com/ubuntu noble/universe amd64 libhwy1t64 amd64 1.0.7-8.1build1 [584 kB]
2026-10-08T23:26:05.4674644Z Get:13 https://archive.ubuntu.com/ubuntu noble-updates/universe amd64 libjxl0.7 amd64 0.7.0-10.2ubuntu6.1 [1001 kB]
2026-10-08T23:26:05.5060853Z Get:14 https://archive.ubuntu.com/ubuntu noble/main amd64 libmp3lame0 amd64 3.100-6build1 [142 kB]
2026-10-08T23:26:05.5399392Z Get:15 https://archive.ubuntu.com/ubuntu noble/main amd64 libopus0 amd64 1.4-1build1 [208 kB]
2026-10-08T23:26:05.5749708Z Get:16 https://archive.ubuntu.com/ubuntu noble/universe amd64 librav1e0 amd64 0.7.1-2 [1022 kB]
2026-10-08T23:26:05.6177133Z Get:17 https://archive.ubuntu.com/ubuntu noble-updates/main amd64 librsvg2-2 amd64 2.58.0+dfsg-1ubuntu0.1 [2141 kB]
2026-10-08T23:26:05.6603738Z Get:18 https://archive.ubuntu.com/ubuntu noble/universe amd64 libshine3 amd64 3.1.1-2build1 [23.2 kB]
2026-10-08T23:26:05.6929397Z Get:19 https://archive.ubuntu.com/ubuntu noble-updates/main amd64 libspeex1 amd64 1.2.1-2ubuntu2.24.04.1 [59.6 kB]
2026-10-08T23:26:05.7258118Z Get:20 https://archive.ubuntu.com/ubuntu noble/universe amd64 libsvtav1enc1d1 amd64 1.7.0+dfsg-2build1 [2425 kB]
2026-10-08T23:26:05.8428559Z Get:21 https://archive.ubuntu.com/ubuntu noble/universe amd64 libsoxr0 amd64 0.1.3-4build3 [80.0 kB]
2026-10-08T23:26:05.8757219Z Get:22 https://archive.ubuntu.com/ubuntu noble/universe amd64 libswresample4 amd64 7:6.1.1-3ubuntu5 [63.8 kB]
2026-10-08T23:26:05.9085738Z Get:23 https://archive.ubuntu.com/ubuntu noble/main amd64 libtheora0 amd64 1.1.1+dfsg.1-16.1build3 [211 kB]
2026-10-08T23:26:05.9421102Z Get:24 https://archive.ubuntu.com/ubuntu noble/main amd64 libtwolame0 amd64 0.4.0-2build3 [52.3 kB]
2026-10-08T23:26:05.9748871Z Get:25 https://archive.ubuntu.com/ubuntu noble/main amd64 libvorbisenc2 amd64 1.3.7-1build3 [80.8 kB]
2026-10-08T23:26:06.0095702Z Get:26 https://archive.ubuntu.com/ubuntu noble-updates/main amd64 libvpx9 amd64 1.14.0-1ubuntu2.3 [1143 kB]
2026-10-08T23:26:06.0474733Z Get:27 https://archive.ubuntu.com/ubuntu noble/universe amd64 libx264-164 amd64 2:0.164.3108+git31e19f9-1 [604 kB]
2026-10-08T23:26:06.0826999Z Get:28 https://archive.ubuntu.com/ubuntu noble/universe amd64 libx265-199 amd64 3.5-2build1 [1226 kB]
2026-10-08T23:26:06.1209736Z Get:29 https://archive.ubuntu.com/ubuntu noble/universe amd64 libxvidcore4 amd64 2:1.3.7-1build1 [219 kB]
2026-10-08T23:26:06.1545315Z Get:30 https://archive.ubuntu.com/ubuntu noble/universe amd64 libzvbi-common all 0.2.42-2 [42.4 kB]
2026-10-08T23:26:06.1872501Z Get:31 https://archive.ubuntu.com/ubuntu noble/universe amd64 libzvbi0t64 amd64 0.2.42-2 [261 kB]
2026-10-08T23:26:06.2212139Z Get:32 https://archive.ubuntu.com/ubuntu noble/universe amd64 libavcodec60 amd64 7:6.1.1-3ubuntu5 [5851 kB]
2026-10-08T23:26:06.2887411Z Get:33 https://archive.ubuntu.com/ubuntu noble/main amd64 libraw1394-11 amd64 2.1.2-2build3 [26.2 kB]
2026-10-08T23:26:06.3214466Z Get:34 https://archive.ubuntu.com/ubuntu noble/main amd64 libavc1394-0 amd64 0.5.4-5build3 [15.4 kB]
2026-10-08T23:26:06.3540677Z Get:35 https://archive.ubuntu.com/ubuntu noble/universe amd64 libunibreak5 amd64 5.1-2build1 [25.0 kB]
2026-10-08T23:26:06.3867547Z Get:36 https://archive.ubuntu.com/ubuntu noble/universe amd64 libass9 amd64 1:0.17.1-2build1 [104 kB]
2026-10-08T23:26:06.4198110Z Get:37 https://archive.ubuntu.com/ubuntu noble/universe amd64 libudfread0 amd64 1.1.2-1build1 [19.0 kB]
2026-10-08T23:26:06.4524601Z Get:38 https://archive.ubuntu.com/ubuntu noble/universe amd64 libbluray2 amd64 1:1.3.4-1build1 [159 kB]
2026-10-08T23:26:06.4856601Z Get:39 https://archive.ubuntu.com/ubuntu noble/universe amd64 libchromaprint1 amd64 1.5.1-5 [30.5 kB]
2026-10-08T23:26:06.5935328Z Get:40 https://archive.ubuntu.com/ubuntu noble/universe amd64 libgme0 amd64 0.6.3-7build1 [134 kB]
2026-10-08T23:26:06.6271863Z Get:41 https://archive.ubuntu.com/ubuntu noble-updates/main amd64 libmpg123-0t64 amd64 1.32.5-1ubuntu1.1 [169 kB]
2026-10-08T23:26:06.6606447Z Get:42 https://archive.ubuntu.com/ubuntu noble/universe amd64 libopenmpt0t64 amd64 0.7.3-1.1build3 [647 kB]
2026-10-08T23:26:06.6960077Z Get:43 https://archive.ubuntu.com/ubuntu noble/universe amd64 libcjson1 amd64 1.7.17-1 [24.8 kB]
2026-10-08T23:26:06.7288404Z Get:44 https://archive.ubuntu.com/ubuntu noble/universe amd64 libmbedcrypto7t64 amd64 2.28.8-1 [209 kB]
2026-10-08T23:26:06.7623397Z Get:45 https://archive.ubuntu.com/ubuntu noble/universe amd64 librist4 amd64 0.2.10+dfsg-2 [74.9 kB]
2026-10-08T23:26:06.7953041Z Get:46 https://archive.ubuntu.com/ubuntu noble/universe amd64 libsrt1.5-gnutls amd64 1.5.3-1build2 [316 kB]
2026-10-08T23:26:06.8293821Z Get:47 https://archive.ubuntu.com/ubuntu noble-updates/main amd64 libssh-gcrypt-4 amd64 0.10.6-2ubuntu0.5 [226 kB]
2026-10-08T23:26:06.8629504Z Get:48 https://archive.ubuntu.com/ubuntu noble/universe amd64 libavformat60 amd64 7:6.1.1-3ubuntu5 [1153 kB]
2026-10-08T23:26:06.9004039Z Get:49 https://archive.ubuntu.com/ubuntu noble/universe amd64 libbs2b0 amd64 3.1.0+dfsg-7build1 [10.6 kB]
2026-10-08T23:26:06.9330383Z Get:50 https://archive.ubuntu.com/ubuntu noble/universe amd64 libflite1 amd64 2.2-6build3 [13.6 MB]
2026-10-08T23:26:07.0238433Z Get:51 https://archive.ubuntu.com/ubuntu noble/universe amd64 libserd-0-0 amd64 0.32.2-1 [43.6 kB]
2026-10-08T23:26:07.0566476Z Get:52 https://archive.ubuntu.com/ubuntu noble/universe amd64 libzix-0-0 amd64 0.4.2-2build1 [23.6 kB]
2026-10-08T23:26:07.0893397Z Get:53 https://archive.ubuntu.com/ubuntu noble/universe amd64 libsord-0-0 amd64 0.16.16-2build1 [15.8 kB]
2026-10-08T23:26:07.1219902Z Get:54 https://archive.ubuntu.com/ubuntu noble/universe amd64 libsratom-0-0 amd64 0.6.16-1build1 [17.3 kB]
2026-10-08T23:26:07.1549140Z Get:55 https://archive.ubuntu.com/ubuntu noble/universe amd64 liblilv-0-0 amd64 0.24.22-1build1 [41.0 kB]
2026-10-08T23:26:07.1879007Z Get:56 https://archive.ubuntu.com/ubuntu noble/universe amd64 libmysofa1 amd64 1.3.2+dfsg-2ubuntu2 [1158 kB]
2026-10-08T23:26:07.2256621Z Get:57 https://archive.ubuntu.com/ubuntu noble/universe amd64 libplacebo338 amd64 6.338.2-2build1 [2654 kB]
2026-10-08T23:26:07.2843662Z Get:58 https://archive.ubuntu.com/ubuntu noble-updates/main amd64 libblas3 amd64 3.12.0-3build1.1 [238 kB]
2026-10-08T23:26:07.3182104Z Get:59 https://archive.ubuntu.com/ubuntu noble-updates/main amd64 liblapack3 amd64 3.12.0-3build1.1 [2646 kB]
2026-10-08T23:26:07.4347757Z Get:60 https://archive.ubuntu.com/ubuntu noble/main amd64 libasyncns0 amd64 0.8-6build4 [11.3 kB]
2026-10-08T23:26:07.4685270Z Get:61 https://archive.ubuntu.com/ubuntu noble/main amd64 libflac12t64 amd64 1.4.3+ds-2.1ubuntu2 [197 kB]
2026-10-08T23:26:07.5034312Z Get:62 https://archive.ubuntu.com/ubuntu noble-updates/main amd64 libsndfile1 amd64 1.2.2-1ubuntu5.24.04.1 [209 kB]
2026-10-08T23:26:07.5380124Z Get:63 https://archive.ubuntu.com/ubuntu noble-updates/main amd64 libpulse0 amd64 1:16.1+dfsg1-2ubuntu10.1 [292 kB]
2026-10-08T23:26:07.5728573Z Get:64 https://archive.ubuntu.com/ubuntu noble/universe amd64 libsphinxbase3t64 amd64 0.8+5prealpha+1-17build2 [126 kB]
2026-10-08T23:26:07.6064135Z Get:65 https://archive.ubuntu.com/ubuntu noble/universe amd64 libpocketsphinx3 amd64 0.8.0+real5prealpha+1-15ubuntu5 [133 kB]
2026-10-08T23:26:07.6396650Z Get:66 https://archive.ubuntu.com/ubuntu noble/universe amd64 libpostproc57 amd64 7:6.1.1-3ubuntu5 [49.9 kB]
2026-10-08T23:26:07.6725386Z Get:67 https://archive.ubuntu.com/ubuntu noble/main amd64 libsamplerate0 amd64 0.2.2-4build1 [1344 kB]
2026-10-08T23:26:07.7110839Z Get:68 https://archive.ubuntu.com/ubuntu noble/universe amd64 librubberband2 amd64 3.3.0+dfsg-2build1 [130 kB]
2026-10-08T23:26:07.7441306Z Get:69 https://archive.ubuntu.com/ubuntu noble/universe amd64 libswscale7 amd64 7:6.1.1-3ubuntu5 [193 kB]
2026-10-08T23:26:07.7777044Z Get:70 https://archive.ubuntu.com/ubuntu noble/universe amd64 libvidstab1.1 amd64 1.1.0-2build1 [38.5 kB]
2026-10-08T23:26:07.8104444Z Get:71 https://archive.ubuntu.com/ubuntu noble/universe amd64 libzimg2 amd64 3.0.5+ds1-1build1 [254 kB]
2026-10-08T23:26:07.8465515Z Get:72 https://archive.ubuntu.com/ubuntu noble/universe amd64 libavfilter9 amd64 7:6.1.1-3ubuntu5 [4235 kB]
2026-10-08T23:26:07.8976302Z Get:73 https://archive.ubuntu.com/ubuntu noble-updates/main amd64 libcaca0 amd64 0.99.beta20-4ubuntu0.2 [209 kB]
2026-10-08T23:26:07.9312025Z Get:74 https://archive.ubuntu.com/ubuntu noble-updates/main amd64 libcdio19t64 amd64 2.1.0-4.1ubuntu1.2 [62.4 kB]
2026-10-08T23:26:07.9640327Z Get:75 https://archive.ubuntu.com/ubuntu noble/main amd64 libcdio-cdda2t64 amd64 10.2+2.0.1-1.1build2 [16.5 kB]
2026-10-08T23:26:07.9967282Z Get:76 https://archive.ubuntu.com/ubuntu noble/main amd64 libcdio-paranoia2t64 amd64 10.2+2.0.1-1.1build2 [16.6 kB]
2026-10-08T23:26:08.0294074Z Get:77 https://archive.ubuntu.com/ubuntu noble/universe amd64 libdc1394-25 amd64 2.2.6-4build1 [90.1 kB]
2026-10-08T23:26:08.1346879Z Get:78 https://archive.ubuntu.com/ubuntu noble/main amd64 libiec61883-0 amd64 1.2.0-6build1 [24.5 kB]
2026-10-08T23:26:08.1676270Z Get:79 https://archive.ubuntu.com/ubuntu noble/main amd64 libjack-jackd2-0 amd64 1.9.21~dfsg-3ubuntu3 [289 kB]
2026-10-08T23:26:08.2013303Z Get:80 https://archive.ubuntu.com/ubuntu noble/universe amd64 libopenal-data all 1:1.23.1-4build1 [161 kB]
2026-10-08T23:26:08.2346539Z Get:81 https://archive.ubuntu.com/ubuntu noble/universe amd64 libsndio7.0 amd64 1.9.0-0.3build3 [29.6 kB]
2026-10-08T23:26:08.2678163Z Get:82 https://archive.ubuntu.com/ubuntu noble/universe amd64 libopenal1 amd64 1:1.23.1-4build1 [540 kB]
2026-10-08T23:26:08.3024507Z Get:83 https://archive.ubuntu.com/ubuntu noble/main amd64 libdecor-0-0 amd64 0.2.2-1build2 [16.5 kB]
2026-10-08T23:26:08.3353250Z Get:84 https://archive.ubuntu.com/ubuntu noble-updates/main amd64 libsdl2-2.0-0 amd64 2.30.0+dfsg-1ubuntu3.1 [686 kB]
2026-10-08T23:26:08.3713096Z Get:85 https://archive.ubuntu.com/ubuntu noble/main amd64 libxcb-shape0 amd64 1.15-1ubuntu2 [6100 B]
2026-10-08T23:26:08.4041555Z Get:86 https://archive.ubuntu.com/ubuntu noble/main amd64 libxv1 amd64 2:1.0.11-1.1build1 [10.7 kB]
2026-10-08T23:26:08.4369593Z Get:87 https://archive.ubuntu.com/ubuntu noble/universe amd64 libavdevice60 amd64 7:6.1.1-3ubuntu5 [82.3 kB]
2026-10-08T23:26:08.4700272Z Get:88 https://archive.ubuntu.com/ubuntu noble/universe amd64 ffmpeg amd64 7:6.1.1-3ubuntu5 [1879 kB]
2026-10-08T23:26:08.5125071Z Get:89 https://archive.ubuntu.com/ubuntu noble-updates/universe amd64 libigdgmm12 amd64 22.3.17+ds1-1ubuntu1 [145 kB]
2026-10-08T23:26:08.5460305Z Get:90 https://archive.ubuntu.com/ubuntu noble-updates/universe amd64 intel-media-va-driver amd64 24.1.0+dfsg1-1ubuntu0.2 [3163 kB]
2026-10-08T23:26:08.5945856Z Get:91 https://archive.ubuntu.com/ubuntu noble/universe amd64 libaacs0 amd64 0.11.1-2build1 [62.9 kB]
2026-10-08T23:26:08.6275148Z Get:92 https://archive.ubuntu.com/ubuntu noble/universe amd64 libbdplus0 amd64 0.2.0-3build1 [52.2 kB]
2026-10-08T23:26:08.6604895Z Get:93 https://archive.ubuntu.com/ubuntu noble/main amd64 libdecor-0-plugin-1-gtk amd64 0.2.2-1build2 [22.2 kB]
2026-10-08T23:26:08.6931692Z Get:94 https://archive.ubuntu.com/ubuntu noble-updates/main amd64 librsvg2-common amd64 2.58.0+dfsg-1ubuntu0.1 [11.8 kB]
2026-10-08T23:26:08.7264691Z Get:95 https://archive.ubuntu.com/ubuntu noble-updates/universe amd64 mesa-va-drivers amd64 25.2.8-0ubuntu0.24.04.4 [6778 B]
2026-10-08T23:26:08.7592093Z Get:96 https://archive.ubuntu.com/ubuntu noble-updates/main amd64 mesa-vdpau-drivers amd64 25.2.8-0ubuntu0.24.04.4 [23.4 kB]
2026-10-08T23:26:08.9179516Z Get:97 https://archive.ubuntu.com/ubuntu noble-updates/universe amd64 i965-va-driver amd64 2.4.1+dfsg1-1ubuntu0.2 [332 kB]
2026-10-08T23:26:08.9519839Z Get:98 https://archive.ubuntu.com/ubuntu noble-updates/universe amd64 va-driver-all amd64 2.20.0-2ubuntu0.2 [5014 B]
2026-10-08T23:26:08.9847829Z Get:99 https://archive.ubuntu.com/ubuntu noble/main amd64 vdpau-driver-all amd64 1.5-2build1 [4414 B]
2026-10-08T23:26:09.0177011Z Get:100 https://archive.ubuntu.com/ubuntu noble/universe amd64 pocketsphinx-en-us all 0.8.0+real5prealpha+1-15ubuntu5 [27.4 MB]
2026-10-08T23:26:09.5231132Z Fetched 94.1 MB in 5s (18.8 MB/s)
2026-10-08T23:26:09.5403734Z Selecting previously unselected package libva2:amd64.
2026-10-08T23:26:09.5603098Z (Reading database ... 
2026-10-08T23:26:09.5603370Z (Reading database ... 5%
2026-10-08T23:26:09.5603587Z (Reading database ... 10%
2026-10-08T23:26:09.5604266Z (Reading database ... 15%
2026-10-08T23:26:09.5604416Z (Reading database ... 20%
2026-10-08T23:26:09.5604566Z (Reading database ... 25%
2026-10-08T23:26:09.5604713Z (Reading database ... 30%
2026-10-08T23:26:09.5604858Z (Reading database ... 35%
2026-10-08T23:26:09.5605003Z (Reading database ... 40%
2026-10-08T23:26:09.5605154Z (Reading database ... 45%
2026-10-08T23:26:09.5605438Z (Reading database ... 50%
2026-10-08T23:26:09.5640879Z (Reading database ... 55%
2026-10-08T23:26:09.6843254Z (Reading database ... 60%
2026-10-08T23:26:09.8925273Z (Reading database ... 65%
2026-10-08T23:26:10.0850010Z (Reading database ... 70%
2026-10-08T23:26:10.2883393Z (Reading database ... 75%
2026-10-08T23:26:10.4334000Z (Reading database ... 80%
2026-10-08T23:26:10.6393644Z (Reading database ... 85%
2026-10-08T23:26:10.8474203Z (Reading database ... 90%
2026-10-08T23:26:10.9990775Z (Reading database ... 95%
2026-10-08T23:26:10.9991094Z (Reading database ... 100%
2026-10-08T23:26:10.9991492Z (Reading database ... 203191 files and directories currently installed.)
2026-10-08T23:26:11.0028812Z Preparing to unpack .../00-libva2_2.20.0-2ubuntu0.2_amd64.deb ...
2026-10-08T23:26:11.0054635Z Unpacking libva2:amd64 (2.20.0-2ubuntu0.2) ...
2026-10-08T23:26:11.0237236Z Selecting previously unselected package libva-drm2:amd64.
2026-10-08T23:26:11.0333976Z Preparing to unpack .../01-libva-drm2_2.20.0-2ubuntu0.2_amd64.deb ...
2026-10-08T23:26:11.0343436Z Unpacking libva-drm2:amd64 (2.20.0-2ubuntu0.2) ...
2026-10-08T23:26:11.0514238Z Selecting previously unselected package libva-x11-2:amd64.
2026-10-08T23:26:11.0612492Z Preparing to unpack .../02-libva-x11-2_2.20.0-2ubuntu0.2_amd64.deb ...
2026-10-08T23:26:11.0618495Z Unpacking libva-x11-2:amd64 (2.20.0-2ubuntu0.2) ...
2026-10-08T23:26:11.0795309Z Selecting previously unselected package libvdpau1:amd64.
2026-10-08T23:26:11.0892908Z Preparing to unpack .../03-libvdpau1_1.5-2build1_amd64.deb ...
2026-10-08T23:26:11.0898854Z Unpacking libvdpau1:amd64 (1.5-2build1) ...
2026-10-08T23:26:11.1074213Z Selecting previously unselected package libvpl2.
2026-10-08T23:26:11.1171111Z Preparing to unpack .../04-libvpl2_2023.3.0-1build1_amd64.deb ...
2026-10-08T23:26:11.1177188Z Unpacking libvpl2 (2023.3.0-1build1) ...
2026-10-08T23:26:11.1357170Z Selecting previously unselected package ocl-icd-libopencl1:amd64.
2026-10-08T23:26:11.1455499Z Preparing to unpack .../05-ocl-icd-libopencl1_2.3.2-1build1_amd64.deb ...
2026-10-08T23:26:11.1460912Z Unpacking ocl-icd-libopencl1:amd64 (2.3.2-1build1) ...
2026-10-08T23:26:11.1755548Z Selecting previously unselected package libavutil58:amd64.
2026-10-08T23:26:11.1852422Z Preparing to unpack .../06-libavutil58_7%3a6.1.1-3ubuntu5_amd64.deb ...
2026-10-08T23:26:11.1857761Z Unpacking libavutil58:amd64 (7:6.1.1-3ubuntu5) ...
2026-10-08T23:26:11.2051365Z Selecting previously unselected package libcodec2-1.2:amd64.
2026-10-08T23:26:11.2150550Z Preparing to unpack .../07-libcodec2-1.2_1.2.0-2build1_amd64.deb ...
2026-10-08T23:26:11.2156162Z Unpacking libcodec2-1.2:amd64 (1.2.0-2build1) ...
2026-10-08T23:26:11.3336340Z Selecting previously unselected package libdav1d7:amd64.
2026-10-08T23:26:11.3434716Z Preparing to unpack .../08-libdav1d7_1.4.1-1build1_amd64.deb ...
2026-10-08T23:26:11.3440389Z Unpacking libdav1d7:amd64 (1.4.1-1build1) ...
2026-10-08T23:26:11.3652806Z Selecting previously unselected package libgsm1:amd64.
2026-10-08T23:26:11.3750463Z Preparing to unpack .../09-libgsm1_1.0.22-1build1_amd64.deb ...
2026-10-08T23:26:11.3756722Z Unpacking libgsm1:amd64 (1.0.22-1build1) ...
2026-10-08T23:26:11.3927002Z Selecting previously unselected package libhwy1t64:amd64.
2026-10-08T23:26:11.4022475Z Preparing to unpack .../10-libhwy1t64_1.0.7-8.1build1_amd64.deb ...
2026-10-08T23:26:11.4028517Z Unpacking libhwy1t64:amd64 (1.0.7-8.1build1) ...
2026-10-08T23:26:11.4331884Z Selecting previously unselected package libjxl0.7:amd64.
2026-10-08T23:26:11.4431054Z Preparing to unpack .../11-libjxl0.7_0.7.0-10.2ubuntu6.1_amd64.deb ...
2026-10-08T23:26:11.4437068Z Unpacking libjxl0.7:amd64 (0.7.0-10.2ubuntu6.1) ...
2026-10-08T23:26:11.4785358Z Selecting previously unselected package libmp3lame0:amd64.
2026-10-08T23:26:11.4883032Z Preparing to unpack .../12-libmp3lame0_3.100-6build1_amd64.deb ...
2026-10-08T23:26:11.4888550Z Unpacking libmp3lame0:amd64 (3.100-6build1) ...
2026-10-08T23:26:11.5066799Z Selecting previously unselected package libopus0:amd64.
2026-10-08T23:26:11.5163908Z Preparing to unpack .../13-libopus0_1.4-1build1_amd64.deb ...
2026-10-08T23:26:11.5169768Z Unpacking libopus0:amd64 (1.4-1build1) ...
2026-10-08T23:26:11.5348468Z Selecting previously unselected package librav1e0:amd64.
2026-10-08T23:26:11.5445525Z Preparing to unpack .../14-librav1e0_0.7.1-2_amd64.deb ...
2026-10-08T23:26:11.5451286Z Unpacking librav1e0:amd64 (0.7.1-2) ...
2026-10-08T23:26:11.5786524Z Selecting previously unselected package librsvg2-2:amd64.
2026-10-08T23:26:11.5882950Z Preparing to unpack .../15-librsvg2-2_2.58.0+dfsg-1ubuntu0.1_amd64.deb ...
2026-10-08T23:26:11.5888508Z Unpacking librsvg2-2:amd64 (2.58.0+dfsg-1ubuntu0.1) ...
2026-10-08T23:26:11.7864999Z Selecting previously unselected package libshine3:amd64.
2026-10-08T23:26:11.7963486Z Preparing to unpack .../16-libshine3_3.1.1-2build1_amd64.deb ...
2026-10-08T23:26:11.7969821Z Unpacking libshine3:amd64 (3.1.1-2build1) ...
2026-10-08T23:26:11.8136577Z Selecting previously unselected package libspeex1:amd64.
2026-10-08T23:26:11.8232919Z Preparing to unpack .../17-libspeex1_1.2.1-2ubuntu2.24.04.1_amd64.deb ...
2026-10-08T23:26:11.8239285Z Unpacking libspeex1:amd64 (1.2.1-2ubuntu2.24.04.1) ...
2026-10-08T23:26:11.8410436Z Selecting previously unselected package libsvtav1enc1d1:amd64.
2026-10-08T23:26:11.8506943Z Preparing to unpack .../18-libsvtav1enc1d1_1.7.0+dfsg-2build1_amd64.deb ...
2026-10-08T23:26:11.8512973Z Unpacking libsvtav1enc1d1:amd64 (1.7.0+dfsg-2build1) ...
2026-10-08T23:26:11.9133751Z Selecting previously unselected package libsoxr0:amd64.
2026-10-08T23:26:11.9230093Z Preparing to unpack .../19-libsoxr0_0.1.3-4build3_amd64.deb ...
2026-10-08T23:26:11.9235867Z Unpacking libsoxr0:amd64 (0.1.3-4build3) ...
2026-10-08T23:26:11.9405993Z Selecting previously unselected package libswresample4:amd64.
2026-10-08T23:26:11.9501630Z Preparing to unpack .../20-libswresample4_7%3a6.1.1-3ubuntu5_amd64.deb ...
2026-10-08T23:26:11.9508211Z Unpacking libswresample4:amd64 (7:6.1.1-3ubuntu5) ...
2026-10-08T23:26:11.9683075Z Selecting previously unselected package libtheora0:amd64.
2026-10-08T23:26:11.9780977Z Preparing to unpack .../21-libtheora0_1.1.1+dfsg.1-16.1build3_amd64.deb ...
2026-10-08T23:26:11.9786515Z Unpacking libtheora0:amd64 (1.1.1+dfsg.1-16.1build3) ...
2026-10-08T23:26:11.9974425Z Selecting previously unselected package libtwolame0:amd64.
2026-10-08T23:26:12.0071122Z Preparing to unpack .../22-libtwolame0_0.4.0-2build3_amd64.deb ...
2026-10-08T23:26:12.0077084Z Unpacking libtwolame0:amd64 (0.4.0-2build3) ...
2026-10-08T23:26:12.0243913Z Selecting previously unselected package libvorbisenc2:amd64.
2026-10-08T23:26:12.0339857Z Preparing to unpack .../23-libvorbisenc2_1.3.7-1build3_amd64.deb ...
2026-10-08T23:26:12.0346178Z Unpacking libvorbisenc2:amd64 (1.3.7-1build3) ...
2026-10-08T23:26:12.0528922Z Selecting previously unselected package libvpx9:amd64.
2026-10-08T23:26:12.0627077Z Preparing to unpack .../24-libvpx9_1.14.0-1ubuntu2.3_amd64.deb ...
2026-10-08T23:26:12.0633238Z Unpacking libvpx9:amd64 (1.14.0-1ubuntu2.3) ...
2026-10-08T23:26:12.0947582Z Selecting previously unselected package libx264-164:amd64.
2026-10-08T23:26:12.1044296Z Preparing to unpack .../25-libx264-164_2%3a0.164.3108+git31e19f9-1_amd64.deb ...
2026-10-08T23:26:12.1050300Z Unpacking libx264-164:amd64 (2:0.164.3108+git31e19f9-1) ...
2026-10-08T23:26:12.1336559Z Selecting previously unselected package libx265-199:amd64.
2026-10-08T23:26:12.1435111Z Preparing to unpack .../26-libx265-199_3.5-2build1_amd64.deb ...
2026-10-08T23:26:12.1442337Z Unpacking libx265-199:amd64 (3.5-2build1) ...
2026-10-08T23:26:12.2669101Z Selecting previously unselected package libxvidcore4:amd64.
2026-10-08T23:26:12.2767139Z Preparing to unpack .../27-libxvidcore4_2%3a1.3.7-1build1_amd64.deb ...
2026-10-08T23:26:12.2773255Z Unpacking libxvidcore4:amd64 (2:1.3.7-1build1) ...
2026-10-08T23:26:12.2952920Z Selecting previously unselected package libzvbi-common.
2026-10-08T23:26:12.3050215Z Preparing to unpack .../28-libzvbi-common_0.2.42-2_all.deb ...
2026-10-08T23:26:12.3056226Z Unpacking libzvbi-common (0.2.42-2) ...
2026-10-08T23:26:12.3549774Z Selecting previously unselected package libzvbi0t64:amd64.
2026-10-08T23:26:12.3647441Z Preparing to unpack .../29-libzvbi0t64_0.2.42-2_amd64.deb ...
2026-10-08T23:26:12.3653870Z Unpacking libzvbi0t64:amd64 (0.2.42-2) ...
2026-10-08T23:26:12.3850806Z Selecting previously unselected package libavcodec60:amd64.
2026-10-08T23:26:12.3948889Z Preparing to unpack .../30-libavcodec60_7%3a6.1.1-3ubuntu5_amd64.deb ...
2026-10-08T23:26:12.3954629Z Unpacking libavcodec60:amd64 (7:6.1.1-3ubuntu5) ...
2026-10-08T23:26:12.5208109Z Selecting previously unselected package libraw1394-11:amd64.
2026-10-08T23:26:12.5306777Z Preparing to unpack .../31-libraw1394-11_2.1.2-2build3_amd64.deb ...
2026-10-08T23:26:12.5312416Z Unpacking libraw1394-11:amd64 (2.1.2-2build3) ...
2026-10-08T23:26:12.5480525Z Selecting previously unselected package libavc1394-0:amd64.
2026-10-08T23:26:12.5576729Z Preparing to unpack .../32-libavc1394-0_0.5.4-5build3_amd64.deb ...
2026-10-08T23:26:12.5582606Z Unpacking libavc1394-0:amd64 (0.5.4-5build3) ...
2026-10-08T23:26:12.5751255Z Selecting previously unselected package libunibreak5:amd64.
2026-10-08T23:26:12.5849356Z Preparing to unpack .../33-libunibreak5_5.1-2build1_amd64.deb ...
2026-10-08T23:26:12.5856313Z Unpacking libunibreak5:amd64 (5.1-2build1) ...
2026-10-08T23:26:12.6030204Z Selecting previously unselected package libass9:amd64.
2026-10-08T23:26:12.6129448Z Preparing to unpack .../34-libass9_1%3a0.17.1-2build1_amd64.deb ...
2026-10-08T23:26:12.6135009Z Unpacking libass9:amd64 (1:0.17.1-2build1) ...
2026-10-08T23:26:12.6309925Z Selecting previously unselected package libudfread0:amd64.
2026-10-08T23:26:12.6406638Z Preparing to unpack .../35-libudfread0_1.1.2-1build1_amd64.deb ...
2026-10-08T23:26:12.6412387Z Unpacking libudfread0:amd64 (1.1.2-1build1) ...
2026-10-08T23:26:12.6581815Z Selecting previously unselected package libbluray2:amd64.
2026-10-08T23:26:12.6679387Z Preparing to unpack .../36-libbluray2_1%3a1.3.4-1build1_amd64.deb ...
2026-10-08T23:26:12.6685585Z Unpacking libbluray2:amd64 (1:1.3.4-1build1) ...
2026-10-08T23:26:12.6866480Z Selecting previously unselected package libchromaprint1:amd64.
2026-10-08T23:26:12.6962988Z Preparing to unpack .../37-libchromaprint1_1.5.1-5_amd64.deb ...
2026-10-08T23:26:12.6968747Z Unpacking libchromaprint1:amd64 (1.5.1-5) ...
2026-10-08T23:26:12.7133351Z Selecting previously unselected package libgme0:amd64.
2026-10-08T23:26:12.7229834Z Preparing to unpack .../38-libgme0_0.6.3-7build1_amd64.deb ...
2026-10-08T23:26:12.7245633Z Unpacking libgme0:amd64 (0.6.3-7build1) ...
2026-10-08T23:26:12.7418108Z Selecting previously unselected package libmpg123-0t64:amd64.
2026-10-08T23:26:12.7515110Z Preparing to unpack .../39-libmpg123-0t64_1.32.5-1ubuntu1.1_amd64.deb ...
2026-10-08T23:26:12.7521113Z Unpacking libmpg123-0t64:amd64 (1.32.5-1ubuntu1.1) ...
2026-10-08T23:26:12.7705039Z Selecting previously unselected package libopenmpt0t64:amd64.
2026-10-08T23:26:12.7802355Z Preparing to unpack .../40-libopenmpt0t64_0.7.3-1.1build3_amd64.deb ...
2026-10-08T23:26:12.7807789Z Unpacking libopenmpt0t64:amd64 (0.7.3-1.1build3) ...
2026-10-08T23:26:12.8020598Z Selecting previously unselected package libcjson1:amd64.
2026-10-08T23:26:12.8117676Z Preparing to unpack .../41-libcjson1_1.7.17-1_amd64.deb ...
2026-10-08T23:26:12.8123655Z Unpacking libcjson1:amd64 (1.7.17-1) ...
2026-10-08T23:26:12.8297380Z Selecting previously unselected package libmbedcrypto7t64:amd64.
2026-10-08T23:26:12.8393701Z Preparing to unpack .../42-libmbedcrypto7t64_2.28.8-1_amd64.deb ...
2026-10-08T23:26:12.8400113Z Unpacking libmbedcrypto7t64:amd64 (2.28.8-1) ...
2026-10-08T23:26:12.8591969Z Selecting previously unselected package librist4:amd64.
2026-10-08T23:26:12.8688458Z Preparing to unpack .../43-librist4_0.2.10+dfsg-2_amd64.deb ...
2026-10-08T23:26:12.8694357Z Unpacking librist4:amd64 (0.2.10+dfsg-2) ...
2026-10-08T23:26:12.8867241Z Selecting previously unselected package libsrt1.5-gnutls:amd64.
2026-10-08T23:26:12.8967076Z Preparing to unpack .../44-libsrt1.5-gnutls_1.5.3-1build2_amd64.deb ...
2026-10-08T23:26:12.8972567Z Unpacking libsrt1.5-gnutls:amd64 (1.5.3-1build2) ...
2026-10-08T23:26:12.9167474Z Selecting previously unselected package libssh-gcrypt-4:amd64.
2026-10-08T23:26:12.9265610Z Preparing to unpack .../45-libssh-gcrypt-4_0.10.6-2ubuntu0.5_amd64.deb ...
2026-10-08T23:26:12.9271194Z Unpacking libssh-gcrypt-4:amd64 (0.10.6-2ubuntu0.5) ...
2026-10-08T23:26:12.9457553Z Selecting previously unselected package libavformat60:amd64.
2026-10-08T23:26:12.9557543Z Preparing to unpack .../46-libavformat60_7%3a6.1.1-3ubuntu5_amd64.deb ...
2026-10-08T23:26:12.9562962Z Unpacking libavformat60:amd64 (7:6.1.1-3ubuntu5) ...
2026-10-08T23:26:12.9896872Z Selecting previously unselected package libbs2b0:amd64.
2026-10-08T23:26:12.9995564Z Preparing to unpack .../47-libbs2b0_3.1.0+dfsg-7build1_amd64.deb ...
2026-10-08T23:26:13.0002252Z Unpacking libbs2b0:amd64 (3.1.0+dfsg-7build1) ...
2026-10-08T23:26:13.0189209Z Selecting previously unselected package libflite1:amd64.
2026-10-08T23:26:13.0286905Z Preparing to unpack .../48-libflite1_2.2-6build3_amd64.deb ...
2026-10-08T23:26:13.0292834Z Unpacking libflite1:amd64 (2.2-6build3) ...
2026-10-08T23:26:13.1768380Z Selecting previously unselected package libserd-0-0:amd64.
2026-10-08T23:26:13.1866487Z Preparing to unpack .../49-libserd-0-0_0.32.2-1_amd64.deb ...
2026-10-08T23:26:13.1873579Z Unpacking libserd-0-0:amd64 (0.32.2-1) ...
2026-10-08T23:26:13.2048846Z Selecting previously unselected package libzix-0-0:amd64.
2026-10-08T23:26:13.2148397Z Preparing to unpack .../50-libzix-0-0_0.4.2-2build1_amd64.deb ...
2026-10-08T23:26:13.2154075Z Unpacking libzix-0-0:amd64 (0.4.2-2build1) ...
2026-10-08T23:26:13.2330026Z Selecting previously unselected package libsord-0-0:amd64.
2026-10-08T23:26:13.2428349Z Preparing to unpack .../51-libsord-0-0_0.16.16-2build1_amd64.deb ...
2026-10-08T23:26:13.2434327Z Unpacking libsord-0-0:amd64 (0.16.16-2build1) ...
2026-10-08T23:26:13.2611292Z Selecting previously unselected package libsratom-0-0:amd64.
2026-10-08T23:26:13.2708465Z Preparing to unpack .../52-libsratom-0-0_0.6.16-1build1_amd64.deb ...
2026-10-08T23:26:13.2714711Z Unpacking libsratom-0-0:amd64 (0.6.16-1build1) ...
2026-10-08T23:26:13.2883928Z Selecting previously unselected package liblilv-0-0:amd64.
2026-10-08T23:26:13.2980836Z Preparing to unpack .../53-liblilv-0-0_0.24.22-1build1_amd64.deb ...
2026-10-08T23:26:13.2987091Z Unpacking liblilv-0-0:amd64 (0.24.22-1build1) ...
2026-10-08T23:26:13.3155640Z Selecting previously unselected package libmysofa1:amd64.
2026-10-08T23:26:13.3251818Z Preparing to unpack .../54-libmysofa1_1.3.2+dfsg-2ubuntu2_amd64.deb ...
2026-10-08T23:26:13.3257236Z Unpacking libmysofa1:amd64 (1.3.2+dfsg-2ubuntu2) ...
2026-10-08T23:26:13.3457528Z Selecting previously unselected package libplacebo338:amd64.
2026-10-08T23:26:13.3554620Z Preparing to unpack .../55-libplacebo338_6.338.2-2build1_amd64.deb ...
2026-10-08T23:26:13.3560292Z Unpacking libplacebo338:amd64 (6.338.2-2build1) ...
2026-10-08T23:26:13.4346998Z Selecting previously unselected package libblas3:amd64.
2026-10-08T23:26:13.4443820Z Preparing to unpack .../56-libblas3_3.12.0-3build1.1_amd64.deb ...
2026-10-08T23:26:13.4469867Z Unpacking libblas3:amd64 (3.12.0-3build1.1) ...
2026-10-08T23:26:13.4663736Z Selecting previously unselected package liblapack3:amd64.
2026-10-08T23:26:13.4761326Z Preparing to unpack .../57-liblapack3_3.12.0-3build1.1_amd64.deb ...
2026-10-08T23:26:13.4787797Z Unpacking liblapack3:amd64 (3.12.0-3build1.1) ...
2026-10-08T23:26:13.5536667Z Selecting previously unselected package libasyncns0:amd64.
2026-10-08T23:26:13.5634426Z Preparing to unpack .../58-libasyncns0_0.8-6build4_amd64.deb ...
2026-10-08T23:26:13.5640645Z Unpacking libasyncns0:amd64 (0.8-6build4) ...
2026-10-08T23:26:13.5817663Z Selecting previously unselected package libflac12t64:amd64.
2026-10-08T23:26:13.5915609Z Preparing to unpack .../59-libflac12t64_1.4.3+ds-2.1ubuntu2_amd64.deb ...
2026-10-08T23:26:13.5922335Z Unpacking libflac12t64:amd64 (1.4.3+ds-2.1ubuntu2) ...
2026-10-08T23:26:13.6109447Z Selecting previously unselected package libsndfile1:amd64.
2026-10-08T23:26:13.6207596Z Preparing to unpack .../60-libsndfile1_1.2.2-1ubuntu5.24.04.1_amd64.deb ...
2026-10-08T23:26:13.6213369Z Unpacking libsndfile1:amd64 (1.2.2-1ubuntu5.24.04.1) ...
2026-10-08T23:26:13.6413880Z Selecting previously unselected package libpulse0:amd64.
2026-10-08T23:26:13.6513423Z Preparing to unpack .../61-libpulse0_1%3a16.1+dfsg1-2ubuntu10.1_amd64.deb ...
2026-10-08T23:26:13.6568355Z Unpacking libpulse0:amd64 (1:16.1+dfsg1-2ubuntu10.1) ...
2026-10-08T23:26:13.6768479Z Selecting previously unselected package libsphinxbase3t64:amd64.
2026-10-08T23:26:13.6866790Z Preparing to unpack .../62-libsphinxbase3t64_0.8+5prealpha+1-17build2_amd64.deb ...
2026-10-08T23:26:13.6873017Z Unpacking libsphinxbase3t64:amd64 (0.8+5prealpha+1-17build2) ...
2026-10-08T23:26:13.7086487Z Selecting previously unselected package libpocketsphinx3:amd64.
2026-10-08T23:26:13.7183699Z Preparing to unpack .../63-libpocketsphinx3_0.8.0+real5prealpha+1-15ubuntu5_amd64.deb ...
2026-10-08T23:26:13.7189887Z Unpacking libpocketsphinx3:amd64 (0.8.0+real5prealpha+1-15ubuntu5) ...
2026-10-08T23:26:13.7365278Z Selecting previously unselected package libpostproc57:amd64.
2026-10-08T23:26:13.7463126Z Preparing to unpack .../64-libpostproc57_7%3a6.1.1-3ubuntu5_amd64.deb ...
2026-10-08T23:26:13.7469746Z Unpacking libpostproc57:amd64 (7:6.1.1-3ubuntu5) ...
2026-10-08T23:26:13.7645975Z Selecting previously unselected package libsamplerate0:amd64.
2026-10-08T23:26:13.7744118Z Preparing to unpack .../65-libsamplerate0_0.2.2-4build1_amd64.deb ...
2026-10-08T23:26:13.7749822Z Unpacking libsamplerate0:amd64 (0.2.2-4build1) ...
2026-10-08T23:26:13.7956038Z Selecting previously unselected package librubberband2:amd64.
2026-10-08T23:26:13.8054978Z Preparing to unpack .../66-librubberband2_3.3.0+dfsg-2build1_amd64.deb ...
2026-10-08T23:26:13.8060830Z Unpacking librubberband2:amd64 (3.3.0+dfsg-2build1) ...
2026-10-08T23:26:13.8245774Z Selecting previously unselected package libswscale7:amd64.
2026-10-08T23:26:13.8344618Z Preparing to unpack .../67-libswscale7_7%3a6.1.1-3ubuntu5_amd64.deb ...
2026-10-08T23:26:13.8350845Z Unpacking libswscale7:amd64 (7:6.1.1-3ubuntu5) ...
2026-10-08T23:26:13.8539529Z Selecting previously unselected package libvidstab1.1:amd64.
2026-10-08T23:26:13.8637221Z Preparing to unpack .../68-libvidstab1.1_1.1.0-2build1_amd64.deb ...
2026-10-08T23:26:13.8642956Z Unpacking libvidstab1.1:amd64 (1.1.0-2build1) ...
2026-10-08T23:26:13.8812834Z Selecting previously unselected package libzimg2:amd64.
2026-10-08T23:26:13.8910694Z Preparing to unpack .../69-libzimg2_3.0.5+ds1-1build1_amd64.deb ...
2026-10-08T23:26:13.8916502Z Unpacking libzimg2:amd64 (3.0.5+ds1-1build1) ...
2026-10-08T23:26:13.9105910Z Selecting previously unselected package libavfilter9:amd64.
2026-10-08T23:26:13.9202862Z Preparing to unpack .../70-libavfilter9_7%3a6.1.1-3ubuntu5_amd64.deb ...
2026-10-08T23:26:13.9208808Z Unpacking libavfilter9:amd64 (7:6.1.1-3ubuntu5) ...
2026-10-08T23:26:14.0238013Z Selecting previously unselected package libcaca0:amd64.
2026-10-08T23:26:14.0335477Z Preparing to unpack .../71-libcaca0_0.99.beta20-4ubuntu0.2_amd64.deb ...
2026-10-08T23:26:14.0342057Z Unpacking libcaca0:amd64 (0.99.beta20-4ubuntu0.2) ...
2026-10-08T23:26:14.0548082Z Selecting previously unselected package libcdio19t64:amd64.
2026-10-08T23:26:14.0647015Z Preparing to unpack .../72-libcdio19t64_2.1.0-4.1ubuntu1.2_amd64.deb ...
2026-10-08T23:26:14.0652806Z Unpacking libcdio19t64:amd64 (2.1.0-4.1ubuntu1.2) ...
2026-10-08T23:26:14.0833210Z Selecting previously unselected package libcdio-cdda2t64:amd64.
2026-10-08T23:26:14.0932957Z Preparing to unpack .../73-libcdio-cdda2t64_10.2+2.0.1-1.1build2_amd64.deb ...
2026-10-08T23:26:14.0939756Z Unpacking libcdio-cdda2t64:amd64 (10.2+2.0.1-1.1build2) ...
2026-10-08T23:26:14.1114976Z Selecting previously unselected package libcdio-paranoia2t64:amd64.
2026-10-08T23:26:14.1212718Z Preparing to unpack .../74-libcdio-paranoia2t64_10.2+2.0.1-1.1build2_amd64.deb ...
2026-10-08T23:26:14.1218423Z Unpacking libcdio-paranoia2t64:amd64 (10.2+2.0.1-1.1build2) ...
2026-10-08T23:26:14.1389260Z Selecting previously unselected package libdc1394-25:amd64.
2026-10-08T23:26:14.1488119Z Preparing to unpack .../75-libdc1394-25_2.2.6-4build1_amd64.deb ...
2026-10-08T23:26:14.1495354Z Unpacking libdc1394-25:amd64 (2.2.6-4build1) ...
2026-10-08T23:26:14.1674168Z Selecting previously unselected package libiec61883-0:amd64.
2026-10-08T23:26:14.1772888Z Preparing to unpack .../76-libiec61883-0_1.2.0-6build1_amd64.deb ...
2026-10-08T23:26:14.1779232Z Unpacking libiec61883-0:amd64 (1.2.0-6build1) ...
2026-10-08T23:26:14.1951033Z Selecting previously unselected package libjack-jackd2-0:amd64.
2026-10-08T23:26:14.2050825Z Preparing to unpack .../77-libjack-jackd2-0_1.9.21~dfsg-3ubuntu3_amd64.deb ...
2026-10-08T23:26:14.2057201Z Unpacking libjack-jackd2-0:amd64 (1.9.21~dfsg-3ubuntu3) ...
2026-10-08T23:26:14.2258570Z Selecting previously unselected package libopenal-data.
2026-10-08T23:26:14.2358459Z Preparing to unpack .../78-libopenal-data_1%3a1.23.1-4build1_all.deb ...
2026-10-08T23:26:14.2365759Z Unpacking libopenal-data (1:1.23.1-4build1) ...
2026-10-08T23:26:14.2557142Z Selecting previously unselected package libsndio7.0:amd64.
2026-10-08T23:26:14.2656543Z Preparing to unpack .../79-libsndio7.0_1.9.0-0.3build3_amd64.deb ...
2026-10-08T23:26:14.2662478Z Unpacking libsndio7.0:amd64 (1.9.0-0.3build3) ...
2026-10-08T23:26:14.2838197Z Selecting previously unselected package libopenal1:amd64.
2026-10-08T23:26:14.2939385Z Preparing to unpack .../80-libopenal1_1%3a1.23.1-4build1_amd64.deb ...
2026-10-08T23:26:14.2945567Z Unpacking libopenal1:amd64 (1:1.23.1-4build1) ...
2026-10-08T23:26:14.3157833Z Selecting previously unselected package libdecor-0-0:amd64.
2026-10-08T23:26:14.3257406Z Preparing to unpack .../81-libdecor-0-0_0.2.2-1build2_amd64.deb ...
2026-10-08T23:26:14.3263487Z Unpacking libdecor-0-0:amd64 (0.2.2-1build2) ...
2026-10-08T23:26:14.3432580Z Selecting previously unselected package libsdl2-2.0-0:amd64.
2026-10-08T23:26:14.3530525Z Preparing to unpack .../82-libsdl2-2.0-0_2.30.0+dfsg-1ubuntu3.1_amd64.deb ...
2026-10-08T23:26:14.3536406Z Unpacking libsdl2-2.0-0:amd64 (2.30.0+dfsg-1ubuntu3.1) ...
2026-10-08T23:26:14.4138829Z Selecting previously unselected package libxcb-shape0:amd64.
2026-10-08T23:26:14.4238141Z Preparing to unpack .../83-libxcb-shape0_1.15-1ubuntu2_amd64.deb ...
2026-10-08T23:26:14.4244471Z Unpacking libxcb-shape0:amd64 (1.15-1ubuntu2) ...
2026-10-08T23:26:14.4415077Z Selecting previously unselected package libxv1:amd64.
2026-10-08T23:26:14.4513795Z Preparing to unpack .../84-libxv1_2%3a1.0.11-1.1build1_amd64.deb ...
2026-10-08T23:26:14.4520034Z Unpacking libxv1:amd64 (2:1.0.11-1.1build1) ...
2026-10-08T23:26:14.4692423Z Selecting previously unselected package libavdevice60:amd64.
2026-10-08T23:26:14.4791527Z Preparing to unpack .../85-libavdevice60_7%3a6.1.1-3ubuntu5_amd64.deb ...
2026-10-08T23:26:14.4796979Z Unpacking libavdevice60:amd64 (7:6.1.1-3ubuntu5) ...
2026-10-08T23:26:14.4969779Z Selecting previously unselected package ffmpeg.
2026-10-08T23:26:14.5067269Z Preparing to unpack .../86-ffmpeg_7%3a6.1.1-3ubuntu5_amd64.deb ...
2026-10-08T23:26:14.5072590Z Unpacking ffmpeg (7:6.1.1-3ubuntu5) ...
2026-10-08T23:26:14.5372039Z Selecting previously unselected package libigdgmm12:amd64.
2026-10-08T23:26:14.5472874Z Preparing to unpack .../87-libigdgmm12_22.3.17+ds1-1ubuntu1_amd64.deb ...
2026-10-08T23:26:14.5478081Z Unpacking libigdgmm12:amd64 (22.3.17+ds1-1ubuntu1) ...
2026-10-08T23:26:14.5657299Z Selecting previously unselected package intel-media-va-driver:amd64.
2026-10-08T23:26:14.5756378Z Preparing to unpack .../88-intel-media-va-driver_24.1.0+dfsg1-1ubuntu0.2_amd64.deb ...
2026-10-08T23:26:14.5761028Z Unpacking intel-media-va-driver:amd64 (24.1.0+dfsg1-1ubuntu0.2) ...
2026-10-08T23:26:14.6851504Z Selecting previously unselected package libaacs0:amd64.
2026-10-08T23:26:14.6952388Z Preparing to unpack .../89-libaacs0_0.11.1-2build1_amd64.deb ...
2026-10-08T23:26:14.6958155Z Unpacking libaacs0:amd64 (0.11.1-2build1) ...
2026-10-08T23:26:14.7138296Z Selecting previously unselected package libbdplus0:amd64.
2026-10-08T23:26:14.7237221Z Preparing to unpack .../90-libbdplus0_0.2.0-3build1_amd64.deb ...
2026-10-08T23:26:14.7242995Z Unpacking libbdplus0:amd64 (0.2.0-3build1) ...
2026-10-08T23:26:14.7406146Z Selecting previously unselected package libdecor-0-plugin-1-gtk:amd64.
2026-10-08T23:26:14.7503274Z Preparing to unpack .../91-libdecor-0-plugin-1-gtk_0.2.2-1build2_amd64.deb ...
2026-10-08T23:26:14.7509105Z Unpacking libdecor-0-plugin-1-gtk:amd64 (0.2.2-1build2) ...
2026-10-08T23:26:14.7670606Z Selecting previously unselected package librsvg2-common:amd64.
2026-10-08T23:26:14.7769090Z Preparing to unpack .../92-librsvg2-common_2.58.0+dfsg-1ubuntu0.1_amd64.deb ...
2026-10-08T23:26:14.7774950Z Unpacking librsvg2-common:amd64 (2.58.0+dfsg-1ubuntu0.1) ...
2026-10-08T23:26:14.8073860Z Selecting previously unselected package mesa-va-drivers:amd64.
2026-10-08T23:26:14.8172415Z Preparing to unpack .../93-mesa-va-drivers_25.2.8-0ubuntu0.24.04.4_amd64.deb ...
2026-10-08T23:26:14.8177547Z Unpacking mesa-va-drivers:amd64 (25.2.8-0ubuntu0.24.04.4) ...
2026-10-08T23:26:14.8388904Z Selecting previously unselected package mesa-vdpau-drivers:amd64.
2026-10-08T23:26:14.8487369Z Preparing to unpack .../94-mesa-vdpau-drivers_25.2.8-0ubuntu0.24.04.4_amd64.deb ...
2026-10-08T23:26:14.8492439Z Unpacking mesa-vdpau-drivers:amd64 (25.2.8-0ubuntu0.24.04.4) ...
2026-10-08T23:26:14.8665414Z Selecting previously unselected package i965-va-driver:amd64.
2026-10-08T23:26:14.8764502Z Preparing to unpack .../95-i965-va-driver_2.4.1+dfsg1-1ubuntu0.2_amd64.deb ...
2026-10-08T23:26:14.8770455Z Unpacking i965-va-driver:amd64 (2.4.1+dfsg1-1ubuntu0.2) ...
2026-10-08T23:26:14.8968929Z Selecting previously unselected package va-driver-all:amd64.
2026-10-08T23:26:14.9068397Z Preparing to unpack .../96-va-driver-all_2.20.0-2ubuntu0.2_amd64.deb ...
2026-10-08T23:26:14.9073765Z Unpacking va-driver-all:amd64 (2.20.0-2ubuntu0.2) ...
2026-10-08T23:26:14.9232954Z Selecting previously unselected package vdpau-driver-all:amd64.
2026-10-08T23:26:14.9333243Z Preparing to unpack .../97-vdpau-driver-all_1.5-2build1_amd64.deb ...
2026-10-08T23:26:14.9338626Z Unpacking vdpau-driver-all:amd64 (1.5-2build1) ...
2026-10-08T23:26:14.9496552Z Selecting previously unselected package pocketsphinx-en-us.
2026-10-08T23:26:14.9593416Z Preparing to unpack .../98-pocketsphinx-en-us_0.8.0+real5prealpha+1-15ubuntu5_all.deb ...
2026-10-08T23:26:14.9598722Z Unpacking pocketsphinx-en-us (0.8.0+real5prealpha+1-15ubuntu5) ...
2026-10-08T23:26:15.2270826Z Setting up libgme0:amd64 (0.6.3-7build1) ...
2026-10-08T23:26:15.2284858Z Setting up libchromaprint1:amd64 (1.5.1-5) ...
2026-10-08T23:26:15.2298089Z Setting up libssh-gcrypt-4:amd64 (0.10.6-2ubuntu0.5) ...
2026-10-08T23:26:15.2311044Z Setting up libhwy1t64:amd64 (1.0.7-8.1build1) ...
2026-10-08T23:26:15.2323778Z Setting up libudfread0:amd64 (1.1.2-1build1) ...
2026-10-08T23:26:15.2336879Z Setting up libraw1394-11:amd64 (2.1.2-2build3) ...
2026-10-08T23:26:15.2350291Z Setting up libspeex1:amd64 (1.2.1-2ubuntu2.24.04.1) ...
2026-10-08T23:26:15.2363757Z Setting up libshine3:amd64 (3.1.1-2build1) ...
2026-10-08T23:26:15.2377041Z Setting up libcaca0:amd64 (0.99.beta20-4ubuntu0.2) ...
2026-10-08T23:26:15.2390827Z Setting up libvpl2 (2023.3.0-1build1) ...
2026-10-08T23:26:15.2404343Z Setting up libx264-164:amd64 (2:0.164.3108+git31e19f9-1) ...
2026-10-08T23:26:15.2417949Z Setting up libtwolame0:amd64 (0.4.0-2build3) ...
2026-10-08T23:26:15.2431582Z Setting up libmbedcrypto7t64:amd64 (2.28.8-1) ...
2026-10-08T23:26:15.2448045Z Setting up libgsm1:amd64 (1.0.22-1build1) ...
2026-10-08T23:26:15.2460717Z Setting up libsoxr0:amd64 (0.1.3-4build3) ...
2026-10-08T23:26:15.2475710Z Setting up libzix-0-0:amd64 (0.4.2-2build1) ...
2026-10-08T23:26:15.2489081Z Setting up libcodec2-1.2:amd64 (1.2.0-2build1) ...
2026-10-08T23:26:15.2502851Z Setting up libmysofa1:amd64 (1.3.2+dfsg-2ubuntu2) ...
2026-10-08T23:26:15.2517804Z Setting up libxcb-shape0:amd64 (1.15-1ubuntu2) ...
2026-10-08T23:26:15.2531096Z Setting up libcdio19t64:amd64 (2.1.0-4.1ubuntu1.2) ...
2026-10-08T23:26:15.2546811Z Setting up libsvtav1enc1d1:amd64 (1.7.0+dfsg-2build1) ...
2026-10-08T23:26:15.2560576Z Setting up libigdgmm12:amd64 (22.3.17+ds1-1ubuntu1) ...
2026-10-08T23:26:15.2573698Z Setting up libmpg123-0t64:amd64 (1.32.5-1ubuntu1.1) ...
2026-10-08T23:26:15.2589331Z Setting up libcjson1:amd64 (1.7.17-1) ...
2026-10-08T23:26:15.2602610Z Setting up libxvidcore4:amd64 (2:1.3.7-1build1) ...
2026-10-08T23:26:15.2618143Z Setting up librav1e0:amd64 (0.7.1-2) ...
2026-10-08T23:26:15.2631368Z Setting up libcdio-cdda2t64:amd64 (10.2+2.0.1-1.1build2) ...
2026-10-08T23:26:15.2644661Z Setting up librist4:amd64 (0.2.10+dfsg-2) ...
2026-10-08T23:26:15.2660969Z Setting up librsvg2-2:amd64 (2.58.0+dfsg-1ubuntu0.1) ...
2026-10-08T23:26:15.2674236Z Setting up libblas3:amd64 (3.12.0-3build1.1) ...
2026-10-08T23:26:15.2720209Z update-alternatives: using /usr/lib/x86_64-linux-gnu/blas/libblas.so.3 to provide /usr/lib/x86_64-linux-gnu/libblas.so.3 (libblas.so.3-x86_64-linux-gnu) in auto mode
2026-10-08T23:26:15.2733108Z Setting up libplacebo338:amd64 (6.338.2-2build1) ...
2026-10-08T23:26:15.2746245Z Setting up libva2:amd64 (2.20.0-2ubuntu0.2) ...
2026-10-08T23:26:15.2762566Z Setting up libopus0:amd64 (1.4-1build1) ...
2026-10-08T23:26:15.2778251Z Setting up libcdio-paranoia2t64:amd64 (10.2+2.0.1-1.1build2) ...
2026-10-08T23:26:15.2792607Z Setting up libdc1394-25:amd64 (2.2.6-4build1) ...
2026-10-08T23:26:15.2808084Z Setting up intel-media-va-driver:amd64 (24.1.0+dfsg1-1ubuntu0.2) ...
2026-10-08T23:26:15.2821465Z Setting up libxv1:amd64 (2:1.0.11-1.1build1) ...
2026-10-08T23:26:15.2837012Z Setting up libunibreak5:amd64 (5.1-2build1) ...
2026-10-08T23:26:15.2850349Z Setting up libaacs0:amd64 (0.11.1-2build1) ...
2026-10-08T23:26:15.2863739Z Setting up libjxl0.7:amd64 (0.7.0-10.2ubuntu6.1) ...
2026-10-08T23:26:15.2879561Z Setting up librsvg2-common:amd64 (2.58.0+dfsg-1ubuntu0.1) ...
2026-10-08T23:26:15.2965886Z Setting up pocketsphinx-en-us (0.8.0+real5prealpha+1-15ubuntu5) ...
2026-10-08T23:26:15.2979517Z Setting up libx265-199:amd64 (3.5-2build1) ...
2026-10-08T23:26:15.2992743Z Setting up libsndio7.0:amd64 (1.9.0-0.3build3) ...
2026-10-08T23:26:15.3008188Z Setting up libbdplus0:amd64 (0.2.0-3build1) ...
2026-10-08T23:26:15.3022271Z Setting up libvidstab1.1:amd64 (1.1.0-2build1) ...
2026-10-08T23:26:15.3035565Z Setting up libvpx9:amd64 (1.14.0-1ubuntu2.3) ...
2026-10-08T23:26:15.3050677Z Setting up libsrt1.5-gnutls:amd64 (1.5.3-1build2) ...
2026-10-08T23:26:15.3063412Z Setting up libflite1:amd64 (2.2-6build3) ...
2026-10-08T23:26:15.3078407Z Setting up libdav1d7:amd64 (1.4.1-1build1) ...
2026-10-08T23:26:15.3093637Z Setting up libva-drm2:amd64 (2.20.0-2ubuntu0.2) ...
2026-10-08T23:26:15.3109607Z Setting up ocl-icd-libopencl1:amd64 (2.3.2-1build1) ...
2026-10-08T23:26:15.3123314Z Setting up libasyncns0:amd64 (0.8-6build4) ...
2026-10-08T23:26:15.3136583Z Setting up libvdpau1:amd64 (1.5-2build1) ...
2026-10-08T23:26:15.3157079Z Setting up libbs2b0:amd64 (3.1.0+dfsg-7build1) ...
2026-10-08T23:26:15.3170664Z Setting up libtheora0:amd64 (1.1.1+dfsg.1-16.1build3) ...
2026-10-08T23:26:15.3186382Z Setting up libdecor-0-0:amd64 (0.2.2-1build2) ...
2026-10-08T23:26:15.3199825Z Setting up libzimg2:amd64 (3.0.5+ds1-1build1) ...
2026-10-08T23:26:15.3214631Z Setting up libopenal-data (1:1.23.1-4build1) ...
2026-10-08T23:26:15.3233865Z Setting up libflac12t64:amd64 (1.4.3+ds-2.1ubuntu2) ...
2026-10-08T23:26:15.3248746Z Setting up mesa-va-drivers:amd64 (25.2.8-0ubuntu0.24.04.4) ...
2026-10-08T23:26:15.3265923Z Setting up libbluray2:amd64 (1:1.3.4-1build1) ...
2026-10-08T23:26:15.3280855Z Setting up libsamplerate0:amd64 (0.2.2-4build1) ...
2026-10-08T23:26:15.3297309Z Setting up libva-x11-2:amd64 (2.20.0-2ubuntu0.2) ...
2026-10-08T23:26:15.3311246Z Setting up libdecor-0-plugin-1-gtk:amd64 (0.2.2-1build2) ...
2026-10-08T23:26:15.3327149Z Setting up libopenmpt0t64:amd64 (0.7.3-1.1build3) ...
2026-10-08T23:26:15.3342108Z Setting up libzvbi-common (0.2.42-2) ...
2026-10-08T23:26:15.3355876Z Setting up libmp3lame0:amd64 (3.100-6build1) ...
2026-10-08T23:26:15.3372357Z Setting up i965-va-driver:amd64 (2.4.1+dfsg1-1ubuntu0.2) ...
2026-10-08T23:26:15.3387305Z Setting up libvorbisenc2:amd64 (1.3.7-1build3) ...
2026-10-08T23:26:15.3402567Z Setting up libiec61883-0:amd64 (1.2.0-6build1) ...
2026-10-08T23:26:15.3419788Z Setting up libserd-0-0:amd64 (0.32.2-1) ...
2026-10-08T23:26:15.3434068Z Setting up libavc1394-0:amd64 (0.5.4-5build3) ...
2026-10-08T23:26:15.3450297Z Setting up mesa-vdpau-drivers:amd64 (25.2.8-0ubuntu0.24.04.4) ...
2026-10-08T23:26:15.3464123Z Setting up liblapack3:amd64 (3.12.0-3build1.1) ...
2026-10-08T23:26:15.3511922Z update-alternatives: using /usr/lib/x86_64-linux-gnu/lapack/liblapack.so.3 to provide /usr/lib/x86_64-linux-gnu/liblapack.so.3 (liblapack.so.3-x86_64-linux-gnu) in auto mode
2026-10-08T23:26:15.3526061Z Setting up libzvbi0t64:amd64 (0.2.42-2) ...
2026-10-08T23:26:15.3540443Z Setting up libavutil58:amd64 (7:6.1.1-3ubuntu5) ...
2026-10-08T23:26:15.3554620Z Setting up libopenal1:amd64 (1:1.23.1-4build1) ...
2026-10-08T23:26:15.3571427Z Setting up libass9:amd64 (1:0.17.1-2build1) ...
2026-10-08T23:26:15.3586266Z Setting up libswresample4:amd64 (7:6.1.1-3ubuntu5) ...
2026-10-08T23:26:15.3602256Z Setting up va-driver-all:amd64 (2.20.0-2ubuntu0.2) ...
2026-10-08T23:26:15.3615852Z Setting up libavcodec60:amd64 (7:6.1.1-3ubuntu5) ...
2026-10-08T23:26:15.3630126Z Setting up librubberband2:amd64 (3.3.0+dfsg-2build1) ...
2026-10-08T23:26:15.3981470Z Setting up libjack-jackd2-0:amd64 (1.9.21~dfsg-3ubuntu3) ...
2026-10-08T23:26:15.3996557Z Setting up vdpau-driver-all:amd64 (1.5-2build1) ...
2026-10-08T23:26:15.4009241Z Setting up libsord-0-0:amd64 (0.16.16-2build1) ...
2026-10-08T23:26:15.4025012Z Setting up libpostproc57:amd64 (7:6.1.1-3ubuntu5) ...
2026-10-08T23:26:15.4038155Z Setting up libsratom-0-0:amd64 (0.6.16-1build1) ...
2026-10-08T23:26:15.4053566Z Setting up libsndfile1:amd64 (1.2.2-1ubuntu5.24.04.1) ...
2026-10-08T23:26:15.4066681Z Setting up liblilv-0-0:amd64 (0.24.22-1build1) ...
2026-10-08T23:26:15.4080207Z Setting up libswscale7:amd64 (7:6.1.1-3ubuntu5) ...
2026-10-08T23:26:15.4095070Z Setting up libpulse0:amd64 (1:16.1+dfsg1-2ubuntu10.1) ...
2026-10-08T23:26:15.4151718Z Setting up libavformat60:amd64 (7:6.1.1-3ubuntu5) ...
2026-10-08T23:26:15.4167286Z Setting up libsphinxbase3t64:amd64 (0.8+5prealpha+1-17build2) ...
2026-10-08T23:26:15.4183017Z Setting up libsdl2-2.0-0:amd64 (2.30.0+dfsg-1ubuntu3.1) ...
2026-10-08T23:26:15.4196454Z Setting up libpocketsphinx3:amd64 (0.8.0+real5prealpha+1-15ubuntu5) ...
2026-10-08T23:26:15.4211193Z Setting up libavfilter9:amd64 (7:6.1.1-3ubuntu5) ...
2026-10-08T23:26:15.4225918Z Setting up libavdevice60:amd64 (7:6.1.1-3ubuntu5) ...
2026-10-08T23:26:15.4240702Z Setting up ffmpeg (7:6.1.1-3ubuntu5) ...
2026-10-08T23:26:15.4258317Z Processing triggers for man-db (2.12.0-4build2) ...
2026-10-08T23:26:15.4274384Z Not building database; man-db/auto-update is not 'true'.
2026-10-08T23:26:15.4286745Z Processing triggers for libgdk-pixbuf-2.0-0:amd64 (2.42.10+dfsg-3ubuntu3.3) ...
2026-10-08T23:26:15.6049471Z Processing triggers for libc-bin (2.39-0ubuntu8.9) ...
2026-10-08T23:26:16.1886646Z 
2026-10-08T23:26:16.1887235Z Running kernel seems to be up-to-date.
2026-10-08T23:26:16.1887447Z 
2026-10-08T23:26:16.1887542Z No services need to be restarted.
2026-10-08T23:26:16.1887646Z 
2026-10-08T23:26:16.1887732Z No containers need to be restarted.
2026-10-08T23:26:16.1887844Z 
2026-10-08T23:26:16.1887945Z No user sessions are running outdated binaries.
2026-10-08T23:26:16.1888370Z 
2026-10-08T23:26:16.1888528Z No VM guests are running outdated hypervisor (qemu) binaries on this host.
2026-10-08T23:26:17.0395619Z ffprobe version 6.1.1-3ubuntu5 Copyright (c) 2007-2023 the FFmpeg developers
2026-10-08T23:26:17.0395949Z built with gcc 13 (Ubuntu 13.2.0-23ubuntu3)
2026-10-08T23:26:17.0399913Z configuration: --prefix=/usr --extra-version=3ubuntu5 --toolchain=hardened --libdir=/usr/lib/x86_64-linux-gnu --incdir=/usr/include/x86_64-linux-gnu --arch=amd64 --enable-gpl --disable-stripping --disable-omx --enable-gnutls --enable-libaom --enable-libass --enable-libbs2b --enable-libcaca --enable-libcdio --enable-libcodec2 --enable-libdav1d --enable-libflite --enable-libfontconfig --enable-libfreetype --enable-libfribidi --enable-libglslang --enable-libgme --enable-libgsm --enable-libharfbuzz --enable-libmp3lame --enable-libmysofa --enable-libopenjpeg --enable-libopenmpt --enable-libopus --enable-librubberband --enable-libshine --enable-libsnappy --enable-libsoxr --enable-libspeex --enable-libtheora --enable-libtwolame --enable-libvidstab --enable-libvorbis --enable-libvpx --enable-libwebp --enable-libx265 --enable-libxml2 --enable-libxvid --enable-libzimg --enable-openal --enable-opencl --enable-opengl --disable-sndio --enable-libvpl --disable-libmfx --enable-libdc1394 --enable-libdrm --enable-libiec61883 --enable-chromaprint --enable-frei0r --enable-ladspa --enable-libbluray --enable-libjack --enable-libpulse --enable-librabbitmq --enable-librist --enable-libsrt --enable-libssh --enable-libsvtav1 --enable-libx264 --enable-libzmq --enable-libzvbi --enable-lv2 --enable-sdl2 --enable-libplacebo --enable-librav1e --enable-pocketsphinx --enable-librsvg --enable-libjxl --enable-shared
2026-10-08T23:26:17.0402780Z libavutil      58. 29.100 / 58. 29.100
2026-10-08T23:26:17.0402957Z libavcodec     60. 31.102 / 60. 31.102
2026-10-08T23:26:17.0403127Z libavformat    60. 16.100 / 60. 16.100
2026-10-08T23:26:17.0403296Z libavdevice    60.  3.100 / 60.  3.100
2026-10-08T23:26:17.0403460Z libavfilter     9. 12.100 /  9. 12.100
2026-10-08T23:26:17.0403630Z libswscale      7.  5.100 /  7.  5.100
2026-10-08T23:26:17.0403796Z libswresample   4. 12.100 /  4. 12.100
2026-10-08T23:26:17.0403965Z libpostproc    57.  3.100 / 57.  3.100
2026-10-08T23:26:17.0930878Z ffmpeg version 6.1.1-3ubuntu5 Copyright (c) 2000-2023 the FFmpeg developers
2026-10-08T23:26:17.0931356Z built with gcc 13 (Ubuntu 13.2.0-23ubuntu3)
2026-10-08T23:26:17.0937702Z configuration: --prefix=/usr --extra-version=3ubuntu5 --toolchain=hardened --libdir=/usr/lib/x86_64-linux-gnu --incdir=/usr/include/x86_64-linux-gnu --arch=amd64 --enable-gpl --disable-stripping --disable-omx --enable-gnutls --enable-libaom --enable-libass --enable-libbs2b --enable-libcaca --enable-libcdio --enable-libcodec2 --enable-libdav1d --enable-libflite --enable-libfontconfig --enable-libfreetype --enable-libfribidi --enable-libglslang --enable-libgme --enable-libgsm --enable-libharfbuzz --enable-libmp3lame --enable-libmysofa --enable-libopenjpeg --enable-libopenmpt --enable-libopus --enable-librubberband --enable-libshine --enable-libsnappy --enable-libsoxr --enable-libspeex --enable-libtheora --enable-libtwolame --enable-libvidstab --enable-libvorbis --enable-libvpx --enable-libwebp --enable-libx265 --enable-libxml2 --enable-libxvid --enable-libzimg --enable-openal --enable-opencl --enable-opengl --disable-sndio --enable-libvpl --disable-libmfx --enable-libdc1394 --enable-libdrm --enable-libiec61883 --enable-chromaprint --enable-frei0r --enable-ladspa --enable-libbluray --enable-libjack --enable-libpulse --enable-librabbitmq --enable-librist --enable-libsrt --enable-libssh --enable-libsvtav1 --enable-libx264 --enable-libzmq --enable-libzvbi --enable-lv2 --enable-sdl2 --enable-libplacebo --enable-librav1e --enable-pocketsphinx --enable-librsvg --enable-libjxl --enable-shared
2026-10-08T23:26:17.0942394Z libavutil      58. 29.100 / 58. 29.100
2026-10-08T23:26:17.0942666Z libavcodec     60. 31.102 / 60. 31.102
2026-10-08T23:26:17.0942933Z libavformat    60. 16.100 / 60. 16.100
2026-10-08T23:26:17.0943373Z libavdevice    60.  3.100 / 60.  3.100
2026-10-08T23:26:17.0943639Z libavfilter     9. 12.100 /  9. 12.100
2026-10-08T23:26:17.0943902Z libswscale      7.  5.100 /  7.  5.100
2026-10-08T23:26:17.0944166Z libswresample   4. 12.100 /  4. 12.100
2026-10-08T23:26:17.0944430Z libpostproc    57.  3.100 / 57.  3.100
2026-10-08T23:26:17.1032445Z ##[group]Run actions/download-artifact@v4
2026-10-08T23:26:17.1032616Z with:
2026-10-08T23:26:17.1032774Z   pattern: G10-stage-*-21770325250068d5a2fb05a8c31209894ca806d2
2026-10-08T23:26:17.1032971Z   path: jobs/G10-checkers
2026-10-08T23:26:17.1033109Z   merge-multiple: true
2026-10-08T23:26:17.1033253Z   repository: luisitin/partybox-game-cores
2026-10-08T23:26:17.1033409Z   run-id: 37857480233
2026-10-08T23:26:17.1033524Z env:
2026-10-08T23:26:17.1033668Z   G10_SOURCE_COMMIT: 21770325250068d5a2fb05a8c31209894ca806d2
2026-10-08T23:26:17.1033844Z ##[endgroup]
2026-10-08T23:26:17.2094928Z (node:3504) [DEP0040] DeprecationWarning: The `punycode` module is deprecated. Please use a userland alternative instead.
2026-10-08T23:26:17.2095599Z (Use `node --trace-deprecation ...` to show where the warning was created)
2026-10-08T23:26:17.4015513Z Found 4 artifact(s)
2026-10-08T23:26:17.4016547Z Filtering artifacts by pattern 'G10-stage-*-21770325250068d5a2fb05a8c31209894ca806d2'
2026-10-08T23:26:17.4029765Z Preparing to download the following artifacts:
2026-10-08T23:26:17.4030554Z - G10-stage-league-international-21770325250068d5a2fb05a8c31209894ca806d2 (ID: 11585456322, Size: 490266, Expected Digest: sha256:8afab5448b66b737459fc7e4923c8a696d94ae884f56f96d20ccabbfd84fbcee)
2026-10-08T23:26:17.4031575Z - G10-stage-browser-21770325250068d5a2fb05a8c31209894ca806d2 (ID: 11585176244, Size: 8509856, Expected Digest: sha256:499819b2b895cba4432c565400f77347a4e74ff32c625222dafa326ec835f99a)
2026-10-08T23:26:17.4032539Z - G10-stage-league-american-21770325250068d5a2fb05a8c31209894ca806d2 (ID: 11584842422, Size: 372090, Expected Digest: sha256:37123477463fbc769e1f7a78d62c7b3a94ec56896810089adbd7738b7c3bf471)
2026-10-08T23:26:17.4033805Z - G10-stage-node-21770325250068d5a2fb05a8c31209894ca806d2 (ID: 11584208921, Size: 136602, Expected Digest: sha256:7dd127a7e38b9490575076e7e036e21fa4234041fd004b8e24d620afe97a752d)
2026-10-08T23:26:17.6272085Z Redirecting to blob download url: https://productionresultssa3.blob.core.windows.net/actions-results/3b9a06ca-dc36-8f90-8cd2-79e6dea98142/workflow-job-run-cf3d5be0-52eb-5df5-a4ff-f571dfa5ad1e/artifacts/7eeb3fdd862fb17f75928c5ecadcbdeb41124300a08c64e3c50bed0cd1da53ee.zip
2026-10-08T23:26:17.6273601Z Starting download of artifact to: /home/runner/work/partybox-game-cores/partybox-game-cores/jobs/G10-checkers
2026-10-08T23:26:17.6364523Z Redirecting to blob download url: https://productionresultssa3.blob.core.windows.net/actions-results/3b9a06ca-dc36-8f90-8cd2-79e6dea98142/workflow-job-run-c5f6dac5-fc4f-5a88-b95f-e6d9dabfc957/artifacts/7875f84de0cd81b3458401c13d19c2e75e8e08a43b7446c844d81940170d6202.zip
2026-10-08T23:26:17.6366186Z Starting download of artifact to: /home/runner/work/partybox-game-cores/partybox-game-cores/jobs/G10-checkers
2026-10-08T23:26:17.6689176Z Redirecting to blob download url: https://productionresultssa3.blob.core.windows.net/actions-results/3b9a06ca-dc36-8f90-8cd2-79e6dea98142/workflow-job-run-b41e9c77-06b9-5bb2-bb0a-fc5f74b70860/artifacts/aca6365348a88249a26e1ca6474082f13d210dbec95b6feb4fdb514836b5ff17.zip
2026-10-08T23:26:17.6690599Z Starting download of artifact to: /home/runner/work/partybox-game-cores/partybox-game-cores/jobs/G10-checkers
2026-10-08T23:26:17.7173949Z Redirecting to blob download url: https://productionresultssa3.blob.core.windows.net/actions-results/3b9a06ca-dc36-8f90-8cd2-79e6dea98142/workflow-job-run-e68ad411-778d-5036-be82-5be4249a8032/artifacts/d2407df1f21d6d9937b0833bd0fb6941e9753bc768dddb7c6c41c244737f85f5.zip
2026-10-08T23:26:17.7174907Z Starting download of artifact to: /home/runner/work/partybox-game-cores/partybox-game-cores/jobs/G10-checkers
2026-10-08T23:26:17.7787124Z (node:3504) [DEP0005] DeprecationWarning: Buffer() is deprecated due to security and usability issues. Please use the Buffer.alloc(), Buffer.allocUnsafe(), or Buffer.from() methods instead.
2026-10-08T23:26:17.9048609Z SHA256 digest of downloaded artifact is 8afab5448b66b737459fc7e4923c8a696d94ae884f56f96d20ccabbfd84fbcee
2026-10-08T23:26:17.9049474Z Artifact download completed successfully.
2026-10-08T23:26:17.9684042Z SHA256 digest of downloaded artifact is 7dd127a7e38b9490575076e7e036e21fa4234041fd004b8e24d620afe97a752d
2026-10-08T23:26:17.9684425Z Artifact download completed successfully.
2026-10-08T23:26:17.9889460Z SHA256 digest of downloaded artifact is 37123477463fbc769e1f7a78d62c7b3a94ec56896810089adbd7738b7c3bf471
2026-10-08T23:26:17.9889984Z Artifact download completed successfully.
2026-10-08T23:26:18.5762431Z SHA256 digest of downloaded artifact is 499819b2b895cba4432c565400f77347a4e74ff32c625222dafa326ec835f99a
2026-10-08T23:26:18.5763026Z Artifact download completed successfully.
2026-10-08T23:26:18.5763358Z Total of 4 artifact(s) downloaded
2026-10-08T23:26:18.5768198Z Download artifact has finished successfully
2026-10-08T23:26:18.5896181Z ##[group]Run set -o pipefail
2026-10-08T23:26:18.5896381Z [36;1mset -o pipefail[0m
2026-10-08T23:26:18.5896614Z [36;1mnode scripts/check.mjs --stage final 2>&1 | tee .work-stage-final.stdout[0m
2026-10-08T23:26:18.5951800Z shell: /usr/bin/bash -e {0}
2026-10-08T23:26:18.5951968Z env:
2026-10-08T23:26:18.5952138Z   G10_SOURCE_COMMIT: 21770325250068d5a2fb05a8c31209894ca806d2
2026-10-08T23:26:18.5952344Z ##[endgroup]
2026-10-08T23:26:18.6891151Z 
2026-10-08T23:26:18.6891856Z > partybox-g10-checkers@1.0.0 build
2026-10-08T23:26:18.6892324Z > tsc --noEmit && node scripts/build.mjs
2026-10-08T23:26:18.6892521Z 
2026-10-08T23:26:26.2233786Z PASS: complete offline single-page game written to /home/runner/work/partybox-game-cores/partybox-game-cores/jobs/G10-checkers/.work/play.html; original six-piece data is read in bounded blocks.
2026-10-08T23:26:38.8346305Z PASS: checksums, authoritative schemas/manifest, pure core source, fixed corpus provenance, original offline page (delivery execution gates explicitly excluded).
2026-10-08T23:26:54.0702695Z {"status":"PASS","games":4000,"files":80,"independentLegalMoveReplay":true}
2026-10-08T23:27:13.5987244Z PASS: checksums, authoritative schemas/manifest, pure core source, fixed corpus provenance, original offline page, required simulations/mutations/leagues and source-matched browser/media proof.
2026-10-08T23:27:16.0601930Z {"status":"PASS","stage":"final","sourceCommit":"21770325250068d5a2fb05a8c31209894ca806d2","elapsedSeconds":57.432792162}
2026-10-08T23:27:16.0703136Z ##[group]Run node scripts/standalone-receipt.mjs
2026-10-08T23:27:16.0703520Z [36;1mnode scripts/standalone-receipt.mjs[0m
2026-10-08T23:27:16.0766855Z shell: /usr/bin/bash -e {0}
2026-10-08T23:27:16.0767036Z env:
2026-10-08T23:27:16.0767214Z   G10_SOURCE_COMMIT: 21770325250068d5a2fb05a8c31209894ca806d2
2026-10-08T23:27:16.0767423Z ##[endgroup]
2026-10-08T23:27:18.5556149Z Standalone page digest and exact-checkout receipt written.
2026-10-08T23:27:18.5640383Z ##[group]Run python3 scripts/standalone-parts.py split .work/play.html .work/standalone-delivery.json .work/standalone-parts
2026-10-08T23:27:18.5640877Z [36;1mpython3 scripts/standalone-parts.py split .work/play.html .work/standalone-delivery.json .work/standalone-parts[0m
2026-10-08T23:27:18.5690396Z shell: /usr/bin/bash -e {0}
2026-10-08T23:27:18.5690573Z env:
2026-10-08T23:27:18.5690729Z   G10_SOURCE_COMMIT: 21770325250068d5a2fb05a8c31209894ca806d2
2026-10-08T23:27:18.5690927Z ##[endgroup]
2026-10-08T23:27:21.4550222Z {"status": "PASS", "sourceCommit": "21770325250068d5a2fb05a8c31209894ca806d2", "parts": 4, "bytes": 1390845993, "sha256": "5ed2173b7264574565dd29ff14773236cac5a00833bf75df3de9e64a66451801"}
2026-10-08T23:27:21.4648842Z ##[group]Run actions/upload-artifact@v4
2026-10-08T23:27:21.4649011Z with:
2026-10-08T23:27:21.4649199Z   name: G10-standalone-part-00-21770325250068d5a2fb05a8c31209894ca806d2
2026-10-08T23:27:21.4649700Z   path: jobs/G10-checkers/.work/standalone-parts/play.html.part-00
jobs/G10-checkers/.work/standalone-parts/standalone-*

2026-10-08T23:27:21.4650007Z   if-no-files-found: error
2026-10-08T23:27:21.4650158Z   include-hidden-files: true
2026-10-08T23:27:21.4650306Z   compression-level: 1
2026-10-08T23:27:21.4650435Z   retention-days: 7
2026-10-08T23:27:21.4650559Z   overwrite: false
2026-10-08T23:27:21.4650680Z env:
2026-10-08T23:27:21.4650827Z   G10_SOURCE_COMMIT: 21770325250068d5a2fb05a8c31209894ca806d2
2026-10-08T23:27:21.4651012Z ##[endgroup]
2026-10-08T23:27:21.5713434Z (node:3664) [DEP0040] DeprecationWarning: The `punycode` module is deprecated. Please use a userland alternative instead.
2026-10-08T23:27:21.5714373Z (Use `node --trace-deprecation ...` to show where the warning was created)
2026-10-08T23:27:21.5816274Z With the provided path, there will be 4 files uploaded
2026-10-08T23:27:21.5816843Z Artifact name is valid!
2026-10-08T23:27:21.5817123Z Root directory input is valid!
2026-10-08T23:27:21.8893439Z Beginning upload of artifact content to blob storage
2026-10-08T23:27:22.1001541Z (node:3664) [DEP0169] DeprecationWarning: `url.parse()` behavior is not standardized and prone to errors that have security implications. Use the WHATWG URL API instead. CVEs are not issued for `url.parse()` vulnerabilities.
2026-10-08T23:27:22.5561869Z Uploaded bytes 8388608
2026-10-08T23:27:22.8068152Z Uploaded bytes 16777216
2026-10-08T23:27:22.8869218Z Uploaded bytes 25165824
2026-10-08T23:27:23.0150286Z Uploaded bytes 33554432
2026-10-08T23:27:23.0988051Z Uploaded bytes 41943040
2026-10-08T23:27:23.3291839Z Uploaded bytes 50331648
2026-10-08T23:27:23.5753451Z Uploaded bytes 58720256
2026-10-08T23:27:23.8324797Z Uploaded bytes 67108864
2026-10-08T23:27:23.9118041Z Uploaded bytes 75497472
2026-10-08T23:27:24.1267592Z Uploaded bytes 83886080
2026-10-08T23:27:24.3227619Z Uploaded bytes 92274688
2026-10-08T23:27:24.5433264Z Uploaded bytes 100663296
2026-10-08T23:27:24.8124273Z Uploaded bytes 109051904
2026-10-08T23:27:25.0757919Z Uploaded bytes 117440512
2026-10-08T23:27:25.1990398Z Uploaded bytes 125829120
2026-10-08T23:27:25.3791895Z Uploaded bytes 134217728
2026-10-08T23:27:25.5715719Z Uploaded bytes 142606336
2026-10-08T23:27:25.8070970Z Uploaded bytes 150994944
2026-10-08T23:27:26.0226347Z Uploaded bytes 159383552
2026-10-08T23:27:26.2083694Z Uploaded bytes 167772160
2026-10-08T23:27:26.4279586Z Uploaded bytes 176160768
2026-10-08T23:27:26.6241332Z Uploaded bytes 184549376
2026-10-08T23:27:26.8715114Z Uploaded bytes 192937984
2026-10-08T23:27:27.0856954Z Uploaded bytes 201326592
2026-10-08T23:27:27.2266184Z Uploaded bytes 209715200
2026-10-08T23:27:27.4342913Z Uploaded bytes 218103808
2026-10-08T23:27:27.7047108Z Uploaded bytes 226492416
2026-10-08T23:27:28.0994161Z Uploaded bytes 234881024
2026-10-08T23:27:28.1595378Z Uploaded bytes 243269632
2026-10-08T23:27:28.3563981Z Uploaded bytes 251658240
2026-10-08T23:27:28.5345971Z Uploaded bytes 260046848
2026-10-08T23:27:28.6897394Z Uploaded bytes 268435456
2026-10-08T23:27:28.8771066Z Uploaded bytes 275345045
2026-10-08T23:27:28.9142601Z Finished uploading artifact content to blob storage!
2026-10-08T23:27:28.9144115Z SHA256 digest of uploaded artifact zip is 60214848140ba4f065ebe7574c9082c94b9f0cd0468c6926d2de402bef8e28cd
2026-10-08T23:27:28.9145478Z Finalizing artifact upload
2026-10-08T23:27:29.1923851Z Artifact G10-standalone-part-00-21770325250068d5a2fb05a8c31209894ca806d2.zip successfully finalized. Artifact ID 11585436866
2026-10-08T23:27:29.1924548Z Artifact G10-standalone-part-00-21770325250068d5a2fb05a8c31209894ca806d2 has been successfully uploaded! Final size is 275345045 bytes. Artifact ID is 11585436866
2026-10-08T23:27:29.1929934Z Artifact download URL: https://github.com/luisitin/partybox-game-cores/actions/runs/37857480233/artifacts/11585436866
2026-10-08T23:27:29.2082152Z ##[group]Run actions/upload-artifact@v4
2026-10-08T23:27:29.2082333Z with:
2026-10-08T23:27:29.2082533Z   name: G10-standalone-part-01-21770325250068d5a2fb05a8c31209894ca806d2
2026-10-08T23:27:29.2083070Z   path: jobs/G10-checkers/.work/standalone-parts/play.html.part-01
jobs/G10-checkers/.work/standalone-parts/standalone-*

2026-10-08T23:27:29.2083393Z   if-no-files-found: error
2026-10-08T23:27:29.2083554Z   include-hidden-files: true
2026-10-08T23:27:29.2083711Z   compression-level: 1
2026-10-08T23:27:29.2083854Z   retention-days: 7
2026-10-08T23:27:29.2083988Z   overwrite: false
2026-10-08T23:27:29.2084120Z env:
2026-10-08T23:27:29.2084280Z   G10_SOURCE_COMMIT: 21770325250068d5a2fb05a8c31209894ca806d2
2026-10-08T23:27:29.2084474Z ##[endgroup]
2026-10-08T23:27:29.3131835Z (node:3677) [DEP0040] DeprecationWarning: The `punycode` module is deprecated. Please use a userland alternative instead.
2026-10-08T23:27:29.3132716Z (Use `node --trace-deprecation ...` to show where the warning was created)
2026-10-08T23:27:29.3206896Z With the provided path, there will be 4 files uploaded
2026-10-08T23:27:29.3207698Z Artifact name is valid!
2026-10-08T23:27:29.3208125Z Root directory input is valid!
2026-10-08T23:27:29.5939563Z Beginning upload of artifact content to blob storage
2026-10-08T23:27:29.8063551Z (node:3677) [DEP0169] DeprecationWarning: `url.parse()` behavior is not standardized and prone to errors that have security implications. Use the WHATWG URL API instead. CVEs are not issued for `url.parse()` vulnerabilities.
2026-10-08T23:27:30.2683136Z Uploaded bytes 8388608
2026-10-08T23:27:30.4842007Z Uploaded bytes 16777216
2026-10-08T23:27:30.6582288Z Uploaded bytes 25165824
2026-10-08T23:27:30.7279832Z Uploaded bytes 33554432
2026-10-08T23:27:30.8443667Z Uploaded bytes 41943040
2026-10-08T23:27:31.0811006Z Uploaded bytes 50331648
2026-10-08T23:27:31.2951824Z Uploaded bytes 58720256
2026-10-08T23:27:31.5133523Z Uploaded bytes 67108864
2026-10-08T23:27:31.7573919Z Uploaded bytes 75497472
2026-10-08T23:27:31.9554152Z Uploaded bytes 83886080
2026-10-08T23:27:32.2015038Z Uploaded bytes 92274688
2026-10-08T23:27:32.3858172Z Uploaded bytes 100663296
2026-10-08T23:27:32.6189032Z Uploaded bytes 109051904
2026-10-08T23:27:32.8726562Z Uploaded bytes 117440512
2026-10-08T23:27:33.2706519Z Uploaded bytes 125829120
2026-10-08T23:27:33.3227905Z Uploaded bytes 134217728
2026-10-08T23:27:33.4923216Z Uploaded bytes 142606336
2026-10-08T23:27:33.7033610Z Uploaded bytes 150994944
2026-10-08T23:27:33.9512519Z Uploaded bytes 159383552
2026-10-08T23:27:34.1533721Z Uploaded bytes 167772160
2026-10-08T23:27:34.3764931Z Uploaded bytes 176160768
2026-10-08T23:27:34.5092068Z Uploaded bytes 184549376
2026-10-08T23:27:34.7607210Z Uploaded bytes 192937984
2026-10-08T23:27:34.9533673Z Uploaded bytes 201326592
2026-10-08T23:27:35.2261816Z Uploaded bytes 209715200
2026-10-08T23:27:35.3496426Z Uploaded bytes 218103808
2026-10-08T23:27:35.6203915Z Uploaded bytes 226492416
2026-10-08T23:27:35.7791546Z Uploaded bytes 234881024
2026-10-08T23:27:35.9979103Z Uploaded bytes 243269632
2026-10-08T23:27:36.1788573Z Uploaded bytes 251658240
2026-10-08T23:27:36.4836455Z Uploaded bytes 260046848
2026-10-08T23:27:36.6969210Z Uploaded bytes 268435456
2026-10-08T23:27:36.8294282Z Uploaded bytes 276824064
2026-10-08T23:27:36.9035832Z Uploaded bytes 278877126
2026-10-08T23:27:36.9508580Z Finished uploading artifact content to blob storage!
2026-10-08T23:27:36.9510007Z SHA256 digest of uploaded artifact zip is 8aca0dc2b53296b42159bca97aa707083ad3e0f283fc0e303d93005d2303f7e8
2026-10-08T23:27:36.9511657Z Finalizing artifact upload
2026-10-08T23:27:37.2944439Z Artifact G10-standalone-part-01-21770325250068d5a2fb05a8c31209894ca806d2.zip successfully finalized. Artifact ID 11585491795
2026-10-08T23:27:37.2945142Z Artifact G10-standalone-part-01-21770325250068d5a2fb05a8c31209894ca806d2 has been successfully uploaded! Final size is 278877126 bytes. Artifact ID is 11585491795
2026-10-08T23:27:37.2950817Z Artifact download URL: https://github.com/luisitin/partybox-game-cores/actions/runs/37857480233/artifacts/11585491795
2026-10-08T23:27:37.3116505Z ##[group]Run actions/upload-artifact@v4
2026-10-08T23:27:37.3117014Z with:
2026-10-08T23:27:37.3117642Z   name: G10-standalone-part-02-21770325250068d5a2fb05a8c31209894ca806d2
2026-10-08T23:27:37.3118547Z   path: jobs/G10-checkers/.work/standalone-parts/play.html.part-02
jobs/G10-checkers/.work/standalone-parts/standalone-*

2026-10-08T23:27:37.3119282Z   if-no-files-found: error
2026-10-08T23:27:37.3119676Z   include-hidden-files: true
2026-10-08T23:27:37.3120117Z   compression-level: 1
2026-10-08T23:27:37.3120483Z   retention-days: 7
2026-10-08T23:27:37.3120840Z   overwrite: false
2026-10-08T23:27:37.3121173Z env:
2026-10-08T23:27:37.3121608Z   G10_SOURCE_COMMIT: 21770325250068d5a2fb05a8c31209894ca806d2
2026-10-08T23:27:37.3122073Z ##[endgroup]
2026-10-08T23:27:37.4229118Z (node:3691) [DEP0040] DeprecationWarning: The `punycode` module is deprecated. Please use a userland alternative instead.
2026-10-08T23:27:37.4232449Z (Use `node --trace-deprecation ...` to show where the warning was created)
2026-10-08T23:27:37.4293647Z With the provided path, there will be 4 files uploaded
2026-10-08T23:27:37.4296978Z Artifact name is valid!
2026-10-08T23:27:37.4297528Z Root directory input is valid!
2026-10-08T23:27:37.7069755Z Beginning upload of artifact content to blob storage
2026-10-08T23:27:37.9318688Z (node:3691) [DEP0169] DeprecationWarning: `url.parse()` behavior is not standardized and prone to errors that have security implications. Use the WHATWG URL API instead. CVEs are not issued for `url.parse()` vulnerabilities.
2026-10-08T23:27:38.4672293Z Uploaded bytes 8388608
2026-10-08T23:27:38.6863731Z Uploaded bytes 16777216
2026-10-08T23:27:38.7946650Z Uploaded bytes 25165824
2026-10-08T23:27:38.8610029Z Uploaded bytes 33554432
2026-10-08T23:27:39.0273689Z Uploaded bytes 41943040
2026-10-08T23:27:39.1912973Z Uploaded bytes 50331648
2026-10-08T23:27:39.3985419Z Uploaded bytes 58720256
2026-10-08T23:27:39.6081299Z Uploaded bytes 67108864
2026-10-08T23:27:39.8090484Z Uploaded bytes 75497472
2026-10-08T23:27:40.0145790Z Uploaded bytes 83886080
2026-10-08T23:27:40.2534588Z Uploaded bytes 92274688
2026-10-08T23:27:40.4819039Z Uploaded bytes 100663296
2026-10-08T23:27:40.6016641Z Uploaded bytes 109051904
2026-10-08T23:27:40.8354954Z Uploaded bytes 117440512
2026-10-08T23:27:41.1058165Z Uploaded bytes 125829120
2026-10-08T23:27:41.2275502Z Uploaded bytes 134217728
2026-10-08T23:27:41.4875916Z Uploaded bytes 142606336
2026-10-08T23:27:41.6416573Z Uploaded bytes 150994944
2026-10-08T23:27:41.8436892Z Uploaded bytes 159383552
2026-10-08T23:27:42.0428536Z Uploaded bytes 167772160
2026-10-08T23:27:42.2219357Z Uploaded bytes 176160768
2026-10-08T23:27:42.4624165Z Uploaded bytes 184549376
2026-10-08T23:27:42.7111621Z Uploaded bytes 192937984
2026-10-08T23:27:42.9623787Z Uploaded bytes 201326592
2026-10-08T23:27:43.0552576Z Uploaded bytes 209715200
2026-10-08T23:27:43.3298527Z Uploaded bytes 218103808
2026-10-08T23:27:43.5646683Z Uploaded bytes 226492416
2026-10-08T23:27:43.7156390Z Uploaded bytes 234881024
2026-10-08T23:27:43.9120981Z Uploaded bytes 243269632
2026-10-08T23:27:44.1252987Z Uploaded bytes 251658240
2026-10-08T23:27:44.3402623Z Uploaded bytes 260046848
2026-10-08T23:27:44.5333894Z Uploaded bytes 268435456
2026-10-08T23:27:44.7806062Z Uploaded bytes 276824064
2026-10-08T23:27:45.0353017Z Uploaded bytes 285212672
2026-10-08T23:27:45.1145667Z Uploaded bytes 286220430
2026-10-08T23:27:45.1616499Z Finished uploading artifact content to blob storage!
2026-10-08T23:27:45.1617594Z SHA256 digest of uploaded artifact zip is e877c8023cc651a048a13bec4a0705e460b18da37e07b6d7568dc34fe40d078c
2026-10-08T23:27:45.1619365Z Finalizing artifact upload
2026-10-08T23:27:45.4963882Z Artifact G10-standalone-part-02-21770325250068d5a2fb05a8c31209894ca806d2.zip successfully finalized. Artifact ID 11585536822
2026-10-08T23:27:45.4964585Z Artifact G10-standalone-part-02-21770325250068d5a2fb05a8c31209894ca806d2 has been successfully uploaded! Final size is 286220430 bytes. Artifact ID is 11585536822
2026-10-08T23:27:45.4969599Z Artifact download URL: https://github.com/luisitin/partybox-game-cores/actions/runs/37857480233/artifacts/11585536822
2026-10-08T23:27:45.5118177Z ##[group]Run actions/upload-artifact@v4
2026-10-08T23:27:45.5118371Z with:
2026-10-08T23:27:45.5118578Z   name: G10-standalone-part-03-21770325250068d5a2fb05a8c31209894ca806d2
2026-10-08T23:27:45.5118979Z   path: jobs/G10-checkers/.work/standalone-parts/play.html.part-03
jobs/G10-checkers/.work/standalone-parts/standalone-*

2026-10-08T23:27:45.5119311Z   if-no-files-found: error
2026-10-08T23:27:45.5119479Z   include-hidden-files: true
2026-10-08T23:27:45.5119646Z   compression-level: 1
2026-10-08T23:27:45.5119798Z   retention-days: 7
2026-10-08T23:27:45.5119939Z   overwrite: false
2026-10-08T23:27:45.5120078Z env:
2026-10-08T23:27:45.5120244Z   G10_SOURCE_COMMIT: 21770325250068d5a2fb05a8c31209894ca806d2
2026-10-08T23:27:45.5120445Z ##[endgroup]
2026-10-08T23:27:45.6173043Z (node:3704) [DEP0040] DeprecationWarning: The `punycode` module is deprecated. Please use a userland alternative instead.
2026-10-08T23:27:45.6173593Z (Use `node --trace-deprecation ...` to show where the warning was created)
2026-10-08T23:27:45.6221699Z With the provided path, there will be 4 files uploaded
2026-10-08T23:27:45.6224953Z Artifact name is valid!
2026-10-08T23:27:45.6225339Z Root directory input is valid!
2026-10-08T23:27:45.8991096Z Beginning upload of artifact content to blob storage
2026-10-08T23:27:46.1193685Z (node:3704) [DEP0169] DeprecationWarning: `url.parse()` behavior is not standardized and prone to errors that have security implications. Use the WHATWG URL API instead. CVEs are not issued for `url.parse()` vulnerabilities.
2026-10-08T23:27:46.6282104Z Uploaded bytes 8388608
2026-10-08T23:27:46.8677241Z Uploaded bytes 16777216
2026-10-08T23:27:47.0230068Z Uploaded bytes 25165824
2026-10-08T23:27:47.0253682Z Uploaded bytes 33554432
2026-10-08T23:27:47.2340559Z Uploaded bytes 41943040
2026-10-08T23:27:47.3927125Z Uploaded bytes 50331648
2026-10-08T23:27:47.6542536Z Uploaded bytes 58720256
2026-10-08T23:27:47.9082476Z Uploaded bytes 67108864
2026-10-08T23:27:48.0559030Z Uploaded bytes 75497472
2026-10-08T23:27:48.2593098Z Uploaded bytes 83886080
2026-10-08T23:27:48.4843348Z Uploaded bytes 92274688
2026-10-08T23:27:48.6789195Z Uploaded bytes 100663296
2026-10-08T23:27:48.8661935Z Uploaded bytes 109051904
2026-10-08T23:27:49.0828205Z Uploaded bytes 117440512
2026-10-08T23:27:49.3173286Z Uploaded bytes 125829120
2026-10-08T23:27:49.4081617Z Uploaded bytes 127624365
2026-10-08T23:27:49.4535422Z Finished uploading artifact content to blob storage!
2026-10-08T23:27:49.4536494Z SHA256 digest of uploaded artifact zip is ad88cb17f8667db80e43e6ce9a976f4c7d46af8bab97a2379055c4ba415053f4
2026-10-08T23:27:49.4538363Z Finalizing artifact upload
2026-10-08T23:27:49.7145900Z Artifact G10-standalone-part-03-21770325250068d5a2fb05a8c31209894ca806d2.zip successfully finalized. Artifact ID 11585481906
2026-10-08T23:27:49.7146595Z Artifact G10-standalone-part-03-21770325250068d5a2fb05a8c31209894ca806d2 has been successfully uploaded! Final size is 127624365 bytes. Artifact ID is 11585481906
2026-10-08T23:27:49.7151527Z Artifact download URL: https://github.com/luisitin/partybox-game-cores/actions/runs/37857480233/artifacts/11585481906
2026-10-08T23:27:49.7309298Z ##[group]Run actions/upload-artifact@v4
2026-10-08T23:27:49.7309481Z with:
2026-10-08T23:27:49.7309677Z   name: G10-check-evidence-21770325250068d5a2fb05a8c31209894ca806d2
2026-10-08T23:27:49.7310078Z   path: jobs/G10-checkers/.work-stage-*.stdout
jobs/G10-checkers/.work/checks
jobs/G10-checkers/.work/browser
jobs/G10-checkers/.work/media

2026-10-08T23:27:49.7310429Z   include-hidden-files: true
2026-10-08T23:27:49.7310595Z   retention-days: 7
2026-10-08T23:27:49.7310745Z   if-no-files-found: warn
2026-10-08T23:27:49.7310906Z   compression-level: 6
2026-10-08T23:27:49.7311054Z   overwrite: false
2026-10-08T23:27:49.7311194Z env:
2026-10-08T23:27:49.7311363Z   G10_SOURCE_COMMIT: 21770325250068d5a2fb05a8c31209894ca806d2
2026-10-08T23:27:49.7311562Z ##[endgroup]
2026-10-08T23:27:49.8358582Z (node:3717) [DEP0040] DeprecationWarning: The `punycode` module is deprecated. Please use a userland alternative instead.
2026-10-08T23:27:49.8359447Z (Use `node --trace-deprecation ...` to show where the warning was created)
2026-10-08T23:27:49.8625853Z With the provided path, there will be 239 files uploaded
2026-10-08T23:27:49.8655886Z Artifact name is valid!
2026-10-08T23:27:49.8656440Z Root directory input is valid!
2026-10-08T23:27:50.1301049Z Beginning upload of artifact content to blob storage
2026-10-08T23:27:50.5211425Z (node:3717) [DEP0169] DeprecationWarning: `url.parse()` behavior is not standardized and prone to errors that have security implications. Use the WHATWG URL API instead. CVEs are not issued for `url.parse()` vulnerabilities.
2026-10-08T23:27:51.0620061Z Uploaded bytes 8388608
2026-10-08T23:27:51.1793003Z Uploaded bytes 10349595
2026-10-08T23:27:51.2221992Z Finished uploading artifact content to blob storage!
2026-10-08T23:27:51.2222695Z SHA256 digest of uploaded artifact zip is 47591534ff3d453438d1cf492d75fec5493c0f965675ee5a9d9459a1fd659e8a
2026-10-08T23:27:51.2223965Z Finalizing artifact upload
2026-10-08T23:27:51.4838077Z Artifact G10-check-evidence-21770325250068d5a2fb05a8c31209894ca806d2.zip successfully finalized. Artifact ID 11586095276
2026-10-08T23:27:51.4839188Z Artifact G10-check-evidence-21770325250068d5a2fb05a8c31209894ca806d2 has been successfully uploaded! Final size is 10349595 bytes. Artifact ID is 11586095276
2026-10-08T23:27:51.4843170Z Artifact download URL: https://github.com/luisitin/partybox-game-cores/actions/runs/37857480233/artifacts/11586095276
2026-10-08T23:27:51.5105802Z Post job cleanup.
2026-10-08T23:27:51.5888591Z (node:3729) [DEP0040] DeprecationWarning: The `punycode` module is deprecated. Please use a userland alternative instead.
2026-10-08T23:27:51.5889365Z (Use `node --trace-deprecation ...` to show where the warning was created)
2026-10-08T23:27:51.5890513Z Cache hit occurred on the primary key node-cache-Linux-x64-npm-b79e3f2344d4218dbbb2f93f566da8e1ac49738aa1184813b150890d461d0c8a, not saving cache.
2026-10-08T23:27:51.6310500Z Post job cleanup.
2026-10-08T23:27:51.6855264Z [command]/usr/bin/git version
2026-10-08T23:27:51.6889620Z git version 2.55.0
2026-10-08T23:27:51.6915721Z Temporarily overriding HOME='/home/runner/work/_temp/b7a4a218-c885-4d60-80ad-baf3e3197821' before making global git config changes
2026-10-08T23:27:51.6916497Z Adding repository directory to the temporary git global config as a safe directory
2026-10-08T23:27:51.6919878Z [command]/usr/bin/git config --global --add safe.directory /home/runner/work/partybox-game-cores/partybox-game-cores
2026-10-08T23:27:51.7511271Z [command]/usr/bin/git config --local --name-only --get-regexp core\.sshCommand
2026-10-08T23:27:51.7544321Z [command]/usr/bin/git submodule foreach --recursive sh -c "git config --local --name-only --get-regexp 'core\.sshCommand' && git config --local --unset-all 'core.sshCommand' || :"
2026-10-08T23:27:51.7721215Z [command]/usr/bin/git config --local --name-only --get-regexp http\.https\:\/\/github\.com\/\.extraheader
2026-10-08T23:27:51.7745781Z http.https://github.com/.extraheader
2026-10-08T23:27:51.7753080Z [command]/usr/bin/git config --local --unset-all http.https://github.com/.extraheader
2026-10-08T23:27:51.8707569Z [command]/usr/bin/git submodule foreach --recursive sh -c "git config --local --name-only --get-regexp 'http\.https\:\/\/github\.com\/\.extraheader' && git config --local --unset-all 'http.https://github.com/.extraheader' || :"
2026-10-08T23:27:51.8889098Z [command]/usr/bin/git config --local --name-only --get-regexp ^includeIf\.gitdir:
2026-10-08T23:27:51.8918236Z [command]/usr/bin/git submodule foreach --recursive git config --local --show-origin --name-only --get-regexp remote.origin.url
2026-10-08T23:27:51.9208736Z Cleaning up orphan processes
2026-10-08T23:27:51.9409952Z ##[warning]Node.js 20 is deprecated. The following actions target Node.js 20 but are being forced to run on Node.js 24: actions/checkout@v4, actions/download-artifact@v4, actions/setup-node@v4, actions/upload-artifact@v4. For more information see: https://github.blog/changelog/2025-09-19-deprecation-of-node-20-on-github-actions-runners/

