2026-10-09T01:32:12.3923854Z Current runner version: '2.337.0'
2026-10-09T01:32:12.3957822Z ##[group]Runner Image Provisioner
2026-10-09T01:32:12.3959102Z Hosted Compute Agent
2026-10-09T01:32:12.3960123Z Version: 20261002.596
2026-10-09T01:32:12.3961228Z Commit: c3d12f3313a95f25162a1503be624f3b0617f8c0
2026-10-09T01:32:12.3962509Z Build Date: 2026-10-02T22:28:27Z
2026-10-09T01:32:12.3963777Z Worker ID: {9232fd99-d868-4091-8d32-d4d99a5d658c}
2026-10-09T01:32:12.3965480Z Region: eastus
2026-10-09T01:32:12.3966422Z Cloud: Azure
2026-10-09T01:32:12.3967299Z ##[endgroup]
2026-10-09T01:32:12.3969516Z ##[group]Operating System
2026-10-09T01:32:12.3970658Z Ubuntu
2026-10-09T01:32:12.3971573Z 24.04.5
2026-10-09T01:32:12.3972440Z LTS
2026-10-09T01:32:12.3973254Z ##[endgroup]
2026-10-09T01:32:12.3974308Z ##[group]Runner Image
2026-10-09T01:32:12.3975655Z Image: ubuntu-24.04
2026-10-09T01:32:12.3976675Z Version: 20261004.327.1
2026-10-09T01:32:12.3978821Z Included Software: https://github.com/actions/runner-images/blob/ubuntu24/20261004.327/images/ubuntu/Ubuntu2404-Readme.md
2026-10-09T01:32:12.3981596Z Image Release: https://github.com/actions/runner-images/releases/tag/ubuntu24%2F20261004.327
2026-10-09T01:32:12.3983266Z ##[endgroup]
2026-10-09T01:32:12.3985456Z ##[group]GITHUB_TOKEN Permissions
2026-10-09T01:32:12.3988080Z Contents: read
2026-10-09T01:32:12.3989013Z Metadata: read
2026-10-09T01:32:12.3989987Z ##[endgroup]
2026-10-09T01:32:12.3992988Z Secret source: Actions
2026-10-09T01:32:12.3994917Z Cache mode: write
2026-10-09T01:32:12.3996090Z Prepare workflow directory
2026-10-09T01:32:12.4783547Z Prepare all required actions
2026-10-09T01:32:12.4856440Z Getting action download info
2026-10-09T01:32:12.6780956Z Download action repository 'actions/checkout@v4' (SHA:11d5960a326750d5838078e36cf38b85af677262)
2026-10-09T01:32:12.7677009Z Download action repository 'actions/setup-node@v4' (SHA:49933ea5288caeca8642d1e84afbd3f7d6820020)
2026-10-09T01:32:12.9158121Z Download action repository 'actions/upload-artifact@v4' (SHA:ea165f8d65b6e75b540449e92b4886f43607fa02)
2026-10-09T01:32:13.1250983Z Complete job name: checks (node)
2026-10-09T01:32:13.2047425Z ##[group]Run actions/checkout@v4
2026-10-09T01:32:13.2048385Z with:
2026-10-09T01:32:13.2048892Z   ref: df123c797b226c479b50a998011c1ea6d0157391
2026-10-09T01:32:13.2049617Z   repository: luisitin/partybox-game-cores
2026-10-09T01:32:13.2054167Z   token: ***
2026-10-09T01:32:13.2054847Z   ssh-strict: true
2026-10-09T01:32:13.2055318Z   ssh-user: git
2026-10-09T01:32:13.2055841Z   persist-credentials: true
2026-10-09T01:32:13.2056368Z   clean: true
2026-10-09T01:32:13.2056863Z   sparse-checkout-cone-mode: true
2026-10-09T01:32:13.2057436Z   fetch-depth: 1
2026-10-09T01:32:13.2057899Z   fetch-tags: false
2026-10-09T01:32:13.2058375Z   show-progress: true
2026-10-09T01:32:13.2058865Z   lfs: false
2026-10-09T01:32:13.2059310Z   submodules: false
2026-10-09T01:32:13.2059796Z   set-safe-directory: true
2026-10-09T01:32:13.2060345Z   allow-unsafe-pr-checkout: false
2026-10-09T01:32:13.2061174Z env:
2026-10-09T01:32:13.2061825Z   G10_SOURCE_COMMIT: df123c797b226c479b50a998011c1ea6d0157391
2026-10-09T01:32:13.2062563Z ##[endgroup]
2026-10-09T01:32:13.3090889Z Syncing repository: luisitin/partybox-game-cores
2026-10-09T01:32:13.3094874Z ##[group]Getting Git version info
2026-10-09T01:32:13.3096448Z Working directory is '/home/runner/work/partybox-game-cores/partybox-game-cores'
2026-10-09T01:32:13.3097858Z [command]/usr/bin/git version
2026-10-09T01:32:13.3170407Z git version 2.55.0
2026-10-09T01:32:13.3199058Z ##[endgroup]
2026-10-09T01:32:13.3215187Z Temporarily overriding HOME='/home/runner/work/_temp/76c4186e-27a1-421d-a79f-319e73cf9a78' before making global git config changes
2026-10-09T01:32:13.3218119Z Adding repository directory to the temporary git global config as a safe directory
2026-10-09T01:32:13.3220684Z [command]/usr/bin/git config --global --add safe.directory /home/runner/work/partybox-game-cores/partybox-game-cores
2026-10-09T01:32:13.3277008Z Deleting the contents of '/home/runner/work/partybox-game-cores/partybox-game-cores'
2026-10-09T01:32:13.3283597Z ##[group]Initializing the repository
2026-10-09T01:32:13.3289772Z [command]/usr/bin/git init /home/runner/work/partybox-game-cores/partybox-game-cores
2026-10-09T01:32:13.3406778Z hint: Using 'master' as the name for the initial branch. This default branch name
2026-10-09T01:32:13.3408576Z hint: will change to "main" in Git 3.0. To configure the initial branch name
2026-10-09T01:32:13.3411822Z hint: to use in all of your new repositories, which will suppress this warning,
2026-10-09T01:32:13.3413490Z hint: call:
2026-10-09T01:32:13.3414318Z hint:
2026-10-09T01:32:13.3415643Z hint: 	git config --global init.defaultBranch <name>
2026-10-09T01:32:13.3416957Z hint:
2026-10-09T01:32:13.3418171Z hint: Names commonly chosen instead of 'master' are 'main', 'trunk' and
2026-10-09T01:32:13.3420167Z hint: 'development'. The just-created branch can be renamed via this command:
2026-10-09T01:32:13.3422044Z hint:
2026-10-09T01:32:13.3422963Z hint: 	git branch -m <name>
2026-10-09T01:32:13.3424051Z hint:
2026-10-09T01:32:13.3425685Z hint: Disable this message with "git config set advice.defaultBranchName false"
2026-10-09T01:32:13.3428188Z Initialized empty Git repository in /home/runner/work/partybox-game-cores/partybox-game-cores/.git/
2026-10-09T01:32:13.3432270Z [command]/usr/bin/git remote add origin https://github.com/luisitin/partybox-game-cores
2026-10-09T01:32:13.3506321Z ##[endgroup]
2026-10-09T01:32:13.3507828Z ##[group]Disabling automatic garbage collection
2026-10-09T01:32:13.3511509Z [command]/usr/bin/git config --local gc.auto 0
2026-10-09T01:32:13.3556081Z ##[endgroup]
2026-10-09T01:32:13.3557536Z ##[group]Setting up auth
2026-10-09T01:32:13.3567389Z [command]/usr/bin/git config --local --name-only --get-regexp core\.sshCommand
2026-10-09T01:32:13.3616080Z [command]/usr/bin/git submodule foreach --recursive sh -c "git config --local --name-only --get-regexp 'core\.sshCommand' && git config --local --unset-all 'core.sshCommand' || :"
2026-10-09T01:32:13.4006506Z [command]/usr/bin/git config --local --name-only --get-regexp http\.https\:\/\/github\.com\/\.extraheader
2026-10-09T01:32:13.4057904Z [command]/usr/bin/git submodule foreach --recursive sh -c "git config --local --name-only --get-regexp 'http\.https\:\/\/github\.com\/\.extraheader' && git config --local --unset-all 'http.https://github.com/.extraheader' || :"
2026-10-09T01:32:13.4331475Z [command]/usr/bin/git config --local --name-only --get-regexp ^includeIf\.gitdir:
2026-10-09T01:32:13.4379803Z [command]/usr/bin/git submodule foreach --recursive git config --local --show-origin --name-only --get-regexp remote.origin.url
2026-10-09T01:32:13.4680678Z [command]/usr/bin/git config --local http.https://github.com/.extraheader AUTHORIZATION: basic ***
2026-10-09T01:32:13.4690066Z ##[endgroup]
2026-10-09T01:32:13.4691627Z ##[group]Fetching the repository
2026-10-09T01:32:13.4701769Z [command]/usr/bin/git -c protocol.version=2 fetch --no-tags --prune --no-recurse-submodules --depth=1 origin df123c797b226c479b50a998011c1ea6d0157391
2026-10-09T01:32:31.2087339Z From https://github.com/luisitin/partybox-game-cores
2026-10-09T01:32:31.2088432Z  * branch            df123c797b226c479b50a998011c1ea6d0157391 -> FETCH_HEAD
2026-10-09T01:32:31.2092058Z ##[endgroup]
2026-10-09T01:32:31.2093189Z ##[group]Determining the checkout info
2026-10-09T01:32:31.2095886Z ##[endgroup]
2026-10-09T01:32:31.2102254Z [command]/usr/bin/git sparse-checkout disable
2026-10-09T01:32:31.2159048Z [command]/usr/bin/git config --local --unset-all extensions.worktreeConfig
2026-10-09T01:32:31.2202691Z ##[group]Checking out the ref
2026-10-09T01:32:31.2203306Z [command]/usr/bin/git checkout --progress --force df123c797b226c479b50a998011c1ea6d0157391
2026-10-09T01:32:32.3149636Z Updating files:   9% (180/1861)
2026-10-09T01:32:33.2933671Z Updating files:  10% (187/1861)
2026-10-09T01:32:33.9021563Z Updating files:  10% (199/1861)
2026-10-09T01:32:34.3092810Z Updating files:  11% (205/1861)
2026-10-09T01:32:34.9954713Z Updating files:  11% (216/1861)
2026-10-09T01:32:35.2604124Z Updating files:  12% (224/1861)
2026-10-09T01:32:36.1575442Z Updating files:  12% (226/1861)
2026-10-09T01:32:36.2869503Z Updating files:  13% (242/1861)
2026-10-09T01:32:36.8582243Z Updating files:  13% (243/1861)
2026-10-09T01:32:36.8783081Z Updating files:  14% (261/1861)
2026-10-09T01:32:36.8793353Z Updating files:  15% (280/1861)
2026-10-09T01:32:36.8807149Z Updating files:  16% (298/1861)
2026-10-09T01:32:36.9007727Z Updating files:  17% (317/1861)
2026-10-09T01:32:36.9015748Z Updating files:  18% (335/1861)
2026-10-09T01:32:36.9040536Z Updating files:  19% (354/1861)
2026-10-09T01:32:36.9184131Z Updating files:  20% (373/1861)
2026-10-09T01:32:36.9195156Z Updating files:  21% (391/1861)
2026-10-09T01:32:36.9203019Z Updating files:  22% (410/1861)
2026-10-09T01:32:36.9226331Z Updating files:  23% (429/1861)
2026-10-09T01:32:36.9242940Z Updating files:  24% (447/1861)
2026-10-09T01:32:36.9257121Z Updating files:  25% (466/1861)
2026-10-09T01:32:36.9269556Z Updating files:  26% (484/1861)
2026-10-09T01:32:36.9283803Z Updating files:  27% (503/1861)
2026-10-09T01:32:36.9293970Z Updating files:  28% (522/1861)
2026-10-09T01:32:36.9368971Z Updating files:  29% (540/1861)
2026-10-09T01:32:36.9384015Z Updating files:  30% (559/1861)
2026-10-09T01:32:36.9716111Z Updating files:  31% (577/1861)
2026-10-09T01:32:36.9725868Z Updating files:  32% (596/1861)
2026-10-09T01:32:36.9811098Z Updating files:  33% (615/1861)
2026-10-09T01:32:36.9991453Z Updating files:  34% (633/1861)
2026-10-09T01:32:37.0173891Z Updating files:  35% (652/1861)
2026-10-09T01:32:37.0184040Z Updating files:  36% (670/1861)
2026-10-09T01:32:37.0360362Z Updating files:  37% (689/1861)
2026-10-09T01:32:37.0370304Z Updating files:  38% (708/1861)
2026-10-09T01:32:37.0545425Z Updating files:  39% (726/1861)
2026-10-09T01:32:37.0561794Z Updating files:  40% (745/1861)
2026-10-09T01:32:37.0575530Z Updating files:  41% (764/1861)
2026-10-09T01:32:37.0628326Z Updating files:  42% (782/1861)
2026-10-09T01:32:37.0641045Z Updating files:  43% (801/1861)
2026-10-09T01:32:37.0650679Z Updating files:  44% (819/1861)
2026-10-09T01:32:37.0673111Z Updating files:  45% (838/1861)
2026-10-09T01:32:37.0809501Z Updating files:  46% (857/1861)
2026-10-09T01:32:37.0968749Z Updating files:  47% (875/1861)
2026-10-09T01:32:37.1098142Z Updating files:  48% (894/1861)
2026-10-09T01:32:37.1301502Z Updating files:  49% (912/1861)
2026-10-09T01:32:37.1319652Z Updating files:  50% (931/1861)
2026-10-09T01:32:37.1335961Z Updating files:  51% (950/1861)
2026-10-09T01:32:37.1376856Z Updating files:  52% (968/1861)
2026-10-09T01:32:37.1429715Z Updating files:  53% (987/1861)
2026-10-09T01:32:37.1445851Z Updating files:  54% (1005/1861)
2026-10-09T01:32:37.1485006Z Updating files:  55% (1024/1861)
2026-10-09T01:32:37.1526582Z Updating files:  56% (1043/1861)
2026-10-09T01:32:37.1574324Z Updating files:  57% (1061/1861)
2026-10-09T01:32:37.1619073Z Updating files:  58% (1080/1861)
2026-10-09T01:32:37.1659513Z Updating files:  59% (1098/1861)
2026-10-09T01:32:37.1679167Z Updating files:  60% (1117/1861)
2026-10-09T01:32:37.1719675Z Updating files:  61% (1136/1861)
2026-10-09T01:32:37.1756931Z Updating files:  62% (1154/1861)
2026-10-09T01:32:37.1793931Z Updating files:  63% (1173/1861)
2026-10-09T01:32:37.1837855Z Updating files:  64% (1192/1861)
2026-10-09T01:32:37.1862647Z Updating files:  65% (1210/1861)
2026-10-09T01:32:37.1894270Z Updating files:  66% (1229/1861)
2026-10-09T01:32:37.1932103Z Updating files:  67% (1247/1861)
2026-10-09T01:32:37.1988148Z Updating files:  68% (1266/1861)
2026-10-09T01:32:37.2031002Z Updating files:  69% (1285/1861)
2026-10-09T01:32:37.2043523Z Updating files:  70% (1303/1861)
2026-10-09T01:32:37.2065132Z Updating files:  71% (1322/1861)
2026-10-09T01:32:37.2075440Z Updating files:  72% (1340/1861)
2026-10-09T01:32:37.2084366Z Updating files:  73% (1359/1861)
2026-10-09T01:32:37.2093813Z Updating files:  74% (1378/1861)
2026-10-09T01:32:37.2101108Z Updating files:  75% (1396/1861)
2026-10-09T01:32:37.2122727Z Updating files:  76% (1415/1861)
2026-10-09T01:32:37.2151276Z Updating files:  77% (1433/1861)
2026-10-09T01:32:37.2161164Z Updating files:  78% (1452/1861)
2026-10-09T01:32:37.2170251Z Updating files:  79% (1471/1861)
2026-10-09T01:32:37.2185710Z Updating files:  80% (1489/1861)
2026-10-09T01:32:37.2195068Z Updating files:  81% (1508/1861)
2026-10-09T01:32:37.2203787Z Updating files:  82% (1527/1861)
2026-10-09T01:32:37.2212586Z Updating files:  83% (1545/1861)
2026-10-09T01:32:37.2239945Z Updating files:  84% (1564/1861)
2026-10-09T01:32:37.2249285Z Updating files:  85% (1582/1861)
2026-10-09T01:32:37.2257469Z Updating files:  86% (1601/1861)
2026-10-09T01:32:37.2259223Z Updating files:  86% (1616/1861)
2026-10-09T01:32:37.2267726Z Updating files:  87% (1620/1861)
2026-10-09T01:32:37.2275017Z Updating files:  88% (1638/1861)
2026-10-09T01:32:37.2282946Z Updating files:  89% (1657/1861)
2026-10-09T01:32:37.2301694Z Updating files:  90% (1675/1861)
2026-10-09T01:32:37.2344196Z Updating files:  91% (1694/1861)
2026-10-09T01:32:37.2421793Z Updating files:  92% (1713/1861)
2026-10-09T01:32:37.2438402Z Updating files:  93% (1731/1861)
2026-10-09T01:32:37.2447759Z Updating files:  94% (1750/1861)
2026-10-09T01:32:37.5805188Z Updating files:  95% (1768/1861)
2026-10-09T01:32:37.5813830Z Updating files:  96% (1787/1861)
2026-10-09T01:32:37.5824388Z Updating files:  97% (1806/1861)
2026-10-09T01:32:37.5835287Z Updating files:  98% (1824/1861)
2026-10-09T01:32:37.5846093Z Updating files:  99% (1843/1861)
2026-10-09T01:32:37.5846613Z Updating files: 100% (1861/1861)
2026-10-09T01:32:37.5847122Z Updating files: 100% (1861/1861), done.
2026-10-09T01:32:37.5874027Z Note: switching to 'df123c797b226c479b50a998011c1ea6d0157391'.
2026-10-09T01:32:37.5874710Z 
2026-10-09T01:32:37.5875080Z You are in 'detached HEAD' state. You can look around, make experimental
2026-10-09T01:32:37.5875727Z changes and commit them, and you can discard any commits you make in this
2026-10-09T01:32:37.5876346Z state without impacting any branches by switching back to a branch.
2026-10-09T01:32:37.5876738Z 
2026-10-09T01:32:37.5877225Z If you want to create a new branch to retain commits you create, you may
2026-10-09T01:32:37.5877801Z do so (now or later) by using -c with the switch command. Example:
2026-10-09T01:32:37.5878126Z 
2026-10-09T01:32:37.5878263Z   git switch -c <new-branch-name>
2026-10-09T01:32:37.5878485Z 
2026-10-09T01:32:37.5878614Z Or undo this operation with:
2026-10-09T01:32:37.5878820Z 
2026-10-09T01:32:37.5878933Z   git switch -
2026-10-09T01:32:37.5879081Z 
2026-10-09T01:32:37.5879359Z Turn off this advice by setting config variable advice.detachedHead to false
2026-10-09T01:32:37.5879848Z 
2026-10-09T01:32:37.5880227Z HEAD is now at df123c7 Prepare early American startup with verified full production output
2026-10-09T01:32:37.6017750Z ##[endgroup]
2026-10-09T01:32:37.6073727Z [command]/usr/bin/git log -1 --format=%H
2026-10-09T01:32:37.6102603Z df123c797b226c479b50a998011c1ea6d0157391
2026-10-09T01:32:37.6364102Z ##[group]Run actions/setup-node@v4
2026-10-09T01:32:37.6364721Z with:
2026-10-09T01:32:37.6364936Z   node-version: 22.16.0
2026-10-09T01:32:37.6365176Z   cache: npm
2026-10-09T01:32:37.6365464Z   cache-dependency-path: jobs/G10-checkers/package-lock.json
2026-10-09T01:32:37.6365828Z   always-auth: false
2026-10-09T01:32:37.6366053Z   check-latest: false
2026-10-09T01:32:37.6368335Z   token: ***
2026-10-09T01:32:37.6368537Z env:
2026-10-09T01:32:37.6368791Z   G10_SOURCE_COMMIT: df123c797b226c479b50a998011c1ea6d0157391
2026-10-09T01:32:37.6369124Z ##[endgroup]
2026-10-09T01:32:37.7746764Z Attempting to download 22.16.0...
2026-10-09T01:32:37.7854250Z (node:2235) [DEP0040] DeprecationWarning: The `punycode` module is deprecated. Please use a userland alternative instead.
2026-10-09T01:32:37.7855731Z (Use `node --trace-deprecation ...` to show where the warning was created)
2026-10-09T01:32:38.2845622Z Acquiring 22.16.0 - x64 from https://github.com/actions/node-versions/releases/download/22.16.0-15177438473/node-22.16.0-linux-x64.tar.gz
2026-10-09T01:32:38.8175691Z Extracting ...
2026-10-09T01:32:38.8330127Z [command]/usr/bin/tar xz --strip 1 --warning=no-unknown-keyword --overwrite -C /home/runner/work/_temp/115711a7-943b-4823-af6d-71501c5d59ee -f /home/runner/work/_temp/9e61c678-8334-4a0d-b5ed-73a22fb1474b
2026-10-09T01:32:40.0356218Z Adding to the cache ...
2026-10-09T01:32:44.8476658Z ##[group]Environment details
2026-10-09T01:32:45.0682069Z node: v22.16.0
2026-10-09T01:32:45.0682411Z npm: 10.9.2
2026-10-09T01:32:45.0682771Z yarn: 1.22.22
2026-10-09T01:32:45.0683394Z ##[endgroup]
2026-10-09T01:32:45.0702625Z [command]/opt/hostedtoolcache/node/22.16.0/x64/bin/npm config get cache
2026-10-09T01:32:45.1619845Z /home/runner/.npm
2026-10-09T01:32:45.2267674Z Cache hit for: node-cache-Linux-x64-npm-b79e3f2344d4218dbbb2f93f566da8e1ac49738aa1184813b150890d461d0c8a
2026-10-09T01:32:45.2419174Z (node:2235) [DEP0169] DeprecationWarning: `url.parse()` behavior is not standardized and prone to errors that have security implications. Use the WHATWG URL API instead. CVEs are not issued for `url.parse()` vulnerabilities.
2026-10-09T01:32:45.4811267Z Received 12676330 of 12676330 (100.0%), 61.4 MBs/sec
2026-10-09T01:32:45.4812109Z Cache Size: ~12 MB (12676330 B)
2026-10-09T01:32:45.4837329Z [command]/usr/bin/tar -xf /home/runner/work/_temp/a35069ef-a2ae-4f8b-9443-236239000b6b/cache.tzst -P -C /home/runner/work/partybox-game-cores/partybox-game-cores --use-compress-program unzstd
2026-10-09T01:32:45.5058674Z Cache restored successfully
2026-10-09T01:32:45.5068653Z Cache restored from key: node-cache-Linux-x64-npm-b79e3f2344d4218dbbb2f93f566da8e1ac49738aa1184813b150890d461d0c8a
2026-10-09T01:32:45.5254698Z ##[group]Run npm ci --ignore-scripts --no-audit --no-fund
2026-10-09T01:32:45.5255225Z [36;1mnpm ci --ignore-scripts --no-audit --no-fund[0m
2026-10-09T01:32:45.5521075Z shell: /usr/bin/bash -e {0}
2026-10-09T01:32:45.5521425Z env:
2026-10-09T01:32:45.5521765Z   G10_SOURCE_COMMIT: df123c797b226c479b50a998011c1ea6d0157391
2026-10-09T01:32:45.5522206Z ##[endgroup]
2026-10-09T01:32:46.4845788Z 
2026-10-09T01:32:46.4854296Z added 6 packages in 873ms
2026-10-09T01:32:46.5321896Z ##[group]Run if [ -f /etc/apt/apt-mirrors.txt ]; then
2026-10-09T01:32:46.5322337Z [36;1mif [ -f /etc/apt/apt-mirrors.txt ]; then[0m
2026-10-09T01:32:46.5322970Z [36;1m  sudo sed -i 's#http://azure.archive.ubuntu.com/ubuntu#https://archive.ubuntu.com/ubuntu#g' /etc/apt/apt-mirrors.txt[0m
2026-10-09T01:32:46.5323537Z [36;1mfi[0m
2026-10-09T01:32:46.5388325Z shell: /usr/bin/bash -e {0}
2026-10-09T01:32:46.5388582Z env:
2026-10-09T01:32:46.5388859Z   G10_SOURCE_COMMIT: df123c797b226c479b50a998011c1ea6d0157391
2026-10-09T01:32:46.5389192Z ##[endgroup]
2026-10-09T01:32:46.5636203Z ##[group]Run sudo apt-get update
2026-10-09T01:32:46.5636547Z [36;1msudo apt-get update[0m
2026-10-09T01:32:46.5636825Z [36;1msudo apt-get install -y ffmpeg[0m
2026-10-09T01:32:46.5637118Z [36;1mffprobe -version[0m
2026-10-09T01:32:46.5637366Z [36;1mffmpeg -version[0m
2026-10-09T01:32:46.5695365Z shell: /usr/bin/bash -e {0}
2026-10-09T01:32:46.5695653Z env:
2026-10-09T01:32:46.5695930Z   G10_SOURCE_COMMIT: df123c797b226c479b50a998011c1ea6d0157391
2026-10-09T01:32:46.5696277Z ##[endgroup]
2026-10-09T01:32:46.6546633Z Get:1 file:/etc/apt/apt-mirrors.txt Mirrorlist [139 B]
2026-10-09T01:32:46.6800625Z Get:6 https://packages.microsoft.com/ubuntu/24.04/prod noble InRelease [3600 B]
2026-10-09T01:32:46.7650421Z Get:7 https://packages.microsoft.com/ubuntu/24.04/prod noble/main amd64 Packages [531 kB]
2026-10-09T01:32:46.7799015Z Get:8 https://packages.microsoft.com/ubuntu/24.04/prod noble/main armhf Packages [12.3 kB]
2026-10-09T01:32:46.7845635Z Get:9 https://packages.microsoft.com/ubuntu/24.04/prod noble/main arm64 Packages [474 kB]
2026-10-09T01:32:46.7880535Z Get:10 https://packages.microsoft.com/ubuntu/24.04/prod noble/main all Packages [640 B]
2026-10-09T01:32:47.2200155Z Hit:2 https://archive.ubuntu.com/ubuntu noble InRelease
2026-10-09T01:32:47.3100539Z Get:3 https://archive.ubuntu.com/ubuntu noble-updates InRelease [126 kB]
2026-10-09T01:32:47.6193761Z Get:4 https://archive.ubuntu.com/ubuntu noble-backports InRelease [126 kB]
2026-10-09T01:32:47.7993158Z Get:5 https://archive.ubuntu.com/ubuntu noble-security InRelease [126 kB]
2026-10-09T01:32:47.9292412Z Get:11 https://archive.ubuntu.com/ubuntu noble-updates/main amd64 Packages [1375 kB]
2026-10-09T01:32:48.3553597Z Get:12 https://archive.ubuntu.com/ubuntu noble-updates/main Translation-en [306 kB]
2026-10-09T01:32:48.4553808Z Get:13 https://archive.ubuntu.com/ubuntu noble-updates/universe amd64 Packages [1702 kB]
2026-10-09T01:32:48.6645250Z Get:14 https://archive.ubuntu.com/ubuntu noble-updates/universe Translation-en [342 kB]
2026-10-09T01:32:48.7560478Z Get:15 https://archive.ubuntu.com/ubuntu noble-updates/restricted amd64 Packages [1761 kB]
2026-10-09T01:32:48.8943137Z Get:16 https://archive.ubuntu.com/ubuntu noble-updates/restricted Translation-en [401 kB]
2026-10-09T01:32:48.9869490Z Get:17 https://archive.ubuntu.com/ubuntu noble-updates/multiverse amd64 Packages [55.0 kB]
2026-10-09T01:32:49.0716818Z Get:18 https://archive.ubuntu.com/ubuntu noble-updates/multiverse Translation-en [14.3 kB]
2026-10-09T01:32:49.1553761Z Get:19 https://archive.ubuntu.com/ubuntu noble-security/main amd64 Packages [1116 kB]
2026-10-09T01:32:49.2679250Z Get:20 https://archive.ubuntu.com/ubuntu noble-security/main Translation-en [228 kB]
2026-10-09T01:32:49.4783052Z Get:21 https://archive.ubuntu.com/ubuntu noble-security/universe amd64 Packages [1220 kB]
2026-10-09T01:32:49.5932477Z Get:22 https://archive.ubuntu.com/ubuntu noble-security/universe Translation-en [245 kB]
2026-10-09T01:32:49.6811180Z Get:23 https://archive.ubuntu.com/ubuntu noble-security/restricted amd64 Packages [1632 kB]
2026-10-09T01:32:49.8085446Z Get:24 https://archive.ubuntu.com/ubuntu noble-security/restricted Translation-en [376 kB]
2026-10-09T01:32:49.9021975Z Get:25 https://archive.ubuntu.com/ubuntu noble-security/multiverse Translation-en [11.6 kB]
2026-10-09T01:32:51.8771560Z Fetched 12.2 MB in 3s (3711 kB/s)
2026-10-09T01:32:52.7187715Z Reading package lists...
2026-10-09T01:32:52.7495636Z Reading package lists...
2026-10-09T01:32:52.9284097Z Building dependency tree...
2026-10-09T01:32:52.9291508Z Reading state information...
2026-10-09T01:32:53.0689918Z The following additional packages will be installed:
2026-10-09T01:32:53.0691111Z   i965-va-driver intel-media-va-driver libaacs0 libass9 libasyncns0
2026-10-09T01:32:53.0692087Z   libavc1394-0 libavcodec60 libavdevice60 libavfilter9 libavformat60
2026-10-09T01:32:53.0693172Z   libavutil58 libbdplus0 libblas3 libbluray2 libbs2b0 libcaca0
2026-10-09T01:32:53.0695447Z   libcdio-cdda2t64 libcdio-paranoia2t64 libcdio19t64 libchromaprint1 libcjson1
2026-10-09T01:32:53.0696865Z   libcodec2-1.2 libdav1d7 libdc1394-25 libdecor-0-0 libdecor-0-plugin-1-gtk
2026-10-09T01:32:53.0698142Z   libflac12t64 libflite1 libgme0 libgsm1 libhwy1t64 libiec61883-0 libigdgmm12
2026-10-09T01:32:53.0699309Z   libjack-jackd2-0 libjxl0.7 liblapack3 liblilv-0-0 libmbedcrypto7t64
2026-10-09T01:32:53.0700384Z   libmp3lame0 libmpg123-0t64 libmysofa1 libopenal-data libopenal1
2026-10-09T01:32:53.0701511Z   libopenmpt0t64 libopus0 libplacebo338 libpocketsphinx3 libpostproc57
2026-10-09T01:32:53.0702566Z   libpulse0 librav1e0 libraw1394-11 librist4 librsvg2-2 librsvg2-common
2026-10-09T01:32:53.0703494Z   librubberband2 libsamplerate0 libsdl2-2.0-0 libserd-0-0 libshine3
2026-10-09T01:32:53.0704408Z   libsndfile1 libsndio7.0 libsord-0-0 libsoxr0 libspeex1 libsphinxbase3t64
2026-10-09T01:32:53.0705660Z   libsratom-0-0 libsrt1.5-gnutls libssh-gcrypt-4 libsvtav1enc1d1
2026-10-09T01:32:53.0706562Z   libswresample4 libswscale7 libtheora0 libtwolame0 libudfread0 libunibreak5
2026-10-09T01:32:53.0707255Z   libva-drm2 libva-x11-2 libva2 libvdpau1 libvidstab1.1 libvorbisenc2 libvpl2
2026-10-09T01:32:53.0707917Z   libvpx9 libx264-164 libx265-199 libxcb-shape0 libxv1 libxvidcore4 libzimg2
2026-10-09T01:32:53.0708694Z   libzix-0-0 libzvbi-common libzvbi0t64 mesa-va-drivers mesa-vdpau-drivers
2026-10-09T01:32:53.0709591Z   ocl-icd-libopencl1 pocketsphinx-en-us va-driver-all vdpau-driver-all
2026-10-09T01:32:53.0710093Z Suggested packages:
2026-10-09T01:32:53.0710646Z   ffmpeg-doc i965-va-driver-shaders libcuda1 libnvcuvid1 libnvidia-encode1
2026-10-09T01:32:53.0711236Z   libbluray-bdj jackd2 libportaudio2 opus-tools pulseaudio libraw1394-doc
2026-10-09T01:32:53.0711773Z   librsvg2-bin serdi sndiod sordi speex opencl-icd libvdpau-va-gl1
2026-10-09T01:32:53.1142914Z The following NEW packages will be installed:
2026-10-09T01:32:53.1144060Z   ffmpeg i965-va-driver intel-media-va-driver libaacs0 libass9 libasyncns0
2026-10-09T01:32:53.1145779Z   libavc1394-0 libavcodec60 libavdevice60 libavfilter9 libavformat60
2026-10-09T01:32:53.1146801Z   libavutil58 libbdplus0 libblas3 libbluray2 libbs2b0 libcaca0
2026-10-09T01:32:53.1147941Z   libcdio-cdda2t64 libcdio-paranoia2t64 libcdio19t64 libchromaprint1 libcjson1
2026-10-09T01:32:53.1149167Z   libcodec2-1.2 libdav1d7 libdc1394-25 libdecor-0-0 libdecor-0-plugin-1-gtk
2026-10-09T01:32:53.1150624Z   libflac12t64 libflite1 libgme0 libgsm1 libhwy1t64 libiec61883-0 libigdgmm12
2026-10-09T01:32:53.1151778Z   libjack-jackd2-0 libjxl0.7 liblapack3 liblilv-0-0 libmbedcrypto7t64
2026-10-09T01:32:53.1152815Z   libmp3lame0 libmpg123-0t64 libmysofa1 libopenal-data libopenal1
2026-10-09T01:32:53.1153940Z   libopenmpt0t64 libopus0 libplacebo338 libpocketsphinx3 libpostproc57
2026-10-09T01:32:53.1155436Z   libpulse0 librav1e0 libraw1394-11 librist4 librsvg2-2 librsvg2-common
2026-10-09T01:32:53.1156622Z   librubberband2 libsamplerate0 libsdl2-2.0-0 libserd-0-0 libshine3
2026-10-09T01:32:53.1157849Z   libsndfile1 libsndio7.0 libsord-0-0 libsoxr0 libspeex1 libsphinxbase3t64
2026-10-09T01:32:53.1159074Z   libsratom-0-0 libsrt1.5-gnutls libssh-gcrypt-4 libsvtav1enc1d1
2026-10-09T01:32:53.1160323Z   libswresample4 libswscale7 libtheora0 libtwolame0 libudfread0 libunibreak5
2026-10-09T01:32:53.1161656Z   libva-drm2 libva-x11-2 libva2 libvdpau1 libvidstab1.1 libvorbisenc2 libvpl2
2026-10-09T01:32:53.1162691Z   libvpx9 libx264-164 libx265-199 libxcb-shape0 libxv1 libxvidcore4 libzimg2
2026-10-09T01:32:53.1163677Z   libzix-0-0 libzvbi-common libzvbi0t64 mesa-va-drivers mesa-vdpau-drivers
2026-10-09T01:32:53.1165001Z   ocl-icd-libopencl1 pocketsphinx-en-us va-driver-all vdpau-driver-all
2026-10-09T01:32:53.1351248Z 0 upgraded, 99 newly installed, 0 to remove and 23 not upgraded.
2026-10-09T01:32:53.1351985Z Need to get 94.1 MB of archives.
2026-10-09T01:32:53.1352462Z After this operation, 227 MB of additional disk space will be used.
2026-10-09T01:32:53.1352972Z Get:1 file:/etc/apt/apt-mirrors.txt Mirrorlist [139 B]
2026-10-09T01:32:53.7242356Z Get:2 https://archive.ubuntu.com/ubuntu noble-updates/universe amd64 libva2 amd64 2.20.0-2ubuntu0.2 [66.4 kB]
2026-10-09T01:32:54.0702343Z Get:3 https://archive.ubuntu.com/ubuntu noble-updates/universe amd64 libva-drm2 amd64 2.20.0-2ubuntu0.2 [7124 B]
2026-10-09T01:32:54.1861047Z Get:4 https://archive.ubuntu.com/ubuntu noble-updates/universe amd64 libva-x11-2 amd64 2.20.0-2ubuntu0.2 [12.0 kB]
2026-10-09T01:32:54.3070452Z Get:5 https://archive.ubuntu.com/ubuntu noble/main amd64 libvdpau1 amd64 1.5-2build1 [27.8 kB]
2026-10-09T01:32:54.4410233Z Get:6 https://archive.ubuntu.com/ubuntu noble/universe amd64 libvpl2 amd64 2023.3.0-1build1 [99.8 kB]
2026-10-09T01:32:54.6701835Z Get:7 https://archive.ubuntu.com/ubuntu noble/universe amd64 ocl-icd-libopencl1 amd64 2.3.2-1build1 [38.5 kB]
2026-10-09T01:32:54.7968714Z Get:8 https://archive.ubuntu.com/ubuntu noble/universe amd64 libavutil58 amd64 7:6.1.1-3ubuntu5 [401 kB]
2026-10-09T01:32:55.1372440Z Get:9 https://archive.ubuntu.com/ubuntu noble/universe amd64 libcodec2-1.2 amd64 1.2.0-2build1 [8998 kB]
2026-10-09T01:32:56.0574023Z Get:10 https://archive.ubuntu.com/ubuntu noble/universe amd64 libdav1d7 amd64 1.4.1-1build1 [604 kB]
2026-10-09T01:32:56.1765889Z Get:11 https://archive.ubuntu.com/ubuntu noble/universe amd64 libgsm1 amd64 1.0.22-1build1 [27.8 kB]
2026-10-09T01:32:56.2887061Z Get:12 https://archive.ubuntu.com/ubuntu noble/universe amd64 libhwy1t64 amd64 1.0.7-8.1build1 [584 kB]
2026-10-09T01:32:56.4076218Z Get:13 https://archive.ubuntu.com/ubuntu noble-updates/universe amd64 libjxl0.7 amd64 0.7.0-10.2ubuntu6.1 [1001 kB]
2026-10-09T01:32:56.5324749Z Get:14 https://archive.ubuntu.com/ubuntu noble/main amd64 libmp3lame0 amd64 3.100-6build1 [142 kB]
2026-10-09T01:32:56.6456015Z Get:15 https://archive.ubuntu.com/ubuntu noble/main amd64 libopus0 amd64 1.4-1build1 [208 kB]
2026-10-09T01:32:56.7595971Z Get:16 https://archive.ubuntu.com/ubuntu noble/universe amd64 librav1e0 amd64 0.7.1-2 [1022 kB]
2026-10-09T01:32:56.8847167Z Get:17 https://archive.ubuntu.com/ubuntu noble-updates/main amd64 librsvg2-2 amd64 2.58.0+dfsg-1ubuntu0.1 [2141 kB]
2026-10-09T01:32:57.0250847Z Get:18 https://archive.ubuntu.com/ubuntu noble/universe amd64 libshine3 amd64 3.1.1-2build1 [23.2 kB]
2026-10-09T01:32:57.1371085Z Get:19 https://archive.ubuntu.com/ubuntu noble-updates/main amd64 libspeex1 amd64 1.2.1-2ubuntu2.24.04.1 [59.6 kB]
2026-10-09T01:32:57.2494839Z Get:20 https://archive.ubuntu.com/ubuntu noble/universe amd64 libsvtav1enc1d1 amd64 1.7.0+dfsg-2build1 [2425 kB]
2026-10-09T01:32:57.5450449Z Get:21 https://archive.ubuntu.com/ubuntu noble/universe amd64 libsoxr0 amd64 0.1.3-4build3 [80.0 kB]
2026-10-09T01:32:57.6574921Z Get:22 https://archive.ubuntu.com/ubuntu noble/universe amd64 libswresample4 amd64 7:6.1.1-3ubuntu5 [63.8 kB]
2026-10-09T01:32:57.7700120Z Get:23 https://archive.ubuntu.com/ubuntu noble/main amd64 libtheora0 amd64 1.1.1+dfsg.1-16.1build3 [211 kB]
2026-10-09T01:32:57.8839265Z Get:24 https://archive.ubuntu.com/ubuntu noble/main amd64 libtwolame0 amd64 0.4.0-2build3 [52.3 kB]
2026-10-09T01:32:57.9962553Z Get:25 https://archive.ubuntu.com/ubuntu noble/main amd64 libvorbisenc2 amd64 1.3.7-1build3 [80.8 kB]
2026-10-09T01:32:58.1093153Z Get:26 https://archive.ubuntu.com/ubuntu noble-updates/main amd64 libvpx9 amd64 1.14.0-1ubuntu2.3 [1143 kB]
2026-10-09T01:32:58.2359332Z Get:27 https://archive.ubuntu.com/ubuntu noble/universe amd64 libx264-164 amd64 2:0.164.3108+git31e19f9-1 [604 kB]
2026-10-09T01:32:58.3555791Z Get:28 https://archive.ubuntu.com/ubuntu noble/universe amd64 libx265-199 amd64 3.5-2build1 [1226 kB]
2026-10-09T01:32:58.4831600Z Get:29 https://archive.ubuntu.com/ubuntu noble/universe amd64 libxvidcore4 amd64 2:1.3.7-1build1 [219 kB]
2026-10-09T01:32:58.5973481Z Get:30 https://archive.ubuntu.com/ubuntu noble/universe amd64 libzvbi-common all 0.2.42-2 [42.4 kB]
2026-10-09T01:32:58.7099278Z Get:31 https://archive.ubuntu.com/ubuntu noble/universe amd64 libzvbi0t64 amd64 0.2.42-2 [261 kB]
2026-10-09T01:32:58.8246433Z Get:32 https://archive.ubuntu.com/ubuntu noble/universe amd64 libavcodec60 amd64 7:6.1.1-3ubuntu5 [5851 kB]
2026-10-09T01:32:59.0500118Z Get:33 https://archive.ubuntu.com/ubuntu noble/main amd64 libraw1394-11 amd64 2.1.2-2build3 [26.2 kB]
2026-10-09T01:32:59.1620101Z Get:34 https://archive.ubuntu.com/ubuntu noble/main amd64 libavc1394-0 amd64 0.5.4-5build3 [15.4 kB]
2026-10-09T01:32:59.2740906Z Get:35 https://archive.ubuntu.com/ubuntu noble/universe amd64 libunibreak5 amd64 5.1-2build1 [25.0 kB]
2026-10-09T01:32:59.3862943Z Get:36 https://archive.ubuntu.com/ubuntu noble/universe amd64 libass9 amd64 1:0.17.1-2build1 [104 kB]
2026-10-09T01:32:59.4989319Z Get:37 https://archive.ubuntu.com/ubuntu noble/universe amd64 libudfread0 amd64 1.1.2-1build1 [19.0 kB]
2026-10-09T01:32:59.6113895Z Get:38 https://archive.ubuntu.com/ubuntu noble/universe amd64 libbluray2 amd64 1:1.3.4-1build1 [159 kB]
2026-10-09T01:32:59.7242429Z Get:39 https://archive.ubuntu.com/ubuntu noble/universe amd64 libchromaprint1 amd64 1.5.1-5 [30.5 kB]
2026-10-09T01:32:59.9892250Z Get:40 https://archive.ubuntu.com/ubuntu noble/universe amd64 libgme0 amd64 0.6.3-7build1 [134 kB]
2026-10-09T01:33:00.1020397Z Get:41 https://archive.ubuntu.com/ubuntu noble-updates/main amd64 libmpg123-0t64 amd64 1.32.5-1ubuntu1.1 [169 kB]
2026-10-09T01:33:00.2149648Z Get:42 https://archive.ubuntu.com/ubuntu noble/universe amd64 libopenmpt0t64 amd64 0.7.3-1.1build3 [647 kB]
2026-10-09T01:33:00.3307087Z Get:43 https://archive.ubuntu.com/ubuntu noble/universe amd64 libcjson1 amd64 1.7.17-1 [24.8 kB]
2026-10-09T01:33:00.4429386Z Get:44 https://archive.ubuntu.com/ubuntu noble/universe amd64 libmbedcrypto7t64 amd64 2.28.8-1 [209 kB]
2026-10-09T01:33:00.5561536Z Get:45 https://archive.ubuntu.com/ubuntu noble/universe amd64 librist4 amd64 0.2.10+dfsg-2 [74.9 kB]
2026-10-09T01:33:00.6683614Z Get:46 https://archive.ubuntu.com/ubuntu noble/universe amd64 libsrt1.5-gnutls amd64 1.5.3-1build2 [316 kB]
2026-10-09T01:33:00.7824219Z Get:47 https://archive.ubuntu.com/ubuntu noble-updates/main amd64 libssh-gcrypt-4 amd64 0.10.6-2ubuntu0.5 [226 kB]
2026-10-09T01:33:00.8955631Z Get:48 https://archive.ubuntu.com/ubuntu noble/universe amd64 libavformat60 amd64 7:6.1.1-3ubuntu5 [1153 kB]
2026-10-09T01:33:01.0149992Z Get:49 https://archive.ubuntu.com/ubuntu noble/universe amd64 libbs2b0 amd64 3.1.0+dfsg-7build1 [10.6 kB]
2026-10-09T01:33:01.1271751Z Get:50 https://archive.ubuntu.com/ubuntu noble/universe amd64 libflite1 amd64 2.2-6build3 [13.6 MB]
2026-10-09T01:33:01.3665512Z Get:51 https://archive.ubuntu.com/ubuntu noble/universe amd64 libserd-0-0 amd64 0.32.2-1 [43.6 kB]
2026-10-09T01:33:01.4788202Z Get:52 https://archive.ubuntu.com/ubuntu noble/universe amd64 libzix-0-0 amd64 0.4.2-2build1 [23.6 kB]
2026-10-09T01:33:01.5906370Z Get:53 https://archive.ubuntu.com/ubuntu noble/universe amd64 libsord-0-0 amd64 0.16.16-2build1 [15.8 kB]
2026-10-09T01:33:01.7027272Z Get:54 https://archive.ubuntu.com/ubuntu noble/universe amd64 libsratom-0-0 amd64 0.6.16-1build1 [17.3 kB]
2026-10-09T01:33:01.8156259Z Get:55 https://archive.ubuntu.com/ubuntu noble/universe amd64 liblilv-0-0 amd64 0.24.22-1build1 [41.0 kB]
2026-10-09T01:33:01.9277818Z Get:56 https://archive.ubuntu.com/ubuntu noble/universe amd64 libmysofa1 amd64 1.3.2+dfsg-2ubuntu2 [1158 kB]
2026-10-09T01:33:02.0463439Z Get:57 https://archive.ubuntu.com/ubuntu noble/universe amd64 libplacebo338 amd64 6.338.2-2build1 [2654 kB]
2026-10-09T01:33:02.1740140Z Get:58 https://archive.ubuntu.com/ubuntu noble-updates/main amd64 libblas3 amd64 3.12.0-3build1.1 [238 kB]
2026-10-09T01:33:02.2872657Z Get:59 https://archive.ubuntu.com/ubuntu noble-updates/main amd64 liblapack3 amd64 3.12.0-3build1.1 [2646 kB]
2026-10-09T01:33:02.5679546Z Get:60 https://archive.ubuntu.com/ubuntu noble/main amd64 libasyncns0 amd64 0.8-6build4 [11.3 kB]
2026-10-09T01:33:02.6800712Z Get:61 https://archive.ubuntu.com/ubuntu noble/main amd64 libflac12t64 amd64 1.4.3+ds-2.1ubuntu2 [197 kB]
2026-10-09T01:33:02.7932197Z Get:62 https://archive.ubuntu.com/ubuntu noble-updates/main amd64 libsndfile1 amd64 1.2.2-1ubuntu5.24.04.1 [209 kB]
2026-10-09T01:33:02.9066707Z Get:63 https://archive.ubuntu.com/ubuntu noble-updates/main amd64 libpulse0 amd64 1:16.1+dfsg1-2ubuntu10.1 [292 kB]
2026-10-09T01:33:03.0202719Z Get:64 https://archive.ubuntu.com/ubuntu noble/universe amd64 libsphinxbase3t64 amd64 0.8+5prealpha+1-17build2 [126 kB]
2026-10-09T01:33:03.1330442Z Get:65 https://archive.ubuntu.com/ubuntu noble/universe amd64 libpocketsphinx3 amd64 0.8.0+real5prealpha+1-15ubuntu5 [133 kB]
2026-10-09T01:33:03.2457992Z Get:66 https://archive.ubuntu.com/ubuntu noble/universe amd64 libpostproc57 amd64 7:6.1.1-3ubuntu5 [49.9 kB]
2026-10-09T01:33:03.3583503Z Get:67 https://archive.ubuntu.com/ubuntu noble/main amd64 libsamplerate0 amd64 0.2.2-4build1 [1344 kB]
2026-10-09T01:33:03.4791700Z Get:68 https://archive.ubuntu.com/ubuntu noble/universe amd64 librubberband2 amd64 3.3.0+dfsg-2build1 [130 kB]
2026-10-09T01:33:03.5920079Z Get:69 https://archive.ubuntu.com/ubuntu noble/universe amd64 libswscale7 amd64 7:6.1.1-3ubuntu5 [193 kB]
2026-10-09T01:33:03.7050609Z Get:70 https://archive.ubuntu.com/ubuntu noble/universe amd64 libvidstab1.1 amd64 1.1.0-2build1 [38.5 kB]
2026-10-09T01:33:03.8174008Z Get:71 https://archive.ubuntu.com/ubuntu noble/universe amd64 libzimg2 amd64 3.0.5+ds1-1build1 [254 kB]
2026-10-09T01:33:03.9308440Z Get:72 https://archive.ubuntu.com/ubuntu noble/universe amd64 libavfilter9 amd64 7:6.1.1-3ubuntu5 [4235 kB]
2026-10-09T01:33:04.0706009Z Get:73 https://archive.ubuntu.com/ubuntu noble-updates/main amd64 libcaca0 amd64 0.99.beta20-4ubuntu0.2 [209 kB]
2026-10-09T01:33:04.1839301Z Get:74 https://archive.ubuntu.com/ubuntu noble-updates/main amd64 libcdio19t64 amd64 2.1.0-4.1ubuntu1.2 [62.4 kB]
2026-10-09T01:33:04.2960950Z Get:75 https://archive.ubuntu.com/ubuntu noble/main amd64 libcdio-cdda2t64 amd64 10.2+2.0.1-1.1build2 [16.5 kB]
2026-10-09T01:33:04.4079273Z Get:76 https://archive.ubuntu.com/ubuntu noble/main amd64 libcdio-paranoia2t64 amd64 10.2+2.0.1-1.1build2 [16.6 kB]
2026-10-09T01:33:04.5199230Z Get:77 https://archive.ubuntu.com/ubuntu noble/universe amd64 libdc1394-25 amd64 2.2.6-4build1 [90.1 kB]
2026-10-09T01:33:04.7840808Z Get:78 https://archive.ubuntu.com/ubuntu noble/main amd64 libiec61883-0 amd64 1.2.0-6build1 [24.5 kB]
2026-10-09T01:33:04.8962477Z Get:79 https://archive.ubuntu.com/ubuntu noble/main amd64 libjack-jackd2-0 amd64 1.9.21~dfsg-3ubuntu3 [289 kB]
2026-10-09T01:33:05.0102805Z Get:80 https://archive.ubuntu.com/ubuntu noble/universe amd64 libopenal-data all 1:1.23.1-4build1 [161 kB]
2026-10-09T01:33:05.1235513Z Get:81 https://archive.ubuntu.com/ubuntu noble/universe amd64 libsndio7.0 amd64 1.9.0-0.3build3 [29.6 kB]
2026-10-09T01:33:05.2358029Z Get:82 https://archive.ubuntu.com/ubuntu noble/universe amd64 libopenal1 amd64 1:1.23.1-4build1 [540 kB]
2026-10-09T01:33:05.3509567Z Get:83 https://archive.ubuntu.com/ubuntu noble/main amd64 libdecor-0-0 amd64 0.2.2-1build2 [16.5 kB]
2026-10-09T01:33:05.4629551Z Get:84 https://archive.ubuntu.com/ubuntu noble-updates/main amd64 libsdl2-2.0-0 amd64 2.30.0+dfsg-1ubuntu3.1 [686 kB]
2026-10-09T01:33:05.5789514Z Get:85 https://archive.ubuntu.com/ubuntu noble/main amd64 libxcb-shape0 amd64 1.15-1ubuntu2 [6100 B]
2026-10-09T01:33:05.6907724Z Get:86 https://archive.ubuntu.com/ubuntu noble/main amd64 libxv1 amd64 2:1.0.11-1.1build1 [10.7 kB]
2026-10-09T01:33:05.8027742Z Get:87 https://archive.ubuntu.com/ubuntu noble/universe amd64 libavdevice60 amd64 7:6.1.1-3ubuntu5 [82.3 kB]
2026-10-09T01:33:05.9152893Z Get:88 https://archive.ubuntu.com/ubuntu noble/universe amd64 ffmpeg amd64 7:6.1.1-3ubuntu5 [1879 kB]
2026-10-09T01:33:06.0391391Z Get:89 https://archive.ubuntu.com/ubuntu noble-updates/universe amd64 libigdgmm12 amd64 22.3.17+ds1-1ubuntu1 [145 kB]
2026-10-09T01:33:06.1525082Z Get:90 https://archive.ubuntu.com/ubuntu noble-updates/universe amd64 intel-media-va-driver amd64 24.1.0+dfsg1-1ubuntu0.2 [3163 kB]
2026-10-09T01:33:06.2828100Z Get:91 https://archive.ubuntu.com/ubuntu noble/universe amd64 libaacs0 amd64 0.11.1-2build1 [62.9 kB]
2026-10-09T01:33:06.3953611Z Get:92 https://archive.ubuntu.com/ubuntu noble/universe amd64 libbdplus0 amd64 0.2.0-3build1 [52.2 kB]
2026-10-09T01:33:06.5076514Z Get:93 https://archive.ubuntu.com/ubuntu noble/main amd64 libdecor-0-plugin-1-gtk amd64 0.2.2-1build2 [22.2 kB]
2026-10-09T01:33:06.6194921Z Get:94 https://archive.ubuntu.com/ubuntu noble-updates/main amd64 librsvg2-common amd64 2.58.0+dfsg-1ubuntu0.1 [11.8 kB]
2026-10-09T01:33:06.7313340Z Get:95 https://archive.ubuntu.com/ubuntu noble-updates/universe amd64 mesa-va-drivers amd64 25.2.8-0ubuntu0.24.04.4 [6778 B]
2026-10-09T01:33:06.8432000Z Get:96 https://archive.ubuntu.com/ubuntu noble-updates/main amd64 mesa-vdpau-drivers amd64 25.2.8-0ubuntu0.24.04.4 [23.4 kB]
2026-10-09T01:33:07.1071742Z Get:97 https://archive.ubuntu.com/ubuntu noble-updates/universe amd64 i965-va-driver amd64 2.4.1+dfsg1-1ubuntu0.2 [332 kB]
2026-10-09T01:33:07.2211725Z Get:98 https://archive.ubuntu.com/ubuntu noble-updates/universe amd64 va-driver-all amd64 2.20.0-2ubuntu0.2 [5014 B]
2026-10-09T01:33:07.3329630Z Get:99 https://archive.ubuntu.com/ubuntu noble/main amd64 vdpau-driver-all amd64 1.5-2build1 [4414 B]
2026-10-09T01:33:07.4449116Z Get:100 https://archive.ubuntu.com/ubuntu noble/universe amd64 pocketsphinx-en-us all 0.8.0+real5prealpha+1-15ubuntu5 [27.4 MB]
2026-10-09T01:33:07.9289671Z Fetched 94.1 MB in 14s (6499 kB/s)
2026-10-09T01:33:07.9537673Z Selecting previously unselected package libva2:amd64.
2026-10-09T01:33:07.9814896Z (Reading database ... 
2026-10-09T01:33:07.9815564Z (Reading database ... 5%
2026-10-09T01:33:07.9816141Z (Reading database ... 10%
2026-10-09T01:33:07.9816796Z (Reading database ... 15%
2026-10-09T01:33:07.9817235Z (Reading database ... 20%
2026-10-09T01:33:07.9817644Z (Reading database ... 25%
2026-10-09T01:33:07.9818030Z (Reading database ... 30%
2026-10-09T01:33:07.9818399Z (Reading database ... 35%
2026-10-09T01:33:07.9818769Z (Reading database ... 40%
2026-10-09T01:33:07.9819155Z (Reading database ... 45%
2026-10-09T01:33:07.9819516Z (Reading database ... 50%
2026-10-09T01:33:07.9858656Z (Reading database ... 55%
2026-10-09T01:33:08.1049809Z (Reading database ... 60%
2026-10-09T01:33:08.2980000Z (Reading database ... 65%
2026-10-09T01:33:08.5035808Z (Reading database ... 70%
2026-10-09T01:33:08.7053538Z (Reading database ... 75%
2026-10-09T01:33:08.8946467Z (Reading database ... 80%
2026-10-09T01:33:09.1006706Z (Reading database ... 85%
2026-10-09T01:33:09.3065758Z (Reading database ... 90%
2026-10-09T01:33:09.4902419Z (Reading database ... 95%
2026-10-09T01:33:09.4903170Z (Reading database ... 100%
2026-10-09T01:33:09.4904267Z (Reading database ... 203191 files and directories currently installed.)
2026-10-09T01:33:09.4946096Z Preparing to unpack .../00-libva2_2.20.0-2ubuntu0.2_amd64.deb ...
2026-10-09T01:33:09.4984650Z Unpacking libva2:amd64 (2.20.0-2ubuntu0.2) ...
2026-10-09T01:33:09.5207634Z Selecting previously unselected package libva-drm2:amd64.
2026-10-09T01:33:09.5333416Z Preparing to unpack .../01-libva-drm2_2.20.0-2ubuntu0.2_amd64.deb ...
2026-10-09T01:33:09.5343638Z Unpacking libva-drm2:amd64 (2.20.0-2ubuntu0.2) ...
2026-10-09T01:33:09.5573381Z Selecting previously unselected package libva-x11-2:amd64.
2026-10-09T01:33:09.5698133Z Preparing to unpack .../02-libva-x11-2_2.20.0-2ubuntu0.2_amd64.deb ...
2026-10-09T01:33:09.5705761Z Unpacking libva-x11-2:amd64 (2.20.0-2ubuntu0.2) ...
2026-10-09T01:33:09.5902745Z Selecting previously unselected package libvdpau1:amd64.
2026-10-09T01:33:09.6026113Z Preparing to unpack .../03-libvdpau1_1.5-2build1_amd64.deb ...
2026-10-09T01:33:09.6033234Z Unpacking libvdpau1:amd64 (1.5-2build1) ...
2026-10-09T01:33:09.6235544Z Selecting previously unselected package libvpl2.
2026-10-09T01:33:09.6362676Z Preparing to unpack .../04-libvpl2_2023.3.0-1build1_amd64.deb ...
2026-10-09T01:33:09.6369860Z Unpacking libvpl2 (2023.3.0-1build1) ...
2026-10-09T01:33:09.6585264Z Selecting previously unselected package ocl-icd-libopencl1:amd64.
2026-10-09T01:33:09.6710549Z Preparing to unpack .../05-ocl-icd-libopencl1_2.3.2-1build1_amd64.deb ...
2026-10-09T01:33:09.6718239Z Unpacking ocl-icd-libopencl1:amd64 (2.3.2-1build1) ...
2026-10-09T01:33:09.7005647Z Selecting previously unselected package libavutil58:amd64.
2026-10-09T01:33:09.7130173Z Preparing to unpack .../06-libavutil58_7%3a6.1.1-3ubuntu5_amd64.deb ...
2026-10-09T01:33:09.7138759Z Unpacking libavutil58:amd64 (7:6.1.1-3ubuntu5) ...
2026-10-09T01:33:09.7390324Z Selecting previously unselected package libcodec2-1.2:amd64.
2026-10-09T01:33:09.7517910Z Preparing to unpack .../07-libcodec2-1.2_1.2.0-2build1_amd64.deb ...
2026-10-09T01:33:09.7525391Z Unpacking libcodec2-1.2:amd64 (1.2.0-2build1) ...
2026-10-09T01:33:09.8260272Z Selecting previously unselected package libdav1d7:amd64.
2026-10-09T01:33:09.8387225Z Preparing to unpack .../08-libdav1d7_1.4.1-1build1_amd64.deb ...
2026-10-09T01:33:09.8397188Z Unpacking libdav1d7:amd64 (1.4.1-1build1) ...
2026-10-09T01:33:09.8653867Z Selecting previously unselected package libgsm1:amd64.
2026-10-09T01:33:09.8779198Z Preparing to unpack .../09-libgsm1_1.0.22-1build1_amd64.deb ...
2026-10-09T01:33:09.8786293Z Unpacking libgsm1:amd64 (1.0.22-1build1) ...
2026-10-09T01:33:09.9019478Z Selecting previously unselected package libhwy1t64:amd64.
2026-10-09T01:33:09.9144147Z Preparing to unpack .../10-libhwy1t64_1.0.7-8.1build1_amd64.deb ...
2026-10-09T01:33:09.9150926Z Unpacking libhwy1t64:amd64 (1.0.7-8.1build1) ...
2026-10-09T01:33:09.9465294Z Selecting previously unselected package libjxl0.7:amd64.
2026-10-09T01:33:09.9591593Z Preparing to unpack .../11-libjxl0.7_0.7.0-10.2ubuntu6.1_amd64.deb ...
2026-10-09T01:33:09.9600696Z Unpacking libjxl0.7:amd64 (0.7.0-10.2ubuntu6.1) ...
2026-10-09T01:33:09.9929790Z Selecting previously unselected package libmp3lame0:amd64.
2026-10-09T01:33:10.0057489Z Preparing to unpack .../12-libmp3lame0_3.100-6build1_amd64.deb ...
2026-10-09T01:33:10.0064328Z Unpacking libmp3lame0:amd64 (3.100-6build1) ...
2026-10-09T01:33:10.0269939Z Selecting previously unselected package libopus0:amd64.
2026-10-09T01:33:10.0395725Z Preparing to unpack .../13-libopus0_1.4-1build1_amd64.deb ...
2026-10-09T01:33:10.0402875Z Unpacking libopus0:amd64 (1.4-1build1) ...
2026-10-09T01:33:10.0632887Z Selecting previously unselected package librav1e0:amd64.
2026-10-09T01:33:10.0759854Z Preparing to unpack .../14-librav1e0_0.7.1-2_amd64.deb ...
2026-10-09T01:33:10.0768614Z Unpacking librav1e0:amd64 (0.7.1-2) ...
2026-10-09T01:33:10.1122868Z Selecting previously unselected package librsvg2-2:amd64.
2026-10-09T01:33:10.1249302Z Preparing to unpack .../15-librsvg2-2_2.58.0+dfsg-1ubuntu0.1_amd64.deb ...
2026-10-09T01:33:10.1255493Z Unpacking librsvg2-2:amd64 (2.58.0+dfsg-1ubuntu0.1) ...
2026-10-09T01:33:10.1713030Z Selecting previously unselected package libshine3:amd64.
2026-10-09T01:33:10.1838919Z Preparing to unpack .../16-libshine3_3.1.1-2build1_amd64.deb ...
2026-10-09T01:33:10.1846102Z Unpacking libshine3:amd64 (3.1.1-2build1) ...
2026-10-09T01:33:10.2040801Z Selecting previously unselected package libspeex1:amd64.
2026-10-09T01:33:10.2164914Z Preparing to unpack .../17-libspeex1_1.2.1-2ubuntu2.24.04.1_amd64.deb ...
2026-10-09T01:33:10.2171240Z Unpacking libspeex1:amd64 (1.2.1-2ubuntu2.24.04.1) ...
2026-10-09T01:33:10.2376752Z Selecting previously unselected package libsvtav1enc1d1:amd64.
2026-10-09T01:33:10.2499400Z Preparing to unpack .../18-libsvtav1enc1d1_1.7.0+dfsg-2build1_amd64.deb ...
2026-10-09T01:33:10.2506886Z Unpacking libsvtav1enc1d1:amd64 (1.7.0+dfsg-2build1) ...
2026-10-09T01:33:10.2972137Z Selecting previously unselected package libsoxr0:amd64.
2026-10-09T01:33:10.3098081Z Preparing to unpack .../19-libsoxr0_0.1.3-4build3_amd64.deb ...
2026-10-09T01:33:10.3105051Z Unpacking libsoxr0:amd64 (0.1.3-4build3) ...
2026-10-09T01:33:10.3332268Z Selecting previously unselected package libswresample4:amd64.
2026-10-09T01:33:10.3455021Z Preparing to unpack .../20-libswresample4_7%3a6.1.1-3ubuntu5_amd64.deb ...
2026-10-09T01:33:10.3465952Z Unpacking libswresample4:amd64 (7:6.1.1-3ubuntu5) ...
2026-10-09T01:33:10.3667221Z Selecting previously unselected package libtheora0:amd64.
2026-10-09T01:33:10.3789539Z Preparing to unpack .../21-libtheora0_1.1.1+dfsg.1-16.1build3_amd64.deb ...
2026-10-09T01:33:10.3796634Z Unpacking libtheora0:amd64 (1.1.1+dfsg.1-16.1build3) ...
2026-10-09T01:33:10.4017020Z Selecting previously unselected package libtwolame0:amd64.
2026-10-09T01:33:10.4138415Z Preparing to unpack .../22-libtwolame0_0.4.0-2build3_amd64.deb ...
2026-10-09T01:33:10.4145886Z Unpacking libtwolame0:amd64 (0.4.0-2build3) ...
2026-10-09T01:33:10.4343186Z Selecting previously unselected package libvorbisenc2:amd64.
2026-10-09T01:33:10.4469773Z Preparing to unpack .../23-libvorbisenc2_1.3.7-1build3_amd64.deb ...
2026-10-09T01:33:10.4477587Z Unpacking libvorbisenc2:amd64 (1.3.7-1build3) ...
2026-10-09T01:33:10.4690018Z Selecting previously unselected package libvpx9:amd64.
2026-10-09T01:33:10.4817536Z Preparing to unpack .../24-libvpx9_1.14.0-1ubuntu2.3_amd64.deb ...
2026-10-09T01:33:10.4824795Z Unpacking libvpx9:amd64 (1.14.0-1ubuntu2.3) ...
2026-10-09T01:33:10.5134377Z Selecting previously unselected package libx264-164:amd64.
2026-10-09T01:33:10.5256938Z Preparing to unpack .../25-libx264-164_2%3a0.164.3108+git31e19f9-1_amd64.deb ...
2026-10-09T01:33:10.5263940Z Unpacking libx264-164:amd64 (2:0.164.3108+git31e19f9-1) ...
2026-10-09T01:33:10.5550345Z Selecting previously unselected package libx265-199:amd64.
2026-10-09T01:33:10.5673494Z Preparing to unpack .../26-libx265-199_3.5-2build1_amd64.deb ...
2026-10-09T01:33:10.5681287Z Unpacking libx265-199:amd64 (3.5-2build1) ...
2026-10-09T01:33:10.6357009Z Selecting previously unselected package libxvidcore4:amd64.
2026-10-09T01:33:10.6480322Z Preparing to unpack .../27-libxvidcore4_2%3a1.3.7-1build1_amd64.deb ...
2026-10-09T01:33:10.6487479Z Unpacking libxvidcore4:amd64 (2:1.3.7-1build1) ...
2026-10-09T01:33:10.6729370Z Selecting previously unselected package libzvbi-common.
2026-10-09T01:33:10.6853721Z Preparing to unpack .../28-libzvbi-common_0.2.42-2_all.deb ...
2026-10-09T01:33:10.6860897Z Unpacking libzvbi-common (0.2.42-2) ...
2026-10-09T01:33:10.7377417Z Selecting previously unselected package libzvbi0t64:amd64.
2026-10-09T01:33:10.7499471Z Preparing to unpack .../29-libzvbi0t64_0.2.42-2_amd64.deb ...
2026-10-09T01:33:10.7506505Z Unpacking libzvbi0t64:amd64 (0.2.42-2) ...
2026-10-09T01:33:10.7758601Z Selecting previously unselected package libavcodec60:amd64.
2026-10-09T01:33:10.7881795Z Preparing to unpack .../30-libavcodec60_7%3a6.1.1-3ubuntu5_amd64.deb ...
2026-10-09T01:33:10.7888632Z Unpacking libavcodec60:amd64 (7:6.1.1-3ubuntu5) ...
2026-10-09T01:33:10.8666251Z Selecting previously unselected package libraw1394-11:amd64.
2026-10-09T01:33:10.8790077Z Preparing to unpack .../31-libraw1394-11_2.1.2-2build3_amd64.deb ...
2026-10-09T01:33:10.8797442Z Unpacking libraw1394-11:amd64 (2.1.2-2build3) ...
2026-10-09T01:33:10.9021491Z Selecting previously unselected package libavc1394-0:amd64.
2026-10-09T01:33:10.9145331Z Preparing to unpack .../32-libavc1394-0_0.5.4-5build3_amd64.deb ...
2026-10-09T01:33:10.9151747Z Unpacking libavc1394-0:amd64 (0.5.4-5build3) ...
2026-10-09T01:33:10.9346320Z Selecting previously unselected package libunibreak5:amd64.
2026-10-09T01:33:10.9471663Z Preparing to unpack .../33-libunibreak5_5.1-2build1_amd64.deb ...
2026-10-09T01:33:10.9478734Z Unpacking libunibreak5:amd64 (5.1-2build1) ...
2026-10-09T01:33:10.9677848Z Selecting previously unselected package libass9:amd64.
2026-10-09T01:33:10.9801014Z Preparing to unpack .../34-libass9_1%3a0.17.1-2build1_amd64.deb ...
2026-10-09T01:33:10.9807725Z Unpacking libass9:amd64 (1:0.17.1-2build1) ...
2026-10-09T01:33:11.0016046Z Selecting previously unselected package libudfread0:amd64.
2026-10-09T01:33:11.0137901Z Preparing to unpack .../35-libudfread0_1.1.2-1build1_amd64.deb ...
2026-10-09T01:33:11.0145261Z Unpacking libudfread0:amd64 (1.1.2-1build1) ...
2026-10-09T01:33:11.0333139Z Selecting previously unselected package libbluray2:amd64.
2026-10-09T01:33:11.0457198Z Preparing to unpack .../36-libbluray2_1%3a1.3.4-1build1_amd64.deb ...
2026-10-09T01:33:11.0465082Z Unpacking libbluray2:amd64 (1:1.3.4-1build1) ...
2026-10-09T01:33:11.0683931Z Selecting previously unselected package libchromaprint1:amd64.
2026-10-09T01:33:11.0806898Z Preparing to unpack .../37-libchromaprint1_1.5.1-5_amd64.deb ...
2026-10-09T01:33:11.0814062Z Unpacking libchromaprint1:amd64 (1.5.1-5) ...
2026-10-09T01:33:11.1007144Z Selecting previously unselected package libgme0:amd64.
2026-10-09T01:33:11.1131822Z Preparing to unpack .../38-libgme0_0.6.3-7build1_amd64.deb ...
2026-10-09T01:33:11.1139434Z Unpacking libgme0:amd64 (0.6.3-7build1) ...
2026-10-09T01:33:11.1347762Z Selecting previously unselected package libmpg123-0t64:amd64.
2026-10-09T01:33:11.1472037Z Preparing to unpack .../39-libmpg123-0t64_1.32.5-1ubuntu1.1_amd64.deb ...
2026-10-09T01:33:11.1479094Z Unpacking libmpg123-0t64:amd64 (1.32.5-1ubuntu1.1) ...
2026-10-09T01:33:11.1689093Z Selecting previously unselected package libopenmpt0t64:amd64.
2026-10-09T01:33:11.1814786Z Preparing to unpack .../40-libopenmpt0t64_0.7.3-1.1build3_amd64.deb ...
2026-10-09T01:33:11.1821428Z Unpacking libopenmpt0t64:amd64 (0.7.3-1.1build3) ...
2026-10-09T01:33:11.2082336Z Selecting previously unselected package libcjson1:amd64.
2026-10-09T01:33:11.2208459Z Preparing to unpack .../41-libcjson1_1.7.17-1_amd64.deb ...
2026-10-09T01:33:11.2215232Z Unpacking libcjson1:amd64 (1.7.17-1) ...
2026-10-09T01:33:11.2413370Z Selecting previously unselected package libmbedcrypto7t64:amd64.
2026-10-09T01:33:11.2537559Z Preparing to unpack .../42-libmbedcrypto7t64_2.28.8-1_amd64.deb ...
2026-10-09T01:33:11.2546330Z Unpacking libmbedcrypto7t64:amd64 (2.28.8-1) ...
2026-10-09T01:33:11.2769724Z Selecting previously unselected package librist4:amd64.
2026-10-09T01:33:11.2894600Z Preparing to unpack .../43-librist4_0.2.10+dfsg-2_amd64.deb ...
2026-10-09T01:33:11.2910571Z Unpacking librist4:amd64 (0.2.10+dfsg-2) ...
2026-10-09T01:33:11.3114672Z Selecting previously unselected package libsrt1.5-gnutls:amd64.
2026-10-09T01:33:11.3242753Z Preparing to unpack .../44-libsrt1.5-gnutls_1.5.3-1build2_amd64.deb ...
2026-10-09T01:33:11.3250897Z Unpacking libsrt1.5-gnutls:amd64 (1.5.3-1build2) ...
2026-10-09T01:33:11.3485057Z Selecting previously unselected package libssh-gcrypt-4:amd64.
2026-10-09T01:33:11.3608533Z Preparing to unpack .../45-libssh-gcrypt-4_0.10.6-2ubuntu0.5_amd64.deb ...
2026-10-09T01:33:11.3616796Z Unpacking libssh-gcrypt-4:amd64 (0.10.6-2ubuntu0.5) ...
2026-10-09T01:33:11.3836842Z Selecting previously unselected package libavformat60:amd64.
2026-10-09T01:33:11.3961453Z Preparing to unpack .../46-libavformat60_7%3a6.1.1-3ubuntu5_amd64.deb ...
2026-10-09T01:33:11.3968677Z Unpacking libavformat60:amd64 (7:6.1.1-3ubuntu5) ...
2026-10-09T01:33:11.4283373Z Selecting previously unselected package libbs2b0:amd64.
2026-10-09T01:33:11.4409188Z Preparing to unpack .../47-libbs2b0_3.1.0+dfsg-7build1_amd64.deb ...
2026-10-09T01:33:11.4416976Z Unpacking libbs2b0:amd64 (3.1.0+dfsg-7build1) ...
2026-10-09T01:33:11.4630229Z Selecting previously unselected package libflite1:amd64.
2026-10-09T01:33:11.4753251Z Preparing to unpack .../48-libflite1_2.2-6build3_amd64.deb ...
2026-10-09T01:33:11.4760712Z Unpacking libflite1:amd64 (2.2-6build3) ...
2026-10-09T01:33:11.5796393Z Selecting previously unselected package libserd-0-0:amd64.
2026-10-09T01:33:11.5919089Z Preparing to unpack .../49-libserd-0-0_0.32.2-1_amd64.deb ...
2026-10-09T01:33:11.5926766Z Unpacking libserd-0-0:amd64 (0.32.2-1) ...
2026-10-09T01:33:11.6118266Z Selecting previously unselected package libzix-0-0:amd64.
2026-10-09T01:33:11.6240685Z Preparing to unpack .../50-libzix-0-0_0.4.2-2build1_amd64.deb ...
2026-10-09T01:33:11.6247589Z Unpacking libzix-0-0:amd64 (0.4.2-2build1) ...
2026-10-09T01:33:11.6441704Z Selecting previously unselected package libsord-0-0:amd64.
2026-10-09T01:33:11.6566008Z Preparing to unpack .../51-libsord-0-0_0.16.16-2build1_amd64.deb ...
2026-10-09T01:33:11.6573652Z Unpacking libsord-0-0:amd64 (0.16.16-2build1) ...
2026-10-09T01:33:11.6767938Z Selecting previously unselected package libsratom-0-0:amd64.
2026-10-09T01:33:11.6891654Z Preparing to unpack .../52-libsratom-0-0_0.6.16-1build1_amd64.deb ...
2026-10-09T01:33:11.6900397Z Unpacking libsratom-0-0:amd64 (0.6.16-1build1) ...
2026-10-09T01:33:11.7099259Z Selecting previously unselected package liblilv-0-0:amd64.
2026-10-09T01:33:11.7220120Z Preparing to unpack .../53-liblilv-0-0_0.24.22-1build1_amd64.deb ...
2026-10-09T01:33:11.7227770Z Unpacking liblilv-0-0:amd64 (0.24.22-1build1) ...
2026-10-09T01:33:11.7421744Z Selecting previously unselected package libmysofa1:amd64.
2026-10-09T01:33:11.7546163Z Preparing to unpack .../54-libmysofa1_1.3.2+dfsg-2ubuntu2_amd64.deb ...
2026-10-09T01:33:11.7552599Z Unpacking libmysofa1:amd64 (1.3.2+dfsg-2ubuntu2) ...
2026-10-09T01:33:11.7792754Z Selecting previously unselected package libplacebo338:amd64.
2026-10-09T01:33:11.7914638Z Preparing to unpack .../55-libplacebo338_6.338.2-2build1_amd64.deb ...
2026-10-09T01:33:11.7924427Z Unpacking libplacebo338:amd64 (6.338.2-2build1) ...
2026-10-09T01:33:11.8432874Z Selecting previously unselected package libblas3:amd64.
2026-10-09T01:33:11.8557606Z Preparing to unpack .../56-libblas3_3.12.0-3build1.1_amd64.deb ...
2026-10-09T01:33:11.8585717Z Unpacking libblas3:amd64 (3.12.0-3build1.1) ...
2026-10-09T01:33:11.8854058Z Selecting previously unselected package liblapack3:amd64.
2026-10-09T01:33:11.8979689Z Preparing to unpack .../57-liblapack3_3.12.0-3build1.1_amd64.deb ...
2026-10-09T01:33:11.9008144Z Unpacking liblapack3:amd64 (3.12.0-3build1.1) ...
2026-10-09T01:33:11.9488546Z Selecting previously unselected package libasyncns0:amd64.
2026-10-09T01:33:11.9616879Z Preparing to unpack .../58-libasyncns0_0.8-6build4_amd64.deb ...
2026-10-09T01:33:11.9624303Z Unpacking libasyncns0:amd64 (0.8-6build4) ...
2026-10-09T01:33:11.9862620Z Selecting previously unselected package libflac12t64:amd64.
2026-10-09T01:33:11.9985298Z Preparing to unpack .../59-libflac12t64_1.4.3+ds-2.1ubuntu2_amd64.deb ...
2026-10-09T01:33:11.9993736Z Unpacking libflac12t64:amd64 (1.4.3+ds-2.1ubuntu2) ...
2026-10-09T01:33:12.0211550Z Selecting previously unselected package libsndfile1:amd64.
2026-10-09T01:33:12.0335356Z Preparing to unpack .../60-libsndfile1_1.2.2-1ubuntu5.24.04.1_amd64.deb ...
2026-10-09T01:33:12.0342716Z Unpacking libsndfile1:amd64 (1.2.2-1ubuntu5.24.04.1) ...
2026-10-09T01:33:12.0581872Z Selecting previously unselected package libpulse0:amd64.
2026-10-09T01:33:12.0707903Z Preparing to unpack .../61-libpulse0_1%3a16.1+dfsg1-2ubuntu10.1_amd64.deb ...
2026-10-09T01:33:12.0774949Z Unpacking libpulse0:amd64 (1:16.1+dfsg1-2ubuntu10.1) ...
2026-10-09T01:33:12.1073270Z Selecting previously unselected package libsphinxbase3t64:amd64.
2026-10-09T01:33:12.1198849Z Preparing to unpack .../62-libsphinxbase3t64_0.8+5prealpha+1-17build2_amd64.deb ...
2026-10-09T01:33:12.1206913Z Unpacking libsphinxbase3t64:amd64 (0.8+5prealpha+1-17build2) ...
2026-10-09T01:33:12.1425928Z Selecting previously unselected package libpocketsphinx3:amd64.
2026-10-09T01:33:12.1551605Z Preparing to unpack .../63-libpocketsphinx3_0.8.0+real5prealpha+1-15ubuntu5_amd64.deb ...
2026-10-09T01:33:12.1560533Z Unpacking libpocketsphinx3:amd64 (0.8.0+real5prealpha+1-15ubuntu5) ...
2026-10-09T01:33:12.1768227Z Selecting previously unselected package libpostproc57:amd64.
2026-10-09T01:33:12.1894675Z Preparing to unpack .../64-libpostproc57_7%3a6.1.1-3ubuntu5_amd64.deb ...
2026-10-09T01:33:12.1903080Z Unpacking libpostproc57:amd64 (7:6.1.1-3ubuntu5) ...
2026-10-09T01:33:12.2168378Z Selecting previously unselected package libsamplerate0:amd64.
2026-10-09T01:33:12.2294135Z Preparing to unpack .../65-libsamplerate0_0.2.2-4build1_amd64.deb ...
2026-10-09T01:33:12.2302843Z Unpacking libsamplerate0:amd64 (0.2.2-4build1) ...
2026-10-09T01:33:12.2547577Z Selecting previously unselected package librubberband2:amd64.
2026-10-09T01:33:12.2671763Z Preparing to unpack .../66-librubberband2_3.3.0+dfsg-2build1_amd64.deb ...
2026-10-09T01:33:12.2679749Z Unpacking librubberband2:amd64 (3.3.0+dfsg-2build1) ...
2026-10-09T01:33:12.2884611Z Selecting previously unselected package libswscale7:amd64.
2026-10-09T01:33:12.3008069Z Preparing to unpack .../67-libswscale7_7%3a6.1.1-3ubuntu5_amd64.deb ...
2026-10-09T01:33:12.3015257Z Unpacking libswscale7:amd64 (7:6.1.1-3ubuntu5) ...
2026-10-09T01:33:12.3261709Z Selecting previously unselected package libvidstab1.1:amd64.
2026-10-09T01:33:12.3386674Z Preparing to unpack .../68-libvidstab1.1_1.1.0-2build1_amd64.deb ...
2026-10-09T01:33:12.3393578Z Unpacking libvidstab1.1:amd64 (1.1.0-2build1) ...
2026-10-09T01:33:12.3587262Z Selecting previously unselected package libzimg2:amd64.
2026-10-09T01:33:12.3711465Z Preparing to unpack .../69-libzimg2_3.0.5+ds1-1build1_amd64.deb ...
2026-10-09T01:33:12.3719024Z Unpacking libzimg2:amd64 (3.0.5+ds1-1build1) ...
2026-10-09T01:33:12.3950270Z Selecting previously unselected package libavfilter9:amd64.
2026-10-09T01:33:12.4075655Z Preparing to unpack .../70-libavfilter9_7%3a6.1.1-3ubuntu5_amd64.deb ...
2026-10-09T01:33:12.4084824Z Unpacking libavfilter9:amd64 (7:6.1.1-3ubuntu5) ...
2026-10-09T01:33:12.4750047Z Selecting previously unselected package libcaca0:amd64.
2026-10-09T01:33:12.4876602Z Preparing to unpack .../71-libcaca0_0.99.beta20-4ubuntu0.2_amd64.deb ...
2026-10-09T01:33:12.4884266Z Unpacking libcaca0:amd64 (0.99.beta20-4ubuntu0.2) ...
2026-10-09T01:33:12.5116753Z Selecting previously unselected package libcdio19t64:amd64.
2026-10-09T01:33:12.5242951Z Preparing to unpack .../72-libcdio19t64_2.1.0-4.1ubuntu1.2_amd64.deb ...
2026-10-09T01:33:12.5250607Z Unpacking libcdio19t64:amd64 (2.1.0-4.1ubuntu1.2) ...
2026-10-09T01:33:12.5480891Z Selecting previously unselected package libcdio-cdda2t64:amd64.
2026-10-09T01:33:12.5607730Z Preparing to unpack .../73-libcdio-cdda2t64_10.2+2.0.1-1.1build2_amd64.deb ...
2026-10-09T01:33:12.5615243Z Unpacking libcdio-cdda2t64:amd64 (10.2+2.0.1-1.1build2) ...
2026-10-09T01:33:12.5815737Z Selecting previously unselected package libcdio-paranoia2t64:amd64.
2026-10-09T01:33:12.5943806Z Preparing to unpack .../74-libcdio-paranoia2t64_10.2+2.0.1-1.1build2_amd64.deb ...
2026-10-09T01:33:12.5950983Z Unpacking libcdio-paranoia2t64:amd64 (10.2+2.0.1-1.1build2) ...
2026-10-09T01:33:12.6149333Z Selecting previously unselected package libdc1394-25:amd64.
2026-10-09T01:33:12.6274375Z Preparing to unpack .../75-libdc1394-25_2.2.6-4build1_amd64.deb ...
2026-10-09T01:33:12.6282314Z Unpacking libdc1394-25:amd64 (2.2.6-4build1) ...
2026-10-09T01:33:12.6519437Z Selecting previously unselected package libiec61883-0:amd64.
2026-10-09T01:33:12.6645153Z Preparing to unpack .../76-libiec61883-0_1.2.0-6build1_amd64.deb ...
2026-10-09T01:33:12.6655220Z Unpacking libiec61883-0:amd64 (1.2.0-6build1) ...
2026-10-09T01:33:12.6850040Z Selecting previously unselected package libjack-jackd2-0:amd64.
2026-10-09T01:33:12.6974834Z Preparing to unpack .../77-libjack-jackd2-0_1.9.21~dfsg-3ubuntu3_amd64.deb ...
2026-10-09T01:33:12.6981689Z Unpacking libjack-jackd2-0:amd64 (1.9.21~dfsg-3ubuntu3) ...
2026-10-09T01:33:12.7215983Z Selecting previously unselected package libopenal-data.
2026-10-09T01:33:12.7340104Z Preparing to unpack .../78-libopenal-data_1%3a1.23.1-4build1_all.deb ...
2026-10-09T01:33:12.7348840Z Unpacking libopenal-data (1:1.23.1-4build1) ...
2026-10-09T01:33:12.7593828Z Selecting previously unselected package libsndio7.0:amd64.
2026-10-09T01:33:12.7719427Z Preparing to unpack .../79-libsndio7.0_1.9.0-0.3build3_amd64.deb ...
2026-10-09T01:33:12.7726756Z Unpacking libsndio7.0:amd64 (1.9.0-0.3build3) ...
2026-10-09T01:33:12.7929181Z Selecting previously unselected package libopenal1:amd64.
2026-10-09T01:33:12.8051324Z Preparing to unpack .../80-libopenal1_1%3a1.23.1-4build1_amd64.deb ...
2026-10-09T01:33:12.8059406Z Unpacking libopenal1:amd64 (1:1.23.1-4build1) ...
2026-10-09T01:33:12.8303876Z Selecting previously unselected package libdecor-0-0:amd64.
2026-10-09T01:33:12.8428183Z Preparing to unpack .../81-libdecor-0-0_0.2.2-1build2_amd64.deb ...
2026-10-09T01:33:12.8436653Z Unpacking libdecor-0-0:amd64 (0.2.2-1build2) ...
2026-10-09T01:33:12.8631733Z Selecting previously unselected package libsdl2-2.0-0:amd64.
2026-10-09T01:33:12.8756026Z Preparing to unpack .../82-libsdl2-2.0-0_2.30.0+dfsg-1ubuntu3.1_amd64.deb ...
2026-10-09T01:33:12.8763671Z Unpacking libsdl2-2.0-0:amd64 (2.30.0+dfsg-1ubuntu3.1) ...
2026-10-09T01:33:12.9329990Z Selecting previously unselected package libxcb-shape0:amd64.
2026-10-09T01:33:12.9454352Z Preparing to unpack .../83-libxcb-shape0_1.15-1ubuntu2_amd64.deb ...
2026-10-09T01:33:12.9462339Z Unpacking libxcb-shape0:amd64 (1.15-1ubuntu2) ...
2026-10-09T01:33:12.9691950Z Selecting previously unselected package libxv1:amd64.
2026-10-09T01:33:12.9817877Z Preparing to unpack .../84-libxv1_2%3a1.0.11-1.1build1_amd64.deb ...
2026-10-09T01:33:12.9828898Z Unpacking libxv1:amd64 (2:1.0.11-1.1build1) ...
2026-10-09T01:33:13.0020839Z Selecting previously unselected package libavdevice60:amd64.
2026-10-09T01:33:13.0144819Z Preparing to unpack .../85-libavdevice60_7%3a6.1.1-3ubuntu5_amd64.deb ...
2026-10-09T01:33:13.0152674Z Unpacking libavdevice60:amd64 (7:6.1.1-3ubuntu5) ...
2026-10-09T01:33:13.0349335Z Selecting previously unselected package ffmpeg.
2026-10-09T01:33:13.0472412Z Preparing to unpack .../86-ffmpeg_7%3a6.1.1-3ubuntu5_amd64.deb ...
2026-10-09T01:33:13.0478993Z Unpacking ffmpeg (7:6.1.1-3ubuntu5) ...
2026-10-09T01:33:13.0965289Z Selecting previously unselected package libigdgmm12:amd64.
2026-10-09T01:33:13.1090249Z Preparing to unpack .../87-libigdgmm12_22.3.17+ds1-1ubuntu1_amd64.deb ...
2026-10-09T01:33:13.1097005Z Unpacking libigdgmm12:amd64 (22.3.17+ds1-1ubuntu1) ...
2026-10-09T01:33:13.1308293Z Selecting previously unselected package intel-media-va-driver:amd64.
2026-10-09T01:33:13.1435127Z Preparing to unpack .../88-intel-media-va-driver_24.1.0+dfsg1-1ubuntu0.2_amd64.deb ...
2026-10-09T01:33:13.1444280Z Unpacking intel-media-va-driver:amd64 (24.1.0+dfsg1-1ubuntu0.2) ...
2026-10-09T01:33:13.2142737Z Selecting previously unselected package libaacs0:amd64.
2026-10-09T01:33:13.2269729Z Preparing to unpack .../89-libaacs0_0.11.1-2build1_amd64.deb ...
2026-10-09T01:33:13.2282365Z Unpacking libaacs0:amd64 (0.11.1-2build1) ...
2026-10-09T01:33:13.2491966Z Selecting previously unselected package libbdplus0:amd64.
2026-10-09T01:33:13.2617332Z Preparing to unpack .../90-libbdplus0_0.2.0-3build1_amd64.deb ...
2026-10-09T01:33:13.2624458Z Unpacking libbdplus0:amd64 (0.2.0-3build1) ...
2026-10-09T01:33:13.2816266Z Selecting previously unselected package libdecor-0-plugin-1-gtk:amd64.
2026-10-09T01:33:13.2940698Z Preparing to unpack .../91-libdecor-0-plugin-1-gtk_0.2.2-1build2_amd64.deb ...
2026-10-09T01:33:13.2947539Z Unpacking libdecor-0-plugin-1-gtk:amd64 (0.2.2-1build2) ...
2026-10-09T01:33:13.3140968Z Selecting previously unselected package librsvg2-common:amd64.
2026-10-09T01:33:13.3268387Z Preparing to unpack .../92-librsvg2-common_2.58.0+dfsg-1ubuntu0.1_amd64.deb ...
2026-10-09T01:33:13.3276963Z Unpacking librsvg2-common:amd64 (2.58.0+dfsg-1ubuntu0.1) ...
2026-10-09T01:33:13.3567849Z Selecting previously unselected package mesa-va-drivers:amd64.
2026-10-09T01:33:13.3693566Z Preparing to unpack .../93-mesa-va-drivers_25.2.8-0ubuntu0.24.04.4_amd64.deb ...
2026-10-09T01:33:13.3700465Z Unpacking mesa-va-drivers:amd64 (25.2.8-0ubuntu0.24.04.4) ...
2026-10-09T01:33:13.3900423Z Selecting previously unselected package mesa-vdpau-drivers:amd64.
2026-10-09T01:33:13.4025021Z Preparing to unpack .../94-mesa-vdpau-drivers_25.2.8-0ubuntu0.24.04.4_amd64.deb ...
2026-10-09T01:33:13.4032439Z Unpacking mesa-vdpau-drivers:amd64 (25.2.8-0ubuntu0.24.04.4) ...
2026-10-09T01:33:13.4257822Z Selecting previously unselected package i965-va-driver:amd64.
2026-10-09T01:33:13.4382363Z Preparing to unpack .../95-i965-va-driver_2.4.1+dfsg1-1ubuntu0.2_amd64.deb ...
2026-10-09T01:33:13.4392050Z Unpacking i965-va-driver:amd64 (2.4.1+dfsg1-1ubuntu0.2) ...
2026-10-09T01:33:13.4639060Z Selecting previously unselected package va-driver-all:amd64.
2026-10-09T01:33:13.4763281Z Preparing to unpack .../96-va-driver-all_2.20.0-2ubuntu0.2_amd64.deb ...
2026-10-09T01:33:13.4770265Z Unpacking va-driver-all:amd64 (2.20.0-2ubuntu0.2) ...
2026-10-09T01:33:13.4953505Z Selecting previously unselected package vdpau-driver-all:amd64.
2026-10-09T01:33:13.5077461Z Preparing to unpack .../97-vdpau-driver-all_1.5-2build1_amd64.deb ...
2026-10-09T01:33:13.5086654Z Unpacking vdpau-driver-all:amd64 (1.5-2build1) ...
2026-10-09T01:33:13.5275015Z Selecting previously unselected package pocketsphinx-en-us.
2026-10-09T01:33:13.5400995Z Preparing to unpack .../98-pocketsphinx-en-us_0.8.0+real5prealpha+1-15ubuntu5_all.deb ...
2026-10-09T01:33:13.5409292Z Unpacking pocketsphinx-en-us (0.8.0+real5prealpha+1-15ubuntu5) ...
2026-10-09T01:33:13.7267153Z Setting up libgme0:amd64 (0.6.3-7build1) ...
2026-10-09T01:33:13.7291838Z Setting up libchromaprint1:amd64 (1.5.1-5) ...
2026-10-09T01:33:13.7309691Z Setting up libssh-gcrypt-4:amd64 (0.10.6-2ubuntu0.5) ...
2026-10-09T01:33:13.7328399Z Setting up libhwy1t64:amd64 (1.0.7-8.1build1) ...
2026-10-09T01:33:13.7345934Z Setting up libudfread0:amd64 (1.1.2-1build1) ...
2026-10-09T01:33:13.7366824Z Setting up libraw1394-11:amd64 (2.1.2-2build3) ...
2026-10-09T01:33:13.7386502Z Setting up libspeex1:amd64 (1.2.1-2ubuntu2.24.04.1) ...
2026-10-09T01:33:13.7440372Z Setting up libshine3:amd64 (3.1.1-2build1) ...
2026-10-09T01:33:13.7473772Z Setting up libcaca0:amd64 (0.99.beta20-4ubuntu0.2) ...
2026-10-09T01:33:13.7497491Z Setting up libvpl2 (2023.3.0-1build1) ...
2026-10-09T01:33:13.7554943Z Setting up libx264-164:amd64 (2:0.164.3108+git31e19f9-1) ...
2026-10-09T01:33:13.7584687Z Setting up libtwolame0:amd64 (0.4.0-2build3) ...
2026-10-09T01:33:13.7611667Z Setting up libmbedcrypto7t64:amd64 (2.28.8-1) ...
2026-10-09T01:33:13.7645467Z Setting up libgsm1:amd64 (1.0.22-1build1) ...
2026-10-09T01:33:13.7673248Z Setting up libsoxr0:amd64 (0.1.3-4build3) ...
2026-10-09T01:33:13.7699612Z Setting up libzix-0-0:amd64 (0.4.2-2build1) ...
2026-10-09T01:33:13.7729672Z Setting up libcodec2-1.2:amd64 (1.2.0-2build1) ...
2026-10-09T01:33:13.7753774Z Setting up libmysofa1:amd64 (1.3.2+dfsg-2ubuntu2) ...
2026-10-09T01:33:13.7783334Z Setting up libxcb-shape0:amd64 (1.15-1ubuntu2) ...
2026-10-09T01:33:13.7812304Z Setting up libcdio19t64:amd64 (2.1.0-4.1ubuntu1.2) ...
2026-10-09T01:33:13.7851073Z Setting up libsvtav1enc1d1:amd64 (1.7.0+dfsg-2build1) ...
2026-10-09T01:33:13.7881546Z Setting up libigdgmm12:amd64 (22.3.17+ds1-1ubuntu1) ...
2026-10-09T01:33:13.7912514Z Setting up libmpg123-0t64:amd64 (1.32.5-1ubuntu1.1) ...
2026-10-09T01:33:13.7945087Z Setting up libcjson1:amd64 (1.7.17-1) ...
2026-10-09T01:33:13.7987502Z Setting up libxvidcore4:amd64 (2:1.3.7-1build1) ...
2026-10-09T01:33:13.8026638Z Setting up librav1e0:amd64 (0.7.1-2) ...
2026-10-09T01:33:13.8054140Z Setting up libcdio-cdda2t64:amd64 (10.2+2.0.1-1.1build2) ...
2026-10-09T01:33:13.8082181Z Setting up librist4:amd64 (0.2.10+dfsg-2) ...
2026-10-09T01:33:13.8109867Z Setting up librsvg2-2:amd64 (2.58.0+dfsg-1ubuntu0.1) ...
2026-10-09T01:33:13.8141452Z Setting up libblas3:amd64 (3.12.0-3build1.1) ...
2026-10-09T01:33:13.8236797Z update-alternatives: using /usr/lib/x86_64-linux-gnu/blas/libblas.so.3 to provide /usr/lib/x86_64-linux-gnu/libblas.so.3 (libblas.so.3-x86_64-linux-gnu) in auto mode
2026-10-09T01:33:13.8306258Z Setting up libplacebo338:amd64 (6.338.2-2build1) ...
2026-10-09T01:33:13.8343470Z Setting up libva2:amd64 (2.20.0-2ubuntu0.2) ...
2026-10-09T01:33:13.8368554Z Setting up libopus0:amd64 (1.4-1build1) ...
2026-10-09T01:33:13.8397570Z Setting up libcdio-paranoia2t64:amd64 (10.2+2.0.1-1.1build2) ...
2026-10-09T01:33:13.8423284Z Setting up libdc1394-25:amd64 (2.2.6-4build1) ...
2026-10-09T01:33:13.8450213Z Setting up intel-media-va-driver:amd64 (24.1.0+dfsg1-1ubuntu0.2) ...
2026-10-09T01:33:13.8470754Z Setting up libxv1:amd64 (2:1.0.11-1.1build1) ...
2026-10-09T01:33:13.8496399Z Setting up libunibreak5:amd64 (5.1-2build1) ...
2026-10-09T01:33:13.8529852Z Setting up libaacs0:amd64 (0.11.1-2build1) ...
2026-10-09T01:33:13.8556771Z Setting up libjxl0.7:amd64 (0.7.0-10.2ubuntu6.1) ...
2026-10-09T01:33:13.8586171Z Setting up librsvg2-common:amd64 (2.58.0+dfsg-1ubuntu0.1) ...
2026-10-09T01:33:13.8713640Z Setting up pocketsphinx-en-us (0.8.0+real5prealpha+1-15ubuntu5) ...
2026-10-09T01:33:13.8731725Z Setting up libx265-199:amd64 (3.5-2build1) ...
2026-10-09T01:33:13.8755133Z Setting up libsndio7.0:amd64 (1.9.0-0.3build3) ...
2026-10-09T01:33:13.8780585Z Setting up libbdplus0:amd64 (0.2.0-3build1) ...
2026-10-09T01:33:13.8805281Z Setting up libvidstab1.1:amd64 (1.1.0-2build1) ...
2026-10-09T01:33:13.8827126Z Setting up libvpx9:amd64 (1.14.0-1ubuntu2.3) ...
2026-10-09T01:33:13.8902175Z Setting up libsrt1.5-gnutls:amd64 (1.5.3-1build2) ...
2026-10-09T01:33:13.9915591Z Setting up libflite1:amd64 (2.2-6build3) ...
2026-10-09T01:33:13.9943907Z Setting up libdav1d7:amd64 (1.4.1-1build1) ...
2026-10-09T01:33:13.9964153Z Setting up libva-drm2:amd64 (2.20.0-2ubuntu0.2) ...
2026-10-09T01:33:13.9983579Z Setting up ocl-icd-libopencl1:amd64 (2.3.2-1build1) ...
2026-10-09T01:33:14.0001240Z Setting up libasyncns0:amd64 (0.8-6build4) ...
2026-10-09T01:33:14.0020936Z Setting up libvdpau1:amd64 (1.5-2build1) ...
2026-10-09T01:33:14.0048113Z Setting up libbs2b0:amd64 (3.1.0+dfsg-7build1) ...
2026-10-09T01:33:14.0068001Z Setting up libtheora0:amd64 (1.1.1+dfsg.1-16.1build3) ...
2026-10-09T01:33:14.0086317Z Setting up libdecor-0-0:amd64 (0.2.2-1build2) ...
2026-10-09T01:33:14.0105380Z Setting up libzimg2:amd64 (3.0.5+ds1-1build1) ...
2026-10-09T01:33:14.0122656Z Setting up libopenal-data (1:1.23.1-4build1) ...
2026-10-09T01:33:14.0148710Z Setting up libflac12t64:amd64 (1.4.3+ds-2.1ubuntu2) ...
2026-10-09T01:33:14.0166265Z Setting up mesa-va-drivers:amd64 (25.2.8-0ubuntu0.24.04.4) ...
2026-10-09T01:33:14.0183360Z Setting up libbluray2:amd64 (1:1.3.4-1build1) ...
2026-10-09T01:33:14.0206810Z Setting up libsamplerate0:amd64 (0.2.2-4build1) ...
2026-10-09T01:33:14.0224810Z Setting up libva-x11-2:amd64 (2.20.0-2ubuntu0.2) ...
2026-10-09T01:33:14.0242588Z Setting up libdecor-0-plugin-1-gtk:amd64 (0.2.2-1build2) ...
2026-10-09T01:33:14.0261293Z Setting up libopenmpt0t64:amd64 (0.7.3-1.1build3) ...
2026-10-09T01:33:14.0279300Z Setting up libzvbi-common (0.2.42-2) ...
2026-10-09T01:33:14.0300097Z Setting up libmp3lame0:amd64 (3.100-6build1) ...
2026-10-09T01:33:14.0320258Z Setting up i965-va-driver:amd64 (2.4.1+dfsg1-1ubuntu0.2) ...
2026-10-09T01:33:14.0338279Z Setting up libvorbisenc2:amd64 (1.3.7-1build3) ...
2026-10-09T01:33:14.0358978Z Setting up libiec61883-0:amd64 (1.2.0-6build1) ...
2026-10-09T01:33:14.0377740Z Setting up libserd-0-0:amd64 (0.32.2-1) ...
2026-10-09T01:33:14.0397084Z Setting up libavc1394-0:amd64 (0.5.4-5build3) ...
2026-10-09T01:33:14.0418792Z Setting up mesa-vdpau-drivers:amd64 (25.2.8-0ubuntu0.24.04.4) ...
2026-10-09T01:33:14.0437609Z Setting up liblapack3:amd64 (3.12.0-3build1.1) ...
2026-10-09T01:33:14.0500604Z update-alternatives: using /usr/lib/x86_64-linux-gnu/lapack/liblapack.so.3 to provide /usr/lib/x86_64-linux-gnu/liblapack.so.3 (liblapack.so.3-x86_64-linux-gnu) in auto mode
2026-10-09T01:33:14.0520664Z Setting up libzvbi0t64:amd64 (0.2.42-2) ...
2026-10-09T01:33:14.0563683Z Setting up libavutil58:amd64 (7:6.1.1-3ubuntu5) ...
2026-10-09T01:33:14.0592263Z Setting up libopenal1:amd64 (1:1.23.1-4build1) ...
2026-10-09T01:33:14.0619158Z Setting up libass9:amd64 (1:0.17.1-2build1) ...
2026-10-09T01:33:14.0640003Z Setting up libswresample4:amd64 (7:6.1.1-3ubuntu5) ...
2026-10-09T01:33:14.0658933Z Setting up va-driver-all:amd64 (2.20.0-2ubuntu0.2) ...
2026-10-09T01:33:14.0679703Z Setting up libavcodec60:amd64 (7:6.1.1-3ubuntu5) ...
2026-10-09T01:33:14.0705647Z Setting up librubberband2:amd64 (3.3.0+dfsg-2build1) ...
2026-10-09T01:33:14.0995670Z Setting up libjack-jackd2-0:amd64 (1.9.21~dfsg-3ubuntu3) ...
2026-10-09T01:33:14.1016473Z Setting up vdpau-driver-all:amd64 (1.5-2build1) ...
2026-10-09T01:33:14.1034727Z Setting up libsord-0-0:amd64 (0.16.16-2build1) ...
2026-10-09T01:33:14.1055152Z Setting up libpostproc57:amd64 (7:6.1.1-3ubuntu5) ...
2026-10-09T01:33:14.1073631Z Setting up libsratom-0-0:amd64 (0.6.16-1build1) ...
2026-10-09T01:33:14.1095289Z Setting up libsndfile1:amd64 (1.2.2-1ubuntu5.24.04.1) ...
2026-10-09T01:33:14.1120489Z Setting up liblilv-0-0:amd64 (0.24.22-1build1) ...
2026-10-09T01:33:14.1146452Z Setting up libswscale7:amd64 (7:6.1.1-3ubuntu5) ...
2026-10-09T01:33:14.1175563Z Setting up libpulse0:amd64 (1:16.1+dfsg1-2ubuntu10.1) ...
2026-10-09T01:33:14.1247085Z Setting up libavformat60:amd64 (7:6.1.1-3ubuntu5) ...
2026-10-09T01:33:14.1266809Z Setting up libsphinxbase3t64:amd64 (0.8+5prealpha+1-17build2) ...
2026-10-09T01:33:14.1285558Z Setting up libsdl2-2.0-0:amd64 (2.30.0+dfsg-1ubuntu3.1) ...
2026-10-09T01:33:14.1301966Z Setting up libpocketsphinx3:amd64 (0.8.0+real5prealpha+1-15ubuntu5) ...
2026-10-09T01:33:14.1324275Z Setting up libavfilter9:amd64 (7:6.1.1-3ubuntu5) ...
2026-10-09T01:33:14.1345318Z Setting up libavdevice60:amd64 (7:6.1.1-3ubuntu5) ...
2026-10-09T01:33:14.1361989Z Setting up ffmpeg (7:6.1.1-3ubuntu5) ...
2026-10-09T01:33:14.1385225Z Processing triggers for man-db (2.12.0-4build2) ...
2026-10-09T01:33:14.1406456Z Not building database; man-db/auto-update is not 'true'.
2026-10-09T01:33:14.1419862Z Processing triggers for libgdk-pixbuf-2.0-0:amd64 (2.42.10+dfsg-3ubuntu3.3) ...
2026-10-09T01:33:14.3726575Z Processing triggers for libc-bin (2.39-0ubuntu8.9) ...
2026-10-09T01:33:15.0576865Z 
2026-10-09T01:33:15.0577548Z Running kernel seems to be up-to-date.
2026-10-09T01:33:15.0577972Z 
2026-10-09T01:33:15.0578644Z No services need to be restarted.
2026-10-09T01:33:15.0579021Z 
2026-10-09T01:33:15.0579303Z No containers need to be restarted.
2026-10-09T01:33:15.0579987Z 
2026-10-09T01:33:15.0580325Z No user sessions are running outdated binaries.
2026-10-09T01:33:15.0580731Z 
2026-10-09T01:33:15.0581254Z No VM guests are running outdated hypervisor (qemu) binaries on this host.
2026-10-09T01:33:16.2515966Z ffprobe version 6.1.1-3ubuntu5 Copyright (c) 2007-2023 the FFmpeg developers
2026-10-09T01:33:16.2516776Z built with gcc 13 (Ubuntu 13.2.0-23ubuntu3)
2026-10-09T01:33:16.2525738Z configuration: --prefix=/usr --extra-version=3ubuntu5 --toolchain=hardened --libdir=/usr/lib/x86_64-linux-gnu --incdir=/usr/include/x86_64-linux-gnu --arch=amd64 --enable-gpl --disable-stripping --disable-omx --enable-gnutls --enable-libaom --enable-libass --enable-libbs2b --enable-libcaca --enable-libcdio --enable-libcodec2 --enable-libdav1d --enable-libflite --enable-libfontconfig --enable-libfreetype --enable-libfribidi --enable-libglslang --enable-libgme --enable-libgsm --enable-libharfbuzz --enable-libmp3lame --enable-libmysofa --enable-libopenjpeg --enable-libopenmpt --enable-libopus --enable-librubberband --enable-libshine --enable-libsnappy --enable-libsoxr --enable-libspeex --enable-libtheora --enable-libtwolame --enable-libvidstab --enable-libvorbis --enable-libvpx --enable-libwebp --enable-libx265 --enable-libxml2 --enable-libxvid --enable-libzimg --enable-openal --enable-opencl --enable-opengl --disable-sndio --enable-libvpl --disable-libmfx --enable-libdc1394 --enable-libdrm --enable-libiec61883 --enable-chromaprint --enable-frei0r --enable-ladspa --enable-libbluray --enable-libjack --enable-libpulse --enable-librabbitmq --enable-librist --enable-libsrt --enable-libssh --enable-libsvtav1 --enable-libx264 --enable-libzmq --enable-libzvbi --enable-lv2 --enable-sdl2 --enable-libplacebo --enable-librav1e --enable-pocketsphinx --enable-librsvg --enable-libjxl --enable-shared
2026-10-09T01:33:16.2531946Z libavutil      58. 29.100 / 58. 29.100
2026-10-09T01:33:16.2532300Z libavcodec     60. 31.102 / 60. 31.102
2026-10-09T01:33:16.2532655Z libavformat    60. 16.100 / 60. 16.100
2026-10-09T01:33:16.2533003Z libavdevice    60.  3.100 / 60.  3.100
2026-10-09T01:33:16.2533347Z libavfilter     9. 12.100 /  9. 12.100
2026-10-09T01:33:16.2533696Z libswscale      7.  5.100 /  7.  5.100
2026-10-09T01:33:16.2534038Z libswresample   4. 12.100 /  4. 12.100
2026-10-09T01:33:16.2534520Z libpostproc    57.  3.100 / 57.  3.100
2026-10-09T01:33:16.3002503Z ffmpeg version 6.1.1-3ubuntu5 Copyright (c) 2000-2023 the FFmpeg developers
2026-10-09T01:33:16.3003362Z built with gcc 13 (Ubuntu 13.2.0-23ubuntu3)
2026-10-09T01:33:16.3015641Z configuration: --prefix=/usr --extra-version=3ubuntu5 --toolchain=hardened --libdir=/usr/lib/x86_64-linux-gnu --incdir=/usr/include/x86_64-linux-gnu --arch=amd64 --enable-gpl --disable-stripping --disable-omx --enable-gnutls --enable-libaom --enable-libass --enable-libbs2b --enable-libcaca --enable-libcdio --enable-libcodec2 --enable-libdav1d --enable-libflite --enable-libfontconfig --enable-libfreetype --enable-libfribidi --enable-libglslang --enable-libgme --enable-libgsm --enable-libharfbuzz --enable-libmp3lame --enable-libmysofa --enable-libopenjpeg --enable-libopenmpt --enable-libopus --enable-librubberband --enable-libshine --enable-libsnappy --enable-libsoxr --enable-libspeex --enable-libtheora --enable-libtwolame --enable-libvidstab --enable-libvorbis --enable-libvpx --enable-libwebp --enable-libx265 --enable-libxml2 --enable-libxvid --enable-libzimg --enable-openal --enable-opencl --enable-opengl --disable-sndio --enable-libvpl --disable-libmfx --enable-libdc1394 --enable-libdrm --enable-libiec61883 --enable-chromaprint --enable-frei0r --enable-ladspa --enable-libbluray --enable-libjack --enable-libpulse --enable-librabbitmq --enable-librist --enable-libsrt --enable-libssh --enable-libsvtav1 --enable-libx264 --enable-libzmq --enable-libzvbi --enable-lv2 --enable-sdl2 --enable-libplacebo --enable-librav1e --enable-pocketsphinx --enable-librsvg --enable-libjxl --enable-shared
2026-10-09T01:33:16.3024942Z libavutil      58. 29.100 / 58. 29.100
2026-10-09T01:33:16.3025689Z libavcodec     60. 31.102 / 60. 31.102
2026-10-09T01:33:16.3026228Z libavformat    60. 16.100 / 60. 16.100
2026-10-09T01:33:16.3026760Z libavdevice    60.  3.100 / 60.  3.100
2026-10-09T01:33:16.3027306Z libavfilter     9. 12.100 /  9. 12.100
2026-10-09T01:33:16.3027831Z libswscale      7.  5.100 /  7.  5.100
2026-10-09T01:33:16.3028353Z libswresample   4. 12.100 /  4. 12.100
2026-10-09T01:33:16.3028882Z libpostproc    57.  3.100 / 57.  3.100
2026-10-09T01:33:16.3071566Z ##[group]Run node --version
2026-10-09T01:33:16.3071897Z [36;1mnode --version[0m
2026-10-09T01:33:16.3072136Z [36;1mnproc[0m
2026-10-09T01:33:16.3072387Z [36;1mawk '/MemTotal/ { print }' /proc/meminfo[0m
2026-10-09T01:33:16.3072692Z [36;1mdf -Pk .[0m
2026-10-09T01:33:16.3135683Z shell: /usr/bin/bash -e {0}
2026-10-09T01:33:16.3135974Z env:
2026-10-09T01:33:16.3136261Z   G10_SOURCE_COMMIT: df123c797b226c479b50a998011c1ea6d0157391
2026-10-09T01:33:16.3136630Z ##[endgroup]
2026-10-09T01:33:16.3244302Z v22.16.0
2026-10-09T01:33:16.3263138Z 4
2026-10-09T01:33:16.3282343Z MemTotal:       16373452 kB
2026-10-09T01:33:16.3302380Z Filesystem     1024-blocks     Used Available Capacity Mounted on
2026-10-09T01:33:16.3303270Z /dev/root        151263856 64390096  86857376      43% /
2026-10-09T01:33:16.3362315Z ##[group]Run set -o pipefail
2026-10-09T01:33:16.3362642Z [36;1mset -o pipefail[0m
2026-10-09T01:33:16.3363033Z [36;1mnode scripts/check.mjs --stage 'node' 2>&1 | tee '.work-stage-node.stdout'[0m
2026-10-09T01:33:16.3420748Z shell: /usr/bin/bash -e {0}
2026-10-09T01:33:16.3421022Z env:
2026-10-09T01:33:16.3421297Z   G10_SOURCE_COMMIT: df123c797b226c479b50a998011c1ea6d0157391
2026-10-09T01:33:16.3421634Z ##[endgroup]
2026-10-09T01:33:16.4765420Z 
2026-10-09T01:33:16.4765945Z > partybox-g10-checkers@1.0.0 build
2026-10-09T01:33:16.4766541Z > tsc --noEmit && node scripts/build.mjs
2026-10-09T01:33:16.4766836Z 
2026-10-09T01:33:29.6422723Z PASS: complete offline single-page game written to /home/runner/work/partybox-game-cores/partybox-game-cores/jobs/G10-checkers/.work/play.html; original six-piece data is read in bounded blocks.
2026-10-09T01:33:48.1114089Z PASS: checksums, authoritative schemas/manifest, pure core source, fixed corpus provenance, original offline page (delivery execution gates explicitly excluded).
2026-10-09T01:33:52.0189880Z {"status": "PASS", "positives": 4, "rejected": 21, "controls": ["wrong-part-order", "duplicate-part", "gap-offset", "wrong-part-size", "wrong-part-sha", "wrong-whole-sha", "wrong-checkout", "wrong-whole-size", "oversized-part-limit", "absolute-part-path", "wrong-helper-sha", "missing-accepted-stage", "coherent-sidecars-wrong-whole-sha", "truncated-part", "changed-part-same-size", "JOIN-removes-incomplete-output", "missing-part", "symlink-part", "extra-stale-part", "duplicate-json-key", "JOIN-keeps-existing-output"], "scope": "Real split/re-read/JOIN boundary fixture plus meaningful part/order/digest/source and incomplete-output corruptions; not game delivery acceptance"}
2026-10-09T01:34:02.6375136Z {"status":"PASS","positives":14,"rejected":127,"scope":"Independent host-validator component controls against genuine historical 30-check reports, American-only 600-frame data, actual failed International data and actual historical WebM clips, plus explicitly labeled structural identity/telemetry/relative-coordinate components and isolated counterfactual thresholds. No current browser/capture acceptance is inferred."}
2026-10-09T01:34:23.6503288Z {"status":"PASS","positives":10,"rejected":72,"scope":"Genuine current historical4000-game records replayed independently; derived partition metadata and explicit synthetic stage-schema fixtures test components only. No fresh partition execution, current hosted acceptance or CI-fit inference."}
2026-10-09T01:34:33.5307492Z {"suite":"endgame-generation","stats":{"american":{"positions":7216,"edges":16138,"wins":1552,"losses":924,"draws":4740,"maximumDtm":13,"tacticalThreeToSix":{"candidates":10931,"accepted":2000,"definition":"every legal forced capture removes the sole opposing piece"}},"international":{"positions":18070,"edges":105140,"wins":6600,"losses":4114,"draws":7356,"maximumDtm":17,"tacticalThreeToSix":{"candidates":5892,"accepted":2000,"definition":"every legal forced capture removes the sole opposing piece"}}},"totalRows":29286}
2026-10-09T01:34:42.9489627Z Two phase fixtures, projections, schemas and manifest generated.
2026-10-09T01:34:52.7843234Z {"suite":"endgame-generation","stats":{"american":{"positions":7216,"edges":16138,"wins":1552,"losses":924,"draws":4740,"maximumDtm":13,"tacticalThreeToSix":{"candidates":10931,"accepted":2000,"definition":"every legal forced capture removes the sole opposing piece"}},"international":{"positions":18070,"edges":105140,"wins":6600,"losses":4114,"draws":7356,"maximumDtm":17,"tacticalThreeToSix":{"candidates":5892,"accepted":2000,"definition":"every legal forced capture removes the sole opposing piece"}}},"totalRows":29286}
2026-10-09T01:35:02.1778850Z Two phase fixtures, projections, schemas and manifest generated.
2026-10-09T01:35:02.2595774Z {"phase": "start", "pid": 3924, "pgid": 2015}
2026-10-09T01:35:04.8087337Z {"phase": "complete", "manifest": {"schemaVersion": 1, "author": "Chinook project, University of Alberta", "archiveUrl": "https://webdocs.cs.ualberta.ca/~chinook/DataBases/DB6.zip", "termsUrl": "https://webdocs.cs.ualberta.ca/~chinook/Software/", "terms": "Free use requires acknowledgement of the Chinook project; sale of these databases is prohibited.", "formatSourceUrl": "https://webdocs.cs.ualberta.ca/~chinook/databases/code.c", "files": {"DB6.zip": {"bytes": 27701728, "sha256": "35835dae65a962eafdf5cde290bce380117445acb21819dd0e266b3b0efab3b3"}, "DB6": {"bytes": 48132029, "sha256": "baee42a2b49390edd96e5a751189366275619c941d79021f3ca45774c3e7071f"}, "DB6.idx": {"bytes": 900418, "sha256": "10cb5cfc2a8c67e18c322563c17ceef0adeac87786a16c767c4616e9a574f4fd"}}, "baseSlices": 3935, "materialCoverage": [{"pieces": 2, "pieceTypeTuples": 4, "materialSplits": [[1, 1]]}, {"pieces": 3, "pieceTypeTuples": 12, "materialSplits": [[1, 2]]}, {"pieces": 4, "pieceTypeTuples": 25, "materialSplits": [[1, 3], [2, 2]]}, {"pieces": 5, "pieceTypeTuples": 44, "materialSplits": [[1, 4], [2, 3]]}, {"pieces": 6, "pieceTypeTuples": 70, "materialSplits": [[1, 5], [2, 4], [3, 3]]}], "coverageCheckScope": "All nonempty 2\u20136 material/king/man tuples are present; probe/rank correctness requires separate independent checks.", "probeContract": "American theoretical WDL; direct stored queries require no capture for either side. Draw history is not stored."}}
2026-10-09T01:35:04.9270727Z {"phase": "start", "pid": 3926, "pgid": 2015}
2026-10-09T01:35:05.2627023Z {"phase": "complete", "manifest": {"schemaVersion": 1, "author": "Chinook project, University of Alberta", "archiveUrl": "https://webdocs.cs.ualberta.ca/~chinook/DataBases/DB6.zip", "termsUrl": "https://webdocs.cs.ualberta.ca/~chinook/Software/", "terms": "Free use requires acknowledgement of the Chinook project; sale of these databases is prohibited.", "formatSourceUrl": "https://webdocs.cs.ualberta.ca/~chinook/databases/code.c", "files": {"DB6.zip": {"bytes": 27701728, "sha256": "35835dae65a962eafdf5cde290bce380117445acb21819dd0e266b3b0efab3b3"}, "DB6": {"bytes": 48132029, "sha256": "baee42a2b49390edd96e5a751189366275619c941d79021f3ca45774c3e7071f"}, "DB6.idx": {"bytes": 900418, "sha256": "10cb5cfc2a8c67e18c322563c17ceef0adeac87786a16c767c4616e9a574f4fd"}}, "baseSlices": 3935, "materialCoverage": [{"pieces": 2, "pieceTypeTuples": 4, "materialSplits": [[1, 1]]}, {"pieces": 3, "pieceTypeTuples": 12, "materialSplits": [[1, 2]]}, {"pieces": 4, "pieceTypeTuples": 25, "materialSplits": [[1, 3], [2, 2]]}, {"pieces": 5, "pieceTypeTuples": 44, "materialSplits": [[1, 4], [2, 3]]}, {"pieces": 6, "pieceTypeTuples": 70, "materialSplits": [[1, 5], [2, 4], [3, 3]]}], "coverageCheckScope": "All nonempty 2\u20136 material/king/man tuples are present; probe/rank correctness requires separate independent checks.", "probeContract": "American theoretical WDL; direct stored queries require no capture for either side. Draw history is not stored."}}
2026-10-09T01:35:05.3693292Z TAP version 13
2026-10-09T01:35:17.5172388Z # Subtest: PVS/transposition tie handling agrees with independent exhaustive minimax and capture horizon
2026-10-09T01:35:17.5180738Z ok 1 - PVS/transposition tie handling agrees with independent exhaustive minimax and capture horizon
2026-10-09T01:35:17.5185622Z   ---
2026-10-09T01:35:17.5187600Z   duration_ms: 413.781805
2026-10-09T01:35:17.5188057Z   type: 'test'
2026-10-09T01:35:17.5188455Z   ...
2026-10-09T01:35:17.5189174Z # Subtest: independent Chinook reader decodes high-to-low ternary digits
2026-10-09T01:35:17.5189930Z ok 2 - independent Chinook reader decodes high-to-low ternary digits
2026-10-09T01:35:17.5190673Z   ---
2026-10-09T01:35:17.5190943Z   duration_ms: 1.155734
2026-10-09T01:35:17.5191223Z   type: 'test'
2026-10-09T01:35:17.5191462Z   ...
2026-10-09T01:35:17.5191994Z # Subtest: independent Chinook reader consumes default runs before ordinary records
2026-10-09T01:35:17.5192793Z ok 3 - independent Chinook reader consumes default runs before ordinary records
2026-10-09T01:35:17.5193272Z   ---
2026-10-09T01:35:17.5193504Z   duration_ms: 0.305329
2026-10-09T01:35:17.5193770Z   type: 'test'
2026-10-09T01:35:17.5194000Z   ...
2026-10-09T01:35:17.5194990Z # Subtest: independent Chinook uniform records need no binary payload
2026-10-09T01:35:17.5195705Z ok 4 - independent Chinook uniform records need no binary payload
2026-10-09T01:35:17.5196133Z   ---
2026-10-09T01:35:17.5196374Z   duration_ms: 0.185145
2026-10-09T01:35:17.5196642Z   type: 'test'
2026-10-09T01:35:17.5196881Z   ...
2026-10-09T01:35:17.5199038Z # Subtest: independent Chinook raw stored probe rejects current-side and opponent-only captures
2026-10-09T01:35:17.5205968Z ok 5 - independent Chinook raw stored probe rejects current-side and opponent-only captures
2026-10-09T01:35:17.5206808Z   ---
2026-10-09T01:35:17.5207178Z   duration_ms: 0.299778
2026-10-09T01:35:17.5207583Z   type: 'test'
2026-10-09T01:35:17.5207999Z   ...
2026-10-09T01:35:17.5208798Z # Subtest: independent Chinook reader rejects malformed or out-of-bounds index records
2026-10-09T01:35:17.5209929Z ok 6 - independent Chinook reader rejects malformed or out-of-bounds index records
2026-10-09T01:35:17.5210625Z   ---
2026-10-09T01:35:17.5210977Z   duration_ms: 0.370691
2026-10-09T01:35:17.5211355Z   type: 'test'
2026-10-09T01:35:17.5211685Z   ...
2026-10-09T01:35:17.5212323Z # Subtest: acquired full American corpus bytes/index match fixed primary-source hashes
2026-10-09T01:35:17.5213012Z ok 7 - acquired full American corpus bytes/index match fixed primary-source hashes
2026-10-09T01:35:17.5213415Z   ---
2026-10-09T01:35:17.5213613Z   duration_ms: 31.519904
2026-10-09T01:35:17.5213860Z   type: 'test'
2026-10-09T01:35:17.5214063Z   ...
2026-10-09T01:35:17.5214883Z # Subtest: both independent corpus readers match exact fully closed two-piece WDL where wire format applies
2026-10-09T01:35:17.5215774Z ok 8 - both independent corpus readers match exact fully closed two-piece WDL where wire format applies
2026-10-09T01:35:17.5216262Z   ---
2026-10-09T01:35:17.5216474Z   duration_ms: 357.964069
2026-10-09T01:35:17.5216712Z   type: 'test'
2026-10-09T01:35:17.5216913Z   ...
2026-10-09T01:35:17.5218122Z # Subtest: 10,000 mixed2–6piece production ranks/decodes equal independent enumeration and reject capture threats
2026-10-09T01:35:17.5219140Z ok 9 - 10,000 mixed2–6piece production ranks/decodes equal independent enumeration and reject capture threats
2026-10-09T01:35:17.5219666Z   ---
2026-10-09T01:35:17.5219907Z   duration_ms: 525.425211
2026-10-09T01:35:17.5220150Z   type: 'test'
2026-10-09T01:35:17.5220347Z   ...
2026-10-09T01:35:17.5220843Z # Subtest: production corpus factory snapshots inputs and rejects damaged or incompatible metadata
2026-10-09T01:35:17.5221601Z ok 10 - production corpus factory snapshots inputs and rejects damaged or incompatible metadata
2026-10-09T01:35:17.5222044Z   ---
2026-10-09T01:35:17.5222235Z   duration_ms: 0.86918
2026-10-09T01:35:17.5222688Z   type: 'test'
2026-10-09T01:35:17.5222888Z   ...
2026-10-09T01:35:17.5223308Z # Subtest: contract manifest/counts/settings and deterministic initial boards
2026-10-09T01:35:17.5223914Z ok 11 - contract manifest/counts/settings and deterministic initial boards
2026-10-09T01:35:17.5224305Z   ---
2026-10-09T01:35:17.5224895Z   duration_ms: 2.106157
2026-10-09T01:35:17.5225140Z   type: 'test'
2026-10-09T01:35:17.5225435Z   ...
2026-10-09T01:35:17.5225963Z # Subtest: contract total immutable reducer ignores malformed/unknown events in both phases
2026-10-09T01:35:17.5226684Z ok 12 - contract total immutable reducer ignores malformed/unknown events in both phases
2026-10-09T01:35:17.5227108Z   ---
2026-10-09T01:35:17.5227307Z   duration_ms: 4.675065
2026-10-09T01:35:17.5227539Z   type: 'test'
2026-10-09T01:35:17.5227738Z   ...
2026-10-09T01:35:17.5228155Z # Subtest: contract live timer requires exact phase instance and elapsed deadline
2026-10-09T01:35:17.5228769Z ok 13 - contract live timer requires exact phase instance and elapsed deadline
2026-10-09T01:35:17.5229164Z   ---
2026-10-09T01:35:17.5229362Z   duration_ms: 0.324034
2026-10-09T01:35:17.5229590Z   type: 'test'
2026-10-09T01:35:17.5229787Z   ...
2026-10-09T01:35:17.5230339Z # Subtest: VIP pause/resume shifts only the deadline; skip/end remain available
2026-10-09T01:35:17.5230946Z ok 14 - VIP pause/resume shifts only the deadline; skip/end remain available
2026-10-09T01:35:17.5231336Z   ---
2026-10-09T01:35:17.5231536Z   duration_ms: 3.729
2026-10-09T01:35:17.5231758Z   type: 'test'
2026-10-09T01:35:17.5231957Z   ...
2026-10-09T01:35:17.5232422Z # Subtest: presence auto-holds empty rooms, resumes clocks and permanently preserves leavers
2026-10-09T01:35:17.5233112Z ok 15 - presence auto-holds empty rooms, resumes clocks and permanently preserves leavers
2026-10-09T01:35:17.5233540Z   ---
2026-10-09T01:35:17.5233735Z   duration_ms: 4.246937
2026-10-09T01:35:17.5233964Z   type: 'test'
2026-10-09T01:35:17.5234165Z   ...
2026-10-09T01:35:17.5234916Z # Subtest: hostile seat IDs, public view equality, spectator safety and cloned projections
2026-10-09T01:35:17.5235596Z ok 16 - hostile seat IDs, public view equality, spectator safety and cloned projections
2026-10-09T01:35:17.5236009Z   ---
2026-10-09T01:35:17.5236207Z   duration_ms: 2.263609
2026-10-09T01:35:17.5236429Z   type: 'test'
2026-10-09T01:35:17.5236624Z   ...
2026-10-09T01:35:17.5237037Z # Subtest: complete legal inputs and terminal scores preserve every original seat
2026-10-09T01:35:17.5237641Z ok 17 - complete legal inputs and terminal scores preserve every original seat
2026-10-09T01:35:17.5238026Z   ---
2026-10-09T01:35:17.5238222Z   duration_ms: 2.26403
2026-10-09T01:35:17.5238444Z   type: 'test'
2026-10-09T01:35:17.5238637Z   ...
2026-10-09T01:35:17.5239108Z # Subtest: all three bot levels are schema-valid deterministic pure choices in every phase/role
2026-10-09T01:35:17.5239813Z ok 18 - all three bot levels are schema-valid deterministic pure choices in every phase/role
2026-10-09T01:35:17.5240240Z   ---
2026-10-09T01:35:17.5240440Z   duration_ms: 213.548321
2026-10-09T01:35:17.5240670Z   type: 'test'
2026-10-09T01:35:17.5240861Z   ...
2026-10-09T01:36:31.1388773Z # Subtest: manifest and every generated phase fixture replay without throwing
2026-10-09T01:36:31.1393306Z ok 19 - manifest and every generated phase fixture replay without throwing
2026-10-09T01:36:31.1394222Z   ---
2026-10-09T01:36:31.1395015Z   duration_ms: 6.607669
2026-10-09T01:36:31.1395571Z   type: 'test'
2026-10-09T01:36:31.1396031Z   ...
2026-10-09T01:36:31.1396911Z # Subtest: authoritative state/data schemas validate generated files and reject corrupt rows
2026-10-09T01:36:31.1398149Z ok 20 - authoritative state/data schemas validate generated files and reject corrupt rows
2026-10-09T01:36:31.1398896Z   ---
2026-10-09T01:36:31.1399240Z   duration_ms: 214.03017
2026-10-09T01:36:31.1399643Z   type: 'test'
2026-10-09T01:36:31.1399980Z   ...
2026-10-09T01:36:31.1400746Z # Subtest: source-backed forty/25 move allowances use both players, with exact boundary
2026-10-09T01:36:31.1402231Z ok 21 - source-backed forty/25 move allowances use both players, with exact boundary
2026-10-09T01:36:31.1402913Z   ---
2026-10-09T01:36:31.1403254Z   duration_ms: 0.40751
2026-10-09T01:36:31.1403575Z   type: 'test'
2026-10-09T01:36:31.1403790Z   ...
2026-10-09T01:36:31.1404278Z # Subtest: quiet king moves increment while every man move and capture reset counters/history
2026-10-09T01:36:31.1406019Z ok 22 - quiet king moves increment while every man move and capture reset counters/history
2026-10-09T01:36:31.1406841Z   ---
2026-10-09T01:36:31.1409144Z   duration_ms: 1.081916
2026-10-09T01:36:31.1409565Z   type: 'test'
2026-10-09T01:36:31.1409923Z   ...
2026-10-09T01:36:31.1410600Z # Subtest: threefold includes side to move and can be disabled explicitly
2026-10-09T01:36:31.1411555Z ok 23 - threefold includes side to move and can be disabled explicitly
2026-10-09T01:36:31.1412176Z   ---
2026-10-09T01:36:31.1412520Z   duration_ms: 0.177561
2026-10-09T01:36:31.1412952Z   type: 'test'
2026-10-09T01:36:31.1413169Z   ...
2026-10-09T01:36:31.1413895Z # Subtest: official king windows start after creation, preserve old deadlines and intersect
2026-10-09T01:36:31.1415180Z ok 24 - official king windows start after creation, preserve old deadlines and intersect
2026-10-09T01:36:31.1415641Z   ---
2026-10-09T01:36:31.1415856Z   duration_ms: 0.40788
2026-10-09T01:36:31.1416084Z   type: 'test'
2026-10-09T01:36:31.1416286Z   ...
2026-10-09T01:36:31.1416793Z # Subtest: latest FMJD large diagonal has a five-each window only when occupied solely by weak king
2026-10-09T01:36:31.1417539Z ok 25 - latest FMJD large diagonal has a five-each window only when occupied solely by weak king
2026-10-09T01:36:31.1417985Z   ---
2026-10-09T01:36:31.1418193Z   duration_ms: 0.232113
2026-10-09T01:36:31.1418424Z   type: 'test'
2026-10-09T01:36:31.1418624Z   ...
2026-10-09T01:36:31.1419070Z # Subtest: published32-ply FMJD regression draws when original16-each window expires
2026-10-09T01:36:31.1419721Z ok 26 - published32-ply FMJD regression draws when original16-each window expires
2026-10-09T01:36:31.1420119Z   ---
2026-10-09T01:36:31.1420318Z   duration_ms: 2.340212
2026-10-09T01:36:31.1420548Z   type: 'test'
2026-10-09T01:36:31.1420749Z   ...
2026-10-09T01:36:31.1421200Z # Subtest: last permitted move capturing final opponent wins before a draw counter expires
2026-10-09T01:36:31.1421883Z ok 27 - last permitted move capturing final opponent wins before a draw counter expires
2026-10-09T01:36:31.1422302Z   ---
2026-10-09T01:36:31.1422547Z   duration_ms: 0.183622
2026-10-09T01:36:31.1422780Z   type: 'test'
2026-10-09T01:36:31.1422975Z   ...
2026-10-09T01:36:31.1423510Z # Subtest: optimized ending classification matches independently counted material and diagonal memberships
2026-10-09T01:36:31.1424340Z ok 28 - optimized ending classification matches independently counted material and diagonal memberships
2026-10-09T01:36:31.1425275Z   ---
2026-10-09T01:36:31.1425489Z   duration_ms: 74.749095
2026-10-09T01:36:31.1425734Z   type: 'test'
2026-10-09T01:36:31.1425938Z   ...
2026-10-09T01:36:31.1426316Z # Subtest: independent WDL never labels a truncated king graph as draw
2026-10-09T01:36:31.1426879Z ok 29 - independent WDL never labels a truncated king graph as draw
2026-10-09T01:36:31.1427249Z   ---
2026-10-09T01:36:31.1427450Z   duration_ms: 0.240699
2026-10-09T01:36:31.1427676Z   type: 'test'
2026-10-09T01:36:31.1427878Z   ...
2026-10-09T01:36:31.1428306Z # Subtest: independent WDL certifies complete six-piece forced-capture components
2026-10-09T01:36:31.1428936Z ok 30 - independent WDL certifies complete six-piece forced-capture components
2026-10-09T01:36:31.1429329Z   ---
2026-10-09T01:36:31.1429525Z   duration_ms: 0.639242
2026-10-09T01:36:31.1429752Z   type: 'test'
2026-10-09T01:36:31.1429948Z   ...
2026-10-09T01:36:31.1430452Z # Subtest: independent complete one-vs-one man/king domains have valid WDL and distance certificates
2026-10-09T01:36:31.1431251Z ok 31 - independent complete one-vs-one man/king domains have valid WDL and distance certificates
2026-10-09T01:36:31.1431887Z   ---
2026-10-09T01:36:31.1432084Z   duration_ms: 975.649272
2026-10-09T01:36:31.1432315Z   type: 'test'
2026-10-09T01:36:31.1432514Z   ...
2026-10-09T01:36:31.1433005Z # Subtest: production complete one-vs-one lookup matches independent WDL AND distance on every row
2026-10-09T01:36:31.1433751Z ok 32 - production complete one-vs-one lookup matches independent WDL AND distance on every row
2026-10-09T01:36:31.1434197Z   ---
2026-10-09T01:36:31.1434405Z   duration_ms: 685.243628
2026-10-09T01:36:31.1434956Z   type: 'test'
2026-10-09T01:36:31.1435154Z   ...
2026-10-09T01:36:31.1435596Z # Subtest: every generated three-to-six witness is independently one-turn terminal win
2026-10-09T01:36:31.1436426Z ok 33 - every generated three-to-six witness is independently one-turn terminal win
2026-10-09T01:36:31.1436903Z   ---
2026-10-09T01:36:31.1437107Z   duration_ms: 113.927505
2026-10-09T01:36:31.1437429Z   type: 'test'
2026-10-09T01:36:31.1437649Z   ...
2026-10-09T01:36:31.1438306Z # Subtest: six-piece full jumps and installed quiet draws resolve while absent or oversized data stays unknown
2026-10-09T01:36:31.1439530Z ok 34 - six-piece full jumps and installed quiet draws resolve while absent or oversized data stays unknown
2026-10-09T01:36:31.1440133Z   ---
2026-10-09T01:36:31.1440404Z   duration_ms: 10.791375
2026-10-09T01:36:31.1440749Z   type: 'test'
2026-10-09T01:36:31.1440960Z   ...
2026-10-09T01:36:31.1441517Z # Subtest: exact generator/dataset includes all legal one-per-side roots and cloned coverage
2026-10-09T01:36:31.1442376Z ok 35 - exact generator/dataset includes all legal one-per-side roots and cloned coverage
2026-10-09T01:36:31.1442912Z   ---
2026-10-09T01:36:31.1443164Z   duration_ms: 49.762689
2026-10-09T01:36:31.1453410Z   type: 'test'
2026-10-09T01:36:31.1453819Z   ...
2026-10-09T01:36:31.1454949Z # Subtest: actual public default has all41 files/156 slices and agrees with all10k native/reference cases
2026-10-09T01:36:31.1456196Z ok 36 - actual public default has all41 files/156 slices and agrees with all10k native/reference cases
2026-10-09T01:36:31.1456696Z   ---
2026-10-09T01:36:31.1456922Z   duration_ms: 2508.359302
2026-10-09T01:36:31.1457167Z   type: 'test'
2026-10-09T01:36:31.1457374Z   ...
2026-10-09T01:36:31.1457892Z # Subtest: actual default Strong game respects captures, official/house clocks and third repetition
2026-10-09T01:36:31.1458654Z ok 37 - actual default Strong game respects captures, official/house clocks and third repetition
2026-10-09T01:36:31.1459131Z   ---
2026-10-09T01:36:31.1459342Z   duration_ms: 176.11772
2026-10-09T01:36:31.1459582Z   type: 'test'
2026-10-09T01:36:31.1459785Z   ...
2026-10-09T01:36:31.1460298Z # Subtest: 48 predeclared default/block transactions preserve every report field and random cursor
2026-10-09T01:36:31.1461063Z ok 38 - 48 predeclared default/block transactions preserve every report field and random cursor
2026-10-09T01:36:31.1461510Z   ---
2026-10-09T01:36:31.1461719Z   duration_ms: 32804.072507
2026-10-09T01:36:31.1461965Z   type: 'test'
2026-10-09T01:36:31.1462167Z   ...
2026-10-09T01:36:31.1462698Z # Subtest: three complete game transcripts match default/block decisions and independent legal transitions
2026-10-09T01:36:31.1463528Z ok 39 - three complete game transcripts match default/block decisions and independent legal transitions
2026-10-09T01:36:31.1464003Z   ---
2026-10-09T01:36:31.1464206Z   duration_ms: 25384.446757
2026-10-09T01:36:31.1464740Z   type: 'test'
2026-10-09T01:36:31.1465142Z   ...
2026-10-09T01:36:31.1465752Z # Subtest: immutable encoded and block transports equal all10k retained independent/native WLD outcomes
2026-10-09T01:36:31.1466683Z ok 40 - immutable encoded and block transports equal all10k retained independent/native WLD outcomes
2026-10-09T01:36:31.1467316Z   ---
2026-10-09T01:36:31.1467611Z   duration_ms: 1038.065851
2026-10-09T01:36:31.1467864Z   type: 'test'
2026-10-09T01:36:31.1468066Z   ...
2026-10-09T01:36:31.1468656Z # Subtest: an absent nonuniform block is explicit; uniform slices require no synthetic bytes
2026-10-09T01:36:31.1469787Z ok 41 - an absent nonuniform block is explicit; uniform slices require no synthetic bytes
2026-10-09T01:36:31.1470299Z   ---
2026-10-09T01:36:31.1470537Z   duration_ms: 181.015773
2026-10-09T01:36:31.1470780Z   type: 'test'
2026-10-09T01:36:31.1471087Z   ...
2026-10-09T01:36:31.1471686Z # Subtest: transaction retries require all missing original blocks and then equal native outcomes
2026-10-09T01:36:31.1472539Z ok 42 - transaction retries require all missing original blocks and then equal native outcomes
2026-10-09T01:36:31.1473095Z   ---
2026-10-09T01:36:31.1473302Z   duration_ms: 57.391902
2026-10-09T01:36:31.1473650Z   type: 'test'
2026-10-09T01:36:31.1473850Z   ...
2026-10-09T01:36:31.1474757Z # Subtest: encoded lists, block buffers, source metadata and dictionary inputs remain immutable snapshots
2026-10-09T01:36:31.1475803Z ok 43 - encoded lists, block buffers, source metadata and dictionary inputs remain immutable snapshots
2026-10-09T01:36:31.1476372Z   ---
2026-10-09T01:36:31.1476581Z   duration_ms: 59.873717
2026-10-09T01:36:31.1476925Z   type: 'test'
2026-10-09T01:36:31.1477126Z   ...
2026-10-09T01:36:31.1477999Z # Subtest: canonical encoding and bounded block metadata reject corrupt input before probing
2026-10-09T01:36:31.1478871Z ok 44 - canonical encoding and bounded block metadata reject corrupt input before probing
2026-10-09T01:36:31.1479314Z   ---
2026-10-09T01:36:31.1479640Z   duration_ms: 4.663552
2026-10-09T01:36:31.1479956Z   type: 'test'
2026-10-09T01:36:31.1480189Z   ...
2026-10-09T01:36:31.1480736Z # Subtest: one-byte final blocks and nonaligned encoded ranges match the full snapshot decoder
2026-10-09T01:36:31.1481638Z ok 45 - one-byte final blocks and nonaligned encoded ranges match the full snapshot decoder
2026-10-09T01:36:31.1482187Z   ---
2026-10-09T01:36:31.1482397Z   duration_ms: 49.522906
2026-10-09T01:36:31.1482630Z   type: 'test'
2026-10-09T01:36:31.1482938Z   ...
2026-10-09T01:36:31.1483845Z # Subtest: production actual2–5 WLD/ranks match 10,000 retained original C++ and independent queries
2026-10-09T01:36:31.1485202Z ok 46 - production actual2–5 WLD/ranks match 10,000 retained original C++ and independent queries
2026-10-09T01:36:31.1485716Z   ---
2026-10-09T01:36:31.1486043Z   duration_ms: 300.763548
2026-10-09T01:36:31.1486369Z   type: 'test'
2026-10-09T01:36:31.1486632Z   ...
2026-10-09T01:36:31.1487111Z # Subtest: actual International dictionary/data match pinned licensed-source hashes
2026-10-09T01:36:31.1487937Z ok 47 - actual International dictionary/data match pinned licensed-source hashes
2026-10-09T01:36:31.1488467Z   ---
2026-10-09T01:36:31.1488671Z   duration_ms: 0.203028
2026-10-09T01:36:31.1488906Z   type: 'test'
2026-10-09T01:36:31.1489157Z   ...
2026-10-09T01:36:31.1489746Z # Subtest: production/reference International probes agree with independently closed full two-piece WLD
2026-10-09T01:36:31.1490795Z ok 48 - production/reference International probes agree with independently closed full two-piece WLD
2026-10-09T01:36:31.1491389Z   ---
2026-10-09T01:36:31.1491599Z   duration_ms: 1372.336894
2026-10-09T01:36:31.1491841Z   type: 'test'
2026-10-09T01:36:31.1492146Z   ...
2026-10-09T01:36:31.1492895Z # Subtest: 10,000 International material/orientation ranks agree with separately authored reference
2026-10-09T01:36:31.1493782Z ok 49 - 10,000 International material/orientation ranks agree with separately authored reference
2026-10-09T01:36:31.1494357Z   ---
2026-10-09T01:36:31.1494859Z   duration_ms: 142.397128
2026-10-09T01:36:31.1495117Z   type: 'test'
2026-10-09T01:36:31.1495322Z   ...
2026-10-09T01:36:31.1495968Z # Subtest: International constructor snapshots buffers and rejects corrupt dictionaries/index metadata
2026-10-09T01:36:31.1496984Z ok 50 - International constructor snapshots buffers and rejects corrupt dictionaries/index metadata
2026-10-09T01:36:31.1497892Z   ---
2026-10-09T01:36:31.1498113Z   duration_ms: 28.771351
2026-10-09T01:36:31.1498753Z   type: 'test'
2026-10-09T01:36:31.1499090Z   ...
2026-10-09T01:36:31.1499554Z # Subtest: production rules: American forced complete double jump excludes quiet moves
2026-10-09T01:36:31.1500557Z ok 51 - production rules: American forced complete double jump excludes quiet moves
2026-10-09T01:36:31.1501169Z   ---
2026-10-09T01:36:31.1501401Z   duration_ms: 0.530779
2026-10-09T01:36:31.1501687Z   type: 'test'
2026-10-09T01:36:31.1501959Z   ...
2026-10-09T01:36:31.1502692Z # Subtest: production rules: American crown ends capture even with backward king jump available
2026-10-09T01:36:31.1503750Z ok 52 - production rules: American crown ends capture even with backward king jump available
2026-10-09T01:36:31.1504654Z   ---
2026-10-09T01:36:31.1505036Z   duration_ms: 0.133349
2026-10-09T01:36:31.1505411Z   type: 'test'
2026-10-09T01:36:31.1505622Z   ...
2026-10-09T01:36:31.1506125Z # Subtest: production rules: International man passes crown row and remains man after continuing
2026-10-09T01:36:31.1506881Z ok 53 - production rules: International man passes crown row and remains man after continuing
2026-10-09T01:36:31.1507319Z   ---
2026-10-09T01:36:31.1507522Z   duration_ms: 0.180487
2026-10-09T01:36:31.1507752Z   type: 'test'
2026-10-09T01:36:31.1507950Z   ...
2026-10-09T01:36:31.1508593Z # Subtest: production rules: International global longest route excludes another piece short route
2026-10-09T01:36:31.1509363Z ok 54 - production rules: International global longest route excludes another piece short route
2026-10-09T01:36:31.1509815Z   ---
2026-10-09T01:36:31.1510011Z   duration_ms: 0.141504
2026-10-09T01:36:31.1510240Z   type: 'test'
2026-10-09T01:36:31.1510439Z   ...
2026-10-09T01:36:31.1510856Z # Subtest: production rules: American permits shorter route from a different piece
2026-10-09T01:36:31.1511502Z ok 55 - production rules: American permits shorter route from a different piece
2026-10-09T01:36:31.1511902Z   ---
2026-10-09T01:36:31.1512100Z   duration_ms: 0.218677
2026-10-09T01:36:31.1512329Z   type: 'test'
2026-10-09T01:36:31.1512544Z   ...
2026-10-09T01:36:31.1513040Z # Subtest: production rules: International taken pieces block reversing king between two enemies
2026-10-09T01:36:31.1513780Z ok 56 - production rules: International taken pieces block reversing king between two enemies
2026-10-09T01:36:31.1514224Z   ---
2026-10-09T01:36:31.1514684Z   duration_ms: 0.349852
2026-10-09T01:36:31.1514942Z   type: 'test'
2026-10-09T01:36:31.1515148Z   ...
2026-10-09T01:36:31.1515543Z # Subtest: production rules: International uncrowned man captures backwards
2026-10-09T01:36:31.1516124Z ok 57 - production rules: International uncrowned man captures backwards
2026-10-09T01:36:31.1516501Z   ---
2026-10-09T01:36:31.1516698Z   duration_ms: 0.129551
2026-10-09T01:36:31.1516920Z   type: 'test'
2026-10-09T01:36:31.1517112Z   ...
2026-10-09T01:36:31.1517504Z # Subtest: production rules: American uncrowned man cannot capture backwards
2026-10-09T01:36:31.1518076Z ok 58 - production rules: American uncrowned man cannot capture backwards
2026-10-09T01:36:31.1518450Z   ---
2026-10-09T01:36:31.1518647Z   duration_ms: 0.11803
2026-10-09T01:36:31.1518867Z   type: 'test'
2026-10-09T01:36:31.1519062Z   ...
2026-10-09T01:36:31.1519505Z # Subtest: production rules: American king may return to origin in a four-enemy capture
2026-10-09T01:36:31.1520154Z ok 59 - production rules: American king may return to origin in a four-enemy capture
2026-10-09T01:36:31.1520553Z   ---
2026-10-09T01:36:31.1520744Z   duration_ms: 0.135964
2026-10-09T01:36:31.1520964Z   type: 'test'
2026-10-09T01:36:31.1521156Z   ...
2026-10-09T01:36:31.1521582Z # Subtest: production rules: American short king has only adjacent quiet destinations
2026-10-09T01:36:31.1522217Z ok 60 - production rules: American short king has only adjacent quiet destinations
2026-10-09T01:36:31.1522649Z   ---
2026-10-09T01:36:31.1522841Z   duration_ms: 0.130293
2026-10-09T01:36:31.1523059Z   type: 'test'
2026-10-09T01:36:31.1523257Z   ...
2026-10-09T01:36:31.1523743Z # Subtest: 10,000 independent move differentials plus color-rotated twins and every resulting board
2026-10-09T01:36:31.1524855Z ok 61 - 10,000 independent move differentials plus color-rotated twins and every resulting board
2026-10-09T01:36:31.1525317Z   ---
2026-10-09T01:36:31.1525517Z   duration_ms: 732.370715
2026-10-09T01:36:31.1525748Z   type: 'test'
2026-10-09T01:36:31.1525945Z   ...
2026-10-09T01:36:31.1526456Z # Subtest: property seeds1,2,3 plus1,000 recorded random seeds conserve material and deterministic replay
2026-10-09T01:36:31.1527243Z ok 62 - property seeds1,2,3 plus1,000 recorded random seeds conserve material and deterministic replay
2026-10-09T01:36:31.1527703Z   ---
2026-10-09T01:36:31.1528011Z   duration_ms: 6461.420732
2026-10-09T01:36:31.1528403Z   type: 'test'
2026-10-09T01:36:31.1528790Z   ...
2026-10-09T01:36:31.1529739Z # Subtest: purity scanner distinguishes actual host identifiers from comments, strings and local draw windows
2026-10-09T01:36:31.1531033Z ok 63 - purity scanner distinguishes actual host identifiers from comments, strings and local draw windows
2026-10-09T01:36:31.1531539Z   ---
2026-10-09T01:36:31.1531744Z   duration_ms: 15.159091
2026-10-09T01:36:31.1531975Z   type: 'test'
2026-10-09T01:36:31.1532169Z   ...
2026-10-09T01:36:31.1532797Z # Subtest: all delivered pure production modules pass AST inspection; host adapters are explicit
2026-10-09T01:36:31.1533537Z ok 64 - all delivered pure production modules pass AST inspection; host adapters are explicit
2026-10-09T01:36:31.1533973Z   ---
2026-10-09T01:36:31.1534172Z   duration_ms: 110.010335
2026-10-09T01:36:31.1534588Z   type: 'test'
2026-10-09T01:36:31.1534822Z   ...
2026-10-09T01:36:31.1535233Z # Subtest: independent International rank has exact back-rank group boundaries
2026-10-09T01:36:31.1535840Z ok 65 - independent International rank has exact back-rank group boundaries
2026-10-09T01:36:31.1536216Z   ---
2026-10-09T01:36:31.1536409Z   duration_ms: 0.418799
2026-10-09T01:36:31.1536634Z   type: 'test'
2026-10-09T01:36:31.1536832Z   ...
2026-10-09T01:36:31.1537214Z # Subtest: all two-piece material ranks are complete independent bijections
2026-10-09T01:36:31.1537780Z ok 66 - all two-piece material ranks are complete independent bijections
2026-10-09T01:36:31.1538141Z   ---
2026-10-09T01:36:31.1538342Z   duration_ms: 28.994099
2026-10-09T01:36:31.1538574Z   type: 'test'
2026-10-09T01:36:31.1538767Z   ...
2026-10-09T01:36:31.1539120Z # Subtest: rotation and colour reversal preserve canonical location
2026-10-09T01:36:31.1539626Z ok 67 - rotation and colour reversal preserve canonical location
2026-10-09T01:36:31.1539960Z   ---
2026-10-09T01:36:31.1540153Z   duration_ms: 0.557538
2026-10-09T01:36:31.1540371Z   type: 'test'
2026-10-09T01:36:31.1540568Z   ...
2026-10-09T01:36:31.1540857Z # Subtest: six-piece ranks include 3v3 and 5v1 kings
2026-10-09T01:36:31.1541254Z ok 68 - six-piece ranks include 3v3 and 5v1 kings
2026-10-09T01:36:31.1541551Z   ---
2026-10-09T01:36:31.1541742Z   duration_ms: 0.189954
2026-10-09T01:36:31.1541977Z   type: 'test'
2026-10-09T01:36:31.1542208Z   ...
2026-10-09T01:36:31.1542628Z # Subtest: invalid crowns, side, board and out-of-scope material do not produce ranks
2026-10-09T01:36:31.1543261Z ok 69 - invalid crowns, side, board and out-of-scope material do not produce ranks
2026-10-09T01:36:31.1543652Z   ---
2026-10-09T01:36:31.1543849Z   duration_ms: 0.144179
2026-10-09T01:36:31.1544069Z   type: 'test'
2026-10-09T01:36:31.1544263Z   ...
2026-10-09T01:36:31.1544953Z # Subtest: synthetic token mapping and uniform slice decode without mutation
2026-10-09T01:36:31.1545531Z ok 70 - synthetic token mapping and uniform slice decode without mutation
2026-10-09T01:36:31.1545896Z   ---
2026-10-09T01:36:31.1546092Z   duration_ms: 5.551207
2026-10-09T01:36:31.1546310Z   type: 'test'
2026-10-09T01:36:31.1546501Z   ...
2026-10-09T01:36:31.1546907Z # Subtest: synthetic checkpoint changes catalogue at the physical block boundary
2026-10-09T01:36:31.1547513Z ok 71 - synthetic checkpoint changes catalogue at the physical block boundary
2026-10-09T01:36:31.1548045Z   ---
2026-10-09T01:36:31.1548236Z   duration_ms: 2.768991
2026-10-09T01:36:31.1548458Z   type: 'test'
2026-10-09T01:36:31.1548654Z   ...
2026-10-09T01:36:31.1549048Z # Subtest: a token uses a declared-length prefix of a longer shared run record
2026-10-09T01:36:31.1549621Z ok 72 - a token uses a declared-length prefix of a longer shared run record
2026-10-09T01:36:31.1549986Z   ---
2026-10-09T01:36:31.1550175Z   duration_ms: 1.013976
2026-10-09T01:36:31.1550391Z   type: 'test'
2026-10-09T01:36:31.1550588Z   ...
2026-10-09T01:36:31.1551034Z # Subtest: current captures are excluded but opponent-only threats are valid for v2 at <=6
2026-10-09T01:36:31.1551710Z ok 73 - current captures are excluded but opponent-only threats are valid for v2 at <=6
2026-10-09T01:36:31.1552128Z   ---
2026-10-09T01:36:31.1552321Z   duration_ms: 1.041668
2026-10-09T01:36:31.1552539Z   type: 'test'
2026-10-09T01:36:31.1552735Z   ...
2026-10-09T01:36:31.1553107Z # Subtest: malformed dictionary, permutation and checkpoint are rejected
2026-10-09T01:36:31.1553666Z ok 74 - malformed dictionary, permutation and checkpoint are rejected
2026-10-09T01:36:31.1554026Z   ---
2026-10-09T01:36:31.1554216Z   duration_ms: 0.556996
2026-10-09T01:36:31.1554699Z   type: 'test'
2026-10-09T01:36:31.1554917Z   ...
2026-10-09T01:36:31.1555378Z # Subtest: actual licensed two-piece sample agrees with exact corner and quiet-king cases
2026-10-09T01:36:31.1556103Z ok 75 - actual licensed two-piece sample agrees with exact corner and quiet-king cases
2026-10-09T01:36:31.1556528Z   ---
2026-10-09T01:36:31.1556721Z   duration_ms: 9.908824
2026-10-09T01:36:31.1556942Z   type: 'test'
2026-10-09T01:36:31.1557145Z   ...
2026-10-09T01:36:31.1557589Z # Subtest: independent oracle: American forced complete double jump excludes quiet moves
2026-10-09T01:36:31.1558252Z ok 76 - independent oracle: American forced complete double jump excludes quiet moves
2026-10-09T01:36:31.1558665Z   ---
2026-10-09T01:36:31.1558866Z   duration_ms: 0.273649
2026-10-09T01:36:31.1559097Z   type: 'test'
2026-10-09T01:36:31.1559294Z   ...
2026-10-09T01:36:31.1559793Z # Subtest: independent oracle: American crown ends capture even with backward king jump available
2026-10-09T01:36:31.1560529Z ok 77 - independent oracle: American crown ends capture even with backward king jump available
2026-10-09T01:36:31.1560960Z   ---
2026-10-09T01:36:31.1561158Z   duration_ms: 0.120755
2026-10-09T01:36:31.1561378Z   type: 'test'
2026-10-09T01:36:31.1561571Z   ...
2026-10-09T01:36:31.1562067Z # Subtest: independent oracle: International man passes crown row and remains man after continuing
2026-10-09T01:36:31.1562812Z ok 78 - independent oracle: International man passes crown row and remains man after continuing
2026-10-09T01:36:31.1563257Z   ---
2026-10-09T01:36:31.1563454Z   duration_ms: 0.090078
2026-10-09T01:36:31.1563675Z   type: 'test'
2026-10-09T01:36:31.1563868Z   ...
2026-10-09T01:36:31.1564361Z # Subtest: independent oracle: International global longest route excludes another piece short route
2026-10-09T01:36:31.1565420Z ok 79 - independent oracle: International global longest route excludes another piece short route
2026-10-09T01:36:31.1565871Z   ---
2026-10-09T01:36:31.1566061Z   duration_ms: 0.082684
2026-10-09T01:36:31.1566287Z   type: 'test'
2026-10-09T01:36:31.1566480Z   ...
2026-10-09T01:36:31.1566916Z # Subtest: independent oracle: American permits shorter route from a different piece
2026-10-09T01:36:31.1567554Z ok 80 - independent oracle: American permits shorter route from a different piece
2026-10-09T01:36:31.1567947Z   ---
2026-10-09T01:36:31.1568138Z   duration_ms: 0.086301
2026-10-09T01:36:31.1568361Z   type: 'test'
2026-10-09T01:36:31.1568552Z   ...
2026-10-09T01:36:31.1569031Z # Subtest: independent oracle: International taken pieces block reversing king between two enemies
2026-10-09T01:36:31.1569776Z ok 81 - independent oracle: International taken pieces block reversing king between two enemies
2026-10-09T01:36:31.1570219Z   ---
2026-10-09T01:36:31.1570547Z   duration_ms: 0.207586
2026-10-09T01:36:31.1570769Z   type: 'test'
2026-10-09T01:36:31.1570966Z   ...
2026-10-09T01:36:31.1571361Z # Subtest: independent oracle: International uncrowned man captures backwards
2026-10-09T01:36:31.1571949Z ok 82 - independent oracle: International uncrowned man captures backwards
2026-10-09T01:36:31.1572329Z   ---
2026-10-09T01:36:31.1572519Z   duration_ms: 0.090007
2026-10-09T01:36:31.1572736Z   type: 'test'
2026-10-09T01:36:31.1572929Z   ...
2026-10-09T01:36:31.1573322Z # Subtest: independent oracle: American uncrowned man cannot capture backwards
2026-10-09T01:36:31.1573941Z ok 83 - independent oracle: American uncrowned man cannot capture backwards
2026-10-09T01:36:31.1574313Z   ---
2026-10-09T01:36:31.1574654Z   duration_ms: 0.079868
2026-10-09T01:36:31.1574872Z   type: 'test'
2026-10-09T01:36:31.1575065Z   ...
2026-10-09T01:36:31.1575517Z # Subtest: independent oracle: American king may return to origin in a four-enemy capture
2026-10-09T01:36:31.1576548Z ok 84 - independent oracle: American king may return to origin in a four-enemy capture
2026-10-09T01:36:31.1577129Z   ---
2026-10-09T01:36:31.1577333Z   duration_ms: 0.082142
2026-10-09T01:36:31.1577555Z   type: 'test'
2026-10-09T01:36:31.1577763Z   ...
2026-10-09T01:36:31.1578384Z # Subtest: independent oracle: American short king has only adjacent quiet destinations
2026-10-09T01:36:31.1579062Z ok 85 - independent oracle: American short king has only adjacent quiet destinations
2026-10-09T01:36:31.1579471Z   ---
2026-10-09T01:36:31.1579668Z   duration_ms: 0.10734
2026-10-09T01:36:31.1579890Z   type: 'test'
2026-10-09T01:36:31.1580085Z   ...
2026-10-09T01:36:31.1580504Z # Subtest: independent oracle: flying king has all seventeen quiet ray destinations
2026-10-09T01:36:31.1581133Z ok 86 - independent oracle: flying king has all seventeen quiet ray destinations
2026-10-09T01:36:31.1581522Z   ---
2026-10-09T01:36:31.1581714Z   duration_ms: 0.171038
2026-10-09T01:36:31.1581944Z   type: 'test'
2026-10-09T01:36:31.1582140Z   ...
2026-10-09T01:36:31.1582565Z # Subtest: independent oracle: International complete capture can return to its origin
2026-10-09T01:36:31.1583216Z ok 87 - independent oracle: International complete capture can return to its origin
2026-10-09T01:36:31.1583617Z   ---
2026-10-09T01:36:31.1583812Z   duration_ms: 0.149408
2026-10-09T01:36:31.1584035Z   type: 'test'
2026-10-09T01:36:31.1584228Z   ...
2026-10-09T01:36:31.1585007Z # Subtest: independent oracle: full published 16-each draw regression consists of legal turns
2026-10-09T01:36:31.1585725Z ok 88 - independent oracle: full published 16-each draw regression consists of legal turns
2026-10-09T01:36:31.1586155Z   ---
2026-10-09T01:36:31.1586346Z   duration_ms: 1.065051
2026-10-09T01:36:31.1586566Z   type: 'test'
2026-10-09T01:36:31.1586762Z   ...
2026-10-09T01:36:44.5183322Z # Subtest: variant bundles preserve exact choices, reports, cursors and complete game transcripts
2026-10-09T01:36:44.5185171Z ok 89 - variant bundles preserve exact choices, reports, cursors and complete game transcripts
2026-10-09T01:36:44.5186008Z   ---
2026-10-09T01:36:44.5186344Z   duration_ms: 12230.412677
2026-10-09T01:36:44.5186793Z   type: 'test'
2026-10-09T01:36:44.5187158Z   ...
2026-10-09T01:36:50.1037015Z # Subtest: native decompression reproduces exact installed corpora and preserves queued first requests
2026-10-09T01:36:50.1038801Z ok 90 - native decompression reproduces exact installed corpora and preserves queued first requests
2026-10-09T01:36:50.1039805Z   ---
2026-10-09T01:36:50.1040230Z   duration_ms: 6733.08561
2026-10-09T01:36:50.1040733Z   type: 'test'
2026-10-09T01:36:50.1041174Z   ...
2026-10-09T01:36:50.1052123Z # Subtest: bootstrap reports unsupported native decompression without losing a pending caller silently
2026-10-09T01:36:50.1053270Z ok 91 - bootstrap reports unsupported native decompression without losing a pending caller silently
2026-10-09T01:36:50.1053936Z   ---
2026-10-09T01:36:50.1054158Z   duration_ms: 2.972098
2026-10-09T01:36:50.1054735Z   type: 'test'
2026-10-09T01:36:50.1055199Z   ...
2026-10-09T01:36:50.2558705Z 1..91
2026-10-09T01:36:50.2559115Z # tests 91
2026-10-09T01:36:50.2559504Z # suites 0
2026-10-09T01:36:50.2559855Z # pass 91
2026-10-09T01:36:50.2565803Z # fail 0
2026-10-09T01:36:50.2566201Z # cancelled 0
2026-10-09T01:36:50.2566578Z # skipped 0
2026-10-09T01:36:50.2566891Z # todo 0
2026-10-09T01:36:50.2567158Z # duration_ms 104901.019241
2026-10-09T01:36:59.9874888Z {"baseline":"PASS","cases":9}
2026-10-09T01:37:00.3248200Z {"id":1,"name":"input admits extra fields","before":").max(21)}).strict(),","after":").max(21)}),","caseCount":9,"failedCases":["contract total immutable reducer ignores malformed/unknown events in both phases"],"assertionKilled":true}
2026-10-09T01:37:00.6562439Z {"id":2,"name":"International input truncated to32 squares","before":".int().min(0).max(49)","after":".int().min(0).max(31)","caseCount":9,"failedCases":["all three bot levels are schema-valid deterministic pure choices in every phase/role"],"assertionKilled":true}
2026-10-09T01:37:00.8353439Z {"id":3,"name":"International variant ignored","before":"values.variant==='international'","after":"false","caseCount":9,"failedCases":["contract manifest/counts/settings and deterministic initial boards","complete legal inputs and terminal scores preserve every original seat","all three bot levels are schema-valid deterministic pure choices in every phase/role"],"assertionKilled":true}
2026-10-09T01:37:01.1616602Z {"id":4,"name":"forty-move house setting ignored","before":"values.drawPolicy==='fortyMove'","after":"false","caseCount":9,"failedCases":["contract manifest/counts/settings and deterministic initial boards"],"assertionKilled":true}
2026-10-09T01:37:01.4891933Z {"id":5,"name":"repetition setting inverted","before":"typeof values.repetition==='boolean'?values.repetition:true","after":"typeof values.repetition==='boolean'?!values.repetition:true","caseCount":9,"failedCases":["contract manifest/counts/settings and deterministic initial boards"],"assertionKilled":true}
2026-10-09T01:37:01.8228225Z {"id":6,"name":"turn clock cap becomes30","before":"Math.min(300,Math.round(seconds))","after":"Math.min(30,Math.round(seconds))","caseCount":9,"failedCases":["contract manifest/counts/settings and deterministic initial boards"],"assertionKilled":true}
2026-10-09T01:37:02.1520987Z {"id":7,"name":"zero host time rejected","before":"now>=0","after":"now>0","caseCount":9,"failedCases":["contract manifest/counts/settings and deterministic initial boards"],"assertionKilled":true}
2026-10-09T01:37:02.4750342Z {"id":8,"name":"duplicate seats accepted","before":"new Set(ctx.players.map(player=>player.id)).size!==2","after":"false","caseCount":9,"failedCases":["contract manifest/counts/settings and deterministic initial boards"],"assertionKilled":true}
2026-10-09T01:37:02.5735943Z {"id":9,"name":"wrong player count accepted","before":"ctx.players.length!==2","after":"ctx.players.length===2","caseCount":9,"failedCases":["contract manifest/counts/settings and deterministic initial boards","contract total immutable reducer ignores malformed/unknown events in both phases","contract live timer requires exact phase instance and elapsed deadline","VIP pause/resume shifts only the deadline; skip/end remain available","presence auto-holds empty rooms, resumes clocks and permanently preserves leavers","hostile seat IDs, public view equality, spectator safety and cloned projections","complete legal inputs and terminal scores preserve every original seat","all three bot levels are schema-valid deterministic pure choices in every phase/role"],"assertionKilled":true}
2026-10-09T01:37:02.9030090Z {"id":10,"name":"disconnected seats always present","before":"s.players[id].connected&&!s.left.includes(id)","after":"true&&!s.left.includes(id)","caseCount":9,"failedCases":["presence auto-holds empty rooms, resumes clocks and permanently preserves leavers"],"assertionKilled":true}
2026-10-09T01:37:03.0140961Z {"id":11,"name":"light side assigned wrong turn","before":"s.side===1?0:1","after":"s.side===1?1:0","caseCount":9,"failedCases":["contract total immutable reducer ignores malformed/unknown events in both phases","contract live timer requires exact phase instance and elapsed deadline","presence auto-holds empty rooms, resumes clocks and permanently preserves leavers","hostile seat IDs, public view equality, spectator safety and cloned projections","complete legal inputs and terminal scores preserve every original seat","all three bot levels are schema-valid deterministic pure choices in every phase/role","manifest and every generated phase fixture replay without throwing"],"assertionKilled":true}
2026-10-09T01:37:03.3409054Z {"id":12,"name":"same-tick phase uniqueness removed","before":"Math.max(now,s.phaseClock+1)","after":"now","caseCount":9,"failedCases":["contract live timer requires exact phase instance and elapsed deadline"],"assertionKilled":true}
2026-10-09T01:37:03.6882701Z {"id":13,"name":"untimed game receives immediate clock","before":"s.settings.turnSeconds>0","after":"s.settings.turnSeconds>=0","caseCount":9,"failedCases":["contract manifest/counts/settings and deterministic initial boards","contract live timer requires exact phase instance and elapsed deadline"],"assertionKilled":true}
2026-10-09T01:37:03.9965974Z {"id":14,"name":"seed discarded","before":"rng:seedRng(ctx.seed)","after":"rng:seedRng(0)","caseCount":9,"failedCases":["contract manifest/counts/settings and deterministic initial boards"],"assertionKilled":true}
2026-10-09T01:37:04.3272043Z {"id":15,"name":"empty initialization misses automatic hold","before":"state={...state,autoPaused:true","after":"state={...state,autoPaused:false","caseCount":9,"failedCases":["presence auto-holds empty rooms, resumes clocks and permanently preserves leavers"],"assertionKilled":true}
2026-10-09T01:37:04.6512735Z {"id":16,"name":"winner assigned to losing side","before":"s.order[winner===1?0:1]","after":"s.order[winner===1?1:0]","caseCount":9,"failedCases":["contract live timer requires exact phase instance and elapsed deadline","complete legal inputs and terminal scores preserve every original seat","manifest and every generated phase fixture replay without throwing"],"assertionKilled":true}
2026-10-09T01:37:04.7652162Z {"id":17,"name":"finish reenters move phase","before":"endReason:reason},'done',now)","after":"endReason:reason},'move',now)","caseCount":9,"failedCases":["contract live timer requires exact phase instance and elapsed deadline","VIP pause/resume shifts only the deadline; skip/end remain available","hostile seat IDs, public view equality, spectator safety and cloned projections","complete legal inputs and terminal scores preserve every original seat","all three bot levels are schema-valid deterministic pure choices in every phase/role","manifest and every generated phase fixture replay without throwing"],"assertionKilled":true}
2026-10-09T01:37:05.0818785Z {"id":18,"name":"opponent legal moves cause incorrect win","before":"if(!legalMoves(next.board,next.variant,next.side).length)","after":"if(legalMoves(next.board,next.variant,next.side).length)","caseCount":9,"failedCases":["VIP pause/resume shifts only the deadline; skip/end remain available","hostile seat IDs, public view equality, spectator safety and cloned projections","complete legal inputs and terminal scores preserve every original seat"],"assertionKilled":true}
2026-10-09T01:37:05.4022568Z {"id":19,"name":"left seat reconnects","before":"connected=!wasLeft&&!gone&&e.connected","after":"connected=e.connected","caseCount":9,"failedCases":["presence auto-holds empty rooms, resumes clocks and permanently preserves leavers"],"assertionKilled":true}
2026-10-09T01:37:05.7181757Z {"id":20,"name":"resume subtracts held time","before":"next.phase.deadline+delta","after":"next.phase.deadline-delta","caseCount":9,"failedCases":["presence auto-holds empty rooms, resumes clocks and permanently preserves leavers"],"assertionKilled":true}
2026-10-09T01:37:06.0330217Z {"id":21,"name":"paused VIP skip forgets to hold next turn","before":"s.phase.paused&&next.phase.id!=='done'","after":"false&&next.phase.id!=='done'","caseCount":9,"failedCases":["VIP pause/resume shifts only the deadline; skip/end remain available"],"assertionKilled":true}
2026-10-09T01:37:06.3401288Z {"id":22,"name":"timer ignores instance identity","before":"e.startedAt===s.phase.startedAt&&","after":"","caseCount":9,"failedCases":["contract total immutable reducer ignores malformed/unknown events in both phases","contract live timer requires exact phase instance and elapsed deadline"],"assertionKilled":true}
2026-10-09T01:37:06.6506968Z {"id":23,"name":"exact deadline does not fire","before":"e.now>=s.phase.deadline","after":"e.now>s.phase.deadline","caseCount":9,"failedCases":["contract live timer requires exact phase instance and elapsed deadline"],"assertionKilled":true}
2026-10-09T01:37:06.9654084Z {"id":24,"name":"inactive seat can resign","before":"e.playerId!==turnId(s)||","after":"","caseCount":9,"failedCases":["contract total immutable reducer ignores malformed/unknown events in both phases"],"assertionKilled":true}
2026-10-09T01:37:07.2891786Z {"id":25,"name":"paused game accepts inputs/timers","before":"if(s.phase.paused||s.phase.id==='done')","after":"if(s.phase.id==='done')","caseCount":9,"failedCases":["VIP pause/resume shifts only the deadline; skip/end remain available"],"assertionKilled":true}
2026-10-09T01:37:23.6292730Z {"settings":{"variant":"american"},"playerCount":2,"games":1000,"wins":954,"draws":46,"moves":70215,"maximumPlies":219}
2026-10-09T01:37:29.2896847Z {"settings":{"variant":"american","drawPolicy":"fortyMove"},"playerCount":2,"games":1000,"wins":964,"draws":36,"moves":69087,"maximumPlies":221}
2026-10-09T01:37:35.5857631Z {"settings":{"variant":"american","repetition":false},"playerCount":2,"games":1000,"wins":993,"draws":7,"moves":72973,"maximumPlies":230}
2026-10-09T01:37:41.5788192Z {"settings":{"variant":"american","turnSeconds":20},"playerCount":2,"games":1000,"wins":964,"draws":36,"moves":69907,"maximumPlies":205}
2026-10-09T01:37:50.6638026Z {"settings":{"variant":"international"},"playerCount":2,"games":1000,"wins":972,"draws":28,"moves":92727,"maximumPlies":152}
2026-10-09T01:37:59.5500105Z {"settings":{"variant":"international","drawPolicy":"fortyMove"},"playerCount":2,"games":1000,"wins":1000,"draws":0,"moves":91599,"maximumPlies":166}
2026-10-09T01:38:08.5090041Z {"settings":{"variant":"international","repetition":false},"playerCount":2,"games":1000,"wins":973,"draws":27,"moves":91917,"maximumPlies":165}
2026-10-09T01:38:12.2266609Z {"status":"PASS","stage":"node","sourceCommit":"df123c797b226c479b50a998011c1ea6d0157391","elapsedSeconds":295.84252197999996}
2026-10-09T01:38:12.2406023Z ##[group]Run actions/upload-artifact@v4
2026-10-09T01:38:12.2406355Z with:
2026-10-09T01:38:12.2406650Z   name: G10-stage-node-df123c797b226c479b50a998011c1ea6d0157391
2026-10-09T01:38:12.2407366Z   path: jobs/G10-checkers/.work-stage-node.stdout
jobs/G10-checkers/.work/checks
jobs/G10-checkers/.work/browser
jobs/G10-checkers/.work/media

2026-10-09T01:38:12.2407991Z   if-no-files-found: error
2026-10-09T01:38:12.2408262Z   include-hidden-files: true
2026-10-09T01:38:12.2408508Z   retention-days: 7
2026-10-09T01:38:12.2408726Z   compression-level: 6
2026-10-09T01:38:12.2408949Z   overwrite: false
2026-10-09T01:38:12.2409155Z env:
2026-10-09T01:38:12.2409408Z   G10_SOURCE_COMMIT: df123c797b226c479b50a998011c1ea6d0157391
2026-10-09T01:38:12.2409732Z ##[endgroup]
2026-10-09T01:38:12.4100117Z (node:4033) [DEP0040] DeprecationWarning: The `punycode` module is deprecated. Please use a userland alternative instead.
2026-10-09T01:38:12.4101178Z (Use `node --trace-deprecation ...` to show where the warning was created)
2026-10-09T01:38:12.4289453Z Multiple search paths detected. Calculating the least common ancestor of all paths
2026-10-09T01:38:12.4291723Z The least common ancestor is /home/runner/work/partybox-game-cores/partybox-game-cores/jobs/G10-checkers. This will be the root directory of the artifact
2026-10-09T01:38:12.4292941Z With the provided path, there will be 51 files uploaded
2026-10-09T01:38:12.4293933Z Artifact name is valid!
2026-10-09T01:38:12.4295192Z Root directory input is valid!
2026-10-09T01:38:12.6248605Z Beginning upload of artifact content to blob storage
2026-10-09T01:38:12.7063682Z (node:4033) [DEP0169] DeprecationWarning: `url.parse()` behavior is not standardized and prone to errors that have security implications. Use the WHATWG URL API instead. CVEs are not issued for `url.parse()` vulnerabilities.
2026-10-09T01:38:12.7434718Z Uploaded bytes 136605
2026-10-09T01:38:12.7564938Z Finished uploading artifact content to blob storage!
2026-10-09T01:38:12.7568341Z SHA256 digest of uploaded artifact zip is b5c65438ac5f7139078dd7c8aaf1d85ea03a16eec37bc95b0d8f30ec0b60d146
2026-10-09T01:38:12.7569716Z Finalizing artifact upload
2026-10-09T01:38:12.9583522Z Artifact G10-stage-node-df123c797b226c479b50a998011c1ea6d0157391.zip successfully finalized. Artifact ID 11590381289
2026-10-09T01:38:12.9586738Z Artifact G10-stage-node-df123c797b226c479b50a998011c1ea6d0157391 has been successfully uploaded! Final size is 136605 bytes. Artifact ID is 11590381289
2026-10-09T01:38:12.9592009Z Artifact download URL: https://github.com/luisitin/partybox-game-cores/actions/runs/37870240814/artifacts/11590381289
2026-10-09T01:38:12.9775602Z Post job cleanup.
2026-10-09T01:38:13.0989301Z (node:4047) [DEP0040] DeprecationWarning: The `punycode` module is deprecated. Please use a userland alternative instead.
2026-10-09T01:38:13.0990370Z (Use `node --trace-deprecation ...` to show where the warning was created)
2026-10-09T01:38:13.0994246Z Cache hit occurred on the primary key node-cache-Linux-x64-npm-b79e3f2344d4218dbbb2f93f566da8e1ac49738aa1184813b150890d461d0c8a, not saving cache.
2026-10-09T01:38:13.1120468Z Post job cleanup.
2026-10-09T01:38:13.2034900Z [command]/usr/bin/git version
2026-10-09T01:38:13.2085269Z git version 2.55.0
2026-10-09T01:38:13.2115349Z Temporarily overriding HOME='/home/runner/work/_temp/551e0dc9-cd27-4527-ba4e-5a127494a721' before making global git config changes
2026-10-09T01:38:13.2117153Z Adding repository directory to the temporary git global config as a safe directory
2026-10-09T01:38:13.2120973Z [command]/usr/bin/git config --global --add safe.directory /home/runner/work/partybox-game-cores/partybox-game-cores
2026-10-09T01:38:13.2186315Z [command]/usr/bin/git config --local --name-only --get-regexp core\.sshCommand
2026-10-09T01:38:13.2224368Z [command]/usr/bin/git submodule foreach --recursive sh -c "git config --local --name-only --get-regexp 'core\.sshCommand' && git config --local --unset-all 'core.sshCommand' || :"
2026-10-09T01:38:13.2624003Z [command]/usr/bin/git config --local --name-only --get-regexp http\.https\:\/\/github\.com\/\.extraheader
2026-10-09T01:38:13.2650833Z http.https://github.com/.extraheader
2026-10-09T01:38:13.2665040Z [command]/usr/bin/git config --local --unset-all http.https://github.com/.extraheader
2026-10-09T01:38:13.2747940Z [command]/usr/bin/git submodule foreach --recursive sh -c "git config --local --name-only --get-regexp 'http\.https\:\/\/github\.com\/\.extraheader' && git config --local --unset-all 'http.https://github.com/.extraheader' || :"
2026-10-09T01:38:13.3079443Z [command]/usr/bin/git config --local --name-only --get-regexp ^includeIf\.gitdir:
2026-10-09T01:38:13.3124128Z [command]/usr/bin/git submodule foreach --recursive git config --local --show-origin --name-only --get-regexp remote.origin.url
2026-10-09T01:38:13.3522356Z Cleaning up orphan processes
2026-10-09T01:38:13.3843737Z ##[warning]Node.js 20 is deprecated. The following actions target Node.js 20 but are being forced to run on Node.js 24: actions/checkout@v4, actions/setup-node@v4, actions/upload-artifact@v4. For more information see: https://github.blog/changelog/2025-09-19-deprecation-of-node-20-on-github-actions-runners/
