2026-10-09T01:51:45.4387579Z Current runner version: '2.337.0'
2026-10-09T01:51:45.4412425Z ##[group]Runner Image Provisioner
2026-10-09T01:51:45.4413327Z Hosted Compute Agent
2026-10-09T01:51:45.4413946Z Version: 20261002.596
2026-10-09T01:51:45.4414683Z Commit: c3d12f3313a95f25162a1503be624f3b0617f8c0
2026-10-09T01:51:45.4415426Z Build Date: 2026-10-02T22:28:27Z
2026-10-09T01:51:45.4416159Z Worker ID: {60578bbc-87ed-42c0-b3c0-6899eddb965d}
2026-10-09T01:51:45.4416953Z Region: westus
2026-10-09T01:51:45.4417532Z Cloud: Azure
2026-10-09T01:51:45.4418191Z ##[endgroup]
2026-10-09T01:51:45.4419490Z ##[group]Operating System
2026-10-09T01:51:45.4420159Z Ubuntu
2026-10-09T01:51:45.4420812Z 24.04.5
2026-10-09T01:51:45.4421513Z LTS
2026-10-09T01:51:45.4422115Z ##[endgroup]
2026-10-09T01:51:45.4422720Z ##[group]Runner Image
2026-10-09T01:51:45.4423396Z Image: ubuntu-24.04
2026-10-09T01:51:45.4424076Z Version: 20261004.327.1
2026-10-09T01:51:45.4425416Z Included Software: https://github.com/actions/runner-images/blob/ubuntu24/20261004.327/images/ubuntu/Ubuntu2404-Readme.md
2026-10-09T01:51:45.4427058Z Image Release: https://github.com/actions/runner-images/releases/tag/ubuntu24%2F20261004.327
2026-10-09T01:51:45.4428085Z ##[endgroup]
2026-10-09T01:51:45.4429286Z ##[group]GITHUB_TOKEN Permissions
2026-10-09T01:51:45.4431133Z Contents: read
2026-10-09T01:51:45.4432246Z Metadata: read
2026-10-09T01:51:45.4432886Z ##[endgroup]
2026-10-09T01:51:45.4435039Z Secret source: Actions
2026-10-09T01:51:45.4436002Z Cache mode: write
2026-10-09T01:51:45.4436688Z Prepare workflow directory
2026-10-09T01:51:45.4985331Z Prepare all required actions
2026-10-09T01:51:45.5034719Z Getting action download info
2026-10-09T01:51:45.8405183Z Download action repository 'actions/checkout@v4' (SHA:11d5960a326750d5838078e36cf38b85af677262)
2026-10-09T01:51:45.9264882Z Download action repository 'actions/setup-node@v4' (SHA:49933ea5288caeca8642d1e84afbd3f7d6820020)
2026-10-09T01:51:46.0282301Z Download action repository 'actions/download-artifact@v4' (SHA:d3f86a106a0bac45b974a628896c90dbdf5c8093)
2026-10-09T01:51:46.4786816Z Download action repository 'actions/upload-artifact@v4' (SHA:ea165f8d65b6e75b540449e92b4886f43607fa02)
2026-10-09T01:51:46.7024373Z Complete job name: delivery
2026-10-09T01:51:46.7871000Z ##[group]Run actions/checkout@v4
2026-10-09T01:51:46.7872101Z with:
2026-10-09T01:51:46.7872618Z   ref: df123c797b226c479b50a998011c1ea6d0157391
2026-10-09T01:51:46.7873299Z   repository: luisitin/partybox-game-cores
2026-10-09T01:51:46.7877705Z   token: ***
2026-10-09T01:51:46.7878193Z   ssh-strict: true
2026-10-09T01:51:46.7878677Z   ssh-user: git
2026-10-09T01:51:46.7879174Z   persist-credentials: true
2026-10-09T01:51:46.7879714Z   clean: true
2026-10-09T01:51:46.7880205Z   sparse-checkout-cone-mode: true
2026-10-09T01:51:46.7880774Z   fetch-depth: 1
2026-10-09T01:51:46.7881368Z   fetch-tags: false
2026-10-09T01:51:46.7881872Z   show-progress: true
2026-10-09T01:51:46.7882370Z   lfs: false
2026-10-09T01:51:46.7882820Z   submodules: false
2026-10-09T01:51:46.7883305Z   set-safe-directory: true
2026-10-09T01:51:46.7883871Z   allow-unsafe-pr-checkout: false
2026-10-09T01:51:46.7884697Z env:
2026-10-09T01:51:46.7885297Z   G10_SOURCE_COMMIT: df123c797b226c479b50a998011c1ea6d0157391
2026-10-09T01:51:46.7886004Z ##[endgroup]
2026-10-09T01:51:46.8922628Z Syncing repository: luisitin/partybox-game-cores
2026-10-09T01:51:46.8925433Z ##[group]Getting Git version info
2026-10-09T01:51:46.8926889Z Working directory is '/home/runner/work/partybox-game-cores/partybox-game-cores'
2026-10-09T01:51:46.8928973Z [command]/usr/bin/git version
2026-10-09T01:51:46.9005130Z git version 2.55.0
2026-10-09T01:51:46.9047394Z ##[endgroup]
2026-10-09T01:51:46.9065615Z Temporarily overriding HOME='/home/runner/work/_temp/64c03d10-baca-455e-912a-fb31080f1e7e' before making global git config changes
2026-10-09T01:51:46.9075940Z Adding repository directory to the temporary git global config as a safe directory
2026-10-09T01:51:46.9078673Z [command]/usr/bin/git config --global --add safe.directory /home/runner/work/partybox-game-cores/partybox-game-cores
2026-10-09T01:51:46.9119505Z Deleting the contents of '/home/runner/work/partybox-game-cores/partybox-game-cores'
2026-10-09T01:51:46.9123756Z ##[group]Initializing the repository
2026-10-09T01:51:46.9128348Z [command]/usr/bin/git init /home/runner/work/partybox-game-cores/partybox-game-cores
2026-10-09T01:51:46.9224850Z hint: Using 'master' as the name for the initial branch. This default branch name
2026-10-09T01:51:46.9226681Z hint: will change to "main" in Git 3.0. To configure the initial branch name
2026-10-09T01:51:46.9228016Z hint: to use in all of your new repositories, which will suppress this warning,
2026-10-09T01:51:46.9229138Z hint: call:
2026-10-09T01:51:46.9229833Z hint:
2026-10-09T01:51:46.9230746Z hint: 	git config --global init.defaultBranch <name>
2026-10-09T01:51:46.9232238Z hint:
2026-10-09T01:51:46.9233532Z hint: Names commonly chosen instead of 'master' are 'main', 'trunk' and
2026-10-09T01:51:46.9235358Z hint: 'development'. The just-created branch can be renamed via this command:
2026-10-09T01:51:46.9236520Z hint:
2026-10-09T01:51:46.9237341Z hint: 	git branch -m <name>
2026-10-09T01:51:46.9238149Z hint:
2026-10-09T01:51:46.9239295Z hint: Disable this message with "git config set advice.defaultBranchName false"
2026-10-09T01:51:46.9242024Z Initialized empty Git repository in /home/runner/work/partybox-game-cores/partybox-game-cores/.git/
2026-10-09T01:51:46.9244524Z [command]/usr/bin/git remote add origin https://github.com/luisitin/partybox-game-cores
2026-10-09T01:51:46.9289477Z ##[endgroup]
2026-10-09T01:51:46.9294728Z ##[group]Disabling automatic garbage collection
2026-10-09T01:51:46.9295514Z [command]/usr/bin/git config --local gc.auto 0
2026-10-09T01:51:46.9327452Z ##[endgroup]
2026-10-09T01:51:46.9328690Z ##[group]Setting up auth
2026-10-09T01:51:46.9334645Z [command]/usr/bin/git config --local --name-only --get-regexp core\.sshCommand
2026-10-09T01:51:46.9372392Z [command]/usr/bin/git submodule foreach --recursive sh -c "git config --local --name-only --get-regexp 'core\.sshCommand' && git config --local --unset-all 'core.sshCommand' || :"
2026-10-09T01:51:46.9760911Z [command]/usr/bin/git config --local --name-only --get-regexp http\.https\:\/\/github\.com\/\.extraheader
2026-10-09T01:51:46.9812616Z [command]/usr/bin/git submodule foreach --recursive sh -c "git config --local --name-only --get-regexp 'http\.https\:\/\/github\.com\/\.extraheader' && git config --local --unset-all 'http.https://github.com/.extraheader' || :"
2026-10-09T01:51:47.0052844Z [command]/usr/bin/git config --local --name-only --get-regexp ^includeIf\.gitdir:
2026-10-09T01:51:47.0090776Z [command]/usr/bin/git submodule foreach --recursive git config --local --show-origin --name-only --get-regexp remote.origin.url
2026-10-09T01:51:47.0334178Z [command]/usr/bin/git config --local http.https://github.com/.extraheader AUTHORIZATION: basic ***
2026-10-09T01:51:47.0376519Z ##[endgroup]
2026-10-09T01:51:47.0385580Z ##[group]Fetching the repository
2026-10-09T01:51:47.0387080Z [command]/usr/bin/git -c protocol.version=2 fetch --no-tags --prune --no-recurse-submodules --depth=1 origin df123c797b226c479b50a998011c1ea6d0157391
2026-10-09T01:52:09.4247506Z From https://github.com/luisitin/partybox-game-cores
2026-10-09T01:52:09.4248408Z  * branch            df123c797b226c479b50a998011c1ea6d0157391 -> FETCH_HEAD
2026-10-09T01:52:09.4251824Z ##[endgroup]
2026-10-09T01:52:09.4252511Z ##[group]Determining the checkout info
2026-10-09T01:52:09.4254706Z ##[endgroup]
2026-10-09T01:52:09.4261995Z [command]/usr/bin/git sparse-checkout disable
2026-10-09T01:52:09.4319889Z [command]/usr/bin/git config --local --unset-all extensions.worktreeConfig
2026-10-09T01:52:09.4354796Z ##[group]Checking out the ref
2026-10-09T01:52:09.4358957Z [command]/usr/bin/git checkout --progress --force df123c797b226c479b50a998011c1ea6d0157391
2026-10-09T01:52:10.6597842Z Updating files:   9% (178/1861)
2026-10-09T01:52:11.5355375Z Updating files:  10% (187/1861)
2026-10-09T01:52:12.4229432Z Updating files:  10% (196/1861)
2026-10-09T01:52:12.4744259Z Updating files:  11% (205/1861)
2026-10-09T01:52:13.4878762Z Updating files:  11% (207/1861)
2026-10-09T01:52:13.6326187Z Updating files:  11% (223/1861)
2026-10-09T01:52:14.5024959Z Updating files:  12% (224/1861)
2026-10-09T01:52:14.9261068Z Updating files:  12% (238/1861)
2026-10-09T01:52:15.4714029Z Updating files:  13% (242/1861)
2026-10-09T01:52:15.7030472Z Updating files:  13% (253/1861)
2026-10-09T01:52:15.7252096Z Updating files:  14% (261/1861)
2026-10-09T01:52:15.7261610Z Updating files:  15% (280/1861)
2026-10-09T01:52:15.7275667Z Updating files:  16% (298/1861)
2026-10-09T01:52:15.7494091Z Updating files:  17% (317/1861)
2026-10-09T01:52:15.7501994Z Updating files:  18% (335/1861)
2026-10-09T01:52:15.7526534Z Updating files:  19% (354/1861)
2026-10-09T01:52:15.7751056Z Updating files:  20% (373/1861)
2026-10-09T01:52:15.7758009Z Updating files:  21% (391/1861)
2026-10-09T01:52:15.7764641Z Updating files:  22% (410/1861)
2026-10-09T01:52:15.7777766Z Updating files:  23% (429/1861)
2026-10-09T01:52:15.7794130Z Updating files:  24% (447/1861)
2026-10-09T01:52:15.7806425Z Updating files:  25% (466/1861)
2026-10-09T01:52:15.7818664Z Updating files:  26% (484/1861)
2026-10-09T01:52:15.7831909Z Updating files:  27% (503/1861)
2026-10-09T01:52:15.7840680Z Updating files:  28% (522/1861)
2026-10-09T01:52:15.7919534Z Updating files:  29% (540/1861)
2026-10-09T01:52:15.7941628Z Updating files:  30% (559/1861)
2026-10-09T01:52:15.8304048Z Updating files:  31% (577/1861)
2026-10-09T01:52:15.8312725Z Updating files:  32% (596/1861)
2026-10-09T01:52:15.8406393Z Updating files:  33% (615/1861)
2026-10-09T01:52:15.8601533Z Updating files:  34% (633/1861)
2026-10-09T01:52:15.8801946Z Updating files:  35% (652/1861)
2026-10-09T01:52:15.8810152Z Updating files:  36% (670/1861)
2026-10-09T01:52:15.9003713Z Updating files:  37% (689/1861)
2026-10-09T01:52:15.9011967Z Updating files:  38% (708/1861)
2026-10-09T01:52:15.9199427Z Updating files:  39% (726/1861)
2026-10-09T01:52:15.9216755Z Updating files:  40% (745/1861)
2026-10-09T01:52:15.9227901Z Updating files:  41% (764/1861)
2026-10-09T01:52:15.9284018Z Updating files:  42% (782/1861)
2026-10-09T01:52:15.9299187Z Updating files:  43% (801/1861)
2026-10-09T01:52:15.9307906Z Updating files:  44% (819/1861)
2026-10-09T01:52:15.9330119Z Updating files:  45% (838/1861)
2026-10-09T01:52:15.9477752Z Updating files:  46% (857/1861)
2026-10-09T01:52:15.9655108Z Updating files:  47% (875/1861)
2026-10-09T01:52:15.9740184Z Updating files:  48% (894/1861)
2026-10-09T01:52:15.9920058Z Updating files:  49% (912/1861)
2026-10-09T01:52:15.9937852Z Updating files:  50% (931/1861)
2026-10-09T01:52:15.9947379Z Updating files:  51% (950/1861)
2026-10-09T01:52:15.9992509Z Updating files:  52% (968/1861)
2026-10-09T01:52:16.0054925Z Updating files:  53% (987/1861)
2026-10-09T01:52:16.0064862Z Updating files:  54% (1005/1861)
2026-10-09T01:52:16.0102986Z Updating files:  55% (1024/1861)
2026-10-09T01:52:16.0148008Z Updating files:  56% (1043/1861)
2026-10-09T01:52:16.0198605Z Updating files:  57% (1061/1861)
2026-10-09T01:52:16.0243779Z Updating files:  58% (1080/1861)
2026-10-09T01:52:16.0286042Z Updating files:  59% (1098/1861)
2026-10-09T01:52:16.0304339Z Updating files:  60% (1117/1861)
2026-10-09T01:52:16.0334786Z Updating files:  61% (1136/1861)
2026-10-09T01:52:16.0373561Z Updating files:  62% (1154/1861)
2026-10-09T01:52:16.0412574Z Updating files:  63% (1173/1861)
2026-10-09T01:52:16.0458148Z Updating files:  64% (1192/1861)
2026-10-09T01:52:16.0483143Z Updating files:  65% (1210/1861)
2026-10-09T01:52:16.0516121Z Updating files:  66% (1229/1861)
2026-10-09T01:52:16.0556112Z Updating files:  67% (1247/1861)
2026-10-09T01:52:16.0616006Z Updating files:  68% (1266/1861)
2026-10-09T01:52:16.0650840Z Updating files:  69% (1285/1861)
2026-10-09T01:52:16.0661716Z Updating files:  70% (1303/1861)
2026-10-09T01:52:16.0684152Z Updating files:  71% (1322/1861)
2026-10-09T01:52:16.0693794Z Updating files:  72% (1340/1861)
2026-10-09T01:52:16.0703073Z Updating files:  73% (1359/1861)
2026-10-09T01:52:16.0712407Z Updating files:  74% (1378/1861)
2026-10-09T01:52:16.0718675Z Updating files:  75% (1396/1861)
2026-10-09T01:52:16.0740949Z Updating files:  76% (1415/1861)
2026-10-09T01:52:16.0771679Z Updating files:  77% (1433/1861)
2026-10-09T01:52:16.0780952Z Updating files:  78% (1452/1861)
2026-10-09T01:52:16.0789318Z Updating files:  79% (1471/1861)
2026-10-09T01:52:16.0804256Z Updating files:  80% (1489/1861)
2026-10-09T01:52:16.0813264Z Updating files:  81% (1508/1861)
2026-10-09T01:52:16.0821727Z Updating files:  82% (1527/1861)
2026-10-09T01:52:16.0830215Z Updating files:  83% (1545/1861)
2026-10-09T01:52:16.0858759Z Updating files:  84% (1564/1861)
2026-10-09T01:52:16.0867150Z Updating files:  85% (1582/1861)
2026-10-09T01:52:16.0875540Z Updating files:  86% (1601/1861)
2026-10-09T01:52:16.0883188Z Updating files:  87% (1620/1861)
2026-10-09T01:52:16.0890310Z Updating files:  88% (1638/1861)
2026-10-09T01:52:16.0899271Z Updating files:  89% (1657/1861)
2026-10-09T01:52:16.0917100Z Updating files:  90% (1675/1861)
2026-10-09T01:52:16.0960784Z Updating files:  91% (1694/1861)
2026-10-09T01:52:16.1044077Z Updating files:  92% (1713/1861)
2026-10-09T01:52:16.1061010Z Updating files:  93% (1731/1861)
2026-10-09T01:52:16.1070285Z Updating files:  94% (1750/1861)
2026-10-09T01:52:16.4796919Z Updating files:  95% (1768/1861)
2026-10-09T01:52:16.4798541Z Updating files:  95% (1782/1861)
2026-10-09T01:52:16.4808782Z Updating files:  96% (1787/1861)
2026-10-09T01:52:16.4819322Z Updating files:  97% (1806/1861)
2026-10-09T01:52:16.4829915Z Updating files:  98% (1824/1861)
2026-10-09T01:52:16.4840691Z Updating files:  99% (1843/1861)
2026-10-09T01:52:16.4841593Z Updating files: 100% (1861/1861)
2026-10-09T01:52:16.4842040Z Updating files: 100% (1861/1861), done.
2026-10-09T01:52:16.4867754Z Note: switching to 'df123c797b226c479b50a998011c1ea6d0157391'.
2026-10-09T01:52:16.4868187Z 
2026-10-09T01:52:16.4868523Z You are in 'detached HEAD' state. You can look around, make experimental
2026-10-09T01:52:16.4869224Z changes and commit them, and you can discard any commits you make in this
2026-10-09T01:52:16.4869929Z state without impacting any branches by switching back to a branch.
2026-10-09T01:52:16.4870643Z 
2026-10-09T01:52:16.4870927Z If you want to create a new branch to retain commits you create, you may
2026-10-09T01:52:16.4871854Z do so (now or later) by using -c with the switch command. Example:
2026-10-09T01:52:16.4872254Z 
2026-10-09T01:52:16.4872422Z   git switch -c <new-branch-name>
2026-10-09T01:52:16.4872718Z 
2026-10-09T01:52:16.4872922Z Or undo this operation with:
2026-10-09T01:52:16.4873247Z 
2026-10-09T01:52:16.4873410Z   git switch -
2026-10-09T01:52:16.4873636Z 
2026-10-09T01:52:16.4874019Z Turn off this advice by setting config variable advice.detachedHead to false
2026-10-09T01:52:16.4874539Z 
2026-10-09T01:52:16.4875121Z HEAD is now at df123c7 Prepare early American startup with verified full production output
2026-10-09T01:52:16.5020313Z ##[endgroup]
2026-10-09T01:52:16.5070120Z [command]/usr/bin/git log -1 --format=%H
2026-10-09T01:52:16.5103735Z df123c797b226c479b50a998011c1ea6d0157391
2026-10-09T01:52:16.5369024Z ##[group]Run actions/setup-node@v4
2026-10-09T01:52:16.5369319Z with:
2026-10-09T01:52:16.5369528Z   node-version: 22.16.0
2026-10-09T01:52:16.5369755Z   cache: npm
2026-10-09T01:52:16.5370039Z   cache-dependency-path: jobs/G10-checkers/package-lock.json
2026-10-09T01:52:16.5370385Z   always-auth: false
2026-10-09T01:52:16.5370604Z   check-latest: false
2026-10-09T01:52:16.5373574Z   token: ***
2026-10-09T01:52:16.5373790Z env:
2026-10-09T01:52:16.5374061Z   G10_SOURCE_COMMIT: df123c797b226c479b50a998011c1ea6d0157391
2026-10-09T01:52:16.5374398Z ##[endgroup]
2026-10-09T01:52:16.6779923Z Attempting to download 22.16.0...
2026-10-09T01:52:16.6887953Z (node:2301) [DEP0040] DeprecationWarning: The `punycode` module is deprecated. Please use a userland alternative instead.
2026-10-09T01:52:16.6889122Z (Use `node --trace-deprecation ...` to show where the warning was created)
2026-10-09T01:52:17.3481120Z Acquiring 22.16.0 - x64 from https://github.com/actions/node-versions/releases/download/22.16.0-15177438473/node-22.16.0-linux-x64.tar.gz
2026-10-09T01:52:17.8700016Z Extracting ...
2026-10-09T01:52:17.8811058Z [command]/usr/bin/tar xz --strip 1 --warning=no-unknown-keyword --overwrite -C /home/runner/work/_temp/1595b415-77db-4b44-b03c-1ca29c18c215 -f /home/runner/work/_temp/a9ebe285-da0d-4d65-aa5c-3ba1e7f8e728
2026-10-09T01:52:19.1733382Z Adding to the cache ...
2026-10-09T01:52:20.8906159Z ##[group]Environment details
2026-10-09T01:52:21.1127290Z node: v22.16.0
2026-10-09T01:52:21.1127659Z npm: 10.9.2
2026-10-09T01:52:21.1128161Z yarn: 1.22.22
2026-10-09T01:52:21.1128957Z ##[endgroup]
2026-10-09T01:52:21.1147264Z [command]/opt/hostedtoolcache/node/22.16.0/x64/bin/npm config get cache
2026-10-09T01:52:21.2060810Z /home/runner/.npm
2026-10-09T01:52:21.4738184Z Cache hit for: node-cache-Linux-x64-npm-b79e3f2344d4218dbbb2f93f566da8e1ac49738aa1184813b150890d461d0c8a
2026-10-09T01:52:21.4890027Z (node:2301) [DEP0169] DeprecationWarning: `url.parse()` behavior is not standardized and prone to errors that have security implications. Use the WHATWG URL API instead. CVEs are not issued for `url.parse()` vulnerabilities.
2026-10-09T01:52:22.7503900Z Received 4287722 of 12676330 (33.8%), 4.1 MBs/sec
2026-10-09T01:52:22.9327702Z Received 12676330 of 12676330 (100.0%), 10.2 MBs/sec
2026-10-09T01:52:22.9328111Z Cache Size: ~12 MB (12676330 B)
2026-10-09T01:52:22.9424979Z [command]/usr/bin/tar -xf /home/runner/work/_temp/247c97b6-4008-4fa9-9a1d-39f3f1b7ff16/cache.tzst -P -C /home/runner/work/partybox-game-cores/partybox-game-cores --use-compress-program unzstd
2026-10-09T01:52:22.9661151Z Cache restored successfully
2026-10-09T01:52:22.9672297Z Cache restored from key: node-cache-Linux-x64-npm-b79e3f2344d4218dbbb2f93f566da8e1ac49738aa1184813b150890d461d0c8a
2026-10-09T01:52:22.9885595Z ##[group]Run npm ci --ignore-scripts --no-audit --no-fund
2026-10-09T01:52:22.9886089Z [36;1mnpm ci --ignore-scripts --no-audit --no-fund[0m
2026-10-09T01:52:23.0145454Z shell: /usr/bin/bash -e {0}
2026-10-09T01:52:23.0145733Z env:
2026-10-09T01:52:23.0146035Z   G10_SOURCE_COMMIT: df123c797b226c479b50a998011c1ea6d0157391
2026-10-09T01:52:23.0146401Z ##[endgroup]
2026-10-09T01:52:23.9339160Z 
2026-10-09T01:52:23.9347394Z added 6 packages in 860ms
2026-10-09T01:52:24.1274643Z ##[group]Run if [ -f /etc/apt/apt-mirrors.txt ]; then
2026-10-09T01:52:24.1275214Z [36;1mif [ -f /etc/apt/apt-mirrors.txt ]; then[0m
2026-10-09T01:52:24.1276240Z [36;1m  sudo sed -i 's#http://azure.archive.ubuntu.com/ubuntu#https://archive.ubuntu.com/ubuntu#g' /etc/apt/apt-mirrors.txt[0m
2026-10-09T01:52:24.1277170Z [36;1mfi[0m
2026-10-09T01:52:24.1354361Z shell: /usr/bin/bash -e {0}
2026-10-09T01:52:24.1354637Z env:
2026-10-09T01:52:24.1354926Z   G10_SOURCE_COMMIT: df123c797b226c479b50a998011c1ea6d0157391
2026-10-09T01:52:24.1355282Z ##[endgroup]
2026-10-09T01:52:24.8660215Z ##[group]Run sudo apt-get update
2026-10-09T01:52:24.8660715Z [36;1msudo apt-get update[0m
2026-10-09T01:52:24.8661130Z [36;1msudo apt-get install -y ffmpeg[0m
2026-10-09T01:52:24.8661722Z [36;1mffprobe -version[0m
2026-10-09T01:52:24.8662095Z [36;1mffmpeg -version[0m
2026-10-09T01:52:24.8732727Z shell: /usr/bin/bash -e {0}
2026-10-09T01:52:24.8733000Z env:
2026-10-09T01:52:24.8733283Z   G10_SOURCE_COMMIT: df123c797b226c479b50a998011c1ea6d0157391
2026-10-09T01:52:24.8733639Z ##[endgroup]
2026-10-09T01:52:26.1257470Z Get:1 file:/etc/apt/apt-mirrors.txt Mirrorlist [139 B]
2026-10-09T01:52:26.2220931Z Get:6 https://packages.microsoft.com/ubuntu/24.04/prod noble InRelease [3600 B]
2026-10-09T01:52:26.3569846Z Get:7 https://packages.microsoft.com/ubuntu/24.04/prod noble/main all Packages [640 B]
2026-10-09T01:52:26.3828102Z Get:8 https://packages.microsoft.com/ubuntu/24.04/prod noble/main arm64 Packages [474 kB]
2026-10-09T01:52:26.4712661Z Get:9 https://packages.microsoft.com/ubuntu/24.04/prod noble/main amd64 Packages [531 kB]
2026-10-09T01:52:26.4812826Z Get:10 https://packages.microsoft.com/ubuntu/24.04/prod noble/main armhf Packages [12.3 kB]
2026-10-09T01:52:26.7514484Z Hit:2 https://archive.ubuntu.com/ubuntu noble InRelease
2026-10-09T01:52:26.8272048Z Get:3 https://archive.ubuntu.com/ubuntu noble-updates InRelease [126 kB]
2026-10-09T01:52:27.0865896Z Get:4 https://archive.ubuntu.com/ubuntu noble-backports InRelease [126 kB]
2026-10-09T01:52:27.2365749Z Get:5 https://archive.ubuntu.com/ubuntu noble-security InRelease [126 kB]
2026-10-09T01:52:27.3387108Z Get:11 https://archive.ubuntu.com/ubuntu noble-updates/main amd64 Packages [1375 kB]
2026-10-09T01:52:27.6833747Z Get:12 https://archive.ubuntu.com/ubuntu noble-updates/main Translation-en [306 kB]
2026-10-09T01:52:27.7654964Z Get:13 https://archive.ubuntu.com/ubuntu noble-updates/universe amd64 Packages [1702 kB]
2026-10-09T01:52:27.9346319Z Get:14 https://archive.ubuntu.com/ubuntu noble-updates/universe Translation-en [342 kB]
2026-10-09T01:52:28.0116629Z Get:15 https://archive.ubuntu.com/ubuntu noble-updates/restricted amd64 Packages [1761 kB]
2026-10-09T01:52:28.1437799Z Get:16 https://archive.ubuntu.com/ubuntu noble-updates/restricted Translation-en [401 kB]
2026-10-09T01:52:28.2187078Z Get:17 https://archive.ubuntu.com/ubuntu noble-updates/multiverse amd64 Packages [55.0 kB]
2026-10-09T01:52:28.2880790Z Get:18 https://archive.ubuntu.com/ubuntu noble-updates/multiverse Translation-en [14.3 kB]
2026-10-09T01:52:28.3568876Z Get:19 https://archive.ubuntu.com/ubuntu noble-security/main amd64 Packages [1118 kB]
2026-10-09T01:52:28.4539508Z Get:20 https://archive.ubuntu.com/ubuntu noble-security/main Translation-en [228 kB]
2026-10-09T01:52:28.6355946Z Get:21 https://archive.ubuntu.com/ubuntu noble-security/universe amd64 Packages [1220 kB]
2026-10-09T01:52:28.7334284Z Get:22 https://archive.ubuntu.com/ubuntu noble-security/universe Translation-en [245 kB]
2026-10-09T01:52:28.8073350Z Get:23 https://archive.ubuntu.com/ubuntu noble-security/restricted amd64 Packages [1667 kB]
2026-10-09T01:52:28.9157284Z Get:24 https://archive.ubuntu.com/ubuntu noble-security/restricted Translation-en [383 kB]
2026-10-09T01:52:28.9922302Z Get:25 https://archive.ubuntu.com/ubuntu noble-security/multiverse amd64 Packages [49.8 kB]
2026-10-09T01:52:29.0610789Z Get:26 https://archive.ubuntu.com/ubuntu noble-security/multiverse Translation-en [12.4 kB]
2026-10-09T01:52:31.1244258Z Fetched 12.3 MB in 3s (3804 kB/s)
2026-10-09T01:52:31.9626293Z Reading package lists...
2026-10-09T01:52:31.9954094Z Reading package lists...
2026-10-09T01:52:32.1982489Z Building dependency tree...
2026-10-09T01:52:32.1990034Z Reading state information...
2026-10-09T01:52:32.3623330Z The following additional packages will be installed:
2026-10-09T01:52:32.3624269Z   i965-va-driver intel-media-va-driver libaacs0 libass9 libasyncns0
2026-10-09T01:52:32.3625196Z   libavc1394-0 libavcodec60 libavdevice60 libavfilter9 libavformat60
2026-10-09T01:52:32.3626621Z   libavutil58 libbdplus0 libblas3 libbluray2 libbs2b0 libcaca0
2026-10-09T01:52:32.3627517Z   libcdio-cdda2t64 libcdio-paranoia2t64 libcdio19t64 libchromaprint1 libcjson1
2026-10-09T01:52:32.3628500Z   libcodec2-1.2 libdav1d7 libdc1394-25 libdecor-0-0 libdecor-0-plugin-1-gtk
2026-10-09T01:52:32.3629445Z   libflac12t64 libflite1 libgme0 libgsm1 libhwy1t64 libiec61883-0 libigdgmm12
2026-10-09T01:52:32.3630398Z   libjack-jackd2-0 libjxl0.7 liblapack3 liblilv-0-0 libmbedcrypto7t64
2026-10-09T01:52:32.3631412Z   libmp3lame0 libmpg123-0t64 libmysofa1 libopenal-data libopenal1
2026-10-09T01:52:32.3632251Z   libopenmpt0t64 libopus0 libplacebo338 libpocketsphinx3 libpostproc57
2026-10-09T01:52:32.3633209Z   libpulse0 librav1e0 libraw1394-11 librist4 librsvg2-2 librsvg2-common
2026-10-09T01:52:32.3634144Z   librubberband2 libsamplerate0 libsdl2-2.0-0 libserd-0-0 libshine3
2026-10-09T01:52:32.3635052Z   libsndfile1 libsndio7.0 libsord-0-0 libsoxr0 libspeex1 libsphinxbase3t64
2026-10-09T01:52:32.3635910Z   libsratom-0-0 libsrt1.5-gnutls libssh-gcrypt-4 libsvtav1enc1d1
2026-10-09T01:52:32.3636795Z   libswresample4 libswscale7 libtheora0 libtwolame0 libudfread0 libunibreak5
2026-10-09T01:52:32.3637874Z   libva-drm2 libva-x11-2 libva2 libvdpau1 libvidstab1.1 libvorbisenc2 libvpl2
2026-10-09T01:52:32.3638622Z   libvpx9 libx264-164 libx265-199 libxcb-shape0 libxv1 libxvidcore4 libzimg2
2026-10-09T01:52:32.3639175Z   libzix-0-0 libzvbi-common libzvbi0t64 mesa-va-drivers mesa-vdpau-drivers
2026-10-09T01:52:32.3639728Z   ocl-icd-libopencl1 pocketsphinx-en-us va-driver-all vdpau-driver-all
2026-10-09T01:52:32.3640147Z Suggested packages:
2026-10-09T01:52:32.3640694Z   ffmpeg-doc i965-va-driver-shaders libcuda1 libnvcuvid1 libnvidia-encode1
2026-10-09T01:52:32.3641496Z   libbluray-bdj jackd2 libportaudio2 opus-tools pulseaudio libraw1394-doc
2026-10-09T01:52:32.3642036Z   librsvg2-bin serdi sndiod sordi speex opencl-icd libvdpau-va-gl1
2026-10-09T01:52:32.4105508Z The following NEW packages will be installed:
2026-10-09T01:52:32.4106581Z   ffmpeg i965-va-driver intel-media-va-driver libaacs0 libass9 libasyncns0
2026-10-09T01:52:32.4107621Z   libavc1394-0 libavcodec60 libavdevice60 libavfilter9 libavformat60
2026-10-09T01:52:32.4108589Z   libavutil58 libbdplus0 libblas3 libbluray2 libbs2b0 libcaca0
2026-10-09T01:52:32.4109630Z   libcdio-cdda2t64 libcdio-paranoia2t64 libcdio19t64 libchromaprint1 libcjson1
2026-10-09T01:52:32.4110800Z   libcodec2-1.2 libdav1d7 libdc1394-25 libdecor-0-0 libdecor-0-plugin-1-gtk
2026-10-09T01:52:32.4112233Z   libflac12t64 libflite1 libgme0 libgsm1 libhwy1t64 libiec61883-0 libigdgmm12
2026-10-09T01:52:32.4113237Z   libjack-jackd2-0 libjxl0.7 liblapack3 liblilv-0-0 libmbedcrypto7t64
2026-10-09T01:52:32.4114179Z   libmp3lame0 libmpg123-0t64 libmysofa1 libopenal-data libopenal1
2026-10-09T01:52:32.4115087Z   libopenmpt0t64 libopus0 libplacebo338 libpocketsphinx3 libpostproc57
2026-10-09T01:52:32.4116008Z   libpulse0 librav1e0 libraw1394-11 librist4 librsvg2-2 librsvg2-common
2026-10-09T01:52:32.4116923Z   librubberband2 libsamplerate0 libsdl2-2.0-0 libserd-0-0 libshine3
2026-10-09T01:52:32.4117865Z   libsndfile1 libsndio7.0 libsord-0-0 libsoxr0 libspeex1 libsphinxbase3t64
2026-10-09T01:52:32.4118797Z   libsratom-0-0 libsrt1.5-gnutls libssh-gcrypt-4 libsvtav1enc1d1
2026-10-09T01:52:32.4119753Z   libswresample4 libswscale7 libtheora0 libtwolame0 libudfread0 libunibreak5
2026-10-09T01:52:32.4120776Z   libva-drm2 libva-x11-2 libva2 libvdpau1 libvidstab1.1 libvorbisenc2 libvpl2
2026-10-09T01:52:32.4121929Z   libvpx9 libx264-164 libx265-199 libxcb-shape0 libxv1 libxvidcore4 libzimg2
2026-10-09T01:52:32.4122975Z   libzix-0-0 libzvbi-common libzvbi0t64 mesa-va-drivers mesa-vdpau-drivers
2026-10-09T01:52:32.4124003Z   ocl-icd-libopencl1 pocketsphinx-en-us va-driver-all vdpau-driver-all
2026-10-09T01:52:32.4335836Z 0 upgraded, 99 newly installed, 0 to remove and 23 not upgraded.
2026-10-09T01:52:32.4336561Z Need to get 94.1 MB of archives.
2026-10-09T01:52:32.4337249Z After this operation, 227 MB of additional disk space will be used.
2026-10-09T01:52:32.4338399Z Get:1 file:/etc/apt/apt-mirrors.txt Mirrorlist [139 B]
2026-10-09T01:52:33.1937505Z Get:2 https://archive.ubuntu.com/ubuntu noble-updates/universe amd64 libva2 amd64 2.20.0-2ubuntu0.2 [66.4 kB]
2026-10-09T01:52:33.6207675Z Get:3 https://archive.ubuntu.com/ubuntu noble-updates/universe amd64 libva-drm2 amd64 2.20.0-2ubuntu0.2 [7124 B]
2026-10-09T01:52:33.7666469Z Get:4 https://archive.ubuntu.com/ubuntu noble-updates/universe amd64 libva-x11-2 amd64 2.20.0-2ubuntu0.2 [12.0 kB]
2026-10-09T01:52:33.9181094Z Get:5 https://archive.ubuntu.com/ubuntu noble/main amd64 libvdpau1 amd64 1.5-2build1 [27.8 kB]
2026-10-09T01:52:34.1001058Z Get:6 https://archive.ubuntu.com/ubuntu noble/universe amd64 libvpl2 amd64 2023.3.0-1build1 [99.8 kB]
2026-10-09T01:52:34.3868427Z Get:7 https://archive.ubuntu.com/ubuntu noble/universe amd64 ocl-icd-libopencl1 amd64 2.3.2-1build1 [38.5 kB]
2026-10-09T01:52:34.5436326Z Get:8 https://archive.ubuntu.com/ubuntu noble/universe amd64 libavutil58 amd64 7:6.1.1-3ubuntu5 [401 kB]
2026-10-09T01:52:34.9649337Z Get:9 https://archive.ubuntu.com/ubuntu noble/universe amd64 libcodec2-1.2 amd64 1.2.0-2build1 [8998 kB]
2026-10-09T01:52:36.1273199Z Get:10 https://archive.ubuntu.com/ubuntu noble/universe amd64 libdav1d7 amd64 1.4.1-1build1 [604 kB]
2026-10-09T01:52:36.2739077Z Get:11 https://archive.ubuntu.com/ubuntu noble/universe amd64 libgsm1 amd64 1.0.22-1build1 [27.8 kB]
2026-10-09T01:52:36.4116996Z Get:12 https://archive.ubuntu.com/ubuntu noble/universe amd64 libhwy1t64 amd64 1.0.7-8.1build1 [584 kB]
2026-10-09T01:52:36.5585448Z Get:13 https://archive.ubuntu.com/ubuntu noble-updates/universe amd64 libjxl0.7 amd64 0.7.0-10.2ubuntu6.1 [1001 kB]
2026-10-09T01:52:36.7123614Z Get:14 https://archive.ubuntu.com/ubuntu noble/main amd64 libmp3lame0 amd64 3.100-6build1 [142 kB]
2026-10-09T01:52:36.8517092Z Get:15 https://archive.ubuntu.com/ubuntu noble/main amd64 libopus0 amd64 1.4-1build1 [208 kB]
2026-10-09T01:52:36.9933050Z Get:16 https://archive.ubuntu.com/ubuntu noble/universe amd64 librav1e0 amd64 0.7.1-2 [1022 kB]
2026-10-09T01:52:37.1467762Z Get:17 https://archive.ubuntu.com/ubuntu noble-updates/main amd64 librsvg2-2 amd64 2.58.0+dfsg-1ubuntu0.1 [2141 kB]
2026-10-09T01:52:37.3192474Z Get:18 https://archive.ubuntu.com/ubuntu noble/universe amd64 libshine3 amd64 3.1.1-2build1 [23.2 kB]
2026-10-09T01:52:37.4574544Z Get:19 https://archive.ubuntu.com/ubuntu noble-updates/main amd64 libspeex1 amd64 1.2.1-2ubuntu2.24.04.1 [59.6 kB]
2026-10-09T01:52:37.5951145Z Get:20 https://archive.ubuntu.com/ubuntu noble/universe amd64 libsvtav1enc1d1 amd64 1.7.0+dfsg-2build1 [2425 kB]
2026-10-09T01:52:37.9495555Z Get:21 https://archive.ubuntu.com/ubuntu noble/universe amd64 libsoxr0 amd64 0.1.3-4build3 [80.0 kB]
2026-10-09T01:52:38.0877151Z Get:22 https://archive.ubuntu.com/ubuntu noble/universe amd64 libswresample4 amd64 7:6.1.1-3ubuntu5 [63.8 kB]
2026-10-09T01:52:38.2255077Z Get:23 https://archive.ubuntu.com/ubuntu noble/main amd64 libtheora0 amd64 1.1.1+dfsg.1-16.1build3 [211 kB]
2026-10-09T01:52:38.3674774Z Get:24 https://archive.ubuntu.com/ubuntu noble/main amd64 libtwolame0 amd64 0.4.0-2build3 [52.3 kB]
2026-10-09T01:52:38.5127828Z Get:25 https://archive.ubuntu.com/ubuntu noble/main amd64 libvorbisenc2 amd64 1.3.7-1build3 [80.8 kB]
2026-10-09T01:52:38.6505139Z Get:26 https://archive.ubuntu.com/ubuntu noble-updates/main amd64 libvpx9 amd64 1.14.0-1ubuntu2.3 [1143 kB]
2026-10-09T01:52:38.8069211Z Get:27 https://archive.ubuntu.com/ubuntu noble/universe amd64 libx264-164 amd64 2:0.164.3108+git31e19f9-1 [604 kB]
2026-10-09T01:52:38.9533033Z Get:28 https://archive.ubuntu.com/ubuntu noble/universe amd64 libx265-199 amd64 3.5-2build1 [1226 kB]
2026-10-09T01:52:39.1098915Z Get:29 https://archive.ubuntu.com/ubuntu noble/universe amd64 libxvidcore4 amd64 2:1.3.7-1build1 [219 kB]
2026-10-09T01:52:39.2498098Z Get:30 https://archive.ubuntu.com/ubuntu noble/universe amd64 libzvbi-common all 0.2.42-2 [42.4 kB]
2026-10-09T01:52:39.3878206Z Get:31 https://archive.ubuntu.com/ubuntu noble/universe amd64 libzvbi0t64 amd64 0.2.42-2 [261 kB]
2026-10-09T01:52:39.5294364Z Get:32 https://archive.ubuntu.com/ubuntu noble/universe amd64 libavcodec60 amd64 7:6.1.1-3ubuntu5 [5851 kB]
2026-10-09T01:52:39.8073680Z Get:33 https://archive.ubuntu.com/ubuntu noble/main amd64 libraw1394-11 amd64 2.1.2-2build3 [26.2 kB]
2026-10-09T01:52:39.9449437Z Get:34 https://archive.ubuntu.com/ubuntu noble/main amd64 libavc1394-0 amd64 0.5.4-5build3 [15.4 kB]
2026-10-09T01:52:40.0820756Z Get:35 https://archive.ubuntu.com/ubuntu noble/universe amd64 libunibreak5 amd64 5.1-2build1 [25.0 kB]
2026-10-09T01:52:40.2199596Z Get:36 https://archive.ubuntu.com/ubuntu noble/universe amd64 libass9 amd64 1:0.17.1-2build1 [104 kB]
2026-10-09T01:52:40.3578595Z Get:37 https://archive.ubuntu.com/ubuntu noble/universe amd64 libudfread0 amd64 1.1.2-1build1 [19.0 kB]
2026-10-09T01:52:40.4955796Z Get:38 https://archive.ubuntu.com/ubuntu noble/universe amd64 libbluray2 amd64 1:1.3.4-1build1 [159 kB]
2026-10-09T01:52:40.6343355Z Get:39 https://archive.ubuntu.com/ubuntu noble/universe amd64 libchromaprint1 amd64 1.5.1-5 [30.5 kB]
2026-10-09T01:52:40.9500852Z Get:40 https://archive.ubuntu.com/ubuntu noble/universe amd64 libgme0 amd64 0.6.3-7build1 [134 kB]
2026-10-09T01:52:41.0885943Z Get:41 https://archive.ubuntu.com/ubuntu noble-updates/main amd64 libmpg123-0t64 amd64 1.32.5-1ubuntu1.1 [169 kB]
2026-10-09T01:52:41.2277477Z Get:42 https://archive.ubuntu.com/ubuntu noble/universe amd64 libopenmpt0t64 amd64 0.7.3-1.1build3 [647 kB]
2026-10-09T01:52:41.3701901Z Get:43 https://archive.ubuntu.com/ubuntu noble/universe amd64 libcjson1 amd64 1.7.17-1 [24.8 kB]
2026-10-09T01:52:41.5077960Z Get:44 https://archive.ubuntu.com/ubuntu noble/universe amd64 libmbedcrypto7t64 amd64 2.28.8-1 [209 kB]
2026-10-09T01:52:41.6479566Z Get:45 https://archive.ubuntu.com/ubuntu noble/universe amd64 librist4 amd64 0.2.10+dfsg-2 [74.9 kB]
2026-10-09T01:52:41.7862187Z Get:46 https://archive.ubuntu.com/ubuntu noble/universe amd64 libsrt1.5-gnutls amd64 1.5.3-1build2 [316 kB]
2026-10-09T01:52:41.9270290Z Get:47 https://archive.ubuntu.com/ubuntu noble-updates/main amd64 libssh-gcrypt-4 amd64 0.10.6-2ubuntu0.5 [226 kB]
2026-10-09T01:52:42.0661091Z Get:48 https://archive.ubuntu.com/ubuntu noble/universe amd64 libavformat60 amd64 7:6.1.1-3ubuntu5 [1153 kB]
2026-10-09T01:52:42.2226383Z Get:49 https://archive.ubuntu.com/ubuntu noble/universe amd64 libbs2b0 amd64 3.1.0+dfsg-7build1 [10.6 kB]
2026-10-09T01:52:42.3608238Z Get:50 https://archive.ubuntu.com/ubuntu noble/universe amd64 libflite1 amd64 2.2-6build3 [13.6 MB]
2026-10-09T01:52:42.6547178Z Get:51 https://archive.ubuntu.com/ubuntu noble/universe amd64 libserd-0-0 amd64 0.32.2-1 [43.6 kB]
2026-10-09T01:52:42.7925732Z Get:52 https://archive.ubuntu.com/ubuntu noble/universe amd64 libzix-0-0 amd64 0.4.2-2build1 [23.6 kB]
2026-10-09T01:52:42.9300974Z Get:53 https://archive.ubuntu.com/ubuntu noble/universe amd64 libsord-0-0 amd64 0.16.16-2build1 [15.8 kB]
2026-10-09T01:52:43.0677468Z Get:54 https://archive.ubuntu.com/ubuntu noble/universe amd64 libsratom-0-0 amd64 0.6.16-1build1 [17.3 kB]
2026-10-09T01:52:43.2053689Z Get:55 https://archive.ubuntu.com/ubuntu noble/universe amd64 liblilv-0-0 amd64 0.24.22-1build1 [41.0 kB]
2026-10-09T01:52:43.3432118Z Get:56 https://archive.ubuntu.com/ubuntu noble/universe amd64 libmysofa1 amd64 1.3.2+dfsg-2ubuntu2 [1158 kB]
2026-10-09T01:52:43.4880321Z Get:57 https://archive.ubuntu.com/ubuntu noble/universe amd64 libplacebo338 amd64 6.338.2-2build1 [2654 kB]
2026-10-09T01:52:43.6431077Z Get:58 https://archive.ubuntu.com/ubuntu noble-updates/main amd64 libblas3 amd64 3.12.0-3build1.1 [238 kB]
2026-10-09T01:52:43.7837479Z Get:59 https://archive.ubuntu.com/ubuntu noble-updates/main amd64 liblapack3 amd64 3.12.0-3build1.1 [2646 kB]
2026-10-09T01:52:44.1180187Z Get:60 https://archive.ubuntu.com/ubuntu noble/main amd64 libasyncns0 amd64 0.8-6build4 [11.3 kB]
2026-10-09T01:52:44.2554315Z Get:61 https://archive.ubuntu.com/ubuntu noble/main amd64 libflac12t64 amd64 1.4.3+ds-2.1ubuntu2 [197 kB]
2026-10-09T01:52:44.3942938Z Get:62 https://archive.ubuntu.com/ubuntu noble-updates/main amd64 libsndfile1 amd64 1.2.2-1ubuntu5.24.04.1 [209 kB]
2026-10-09T01:52:44.5329282Z Get:63 https://archive.ubuntu.com/ubuntu noble-updates/main amd64 libpulse0 amd64 1:16.1+dfsg1-2ubuntu10.1 [292 kB]
2026-10-09T01:52:44.6722571Z Get:64 https://archive.ubuntu.com/ubuntu noble/universe amd64 libsphinxbase3t64 amd64 0.8+5prealpha+1-17build2 [126 kB]
2026-10-09T01:52:44.8112595Z Get:65 https://archive.ubuntu.com/ubuntu noble/universe amd64 libpocketsphinx3 amd64 0.8.0+real5prealpha+1-15ubuntu5 [133 kB]
2026-10-09T01:52:44.9496777Z Get:66 https://archive.ubuntu.com/ubuntu noble/universe amd64 libpostproc57 amd64 7:6.1.1-3ubuntu5 [49.9 kB]
2026-10-09T01:52:45.0872628Z Get:67 https://archive.ubuntu.com/ubuntu noble/main amd64 libsamplerate0 amd64 0.2.2-4build1 [1344 kB]
2026-10-09T01:52:45.2334947Z Get:68 https://archive.ubuntu.com/ubuntu noble/universe amd64 librubberband2 amd64 3.3.0+dfsg-2build1 [130 kB]
2026-10-09T01:52:45.3716046Z Get:69 https://archive.ubuntu.com/ubuntu noble/universe amd64 libswscale7 amd64 7:6.1.1-3ubuntu5 [193 kB]
2026-10-09T01:52:45.5104045Z Get:70 https://archive.ubuntu.com/ubuntu noble/universe amd64 libvidstab1.1 amd64 1.1.0-2build1 [38.5 kB]
2026-10-09T01:52:45.6479547Z Get:71 https://archive.ubuntu.com/ubuntu noble/universe amd64 libzimg2 amd64 3.0.5+ds1-1build1 [254 kB]
2026-10-09T01:52:45.7875015Z Get:72 https://archive.ubuntu.com/ubuntu noble/universe amd64 libavfilter9 amd64 7:6.1.1-3ubuntu5 [4235 kB]
2026-10-09T01:52:45.9530819Z Get:73 https://archive.ubuntu.com/ubuntu noble-updates/main amd64 libcaca0 amd64 0.99.beta20-4ubuntu0.2 [209 kB]
2026-10-09T01:52:46.0916950Z Get:74 https://archive.ubuntu.com/ubuntu noble-updates/main amd64 libcdio19t64 amd64 2.1.0-4.1ubuntu1.2 [62.4 kB]
2026-10-09T01:52:46.2293375Z Get:75 https://archive.ubuntu.com/ubuntu noble/main amd64 libcdio-cdda2t64 amd64 10.2+2.0.1-1.1build2 [16.5 kB]
2026-10-09T01:52:46.3668492Z Get:76 https://archive.ubuntu.com/ubuntu noble/main amd64 libcdio-paranoia2t64 amd64 10.2+2.0.1-1.1build2 [16.6 kB]
2026-10-09T01:52:46.5044177Z Get:77 https://archive.ubuntu.com/ubuntu noble/universe amd64 libdc1394-25 amd64 2.2.6-4build1 [90.1 kB]
2026-10-09T01:52:46.8196119Z Get:78 https://archive.ubuntu.com/ubuntu noble/main amd64 libiec61883-0 amd64 1.2.0-6build1 [24.5 kB]
2026-10-09T01:52:46.9575370Z Get:79 https://archive.ubuntu.com/ubuntu noble/main amd64 libjack-jackd2-0 amd64 1.9.21~dfsg-3ubuntu3 [289 kB]
2026-10-09T01:52:47.0972010Z Get:80 https://archive.ubuntu.com/ubuntu noble/universe amd64 libopenal-data all 1:1.23.1-4build1 [161 kB]
2026-10-09T01:52:47.2354101Z Get:81 https://archive.ubuntu.com/ubuntu noble/universe amd64 libsndio7.0 amd64 1.9.0-0.3build3 [29.6 kB]
2026-10-09T01:52:47.3731504Z Get:82 https://archive.ubuntu.com/ubuntu noble/universe amd64 libopenal1 amd64 1:1.23.1-4build1 [540 kB]
2026-10-09T01:52:47.5138255Z Get:83 https://archive.ubuntu.com/ubuntu noble/main amd64 libdecor-0-0 amd64 0.2.2-1build2 [16.5 kB]
2026-10-09T01:52:47.6520334Z Get:84 https://archive.ubuntu.com/ubuntu noble-updates/main amd64 libsdl2-2.0-0 amd64 2.30.0+dfsg-1ubuntu3.1 [686 kB]
2026-10-09T01:52:47.7964275Z Get:85 https://archive.ubuntu.com/ubuntu noble/main amd64 libxcb-shape0 amd64 1.15-1ubuntu2 [6100 B]
2026-10-09T01:52:47.9339777Z Get:86 https://archive.ubuntu.com/ubuntu noble/main amd64 libxv1 amd64 2:1.0.11-1.1build1 [10.7 kB]
2026-10-09T01:52:48.0717459Z Get:87 https://archive.ubuntu.com/ubuntu noble/universe amd64 libavdevice60 amd64 7:6.1.1-3ubuntu5 [82.3 kB]
2026-10-09T01:52:48.2096401Z Get:88 https://archive.ubuntu.com/ubuntu noble/universe amd64 ffmpeg amd64 7:6.1.1-3ubuntu5 [1879 kB]
2026-10-09T01:52:48.3600222Z Get:89 https://archive.ubuntu.com/ubuntu noble-updates/universe amd64 libigdgmm12 amd64 22.3.17+ds1-1ubuntu1 [145 kB]
2026-10-09T01:52:48.4985911Z Get:90 https://archive.ubuntu.com/ubuntu noble-updates/universe amd64 intel-media-va-driver amd64 24.1.0+dfsg1-1ubuntu0.2 [3163 kB]
2026-10-09T01:52:48.6568786Z Get:91 https://archive.ubuntu.com/ubuntu noble/universe amd64 libaacs0 amd64 0.11.1-2build1 [62.9 kB]
2026-10-09T01:52:48.7953731Z Get:92 https://archive.ubuntu.com/ubuntu noble/universe amd64 libbdplus0 amd64 0.2.0-3build1 [52.2 kB]
2026-10-09T01:52:48.9332473Z Get:93 https://archive.ubuntu.com/ubuntu noble/main amd64 libdecor-0-plugin-1-gtk amd64 0.2.2-1build2 [22.2 kB]
2026-10-09T01:52:49.0706596Z Get:94 https://archive.ubuntu.com/ubuntu noble-updates/main amd64 librsvg2-common amd64 2.58.0+dfsg-1ubuntu0.1 [11.8 kB]
2026-10-09T01:52:49.2086764Z Get:95 https://archive.ubuntu.com/ubuntu noble-updates/universe amd64 mesa-va-drivers amd64 25.2.8-0ubuntu0.24.04.4 [6778 B]
2026-10-09T01:52:49.3463769Z Get:96 https://archive.ubuntu.com/ubuntu noble-updates/main amd64 mesa-vdpau-drivers amd64 25.2.8-0ubuntu0.24.04.4 [23.4 kB]
2026-10-09T01:52:49.6620999Z Get:97 https://archive.ubuntu.com/ubuntu noble-updates/universe amd64 i965-va-driver amd64 2.4.1+dfsg1-1ubuntu0.2 [332 kB]
2026-10-09T01:52:49.8017408Z Get:98 https://archive.ubuntu.com/ubuntu noble-updates/universe amd64 va-driver-all amd64 2.20.0-2ubuntu0.2 [5014 B]
2026-10-09T01:52:49.9400177Z Get:99 https://archive.ubuntu.com/ubuntu noble/main amd64 vdpau-driver-all amd64 1.5-2build1 [4414 B]
2026-10-09T01:52:50.0776122Z Get:100 https://archive.ubuntu.com/ubuntu noble/universe amd64 pocketsphinx-en-us all 0.8.0+real5prealpha+1-15ubuntu5 [27.4 MB]
2026-10-09T01:52:50.6291673Z Fetched 94.1 MB in 18s (5276 kB/s)
2026-10-09T01:52:50.6533112Z Selecting previously unselected package libva2:amd64.
2026-10-09T01:52:50.6804435Z (Reading database ... 
2026-10-09T01:52:50.6804913Z (Reading database ... 5%
2026-10-09T01:52:50.6805322Z (Reading database ... 10%
2026-10-09T01:52:50.6805756Z (Reading database ... 15%
2026-10-09T01:52:50.6806153Z (Reading database ... 20%
2026-10-09T01:52:50.6806545Z (Reading database ... 25%
2026-10-09T01:52:50.6806804Z (Reading database ... 30%
2026-10-09T01:52:50.6807062Z (Reading database ... 35%
2026-10-09T01:52:50.6807317Z (Reading database ... 40%
2026-10-09T01:52:50.6807702Z (Reading database ... 45%
2026-10-09T01:52:50.6808018Z (Reading database ... 50%
2026-10-09T01:52:50.6850135Z (Reading database ... 55%
2026-10-09T01:52:50.7763904Z (Reading database ... 60%
2026-10-09T01:52:50.9822334Z (Reading database ... 65%
2026-10-09T01:52:51.1708455Z (Reading database ... 70%
2026-10-09T01:52:51.3725600Z (Reading database ... 75%
2026-10-09T01:52:51.4756606Z (Reading database ... 80%
2026-10-09T01:52:51.6310867Z (Reading database ... 85%
2026-10-09T01:52:51.7747811Z (Reading database ... 90%
2026-10-09T01:52:51.9391510Z (Reading database ... 95%
2026-10-09T01:52:51.9392029Z (Reading database ... 100%
2026-10-09T01:52:51.9392736Z (Reading database ... 203191 files and directories currently installed.)
2026-10-09T01:52:51.9442534Z Preparing to unpack .../00-libva2_2.20.0-2ubuntu0.2_amd64.deb ...
2026-10-09T01:52:51.9477037Z Unpacking libva2:amd64 (2.20.0-2ubuntu0.2) ...
2026-10-09T01:52:51.9700062Z Selecting previously unselected package libva-drm2:amd64.
2026-10-09T01:52:51.9836284Z Preparing to unpack .../01-libva-drm2_2.20.0-2ubuntu0.2_amd64.deb ...
2026-10-09T01:52:51.9843572Z Unpacking libva-drm2:amd64 (2.20.0-2ubuntu0.2) ...
2026-10-09T01:52:52.0050682Z Selecting previously unselected package libva-x11-2:amd64.
2026-10-09T01:52:52.0187907Z Preparing to unpack .../02-libva-x11-2_2.20.0-2ubuntu0.2_amd64.deb ...
2026-10-09T01:52:52.0195814Z Unpacking libva-x11-2:amd64 (2.20.0-2ubuntu0.2) ...
2026-10-09T01:52:52.0438980Z Selecting previously unselected package libvdpau1:amd64.
2026-10-09T01:52:52.0612134Z Preparing to unpack .../03-libvdpau1_1.5-2build1_amd64.deb ...
2026-10-09T01:52:52.0633869Z Unpacking libvdpau1:amd64 (1.5-2build1) ...
2026-10-09T01:52:52.0875707Z Selecting previously unselected package libvpl2.
2026-10-09T01:52:52.1013171Z Preparing to unpack .../04-libvpl2_2023.3.0-1build1_amd64.deb ...
2026-10-09T01:52:52.1019983Z Unpacking libvpl2 (2023.3.0-1build1) ...
2026-10-09T01:52:52.1233385Z Selecting previously unselected package ocl-icd-libopencl1:amd64.
2026-10-09T01:52:52.1367848Z Preparing to unpack .../05-ocl-icd-libopencl1_2.3.2-1build1_amd64.deb ...
2026-10-09T01:52:52.1373771Z Unpacking ocl-icd-libopencl1:amd64 (2.3.2-1build1) ...
2026-10-09T01:52:52.1609012Z Selecting previously unselected package libavutil58:amd64.
2026-10-09T01:52:52.1744048Z Preparing to unpack .../06-libavutil58_7%3a6.1.1-3ubuntu5_amd64.deb ...
2026-10-09T01:52:52.1750475Z Unpacking libavutil58:amd64 (7:6.1.1-3ubuntu5) ...
2026-10-09T01:52:52.2004082Z Selecting previously unselected package libcodec2-1.2:amd64.
2026-10-09T01:52:52.2139739Z Preparing to unpack .../07-libcodec2-1.2_1.2.0-2build1_amd64.deb ...
2026-10-09T01:52:52.2147066Z Unpacking libcodec2-1.2:amd64 (1.2.0-2build1) ...
2026-10-09T01:52:52.2897075Z Selecting previously unselected package libdav1d7:amd64.
2026-10-09T01:52:52.3032754Z Preparing to unpack .../08-libdav1d7_1.4.1-1build1_amd64.deb ...
2026-10-09T01:52:52.3038666Z Unpacking libdav1d7:amd64 (1.4.1-1build1) ...
2026-10-09T01:52:52.3311449Z Selecting previously unselected package libgsm1:amd64.
2026-10-09T01:52:52.3445409Z Preparing to unpack .../09-libgsm1_1.0.22-1build1_amd64.deb ...
2026-10-09T01:52:52.3452190Z Unpacking libgsm1:amd64 (1.0.22-1build1) ...
2026-10-09T01:52:52.3657625Z Selecting previously unselected package libhwy1t64:amd64.
2026-10-09T01:52:52.3791317Z Preparing to unpack .../10-libhwy1t64_1.0.7-8.1build1_amd64.deb ...
2026-10-09T01:52:52.3798108Z Unpacking libhwy1t64:amd64 (1.0.7-8.1build1) ...
2026-10-09T01:52:52.4118190Z Selecting previously unselected package libjxl0.7:amd64.
2026-10-09T01:52:52.4255602Z Preparing to unpack .../11-libjxl0.7_0.7.0-10.2ubuntu6.1_amd64.deb ...
2026-10-09T01:52:52.4263190Z Unpacking libjxl0.7:amd64 (0.7.0-10.2ubuntu6.1) ...
2026-10-09T01:52:52.4603986Z Selecting previously unselected package libmp3lame0:amd64.
2026-10-09T01:52:52.4739556Z Preparing to unpack .../12-libmp3lame0_3.100-6build1_amd64.deb ...
2026-10-09T01:52:52.4745561Z Unpacking libmp3lame0:amd64 (3.100-6build1) ...
2026-10-09T01:52:52.4958797Z Selecting previously unselected package libopus0:amd64.
2026-10-09T01:52:52.5093163Z Preparing to unpack .../13-libopus0_1.4-1build1_amd64.deb ...
2026-10-09T01:52:52.5099178Z Unpacking libopus0:amd64 (1.4-1build1) ...
2026-10-09T01:52:52.5318427Z Selecting previously unselected package librav1e0:amd64.
2026-10-09T01:52:52.5455606Z Preparing to unpack .../14-librav1e0_0.7.1-2_amd64.deb ...
2026-10-09T01:52:52.5461860Z Unpacking librav1e0:amd64 (0.7.1-2) ...
2026-10-09T01:52:52.5789084Z Selecting previously unselected package librsvg2-2:amd64.
2026-10-09T01:52:52.5926198Z Preparing to unpack .../15-librsvg2-2_2.58.0+dfsg-1ubuntu0.1_amd64.deb ...
2026-10-09T01:52:52.5932827Z Unpacking librsvg2-2:amd64 (2.58.0+dfsg-1ubuntu0.1) ...
2026-10-09T01:52:52.6391904Z Selecting previously unselected package libshine3:amd64.
2026-10-09T01:52:52.6528511Z Preparing to unpack .../16-libshine3_3.1.1-2build1_amd64.deb ...
2026-10-09T01:52:52.6535279Z Unpacking libshine3:amd64 (3.1.1-2build1) ...
2026-10-09T01:52:52.6735468Z Selecting previously unselected package libspeex1:amd64.
2026-10-09T01:52:52.6872112Z Preparing to unpack .../17-libspeex1_1.2.1-2ubuntu2.24.04.1_amd64.deb ...
2026-10-09T01:52:52.6879420Z Unpacking libspeex1:amd64 (1.2.1-2ubuntu2.24.04.1) ...
2026-10-09T01:52:52.7088725Z Selecting previously unselected package libsvtav1enc1d1:amd64.
2026-10-09T01:52:52.7224818Z Preparing to unpack .../18-libsvtav1enc1d1_1.7.0+dfsg-2build1_amd64.deb ...
2026-10-09T01:52:52.7232161Z Unpacking libsvtav1enc1d1:amd64 (1.7.0+dfsg-2build1) ...
2026-10-09T01:52:52.7734276Z Selecting previously unselected package libsoxr0:amd64.
2026-10-09T01:52:52.7870820Z Preparing to unpack .../19-libsoxr0_0.1.3-4build3_amd64.deb ...
2026-10-09T01:52:52.7877910Z Unpacking libsoxr0:amd64 (0.1.3-4build3) ...
2026-10-09T01:52:52.8094781Z Selecting previously unselected package libswresample4:amd64.
2026-10-09T01:52:52.8231156Z Preparing to unpack .../20-libswresample4_7%3a6.1.1-3ubuntu5_amd64.deb ...
2026-10-09T01:52:52.8237077Z Unpacking libswresample4:amd64 (7:6.1.1-3ubuntu5) ...
2026-10-09T01:52:52.8448096Z Selecting previously unselected package libtheora0:amd64.
2026-10-09T01:52:52.8582863Z Preparing to unpack .../21-libtheora0_1.1.1+dfsg.1-16.1build3_amd64.deb ...
2026-10-09T01:52:52.8588453Z Unpacking libtheora0:amd64 (1.1.1+dfsg.1-16.1build3) ...
2026-10-09T01:52:52.8820748Z Selecting previously unselected package libtwolame0:amd64.
2026-10-09T01:52:52.8957376Z Preparing to unpack .../22-libtwolame0_0.4.0-2build3_amd64.deb ...
2026-10-09T01:52:52.8964374Z Unpacking libtwolame0:amd64 (0.4.0-2build3) ...
2026-10-09T01:52:52.9175187Z Selecting previously unselected package libvorbisenc2:amd64.
2026-10-09T01:52:52.9310684Z Preparing to unpack .../23-libvorbisenc2_1.3.7-1build3_amd64.deb ...
2026-10-09T01:52:52.9316880Z Unpacking libvorbisenc2:amd64 (1.3.7-1build3) ...
2026-10-09T01:52:52.9544352Z Selecting previously unselected package libvpx9:amd64.
2026-10-09T01:52:52.9679014Z Preparing to unpack .../24-libvpx9_1.14.0-1ubuntu2.3_amd64.deb ...
2026-10-09T01:52:52.9685512Z Unpacking libvpx9:amd64 (1.14.0-1ubuntu2.3) ...
2026-10-09T01:52:53.0015114Z Selecting previously unselected package libx264-164:amd64.
2026-10-09T01:52:53.0151676Z Preparing to unpack .../25-libx264-164_2%3a0.164.3108+git31e19f9-1_amd64.deb ...
2026-10-09T01:52:53.0157559Z Unpacking libx264-164:amd64 (2:0.164.3108+git31e19f9-1) ...
2026-10-09T01:52:53.0436669Z Selecting previously unselected package libx265-199:amd64.
2026-10-09T01:52:53.0572953Z Preparing to unpack .../26-libx265-199_3.5-2build1_amd64.deb ...
2026-10-09T01:52:53.0580249Z Unpacking libx265-199:amd64 (3.5-2build1) ...
2026-10-09T01:52:53.1258158Z Selecting previously unselected package libxvidcore4:amd64.
2026-10-09T01:52:53.1394007Z Preparing to unpack .../27-libxvidcore4_2%3a1.3.7-1build1_amd64.deb ...
2026-10-09T01:52:53.1402304Z Unpacking libxvidcore4:amd64 (2:1.3.7-1build1) ...
2026-10-09T01:52:53.1694847Z Selecting previously unselected package libzvbi-common.
2026-10-09T01:52:53.1770975Z Preparing to unpack .../28-libzvbi-common_0.2.42-2_all.deb ...
2026-10-09T01:52:53.1777662Z Unpacking libzvbi-common (0.2.42-2) ...
2026-10-09T01:52:53.2047373Z Selecting previously unselected package libzvbi0t64:amd64.
2026-10-09T01:52:53.2183110Z Preparing to unpack .../29-libzvbi0t64_0.2.42-2_amd64.deb ...
2026-10-09T01:52:53.2189362Z Unpacking libzvbi0t64:amd64 (0.2.42-2) ...
2026-10-09T01:52:53.2431047Z Selecting previously unselected package libavcodec60:amd64.
2026-10-09T01:52:53.2567182Z Preparing to unpack .../30-libavcodec60_7%3a6.1.1-3ubuntu5_amd64.deb ...
2026-10-09T01:52:53.2574830Z Unpacking libavcodec60:amd64 (7:6.1.1-3ubuntu5) ...
2026-10-09T01:52:53.3436321Z Selecting previously unselected package libraw1394-11:amd64.
2026-10-09T01:52:53.3571765Z Preparing to unpack .../31-libraw1394-11_2.1.2-2build3_amd64.deb ...
2026-10-09T01:52:53.3578722Z Unpacking libraw1394-11:amd64 (2.1.2-2build3) ...
2026-10-09T01:52:53.3782212Z Selecting previously unselected package libavc1394-0:amd64.
2026-10-09T01:52:53.3918736Z Preparing to unpack .../32-libavc1394-0_0.5.4-5build3_amd64.deb ...
2026-10-09T01:52:53.3926775Z Unpacking libavc1394-0:amd64 (0.5.4-5build3) ...
2026-10-09T01:52:53.4130513Z Selecting previously unselected package libunibreak5:amd64.
2026-10-09T01:52:53.4266103Z Preparing to unpack .../33-libunibreak5_5.1-2build1_amd64.deb ...
2026-10-09T01:52:53.4274289Z Unpacking libunibreak5:amd64 (5.1-2build1) ...
2026-10-09T01:52:53.4482454Z Selecting previously unselected package libass9:amd64.
2026-10-09T01:52:53.4617520Z Preparing to unpack .../34-libass9_1%3a0.17.1-2build1_amd64.deb ...
2026-10-09T01:52:53.4624356Z Unpacking libass9:amd64 (1:0.17.1-2build1) ...
2026-10-09T01:52:53.4840401Z Selecting previously unselected package libudfread0:amd64.
2026-10-09T01:52:53.4976509Z Preparing to unpack .../35-libudfread0_1.1.2-1build1_amd64.deb ...
2026-10-09T01:52:53.4984735Z Unpacking libudfread0:amd64 (1.1.2-1build1) ...
2026-10-09T01:52:53.5189227Z Selecting previously unselected package libbluray2:amd64.
2026-10-09T01:52:53.5325323Z Preparing to unpack .../36-libbluray2_1%3a1.3.4-1build1_amd64.deb ...
2026-10-09T01:52:53.5332564Z Unpacking libbluray2:amd64 (1:1.3.4-1build1) ...
2026-10-09T01:52:53.5558342Z Selecting previously unselected package libchromaprint1:amd64.
2026-10-09T01:52:53.5694897Z Preparing to unpack .../37-libchromaprint1_1.5.1-5_amd64.deb ...
2026-10-09T01:52:53.5701494Z Unpacking libchromaprint1:amd64 (1.5.1-5) ...
2026-10-09T01:52:53.5907715Z Selecting previously unselected package libgme0:amd64.
2026-10-09T01:52:53.6044284Z Preparing to unpack .../38-libgme0_0.6.3-7build1_amd64.deb ...
2026-10-09T01:52:53.6051591Z Unpacking libgme0:amd64 (0.6.3-7build1) ...
2026-10-09T01:52:53.6270711Z Selecting previously unselected package libmpg123-0t64:amd64.
2026-10-09T01:52:53.6406333Z Preparing to unpack .../39-libmpg123-0t64_1.32.5-1ubuntu1.1_amd64.deb ...
2026-10-09T01:52:53.6413095Z Unpacking libmpg123-0t64:amd64 (1.32.5-1ubuntu1.1) ...
2026-10-09T01:52:53.6639505Z Selecting previously unselected package libopenmpt0t64:amd64.
2026-10-09T01:52:53.6774976Z Preparing to unpack .../40-libopenmpt0t64_0.7.3-1.1build3_amd64.deb ...
2026-10-09T01:52:53.6782027Z Unpacking libopenmpt0t64:amd64 (0.7.3-1.1build3) ...
2026-10-09T01:52:53.7053673Z Selecting previously unselected package libcjson1:amd64.
2026-10-09T01:52:53.7190106Z Preparing to unpack .../41-libcjson1_1.7.17-1_amd64.deb ...
2026-10-09T01:52:53.7196496Z Unpacking libcjson1:amd64 (1.7.17-1) ...
2026-10-09T01:52:53.7408142Z Selecting previously unselected package libmbedcrypto7t64:amd64.
2026-10-09T01:52:53.7546323Z Preparing to unpack .../42-libmbedcrypto7t64_2.28.8-1_amd64.deb ...
2026-10-09T01:52:53.7552433Z Unpacking libmbedcrypto7t64:amd64 (2.28.8-1) ...
2026-10-09T01:52:53.7786777Z Selecting previously unselected package librist4:amd64.
2026-10-09T01:52:53.7925334Z Preparing to unpack .../43-librist4_0.2.10+dfsg-2_amd64.deb ...
2026-10-09T01:52:53.7933453Z Unpacking librist4:amd64 (0.2.10+dfsg-2) ...
2026-10-09T01:52:53.8148380Z Selecting previously unselected package libsrt1.5-gnutls:amd64.
2026-10-09T01:52:53.8287701Z Preparing to unpack .../44-libsrt1.5-gnutls_1.5.3-1build2_amd64.deb ...
2026-10-09T01:52:53.8294145Z Unpacking libsrt1.5-gnutls:amd64 (1.5.3-1build2) ...
2026-10-09T01:52:53.8539383Z Selecting previously unselected package libssh-gcrypt-4:amd64.
2026-10-09T01:52:53.8677209Z Preparing to unpack .../45-libssh-gcrypt-4_0.10.6-2ubuntu0.5_amd64.deb ...
2026-10-09T01:52:53.8683487Z Unpacking libssh-gcrypt-4:amd64 (0.10.6-2ubuntu0.5) ...
2026-10-09T01:52:53.9174823Z Selecting previously unselected package libavformat60:amd64.
2026-10-09T01:52:53.9313339Z Preparing to unpack .../46-libavformat60_7%3a6.1.1-3ubuntu5_amd64.deb ...
2026-10-09T01:52:53.9320269Z Unpacking libavformat60:amd64 (7:6.1.1-3ubuntu5) ...
2026-10-09T01:52:53.9650580Z Selecting previously unselected package libbs2b0:amd64.
2026-10-09T01:52:53.9786984Z Preparing to unpack .../47-libbs2b0_3.1.0+dfsg-7build1_amd64.deb ...
2026-10-09T01:52:53.9795830Z Unpacking libbs2b0:amd64 (3.1.0+dfsg-7build1) ...
2026-10-09T01:52:54.0028135Z Selecting previously unselected package libflite1:amd64.
2026-10-09T01:52:54.0163707Z Preparing to unpack .../48-libflite1_2.2-6build3_amd64.deb ...
2026-10-09T01:52:54.0172517Z Unpacking libflite1:amd64 (2.2-6build3) ...
2026-10-09T01:52:54.1328316Z Selecting previously unselected package libserd-0-0:amd64.
2026-10-09T01:52:54.1465393Z Preparing to unpack .../49-libserd-0-0_0.32.2-1_amd64.deb ...
2026-10-09T01:52:54.1472505Z Unpacking libserd-0-0:amd64 (0.32.2-1) ...
2026-10-09T01:52:54.1687246Z Selecting previously unselected package libzix-0-0:amd64.
2026-10-09T01:52:54.1824260Z Preparing to unpack .../50-libzix-0-0_0.4.2-2build1_amd64.deb ...
2026-10-09T01:52:54.1831439Z Unpacking libzix-0-0:amd64 (0.4.2-2build1) ...
2026-10-09T01:52:54.2037076Z Selecting previously unselected package libsord-0-0:amd64.
2026-10-09T01:52:54.2173943Z Preparing to unpack .../51-libsord-0-0_0.16.16-2build1_amd64.deb ...
2026-10-09T01:52:54.2183254Z Unpacking libsord-0-0:amd64 (0.16.16-2build1) ...
2026-10-09T01:52:54.2387620Z Selecting previously unselected package libsratom-0-0:amd64.
2026-10-09T01:52:54.2522934Z Preparing to unpack .../52-libsratom-0-0_0.6.16-1build1_amd64.deb ...
2026-10-09T01:52:54.2528754Z Unpacking libsratom-0-0:amd64 (0.6.16-1build1) ...
2026-10-09T01:52:54.2726574Z Selecting previously unselected package liblilv-0-0:amd64.
2026-10-09T01:52:54.2861320Z Preparing to unpack .../53-liblilv-0-0_0.24.22-1build1_amd64.deb ...
2026-10-09T01:52:54.2867897Z Unpacking liblilv-0-0:amd64 (0.24.22-1build1) ...
2026-10-09T01:52:54.3072949Z Selecting previously unselected package libmysofa1:amd64.
2026-10-09T01:52:54.3208409Z Preparing to unpack .../54-libmysofa1_1.3.2+dfsg-2ubuntu2_amd64.deb ...
2026-10-09T01:52:54.3216301Z Unpacking libmysofa1:amd64 (1.3.2+dfsg-2ubuntu2) ...
2026-10-09T01:52:54.3467468Z Selecting previously unselected package libplacebo338:amd64.
2026-10-09T01:52:54.3601983Z Preparing to unpack .../55-libplacebo338_6.338.2-2build1_amd64.deb ...
2026-10-09T01:52:54.3609165Z Unpacking libplacebo338:amd64 (6.338.2-2build1) ...
2026-10-09T01:52:54.4146246Z Selecting previously unselected package libblas3:amd64.
2026-10-09T01:52:54.4283148Z Preparing to unpack .../56-libblas3_3.12.0-3build1.1_amd64.deb ...
2026-10-09T01:52:54.4313723Z Unpacking libblas3:amd64 (3.12.0-3build1.1) ...
2026-10-09T01:52:54.4555253Z Selecting previously unselected package liblapack3:amd64.
2026-10-09T01:52:54.4691821Z Preparing to unpack .../57-liblapack3_3.12.0-3build1.1_amd64.deb ...
2026-10-09T01:52:54.4721774Z Unpacking liblapack3:amd64 (3.12.0-3build1.1) ...
2026-10-09T01:52:54.5216589Z Selecting previously unselected package libasyncns0:amd64.
2026-10-09T01:52:54.5353537Z Preparing to unpack .../58-libasyncns0_0.8-6build4_amd64.deb ...
2026-10-09T01:52:54.5360455Z Unpacking libasyncns0:amd64 (0.8-6build4) ...
2026-10-09T01:52:54.5560905Z Selecting previously unselected package libflac12t64:amd64.
2026-10-09T01:52:54.5696579Z Preparing to unpack .../59-libflac12t64_1.4.3+ds-2.1ubuntu2_amd64.deb ...
2026-10-09T01:52:54.5703169Z Unpacking libflac12t64:amd64 (1.4.3+ds-2.1ubuntu2) ...
2026-10-09T01:52:54.5931905Z Selecting previously unselected package libsndfile1:amd64.
2026-10-09T01:52:54.6068943Z Preparing to unpack .../60-libsndfile1_1.2.2-1ubuntu5.24.04.1_amd64.deb ...
2026-10-09T01:52:54.6077587Z Unpacking libsndfile1:amd64 (1.2.2-1ubuntu5.24.04.1) ...
2026-10-09T01:52:54.6324955Z Selecting previously unselected package libpulse0:amd64.
2026-10-09T01:52:54.6460544Z Preparing to unpack .../61-libpulse0_1%3a16.1+dfsg1-2ubuntu10.1_amd64.deb ...
2026-10-09T01:52:54.6533616Z Unpacking libpulse0:amd64 (1:16.1+dfsg1-2ubuntu10.1) ...
2026-10-09T01:52:54.6896410Z Selecting previously unselected package libsphinxbase3t64:amd64.
2026-10-09T01:52:54.7033190Z Preparing to unpack .../62-libsphinxbase3t64_0.8+5prealpha+1-17build2_amd64.deb ...
2026-10-09T01:52:54.7040379Z Unpacking libsphinxbase3t64:amd64 (0.8+5prealpha+1-17build2) ...
2026-10-09T01:52:54.7272294Z Selecting previously unselected package libpocketsphinx3:amd64.
2026-10-09T01:52:54.7407685Z Preparing to unpack .../63-libpocketsphinx3_0.8.0+real5prealpha+1-15ubuntu5_amd64.deb ...
2026-10-09T01:52:54.7415540Z Unpacking libpocketsphinx3:amd64 (0.8.0+real5prealpha+1-15ubuntu5) ...
2026-10-09T01:52:54.7635833Z Selecting previously unselected package libpostproc57:amd64.
2026-10-09T01:52:54.7774841Z Preparing to unpack .../64-libpostproc57_7%3a6.1.1-3ubuntu5_amd64.deb ...
2026-10-09T01:52:54.7782345Z Unpacking libpostproc57:amd64 (7:6.1.1-3ubuntu5) ...
2026-10-09T01:52:54.8000189Z Selecting previously unselected package libsamplerate0:amd64.
2026-10-09T01:52:54.8137333Z Preparing to unpack .../65-libsamplerate0_0.2.2-4build1_amd64.deb ...
2026-10-09T01:52:54.8144961Z Unpacking libsamplerate0:amd64 (0.2.2-4build1) ...
2026-10-09T01:52:54.8408038Z Selecting previously unselected package librubberband2:amd64.
2026-10-09T01:52:54.8544722Z Preparing to unpack .../66-librubberband2_3.3.0+dfsg-2build1_amd64.deb ...
2026-10-09T01:52:54.8552627Z Unpacking librubberband2:amd64 (3.3.0+dfsg-2build1) ...
2026-10-09T01:52:54.8772062Z Selecting previously unselected package libswscale7:amd64.
2026-10-09T01:52:54.8907454Z Preparing to unpack .../67-libswscale7_7%3a6.1.1-3ubuntu5_amd64.deb ...
2026-10-09T01:52:54.8914625Z Unpacking libswscale7:amd64 (7:6.1.1-3ubuntu5) ...
2026-10-09T01:52:54.9143678Z Selecting previously unselected package libvidstab1.1:amd64.
2026-10-09T01:52:54.9279297Z Preparing to unpack .../68-libvidstab1.1_1.1.0-2build1_amd64.deb ...
2026-10-09T01:52:54.9286348Z Unpacking libvidstab1.1:amd64 (1.1.0-2build1) ...
2026-10-09T01:52:54.9493645Z Selecting previously unselected package libzimg2:amd64.
2026-10-09T01:52:54.9629870Z Preparing to unpack .../69-libzimg2_3.0.5+ds1-1build1_amd64.deb ...
2026-10-09T01:52:54.9637188Z Unpacking libzimg2:amd64 (3.0.5+ds1-1build1) ...
2026-10-09T01:52:54.9873295Z Selecting previously unselected package libavfilter9:amd64.
2026-10-09T01:52:55.0008889Z Preparing to unpack .../70-libavfilter9_7%3a6.1.1-3ubuntu5_amd64.deb ...
2026-10-09T01:52:55.0015884Z Unpacking libavfilter9:amd64 (7:6.1.1-3ubuntu5) ...
2026-10-09T01:52:55.0741581Z Selecting previously unselected package libcaca0:amd64.
2026-10-09T01:52:55.0878077Z Preparing to unpack .../71-libcaca0_0.99.beta20-4ubuntu0.2_amd64.deb ...
2026-10-09T01:52:55.0885947Z Unpacking libcaca0:amd64 (0.99.beta20-4ubuntu0.2) ...
2026-10-09T01:52:55.1133059Z Selecting previously unselected package libcdio19t64:amd64.
2026-10-09T01:52:55.1268889Z Preparing to unpack .../72-libcdio19t64_2.1.0-4.1ubuntu1.2_amd64.deb ...
2026-10-09T01:52:55.1275386Z Unpacking libcdio19t64:amd64 (2.1.0-4.1ubuntu1.2) ...
2026-10-09T01:52:55.1484790Z Selecting previously unselected package libcdio-cdda2t64:amd64.
2026-10-09T01:52:55.1619189Z Preparing to unpack .../73-libcdio-cdda2t64_10.2+2.0.1-1.1build2_amd64.deb ...
2026-10-09T01:52:55.1626103Z Unpacking libcdio-cdda2t64:amd64 (10.2+2.0.1-1.1build2) ...
2026-10-09T01:52:55.1834573Z Selecting previously unselected package libcdio-paranoia2t64:amd64.
2026-10-09T01:52:55.1970742Z Preparing to unpack .../74-libcdio-paranoia2t64_10.2+2.0.1-1.1build2_amd64.deb ...
2026-10-09T01:52:55.1978572Z Unpacking libcdio-paranoia2t64:amd64 (10.2+2.0.1-1.1build2) ...
2026-10-09T01:52:55.2185013Z Selecting previously unselected package libdc1394-25:amd64.
2026-10-09T01:52:55.2321300Z Preparing to unpack .../75-libdc1394-25_2.2.6-4build1_amd64.deb ...
2026-10-09T01:52:55.2328478Z Unpacking libdc1394-25:amd64 (2.2.6-4build1) ...
2026-10-09T01:52:55.2543499Z Selecting previously unselected package libiec61883-0:amd64.
2026-10-09T01:52:55.2678126Z Preparing to unpack .../76-libiec61883-0_1.2.0-6build1_amd64.deb ...
2026-10-09T01:52:55.2684577Z Unpacking libiec61883-0:amd64 (1.2.0-6build1) ...
2026-10-09T01:52:55.2905572Z Selecting previously unselected package libjack-jackd2-0:amd64.
2026-10-09T01:52:55.3044931Z Preparing to unpack .../77-libjack-jackd2-0_1.9.21~dfsg-3ubuntu3_amd64.deb ...
2026-10-09T01:52:55.3051769Z Unpacking libjack-jackd2-0:amd64 (1.9.21~dfsg-3ubuntu3) ...
2026-10-09T01:52:55.3311711Z Selecting previously unselected package libopenal-data.
2026-10-09T01:52:55.3448332Z Preparing to unpack .../78-libopenal-data_1%3a1.23.1-4build1_all.deb ...
2026-10-09T01:52:55.3454719Z Unpacking libopenal-data (1:1.23.1-4build1) ...
2026-10-09T01:52:55.3684491Z Selecting previously unselected package libsndio7.0:amd64.
2026-10-09T01:52:55.3819877Z Preparing to unpack .../79-libsndio7.0_1.9.0-0.3build3_amd64.deb ...
2026-10-09T01:52:55.3827082Z Unpacking libsndio7.0:amd64 (1.9.0-0.3build3) ...
2026-10-09T01:52:55.4052140Z Selecting previously unselected package libopenal1:amd64.
2026-10-09T01:52:55.4187642Z Preparing to unpack .../80-libopenal1_1%3a1.23.1-4build1_amd64.deb ...
2026-10-09T01:52:55.4194285Z Unpacking libopenal1:amd64 (1:1.23.1-4build1) ...
2026-10-09T01:52:55.4462186Z Selecting previously unselected package libdecor-0-0:amd64.
2026-10-09T01:52:55.4600350Z Preparing to unpack .../81-libdecor-0-0_0.2.2-1build2_amd64.deb ...
2026-10-09T01:52:55.4607263Z Unpacking libdecor-0-0:amd64 (0.2.2-1build2) ...
2026-10-09T01:52:55.4852780Z Selecting previously unselected package libsdl2-2.0-0:amd64.
2026-10-09T01:52:55.4991785Z Preparing to unpack .../82-libsdl2-2.0-0_2.30.0+dfsg-1ubuntu3.1_amd64.deb ...
2026-10-09T01:52:55.4999889Z Unpacking libsdl2-2.0-0:amd64 (2.30.0+dfsg-1ubuntu3.1) ...
2026-10-09T01:52:55.5506599Z Selecting previously unselected package libxcb-shape0:amd64.
2026-10-09T01:52:55.5645964Z Preparing to unpack .../83-libxcb-shape0_1.15-1ubuntu2_amd64.deb ...
2026-10-09T01:52:55.5652665Z Unpacking libxcb-shape0:amd64 (1.15-1ubuntu2) ...
2026-10-09T01:52:55.5867911Z Selecting previously unselected package libxv1:amd64.
2026-10-09T01:52:55.6008630Z Preparing to unpack .../84-libxv1_2%3a1.0.11-1.1build1_amd64.deb ...
2026-10-09T01:52:55.6015774Z Unpacking libxv1:amd64 (2:1.0.11-1.1build1) ...
2026-10-09T01:52:55.6234648Z Selecting previously unselected package libavdevice60:amd64.
2026-10-09T01:52:55.6374096Z Preparing to unpack .../85-libavdevice60_7%3a6.1.1-3ubuntu5_amd64.deb ...
2026-10-09T01:52:55.6381410Z Unpacking libavdevice60:amd64 (7:6.1.1-3ubuntu5) ...
2026-10-09T01:52:55.6604643Z Selecting previously unselected package ffmpeg.
2026-10-09T01:52:55.6743181Z Preparing to unpack .../86-ffmpeg_7%3a6.1.1-3ubuntu5_amd64.deb ...
2026-10-09T01:52:55.6750657Z Unpacking ffmpeg (7:6.1.1-3ubuntu5) ...
2026-10-09T01:52:55.7147321Z Selecting previously unselected package libigdgmm12:amd64.
2026-10-09T01:52:55.7288580Z Preparing to unpack .../87-libigdgmm12_22.3.17+ds1-1ubuntu1_amd64.deb ...
2026-10-09T01:52:55.7297926Z Unpacking libigdgmm12:amd64 (22.3.17+ds1-1ubuntu1) ...
2026-10-09T01:52:55.7532879Z Selecting previously unselected package intel-media-va-driver:amd64.
2026-10-09T01:52:55.7669616Z Preparing to unpack .../88-intel-media-va-driver_24.1.0+dfsg1-1ubuntu0.2_amd64.deb ...
2026-10-09T01:52:55.7678611Z Unpacking intel-media-va-driver:amd64 (24.1.0+dfsg1-1ubuntu0.2) ...
2026-10-09T01:52:55.8382806Z Selecting previously unselected package libaacs0:amd64.
2026-10-09T01:52:55.8519840Z Preparing to unpack .../89-libaacs0_0.11.1-2build1_amd64.deb ...
2026-10-09T01:52:55.8526945Z Unpacking libaacs0:amd64 (0.11.1-2build1) ...
2026-10-09T01:52:55.8747531Z Selecting previously unselected package libbdplus0:amd64.
2026-10-09T01:52:55.8885798Z Preparing to unpack .../90-libbdplus0_0.2.0-3build1_amd64.deb ...
2026-10-09T01:52:55.8893939Z Unpacking libbdplus0:amd64 (0.2.0-3build1) ...
2026-10-09T01:52:55.9102605Z Selecting previously unselected package libdecor-0-plugin-1-gtk:amd64.
2026-10-09T01:52:55.9236347Z Preparing to unpack .../91-libdecor-0-plugin-1-gtk_0.2.2-1build2_amd64.deb ...
2026-10-09T01:52:55.9242897Z Unpacking libdecor-0-plugin-1-gtk:amd64 (0.2.2-1build2) ...
2026-10-09T01:52:55.9447044Z Selecting previously unselected package librsvg2-common:amd64.
2026-10-09T01:52:55.9585255Z Preparing to unpack .../92-librsvg2-common_2.58.0+dfsg-1ubuntu0.1_amd64.deb ...
2026-10-09T01:52:55.9593449Z Unpacking librsvg2-common:amd64 (2.58.0+dfsg-1ubuntu0.1) ...
2026-10-09T01:52:55.9822524Z Selecting previously unselected package mesa-va-drivers:amd64.
2026-10-09T01:52:55.9962079Z Preparing to unpack .../93-mesa-va-drivers_25.2.8-0ubuntu0.24.04.4_amd64.deb ...
2026-10-09T01:52:55.9970988Z Unpacking mesa-va-drivers:amd64 (25.2.8-0ubuntu0.24.04.4) ...
2026-10-09T01:52:56.0187955Z Selecting previously unselected package mesa-vdpau-drivers:amd64.
2026-10-09T01:52:56.0325891Z Preparing to unpack .../94-mesa-vdpau-drivers_25.2.8-0ubuntu0.24.04.4_amd64.deb ...
2026-10-09T01:52:56.0332872Z Unpacking mesa-vdpau-drivers:amd64 (25.2.8-0ubuntu0.24.04.4) ...
2026-10-09T01:52:56.0548997Z Selecting previously unselected package i965-va-driver:amd64.
2026-10-09T01:52:56.0686319Z Preparing to unpack .../95-i965-va-driver_2.4.1+dfsg1-1ubuntu0.2_amd64.deb ...
2026-10-09T01:52:56.0693804Z Unpacking i965-va-driver:amd64 (2.4.1+dfsg1-1ubuntu0.2) ...
2026-10-09T01:52:56.0953495Z Selecting previously unselected package va-driver-all:amd64.
2026-10-09T01:52:56.1089666Z Preparing to unpack .../96-va-driver-all_2.20.0-2ubuntu0.2_amd64.deb ...
2026-10-09T01:52:56.1097269Z Unpacking va-driver-all:amd64 (2.20.0-2ubuntu0.2) ...
2026-10-09T01:52:56.1305411Z Selecting previously unselected package vdpau-driver-all:amd64.
2026-10-09T01:52:56.1442286Z Preparing to unpack .../97-vdpau-driver-all_1.5-2build1_amd64.deb ...
2026-10-09T01:52:56.1448332Z Unpacking vdpau-driver-all:amd64 (1.5-2build1) ...
2026-10-09T01:52:56.1642470Z Selecting previously unselected package pocketsphinx-en-us.
2026-10-09T01:52:56.1775117Z Preparing to unpack .../98-pocketsphinx-en-us_0.8.0+real5prealpha+1-15ubuntu5_all.deb ...
2026-10-09T01:52:56.1781596Z Unpacking pocketsphinx-en-us (0.8.0+real5prealpha+1-15ubuntu5) ...
2026-10-09T01:52:56.3812376Z Setting up libgme0:amd64 (0.6.3-7build1) ...
2026-10-09T01:52:56.3830255Z Setting up libchromaprint1:amd64 (1.5.1-5) ...
2026-10-09T01:52:56.3843667Z Setting up libssh-gcrypt-4:amd64 (0.10.6-2ubuntu0.5) ...
2026-10-09T01:52:56.3857285Z Setting up libhwy1t64:amd64 (1.0.7-8.1build1) ...
2026-10-09T01:52:56.3872906Z Setting up libudfread0:amd64 (1.1.2-1build1) ...
2026-10-09T01:52:56.3886448Z Setting up libraw1394-11:amd64 (2.1.2-2build3) ...
2026-10-09T01:52:56.3900865Z Setting up libspeex1:amd64 (1.2.1-2ubuntu2.24.04.1) ...
2026-10-09T01:52:56.3915168Z Setting up libshine3:amd64 (3.1.1-2build1) ...
2026-10-09T01:52:56.3928735Z Setting up libcaca0:amd64 (0.99.beta20-4ubuntu0.2) ...
2026-10-09T01:52:56.3946312Z Setting up libvpl2 (2023.3.0-1build1) ...
2026-10-09T01:52:56.3960598Z Setting up libx264-164:amd64 (2:0.164.3108+git31e19f9-1) ...
2026-10-09T01:52:56.3974911Z Setting up libtwolame0:amd64 (0.4.0-2build3) ...
2026-10-09T01:52:56.3988027Z Setting up libmbedcrypto7t64:amd64 (2.28.8-1) ...
2026-10-09T01:52:56.4002492Z Setting up libgsm1:amd64 (1.0.22-1build1) ...
2026-10-09T01:52:56.4017349Z Setting up libsoxr0:amd64 (0.1.3-4build3) ...
2026-10-09T01:52:56.4031701Z Setting up libzix-0-0:amd64 (0.4.2-2build1) ...
2026-10-09T01:52:56.4047416Z Setting up libcodec2-1.2:amd64 (1.2.0-2build1) ...
2026-10-09T01:52:56.4062394Z Setting up libmysofa1:amd64 (1.3.2+dfsg-2ubuntu2) ...
2026-10-09T01:52:56.4078671Z Setting up libxcb-shape0:amd64 (1.15-1ubuntu2) ...
2026-10-09T01:52:56.4092495Z Setting up libcdio19t64:amd64 (2.1.0-4.1ubuntu1.2) ...
2026-10-09T01:52:56.4106771Z Setting up libsvtav1enc1d1:amd64 (1.7.0+dfsg-2build1) ...
2026-10-09T01:52:56.4122729Z Setting up libigdgmm12:amd64 (22.3.17+ds1-1ubuntu1) ...
2026-10-09T01:52:56.4136478Z Setting up libmpg123-0t64:amd64 (1.32.5-1ubuntu1.1) ...
2026-10-09T01:52:56.4152858Z Setting up libcjson1:amd64 (1.7.17-1) ...
2026-10-09T01:52:56.4166017Z Setting up libxvidcore4:amd64 (2:1.3.7-1build1) ...
2026-10-09T01:52:56.4180050Z Setting up librav1e0:amd64 (0.7.1-2) ...
2026-10-09T01:52:56.4195525Z Setting up libcdio-cdda2t64:amd64 (10.2+2.0.1-1.1build2) ...
2026-10-09T01:52:56.4209282Z Setting up librist4:amd64 (0.2.10+dfsg-2) ...
2026-10-09T01:52:56.4224962Z Setting up librsvg2-2:amd64 (2.58.0+dfsg-1ubuntu0.1) ...
2026-10-09T01:52:56.4239952Z Setting up libblas3:amd64 (3.12.0-3build1.1) ...
2026-10-09T01:52:56.4303075Z update-alternatives: using /usr/lib/x86_64-linux-gnu/blas/libblas.so.3 to provide /usr/lib/x86_64-linux-gnu/libblas.so.3 (libblas.so.3-x86_64-linux-gnu) in auto mode
2026-10-09T01:52:56.4317580Z Setting up libplacebo338:amd64 (6.338.2-2build1) ...
2026-10-09T01:52:56.4330881Z Setting up libva2:amd64 (2.20.0-2ubuntu0.2) ...
2026-10-09T01:52:56.4345747Z Setting up libopus0:amd64 (1.4-1build1) ...
2026-10-09T01:52:56.4361907Z Setting up libcdio-paranoia2t64:amd64 (10.2+2.0.1-1.1build2) ...
2026-10-09T01:52:56.4375017Z Setting up libdc1394-25:amd64 (2.2.6-4build1) ...
2026-10-09T01:52:56.4390174Z Setting up intel-media-va-driver:amd64 (24.1.0+dfsg1-1ubuntu0.2) ...
2026-10-09T01:52:56.4403540Z Setting up libxv1:amd64 (2:1.0.11-1.1build1) ...
2026-10-09T01:52:56.4418418Z Setting up libunibreak5:amd64 (5.1-2build1) ...
2026-10-09T01:52:56.4434100Z Setting up libaacs0:amd64 (0.11.1-2build1) ...
2026-10-09T01:52:56.4447904Z Setting up libjxl0.7:amd64 (0.7.0-10.2ubuntu6.1) ...
2026-10-09T01:52:56.4462950Z Setting up librsvg2-common:amd64 (2.58.0+dfsg-1ubuntu0.1) ...
2026-10-09T01:52:56.4509838Z Setting up pocketsphinx-en-us (0.8.0+real5prealpha+1-15ubuntu5) ...
2026-10-09T01:52:56.4532548Z Setting up libx265-199:amd64 (3.5-2build1) ...
2026-10-09T01:52:56.4547639Z Setting up libsndio7.0:amd64 (1.9.0-0.3build3) ...
2026-10-09T01:52:56.4565397Z Setting up libbdplus0:amd64 (0.2.0-3build1) ...
2026-10-09T01:52:56.4580296Z Setting up libvidstab1.1:amd64 (1.1.0-2build1) ...
2026-10-09T01:52:56.4596321Z Setting up libvpx9:amd64 (1.14.0-1ubuntu2.3) ...
2026-10-09T01:52:56.4612185Z Setting up libsrt1.5-gnutls:amd64 (1.5.3-1build2) ...
2026-10-09T01:52:56.4628060Z Setting up libflite1:amd64 (2.2-6build3) ...
2026-10-09T01:52:56.4644341Z Setting up libdav1d7:amd64 (1.4.1-1build1) ...
2026-10-09T01:52:56.4663294Z Setting up libva-drm2:amd64 (2.20.0-2ubuntu0.2) ...
2026-10-09T01:52:56.4681003Z Setting up ocl-icd-libopencl1:amd64 (2.3.2-1build1) ...
2026-10-09T01:52:56.4698331Z Setting up libasyncns0:amd64 (0.8-6build4) ...
2026-10-09T01:52:56.4714178Z Setting up libvdpau1:amd64 (1.5-2build1) ...
2026-10-09T01:52:56.4735310Z Setting up libbs2b0:amd64 (3.1.0+dfsg-7build1) ...
2026-10-09T01:52:56.4750318Z Setting up libtheora0:amd64 (1.1.1+dfsg.1-16.1build3) ...
2026-10-09T01:52:56.4766369Z Setting up libdecor-0-0:amd64 (0.2.2-1build2) ...
2026-10-09T01:52:56.4781554Z Setting up libzimg2:amd64 (3.0.5+ds1-1build1) ...
2026-10-09T01:52:56.4797154Z Setting up libopenal-data (1:1.23.1-4build1) ...
2026-10-09T01:52:56.4819874Z Setting up libflac12t64:amd64 (1.4.3+ds-2.1ubuntu2) ...
2026-10-09T01:52:56.4834378Z Setting up mesa-va-drivers:amd64 (25.2.8-0ubuntu0.24.04.4) ...
2026-10-09T01:52:56.4850221Z Setting up libbluray2:amd64 (1:1.3.4-1build1) ...
2026-10-09T01:52:56.4864597Z Setting up libsamplerate0:amd64 (0.2.2-4build1) ...
2026-10-09T01:52:56.4878858Z Setting up libva-x11-2:amd64 (2.20.0-2ubuntu0.2) ...
2026-10-09T01:52:56.4894834Z Setting up libdecor-0-plugin-1-gtk:amd64 (0.2.2-1build2) ...
2026-10-09T01:52:56.4908179Z Setting up libopenmpt0t64:amd64 (0.7.3-1.1build3) ...
2026-10-09T01:52:56.4924507Z Setting up libzvbi-common (0.2.42-2) ...
2026-10-09T01:52:56.4938152Z Setting up libmp3lame0:amd64 (3.100-6build1) ...
2026-10-09T01:52:56.4952989Z Setting up i965-va-driver:amd64 (2.4.1+dfsg1-1ubuntu0.2) ...
2026-10-09T01:52:56.4969409Z Setting up libvorbisenc2:amd64 (1.3.7-1build3) ...
2026-10-09T01:52:56.4984278Z Setting up libiec61883-0:amd64 (1.2.0-6build1) ...
2026-10-09T01:52:56.4999183Z Setting up libserd-0-0:amd64 (0.32.2-1) ...
2026-10-09T01:52:56.5015678Z Setting up libavc1394-0:amd64 (0.5.4-5build3) ...
2026-10-09T01:52:56.5030373Z Setting up mesa-vdpau-drivers:amd64 (25.2.8-0ubuntu0.24.04.4) ...
2026-10-09T01:52:56.5045436Z Setting up liblapack3:amd64 (3.12.0-3build1.1) ...
2026-10-09T01:52:56.5110001Z update-alternatives: using /usr/lib/x86_64-linux-gnu/lapack/liblapack.so.3 to provide /usr/lib/x86_64-linux-gnu/liblapack.so.3 (liblapack.so.3-x86_64-linux-gnu) in auto mode
2026-10-09T01:52:56.5123885Z Setting up libzvbi0t64:amd64 (0.2.42-2) ...
2026-10-09T01:52:56.5140430Z Setting up libavutil58:amd64 (7:6.1.1-3ubuntu5) ...
2026-10-09T01:52:56.5155376Z Setting up libopenal1:amd64 (1:1.23.1-4build1) ...
2026-10-09T01:52:56.5171537Z Setting up libass9:amd64 (1:0.17.1-2build1) ...
2026-10-09T01:52:56.5190288Z Setting up libswresample4:amd64 (7:6.1.1-3ubuntu5) ...
2026-10-09T01:52:56.5204714Z Setting up va-driver-all:amd64 (2.20.0-2ubuntu0.2) ...
2026-10-09T01:52:56.5220811Z Setting up libavcodec60:amd64 (7:6.1.1-3ubuntu5) ...
2026-10-09T01:52:56.5236084Z Setting up librubberband2:amd64 (3.3.0+dfsg-2build1) ...
2026-10-09T01:52:56.5449722Z Setting up libjack-jackd2-0:amd64 (1.9.21~dfsg-3ubuntu3) ...
2026-10-09T01:52:56.5463809Z Setting up vdpau-driver-all:amd64 (1.5-2build1) ...
2026-10-09T01:52:56.5479980Z Setting up libsord-0-0:amd64 (0.16.16-2build1) ...
2026-10-09T01:52:56.5495229Z Setting up libpostproc57:amd64 (7:6.1.1-3ubuntu5) ...
2026-10-09T01:52:56.5509320Z Setting up libsratom-0-0:amd64 (0.6.16-1build1) ...
2026-10-09T01:52:56.5525006Z Setting up libsndfile1:amd64 (1.2.2-1ubuntu5.24.04.1) ...
2026-10-09T01:52:56.5538590Z Setting up liblilv-0-0:amd64 (0.24.22-1build1) ...
2026-10-09T01:52:56.5554947Z Setting up libswscale7:amd64 (7:6.1.1-3ubuntu5) ...
2026-10-09T01:52:56.5568929Z Setting up libpulse0:amd64 (1:16.1+dfsg1-2ubuntu10.1) ...
2026-10-09T01:52:56.5638016Z Setting up libavformat60:amd64 (7:6.1.1-3ubuntu5) ...
2026-10-09T01:52:56.5652862Z Setting up libsphinxbase3t64:amd64 (0.8+5prealpha+1-17build2) ...
2026-10-09T01:52:56.5666407Z Setting up libsdl2-2.0-0:amd64 (2.30.0+dfsg-1ubuntu3.1) ...
2026-10-09T01:52:56.5682786Z Setting up libpocketsphinx3:amd64 (0.8.0+real5prealpha+1-15ubuntu5) ...
2026-10-09T01:52:56.5697393Z Setting up libavfilter9:amd64 (7:6.1.1-3ubuntu5) ...
2026-10-09T01:52:56.5711492Z Setting up libavdevice60:amd64 (7:6.1.1-3ubuntu5) ...
2026-10-09T01:52:56.5726199Z Setting up ffmpeg (7:6.1.1-3ubuntu5) ...
2026-10-09T01:52:56.5745435Z Processing triggers for man-db (2.12.0-4build2) ...
2026-10-09T01:52:56.5766267Z Not building database; man-db/auto-update is not 'true'.
2026-10-09T01:52:56.5779604Z Processing triggers for libgdk-pixbuf-2.0-0:amd64 (2.42.10+dfsg-3ubuntu3.3) ...
2026-10-09T01:52:56.6113762Z Processing triggers for libc-bin (2.39-0ubuntu8.9) ...
2026-10-09T01:52:57.2809757Z 
2026-10-09T01:52:57.2810452Z Running kernel seems to be up-to-date.
2026-10-09T01:52:57.2810829Z 
2026-10-09T01:52:57.2811097Z No services need to be restarted.
2026-10-09T01:52:57.2811578Z 
2026-10-09T01:52:57.2811801Z No containers need to be restarted.
2026-10-09T01:52:57.2812091Z 
2026-10-09T01:52:57.2812369Z No user sessions are running outdated binaries.
2026-10-09T01:52:57.2812691Z 
2026-10-09T01:52:57.2813134Z No VM guests are running outdated hypervisor (qemu) binaries on this host.
2026-10-09T01:52:58.4364726Z ffprobe version 6.1.1-3ubuntu5 Copyright (c) 2007-2023 the FFmpeg developers
2026-10-09T01:52:58.4365596Z built with gcc 13 (Ubuntu 13.2.0-23ubuntu3)
2026-10-09T01:52:58.4375461Z configuration: --prefix=/usr --extra-version=3ubuntu5 --toolchain=hardened --libdir=/usr/lib/x86_64-linux-gnu --incdir=/usr/include/x86_64-linux-gnu --arch=amd64 --enable-gpl --disable-stripping --disable-omx --enable-gnutls --enable-libaom --enable-libass --enable-libbs2b --enable-libcaca --enable-libcdio --enable-libcodec2 --enable-libdav1d --enable-libflite --enable-libfontconfig --enable-libfreetype --enable-libfribidi --enable-libglslang --enable-libgme --enable-libgsm --enable-libharfbuzz --enable-libmp3lame --enable-libmysofa --enable-libopenjpeg --enable-libopenmpt --enable-libopus --enable-librubberband --enable-libshine --enable-libsnappy --enable-libsoxr --enable-libspeex --enable-libtheora --enable-libtwolame --enable-libvidstab --enable-libvorbis --enable-libvpx --enable-libwebp --enable-libx265 --enable-libxml2 --enable-libxvid --enable-libzimg --enable-openal --enable-opencl --enable-opengl --disable-sndio --enable-libvpl --disable-libmfx --enable-libdc1394 --enable-libdrm --enable-libiec61883 --enable-chromaprint --enable-frei0r --enable-ladspa --enable-libbluray --enable-libjack --enable-libpulse --enable-librabbitmq --enable-librist --enable-libsrt --enable-libssh --enable-libsvtav1 --enable-libx264 --enable-libzmq --enable-libzvbi --enable-lv2 --enable-sdl2 --enable-libplacebo --enable-librav1e --enable-pocketsphinx --enable-librsvg --enable-libjxl --enable-shared
2026-10-09T01:52:58.4384191Z libavutil      58. 29.100 / 58. 29.100
2026-10-09T01:52:58.4384683Z libavcodec     60. 31.102 / 60. 31.102
2026-10-09T01:52:58.4385155Z libavformat    60. 16.100 / 60. 16.100
2026-10-09T01:52:58.4385646Z libavdevice    60.  3.100 / 60.  3.100
2026-10-09T01:52:58.4386115Z libavfilter     9. 12.100 /  9. 12.100
2026-10-09T01:52:58.4386589Z libswscale      7.  5.100 /  7.  5.100
2026-10-09T01:52:58.4387050Z libswresample   4. 12.100 /  4. 12.100
2026-10-09T01:52:58.4387516Z libpostproc    57.  3.100 / 57.  3.100
2026-10-09T01:52:58.4858914Z ffmpeg version 6.1.1-3ubuntu5 Copyright (c) 2000-2023 the FFmpeg developers
2026-10-09T01:52:58.4859620Z built with gcc 13 (Ubuntu 13.2.0-23ubuntu3)
2026-10-09T01:52:58.4867672Z configuration: --prefix=/usr --extra-version=3ubuntu5 --toolchain=hardened --libdir=/usr/lib/x86_64-linux-gnu --incdir=/usr/include/x86_64-linux-gnu --arch=amd64 --enable-gpl --disable-stripping --disable-omx --enable-gnutls --enable-libaom --enable-libass --enable-libbs2b --enable-libcaca --enable-libcdio --enable-libcodec2 --enable-libdav1d --enable-libflite --enable-libfontconfig --enable-libfreetype --enable-libfribidi --enable-libglslang --enable-libgme --enable-libgsm --enable-libharfbuzz --enable-libmp3lame --enable-libmysofa --enable-libopenjpeg --enable-libopenmpt --enable-libopus --enable-librubberband --enable-libshine --enable-libsnappy --enable-libsoxr --enable-libspeex --enable-libtheora --enable-libtwolame --enable-libvidstab --enable-libvorbis --enable-libvpx --enable-libwebp --enable-libx265 --enable-libxml2 --enable-libxvid --enable-libzimg --enable-openal --enable-opencl --enable-opengl --disable-sndio --enable-libvpl --disable-libmfx --enable-libdc1394 --enable-libdrm --enable-libiec61883 --enable-chromaprint --enable-frei0r --enable-ladspa --enable-libbluray --enable-libjack --enable-libpulse --enable-librabbitmq --enable-librist --enable-libsrt --enable-libssh --enable-libsvtav1 --enable-libx264 --enable-libzmq --enable-libzvbi --enable-lv2 --enable-sdl2 --enable-libplacebo --enable-librav1e --enable-pocketsphinx --enable-librsvg --enable-libjxl --enable-shared
2026-10-09T01:52:58.4873252Z libavutil      58. 29.100 / 58. 29.100
2026-10-09T01:52:58.4873583Z libavcodec     60. 31.102 / 60. 31.102
2026-10-09T01:52:58.4873885Z libavformat    60. 16.100 / 60. 16.100
2026-10-09T01:52:58.4874192Z libavdevice    60.  3.100 / 60.  3.100
2026-10-09T01:52:58.4874492Z libavfilter     9. 12.100 /  9. 12.100
2026-10-09T01:52:58.4874796Z libswscale      7.  5.100 /  7.  5.100
2026-10-09T01:52:58.4875109Z libswresample   4. 12.100 /  4. 12.100
2026-10-09T01:52:58.4875414Z libpostproc    57.  3.100 / 57.  3.100
2026-10-09T01:52:58.4976308Z ##[group]Run actions/download-artifact@v4
2026-10-09T01:52:58.4976614Z with:
2026-10-09T01:52:58.4976908Z   pattern: G10-stage-*-df123c797b226c479b50a998011c1ea6d0157391
2026-10-09T01:52:58.4977288Z   path: jobs/G10-checkers
2026-10-09T01:52:58.4977542Z   merge-multiple: true
2026-10-09T01:52:58.4977801Z   repository: luisitin/partybox-game-cores
2026-10-09T01:52:58.4978086Z   run-id: 37870240814
2026-10-09T01:52:58.4978300Z env:
2026-10-09T01:52:58.4978564Z   G10_SOURCE_COMMIT: df123c797b226c479b50a998011c1ea6d0157391
2026-10-09T01:52:58.4978894Z ##[endgroup]
2026-10-09T01:52:58.6661653Z (node:3709) [DEP0040] DeprecationWarning: The `punycode` module is deprecated. Please use a userland alternative instead.
2026-10-09T01:52:58.6662514Z (Use `node --trace-deprecation ...` to show where the warning was created)
2026-10-09T01:52:58.9214688Z Found 4 artifact(s)
2026-10-09T01:52:58.9215869Z Filtering artifacts by pattern 'G10-stage-*-df123c797b226c479b50a998011c1ea6d0157391'
2026-10-09T01:52:58.9236720Z Preparing to download the following artifacts:
2026-10-09T01:52:58.9238609Z - G10-stage-league-international-df123c797b226c479b50a998011c1ea6d0157391 (ID: 11591051334, Size: 490235, Expected Digest: sha256:eb4583dc2820914304969808988045be48dbe3d7b85e0b776e3e2b78eea5d350)
2026-10-09T01:52:58.9241667Z - G10-stage-league-american-df123c797b226c479b50a998011c1ea6d0157391 (ID: 11590620732, Size: 372097, Expected Digest: sha256:e0c747899af48b050925d407391891066ed9acd046a544750339ed3ca8b30e92)
2026-10-09T01:52:58.9244333Z - G10-stage-node-df123c797b226c479b50a998011c1ea6d0157391 (ID: 11590381289, Size: 136605, Expected Digest: sha256:b5c65438ac5f7139078dd7c8aaf1d85ea03a16eec37bc95b0d8f30ec0b60d146)
2026-10-09T01:52:58.9246896Z - G10-stage-browser-df123c797b226c479b50a998011c1ea6d0157391 (ID: 11590031732, Size: 8846821, Expected Digest: sha256:7d24263f7363d8db96f7c6f92a664396c304fdf51ab9934cc52924e3f26e414e)
2026-10-09T01:52:59.1728220Z Redirecting to blob download url: https://productionresultssa14.blob.core.windows.net/actions-results/9357c0b7-50b5-8f8c-97c9-459d6af259cf/workflow-job-run-d94a76cb-3138-5186-ab42-8e4cbed7d3ba/artifacts/36653f3a4658a9f0fff20c6cff3ddc5bccf1fe64f1d1bd83cbe9223a13d174cf.zip
2026-10-09T01:52:59.1730777Z Starting download of artifact to: /home/runner/work/partybox-game-cores/partybox-game-cores/jobs/G10-checkers
2026-10-09T01:52:59.2998056Z Redirecting to blob download url: https://productionresultssa14.blob.core.windows.net/actions-results/9357c0b7-50b5-8f8c-97c9-459d6af259cf/workflow-job-run-4e546b66-f984-5a0e-8faa-377e44683e13/artifacts/aa193ab345e9a5374914304cf4e2c90114a943a33279e95f91e31a3ce87a4695.zip
2026-10-09T01:52:59.3000491Z Starting download of artifact to: /home/runner/work/partybox-game-cores/partybox-game-cores/jobs/G10-checkers
2026-10-09T01:52:59.3102869Z Redirecting to blob download url: https://productionresultssa14.blob.core.windows.net/actions-results/9357c0b7-50b5-8f8c-97c9-459d6af259cf/workflow-job-run-db8bb34f-6c52-50ba-933f-f4fe06ed645c/artifacts/0a5e2b28e182711e982507b266d90360b74e21bec523a519aae299d83aa5da2d.zip
2026-10-09T01:52:59.3104467Z Starting download of artifact to: /home/runner/work/partybox-game-cores/partybox-game-cores/jobs/G10-checkers
2026-10-09T01:52:59.3248482Z Redirecting to blob download url: https://productionresultssa14.blob.core.windows.net/actions-results/9357c0b7-50b5-8f8c-97c9-459d6af259cf/workflow-job-run-11884676-8259-5149-ac1d-3789377c7dd9/artifacts/65d0d8b87abcd6ab5053c060291d86de26f7388323095df899da467fd8b9e17c.zip
2026-10-09T01:52:59.3251503Z Starting download of artifact to: /home/runner/work/partybox-game-cores/partybox-game-cores/jobs/G10-checkers
2026-10-09T01:52:59.4898848Z (node:3709) [DEP0005] DeprecationWarning: Buffer() is deprecated due to security and usability issues. Please use the Buffer.alloc(), Buffer.allocUnsafe(), or Buffer.from() methods instead.
2026-10-09T01:52:59.8097550Z SHA256 digest of downloaded artifact is b5c65438ac5f7139078dd7c8aaf1d85ea03a16eec37bc95b0d8f30ec0b60d146
2026-10-09T01:52:59.8099024Z Artifact download completed successfully.
2026-10-09T01:52:59.8740375Z SHA256 digest of downloaded artifact is eb4583dc2820914304969808988045be48dbe3d7b85e0b776e3e2b78eea5d350
2026-10-09T01:52:59.8741098Z Artifact download completed successfully.
2026-10-09T01:52:59.9224524Z SHA256 digest of downloaded artifact is e0c747899af48b050925d407391891066ed9acd046a544750339ed3ca8b30e92
2026-10-09T01:52:59.9225345Z Artifact download completed successfully.
2026-10-09T01:53:00.9633190Z SHA256 digest of downloaded artifact is 7d24263f7363d8db96f7c6f92a664396c304fdf51ab9934cc52924e3f26e414e
2026-10-09T01:53:00.9634401Z Artifact download completed successfully.
2026-10-09T01:53:00.9635126Z Total of 4 artifact(s) downloaded
2026-10-09T01:53:00.9640975Z Download artifact has finished successfully
2026-10-09T01:53:00.9835643Z ##[group]Run set -o pipefail
2026-10-09T01:53:00.9836174Z [36;1mset -o pipefail[0m
2026-10-09T01:53:00.9836853Z [36;1mnode scripts/check.mjs --stage final 2>&1 | tee .work-stage-final.stdout[0m
2026-10-09T01:53:00.9930075Z shell: /usr/bin/bash -e {0}
2026-10-09T01:53:00.9930383Z env:
2026-10-09T01:53:00.9930708Z   G10_SOURCE_COMMIT: df123c797b226c479b50a998011c1ea6d0157391
2026-10-09T01:53:00.9931102Z ##[endgroup]
2026-10-09T01:53:01.1341037Z 
2026-10-09T01:53:01.1341991Z > partybox-g10-checkers@1.0.0 build
2026-10-09T01:53:01.1342742Z > tsc --noEmit && node scripts/build.mjs
2026-10-09T01:53:01.1343103Z 
2026-10-09T01:53:14.7133371Z PASS: complete offline single-page game written to /home/runner/work/partybox-game-cores/partybox-game-cores/jobs/G10-checkers/.work/play.html; original six-piece data is read in bounded blocks.
2026-10-09T01:53:33.9998082Z PASS: checksums, authoritative schemas/manifest, pure core source, fixed corpus provenance, original offline page (delivery execution gates explicitly excluded).
2026-10-09T01:53:58.0709202Z {"status":"PASS","games":4000,"files":80,"independentLegalMoveReplay":true}
2026-10-09T01:54:28.7662276Z PASS: checksums, authoritative schemas/manifest, pure core source, fixed corpus provenance, original offline page, required simulations/mutations/leagues and source-matched browser/media proof.
2026-10-09T01:54:32.5035412Z {"status":"PASS","stage":"final","sourceCommit":"df123c797b226c479b50a998011c1ea6d0157391","elapsedSeconds":91.46330214199999}
2026-10-09T01:54:32.5148205Z ##[group]Run node scripts/standalone-receipt.mjs
2026-10-09T01:54:32.5148873Z [36;1mnode scripts/standalone-receipt.mjs[0m
2026-10-09T01:54:32.5230667Z shell: /usr/bin/bash -e {0}
2026-10-09T01:54:32.5230962Z env:
2026-10-09T01:54:32.5231471Z   G10_SOURCE_COMMIT: df123c797b226c479b50a998011c1ea6d0157391
2026-10-09T01:54:32.5231851Z ##[endgroup]
2026-10-09T01:54:36.4464438Z Standalone page digest and exact-checkout receipt written.
2026-10-09T01:54:36.4590381Z ##[group]Run python3 scripts/standalone-parts.py split .work/play.html .work/standalone-delivery.json .work/standalone-parts
2026-10-09T01:54:36.4592211Z [36;1mpython3 scripts/standalone-parts.py split .work/play.html .work/standalone-delivery.json .work/standalone-parts[0m
2026-10-09T01:54:36.4684968Z shell: /usr/bin/bash -e {0}
2026-10-09T01:54:36.4685265Z env:
2026-10-09T01:54:36.4685585Z   G10_SOURCE_COMMIT: df123c797b226c479b50a998011c1ea6d0157391
2026-10-09T01:54:36.4686166Z ##[endgroup]
2026-10-09T01:54:40.9506851Z {"status": "PASS", "sourceCommit": "df123c797b226c479b50a998011c1ea6d0157391", "parts": 4, "bytes": 1390846291, "sha256": "b4f5267561bd95d68455ea5a83b936692b246d1a8ed936199c820e430a2da3eb"}
2026-10-09T01:54:40.9633181Z ##[group]Run actions/upload-artifact@v4
2026-10-09T01:54:40.9633505Z with:
2026-10-09T01:54:40.9633860Z   name: G10-standalone-part-00-df123c797b226c479b50a998011c1ea6d0157391
2026-10-09T01:54:40.9634570Z   path: jobs/G10-checkers/.work/standalone-parts/play.html.part-00
jobs/G10-checkers/.work/standalone-parts/standalone-*

2026-10-09T01:54:40.9635139Z   if-no-files-found: error
2026-10-09T01:54:40.9635421Z   include-hidden-files: true
2026-10-09T01:54:40.9635696Z   compression-level: 1
2026-10-09T01:54:40.9635944Z   retention-days: 7
2026-10-09T01:54:40.9636178Z   overwrite: false
2026-10-09T01:54:40.9636410Z env:
2026-10-09T01:54:40.9636697Z   G10_SOURCE_COMMIT: df123c797b226c479b50a998011c1ea6d0157391
2026-10-09T01:54:40.9637068Z ##[endgroup]
2026-10-09T01:54:41.1374932Z (node:3875) [DEP0040] DeprecationWarning: The `punycode` module is deprecated. Please use a userland alternative instead.
2026-10-09T01:54:41.1375899Z (Use `node --trace-deprecation ...` to show where the warning was created)
2026-10-09T01:54:41.1443229Z With the provided path, there will be 4 files uploaded
2026-10-09T01:54:41.1447169Z Artifact name is valid!
2026-10-09T01:54:41.1447971Z Root directory input is valid!
2026-10-09T01:54:41.5060488Z Beginning upload of artifact content to blob storage
2026-10-09T01:54:41.8546455Z (node:3875) [DEP0169] DeprecationWarning: `url.parse()` behavior is not standardized and prone to errors that have security implications. Use the WHATWG URL API instead. CVEs are not issued for `url.parse()` vulnerabilities.
2026-10-09T01:54:42.7658125Z Uploaded bytes 8388608
2026-10-09T01:54:43.0776457Z Uploaded bytes 16777216
2026-10-09T01:54:43.1506687Z Uploaded bytes 25165824
2026-10-09T01:54:43.4397973Z Uploaded bytes 33554432
2026-10-09T01:54:43.4822313Z Uploaded bytes 41943040
2026-10-09T01:54:43.9304813Z Uploaded bytes 50331648
2026-10-09T01:54:44.1207491Z Uploaded bytes 58720256
2026-10-09T01:54:44.4788551Z Uploaded bytes 67108864
2026-10-09T01:54:44.8691040Z Uploaded bytes 75497472
2026-10-09T01:54:45.2395279Z Uploaded bytes 83886080
2026-10-09T01:54:45.4966893Z Uploaded bytes 92274688
2026-10-09T01:54:45.8135127Z Uploaded bytes 100663296
2026-10-09T01:54:46.1366929Z Uploaded bytes 109051904
2026-10-09T01:54:46.4214427Z Uploaded bytes 117440512
2026-10-09T01:54:46.7554502Z Uploaded bytes 125829120
2026-10-09T01:54:47.0919034Z Uploaded bytes 134217728
2026-10-09T01:54:47.4319745Z Uploaded bytes 142606336
2026-10-09T01:54:47.7775034Z Uploaded bytes 150994944
2026-10-09T01:54:48.1732254Z Uploaded bytes 159383552
2026-10-09T01:54:48.6109470Z Uploaded bytes 167772160
2026-10-09T01:54:49.2238456Z Uploaded bytes 176160768
2026-10-09T01:54:49.3198884Z Uploaded bytes 184549376
2026-10-09T01:54:49.6028508Z Uploaded bytes 192937984
2026-10-09T01:54:50.0030106Z Uploaded bytes 201326592
2026-10-09T01:54:50.3026897Z Uploaded bytes 209715200
2026-10-09T01:54:50.6544359Z Uploaded bytes 218103808
2026-10-09T01:54:51.0228436Z Uploaded bytes 226492416
2026-10-09T01:54:51.3955760Z Uploaded bytes 234881024
2026-10-09T01:54:51.6927126Z Uploaded bytes 243269632
2026-10-09T01:54:52.0362687Z Uploaded bytes 251658240
2026-10-09T01:54:52.3455704Z Uploaded bytes 260046848
2026-10-09T01:54:52.6804065Z Uploaded bytes 268435456
2026-10-09T01:54:52.9254365Z Uploaded bytes 275344902
2026-10-09T01:54:53.0058660Z Finished uploading artifact content to blob storage!
2026-10-09T01:54:53.0061052Z SHA256 digest of uploaded artifact zip is ac0251ff127a83834b04fd7422c1a09f1a8ef299e5de93bba7891d099a7f69b9
2026-10-09T01:54:53.0063613Z Finalizing artifact upload
2026-10-09T01:54:53.4501599Z Artifact G10-standalone-part-00-df123c797b226c479b50a998011c1ea6d0157391.zip successfully finalized. Artifact ID 11590473690
2026-10-09T01:54:53.4504340Z Artifact G10-standalone-part-00-df123c797b226c479b50a998011c1ea6d0157391 has been successfully uploaded! Final size is 275344902 bytes. Artifact ID is 11590473690
2026-10-09T01:54:53.4510184Z Artifact download URL: https://github.com/luisitin/partybox-game-cores/actions/runs/37870240814/artifacts/11590473690
2026-10-09T01:54:53.4725056Z ##[group]Run actions/upload-artifact@v4
2026-10-09T01:54:53.4725466Z with:
2026-10-09T01:54:53.4725843Z   name: G10-standalone-part-01-df123c797b226c479b50a998011c1ea6d0157391
2026-10-09T01:54:53.4726580Z   path: jobs/G10-checkers/.work/standalone-parts/play.html.part-01
jobs/G10-checkers/.work/standalone-parts/standalone-*

2026-10-09T01:54:53.4727174Z   if-no-files-found: error
2026-10-09T01:54:53.4727456Z   include-hidden-files: true
2026-10-09T01:54:53.4727739Z   compression-level: 1
2026-10-09T01:54:53.4727991Z   retention-days: 7
2026-10-09T01:54:53.4728238Z   overwrite: false
2026-10-09T01:54:53.4728473Z env:
2026-10-09T01:54:53.4728759Z   G10_SOURCE_COMMIT: df123c797b226c479b50a998011c1ea6d0157391
2026-10-09T01:54:53.4729141Z ##[endgroup]
2026-10-09T01:54:53.6492723Z (node:3891) [DEP0040] DeprecationWarning: The `punycode` module is deprecated. Please use a userland alternative instead.
2026-10-09T01:54:53.6493712Z (Use `node --trace-deprecation ...` to show where the warning was created)
2026-10-09T01:54:53.6563353Z With the provided path, there will be 4 files uploaded
2026-10-09T01:54:53.6568523Z Artifact name is valid!
2026-10-09T01:54:53.6569226Z Root directory input is valid!
2026-10-09T01:54:54.0440464Z Beginning upload of artifact content to blob storage
2026-10-09T01:54:54.3974069Z (node:3891) [DEP0169] DeprecationWarning: `url.parse()` behavior is not standardized and prone to errors that have security implications. Use the WHATWG URL API instead. CVEs are not issued for `url.parse()` vulnerabilities.
2026-10-09T01:54:55.3145420Z Uploaded bytes 8388608
2026-10-09T01:54:55.6094874Z Uploaded bytes 16777216
2026-10-09T01:54:55.6843691Z Uploaded bytes 25165824
2026-10-09T01:54:55.9874389Z Uploaded bytes 33554432
2026-10-09T01:54:55.9902165Z Uploaded bytes 41943040
2026-10-09T01:54:56.3622642Z Uploaded bytes 50331648
2026-10-09T01:54:56.6869512Z Uploaded bytes 58720256
2026-10-09T01:54:57.0003751Z Uploaded bytes 67108864
2026-10-09T01:54:57.3609610Z Uploaded bytes 75497472
2026-10-09T01:54:57.6772423Z Uploaded bytes 83886080
2026-10-09T01:54:58.0042724Z Uploaded bytes 92274688
2026-10-09T01:54:58.3572686Z Uploaded bytes 100663296
2026-10-09T01:54:58.6928040Z Uploaded bytes 109051904
2026-10-09T01:54:59.2612539Z Uploaded bytes 117440512
2026-10-09T01:54:59.4173991Z Uploaded bytes 125829120
2026-10-09T01:54:59.5972693Z Uploaded bytes 134217728
2026-10-09T01:54:59.9075919Z Uploaded bytes 142606336
2026-10-09T01:55:00.2537062Z Uploaded bytes 150994944
2026-10-09T01:55:00.5652873Z Uploaded bytes 159383552
2026-10-09T01:55:00.8902286Z Uploaded bytes 167772160
2026-10-09T01:55:01.2231964Z Uploaded bytes 176160768
2026-10-09T01:55:01.5594726Z Uploaded bytes 184549376
2026-10-09T01:55:01.9571977Z Uploaded bytes 192937984
2026-10-09T01:55:02.4982139Z Uploaded bytes 201326592
2026-10-09T01:55:02.6366762Z Uploaded bytes 209715200
2026-10-09T01:55:02.8290933Z Uploaded bytes 218103808
2026-10-09T01:55:03.1864831Z Uploaded bytes 226492416
2026-10-09T01:55:03.5073276Z Uploaded bytes 234881024
2026-10-09T01:55:03.8343738Z Uploaded bytes 243269632
2026-10-09T01:55:04.1619065Z Uploaded bytes 251658240
2026-10-09T01:55:04.4946342Z Uploaded bytes 260046848
2026-10-09T01:55:04.7845791Z Uploaded bytes 268435456
2026-10-09T01:55:05.1372058Z Uploaded bytes 276824064
2026-10-09T01:55:05.2508679Z Uploaded bytes 278876345
2026-10-09T01:55:05.3300482Z Finished uploading artifact content to blob storage!
2026-10-09T01:55:05.3303396Z SHA256 digest of uploaded artifact zip is 61becb4fb168c8c2352f1e99ea4628f76eca2ee726075d73e3b06204b7794611
2026-10-09T01:55:05.3305760Z Finalizing artifact upload
2026-10-09T01:55:05.7122795Z Artifact G10-standalone-part-01-df123c797b226c479b50a998011c1ea6d0157391.zip successfully finalized. Artifact ID 11589869559
2026-10-09T01:55:05.7124486Z Artifact G10-standalone-part-01-df123c797b226c479b50a998011c1ea6d0157391 has been successfully uploaded! Final size is 278876345 bytes. Artifact ID is 11589869559
2026-10-09T01:55:05.7130123Z Artifact download URL: https://github.com/luisitin/partybox-game-cores/actions/runs/37870240814/artifacts/11589869559
2026-10-09T01:55:05.7318406Z ##[group]Run actions/upload-artifact@v4
2026-10-09T01:55:05.7318760Z with:
2026-10-09T01:55:05.7319126Z   name: G10-standalone-part-02-df123c797b226c479b50a998011c1ea6d0157391
2026-10-09T01:55:05.7319867Z   path: jobs/G10-checkers/.work/standalone-parts/play.html.part-02
jobs/G10-checkers/.work/standalone-parts/standalone-*

2026-10-09T01:55:05.7320476Z   if-no-files-found: error
2026-10-09T01:55:05.7320781Z   include-hidden-files: true
2026-10-09T01:55:05.7321079Z   compression-level: 1
2026-10-09T01:55:05.7321593Z   retention-days: 7
2026-10-09T01:55:05.7321848Z   overwrite: false
2026-10-09T01:55:05.7322119Z env:
2026-10-09T01:55:05.7322423Z   G10_SOURCE_COMMIT: df123c797b226c479b50a998011c1ea6d0157391
2026-10-09T01:55:05.7322796Z ##[endgroup]
2026-10-09T01:55:05.9040042Z (node:3909) [DEP0040] DeprecationWarning: The `punycode` module is deprecated. Please use a userland alternative instead.
2026-10-09T01:55:05.9041046Z (Use `node --trace-deprecation ...` to show where the warning was created)
2026-10-09T01:55:05.9104574Z With the provided path, there will be 4 files uploaded
2026-10-09T01:55:05.9110525Z Artifact name is valid!
2026-10-09T01:55:05.9111103Z Root directory input is valid!
2026-10-09T01:55:06.2834505Z Beginning upload of artifact content to blob storage
2026-10-09T01:55:06.6404195Z (node:3909) [DEP0169] DeprecationWarning: `url.parse()` behavior is not standardized and prone to errors that have security implications. Use the WHATWG URL API instead. CVEs are not issued for `url.parse()` vulnerabilities.
2026-10-09T01:55:07.6179799Z Uploaded bytes 8388608
2026-10-09T01:55:07.8775890Z Uploaded bytes 16777216
2026-10-09T01:55:07.9441819Z Uploaded bytes 25165824
2026-10-09T01:55:08.2163554Z Uploaded bytes 33554432
2026-10-09T01:55:08.2441080Z Uploaded bytes 41943040
2026-10-09T01:55:08.5779234Z Uploaded bytes 50331648
2026-10-09T01:55:08.9064114Z Uploaded bytes 58720256
2026-10-09T01:55:09.2399738Z Uploaded bytes 67108864
2026-10-09T01:55:09.5672427Z Uploaded bytes 75497472
2026-10-09T01:55:09.8826212Z Uploaded bytes 83886080
2026-10-09T01:55:10.2675597Z Uploaded bytes 92274688
2026-10-09T01:55:10.5670969Z Uploaded bytes 100663296
2026-10-09T01:55:10.8675895Z Uploaded bytes 109051904
2026-10-09T01:55:11.2985996Z Uploaded bytes 117440512
2026-10-09T01:55:11.9158947Z Uploaded bytes 125829120
2026-10-09T01:55:12.0398629Z Uploaded bytes 134217728
2026-10-09T01:55:12.1794080Z Uploaded bytes 142606336
2026-10-09T01:55:12.5339017Z Uploaded bytes 150994944
2026-10-09T01:55:12.8617960Z Uploaded bytes 159383552
2026-10-09T01:55:13.2078409Z Uploaded bytes 167772160
2026-10-09T01:55:13.5219146Z Uploaded bytes 176160768
2026-10-09T01:55:13.8753064Z Uploaded bytes 184549376
2026-10-09T01:55:14.1709170Z Uploaded bytes 192937984
2026-10-09T01:55:14.5351979Z Uploaded bytes 201326592
2026-10-09T01:55:14.8636558Z Uploaded bytes 209715200
2026-10-09T01:55:15.1538954Z Uploaded bytes 218103808
2026-10-09T01:55:15.5065089Z Uploaded bytes 226492416
2026-10-09T01:55:15.8105606Z Uploaded bytes 234881024
2026-10-09T01:55:16.1501570Z Uploaded bytes 243269632
2026-10-09T01:55:16.4842689Z Uploaded bytes 251658240
2026-10-09T01:55:16.7949820Z Uploaded bytes 260046848
2026-10-09T01:55:17.1061539Z Uploaded bytes 268435456
2026-10-09T01:55:17.4524558Z Uploaded bytes 276824064
2026-10-09T01:55:17.8039780Z Uploaded bytes 285212672
2026-10-09T01:55:17.8967555Z Uploaded bytes 286219589
2026-10-09T01:55:17.9762131Z Finished uploading artifact content to blob storage!
2026-10-09T01:55:17.9765401Z SHA256 digest of uploaded artifact zip is 02749a7ef1f87107b3c5a6675716842c6d1577e735f8bed33769334f85f793bf
2026-10-09T01:55:17.9767414Z Finalizing artifact upload
2026-10-09T01:55:18.3801695Z Artifact G10-standalone-part-02-df123c797b226c479b50a998011c1ea6d0157391.zip successfully finalized. Artifact ID 11589978782
2026-10-09T01:55:18.3803894Z Artifact G10-standalone-part-02-df123c797b226c479b50a998011c1ea6d0157391 has been successfully uploaded! Final size is 286219589 bytes. Artifact ID is 11589978782
2026-10-09T01:55:18.3811125Z Artifact download URL: https://github.com/luisitin/partybox-game-cores/actions/runs/37870240814/artifacts/11589978782
2026-10-09T01:55:18.3998168Z ##[group]Run actions/upload-artifact@v4
2026-10-09T01:55:18.3998545Z with:
2026-10-09T01:55:18.3998963Z   name: G10-standalone-part-03-df123c797b226c479b50a998011c1ea6d0157391
2026-10-09T01:55:18.3999755Z   path: jobs/G10-checkers/.work/standalone-parts/play.html.part-03
jobs/G10-checkers/.work/standalone-parts/standalone-*

2026-10-09T01:55:18.4000392Z   if-no-files-found: error
2026-10-09T01:55:18.4000763Z   include-hidden-files: true
2026-10-09T01:55:18.4001131Z   compression-level: 1
2026-10-09T01:55:18.4001731Z   retention-days: 7
2026-10-09T01:55:18.4002025Z   overwrite: false
2026-10-09T01:55:18.4002316Z env:
2026-10-09T01:55:18.4002659Z   G10_SOURCE_COMMIT: df123c797b226c479b50a998011c1ea6d0157391
2026-10-09T01:55:18.4003077Z ##[endgroup]
2026-10-09T01:55:18.5780491Z (node:3923) [DEP0040] DeprecationWarning: The `punycode` module is deprecated. Please use a userland alternative instead.
2026-10-09T01:55:18.5782291Z (Use `node --trace-deprecation ...` to show where the warning was created)
2026-10-09T01:55:18.5853396Z With the provided path, there will be 4 files uploaded
2026-10-09T01:55:18.5862957Z Artifact name is valid!
2026-10-09T01:55:18.5863889Z Root directory input is valid!
2026-10-09T01:55:18.9578885Z Beginning upload of artifact content to blob storage
2026-10-09T01:55:19.3169275Z (node:3923) [DEP0169] DeprecationWarning: `url.parse()` behavior is not standardized and prone to errors that have security implications. Use the WHATWG URL API instead. CVEs are not issued for `url.parse()` vulnerabilities.
2026-10-09T01:55:20.3164295Z Uploaded bytes 8388608
2026-10-09T01:55:20.5288647Z Uploaded bytes 16777216
2026-10-09T01:55:20.6249193Z Uploaded bytes 25165824
2026-10-09T01:55:20.8590200Z Uploaded bytes 33554432
2026-10-09T01:55:20.9485347Z Uploaded bytes 41943040
2026-10-09T01:55:21.3962246Z Uploaded bytes 50331648
2026-10-09T01:55:21.6135877Z Uploaded bytes 58720256
2026-10-09T01:55:21.9330823Z Uploaded bytes 67108864
2026-10-09T01:55:22.2344241Z Uploaded bytes 75497472
2026-10-09T01:55:22.6015143Z Uploaded bytes 83886080
2026-10-09T01:55:22.8987016Z Uploaded bytes 92274688
2026-10-09T01:55:23.2153918Z Uploaded bytes 100663296
2026-10-09T01:55:23.5407502Z Uploaded bytes 109051904
2026-10-09T01:55:23.8764418Z Uploaded bytes 117440512
2026-10-09T01:55:24.1935112Z Uploaded bytes 125829120
2026-10-09T01:55:24.3058886Z Uploaded bytes 127624634
2026-10-09T01:55:24.3824754Z Finished uploading artifact content to blob storage!
2026-10-09T01:55:24.3827028Z SHA256 digest of uploaded artifact zip is 8a4df8bb22cade4e2761d5b8c9ddf734faebdf7c2bcfb155250f02dd433be724
2026-10-09T01:55:24.3829616Z Finalizing artifact upload
2026-10-09T01:55:24.7816214Z Artifact G10-standalone-part-03-df123c797b226c479b50a998011c1ea6d0157391.zip successfully finalized. Artifact ID 11590138049
2026-10-09T01:55:24.7817570Z Artifact G10-standalone-part-03-df123c797b226c479b50a998011c1ea6d0157391 has been successfully uploaded! Final size is 127624634 bytes. Artifact ID is 11590138049
2026-10-09T01:55:24.7823023Z Artifact download URL: https://github.com/luisitin/partybox-game-cores/actions/runs/37870240814/artifacts/11590138049
2026-10-09T01:55:24.8022310Z ##[group]Run actions/upload-artifact@v4
2026-10-09T01:55:24.8022676Z with:
2026-10-09T01:55:24.8023042Z   name: G10-check-evidence-df123c797b226c479b50a998011c1ea6d0157391
2026-10-09T01:55:24.8023810Z   path: jobs/G10-checkers/.work-stage-*.stdout
jobs/G10-checkers/.work/checks
jobs/G10-checkers/.work/browser
jobs/G10-checkers/.work/media

2026-10-09T01:55:24.8024658Z   include-hidden-files: true
2026-10-09T01:55:24.8024970Z   retention-days: 7
2026-10-09T01:55:24.8025250Z   if-no-files-found: warn
2026-10-09T01:55:24.8025548Z   compression-level: 6
2026-10-09T01:55:24.8025823Z   overwrite: false
2026-10-09T01:55:24.8026085Z env:
2026-10-09T01:55:24.8026396Z   G10_SOURCE_COMMIT: df123c797b226c479b50a998011c1ea6d0157391
2026-10-09T01:55:24.8026789Z ##[endgroup]
2026-10-09T01:55:24.9750268Z (node:3937) [DEP0040] DeprecationWarning: The `punycode` module is deprecated. Please use a userland alternative instead.
2026-10-09T01:55:24.9752085Z (Use `node --trace-deprecation ...` to show where the warning was created)
2026-10-09T01:55:25.0258766Z With the provided path, there will be 239 files uploaded
2026-10-09T01:55:25.0259790Z Artifact name is valid!
2026-10-09T01:55:25.0260536Z Root directory input is valid!
2026-10-09T01:55:25.3918305Z Beginning upload of artifact content to blob storage
2026-10-09T01:55:26.0394033Z (node:3937) [DEP0169] DeprecationWarning: `url.parse()` behavior is not standardized and prone to errors that have security implications. Use the WHATWG URL API instead. CVEs are not issued for `url.parse()` vulnerabilities.
2026-10-09T01:55:26.9551027Z Uploaded bytes 8388608
2026-10-09T01:55:27.0835567Z Uploaded bytes 10686554
2026-10-09T01:55:27.1618066Z Finished uploading artifact content to blob storage!
2026-10-09T01:55:27.1619327Z SHA256 digest of uploaded artifact zip is d8c1fa54986287ceb870b2571538a7f2d8030555ad4d14c39e8c562c3645b790
2026-10-09T01:55:27.1620478Z Finalizing artifact upload
2026-10-09T01:55:27.4333189Z Artifact G10-check-evidence-df123c797b226c479b50a998011c1ea6d0157391.zip successfully finalized. Artifact ID 11590387621
2026-10-09T01:55:27.4335389Z Artifact G10-check-evidence-df123c797b226c479b50a998011c1ea6d0157391 has been successfully uploaded! Final size is 10686554 bytes. Artifact ID is 11590387621
2026-10-09T01:55:27.4340757Z Artifact download URL: https://github.com/luisitin/partybox-game-cores/actions/runs/37870240814/artifacts/11590387621
2026-10-09T01:55:27.4558162Z Post job cleanup.
2026-10-09T01:55:27.5842512Z (node:3949) [DEP0040] DeprecationWarning: The `punycode` module is deprecated. Please use a userland alternative instead.
2026-10-09T01:55:27.5843443Z (Use `node --trace-deprecation ...` to show where the warning was created)
2026-10-09T01:55:27.5846453Z Cache hit occurred on the primary key node-cache-Linux-x64-npm-b79e3f2344d4218dbbb2f93f566da8e1ac49738aa1184813b150890d461d0c8a, not saving cache.
2026-10-09T01:55:27.5997257Z Post job cleanup.
2026-10-09T01:55:27.6936181Z [command]/usr/bin/git version
2026-10-09T01:55:27.6982744Z git version 2.55.0
2026-10-09T01:55:27.7021170Z Temporarily overriding HOME='/home/runner/work/_temp/27952879-e8ca-408e-b669-6e813350e25e' before making global git config changes
2026-10-09T01:55:27.7023052Z Adding repository directory to the temporary git global config as a safe directory
2026-10-09T01:55:27.7027583Z [command]/usr/bin/git config --global --add safe.directory /home/runner/work/partybox-game-cores/partybox-game-cores
2026-10-09T01:55:27.7082596Z [command]/usr/bin/git config --local --name-only --get-regexp core\.sshCommand
2026-10-09T01:55:27.7135628Z [command]/usr/bin/git submodule foreach --recursive sh -c "git config --local --name-only --get-regexp 'core\.sshCommand' && git config --local --unset-all 'core.sshCommand' || :"
2026-10-09T01:55:27.7422523Z [command]/usr/bin/git config --local --name-only --get-regexp http\.https\:\/\/github\.com\/\.extraheader
2026-10-09T01:55:27.7454897Z http.https://github.com/.extraheader
2026-10-09T01:55:27.7469196Z [command]/usr/bin/git config --local --unset-all http.https://github.com/.extraheader
2026-10-09T01:55:27.7514885Z [command]/usr/bin/git submodule foreach --recursive sh -c "git config --local --name-only --get-regexp 'http\.https\:\/\/github\.com\/\.extraheader' && git config --local --unset-all 'http.https://github.com/.extraheader' || :"
2026-10-09T01:55:27.7813404Z [command]/usr/bin/git config --local --name-only --get-regexp ^includeIf\.gitdir:
2026-10-09T01:55:27.7855343Z [command]/usr/bin/git submodule foreach --recursive git config --local --show-origin --name-only --get-regexp remote.origin.url
2026-10-09T01:55:27.8309802Z Cleaning up orphan processes
2026-10-09T01:55:27.8647887Z ##[warning]Node.js 20 is deprecated. The following actions target Node.js 20 but are being forced to run on Node.js 24: actions/checkout@v4, actions/download-artifact@v4, actions/setup-node@v4, actions/upload-artifact@v4. For more information see: https://github.blog/changelog/2025-09-19-deprecation-of-node-20-on-github-actions-runners/
