2026-10-09T02:02:01.3563913Z Current runner version: '2.337.0'
2026-10-09T02:02:01.3589812Z ##[group]Runner Image Provisioner
2026-10-09T02:02:01.3590732Z Hosted Compute Agent
2026-10-09T02:02:01.3591357Z Version: 20261002.596
2026-10-09T02:02:01.3591990Z Commit: c3d12f3313a95f25162a1503be624f3b0617f8c0
2026-10-09T02:02:01.3593230Z Build Date: 2026-10-02T22:28:27Z
2026-10-09T02:02:01.3593985Z Worker ID: {661dfc39-01d4-4369-b716-6aee379f5edc}
2026-10-09T02:02:01.3594692Z Region: canadaeast
2026-10-09T02:02:01.3595322Z Cloud: Azure
2026-10-09T02:02:01.3595885Z ##[endgroup]
2026-10-09T02:02:01.3597607Z ##[group]Operating System
2026-10-09T02:02:01.3598305Z Ubuntu
2026-10-09T02:02:01.3598809Z 24.04.5
2026-10-09T02:02:01.3599389Z LTS
2026-10-09T02:02:01.3599895Z ##[endgroup]
2026-10-09T02:02:01.3600469Z ##[group]Runner Image
2026-10-09T02:02:01.3601120Z Image: ubuntu-24.04
2026-10-09T02:02:01.3601696Z Version: 20261004.327.1
2026-10-09T02:02:01.3603382Z Included Software: https://github.com/actions/runner-images/blob/ubuntu24/20261004.327/images/ubuntu/Ubuntu2404-Readme.md
2026-10-09T02:02:01.3605002Z Image Release: https://github.com/actions/runner-images/releases/tag/ubuntu24%2F20261004.327
2026-10-09T02:02:01.3606022Z ##[endgroup]
2026-10-09T02:02:01.3607170Z ##[group]GITHUB_TOKEN Permissions
2026-10-09T02:02:01.3609046Z Contents: read
2026-10-09T02:02:01.3609668Z Metadata: read
2026-10-09T02:02:01.3610424Z ##[endgroup]
2026-10-09T02:02:01.3613025Z Secret source: Actions
2026-10-09T02:02:01.3614155Z Cache mode: write
2026-10-09T02:02:01.3614867Z Prepare workflow directory
2026-10-09T02:02:01.4193928Z Prepare all required actions
2026-10-09T02:02:01.4244410Z Getting action download info
2026-10-09T02:02:01.6654247Z Download action repository 'actions/checkout@v4' (SHA:11d5960a326750d5838078e36cf38b85af677262)
2026-10-09T02:02:01.7641317Z Download action repository 'actions/setup-node@v4' (SHA:49933ea5288caeca8642d1e84afbd3f7d6820020)
2026-10-09T02:02:01.8631947Z Download action repository 'actions/upload-artifact@v4' (SHA:ea165f8d65b6e75b540449e92b4886f43607fa02)
2026-10-09T02:02:02.0643692Z Complete job name: checks (browser)
2026-10-09T02:02:02.1473203Z ##[group]Run actions/checkout@v4
2026-10-09T02:02:02.1474131Z with:
2026-10-09T02:02:02.1474608Z   ref: 4d7cbcaf864c2f29a39216c9a95a8081aa3c58cb
2026-10-09T02:02:02.1475252Z   repository: luisitin/partybox-game-cores
2026-10-09T02:02:02.1478885Z   token: ***
2026-10-09T02:02:02.1479322Z   ssh-strict: true
2026-10-09T02:02:02.1479759Z   ssh-user: git
2026-10-09T02:02:02.1480201Z   persist-credentials: true
2026-10-09T02:02:02.1480679Z   clean: true
2026-10-09T02:02:02.1481118Z   sparse-checkout-cone-mode: true
2026-10-09T02:02:02.1481644Z   fetch-depth: 1
2026-10-09T02:02:02.1482066Z   fetch-tags: false
2026-10-09T02:02:02.1482701Z   show-progress: true
2026-10-09T02:02:02.1483148Z   lfs: false
2026-10-09T02:02:02.1483551Z   submodules: false
2026-10-09T02:02:02.1483993Z   set-safe-directory: true
2026-10-09T02:02:02.1484497Z   allow-unsafe-pr-checkout: false
2026-10-09T02:02:02.1485273Z env:
2026-10-09T02:02:02.1485870Z   G10_SOURCE_COMMIT: 4d7cbcaf864c2f29a39216c9a95a8081aa3c58cb
2026-10-09T02:02:02.1486513Z ##[endgroup]
2026-10-09T02:02:02.2547743Z Syncing repository: luisitin/partybox-game-cores
2026-10-09T02:02:02.2550788Z ##[group]Getting Git version info
2026-10-09T02:02:02.2552596Z Working directory is '/home/runner/work/partybox-game-cores/partybox-game-cores'
2026-10-09T02:02:02.2556911Z [command]/usr/bin/git version
2026-10-09T02:02:02.2698271Z git version 2.55.0
2026-10-09T02:02:02.2720107Z ##[endgroup]
2026-10-09T02:02:02.2743939Z Temporarily overriding HOME='/home/runner/work/_temp/8872cc3a-633f-4705-bb0e-511bdeef3593' before making global git config changes
2026-10-09T02:02:02.2745585Z Adding repository directory to the temporary git global config as a safe directory
2026-10-09T02:02:02.2746851Z [command]/usr/bin/git config --global --add safe.directory /home/runner/work/partybox-game-cores/partybox-game-cores
2026-10-09T02:02:02.2801196Z Deleting the contents of '/home/runner/work/partybox-game-cores/partybox-game-cores'
2026-10-09T02:02:02.2817929Z ##[group]Initializing the repository
2026-10-09T02:02:02.2831785Z [command]/usr/bin/git init /home/runner/work/partybox-game-cores/partybox-game-cores
2026-10-09T02:02:02.2959963Z hint: Using 'master' as the name for the initial branch. This default branch name
2026-10-09T02:02:02.2962395Z hint: will change to "main" in Git 3.0. To configure the initial branch name
2026-10-09T02:02:02.2964069Z hint: to use in all of your new repositories, which will suppress this warning,
2026-10-09T02:02:02.2965378Z hint: call:
2026-10-09T02:02:02.2966119Z hint:
2026-10-09T02:02:02.2967127Z hint: 	git config --global init.defaultBranch <name>
2026-10-09T02:02:02.2978844Z hint:
2026-10-09T02:02:02.2980268Z hint: Names commonly chosen instead of 'master' are 'main', 'trunk' and
2026-10-09T02:02:02.2982049Z hint: 'development'. The just-created branch can be renamed via this command:
2026-10-09T02:02:02.2983705Z hint:
2026-10-09T02:02:02.2984691Z hint: 	git branch -m <name>
2026-10-09T02:02:02.2985777Z hint:
2026-10-09T02:02:02.2986743Z hint: Disable this message with "git config set advice.defaultBranchName false"
2026-10-09T02:02:02.2988161Z Initialized empty Git repository in /home/runner/work/partybox-game-cores/partybox-game-cores/.git/
2026-10-09T02:02:02.2992110Z [command]/usr/bin/git remote add origin https://github.com/luisitin/partybox-game-cores
2026-10-09T02:02:02.3047312Z ##[endgroup]
2026-10-09T02:02:02.3048925Z ##[group]Disabling automatic garbage collection
2026-10-09T02:02:02.3051845Z [command]/usr/bin/git config --local gc.auto 0
2026-10-09T02:02:02.3087412Z ##[endgroup]
2026-10-09T02:02:02.3088991Z ##[group]Setting up auth
2026-10-09T02:02:02.3096303Z [command]/usr/bin/git config --local --name-only --get-regexp core\.sshCommand
2026-10-09T02:02:02.3136487Z [command]/usr/bin/git submodule foreach --recursive sh -c "git config --local --name-only --get-regexp 'core\.sshCommand' && git config --local --unset-all 'core.sshCommand' || :"
2026-10-09T02:02:02.3645469Z [command]/usr/bin/git config --local --name-only --get-regexp http\.https\:\/\/github\.com\/\.extraheader
2026-10-09T02:02:02.3684857Z [command]/usr/bin/git submodule foreach --recursive sh -c "git config --local --name-only --get-regexp 'http\.https\:\/\/github\.com\/\.extraheader' && git config --local --unset-all 'http.https://github.com/.extraheader' || :"
2026-10-09T02:02:02.3937464Z [command]/usr/bin/git config --local --name-only --get-regexp ^includeIf\.gitdir:
2026-10-09T02:02:02.3980963Z [command]/usr/bin/git submodule foreach --recursive git config --local --show-origin --name-only --get-regexp remote.origin.url
2026-10-09T02:02:02.4240158Z [command]/usr/bin/git config --local http.https://github.com/.extraheader AUTHORIZATION: basic ***
2026-10-09T02:02:02.4286138Z ##[endgroup]
2026-10-09T02:02:02.4287596Z ##[group]Fetching the repository
2026-10-09T02:02:02.4297319Z [command]/usr/bin/git -c protocol.version=2 fetch --no-tags --prune --no-recurse-submodules --depth=1 origin 4d7cbcaf864c2f29a39216c9a95a8081aa3c58cb
2026-10-09T02:02:24.3496518Z From https://github.com/luisitin/partybox-game-cores
2026-10-09T02:02:24.3497343Z  * branch            4d7cbcaf864c2f29a39216c9a95a8081aa3c58cb -> FETCH_HEAD
2026-10-09T02:02:24.3504712Z ##[endgroup]
2026-10-09T02:02:24.3505368Z ##[group]Determining the checkout info
2026-10-09T02:02:24.3512962Z ##[endgroup]
2026-10-09T02:02:24.3515578Z [command]/usr/bin/git sparse-checkout disable
2026-10-09T02:02:24.3605316Z [command]/usr/bin/git config --local --unset-all extensions.worktreeConfig
2026-10-09T02:02:24.3640409Z ##[group]Checking out the ref
2026-10-09T02:02:24.3641011Z [command]/usr/bin/git checkout --progress --force 4d7cbcaf864c2f29a39216c9a95a8081aa3c58cb
2026-10-09T02:02:25.7633906Z Updating files:   9% (180/1905)
2026-10-09T02:02:26.4496776Z Updating files:  10% (191/1905)
2026-10-09T02:02:27.1105692Z Updating files:  10% (199/1905)
2026-10-09T02:02:27.4674160Z Updating files:  11% (210/1905)
2026-10-09T02:02:28.4175747Z Updating files:  11% (216/1905)
2026-10-09T02:02:28.6867456Z Updating files:  11% (226/1905)
2026-10-09T02:02:29.4511212Z Updating files:  12% (229/1905)
2026-10-09T02:02:29.7322826Z Updating files:  12% (243/1905)
2026-10-09T02:02:30.0408030Z Updating files:  13% (248/1905)
2026-10-09T02:02:30.0421225Z Updating files:  14% (267/1905)
2026-10-09T02:02:30.0435220Z Updating files:  15% (286/1905)
2026-10-09T02:02:30.0546431Z Updating files:  16% (305/1905)
2026-10-09T02:02:30.0647471Z Updating files:  17% (324/1905)
2026-10-09T02:02:30.0655880Z Updating files:  18% (343/1905)
2026-10-09T02:02:30.0811691Z Updating files:  19% (362/1905)
2026-10-09T02:02:30.0824190Z Updating files:  20% (381/1905)
2026-10-09T02:02:30.0836451Z Updating files:  21% (401/1905)
2026-10-09T02:02:30.0845552Z Updating files:  22% (420/1905)
2026-10-09T02:02:30.0872498Z Updating files:  23% (439/1905)
2026-10-09T02:02:30.0888730Z Updating files:  24% (458/1905)
2026-10-09T02:02:30.0906168Z Updating files:  25% (477/1905)
2026-10-09T02:02:30.0920725Z Updating files:  26% (496/1905)
2026-10-09T02:02:30.0930949Z Updating files:  27% (515/1905)
2026-10-09T02:02:30.0944560Z Updating files:  28% (534/1905)
2026-10-09T02:02:30.1024617Z Updating files:  29% (553/1905)
2026-10-09T02:02:30.1199248Z Updating files:  30% (572/1905)
2026-10-09T02:02:30.1373405Z Updating files:  31% (591/1905)
2026-10-09T02:02:30.1486721Z Updating files:  32% (610/1905)
2026-10-09T02:02:30.1511995Z Updating files:  33% (629/1905)
2026-10-09T02:02:30.1774789Z Updating files:  34% (648/1905)
2026-10-09T02:02:30.1959600Z Updating files:  35% (667/1905)
2026-10-09T02:02:30.1969125Z Updating files:  36% (686/1905)
2026-10-09T02:02:30.2145629Z Updating files:  37% (705/1905)
2026-10-09T02:02:30.2159129Z Updating files:  38% (724/1905)
2026-10-09T02:02:30.2353854Z Updating files:  39% (743/1905)
2026-10-09T02:02:30.2527800Z Updating files:  40% (762/1905)
2026-10-09T02:02:30.2544899Z Updating files:  41% (782/1905)
2026-10-09T02:02:30.2555602Z Updating files:  42% (801/1905)
2026-10-09T02:02:30.2607778Z Updating files:  43% (820/1905)
2026-10-09T02:02:30.2623333Z Updating files:  44% (839/1905)
2026-10-09T02:02:30.2632601Z Updating files:  45% (858/1905)
2026-10-09T02:02:30.2654098Z Updating files:  46% (877/1905)
2026-10-09T02:02:30.2788271Z Updating files:  47% (896/1905)
2026-10-09T02:02:30.2944905Z Updating files:  48% (915/1905)
2026-10-09T02:02:30.3068015Z Updating files:  49% (934/1905)
2026-10-09T02:02:30.3256334Z Updating files:  50% (953/1905)
2026-10-09T02:02:30.3279647Z Updating files:  51% (972/1905)
2026-10-09T02:02:30.3289778Z Updating files:  52% (991/1905)
2026-10-09T02:02:30.3333562Z Updating files:  53% (1010/1905)
2026-10-09T02:02:30.3391045Z Updating files:  54% (1029/1905)
2026-10-09T02:02:30.3402169Z Updating files:  55% (1048/1905)
2026-10-09T02:02:30.3441259Z Updating files:  56% (1067/1905)
2026-10-09T02:02:30.3484357Z Updating files:  57% (1086/1905)
2026-10-09T02:02:30.3533852Z Updating files:  58% (1105/1905)
2026-10-09T02:02:30.3586871Z Updating files:  59% (1124/1905)
2026-10-09T02:02:30.3616371Z Updating files:  60% (1143/1905)
2026-10-09T02:02:30.3639584Z Updating files:  61% (1163/1905)
2026-10-09T02:02:30.3672822Z Updating files:  62% (1182/1905)
2026-10-09T02:02:30.3698810Z Updating files:  63% (1201/1905)
2026-10-09T02:02:30.3711359Z Updating files:  63% (1214/1905)
2026-10-09T02:02:30.3752396Z Updating files:  64% (1220/1905)
2026-10-09T02:02:30.3787178Z Updating files:  65% (1239/1905)
2026-10-09T02:02:30.3816146Z Updating files:  66% (1258/1905)
2026-10-09T02:02:30.3851162Z Updating files:  67% (1277/1905)
2026-10-09T02:02:30.3891298Z Updating files:  68% (1296/1905)
2026-10-09T02:02:30.3954169Z Updating files:  69% (1315/1905)
2026-10-09T02:02:30.3972373Z Updating files:  70% (1334/1905)
2026-10-09T02:02:30.3982369Z Updating files:  71% (1353/1905)
2026-10-09T02:02:30.4004818Z Updating files:  72% (1372/1905)
2026-10-09T02:02:30.4015509Z Updating files:  73% (1391/1905)
2026-10-09T02:02:30.4024093Z Updating files:  74% (1410/1905)
2026-10-09T02:02:30.4032815Z Updating files:  75% (1429/1905)
2026-10-09T02:02:30.4040840Z Updating files:  76% (1448/1905)
2026-10-09T02:02:30.4079457Z Updating files:  77% (1467/1905)
2026-10-09T02:02:30.4091001Z Updating files:  78% (1486/1905)
2026-10-09T02:02:30.4101515Z Updating files:  79% (1505/1905)
2026-10-09T02:02:30.4110904Z Updating files:  80% (1524/1905)
2026-10-09T02:02:30.4123521Z Updating files:  81% (1544/1905)
2026-10-09T02:02:30.4133550Z Updating files:  82% (1563/1905)
2026-10-09T02:02:30.4142140Z Updating files:  83% (1582/1905)
2026-10-09T02:02:30.4170213Z Updating files:  84% (1601/1905)
2026-10-09T02:02:30.4179696Z Updating files:  85% (1620/1905)
2026-10-09T02:02:30.4188961Z Updating files:  86% (1639/1905)
2026-10-09T02:02:30.4197249Z Updating files:  87% (1658/1905)
2026-10-09T02:02:30.4205368Z Updating files:  88% (1677/1905)
2026-10-09T02:02:30.4212827Z Updating files:  89% (1696/1905)
2026-10-09T02:02:30.4230137Z Updating files:  90% (1715/1905)
2026-10-09T02:02:30.4270572Z Updating files:  91% (1734/1905)
2026-10-09T02:02:30.4352389Z Updating files:  92% (1753/1905)
2026-10-09T02:02:30.4362597Z Updating files:  93% (1772/1905)
2026-10-09T02:02:30.4379301Z Updating files:  94% (1791/1905)
2026-10-09T02:02:30.7763395Z Updating files:  95% (1810/1905)
2026-10-09T02:02:30.7770518Z Updating files:  96% (1829/1905)
2026-10-09T02:02:30.7782248Z Updating files:  97% (1848/1905)
2026-10-09T02:02:30.7793293Z Updating files:  98% (1867/1905)
2026-10-09T02:02:30.7805158Z Updating files:  99% (1886/1905)
2026-10-09T02:02:30.7805884Z Updating files: 100% (1905/1905)
2026-10-09T02:02:30.7806327Z Updating files: 100% (1905/1905), done.
2026-10-09T02:02:30.7831597Z Note: switching to '4d7cbcaf864c2f29a39216c9a95a8081aa3c58cb'.
2026-10-09T02:02:30.7832110Z 
2026-10-09T02:02:30.7832709Z You are in 'detached HEAD' state. You can look around, make experimental
2026-10-09T02:02:30.7833591Z changes and commit them, and you can discard any commits you make in this
2026-10-09T02:02:30.7834409Z state without impacting any branches by switching back to a branch.
2026-10-09T02:02:30.7834898Z 
2026-10-09T02:02:30.7835466Z If you want to create a new branch to retain commits you create, you may
2026-10-09T02:02:30.7836220Z do so (now or later) by using -c with the switch command. Example:
2026-10-09T02:02:30.7836628Z 
2026-10-09T02:02:30.7836800Z   git switch -c <new-branch-name>
2026-10-09T02:02:30.7837090Z 
2026-10-09T02:02:30.7837240Z Or undo this operation with:
2026-10-09T02:02:30.7837492Z 
2026-10-09T02:02:30.7837634Z   git switch -
2026-10-09T02:02:30.7837842Z 
2026-10-09T02:02:30.7838203Z Turn off this advice by setting config variable advice.detachedHead to false
2026-10-09T02:02:30.7838729Z 
2026-10-09T02:02:30.7839147Z HEAD is now at 4d7cbca Verify original df Checkers gameplay and browser delivery evidence
2026-10-09T02:02:30.8003585Z ##[endgroup]
2026-10-09T02:02:30.8049998Z [command]/usr/bin/git log -1 --format=%H
2026-10-09T02:02:30.8079800Z 4d7cbcaf864c2f29a39216c9a95a8081aa3c58cb
2026-10-09T02:02:30.8354223Z ##[group]Run actions/setup-node@v4
2026-10-09T02:02:30.8354551Z with:
2026-10-09T02:02:30.8354762Z   node-version: 22.16.0
2026-10-09T02:02:30.8354993Z   cache: npm
2026-10-09T02:02:30.8355284Z   cache-dependency-path: jobs/G10-checkers/package-lock.json
2026-10-09T02:02:30.8355643Z   always-auth: false
2026-10-09T02:02:30.8355862Z   check-latest: false
2026-10-09T02:02:30.8358221Z   token: ***
2026-10-09T02:02:30.8358428Z env:
2026-10-09T02:02:30.8358690Z   G10_SOURCE_COMMIT: 4d7cbcaf864c2f29a39216c9a95a8081aa3c58cb
2026-10-09T02:02:30.8359019Z ##[endgroup]
2026-10-09T02:02:30.9758378Z Attempting to download 22.16.0...
2026-10-09T02:02:30.9890582Z (node:2315) [DEP0040] DeprecationWarning: The `punycode` module is deprecated. Please use a userland alternative instead.
2026-10-09T02:02:30.9891929Z (Use `node --trace-deprecation ...` to show where the warning was created)
2026-10-09T02:02:31.6600336Z Acquiring 22.16.0 - x64 from https://github.com/actions/node-versions/releases/download/22.16.0-15177438473/node-22.16.0-linux-x64.tar.gz
2026-10-09T02:02:32.1769651Z Extracting ...
2026-10-09T02:02:32.1894849Z [command]/usr/bin/tar xz --strip 1 --warning=no-unknown-keyword --overwrite -C /home/runner/work/_temp/ee4e413c-8abf-413c-bf92-48406332c546 -f /home/runner/work/_temp/94b69662-41bf-4ff5-b789-0d04984dda6e
2026-10-09T02:02:33.3572133Z Adding to the cache ...
2026-10-09T02:02:35.4453562Z ##[group]Environment details
2026-10-09T02:02:35.6696286Z node: v22.16.0
2026-10-09T02:02:35.6696701Z npm: 10.9.2
2026-10-09T02:02:35.6697024Z yarn: 1.22.22
2026-10-09T02:02:35.6697750Z ##[endgroup]
2026-10-09T02:02:35.6718990Z [command]/opt/hostedtoolcache/node/22.16.0/x64/bin/npm config get cache
2026-10-09T02:02:35.7626022Z /home/runner/.npm
2026-10-09T02:02:35.8973999Z Cache hit for: node-cache-Linux-x64-npm-b79e3f2344d4218dbbb2f93f566da8e1ac49738aa1184813b150890d461d0c8a
2026-10-09T02:02:35.9092470Z (node:2315) [DEP0169] DeprecationWarning: `url.parse()` behavior is not standardized and prone to errors that have security implications. Use the WHATWG URL API instead. CVEs are not issued for `url.parse()` vulnerabilities.
2026-10-09T02:02:36.5682122Z Received 12676330 of 12676330 (100.0%), 22.8 MBs/sec
2026-10-09T02:02:36.5683191Z Cache Size: ~12 MB (12676330 B)
2026-10-09T02:02:36.5789264Z [command]/usr/bin/tar -xf /home/runner/work/_temp/c02517ac-e2bb-4bcd-b426-870d4d84bb1a/cache.tzst -P -C /home/runner/work/partybox-game-cores/partybox-game-cores --use-compress-program unzstd
2026-10-09T02:02:36.6029661Z Cache restored successfully
2026-10-09T02:02:36.6040436Z Cache restored from key: node-cache-Linux-x64-npm-b79e3f2344d4218dbbb2f93f566da8e1ac49738aa1184813b150890d461d0c8a
2026-10-09T02:02:36.6220932Z ##[group]Run npm ci --ignore-scripts --no-audit --no-fund
2026-10-09T02:02:36.6221449Z [36;1mnpm ci --ignore-scripts --no-audit --no-fund[0m
2026-10-09T02:02:36.6524432Z shell: /usr/bin/bash -e {0}
2026-10-09T02:02:36.6524778Z env:
2026-10-09T02:02:36.6525136Z   G10_SOURCE_COMMIT: 4d7cbcaf864c2f29a39216c9a95a8081aa3c58cb
2026-10-09T02:02:36.6525589Z ##[endgroup]
2026-10-09T02:02:37.6119371Z 
2026-10-09T02:02:37.6127461Z added 6 packages in 902ms
2026-10-09T02:02:37.6656720Z ##[group]Run if [ -f /etc/apt/apt-mirrors.txt ]; then
2026-10-09T02:02:37.6657172Z [36;1mif [ -f /etc/apt/apt-mirrors.txt ]; then[0m
2026-10-09T02:02:37.6657828Z [36;1m  sudo sed -i 's#http://azure.archive.ubuntu.com/ubuntu#https://archive.ubuntu.com/ubuntu#g' /etc/apt/apt-mirrors.txt[0m
2026-10-09T02:02:37.6658428Z [36;1mfi[0m
2026-10-09T02:02:37.6725191Z shell: /usr/bin/bash -e {0}
2026-10-09T02:02:37.6725460Z env:
2026-10-09T02:02:37.6725751Z   G10_SOURCE_COMMIT: 4d7cbcaf864c2f29a39216c9a95a8081aa3c58cb
2026-10-09T02:02:37.6726110Z ##[endgroup]
2026-10-09T02:02:37.6931283Z ##[group]Run sudo apt-get update
2026-10-09T02:02:37.6931619Z [36;1msudo apt-get update[0m
2026-10-09T02:02:37.6931908Z [36;1msudo apt-get install -y ffmpeg[0m
2026-10-09T02:02:37.6932456Z [36;1mffprobe -version[0m
2026-10-09T02:02:37.6932727Z [36;1mffmpeg -version[0m
2026-10-09T02:02:37.6992781Z shell: /usr/bin/bash -e {0}
2026-10-09T02:02:37.6993065Z env:
2026-10-09T02:02:37.6993351Z   G10_SOURCE_COMMIT: 4d7cbcaf864c2f29a39216c9a95a8081aa3c58cb
2026-10-09T02:02:37.6993771Z ##[endgroup]
2026-10-09T02:02:37.7931221Z Get:1 file:/etc/apt/apt-mirrors.txt Mirrorlist [139 B]
2026-10-09T02:02:38.2837106Z Hit:2 https://archive.ubuntu.com/ubuntu noble InRelease
2026-10-09T02:02:38.2838494Z Get:6 https://packages.microsoft.com/ubuntu/24.04/prod noble InRelease [3600 B]
2026-10-09T02:02:38.3418868Z Get:3 https://archive.ubuntu.com/ubuntu noble-updates InRelease [126 kB]
2026-10-09T02:02:38.3570321Z Get:4 https://archive.ubuntu.com/ubuntu noble-backports InRelease [126 kB]
2026-10-09T02:02:38.4505741Z Get:5 https://archive.ubuntu.com/ubuntu noble-security InRelease [126 kB]
2026-10-09T02:02:39.4139720Z Get:7 https://packages.microsoft.com/ubuntu/24.04/prod noble/main armhf Packages [12.3 kB]
2026-10-09T02:02:39.4558894Z Get:8 https://archive.ubuntu.com/ubuntu noble-updates/main amd64 Packages [1375 kB]
2026-10-09T02:02:39.6610453Z Get:9 https://archive.ubuntu.com/ubuntu noble-updates/main Translation-en [306 kB]
2026-10-09T02:02:39.6661764Z Get:24 https://packages.microsoft.com/ubuntu/24.04/prod noble/main all Packages [640 B]
2026-10-09T02:02:39.6983167Z Get:10 https://archive.ubuntu.com/ubuntu noble-updates/universe amd64 Packages [1702 kB]
2026-10-09T02:02:39.7054900Z Get:25 https://packages.microsoft.com/ubuntu/24.04/prod noble/main amd64 Packages [531 kB]
2026-10-09T02:02:39.7587196Z Get:11 https://archive.ubuntu.com/ubuntu noble-updates/universe Translation-en [342 kB]
2026-10-09T02:02:39.7640089Z Get:26 https://packages.microsoft.com/ubuntu/24.04/prod noble/main arm64 Packages [474 kB]
2026-10-09T02:02:39.8014196Z Get:12 https://archive.ubuntu.com/ubuntu noble-updates/restricted amd64 Packages [1761 kB]
2026-10-09T02:02:39.8535328Z Get:13 https://archive.ubuntu.com/ubuntu noble-updates/restricted Translation-en [401 kB]
2026-10-09T02:02:39.8987907Z Get:14 https://archive.ubuntu.com/ubuntu noble-updates/multiverse amd64 Packages [55.0 kB]
2026-10-09T02:02:39.9955865Z Get:15 https://archive.ubuntu.com/ubuntu noble-updates/multiverse Translation-en [14.3 kB]
2026-10-09T02:02:40.0589109Z Get:16 https://archive.ubuntu.com/ubuntu noble-security/main amd64 Packages [1118 kB]
2026-10-09T02:02:40.1066675Z Get:17 https://archive.ubuntu.com/ubuntu noble-security/main Translation-en [228 kB]
2026-10-09T02:02:40.2074376Z Get:18 https://archive.ubuntu.com/ubuntu noble-security/universe amd64 Packages [1220 kB]
2026-10-09T02:02:40.2491309Z Get:19 https://archive.ubuntu.com/ubuntu noble-security/universe Translation-en [245 kB]
2026-10-09T02:02:40.2663992Z Get:20 https://archive.ubuntu.com/ubuntu noble-security/restricted amd64 Packages [1667 kB]
2026-10-09T02:02:40.3099811Z Get:21 https://archive.ubuntu.com/ubuntu noble-security/restricted Translation-en [383 kB]
2026-10-09T02:02:40.3564438Z Get:22 https://archive.ubuntu.com/ubuntu noble-security/multiverse amd64 Packages [49.8 kB]
2026-10-09T02:02:40.3715195Z Get:23 https://archive.ubuntu.com/ubuntu noble-security/multiverse Translation-en [12.4 kB]
2026-10-09T02:02:42.6797536Z Fetched 12.3 MB in 3s (4143 kB/s)
2026-10-09T02:02:43.5143331Z Reading package lists...
2026-10-09T02:02:43.5444994Z Reading package lists...
2026-10-09T02:02:43.7190337Z Building dependency tree...
2026-10-09T02:02:43.7198179Z Reading state information...
2026-10-09T02:02:43.8573659Z The following additional packages will be installed:
2026-10-09T02:02:43.8574802Z   i965-va-driver intel-media-va-driver libaacs0 libass9 libasyncns0
2026-10-09T02:02:43.8575889Z   libavc1394-0 libavcodec60 libavdevice60 libavfilter9 libavformat60
2026-10-09T02:02:43.8577590Z   libavutil58 libbdplus0 libblas3 libbluray2 libbs2b0 libcaca0
2026-10-09T02:02:43.8578702Z   libcdio-cdda2t64 libcdio-paranoia2t64 libcdio19t64 libchromaprint1 libcjson1
2026-10-09T02:02:43.8579865Z   libcodec2-1.2 libdav1d7 libdc1394-25 libdecor-0-0 libdecor-0-plugin-1-gtk
2026-10-09T02:02:43.8581075Z   libflac12t64 libflite1 libgme0 libgsm1 libhwy1t64 libiec61883-0 libigdgmm12
2026-10-09T02:02:43.8582473Z   libjack-jackd2-0 libjxl0.7 liblapack3 liblilv-0-0 libmbedcrypto7t64
2026-10-09T02:02:43.8583531Z   libmp3lame0 libmpg123-0t64 libmysofa1 libopenal-data libopenal1
2026-10-09T02:02:43.8584677Z   libopenmpt0t64 libopus0 libplacebo338 libpocketsphinx3 libpostproc57
2026-10-09T02:02:43.8585876Z   libpulse0 librav1e0 libraw1394-11 librist4 librsvg2-2 librsvg2-common
2026-10-09T02:02:43.8587070Z   librubberband2 libsamplerate0 libsdl2-2.0-0 libserd-0-0 libshine3
2026-10-09T02:02:43.8588231Z   libsndfile1 libsndio7.0 libsord-0-0 libsoxr0 libspeex1 libsphinxbase3t64
2026-10-09T02:02:43.8589335Z   libsratom-0-0 libsrt1.5-gnutls libssh-gcrypt-4 libsvtav1enc1d1
2026-10-09T02:02:43.8590382Z   libswresample4 libswscale7 libtheora0 libtwolame0 libudfread0 libunibreak5
2026-10-09T02:02:43.8591060Z   libva-drm2 libva-x11-2 libva2 libvdpau1 libvidstab1.1 libvorbisenc2 libvpl2
2026-10-09T02:02:43.8591611Z   libvpx9 libx264-164 libx265-199 libxcb-shape0 libxv1 libxvidcore4 libzimg2
2026-10-09T02:02:43.8592793Z   libzix-0-0 libzvbi-common libzvbi0t64 mesa-va-drivers mesa-vdpau-drivers
2026-10-09T02:02:43.8593370Z   ocl-icd-libopencl1 pocketsphinx-en-us va-driver-all vdpau-driver-all
2026-10-09T02:02:43.8593800Z Suggested packages:
2026-10-09T02:02:43.8594204Z   ffmpeg-doc i965-va-driver-shaders libcuda1 libnvcuvid1 libnvidia-encode1
2026-10-09T02:02:43.8594766Z   libbluray-bdj jackd2 libportaudio2 opus-tools pulseaudio libraw1394-doc
2026-10-09T02:02:43.8595286Z   librsvg2-bin serdi sndiod sordi speex opencl-icd libvdpau-va-gl1
2026-10-09T02:02:43.9040054Z The following NEW packages will be installed:
2026-10-09T02:02:43.9041472Z   ffmpeg i965-va-driver intel-media-va-driver libaacs0 libass9 libasyncns0
2026-10-09T02:02:43.9043005Z   libavc1394-0 libavcodec60 libavdevice60 libavfilter9 libavformat60
2026-10-09T02:02:43.9044112Z   libavutil58 libbdplus0 libblas3 libbluray2 libbs2b0 libcaca0
2026-10-09T02:02:43.9045258Z   libcdio-cdda2t64 libcdio-paranoia2t64 libcdio19t64 libchromaprint1 libcjson1
2026-10-09T02:02:43.9046538Z   libcodec2-1.2 libdav1d7 libdc1394-25 libdecor-0-0 libdecor-0-plugin-1-gtk
2026-10-09T02:02:43.9047986Z   libflac12t64 libflite1 libgme0 libgsm1 libhwy1t64 libiec61883-0 libigdgmm12
2026-10-09T02:02:43.9049315Z   libjack-jackd2-0 libjxl0.7 liblapack3 liblilv-0-0 libmbedcrypto7t64
2026-10-09T02:02:43.9050380Z   libmp3lame0 libmpg123-0t64 libmysofa1 libopenal-data libopenal1
2026-10-09T02:02:43.9051500Z   libopenmpt0t64 libopus0 libplacebo338 libpocketsphinx3 libpostproc57
2026-10-09T02:02:43.9052989Z   libpulse0 librav1e0 libraw1394-11 librist4 librsvg2-2 librsvg2-common
2026-10-09T02:02:43.9054214Z   librubberband2 libsamplerate0 libsdl2-2.0-0 libserd-0-0 libshine3
2026-10-09T02:02:43.9055745Z   libsndfile1 libsndio7.0 libsord-0-0 libsoxr0 libspeex1 libsphinxbase3t64
2026-10-09T02:02:43.9056975Z   libsratom-0-0 libsrt1.5-gnutls libssh-gcrypt-4 libsvtav1enc1d1
2026-10-09T02:02:43.9058216Z   libswresample4 libswscale7 libtheora0 libtwolame0 libudfread0 libunibreak5
2026-10-09T02:02:43.9059674Z   libva-drm2 libva-x11-2 libva2 libvdpau1 libvidstab1.1 libvorbisenc2 libvpl2
2026-10-09T02:02:43.9060708Z   libvpx9 libx264-164 libx265-199 libxcb-shape0 libxv1 libxvidcore4 libzimg2
2026-10-09T02:02:43.9061717Z   libzix-0-0 libzvbi-common libzvbi0t64 mesa-va-drivers mesa-vdpau-drivers
2026-10-09T02:02:43.9063091Z   ocl-icd-libopencl1 pocketsphinx-en-us va-driver-all vdpau-driver-all
2026-10-09T02:02:43.9261194Z 0 upgraded, 99 newly installed, 0 to remove and 23 not upgraded.
2026-10-09T02:02:43.9262121Z Need to get 94.1 MB of archives.
2026-10-09T02:02:43.9264400Z After this operation, 227 MB of additional disk space will be used.
2026-10-09T02:02:43.9265226Z Get:1 file:/etc/apt/apt-mirrors.txt Mirrorlist [139 B]
2026-10-09T02:02:44.0415652Z Get:2 https://archive.ubuntu.com/ubuntu noble-updates/universe amd64 libva2 amd64 2.20.0-2ubuntu0.2 [66.4 kB]
2026-10-09T02:02:44.0811508Z Get:3 https://archive.ubuntu.com/ubuntu noble-updates/universe amd64 libva-drm2 amd64 2.20.0-2ubuntu0.2 [7124 B]
2026-10-09T02:02:44.0944050Z Get:4 https://archive.ubuntu.com/ubuntu noble-updates/universe amd64 libva-x11-2 amd64 2.20.0-2ubuntu0.2 [12.0 kB]
2026-10-09T02:02:44.1080216Z Get:5 https://archive.ubuntu.com/ubuntu noble/main amd64 libvdpau1 amd64 1.5-2build1 [27.8 kB]
2026-10-09T02:02:44.1234376Z Get:6 https://archive.ubuntu.com/ubuntu noble/universe amd64 libvpl2 amd64 2023.3.0-1build1 [99.8 kB]
2026-10-09T02:02:44.1508575Z Get:7 https://archive.ubuntu.com/ubuntu noble/universe amd64 ocl-icd-libopencl1 amd64 2.3.2-1build1 [38.5 kB]
2026-10-09T02:02:44.1650488Z Get:8 https://archive.ubuntu.com/ubuntu noble/universe amd64 libavutil58 amd64 7:6.1.1-3ubuntu5 [401 kB]
2026-10-09T02:02:44.2052104Z Get:9 https://archive.ubuntu.com/ubuntu noble/universe amd64 libcodec2-1.2 amd64 1.2.0-2build1 [8998 kB]
2026-10-09T02:02:44.3220127Z Get:10 https://archive.ubuntu.com/ubuntu noble/universe amd64 libdav1d7 amd64 1.4.1-1build1 [604 kB]
2026-10-09T02:02:44.3389544Z Get:11 https://archive.ubuntu.com/ubuntu noble/universe amd64 libgsm1 amd64 1.0.22-1build1 [27.8 kB]
2026-10-09T02:02:44.3525898Z Get:12 https://archive.ubuntu.com/ubuntu noble/universe amd64 libhwy1t64 amd64 1.0.7-8.1build1 [584 kB]
2026-10-09T02:02:44.3692649Z Get:13 https://archive.ubuntu.com/ubuntu noble-updates/universe amd64 libjxl0.7 amd64 0.7.0-10.2ubuntu6.1 [1001 kB]
2026-10-09T02:02:44.3884094Z Get:14 https://archive.ubuntu.com/ubuntu noble/main amd64 libmp3lame0 amd64 3.100-6build1 [142 kB]
2026-10-09T02:02:44.4026477Z Get:15 https://archive.ubuntu.com/ubuntu noble/main amd64 libopus0 amd64 1.4-1build1 [208 kB]
2026-10-09T02:02:44.4171795Z Get:16 https://archive.ubuntu.com/ubuntu noble/universe amd64 librav1e0 amd64 0.7.1-2 [1022 kB]
2026-10-09T02:02:44.4369234Z Get:17 https://archive.ubuntu.com/ubuntu noble-updates/main amd64 librsvg2-2 amd64 2.58.0+dfsg-1ubuntu0.1 [2141 kB]
2026-10-09T02:02:44.4628538Z Get:18 https://archive.ubuntu.com/ubuntu noble/universe amd64 libshine3 amd64 3.1.1-2build1 [23.2 kB]
2026-10-09T02:02:44.4762714Z Get:19 https://archive.ubuntu.com/ubuntu noble-updates/main amd64 libspeex1 amd64 1.2.1-2ubuntu2.24.04.1 [59.6 kB]
2026-10-09T02:02:44.4900480Z Get:20 https://archive.ubuntu.com/ubuntu noble/universe amd64 libsvtav1enc1d1 amd64 1.7.0+dfsg-2build1 [2425 kB]
2026-10-09T02:02:44.5719401Z Get:21 https://archive.ubuntu.com/ubuntu noble/universe amd64 libsoxr0 amd64 0.1.3-4build3 [80.0 kB]
2026-10-09T02:02:44.5858824Z Get:22 https://archive.ubuntu.com/ubuntu noble/universe amd64 libswresample4 amd64 7:6.1.1-3ubuntu5 [63.8 kB]
2026-10-09T02:02:44.5999559Z Get:23 https://archive.ubuntu.com/ubuntu noble/main amd64 libtheora0 amd64 1.1.1+dfsg.1-16.1build3 [211 kB]
2026-10-09T02:02:44.6147692Z Get:24 https://archive.ubuntu.com/ubuntu noble/main amd64 libtwolame0 amd64 0.4.0-2build3 [52.3 kB]
2026-10-09T02:02:44.6285970Z Get:25 https://archive.ubuntu.com/ubuntu noble/main amd64 libvorbisenc2 amd64 1.3.7-1build3 [80.8 kB]
2026-10-09T02:02:44.6453157Z Get:26 https://archive.ubuntu.com/ubuntu noble-updates/main amd64 libvpx9 amd64 1.14.0-1ubuntu2.3 [1143 kB]
2026-10-09T02:02:44.6689098Z Get:27 https://archive.ubuntu.com/ubuntu noble/universe amd64 libx264-164 amd64 2:0.164.3108+git31e19f9-1 [604 kB]
2026-10-09T02:02:44.6877106Z Get:28 https://archive.ubuntu.com/ubuntu noble/universe amd64 libx265-199 amd64 3.5-2build1 [1226 kB]
2026-10-09T02:02:44.7088452Z Get:29 https://archive.ubuntu.com/ubuntu noble/universe amd64 libxvidcore4 amd64 2:1.3.7-1build1 [219 kB]
2026-10-09T02:02:44.7236005Z Get:30 https://archive.ubuntu.com/ubuntu noble/universe amd64 libzvbi-common all 0.2.42-2 [42.4 kB]
2026-10-09T02:02:44.7375439Z Get:31 https://archive.ubuntu.com/ubuntu noble/universe amd64 libzvbi0t64 amd64 0.2.42-2 [261 kB]
2026-10-09T02:02:44.7531269Z Get:32 https://archive.ubuntu.com/ubuntu noble/universe amd64 libavcodec60 amd64 7:6.1.1-3ubuntu5 [5851 kB]
2026-10-09T02:02:44.8047483Z Get:33 https://archive.ubuntu.com/ubuntu noble/main amd64 libraw1394-11 amd64 2.1.2-2build3 [26.2 kB]
2026-10-09T02:02:44.8210586Z Get:34 https://archive.ubuntu.com/ubuntu noble/main amd64 libavc1394-0 amd64 0.5.4-5build3 [15.4 kB]
2026-10-09T02:02:44.8351906Z Get:35 https://archive.ubuntu.com/ubuntu noble/universe amd64 libunibreak5 amd64 5.1-2build1 [25.0 kB]
2026-10-09T02:02:44.8499663Z Get:36 https://archive.ubuntu.com/ubuntu noble/universe amd64 libass9 amd64 1:0.17.1-2build1 [104 kB]
2026-10-09T02:02:44.8673279Z Get:37 https://archive.ubuntu.com/ubuntu noble/universe amd64 libudfread0 amd64 1.1.2-1build1 [19.0 kB]
2026-10-09T02:02:44.8808264Z Get:38 https://archive.ubuntu.com/ubuntu noble/universe amd64 libbluray2 amd64 1:1.3.4-1build1 [159 kB]
2026-10-09T02:02:44.8959156Z Get:39 https://archive.ubuntu.com/ubuntu noble/universe amd64 libchromaprint1 amd64 1.5.1-5 [30.5 kB]
2026-10-09T02:02:44.9644551Z Get:40 https://archive.ubuntu.com/ubuntu noble/universe amd64 libgme0 amd64 0.6.3-7build1 [134 kB]
2026-10-09T02:02:44.9817086Z Get:41 https://archive.ubuntu.com/ubuntu noble-updates/main amd64 libmpg123-0t64 amd64 1.32.5-1ubuntu1.1 [169 kB]
2026-10-09T02:02:44.9964914Z Get:42 https://archive.ubuntu.com/ubuntu noble/universe amd64 libopenmpt0t64 amd64 0.7.3-1.1build3 [647 kB]
2026-10-09T02:02:45.0142063Z Get:43 https://archive.ubuntu.com/ubuntu noble/universe amd64 libcjson1 amd64 1.7.17-1 [24.8 kB]
2026-10-09T02:02:45.0282501Z Get:44 https://archive.ubuntu.com/ubuntu noble/universe amd64 libmbedcrypto7t64 amd64 2.28.8-1 [209 kB]
2026-10-09T02:02:45.0434695Z Get:45 https://archive.ubuntu.com/ubuntu noble/universe amd64 librist4 amd64 0.2.10+dfsg-2 [74.9 kB]
2026-10-09T02:02:45.0573802Z Get:46 https://archive.ubuntu.com/ubuntu noble/universe amd64 libsrt1.5-gnutls amd64 1.5.3-1build2 [316 kB]
2026-10-09T02:02:45.0726979Z Get:47 https://archive.ubuntu.com/ubuntu noble-updates/main amd64 libssh-gcrypt-4 amd64 0.10.6-2ubuntu0.5 [226 kB]
2026-10-09T02:02:45.0875902Z Get:48 https://archive.ubuntu.com/ubuntu noble/universe amd64 libavformat60 amd64 7:6.1.1-3ubuntu5 [1153 kB]
2026-10-09T02:02:45.1082491Z Get:49 https://archive.ubuntu.com/ubuntu noble/universe amd64 libbs2b0 amd64 3.1.0+dfsg-7build1 [10.6 kB]
2026-10-09T02:02:45.1216886Z Get:50 https://archive.ubuntu.com/ubuntu noble/universe amd64 libflite1 amd64 2.2-6build3 [13.6 MB]
2026-10-09T02:02:45.2275418Z Get:51 https://archive.ubuntu.com/ubuntu noble/universe amd64 libserd-0-0 amd64 0.32.2-1 [43.6 kB]
2026-10-09T02:02:45.2408819Z Get:52 https://archive.ubuntu.com/ubuntu noble/universe amd64 libzix-0-0 amd64 0.4.2-2build1 [23.6 kB]
2026-10-09T02:02:45.2543015Z Get:53 https://archive.ubuntu.com/ubuntu noble/universe amd64 libsord-0-0 amd64 0.16.16-2build1 [15.8 kB]
2026-10-09T02:02:45.2679697Z Get:54 https://archive.ubuntu.com/ubuntu noble/universe amd64 libsratom-0-0 amd64 0.6.16-1build1 [17.3 kB]
2026-10-09T02:02:45.2813418Z Get:55 https://archive.ubuntu.com/ubuntu noble/universe amd64 liblilv-0-0 amd64 0.24.22-1build1 [41.0 kB]
2026-10-09T02:02:45.2949539Z Get:56 https://archive.ubuntu.com/ubuntu noble/universe amd64 libmysofa1 amd64 1.3.2+dfsg-2ubuntu2 [1158 kB]
2026-10-09T02:02:45.3166946Z Get:57 https://archive.ubuntu.com/ubuntu noble/universe amd64 libplacebo338 amd64 6.338.2-2build1 [2654 kB]
2026-10-09T02:02:45.3481465Z Get:58 https://archive.ubuntu.com/ubuntu noble-updates/main amd64 libblas3 amd64 3.12.0-3build1.1 [238 kB]
2026-10-09T02:02:45.3634485Z Get:59 https://archive.ubuntu.com/ubuntu noble-updates/main amd64 liblapack3 amd64 3.12.0-3build1.1 [2646 kB]
2026-10-09T02:02:45.4478973Z Get:60 https://archive.ubuntu.com/ubuntu noble/main amd64 libasyncns0 amd64 0.8-6build4 [11.3 kB]
2026-10-09T02:02:45.4612721Z Get:61 https://archive.ubuntu.com/ubuntu noble/main amd64 libflac12t64 amd64 1.4.3+ds-2.1ubuntu2 [197 kB]
2026-10-09T02:02:45.4760088Z Get:62 https://archive.ubuntu.com/ubuntu noble-updates/main amd64 libsndfile1 amd64 1.2.2-1ubuntu5.24.04.1 [209 kB]
2026-10-09T02:02:45.4905758Z Get:63 https://archive.ubuntu.com/ubuntu noble-updates/main amd64 libpulse0 amd64 1:16.1+dfsg1-2ubuntu10.1 [292 kB]
2026-10-09T02:02:45.5074729Z Get:64 https://archive.ubuntu.com/ubuntu noble/universe amd64 libsphinxbase3t64 amd64 0.8+5prealpha+1-17build2 [126 kB]
2026-10-09T02:02:45.5217942Z Get:65 https://archive.ubuntu.com/ubuntu noble/universe amd64 libpocketsphinx3 amd64 0.8.0+real5prealpha+1-15ubuntu5 [133 kB]
2026-10-09T02:02:45.5360189Z Get:66 https://archive.ubuntu.com/ubuntu noble/universe amd64 libpostproc57 amd64 7:6.1.1-3ubuntu5 [49.9 kB]
2026-10-09T02:02:45.5498949Z Get:67 https://archive.ubuntu.com/ubuntu noble/main amd64 libsamplerate0 amd64 0.2.2-4build1 [1344 kB]
2026-10-09T02:02:45.5717251Z Get:68 https://archive.ubuntu.com/ubuntu noble/universe amd64 librubberband2 amd64 3.3.0+dfsg-2build1 [130 kB]
2026-10-09T02:02:45.5863249Z Get:69 https://archive.ubuntu.com/ubuntu noble/universe amd64 libswscale7 amd64 7:6.1.1-3ubuntu5 [193 kB]
2026-10-09T02:02:45.6009248Z Get:70 https://archive.ubuntu.com/ubuntu noble/universe amd64 libvidstab1.1 amd64 1.1.0-2build1 [38.5 kB]
2026-10-09T02:02:45.6148225Z Get:71 https://archive.ubuntu.com/ubuntu noble/universe amd64 libzimg2 amd64 3.0.5+ds1-1build1 [254 kB]
2026-10-09T02:02:45.6304453Z Get:72 https://archive.ubuntu.com/ubuntu noble/universe amd64 libavfilter9 amd64 7:6.1.1-3ubuntu5 [4235 kB]
2026-10-09T02:02:45.6698566Z Get:73 https://archive.ubuntu.com/ubuntu noble-updates/main amd64 libcaca0 amd64 0.99.beta20-4ubuntu0.2 [209 kB]
2026-10-09T02:02:45.6848553Z Get:74 https://archive.ubuntu.com/ubuntu noble-updates/main amd64 libcdio19t64 amd64 2.1.0-4.1ubuntu1.2 [62.4 kB]
2026-10-09T02:02:45.6990863Z Get:75 https://archive.ubuntu.com/ubuntu noble/main amd64 libcdio-cdda2t64 amd64 10.2+2.0.1-1.1build2 [16.5 kB]
2026-10-09T02:02:45.7127304Z Get:76 https://archive.ubuntu.com/ubuntu noble/main amd64 libcdio-paranoia2t64 amd64 10.2+2.0.1-1.1build2 [16.6 kB]
2026-10-09T02:02:45.7263701Z Get:77 https://archive.ubuntu.com/ubuntu noble/universe amd64 libdc1394-25 amd64 2.2.6-4build1 [90.1 kB]
2026-10-09T02:02:45.7941538Z Get:78 https://archive.ubuntu.com/ubuntu noble/main amd64 libiec61883-0 amd64 1.2.0-6build1 [24.5 kB]
2026-10-09T02:02:45.8076672Z Get:79 https://archive.ubuntu.com/ubuntu noble/main amd64 libjack-jackd2-0 amd64 1.9.21~dfsg-3ubuntu3 [289 kB]
2026-10-09T02:02:45.8229119Z Get:80 https://archive.ubuntu.com/ubuntu noble/universe amd64 libopenal-data all 1:1.23.1-4build1 [161 kB]
2026-10-09T02:02:45.8373831Z Get:81 https://archive.ubuntu.com/ubuntu noble/universe amd64 libsndio7.0 amd64 1.9.0-0.3build3 [29.6 kB]
2026-10-09T02:02:45.8513352Z Get:82 https://archive.ubuntu.com/ubuntu noble/universe amd64 libopenal1 amd64 1:1.23.1-4build1 [540 kB]
2026-10-09T02:02:45.8678849Z Get:83 https://archive.ubuntu.com/ubuntu noble/main amd64 libdecor-0-0 amd64 0.2.2-1build2 [16.5 kB]
2026-10-09T02:02:45.8819883Z Get:84 https://archive.ubuntu.com/ubuntu noble-updates/main amd64 libsdl2-2.0-0 amd64 2.30.0+dfsg-1ubuntu3.1 [686 kB]
2026-10-09T02:02:45.8993205Z Get:85 https://archive.ubuntu.com/ubuntu noble/main amd64 libxcb-shape0 amd64 1.15-1ubuntu2 [6100 B]
2026-10-09T02:02:45.9127007Z Get:86 https://archive.ubuntu.com/ubuntu noble/main amd64 libxv1 amd64 2:1.0.11-1.1build1 [10.7 kB]
2026-10-09T02:02:45.9263194Z Get:87 https://archive.ubuntu.com/ubuntu noble/universe amd64 libavdevice60 amd64 7:6.1.1-3ubuntu5 [82.3 kB]
2026-10-09T02:02:45.9406420Z Get:88 https://archive.ubuntu.com/ubuntu noble/universe amd64 ffmpeg amd64 7:6.1.1-3ubuntu5 [1879 kB]
2026-10-09T02:02:45.9684233Z Get:89 https://archive.ubuntu.com/ubuntu noble-updates/universe amd64 libigdgmm12 amd64 22.3.17+ds1-1ubuntu1 [145 kB]
2026-10-09T02:02:45.9827672Z Get:90 https://archive.ubuntu.com/ubuntu noble-updates/universe amd64 intel-media-va-driver amd64 24.1.0+dfsg1-1ubuntu0.2 [3163 kB]
2026-10-09T02:02:46.0168319Z Get:91 https://archive.ubuntu.com/ubuntu noble/universe amd64 libaacs0 amd64 0.11.1-2build1 [62.9 kB]
2026-10-09T02:02:46.0307055Z Get:92 https://archive.ubuntu.com/ubuntu noble/universe amd64 libbdplus0 amd64 0.2.0-3build1 [52.2 kB]
2026-10-09T02:02:46.0444083Z Get:93 https://archive.ubuntu.com/ubuntu noble/main amd64 libdecor-0-plugin-1-gtk amd64 0.2.2-1build2 [22.2 kB]
2026-10-09T02:02:46.0579061Z Get:94 https://archive.ubuntu.com/ubuntu noble-updates/main amd64 librsvg2-common amd64 2.58.0+dfsg-1ubuntu0.1 [11.8 kB]
2026-10-09T02:02:46.0711616Z Get:95 https://archive.ubuntu.com/ubuntu noble-updates/universe amd64 mesa-va-drivers amd64 25.2.8-0ubuntu0.24.04.4 [6778 B]
2026-10-09T02:02:46.0845086Z Get:96 https://archive.ubuntu.com/ubuntu noble-updates/main amd64 mesa-vdpau-drivers amd64 25.2.8-0ubuntu0.24.04.4 [23.4 kB]
2026-10-09T02:02:46.1554287Z Get:97 https://archive.ubuntu.com/ubuntu noble-updates/universe amd64 i965-va-driver amd64 2.4.1+dfsg1-1ubuntu0.2 [332 kB]
2026-10-09T02:02:46.1707552Z Get:98 https://archive.ubuntu.com/ubuntu noble-updates/universe amd64 va-driver-all amd64 2.20.0-2ubuntu0.2 [5014 B]
2026-10-09T02:02:46.1849160Z Get:99 https://archive.ubuntu.com/ubuntu noble/main amd64 vdpau-driver-all amd64 1.5-2build1 [4414 B]
2026-10-09T02:02:46.1995940Z Get:100 https://archive.ubuntu.com/ubuntu noble/universe amd64 pocketsphinx-en-us all 0.8.0+real5prealpha+1-15ubuntu5 [27.4 MB]
2026-10-09T02:02:46.7590184Z Fetched 94.1 MB in 3s (37.5 MB/s)
2026-10-09T02:02:46.7838229Z Selecting previously unselected package libva2:amd64.
2026-10-09T02:02:46.8171488Z (Reading database ... 
2026-10-09T02:02:46.8171967Z (Reading database ... 5%
2026-10-09T02:02:46.8172600Z (Reading database ... 10%
2026-10-09T02:02:46.8172939Z (Reading database ... 15%
2026-10-09T02:02:46.8173272Z (Reading database ... 20%
2026-10-09T02:02:46.8173599Z (Reading database ... 25%
2026-10-09T02:02:46.8174473Z (Reading database ... 30%
2026-10-09T02:02:46.8174812Z (Reading database ... 35%
2026-10-09T02:02:46.8175135Z (Reading database ... 40%
2026-10-09T02:02:46.8175450Z (Reading database ... 45%
2026-10-09T02:02:46.8175786Z (Reading database ... 50%
2026-10-09T02:02:46.8232118Z (Reading database ... 55%
2026-10-09T02:02:46.8907489Z (Reading database ... 60%
2026-10-09T02:02:46.9532295Z (Reading database ... 65%
2026-10-09T02:02:47.1467185Z (Reading database ... 70%
2026-10-09T02:02:47.2948134Z (Reading database ... 75%
2026-10-09T02:02:47.4466839Z (Reading database ... 80%
2026-10-09T02:02:47.5370439Z (Reading database ... 85%
2026-10-09T02:02:47.6457527Z (Reading database ... 90%
2026-10-09T02:02:47.7564707Z (Reading database ... 95%
2026-10-09T02:02:47.7565239Z (Reading database ... 100%
2026-10-09T02:02:47.7566063Z (Reading database ... 203191 files and directories currently installed.)
2026-10-09T02:02:47.7607398Z Preparing to unpack .../00-libva2_2.20.0-2ubuntu0.2_amd64.deb ...
2026-10-09T02:02:47.7642242Z Unpacking libva2:amd64 (2.20.0-2ubuntu0.2) ...
2026-10-09T02:02:47.7865464Z Selecting previously unselected package libva-drm2:amd64.
2026-10-09T02:02:47.7991202Z Preparing to unpack .../01-libva-drm2_2.20.0-2ubuntu0.2_amd64.deb ...
2026-10-09T02:02:47.8000025Z Unpacking libva-drm2:amd64 (2.20.0-2ubuntu0.2) ...
2026-10-09T02:02:47.8194576Z Selecting previously unselected package libva-x11-2:amd64.
2026-10-09T02:02:47.8318944Z Preparing to unpack .../02-libva-x11-2_2.20.0-2ubuntu0.2_amd64.deb ...
2026-10-09T02:02:47.8326545Z Unpacking libva-x11-2:amd64 (2.20.0-2ubuntu0.2) ...
2026-10-09T02:02:47.8523695Z Selecting previously unselected package libvdpau1:amd64.
2026-10-09T02:02:47.8648036Z Preparing to unpack .../03-libvdpau1_1.5-2build1_amd64.deb ...
2026-10-09T02:02:47.8656356Z Unpacking libvdpau1:amd64 (1.5-2build1) ...
2026-10-09T02:02:47.8861416Z Selecting previously unselected package libvpl2.
2026-10-09T02:02:47.8986368Z Preparing to unpack .../04-libvpl2_2023.3.0-1build1_amd64.deb ...
2026-10-09T02:02:47.8993693Z Unpacking libvpl2 (2023.3.0-1build1) ...
2026-10-09T02:02:47.9203988Z Selecting previously unselected package ocl-icd-libopencl1:amd64.
2026-10-09T02:02:47.9329064Z Preparing to unpack .../05-ocl-icd-libopencl1_2.3.2-1build1_amd64.deb ...
2026-10-09T02:02:47.9337249Z Unpacking ocl-icd-libopencl1:amd64 (2.3.2-1build1) ...
2026-10-09T02:02:47.9582694Z Selecting previously unselected package libavutil58:amd64.
2026-10-09T02:02:47.9709045Z Preparing to unpack .../06-libavutil58_7%3a6.1.1-3ubuntu5_amd64.deb ...
2026-10-09T02:02:47.9717254Z Unpacking libavutil58:amd64 (7:6.1.1-3ubuntu5) ...
2026-10-09T02:02:47.9973730Z Selecting previously unselected package libcodec2-1.2:amd64.
2026-10-09T02:02:48.0099981Z Preparing to unpack .../07-libcodec2-1.2_1.2.0-2build1_amd64.deb ...
2026-10-09T02:02:48.0106862Z Unpacking libcodec2-1.2:amd64 (1.2.0-2build1) ...
2026-10-09T02:02:48.0851415Z Selecting previously unselected package libdav1d7:amd64.
2026-10-09T02:02:48.0979659Z Preparing to unpack .../08-libdav1d7_1.4.1-1build1_amd64.deb ...
2026-10-09T02:02:48.0987917Z Unpacking libdav1d7:amd64 (1.4.1-1build1) ...
2026-10-09T02:02:48.1247802Z Selecting previously unselected package libgsm1:amd64.
2026-10-09T02:02:48.1376285Z Preparing to unpack .../09-libgsm1_1.0.22-1build1_amd64.deb ...
2026-10-09T02:02:48.1384893Z Unpacking libgsm1:amd64 (1.0.22-1build1) ...
2026-10-09T02:02:48.1585351Z Selecting previously unselected package libhwy1t64:amd64.
2026-10-09T02:02:48.1711090Z Preparing to unpack .../10-libhwy1t64_1.0.7-8.1build1_amd64.deb ...
2026-10-09T02:02:48.1718179Z Unpacking libhwy1t64:amd64 (1.0.7-8.1build1) ...
2026-10-09T02:02:48.2069359Z Selecting previously unselected package libjxl0.7:amd64.
2026-10-09T02:02:48.2195171Z Preparing to unpack .../11-libjxl0.7_0.7.0-10.2ubuntu6.1_amd64.deb ...
2026-10-09T02:02:48.2203232Z Unpacking libjxl0.7:amd64 (0.7.0-10.2ubuntu6.1) ...
2026-10-09T02:02:48.2526599Z Selecting previously unselected package libmp3lame0:amd64.
2026-10-09T02:02:48.2653341Z Preparing to unpack .../12-libmp3lame0_3.100-6build1_amd64.deb ...
2026-10-09T02:02:48.2660731Z Unpacking libmp3lame0:amd64 (3.100-6build1) ...
2026-10-09T02:02:48.2868647Z Selecting previously unselected package libopus0:amd64.
2026-10-09T02:02:48.2994148Z Preparing to unpack .../13-libopus0_1.4-1build1_amd64.deb ...
2026-10-09T02:02:48.3002430Z Unpacking libopus0:amd64 (1.4-1build1) ...
2026-10-09T02:02:48.3218661Z Selecting previously unselected package librav1e0:amd64.
2026-10-09T02:02:48.3344683Z Preparing to unpack .../14-librav1e0_0.7.1-2_amd64.deb ...
2026-10-09T02:02:48.3351062Z Unpacking librav1e0:amd64 (0.7.1-2) ...
2026-10-09T02:02:48.3653264Z Selecting previously unselected package librsvg2-2:amd64.
2026-10-09T02:02:48.3779463Z Preparing to unpack .../15-librsvg2-2_2.58.0+dfsg-1ubuntu0.1_amd64.deb ...
2026-10-09T02:02:48.3786586Z Unpacking librsvg2-2:amd64 (2.58.0+dfsg-1ubuntu0.1) ...
2026-10-09T02:02:48.4217084Z Selecting previously unselected package libshine3:amd64.
2026-10-09T02:02:48.4344098Z Preparing to unpack .../16-libshine3_3.1.1-2build1_amd64.deb ...
2026-10-09T02:02:48.4351702Z Unpacking libshine3:amd64 (3.1.1-2build1) ...
2026-10-09T02:02:48.4545010Z Selecting previously unselected package libspeex1:amd64.
2026-10-09T02:02:48.4671594Z Preparing to unpack .../17-libspeex1_1.2.1-2ubuntu2.24.04.1_amd64.deb ...
2026-10-09T02:02:48.4679700Z Unpacking libspeex1:amd64 (1.2.1-2ubuntu2.24.04.1) ...
2026-10-09T02:02:48.4875012Z Selecting previously unselected package libsvtav1enc1d1:amd64.
2026-10-09T02:02:48.4999603Z Preparing to unpack .../18-libsvtav1enc1d1_1.7.0+dfsg-2build1_amd64.deb ...
2026-10-09T02:02:48.5006273Z Unpacking libsvtav1enc1d1:amd64 (1.7.0+dfsg-2build1) ...
2026-10-09T02:02:48.5467930Z Selecting previously unselected package libsoxr0:amd64.
2026-10-09T02:02:48.5593390Z Preparing to unpack .../19-libsoxr0_0.1.3-4build3_amd64.deb ...
2026-10-09T02:02:48.5600490Z Unpacking libsoxr0:amd64 (0.1.3-4build3) ...
2026-10-09T02:02:48.5803216Z Selecting previously unselected package libswresample4:amd64.
2026-10-09T02:02:48.5928578Z Preparing to unpack .../20-libswresample4_7%3a6.1.1-3ubuntu5_amd64.deb ...
2026-10-09T02:02:48.5936271Z Unpacking libswresample4:amd64 (7:6.1.1-3ubuntu5) ...
2026-10-09T02:02:48.6140309Z Selecting previously unselected package libtheora0:amd64.
2026-10-09T02:02:48.6263631Z Preparing to unpack .../21-libtheora0_1.1.1+dfsg.1-16.1build3_amd64.deb ...
2026-10-09T02:02:48.6271363Z Unpacking libtheora0:amd64 (1.1.1+dfsg.1-16.1build3) ...
2026-10-09T02:02:48.6516192Z Selecting previously unselected package libtwolame0:amd64.
2026-10-09T02:02:48.6640437Z Preparing to unpack .../22-libtwolame0_0.4.0-2build3_amd64.deb ...
2026-10-09T02:02:48.6647502Z Unpacking libtwolame0:amd64 (0.4.0-2build3) ...
2026-10-09T02:02:48.6848842Z Selecting previously unselected package libvorbisenc2:amd64.
2026-10-09T02:02:48.6973760Z Preparing to unpack .../23-libvorbisenc2_1.3.7-1build3_amd64.deb ...
2026-10-09T02:02:48.6983124Z Unpacking libvorbisenc2:amd64 (1.3.7-1build3) ...
2026-10-09T02:02:48.7199030Z Selecting previously unselected package libvpx9:amd64.
2026-10-09T02:02:48.7323591Z Preparing to unpack .../24-libvpx9_1.14.0-1ubuntu2.3_amd64.deb ...
2026-10-09T02:02:48.7330587Z Unpacking libvpx9:amd64 (1.14.0-1ubuntu2.3) ...
2026-10-09T02:02:48.7664009Z Selecting previously unselected package libx264-164:amd64.
2026-10-09T02:02:48.7790015Z Preparing to unpack .../25-libx264-164_2%3a0.164.3108+git31e19f9-1_amd64.deb ...
2026-10-09T02:02:48.7797443Z Unpacking libx264-164:amd64 (2:0.164.3108+git31e19f9-1) ...
2026-10-09T02:02:48.8057680Z Selecting previously unselected package libx265-199:amd64.
2026-10-09T02:02:48.8183840Z Preparing to unpack .../26-libx265-199_3.5-2build1_amd64.deb ...
2026-10-09T02:02:48.8190885Z Unpacking libx265-199:amd64 (3.5-2build1) ...
2026-10-09T02:02:48.8815264Z Selecting previously unselected package libxvidcore4:amd64.
2026-10-09T02:02:48.8943825Z Preparing to unpack .../27-libxvidcore4_2%3a1.3.7-1build1_amd64.deb ...
2026-10-09T02:02:48.8950893Z Unpacking libxvidcore4:amd64 (2:1.3.7-1build1) ...
2026-10-09T02:02:48.9161964Z Selecting previously unselected package libzvbi-common.
2026-10-09T02:02:48.9295639Z Preparing to unpack .../28-libzvbi-common_0.2.42-2_all.deb ...
2026-10-09T02:02:48.9303898Z Unpacking libzvbi-common (0.2.42-2) ...
2026-10-09T02:02:48.9598172Z Selecting previously unselected package libzvbi0t64:amd64.
2026-10-09T02:02:48.9723341Z Preparing to unpack .../29-libzvbi0t64_0.2.42-2_amd64.deb ...
2026-10-09T02:02:48.9729770Z Unpacking libzvbi0t64:amd64 (0.2.42-2) ...
2026-10-09T02:02:48.9958753Z Selecting previously unselected package libavcodec60:amd64.
2026-10-09T02:02:49.0086424Z Preparing to unpack .../30-libavcodec60_7%3a6.1.1-3ubuntu5_amd64.deb ...
2026-10-09T02:02:49.0093742Z Unpacking libavcodec60:amd64 (7:6.1.1-3ubuntu5) ...
2026-10-09T02:02:49.0867854Z Selecting previously unselected package libraw1394-11:amd64.
2026-10-09T02:02:49.0994328Z Preparing to unpack .../31-libraw1394-11_2.1.2-2build3_amd64.deb ...
2026-10-09T02:02:49.1001066Z Unpacking libraw1394-11:amd64 (2.1.2-2build3) ...
2026-10-09T02:02:49.1224185Z Selecting previously unselected package libavc1394-0:amd64.
2026-10-09T02:02:49.1351008Z Preparing to unpack .../32-libavc1394-0_0.5.4-5build3_amd64.deb ...
2026-10-09T02:02:49.1357760Z Unpacking libavc1394-0:amd64 (0.5.4-5build3) ...
2026-10-09T02:02:49.1553863Z Selecting previously unselected package libunibreak5:amd64.
2026-10-09T02:02:49.1679778Z Preparing to unpack .../33-libunibreak5_5.1-2build1_amd64.deb ...
2026-10-09T02:02:49.1686540Z Unpacking libunibreak5:amd64 (5.1-2build1) ...
2026-10-09T02:02:49.1965346Z Selecting previously unselected package libass9:amd64.
2026-10-09T02:02:49.2091530Z Preparing to unpack .../34-libass9_1%3a0.17.1-2build1_amd64.deb ...
2026-10-09T02:02:49.2099179Z Unpacking libass9:amd64 (1:0.17.1-2build1) ...
2026-10-09T02:02:49.2339263Z Selecting previously unselected package libudfread0:amd64.
2026-10-09T02:02:49.2463548Z Preparing to unpack .../35-libudfread0_1.1.2-1build1_amd64.deb ...
2026-10-09T02:02:49.2471207Z Unpacking libudfread0:amd64 (1.1.2-1build1) ...
2026-10-09T02:02:49.2665542Z Selecting previously unselected package libbluray2:amd64.
2026-10-09T02:02:49.2790496Z Preparing to unpack .../36-libbluray2_1%3a1.3.4-1build1_amd64.deb ...
2026-10-09T02:02:49.2798113Z Unpacking libbluray2:amd64 (1:1.3.4-1build1) ...
2026-10-09T02:02:49.3016279Z Selecting previously unselected package libchromaprint1:amd64.
2026-10-09T02:02:49.3140998Z Preparing to unpack .../37-libchromaprint1_1.5.1-5_amd64.deb ...
2026-10-09T02:02:49.3150159Z Unpacking libchromaprint1:amd64 (1.5.1-5) ...
2026-10-09T02:02:49.3347914Z Selecting previously unselected package libgme0:amd64.
2026-10-09T02:02:49.3471922Z Preparing to unpack .../38-libgme0_0.6.3-7build1_amd64.deb ...
2026-10-09T02:02:49.3478811Z Unpacking libgme0:amd64 (0.6.3-7build1) ...
2026-10-09T02:02:49.3686478Z Selecting previously unselected package libmpg123-0t64:amd64.
2026-10-09T02:02:49.3810732Z Preparing to unpack .../39-libmpg123-0t64_1.32.5-1ubuntu1.1_amd64.deb ...
2026-10-09T02:02:49.3818653Z Unpacking libmpg123-0t64:amd64 (1.32.5-1ubuntu1.1) ...
2026-10-09T02:02:49.4035813Z Selecting previously unselected package libopenmpt0t64:amd64.
2026-10-09T02:02:49.4160893Z Preparing to unpack .../40-libopenmpt0t64_0.7.3-1.1build3_amd64.deb ...
2026-10-09T02:02:49.4167819Z Unpacking libopenmpt0t64:amd64 (0.7.3-1.1build3) ...
2026-10-09T02:02:49.4431525Z Selecting previously unselected package libcjson1:amd64.
2026-10-09T02:02:49.4557389Z Preparing to unpack .../41-libcjson1_1.7.17-1_amd64.deb ...
2026-10-09T02:02:49.4564344Z Unpacking libcjson1:amd64 (1.7.17-1) ...
2026-10-09T02:02:49.4763098Z Selecting previously unselected package libmbedcrypto7t64:amd64.
2026-10-09T02:02:49.4888599Z Preparing to unpack .../42-libmbedcrypto7t64_2.28.8-1_amd64.deb ...
2026-10-09T02:02:49.4895358Z Unpacking libmbedcrypto7t64:amd64 (2.28.8-1) ...
2026-10-09T02:02:49.5111476Z Selecting previously unselected package librist4:amd64.
2026-10-09T02:02:49.5235911Z Preparing to unpack .../43-librist4_0.2.10+dfsg-2_amd64.deb ...
2026-10-09T02:02:49.5243212Z Unpacking librist4:amd64 (0.2.10+dfsg-2) ...
2026-10-09T02:02:49.5441618Z Selecting previously unselected package libsrt1.5-gnutls:amd64.
2026-10-09T02:02:49.5567974Z Preparing to unpack .../44-libsrt1.5-gnutls_1.5.3-1build2_amd64.deb ...
2026-10-09T02:02:49.5579222Z Unpacking libsrt1.5-gnutls:amd64 (1.5.3-1build2) ...
2026-10-09T02:02:49.5819371Z Selecting previously unselected package libssh-gcrypt-4:amd64.
2026-10-09T02:02:49.5945408Z Preparing to unpack .../45-libssh-gcrypt-4_0.10.6-2ubuntu0.5_amd64.deb ...
2026-10-09T02:02:49.5952313Z Unpacking libssh-gcrypt-4:amd64 (0.10.6-2ubuntu0.5) ...
2026-10-09T02:02:49.6178930Z Selecting previously unselected package libavformat60:amd64.
2026-10-09T02:02:49.6304031Z Preparing to unpack .../46-libavformat60_7%3a6.1.1-3ubuntu5_amd64.deb ...
2026-10-09T02:02:49.6311225Z Unpacking libavformat60:amd64 (7:6.1.1-3ubuntu5) ...
2026-10-09T02:02:49.7109063Z Selecting previously unselected package libbs2b0:amd64.
2026-10-09T02:02:49.7234298Z Preparing to unpack .../47-libbs2b0_3.1.0+dfsg-7build1_amd64.deb ...
2026-10-09T02:02:49.7390773Z Unpacking libbs2b0:amd64 (3.1.0+dfsg-7build1) ...
2026-10-09T02:02:49.7608616Z Selecting previously unselected package libflite1:amd64.
2026-10-09T02:02:49.7737621Z Preparing to unpack .../48-libflite1_2.2-6build3_amd64.deb ...
2026-10-09T02:02:49.7746462Z Unpacking libflite1:amd64 (2.2-6build3) ...
2026-10-09T02:02:49.8790335Z Selecting previously unselected package libserd-0-0:amd64.
2026-10-09T02:02:49.8916318Z Preparing to unpack .../49-libserd-0-0_0.32.2-1_amd64.deb ...
2026-10-09T02:02:49.8924403Z Unpacking libserd-0-0:amd64 (0.32.2-1) ...
2026-10-09T02:02:49.9121743Z Selecting previously unselected package libzix-0-0:amd64.
2026-10-09T02:02:49.9246759Z Preparing to unpack .../50-libzix-0-0_0.4.2-2build1_amd64.deb ...
2026-10-09T02:02:49.9253913Z Unpacking libzix-0-0:amd64 (0.4.2-2build1) ...
2026-10-09T02:02:49.9454367Z Selecting previously unselected package libsord-0-0:amd64.
2026-10-09T02:02:49.9580146Z Preparing to unpack .../51-libsord-0-0_0.16.16-2build1_amd64.deb ...
2026-10-09T02:02:49.9587017Z Unpacking libsord-0-0:amd64 (0.16.16-2build1) ...
2026-10-09T02:02:49.9781844Z Selecting previously unselected package libsratom-0-0:amd64.
2026-10-09T02:02:49.9906552Z Preparing to unpack .../52-libsratom-0-0_0.6.16-1build1_amd64.deb ...
2026-10-09T02:02:49.9913744Z Unpacking libsratom-0-0:amd64 (0.6.16-1build1) ...
2026-10-09T02:02:50.0114137Z Selecting previously unselected package liblilv-0-0:amd64.
2026-10-09T02:02:50.0239405Z Preparing to unpack .../53-liblilv-0-0_0.24.22-1build1_amd64.deb ...
2026-10-09T02:02:50.0249445Z Unpacking liblilv-0-0:amd64 (0.24.22-1build1) ...
2026-10-09T02:02:50.0448464Z Selecting previously unselected package libmysofa1:amd64.
2026-10-09T02:02:50.0573550Z Preparing to unpack .../54-libmysofa1_1.3.2+dfsg-2ubuntu2_amd64.deb ...
2026-10-09T02:02:50.0584499Z Unpacking libmysofa1:amd64 (1.3.2+dfsg-2ubuntu2) ...
2026-10-09T02:02:50.0825486Z Selecting previously unselected package libplacebo338:amd64.
2026-10-09T02:02:50.0951063Z Preparing to unpack .../55-libplacebo338_6.338.2-2build1_amd64.deb ...
2026-10-09T02:02:50.0960703Z Unpacking libplacebo338:amd64 (6.338.2-2build1) ...
2026-10-09T02:02:50.1480398Z Selecting previously unselected package libblas3:amd64.
2026-10-09T02:02:50.1607396Z Preparing to unpack .../56-libblas3_3.12.0-3build1.1_amd64.deb ...
2026-10-09T02:02:50.1636235Z Unpacking libblas3:amd64 (3.12.0-3build1.1) ...
2026-10-09T02:02:50.1865653Z Selecting previously unselected package liblapack3:amd64.
2026-10-09T02:02:50.1993000Z Preparing to unpack .../57-liblapack3_3.12.0-3build1.1_amd64.deb ...
2026-10-09T02:02:50.2025651Z Unpacking liblapack3:amd64 (3.12.0-3build1.1) ...
2026-10-09T02:02:50.2488648Z Selecting previously unselected package libasyncns0:amd64.
2026-10-09T02:02:50.2614905Z Preparing to unpack .../58-libasyncns0_0.8-6build4_amd64.deb ...
2026-10-09T02:02:50.2631230Z Unpacking libasyncns0:amd64 (0.8-6build4) ...
2026-10-09T02:02:50.2824988Z Selecting previously unselected package libflac12t64:amd64.
2026-10-09T02:02:50.2950741Z Preparing to unpack .../59-libflac12t64_1.4.3+ds-2.1ubuntu2_amd64.deb ...
2026-10-09T02:02:50.2958316Z Unpacking libflac12t64:amd64 (1.4.3+ds-2.1ubuntu2) ...
2026-10-09T02:02:50.3175939Z Selecting previously unselected package libsndfile1:amd64.
2026-10-09T02:02:50.3303886Z Preparing to unpack .../60-libsndfile1_1.2.2-1ubuntu5.24.04.1_amd64.deb ...
2026-10-09T02:02:50.3311605Z Unpacking libsndfile1:amd64 (1.2.2-1ubuntu5.24.04.1) ...
2026-10-09T02:02:50.3551768Z Selecting previously unselected package libpulse0:amd64.
2026-10-09T02:02:50.3677882Z Preparing to unpack .../61-libpulse0_1%3a16.1+dfsg1-2ubuntu10.1_amd64.deb ...
2026-10-09T02:02:50.3744945Z Unpacking libpulse0:amd64 (1:16.1+dfsg1-2ubuntu10.1) ...
2026-10-09T02:02:50.3991878Z Selecting previously unselected package libsphinxbase3t64:amd64.
2026-10-09T02:02:50.4117093Z Preparing to unpack .../62-libsphinxbase3t64_0.8+5prealpha+1-17build2_amd64.deb ...
2026-10-09T02:02:50.4125910Z Unpacking libsphinxbase3t64:amd64 (0.8+5prealpha+1-17build2) ...
2026-10-09T02:02:50.4337446Z Selecting previously unselected package libpocketsphinx3:amd64.
2026-10-09T02:02:50.4463058Z Preparing to unpack .../63-libpocketsphinx3_0.8.0+real5prealpha+1-15ubuntu5_amd64.deb ...
2026-10-09T02:02:50.4470701Z Unpacking libpocketsphinx3:amd64 (0.8.0+real5prealpha+1-15ubuntu5) ...
2026-10-09T02:02:50.4776559Z Selecting previously unselected package libpostproc57:amd64.
2026-10-09T02:02:50.4903589Z Preparing to unpack .../64-libpostproc57_7%3a6.1.1-3ubuntu5_amd64.deb ...
2026-10-09T02:02:50.4913179Z Unpacking libpostproc57:amd64 (7:6.1.1-3ubuntu5) ...
2026-10-09T02:02:50.5119819Z Selecting previously unselected package libsamplerate0:amd64.
2026-10-09T02:02:50.5245767Z Preparing to unpack .../65-libsamplerate0_0.2.2-4build1_amd64.deb ...
2026-10-09T02:02:50.5254006Z Unpacking libsamplerate0:amd64 (0.2.2-4build1) ...
2026-10-09T02:02:50.5510479Z Selecting previously unselected package librubberband2:amd64.
2026-10-09T02:02:50.5636030Z Preparing to unpack .../66-librubberband2_3.3.0+dfsg-2build1_amd64.deb ...
2026-10-09T02:02:50.5644506Z Unpacking librubberband2:amd64 (3.3.0+dfsg-2build1) ...
2026-10-09T02:02:50.5868494Z Selecting previously unselected package libswscale7:amd64.
2026-10-09T02:02:50.5995142Z Preparing to unpack .../67-libswscale7_7%3a6.1.1-3ubuntu5_amd64.deb ...
2026-10-09T02:02:50.6003590Z Unpacking libswscale7:amd64 (7:6.1.1-3ubuntu5) ...
2026-10-09T02:02:50.6227023Z Selecting previously unselected package libvidstab1.1:amd64.
2026-10-09T02:02:50.6351803Z Preparing to unpack .../68-libvidstab1.1_1.1.0-2build1_amd64.deb ...
2026-10-09T02:02:50.6359653Z Unpacking libvidstab1.1:amd64 (1.1.0-2build1) ...
2026-10-09T02:02:50.6558656Z Selecting previously unselected package libzimg2:amd64.
2026-10-09T02:02:50.6682128Z Preparing to unpack .../69-libzimg2_3.0.5+ds1-1build1_amd64.deb ...
2026-10-09T02:02:50.6690917Z Unpacking libzimg2:amd64 (3.0.5+ds1-1build1) ...
2026-10-09T02:02:50.6944570Z Selecting previously unselected package libavfilter9:amd64.
2026-10-09T02:02:50.7068703Z Preparing to unpack .../70-libavfilter9_7%3a6.1.1-3ubuntu5_amd64.deb ...
2026-10-09T02:02:50.7076550Z Unpacking libavfilter9:amd64 (7:6.1.1-3ubuntu5) ...
2026-10-09T02:02:50.7746752Z Selecting previously unselected package libcaca0:amd64.
2026-10-09T02:02:50.7874275Z Preparing to unpack .../71-libcaca0_0.99.beta20-4ubuntu0.2_amd64.deb ...
2026-10-09T02:02:50.7884651Z Unpacking libcaca0:amd64 (0.99.beta20-4ubuntu0.2) ...
2026-10-09T02:02:50.8134606Z Selecting previously unselected package libcdio19t64:amd64.
2026-10-09T02:02:50.8261810Z Preparing to unpack .../72-libcdio19t64_2.1.0-4.1ubuntu1.2_amd64.deb ...
2026-10-09T02:02:50.8269383Z Unpacking libcdio19t64:amd64 (2.1.0-4.1ubuntu1.2) ...
2026-10-09T02:02:50.8480119Z Selecting previously unselected package libcdio-cdda2t64:amd64.
2026-10-09T02:02:50.8605796Z Preparing to unpack .../73-libcdio-cdda2t64_10.2+2.0.1-1.1build2_amd64.deb ...
2026-10-09T02:02:50.8613074Z Unpacking libcdio-cdda2t64:amd64 (10.2+2.0.1-1.1build2) ...
2026-10-09T02:02:50.8811698Z Selecting previously unselected package libcdio-paranoia2t64:amd64.
2026-10-09T02:02:50.8936887Z Preparing to unpack .../74-libcdio-paranoia2t64_10.2+2.0.1-1.1build2_amd64.deb ...
2026-10-09T02:02:50.8944033Z Unpacking libcdio-paranoia2t64:amd64 (10.2+2.0.1-1.1build2) ...
2026-10-09T02:02:50.9148998Z Selecting previously unselected package libdc1394-25:amd64.
2026-10-09T02:02:50.9281819Z Preparing to unpack .../75-libdc1394-25_2.2.6-4build1_amd64.deb ...
2026-10-09T02:02:50.9290982Z Unpacking libdc1394-25:amd64 (2.2.6-4build1) ...
2026-10-09T02:02:50.9495223Z Selecting previously unselected package libiec61883-0:amd64.
2026-10-09T02:02:50.9621039Z Preparing to unpack .../76-libiec61883-0_1.2.0-6build1_amd64.deb ...
2026-10-09T02:02:50.9628216Z Unpacking libiec61883-0:amd64 (1.2.0-6build1) ...
2026-10-09T02:02:50.9825060Z Selecting previously unselected package libjack-jackd2-0:amd64.
2026-10-09T02:02:50.9950647Z Preparing to unpack .../77-libjack-jackd2-0_1.9.21~dfsg-3ubuntu3_amd64.deb ...
2026-10-09T02:02:50.9957739Z Unpacking libjack-jackd2-0:amd64 (1.9.21~dfsg-3ubuntu3) ...
2026-10-09T02:02:51.0231242Z Selecting previously unselected package libopenal-data.
2026-10-09T02:02:51.0358647Z Preparing to unpack .../78-libopenal-data_1%3a1.23.1-4build1_all.deb ...
2026-10-09T02:02:51.0366663Z Unpacking libopenal-data (1:1.23.1-4build1) ...
2026-10-09T02:02:51.0592057Z Selecting previously unselected package libsndio7.0:amd64.
2026-10-09T02:02:51.0719569Z Preparing to unpack .../79-libsndio7.0_1.9.0-0.3build3_amd64.deb ...
2026-10-09T02:02:51.0728887Z Unpacking libsndio7.0:amd64 (1.9.0-0.3build3) ...
2026-10-09T02:02:51.0937993Z Selecting previously unselected package libopenal1:amd64.
2026-10-09T02:02:51.1063776Z Preparing to unpack .../80-libopenal1_1%3a1.23.1-4build1_amd64.deb ...
2026-10-09T02:02:51.1072482Z Unpacking libopenal1:amd64 (1:1.23.1-4build1) ...
2026-10-09T02:02:51.1420955Z Selecting previously unselected package libdecor-0-0:amd64.
2026-10-09T02:02:51.1549063Z Preparing to unpack .../81-libdecor-0-0_0.2.2-1build2_amd64.deb ...
2026-10-09T02:02:51.1556870Z Unpacking libdecor-0-0:amd64 (0.2.2-1build2) ...
2026-10-09T02:02:51.1755573Z Selecting previously unselected package libsdl2-2.0-0:amd64.
2026-10-09T02:02:51.1880982Z Preparing to unpack .../82-libsdl2-2.0-0_2.30.0+dfsg-1ubuntu3.1_amd64.deb ...
2026-10-09T02:02:51.1889764Z Unpacking libsdl2-2.0-0:amd64 (2.30.0+dfsg-1ubuntu3.1) ...
2026-10-09T02:02:51.2521009Z Selecting previously unselected package libxcb-shape0:amd64.
2026-10-09T02:02:51.2647621Z Preparing to unpack .../83-libxcb-shape0_1.15-1ubuntu2_amd64.deb ...
2026-10-09T02:02:51.2654555Z Unpacking libxcb-shape0:amd64 (1.15-1ubuntu2) ...
2026-10-09T02:02:51.2847088Z Selecting previously unselected package libxv1:amd64.
2026-10-09T02:02:51.2972902Z Preparing to unpack .../84-libxv1_2%3a1.0.11-1.1build1_amd64.deb ...
2026-10-09T02:02:51.2979305Z Unpacking libxv1:amd64 (2:1.0.11-1.1build1) ...
2026-10-09T02:02:51.3174290Z Selecting previously unselected package libavdevice60:amd64.
2026-10-09T02:02:51.3299045Z Preparing to unpack .../85-libavdevice60_7%3a6.1.1-3ubuntu5_amd64.deb ...
2026-10-09T02:02:51.3306744Z Unpacking libavdevice60:amd64 (7:6.1.1-3ubuntu5) ...
2026-10-09T02:02:51.3502737Z Selecting previously unselected package ffmpeg.
2026-10-09T02:02:51.3627336Z Preparing to unpack .../86-ffmpeg_7%3a6.1.1-3ubuntu5_amd64.deb ...
2026-10-09T02:02:51.3634515Z Unpacking ffmpeg (7:6.1.1-3ubuntu5) ...
2026-10-09T02:02:51.4042718Z Selecting previously unselected package libigdgmm12:amd64.
2026-10-09T02:02:51.4168905Z Preparing to unpack .../87-libigdgmm12_22.3.17+ds1-1ubuntu1_amd64.deb ...
2026-10-09T02:02:51.4176768Z Unpacking libigdgmm12:amd64 (22.3.17+ds1-1ubuntu1) ...
2026-10-09T02:02:51.4388023Z Selecting previously unselected package intel-media-va-driver:amd64.
2026-10-09T02:02:51.4514532Z Preparing to unpack .../88-intel-media-va-driver_24.1.0+dfsg1-1ubuntu0.2_amd64.deb ...
2026-10-09T02:02:51.4521439Z Unpacking intel-media-va-driver:amd64 (24.1.0+dfsg1-1ubuntu0.2) ...
2026-10-09T02:02:51.5159302Z Selecting previously unselected package libaacs0:amd64.
2026-10-09T02:02:51.5285674Z Preparing to unpack .../89-libaacs0_0.11.1-2build1_amd64.deb ...
2026-10-09T02:02:51.5292109Z Unpacking libaacs0:amd64 (0.11.1-2build1) ...
2026-10-09T02:02:51.5498800Z Selecting previously unselected package libbdplus0:amd64.
2026-10-09T02:02:51.5624730Z Preparing to unpack .../90-libbdplus0_0.2.0-3build1_amd64.deb ...
2026-10-09T02:02:51.5631655Z Unpacking libbdplus0:amd64 (0.2.0-3build1) ...
2026-10-09T02:02:51.5846357Z Selecting previously unselected package libdecor-0-plugin-1-gtk:amd64.
2026-10-09T02:02:51.5973089Z Preparing to unpack .../91-libdecor-0-plugin-1-gtk_0.2.2-1build2_amd64.deb ...
2026-10-09T02:02:51.5979677Z Unpacking libdecor-0-plugin-1-gtk:amd64 (0.2.2-1build2) ...
2026-10-09T02:02:51.6171082Z Selecting previously unselected package librsvg2-common:amd64.
2026-10-09T02:02:51.6296917Z Preparing to unpack .../92-librsvg2-common_2.58.0+dfsg-1ubuntu0.1_amd64.deb ...
2026-10-09T02:02:51.6308889Z Unpacking librsvg2-common:amd64 (2.58.0+dfsg-1ubuntu0.1) ...
2026-10-09T02:02:51.6517885Z Selecting previously unselected package mesa-va-drivers:amd64.
2026-10-09T02:02:51.6644166Z Preparing to unpack .../93-mesa-va-drivers_25.2.8-0ubuntu0.24.04.4_amd64.deb ...
2026-10-09T02:02:51.6652548Z Unpacking mesa-va-drivers:amd64 (25.2.8-0ubuntu0.24.04.4) ...
2026-10-09T02:02:51.6853164Z Selecting previously unselected package mesa-vdpau-drivers:amd64.
2026-10-09T02:02:51.6978550Z Preparing to unpack .../94-mesa-vdpau-drivers_25.2.8-0ubuntu0.24.04.4_amd64.deb ...
2026-10-09T02:02:51.6987315Z Unpacking mesa-vdpau-drivers:amd64 (25.2.8-0ubuntu0.24.04.4) ...
2026-10-09T02:02:51.7187059Z Selecting previously unselected package i965-va-driver:amd64.
2026-10-09T02:02:51.7312349Z Preparing to unpack .../95-i965-va-driver_2.4.1+dfsg1-1ubuntu0.2_amd64.deb ...
2026-10-09T02:02:51.7318238Z Unpacking i965-va-driver:amd64 (2.4.1+dfsg1-1ubuntu0.2) ...
2026-10-09T02:02:51.7560750Z Selecting previously unselected package va-driver-all:amd64.
2026-10-09T02:02:51.7686823Z Preparing to unpack .../96-va-driver-all_2.20.0-2ubuntu0.2_amd64.deb ...
2026-10-09T02:02:51.7693613Z Unpacking va-driver-all:amd64 (2.20.0-2ubuntu0.2) ...
2026-10-09T02:02:51.7875366Z Selecting previously unselected package vdpau-driver-all:amd64.
2026-10-09T02:02:51.8001995Z Preparing to unpack .../97-vdpau-driver-all_1.5-2build1_amd64.deb ...
2026-10-09T02:02:51.8008922Z Unpacking vdpau-driver-all:amd64 (1.5-2build1) ...
2026-10-09T02:02:51.8187826Z Selecting previously unselected package pocketsphinx-en-us.
2026-10-09T02:02:51.8311580Z Preparing to unpack .../98-pocketsphinx-en-us_0.8.0+real5prealpha+1-15ubuntu5_all.deb ...
2026-10-09T02:02:51.8318227Z Unpacking pocketsphinx-en-us (0.8.0+real5prealpha+1-15ubuntu5) ...
2026-10-09T02:02:52.0171529Z Setting up libgme0:amd64 (0.6.3-7build1) ...
2026-10-09T02:02:52.0192728Z Setting up libchromaprint1:amd64 (1.5.1-5) ...
2026-10-09T02:02:52.0212815Z Setting up libssh-gcrypt-4:amd64 (0.10.6-2ubuntu0.5) ...
2026-10-09T02:02:52.0231147Z Setting up libhwy1t64:amd64 (1.0.7-8.1build1) ...
2026-10-09T02:02:52.0251115Z Setting up libudfread0:amd64 (1.1.2-1build1) ...
2026-10-09T02:02:52.0271788Z Setting up libraw1394-11:amd64 (2.1.2-2build3) ...
2026-10-09T02:02:52.0290631Z Setting up libspeex1:amd64 (1.2.1-2ubuntu2.24.04.1) ...
2026-10-09T02:02:52.0309166Z Setting up libshine3:amd64 (3.1.1-2build1) ...
2026-10-09T02:02:52.0353298Z Setting up libcaca0:amd64 (0.99.beta20-4ubuntu0.2) ...
2026-10-09T02:02:52.0376583Z Setting up libvpl2 (2023.3.0-1build1) ...
2026-10-09T02:02:52.0399558Z Setting up libx264-164:amd64 (2:0.164.3108+git31e19f9-1) ...
2026-10-09T02:02:52.0419695Z Setting up libtwolame0:amd64 (0.4.0-2build3) ...
2026-10-09T02:02:52.0439977Z Setting up libmbedcrypto7t64:amd64 (2.28.8-1) ...
2026-10-09T02:02:52.0457441Z Setting up libgsm1:amd64 (1.0.22-1build1) ...
2026-10-09T02:02:52.0484692Z Setting up libsoxr0:amd64 (0.1.3-4build3) ...
2026-10-09T02:02:52.0511212Z Setting up libzix-0-0:amd64 (0.4.2-2build1) ...
2026-10-09T02:02:52.0531570Z Setting up libcodec2-1.2:amd64 (1.2.0-2build1) ...
2026-10-09T02:02:52.0551334Z Setting up libmysofa1:amd64 (1.3.2+dfsg-2ubuntu2) ...
2026-10-09T02:02:52.0569100Z Setting up libxcb-shape0:amd64 (1.15-1ubuntu2) ...
2026-10-09T02:02:52.0590381Z Setting up libcdio19t64:amd64 (2.1.0-4.1ubuntu1.2) ...
2026-10-09T02:02:52.0608860Z Setting up libsvtav1enc1d1:amd64 (1.7.0+dfsg-2build1) ...
2026-10-09T02:02:52.0628665Z Setting up libigdgmm12:amd64 (22.3.17+ds1-1ubuntu1) ...
2026-10-09T02:02:52.0658837Z Setting up libmpg123-0t64:amd64 (1.32.5-1ubuntu1.1) ...
2026-10-09T02:02:52.0679474Z Setting up libcjson1:amd64 (1.7.17-1) ...
2026-10-09T02:02:52.0698111Z Setting up libxvidcore4:amd64 (2:1.3.7-1build1) ...
2026-10-09T02:02:52.0718308Z Setting up librav1e0:amd64 (0.7.1-2) ...
2026-10-09T02:02:52.0736793Z Setting up libcdio-cdda2t64:amd64 (10.2+2.0.1-1.1build2) ...
2026-10-09T02:02:52.0757975Z Setting up librist4:amd64 (0.2.10+dfsg-2) ...
2026-10-09T02:02:52.0775581Z Setting up librsvg2-2:amd64 (2.58.0+dfsg-1ubuntu0.1) ...
2026-10-09T02:02:52.0795857Z Setting up libblas3:amd64 (3.12.0-3build1.1) ...
2026-10-09T02:02:52.0859566Z update-alternatives: using /usr/lib/x86_64-linux-gnu/blas/libblas.so.3 to provide /usr/lib/x86_64-linux-gnu/libblas.so.3 (libblas.so.3-x86_64-linux-gnu) in auto mode
2026-10-09T02:02:52.0875412Z Setting up libplacebo338:amd64 (6.338.2-2build1) ...
2026-10-09T02:02:52.0893928Z Setting up libva2:amd64 (2.20.0-2ubuntu0.2) ...
2026-10-09T02:02:52.0915296Z Setting up libopus0:amd64 (1.4-1build1) ...
2026-10-09T02:02:52.0936142Z Setting up libcdio-paranoia2t64:amd64 (10.2+2.0.1-1.1build2) ...
2026-10-09T02:02:52.0957220Z Setting up libdc1394-25:amd64 (2.2.6-4build1) ...
2026-10-09T02:02:52.0978913Z Setting up intel-media-va-driver:amd64 (24.1.0+dfsg1-1ubuntu0.2) ...
2026-10-09T02:02:52.0997374Z Setting up libxv1:amd64 (2:1.0.11-1.1build1) ...
2026-10-09T02:02:52.1020968Z Setting up libunibreak5:amd64 (5.1-2build1) ...
2026-10-09T02:02:52.1039680Z Setting up libaacs0:amd64 (0.11.1-2build1) ...
2026-10-09T02:02:52.1057745Z Setting up libjxl0.7:amd64 (0.7.0-10.2ubuntu6.1) ...
2026-10-09T02:02:52.1079032Z Setting up librsvg2-common:amd64 (2.58.0+dfsg-1ubuntu0.1) ...
2026-10-09T02:02:52.1131269Z Setting up pocketsphinx-en-us (0.8.0+real5prealpha+1-15ubuntu5) ...
2026-10-09T02:02:52.1161795Z Setting up libx265-199:amd64 (3.5-2build1) ...
2026-10-09T02:02:52.1180946Z Setting up libsndio7.0:amd64 (1.9.0-0.3build3) ...
2026-10-09T02:02:52.1200359Z Setting up libbdplus0:amd64 (0.2.0-3build1) ...
2026-10-09T02:02:52.1221599Z Setting up libvidstab1.1:amd64 (1.1.0-2build1) ...
2026-10-09T02:02:52.1240610Z Setting up libvpx9:amd64 (1.14.0-1ubuntu2.3) ...
2026-10-09T02:02:52.1260141Z Setting up libsrt1.5-gnutls:amd64 (1.5.3-1build2) ...
2026-10-09T02:02:52.1281190Z Setting up libflite1:amd64 (2.2-6build3) ...
2026-10-09T02:02:52.1303529Z Setting up libdav1d7:amd64 (1.4.1-1build1) ...
2026-10-09T02:02:52.1323817Z Setting up libva-drm2:amd64 (2.20.0-2ubuntu0.2) ...
2026-10-09T02:02:52.1344409Z Setting up ocl-icd-libopencl1:amd64 (2.3.2-1build1) ...
2026-10-09T02:02:52.1364159Z Setting up libasyncns0:amd64 (0.8-6build4) ...
2026-10-09T02:02:52.1386536Z Setting up libvdpau1:amd64 (1.5-2build1) ...
2026-10-09T02:02:52.1412692Z Setting up libbs2b0:amd64 (3.1.0+dfsg-7build1) ...
2026-10-09T02:02:52.1465455Z Setting up libtheora0:amd64 (1.1.1+dfsg.1-16.1build3) ...
2026-10-09T02:02:52.1488411Z Setting up libdecor-0-0:amd64 (0.2.2-1build2) ...
2026-10-09T02:02:52.1509811Z Setting up libzimg2:amd64 (3.0.5+ds1-1build1) ...
2026-10-09T02:02:52.1535840Z Setting up libopenal-data (1:1.23.1-4build1) ...
2026-10-09T02:02:52.1563353Z Setting up libflac12t64:amd64 (1.4.3+ds-2.1ubuntu2) ...
2026-10-09T02:02:52.1590251Z Setting up mesa-va-drivers:amd64 (25.2.8-0ubuntu0.24.04.4) ...
2026-10-09T02:02:52.1609165Z Setting up libbluray2:amd64 (1:1.3.4-1build1) ...
2026-10-09T02:02:52.1630704Z Setting up libsamplerate0:amd64 (0.2.2-4build1) ...
2026-10-09T02:02:52.1651480Z Setting up libva-x11-2:amd64 (2.20.0-2ubuntu0.2) ...
2026-10-09T02:02:52.1670195Z Setting up libdecor-0-plugin-1-gtk:amd64 (0.2.2-1build2) ...
2026-10-09T02:02:52.1691095Z Setting up libopenmpt0t64:amd64 (0.7.3-1.1build3) ...
2026-10-09T02:02:52.1709937Z Setting up libzvbi-common (0.2.42-2) ...
2026-10-09T02:02:52.1728052Z Setting up libmp3lame0:amd64 (3.100-6build1) ...
2026-10-09T02:02:52.1756891Z Setting up i965-va-driver:amd64 (2.4.1+dfsg1-1ubuntu0.2) ...
2026-10-09T02:02:52.1775818Z Setting up libvorbisenc2:amd64 (1.3.7-1build3) ...
2026-10-09T02:02:52.1795004Z Setting up libiec61883-0:amd64 (1.2.0-6build1) ...
2026-10-09T02:02:52.1815519Z Setting up libserd-0-0:amd64 (0.32.2-1) ...
2026-10-09T02:02:52.1834246Z Setting up libavc1394-0:amd64 (0.5.4-5build3) ...
2026-10-09T02:02:52.1857290Z Setting up mesa-vdpau-drivers:amd64 (25.2.8-0ubuntu0.24.04.4) ...
2026-10-09T02:02:52.1877589Z Setting up liblapack3:amd64 (3.12.0-3build1.1) ...
2026-10-09T02:02:52.1937247Z update-alternatives: using /usr/lib/x86_64-linux-gnu/lapack/liblapack.so.3 to provide /usr/lib/x86_64-linux-gnu/liblapack.so.3 (liblapack.so.3-x86_64-linux-gnu) in auto mode
2026-10-09T02:02:52.1952997Z Setting up libzvbi0t64:amd64 (0.2.42-2) ...
2026-10-09T02:02:52.1976540Z Setting up libavutil58:amd64 (7:6.1.1-3ubuntu5) ...
2026-10-09T02:02:52.1997462Z Setting up libopenal1:amd64 (1:1.23.1-4build1) ...
2026-10-09T02:02:52.2019257Z Setting up libass9:amd64 (1:0.17.1-2build1) ...
2026-10-09T02:02:52.2039334Z Setting up libswresample4:amd64 (7:6.1.1-3ubuntu5) ...
2026-10-09T02:02:52.2061829Z Setting up va-driver-all:amd64 (2.20.0-2ubuntu0.2) ...
2026-10-09T02:02:52.2083535Z Setting up libavcodec60:amd64 (7:6.1.1-3ubuntu5) ...
2026-10-09T02:02:52.2104649Z Setting up librubberband2:amd64 (3.3.0+dfsg-2build1) ...
2026-10-09T02:02:52.2365028Z Setting up libjack-jackd2-0:amd64 (1.9.21~dfsg-3ubuntu3) ...
2026-10-09T02:02:52.2387838Z Setting up vdpau-driver-all:amd64 (1.5-2build1) ...
2026-10-09T02:02:52.2408803Z Setting up libsord-0-0:amd64 (0.16.16-2build1) ...
2026-10-09T02:02:52.2427474Z Setting up libpostproc57:amd64 (7:6.1.1-3ubuntu5) ...
2026-10-09T02:02:52.2450756Z Setting up libsratom-0-0:amd64 (0.6.16-1build1) ...
2026-10-09T02:02:52.2468506Z Setting up libsndfile1:amd64 (1.2.2-1ubuntu5.24.04.1) ...
2026-10-09T02:02:52.2488177Z Setting up liblilv-0-0:amd64 (0.24.22-1build1) ...
2026-10-09T02:02:52.2508465Z Setting up libswscale7:amd64 (7:6.1.1-3ubuntu5) ...
2026-10-09T02:02:52.2527022Z Setting up libpulse0:amd64 (1:16.1+dfsg1-2ubuntu10.1) ...
2026-10-09T02:02:52.2698060Z Setting up libavformat60:amd64 (7:6.1.1-3ubuntu5) ...
2026-10-09T02:02:52.2716965Z Setting up libsphinxbase3t64:amd64 (0.8+5prealpha+1-17build2) ...
2026-10-09T02:02:52.2739589Z Setting up libsdl2-2.0-0:amd64 (2.30.0+dfsg-1ubuntu3.1) ...
2026-10-09T02:02:52.2761378Z Setting up libpocketsphinx3:amd64 (0.8.0+real5prealpha+1-15ubuntu5) ...
2026-10-09T02:02:52.2780853Z Setting up libavfilter9:amd64 (7:6.1.1-3ubuntu5) ...
2026-10-09T02:02:52.2805039Z Setting up libavdevice60:amd64 (7:6.1.1-3ubuntu5) ...
2026-10-09T02:02:52.2824671Z Setting up ffmpeg (7:6.1.1-3ubuntu5) ...
2026-10-09T02:02:52.2849787Z Processing triggers for man-db (2.12.0-4build2) ...
2026-10-09T02:02:52.2872090Z Not building database; man-db/auto-update is not 'true'.
2026-10-09T02:02:52.2886517Z Processing triggers for libgdk-pixbuf-2.0-0:amd64 (2.42.10+dfsg-3ubuntu3.3) ...
2026-10-09T02:02:52.3279088Z Processing triggers for libc-bin (2.39-0ubuntu8.9) ...
2026-10-09T02:02:53.0209088Z 
2026-10-09T02:02:53.0209787Z Running kernel seems to be up-to-date.
2026-10-09T02:02:53.0210214Z 
2026-10-09T02:02:53.0210996Z No services need to be restarted.
2026-10-09T02:02:53.0211309Z 
2026-10-09T02:02:53.0211576Z No containers need to be restarted.
2026-10-09T02:02:53.0211912Z 
2026-10-09T02:02:53.0212487Z No user sessions are running outdated binaries.
2026-10-09T02:02:53.0212880Z 
2026-10-09T02:02:53.0213385Z No VM guests are running outdated hypervisor (qemu) binaries on this host.
2026-10-09T02:02:53.9431134Z ffprobe version 6.1.1-3ubuntu5 Copyright (c) 2007-2023 the FFmpeg developers
2026-10-09T02:02:53.9431847Z built with gcc 13 (Ubuntu 13.2.0-23ubuntu3)
2026-10-09T02:02:53.9441467Z configuration: --prefix=/usr --extra-version=3ubuntu5 --toolchain=hardened --libdir=/usr/lib/x86_64-linux-gnu --incdir=/usr/include/x86_64-linux-gnu --arch=amd64 --enable-gpl --disable-stripping --disable-omx --enable-gnutls --enable-libaom --enable-libass --enable-libbs2b --enable-libcaca --enable-libcdio --enable-libcodec2 --enable-libdav1d --enable-libflite --enable-libfontconfig --enable-libfreetype --enable-libfribidi --enable-libglslang --enable-libgme --enable-libgsm --enable-libharfbuzz --enable-libmp3lame --enable-libmysofa --enable-libopenjpeg --enable-libopenmpt --enable-libopus --enable-librubberband --enable-libshine --enable-libsnappy --enable-libsoxr --enable-libspeex --enable-libtheora --enable-libtwolame --enable-libvidstab --enable-libvorbis --enable-libvpx --enable-libwebp --enable-libx265 --enable-libxml2 --enable-libxvid --enable-libzimg --enable-openal --enable-opencl --enable-opengl --disable-sndio --enable-libvpl --disable-libmfx --enable-libdc1394 --enable-libdrm --enable-libiec61883 --enable-chromaprint --enable-frei0r --enable-ladspa --enable-libbluray --enable-libjack --enable-libpulse --enable-librabbitmq --enable-librist --enable-libsrt --enable-libssh --enable-libsvtav1 --enable-libx264 --enable-libzmq --enable-libzvbi --enable-lv2 --enable-sdl2 --enable-libplacebo --enable-librav1e --enable-pocketsphinx --enable-librsvg --enable-libjxl --enable-shared
2026-10-09T02:02:53.9448688Z libavutil      58. 29.100 / 58. 29.100
2026-10-09T02:02:53.9449020Z libavcodec     60. 31.102 / 60. 31.102
2026-10-09T02:02:53.9449332Z libavformat    60. 16.100 / 60. 16.100
2026-10-09T02:02:53.9449643Z libavdevice    60.  3.100 / 60.  3.100
2026-10-09T02:02:53.9449956Z libavfilter     9. 12.100 /  9. 12.100
2026-10-09T02:02:53.9450258Z libswscale      7.  5.100 /  7.  5.100
2026-10-09T02:02:53.9450571Z libswresample   4. 12.100 /  4. 12.100
2026-10-09T02:02:53.9450876Z libpostproc    57.  3.100 / 57.  3.100
2026-10-09T02:02:53.9878419Z ffmpeg version 6.1.1-3ubuntu5 Copyright (c) 2000-2023 the FFmpeg developers
2026-10-09T02:02:53.9879076Z built with gcc 13 (Ubuntu 13.2.0-23ubuntu3)
2026-10-09T02:02:53.9888467Z configuration: --prefix=/usr --extra-version=3ubuntu5 --toolchain=hardened --libdir=/usr/lib/x86_64-linux-gnu --incdir=/usr/include/x86_64-linux-gnu --arch=amd64 --enable-gpl --disable-stripping --disable-omx --enable-gnutls --enable-libaom --enable-libass --enable-libbs2b --enable-libcaca --enable-libcdio --enable-libcodec2 --enable-libdav1d --enable-libflite --enable-libfontconfig --enable-libfreetype --enable-libfribidi --enable-libglslang --enable-libgme --enable-libgsm --enable-libharfbuzz --enable-libmp3lame --enable-libmysofa --enable-libopenjpeg --enable-libopenmpt --enable-libopus --enable-librubberband --enable-libshine --enable-libsnappy --enable-libsoxr --enable-libspeex --enable-libtheora --enable-libtwolame --enable-libvidstab --enable-libvorbis --enable-libvpx --enable-libwebp --enable-libx265 --enable-libxml2 --enable-libxvid --enable-libzimg --enable-openal --enable-opencl --enable-opengl --disable-sndio --enable-libvpl --disable-libmfx --enable-libdc1394 --enable-libdrm --enable-libiec61883 --enable-chromaprint --enable-frei0r --enable-ladspa --enable-libbluray --enable-libjack --enable-libpulse --enable-librabbitmq --enable-librist --enable-libsrt --enable-libssh --enable-libsvtav1 --enable-libx264 --enable-libzmq --enable-libzvbi --enable-lv2 --enable-sdl2 --enable-libplacebo --enable-librav1e --enable-pocketsphinx --enable-librsvg --enable-libjxl --enable-shared
2026-10-09T02:02:53.9894608Z libavutil      58. 29.100 / 58. 29.100
2026-10-09T02:02:53.9894953Z libavcodec     60. 31.102 / 60. 31.102
2026-10-09T02:02:53.9895280Z libavformat    60. 16.100 / 60. 16.100
2026-10-09T02:02:53.9895600Z libavdevice    60.  3.100 / 60.  3.100
2026-10-09T02:02:53.9895928Z libavfilter     9. 12.100 /  9. 12.100
2026-10-09T02:02:53.9896247Z libswscale      7.  5.100 /  7.  5.100
2026-10-09T02:02:53.9896570Z libswresample   4. 12.100 /  4. 12.100
2026-10-09T02:02:53.9896900Z libpostproc    57.  3.100 / 57.  3.100
2026-10-09T02:02:53.9941744Z ##[group]Run node --version
2026-10-09T02:02:53.9942072Z [36;1mnode --version[0m
2026-10-09T02:02:53.9942605Z [36;1mnproc[0m
2026-10-09T02:02:53.9942865Z [36;1mawk '/MemTotal/ { print }' /proc/meminfo[0m
2026-10-09T02:02:53.9943184Z [36;1mdf -Pk .[0m
2026-10-09T02:02:54.0006983Z shell: /usr/bin/bash -e {0}
2026-10-09T02:02:54.0007263Z env:
2026-10-09T02:02:54.0007541Z   G10_SOURCE_COMMIT: 4d7cbcaf864c2f29a39216c9a95a8081aa3c58cb
2026-10-09T02:02:54.0007901Z ##[endgroup]
2026-10-09T02:02:54.0115710Z v22.16.0
2026-10-09T02:02:54.0135858Z 4
2026-10-09T02:02:54.0155486Z MemTotal:       16373452 kB
2026-10-09T02:02:54.0176202Z Filesystem     1024-blocks     Used Available Capacity Mounted on
2026-10-09T02:02:54.0176933Z /dev/root        151263856 64420244  86827228      43% /
2026-10-09T02:02:54.0210912Z ##[group]Run npx playwright install --with-deps chromium
2026-10-09T02:02:54.0211344Z [36;1mnpx playwright install --with-deps chromium[0m
2026-10-09T02:02:54.0268812Z shell: /usr/bin/bash -e {0}
2026-10-09T02:02:54.0269084Z env:
2026-10-09T02:02:54.0269373Z   G10_SOURCE_COMMIT: 4d7cbcaf864c2f29a39216c9a95a8081aa3c58cb
2026-10-09T02:02:54.0269718Z ##[endgroup]
2026-10-09T02:02:54.8585377Z Installing dependencies...
2026-10-09T02:02:54.8645072Z Switching to root user to install dependencies...
2026-10-09T02:02:54.9396041Z Get:1 file:/etc/apt/apt-mirrors.txt Mirrorlist [139 B]
2026-10-09T02:02:55.0243899Z Hit:6 https://packages.microsoft.com/ubuntu/24.04/prod noble InRelease
2026-10-09T02:02:55.3413306Z Hit:2 https://archive.ubuntu.com/ubuntu noble InRelease
2026-10-09T02:02:55.4262837Z Hit:3 https://archive.ubuntu.com/ubuntu noble-updates InRelease
2026-10-09T02:02:55.5113065Z Hit:4 https://archive.ubuntu.com/ubuntu noble-backports InRelease
2026-10-09T02:02:55.5961044Z Hit:5 https://archive.ubuntu.com/ubuntu noble-security InRelease
2026-10-09T02:02:56.5793396Z Reading package lists...
2026-10-09T02:02:56.6017982Z Reading package lists...
2026-10-09T02:02:56.7756530Z Building dependency tree...
2026-10-09T02:02:56.7765136Z Reading state information...
2026-10-09T02:02:56.9150527Z libasound2t64 is already the newest version (1.2.11-1ubuntu0.3).
2026-10-09T02:02:56.9151584Z libasound2t64 set to manually installed.
2026-10-09T02:02:56.9152827Z libatk-bridge2.0-0t64 is already the newest version (2.52.0-1build1).
2026-10-09T02:02:56.9153782Z libatk-bridge2.0-0t64 set to manually installed.
2026-10-09T02:02:56.9154612Z libatk1.0-0t64 is already the newest version (2.52.0-1build1).
2026-10-09T02:02:56.9155396Z libatk1.0-0t64 set to manually installed.
2026-10-09T02:02:56.9156093Z libatspi2.0-0t64 is already the newest version (2.52.0-1build1).
2026-10-09T02:02:56.9156870Z libatspi2.0-0t64 set to manually installed.
2026-10-09T02:02:56.9157634Z libcairo2 is already the newest version (1.18.0-3build1).
2026-10-09T02:02:56.9158301Z libcairo2 set to manually installed.
2026-10-09T02:02:56.9159060Z libcups2t64 is already the newest version (2.4.7-1.2ubuntu7.14).
2026-10-09T02:02:56.9159823Z libcups2t64 set to manually installed.
2026-10-09T02:02:56.9160556Z libdbus-1-3 is already the newest version (1.14.10-4ubuntu4.1).
2026-10-09T02:02:56.9161325Z libdbus-1-3 set to manually installed.
2026-10-09T02:02:56.9162378Z libdrm2 is already the newest version (2.4.125-1ubuntu0.1~24.04.2).
2026-10-09T02:02:56.9163182Z libdrm2 set to manually installed.
2026-10-09T02:02:56.9163945Z libgbm1 is already the newest version (25.2.8-0ubuntu0.24.04.4).
2026-10-09T02:02:56.9165154Z libgbm1 set to manually installed.
2026-10-09T02:02:56.9165942Z libglib2.0-0t64 is already the newest version (2.80.0-6ubuntu3.9).
2026-10-09T02:02:56.9166694Z libglib2.0-0t64 set to manually installed.
2026-10-09T02:02:56.9167425Z libnspr4 is already the newest version (2:4.35-1.1build1).
2026-10-09T02:02:56.9168116Z libnspr4 set to manually installed.
2026-10-09T02:02:56.9168817Z libnss3 is already the newest version (2:3.98-1ubuntu0.2).
2026-10-09T02:02:56.9169484Z libnss3 set to manually installed.
2026-10-09T02:02:56.9170232Z libpango-1.0-0 is already the newest version (1.52.1+ds-1build1).
2026-10-09T02:02:56.9170971Z libpango-1.0-0 set to manually installed.
2026-10-09T02:02:56.9171687Z libx11-6 is already the newest version (2:1.8.7-1build1).
2026-10-09T02:02:56.9172579Z libx11-6 set to manually installed.
2026-10-09T02:02:56.9173245Z libxcb1 is already the newest version (1.15-1ubuntu2).
2026-10-09T02:02:56.9173891Z libxcb1 set to manually installed.
2026-10-09T02:02:56.9174640Z libxcomposite1 is already the newest version (1:0.4.5-1build3).
2026-10-09T02:02:56.9175387Z libxcomposite1 set to manually installed.
2026-10-09T02:02:56.9176138Z libxdamage1 is already the newest version (1:1.1.6-1build1).
2026-10-09T02:02:56.9176824Z libxdamage1 set to manually installed.
2026-10-09T02:02:56.9177821Z libxext6 is already the newest version (2:1.3.4-1build2).
2026-10-09T02:02:56.9178498Z libxext6 set to manually installed.
2026-10-09T02:02:56.9179200Z libxfixes3 is already the newest version (1:6.0.0-2build1).
2026-10-09T02:02:56.9179920Z libxfixes3 set to manually installed.
2026-10-09T02:02:56.9180669Z libxkbcommon0 is already the newest version (1.6.0-1build1).
2026-10-09T02:02:56.9181390Z libxkbcommon0 set to manually installed.
2026-10-09T02:02:56.9182130Z libxrandr2 is already the newest version (2:1.5.2-2build1).
2026-10-09T02:02:56.9183016Z libxrandr2 set to manually installed.
2026-10-09T02:02:56.9183733Z xvfb is already the newest version (2:21.1.12-1ubuntu1.8).
2026-10-09T02:02:56.9184691Z fonts-noto-color-emoji is already the newest version (2.047-0ubuntu0.24.04.1).
2026-10-09T02:02:56.9185686Z libfontconfig1 is already the newest version (2.15.0-1.1ubuntu2).
2026-10-09T02:02:56.9186432Z libfontconfig1 set to manually installed.
2026-10-09T02:02:56.9187182Z fonts-liberation is already the newest version (1:2.1.5-3).
2026-10-09T02:02:56.9187913Z fonts-liberation set to manually installed.
2026-10-09T02:02:56.9188620Z The following additional packages will be installed:
2026-10-09T02:02:56.9189240Z   xfonts-encodings xfonts-utils
2026-10-09T02:02:56.9189749Z Recommended packages:
2026-10-09T02:02:56.9190236Z   fonts-ipafont-mincho fonts-tlwg-loma
2026-10-09T02:02:56.9312623Z The following NEW packages will be installed:
2026-10-09T02:02:56.9313835Z   fonts-freefont-ttf fonts-ipafont-gothic fonts-tlwg-loma-otf fonts-unifont
2026-10-09T02:02:56.9319183Z   fonts-wqy-zenhei xfonts-cyrillic xfonts-encodings xfonts-scalable
2026-10-09T02:02:56.9319911Z   xfonts-utils
2026-10-09T02:02:56.9323836Z The following packages will be upgraded:
2026-10-09T02:02:56.9328247Z   libfreetype6
2026-10-09T02:02:56.9484746Z 1 upgraded, 9 newly installed, 0 to remove and 22 not upgraded.
2026-10-09T02:02:56.9485525Z Need to get 21.5 MB of archives.
2026-10-09T02:02:56.9486381Z After this operation, 79.5 MB of additional disk space will be used.
2026-10-09T02:02:56.9487353Z Get:1 file:/etc/apt/apt-mirrors.txt Mirrorlist [139 B]
2026-10-09T02:02:57.4285228Z Get:2 https://archive.ubuntu.com/ubuntu noble/universe amd64 fonts-ipafont-gothic all 00303-21ubuntu1 [3513 kB]
2026-10-09T02:02:58.6607636Z Get:3 https://archive.ubuntu.com/ubuntu noble/main amd64 fonts-freefont-ttf all 20211204+svn4273-2 [5641 kB]
2026-10-09T02:02:59.0214074Z Get:4 https://archive.ubuntu.com/ubuntu noble/universe amd64 fonts-tlwg-loma-otf all 1:0.7.3-1 [107 kB]
2026-10-09T02:02:59.1257253Z Get:5 https://archive.ubuntu.com/ubuntu noble/universe amd64 fonts-unifont all 1:15.1.01-1build1 [2993 kB]
2026-10-09T02:02:59.2685699Z Get:6 https://archive.ubuntu.com/ubuntu noble/universe amd64 fonts-wqy-zenhei all 0.9.45-8 [7472 kB]
2026-10-09T02:02:59.5151491Z Get:7 https://archive.ubuntu.com/ubuntu noble-updates/main amd64 libfreetype6 amd64 2.13.2+dfsg-1ubuntu0.2 [403 kB]
2026-10-09T02:02:59.6207442Z Get:8 https://archive.ubuntu.com/ubuntu noble/main amd64 xfonts-encodings all 1:1.0.5-0ubuntu2 [578 kB]
2026-10-09T02:02:59.7300702Z Get:9 https://archive.ubuntu.com/ubuntu noble/main amd64 xfonts-utils amd64 1:7.7+6build3 [94.4 kB]
2026-10-09T02:02:59.8341745Z Get:10 https://archive.ubuntu.com/ubuntu noble/universe amd64 xfonts-cyrillic all 1:1.0.5+nmu1 [384 kB]
2026-10-09T02:02:59.9399727Z Get:11 https://archive.ubuntu.com/ubuntu noble/main amd64 xfonts-scalable all 1:1.0.3-1.3 [304 kB]
2026-10-09T02:03:00.1913496Z Fetched 21.5 MB in 3s (7154 kB/s)
2026-10-09T02:03:00.2115745Z Selecting previously unselected package fonts-ipafont-gothic.
2026-10-09T02:03:00.2176333Z (Reading database ... 
2026-10-09T02:03:00.2177269Z (Reading database ... 5%
2026-10-09T02:03:00.2178103Z (Reading database ... 10%
2026-10-09T02:03:00.2178666Z (Reading database ... 15%
2026-10-09T02:03:00.2179218Z (Reading database ... 20%
2026-10-09T02:03:00.2179573Z (Reading database ... 25%
2026-10-09T02:03:00.2179907Z (Reading database ... 30%
2026-10-09T02:03:00.2180240Z (Reading database ... 35%
2026-10-09T02:03:00.2180778Z (Reading database ... 40%
2026-10-09T02:03:00.2181113Z (Reading database ... 45%
2026-10-09T02:03:00.2181443Z (Reading database ... 50%
2026-10-09T02:03:00.2198788Z (Reading database ... 55%
2026-10-09T02:03:00.2294638Z (Reading database ... 60%
2026-10-09T02:03:00.2322411Z (Reading database ... 65%
2026-10-09T02:03:00.2342123Z (Reading database ... 70%
2026-10-09T02:03:00.2377690Z (Reading database ... 75%
2026-10-09T02:03:00.2402741Z (Reading database ... 80%
2026-10-09T02:03:00.2534802Z (Reading database ... 85%
2026-10-09T02:03:00.2736200Z (Reading database ... 90%
2026-10-09T02:03:00.2813775Z (Reading database ... 95%
2026-10-09T02:03:00.2814303Z (Reading database ... 100%
2026-10-09T02:03:00.2814923Z (Reading database ... 203905 files and directories currently installed.)
2026-10-09T02:03:00.2854939Z Preparing to unpack .../0-fonts-ipafont-gothic_00303-21ubuntu1_all.deb ...
2026-10-09T02:03:00.2926026Z Unpacking fonts-ipafont-gothic (00303-21ubuntu1) ...
2026-10-09T02:03:00.5152589Z Selecting previously unselected package fonts-freefont-ttf.
2026-10-09T02:03:00.5278395Z Preparing to unpack .../1-fonts-freefont-ttf_20211204+svn4273-2_all.deb ...
2026-10-09T02:03:00.5284889Z Unpacking fonts-freefont-ttf (20211204+svn4273-2) ...
2026-10-09T02:03:00.6046863Z Selecting previously unselected package fonts-tlwg-loma-otf.
2026-10-09T02:03:00.6173554Z Preparing to unpack .../2-fonts-tlwg-loma-otf_1%3a0.7.3-1_all.deb ...
2026-10-09T02:03:00.6180334Z Unpacking fonts-tlwg-loma-otf (1:0.7.3-1) ...
2026-10-09T02:03:00.6381122Z Selecting previously unselected package fonts-unifont.
2026-10-09T02:03:00.6508906Z Preparing to unpack .../3-fonts-unifont_1%3a15.1.01-1build1_all.deb ...
2026-10-09T02:03:00.6516336Z Unpacking fonts-unifont (1:15.1.01-1build1) ...
2026-10-09T02:03:00.7552111Z Selecting previously unselected package fonts-wqy-zenhei.
2026-10-09T02:03:00.7678388Z Preparing to unpack .../4-fonts-wqy-zenhei_0.9.45-8_all.deb ...
2026-10-09T02:03:00.7772663Z Unpacking fonts-wqy-zenhei (0.9.45-8) ...
2026-10-09T02:03:01.2538837Z Preparing to unpack .../5-libfreetype6_2.13.2+dfsg-1ubuntu0.2_amd64.deb ...
2026-10-09T02:03:01.2568358Z Unpacking libfreetype6:amd64 (2.13.2+dfsg-1ubuntu0.2) over (2.13.2+dfsg-1ubuntu0.1) ...
2026-10-09T02:03:01.2811973Z Selecting previously unselected package xfonts-encodings.
2026-10-09T02:03:01.2940934Z Preparing to unpack .../6-xfonts-encodings_1%3a1.0.5-0ubuntu2_all.deb ...
2026-10-09T02:03:01.2948298Z Unpacking xfonts-encodings (1:1.0.5-0ubuntu2) ...
2026-10-09T02:03:01.3226142Z Selecting previously unselected package xfonts-utils.
2026-10-09T02:03:01.3354191Z Preparing to unpack .../7-xfonts-utils_1%3a7.7+6build3_amd64.deb ...
2026-10-09T02:03:01.3360549Z Unpacking xfonts-utils (1:7.7+6build3) ...
2026-10-09T02:03:01.3663055Z Selecting previously unselected package xfonts-cyrillic.
2026-10-09T02:03:01.3790974Z Preparing to unpack .../8-xfonts-cyrillic_1%3a1.0.5+nmu1_all.deb ...
2026-10-09T02:03:01.3798854Z Unpacking xfonts-cyrillic (1:1.0.5+nmu1) ...
2026-10-09T02:03:01.4141024Z Selecting previously unselected package xfonts-scalable.
2026-10-09T02:03:01.4269729Z Preparing to unpack .../9-xfonts-scalable_1%3a1.0.3-1.3_all.deb ...
2026-10-09T02:03:01.4276285Z Unpacking xfonts-scalable (1:1.0.3-1.3) ...
2026-10-09T02:03:01.4703667Z Setting up fonts-wqy-zenhei (0.9.45-8) ...
2026-10-09T02:03:01.4817369Z Setting up fonts-freefont-ttf (20211204+svn4273-2) ...
2026-10-09T02:03:01.4839279Z Setting up fonts-tlwg-loma-otf (1:0.7.3-1) ...
2026-10-09T02:03:01.4858125Z Setting up libfreetype6:amd64 (2.13.2+dfsg-1ubuntu0.2) ...
2026-10-09T02:03:01.4875913Z Setting up xfonts-encodings (1:1.0.5-0ubuntu2) ...
2026-10-09T02:03:01.4893193Z Setting up fonts-ipafont-gothic (00303-21ubuntu1) ...
2026-10-09T02:03:01.4960578Z update-alternatives: using /usr/share/fonts/opentype/ipafont-gothic/ipag.ttf to provide /usr/share/fonts/truetype/fonts-japanese-gothic.ttf (fonts-japanese-gothic.ttf) in auto mode
2026-10-09T02:03:01.4978645Z Setting up fonts-unifont (1:15.1.01-1build1) ...
2026-10-09T02:03:01.4997735Z Setting up xfonts-utils (1:7.7+6build3) ...
2026-10-09T02:03:01.5036085Z Setting up xfonts-cyrillic (1:1.0.5+nmu1) ...
2026-10-09T02:03:01.5319713Z Setting up xfonts-scalable (1:1.0.3-1.3) ...
2026-10-09T02:03:01.5588766Z Processing triggers for libc-bin (2.39-0ubuntu8.9) ...
2026-10-09T02:03:01.5750461Z Processing triggers for man-db (2.12.0-4build2) ...
2026-10-09T02:03:01.5766173Z Not building database; man-db/auto-update is not 'true'.
2026-10-09T02:03:01.5776886Z Processing triggers for fontconfig (2.15.0-1.1ubuntu2) ...
2026-10-09T02:03:02.1960369Z 
2026-10-09T02:03:02.1961136Z Running kernel seems to be up-to-date.
2026-10-09T02:03:02.1961624Z 
2026-10-09T02:03:02.1961823Z Restarting services...
2026-10-09T02:03:02.2040317Z  systemctl restart php8.3-fpm.service
2026-10-09T02:03:02.3093364Z 
2026-10-09T02:03:02.3095048Z No containers need to be restarted.
2026-10-09T02:03:02.3095470Z 
2026-10-09T02:03:02.3103302Z No user sessions are running outdated binaries.
2026-10-09T02:03:02.3103704Z 
2026-10-09T02:03:02.3104181Z No VM guests are running outdated hypervisor (qemu) binaries on this host.
2026-10-09T02:03:03.1687288Z Downloading Chromium 141.0.7390.37 (playwright build v1194) from https://cdn.playwright.dev/dbazure/download/playwright/builds/chromium/1194/chromium-linux.zip
2026-10-09T02:03:03.4632469Z |                                                                                |   0% of 173.9 MiB
2026-10-09T02:03:03.6334025Z |■■■■■■■■                                                                        |  10% of 173.9 MiB
2026-10-09T02:03:03.7189008Z |■■■■■■■■■■■■■■■■                                                                |  20% of 173.9 MiB
2026-10-09T02:03:03.8118400Z |■■■■■■■■■■■■■■■■■■■■■■■■                                                        |  30% of 173.9 MiB
2026-10-09T02:03:03.8892403Z |■■■■■■■■■■■■■■■■■■■■■■■■■■■■■■■■                                                |  40% of 173.9 MiB
2026-10-09T02:03:03.9540431Z |■■■■■■■■■■■■■■■■■■■■■■■■■■■■■■■■■■■■■■■■                                        |  50% of 173.9 MiB
2026-10-09T02:03:04.0206850Z |■■■■■■■■■■■■■■■■■■■■■■■■■■■■■■■■■■■■■■■■■■■■■■■■                                |  60% of 173.9 MiB
2026-10-09T02:03:04.1016700Z |■■■■■■■■■■■■■■■■■■■■■■■■■■■■■■■■■■■■■■■■■■■■■■■■■■■■■■■■                        |  70% of 173.9 MiB
2026-10-09T02:03:04.1892862Z |■■■■■■■■■■■■■■■■■■■■■■■■■■■■■■■■■■■■■■■■■■■■■■■■■■■■■■■■■■■■■■■■                |  80% of 173.9 MiB
2026-10-09T02:03:04.2589675Z |■■■■■■■■■■■■■■■■■■■■■■■■■■■■■■■■■■■■■■■■■■■■■■■■■■■■■■■■■■■■■■■■■■■■■■■■        |  90% of 173.9 MiB
2026-10-09T02:03:04.3495831Z |■■■■■■■■■■■■■■■■■■■■■■■■■■■■■■■■■■■■■■■■■■■■■■■■■■■■■■■■■■■■■■■■■■■■■■■■■■■■■■■■| 100% of 173.9 MiB
2026-10-09T02:03:08.0229758Z Chromium 141.0.7390.37 (playwright build v1194) downloaded to /home/runner/.cache/ms-playwright/chromium-1194
2026-10-09T02:03:08.0233236Z Downloading FFMPEG playwright build v1011 from https://cdn.playwright.dev/dbazure/download/playwright/builds/ffmpeg/1011/ffmpeg-linux.zip
2026-10-09T02:03:08.1956117Z |                                                                                |   0% of 2.3 MiB
2026-10-09T02:03:08.2035354Z |■■■■■■■■                                                                        |  10% of 2.3 MiB
2026-10-09T02:03:08.2101822Z |■■■■■■■■■■■■■■■■                                                                |  20% of 2.3 MiB
2026-10-09T02:03:08.2128547Z |■■■■■■■■■■■■■■■■■■■■■■■■                                                        |  30% of 2.3 MiB
2026-10-09T02:03:08.2162428Z |■■■■■■■■■■■■■■■■■■■■■■■■■■■■■■■■                                                |  40% of 2.3 MiB
2026-10-09T02:03:08.2202985Z |■■■■■■■■■■■■■■■■■■■■■■■■■■■■■■■■■■■■■■■■                                        |  50% of 2.3 MiB
2026-10-09T02:03:08.2225335Z |■■■■■■■■■■■■■■■■■■■■■■■■■■■■■■■■■■■■■■■■■■■■■■■■                                |  60% of 2.3 MiB
2026-10-09T02:03:08.2246545Z |■■■■■■■■■■■■■■■■■■■■■■■■■■■■■■■■■■■■■■■■■■■■■■■■■■■■■■■■                        |  70% of 2.3 MiB
2026-10-09T02:03:08.2265273Z |■■■■■■■■■■■■■■■■■■■■■■■■■■■■■■■■■■■■■■■■■■■■■■■■■■■■■■■■■■■■■■■■                |  80% of 2.3 MiB
2026-10-09T02:03:08.2285062Z |■■■■■■■■■■■■■■■■■■■■■■■■■■■■■■■■■■■■■■■■■■■■■■■■■■■■■■■■■■■■■■■■■■■■■■■■        |  90% of 2.3 MiB
2026-10-09T02:03:08.2300135Z |■■■■■■■■■■■■■■■■■■■■■■■■■■■■■■■■■■■■■■■■■■■■■■■■■■■■■■■■■■■■■■■■■■■■■■■■■■■■■■■■| 100% of 2.3 MiB
2026-10-09T02:03:08.2851490Z FFMPEG playwright build v1011 downloaded to /home/runner/.cache/ms-playwright/ffmpeg-1011
2026-10-09T02:03:08.2855621Z Downloading Chromium Headless Shell 141.0.7390.37 (playwright build v1194) from https://cdn.playwright.dev/dbazure/download/playwright/builds/chromium/1194/chromium-headless-shell-linux.zip
2026-10-09T02:03:08.4614927Z |                                                                                |   0% of 104.3 MiB
2026-10-09T02:03:08.5531827Z |■■■■■■■■                                                                        |  10% of 104.3 MiB
2026-10-09T02:03:08.6145314Z |■■■■■■■■■■■■■■■■                                                                |  20% of 104.3 MiB
2026-10-09T02:03:08.6631415Z |■■■■■■■■■■■■■■■■■■■■■■■■                                                        |  30% of 104.3 MiB
2026-10-09T02:03:08.7200233Z |■■■■■■■■■■■■■■■■■■■■■■■■■■■■■■■■                                                |  40% of 104.3 MiB
2026-10-09T02:03:08.7727173Z |■■■■■■■■■■■■■■■■■■■■■■■■■■■■■■■■■■■■■■■■                                        |  50% of 104.3 MiB
2026-10-09T02:03:08.8218132Z |■■■■■■■■■■■■■■■■■■■■■■■■■■■■■■■■■■■■■■■■■■■■■■■■                                |  60% of 104.3 MiB
2026-10-09T02:03:08.8814504Z |■■■■■■■■■■■■■■■■■■■■■■■■■■■■■■■■■■■■■■■■■■■■■■■■■■■■■■■■                        |  70% of 104.3 MiB
2026-10-09T02:03:08.9259143Z |■■■■■■■■■■■■■■■■■■■■■■■■■■■■■■■■■■■■■■■■■■■■■■■■■■■■■■■■■■■■■■■■                |  80% of 104.3 MiB
2026-10-09T02:03:08.9781753Z |■■■■■■■■■■■■■■■■■■■■■■■■■■■■■■■■■■■■■■■■■■■■■■■■■■■■■■■■■■■■■■■■■■■■■■■■        |  90% of 104.3 MiB
2026-10-09T02:03:09.0215783Z |■■■■■■■■■■■■■■■■■■■■■■■■■■■■■■■■■■■■■■■■■■■■■■■■■■■■■■■■■■■■■■■■■■■■■■■■■■■■■■■■| 100% of 104.3 MiB
2026-10-09T02:03:10.9147824Z Chromium Headless Shell 141.0.7390.37 (playwright build v1194) downloaded to /home/runner/.cache/ms-playwright/chromium_headless_shell-1194
2026-10-09T02:03:11.0007991Z ##[group]Run set -o pipefail
2026-10-09T02:03:11.0008335Z [36;1mset -o pipefail[0m
2026-10-09T02:03:11.0008752Z [36;1mnode scripts/check.mjs --stage 'browser' 2>&1 | tee '.work-stage-browser.stdout'[0m
2026-10-09T02:03:11.0071434Z shell: /usr/bin/bash -e {0}
2026-10-09T02:03:11.0071774Z env:
2026-10-09T02:03:11.0072055Z   G10_SOURCE_COMMIT: 4d7cbcaf864c2f29a39216c9a95a8081aa3c58cb
2026-10-09T02:03:11.0072769Z ##[endgroup]
2026-10-09T02:03:11.1521928Z 
2026-10-09T02:03:11.1522491Z > partybox-g10-checkers@1.0.0 build
2026-10-09T02:03:11.1523499Z > tsc --noEmit && node scripts/build.mjs
2026-10-09T02:03:11.1523923Z 
2026-10-09T02:03:24.1788886Z PASS: complete offline single-page game written to /home/runner/work/partybox-game-cores/partybox-game-cores/jobs/G10-checkers/.work/play.html; original six-piece data is read in bounded blocks.
2026-10-09T02:03:34.1179953Z node:internal/modules/run_main:123
2026-10-09T02:03:34.1180727Z     triggerUncaughtException(
2026-10-09T02:03:34.1181457Z     ^
2026-10-09T02:03:34.1181716Z 
2026-10-09T02:03:34.1182606Z AssertionError [ERR_ASSERTION]: ASSUMPTIONS.md
2026-10-09T02:03:34.1183411Z + actual - expected
2026-10-09T02:03:34.1183708Z 
2026-10-09T02:03:34.1184329Z + '2c5b3ae6992d4a31e3e70675bfcdf4e22bb98667be0eb16ccdcf5736dd3621f8'
2026-10-09T02:03:34.1185563Z - 'aa4417981f9467d4ef80f4db7776a51c563a3b4855261eba65dfeb9b6f8d8cd6'
2026-10-09T02:03:34.1186214Z 
2026-10-09T02:03:34.1187089Z     at file:///home/runner/work/partybox-game-cores/partybox-game-cores/jobs/G10-checkers/scripts/integrity.mjs:16:98
2026-10-09T02:03:34.1188198Z     at process.processTicksAndRejections (node:internal/process/task_queues:105:5) {
2026-10-09T02:03:34.1188830Z   generatedMessage: false,
2026-10-09T02:03:34.1189181Z   code: 'ERR_ASSERTION',
2026-10-09T02:03:34.1189780Z   actual: '2c5b3ae6992d4a31e3e70675bfcdf4e22bb98667be0eb16ccdcf5736dd3621f8',
2026-10-09T02:03:34.1190609Z   expected: 'aa4417981f9467d4ef80f4db7776a51c563a3b4855261eba65dfeb9b6f8d8cd6',
2026-10-09T02:03:34.1191123Z   operator: 'strictEqual'
2026-10-09T02:03:34.1191397Z }
2026-10-09T02:03:34.1191523Z 
2026-10-09T02:03:34.1191628Z Node.js v22.16.0
2026-10-09T02:03:34.1474630Z node:internal/modules/run_main:123
2026-10-09T02:03:34.1475182Z     triggerUncaughtException(
2026-10-09T02:03:34.1475521Z     ^
2026-10-09T02:03:34.1475672Z 
2026-10-09T02:03:34.1476383Z AssertionError [ERR_ASSERTION]: {"command":"node","args":["scripts/integrity.mjs","--sources"],"exitCode":1,"signal":null}
2026-10-09T02:03:34.1477314Z 
2026-10-09T02:03:34.1477433Z 1 !== 0
2026-10-09T02:03:34.1477579Z 
2026-10-09T02:03:34.1478168Z     at run (file:///home/runner/work/partybox-game-cores/partybox-game-cores/jobs/G10-checkers/scripts/check.mjs:20:10)
2026-10-09T02:03:34.1479163Z     at process.processTicksAndRejections (node:internal/process/task_queues:105:5)
2026-10-09T02:03:34.1480178Z     at async file:///home/runner/work/partybox-game-cores/partybox-game-cores/jobs/G10-checkers/scripts/check.mjs:24:1 {
2026-10-09T02:03:34.1480931Z   generatedMessage: false,
2026-10-09T02:03:34.1481261Z   code: 'ERR_ASSERTION',
2026-10-09T02:03:34.1481559Z   actual: 1,
2026-10-09T02:03:34.1481822Z   expected: 0,
2026-10-09T02:03:34.1482102Z   operator: 'strictEqual'
2026-10-09T02:03:34.1482662Z }
2026-10-09T02:03:34.1482798Z 
2026-10-09T02:03:34.1482909Z Node.js v22.16.0
2026-10-09T02:03:34.1521515Z ##[error]Process completed with exit code 1.
2026-10-09T02:03:34.1609322Z ##[group]Run actions/upload-artifact@v4
2026-10-09T02:03:34.1609632Z with:
2026-10-09T02:03:34.1609952Z   name: G10-stage-browser-4d7cbcaf864c2f29a39216c9a95a8081aa3c58cb
2026-10-09T02:03:34.1610718Z   path: jobs/G10-checkers/.work-stage-browser.stdout
jobs/G10-checkers/.work/checks
jobs/G10-checkers/.work/browser
jobs/G10-checkers/.work/media

2026-10-09T02:03:34.1611374Z   if-no-files-found: error
2026-10-09T02:03:34.1611624Z   include-hidden-files: true
2026-10-09T02:03:34.1611879Z   retention-days: 7
2026-10-09T02:03:34.1612098Z   compression-level: 6
2026-10-09T02:03:34.1612608Z   overwrite: false
2026-10-09T02:03:34.1612811Z env:
2026-10-09T02:03:34.1613073Z   G10_SOURCE_COMMIT: 4d7cbcaf864c2f29a39216c9a95a8081aa3c58cb
2026-10-09T02:03:34.1613407Z ##[endgroup]
2026-10-09T02:03:34.3276506Z (node:4555) [DEP0040] DeprecationWarning: The `punycode` module is deprecated. Please use a userland alternative instead.
2026-10-09T02:03:34.3277684Z (Use `node --trace-deprecation ...` to show where the warning was created)
2026-10-09T02:03:34.3364722Z Multiple search paths detected. Calculating the least common ancestor of all paths
2026-10-09T02:03:34.3369754Z The least common ancestor is /home/runner/work/partybox-game-cores/partybox-game-cores/jobs/G10-checkers. This will be the root directory of the artifact
2026-10-09T02:03:34.3371901Z With the provided path, there will be 1 file uploaded
2026-10-09T02:03:34.3375115Z Artifact name is valid!
2026-10-09T02:03:34.3376318Z Root directory input is valid!
2026-10-09T02:03:34.6017768Z Beginning upload of artifact content to blob storage
2026-10-09T02:03:34.6211276Z (node:4555) [DEP0169] DeprecationWarning: `url.parse()` behavior is not standardized and prone to errors that have security implications. Use the WHATWG URL API instead. CVEs are not issued for `url.parse()` vulnerabilities.
2026-10-09T02:03:34.7408062Z Uploaded bytes 826
2026-10-09T02:03:34.7770645Z Finished uploading artifact content to blob storage!
2026-10-09T02:03:34.7773467Z SHA256 digest of uploaded artifact zip is 7b6eb86cd3acc76616f52ba871b3a91eb6d98b4d0769975e8fddf58ec89419f5
2026-10-09T02:03:34.7774793Z Finalizing artifact upload
2026-10-09T02:03:35.0213180Z Artifact G10-stage-browser-4d7cbcaf864c2f29a39216c9a95a8081aa3c58cb.zip successfully finalized. Artifact ID 11591330192
2026-10-09T02:03:35.0216183Z Artifact G10-stage-browser-4d7cbcaf864c2f29a39216c9a95a8081aa3c58cb has been successfully uploaded! Final size is 826 bytes. Artifact ID is 11591330192
2026-10-09T02:03:35.0221229Z Artifact download URL: https://github.com/luisitin/partybox-game-cores/actions/runs/37872613471/artifacts/11591330192
2026-10-09T02:03:35.0426101Z Post job cleanup.
2026-10-09T02:03:35.1307165Z [command]/usr/bin/git version
2026-10-09T02:03:35.1352637Z git version 2.55.0
2026-10-09T02:03:35.1392913Z Temporarily overriding HOME='/home/runner/work/_temp/975ccac0-e008-42f1-afbe-c62a1a681465' before making global git config changes
2026-10-09T02:03:35.1394649Z Adding repository directory to the temporary git global config as a safe directory
2026-10-09T02:03:35.1398488Z [command]/usr/bin/git config --global --add safe.directory /home/runner/work/partybox-game-cores/partybox-game-cores
2026-10-09T02:03:35.1440095Z [command]/usr/bin/git config --local --name-only --get-regexp core\.sshCommand
2026-10-09T02:03:35.1475989Z [command]/usr/bin/git submodule foreach --recursive sh -c "git config --local --name-only --get-regexp 'core\.sshCommand' && git config --local --unset-all 'core.sshCommand' || :"
2026-10-09T02:03:35.1730505Z [command]/usr/bin/git config --local --name-only --get-regexp http\.https\:\/\/github\.com\/\.extraheader
2026-10-09T02:03:35.1756535Z http.https://github.com/.extraheader
2026-10-09T02:03:35.1769860Z [command]/usr/bin/git config --local --unset-all http.https://github.com/.extraheader
2026-10-09T02:03:35.1812682Z [command]/usr/bin/git submodule foreach --recursive sh -c "git config --local --name-only --get-regexp 'http\.https\:\/\/github\.com\/\.extraheader' && git config --local --unset-all 'http.https://github.com/.extraheader' || :"
2026-10-09T02:03:35.2074777Z [command]/usr/bin/git config --local --name-only --get-regexp ^includeIf\.gitdir:
2026-10-09T02:03:35.2117550Z [command]/usr/bin/git submodule foreach --recursive git config --local --show-origin --name-only --get-regexp remote.origin.url
2026-10-09T02:03:35.2540022Z Cleaning up orphan processes
2026-10-09T02:03:35.2918561Z ##[warning]Node.js 20 is deprecated. The following actions target Node.js 20 but are being forced to run on Node.js 24: actions/checkout@v4, actions/setup-node@v4, actions/upload-artifact@v4. For more information see: https://github.blog/changelog/2025-09-19-deprecation-of-node-20-on-github-actions-runners/
