2026-10-08T20:29:55.4407963Z Current runner version: '2.337.0'
2026-10-08T20:29:55.4426799Z ##[group]Runner Image Provisioner
2026-10-08T20:29:55.4427456Z Hosted Compute Agent
2026-10-08T20:29:55.4427811Z Version: 20261002.596
2026-10-08T20:29:55.4428178Z Commit: c3d12f3313a95f25162a1503be624f3b0617f8c0
2026-10-08T20:29:55.4428657Z Build Date: 2026-10-02T22:28:27Z
2026-10-08T20:29:55.4429216Z Worker ID: {ed2cb014-6aae-43a9-81d9-4ac4236c1c78}
2026-10-08T20:29:55.4429988Z Region: westus3
2026-10-08T20:29:55.4430323Z Cloud: Azure
2026-10-08T20:29:55.4430643Z ##[endgroup]
2026-10-08T20:29:55.4431633Z ##[group]Operating System
2026-10-08T20:29:55.4432038Z Ubuntu
2026-10-08T20:29:55.4432381Z 24.04.5
2026-10-08T20:29:55.4432702Z LTS
2026-10-08T20:29:55.4433011Z ##[endgroup]
2026-10-08T20:29:55.4433376Z ##[group]Runner Image
2026-10-08T20:29:55.4433743Z Image: ubuntu-24.04
2026-10-08T20:29:55.4434170Z Version: 20261004.327.1
2026-10-08T20:29:55.4434921Z Included Software: https://github.com/actions/runner-images/blob/ubuntu24/20261004.327/images/ubuntu/Ubuntu2404-Readme.md
2026-10-08T20:29:55.4435827Z Image Release: https://github.com/actions/runner-images/releases/tag/ubuntu24%2F20261004.327
2026-10-08T20:29:55.4436406Z ##[endgroup]
2026-10-08T20:29:55.4437130Z ##[group]GITHUB_TOKEN Permissions
2026-10-08T20:29:55.4438592Z Contents: read
2026-10-08T20:29:55.4439249Z Metadata: read
2026-10-08T20:29:55.4439634Z ##[endgroup]
2026-10-08T20:29:55.4441098Z Secret source: Actions
2026-10-08T20:29:55.4441707Z Cache mode: write
2026-10-08T20:29:55.4442221Z Prepare workflow directory
2026-10-08T20:29:55.4804761Z Prepare all required actions
2026-10-08T20:29:55.4852053Z Getting action download info
2026-10-08T20:29:55.7775149Z Download action repository 'actions/checkout@v4' (SHA:11d5960a326750d5838078e36cf38b85af677262)
2026-10-08T20:29:55.8677092Z Download action repository 'actions/setup-node@v4' (SHA:49933ea5288caeca8642d1e84afbd3f7d6820020)
2026-10-08T20:29:56.0073890Z Download action repository 'actions/download-artifact@v4' (SHA:d3f86a106a0bac45b974a628896c90dbdf5c8093)
2026-10-08T20:29:56.8075021Z Download action repository 'actions/upload-artifact@v4' (SHA:ea165f8d65b6e75b540449e92b4886f43607fa02)
2026-10-08T20:29:57.0027741Z Complete job name: delivery
2026-10-08T20:29:57.0501549Z ##[group]Run actions/checkout@v4
2026-10-08T20:29:57.0502002Z with:
2026-10-08T20:29:57.0502274Z   ref: 6de661bc96798b8c9ed146e7a6cafcfa37bca150
2026-10-08T20:29:57.0502629Z   repository: luisitin/partybox-game-cores
2026-10-08T20:29:57.0504738Z   token: ***
2026-10-08T20:29:57.0504975Z   ssh-strict: true
2026-10-08T20:29:57.0505212Z   ssh-user: git
2026-10-08T20:29:57.0505457Z   persist-credentials: true
2026-10-08T20:29:57.0505721Z   clean: true
2026-10-08T20:29:57.0505970Z   sparse-checkout-cone-mode: true
2026-10-08T20:29:57.0506252Z   fetch-depth: 1
2026-10-08T20:29:57.0506488Z   fetch-tags: false
2026-10-08T20:29:57.0506745Z   show-progress: true
2026-10-08T20:29:57.0507000Z   lfs: false
2026-10-08T20:29:57.0507234Z   submodules: false
2026-10-08T20:29:57.0507478Z   set-safe-directory: true
2026-10-08T20:29:57.0507776Z   allow-unsafe-pr-checkout: false
2026-10-08T20:29:57.0508136Z env:
2026-10-08T20:29:57.0508460Z   G10_SOURCE_COMMIT: 6de661bc96798b8c9ed146e7a6cafcfa37bca150
2026-10-08T20:29:57.0508813Z ##[endgroup]
2026-10-08T20:29:57.1197633Z Syncing repository: luisitin/partybox-game-cores
2026-10-08T20:29:57.1199450Z ##[group]Getting Git version info
2026-10-08T20:29:57.1200177Z Working directory is '/home/runner/work/partybox-game-cores/partybox-game-cores'
2026-10-08T20:29:57.1201303Z [command]/usr/bin/git version
2026-10-08T20:29:57.1268596Z git version 2.55.0
2026-10-08T20:29:57.1286158Z ##[endgroup]
2026-10-08T20:29:57.1298396Z Temporarily overriding HOME='/home/runner/work/_temp/8d8cf8fe-b9e7-4684-981f-75b568b9a192' before making global git config changes
2026-10-08T20:29:57.1299696Z Adding repository directory to the temporary git global config as a safe directory
2026-10-08T20:29:57.1302863Z [command]/usr/bin/git config --global --add safe.directory /home/runner/work/partybox-game-cores/partybox-game-cores
2026-10-08T20:29:57.1350479Z Deleting the contents of '/home/runner/work/partybox-game-cores/partybox-game-cores'
2026-10-08T20:29:57.1353713Z ##[group]Initializing the repository
2026-10-08T20:29:57.1356822Z [command]/usr/bin/git init /home/runner/work/partybox-game-cores/partybox-game-cores
2026-10-08T20:29:57.1493077Z hint: Using 'master' as the name for the initial branch. This default branch name
2026-10-08T20:29:57.1494250Z hint: will change to "main" in Git 3.0. To configure the initial branch name
2026-10-08T20:29:57.1495319Z hint: to use in all of your new repositories, which will suppress this warning,
2026-10-08T20:29:57.1496149Z hint: call:
2026-10-08T20:29:57.1496627Z hint:
2026-10-08T20:29:57.1497238Z hint: 	git config --global init.defaultBranch <name>
2026-10-08T20:29:57.1497925Z hint:
2026-10-08T20:29:57.1498566Z hint: Names commonly chosen instead of 'master' are 'main', 'trunk' and
2026-10-08T20:29:57.1499723Z hint: 'development'. The just-created branch can be renamed via this command:
2026-10-08T20:29:57.1500567Z hint:
2026-10-08T20:29:57.1501090Z hint: 	git branch -m <name>
2026-10-08T20:29:57.1501649Z hint:
2026-10-08T20:29:57.1502382Z hint: Disable this message with "git config set advice.defaultBranchName false"
2026-10-08T20:29:57.1503631Z Initialized empty Git repository in /home/runner/work/partybox-game-cores/partybox-game-cores/.git/
2026-10-08T20:29:57.1505948Z [command]/usr/bin/git remote add origin https://github.com/luisitin/partybox-game-cores
2026-10-08T20:29:57.1560907Z ##[endgroup]
2026-10-08T20:29:57.1561675Z ##[group]Disabling automatic garbage collection
2026-10-08T20:29:57.1563585Z [command]/usr/bin/git config --local gc.auto 0
2026-10-08T20:29:57.1602589Z ##[endgroup]
2026-10-08T20:29:57.1603228Z ##[group]Setting up auth
2026-10-08T20:29:57.1608200Z [command]/usr/bin/git config --local --name-only --get-regexp core\.sshCommand
2026-10-08T20:29:57.1641829Z [command]/usr/bin/git submodule foreach --recursive sh -c "git config --local --name-only --get-regexp 'core\.sshCommand' && git config --local --unset-all 'core.sshCommand' || :"
2026-10-08T20:29:57.1926951Z [command]/usr/bin/git config --local --name-only --get-regexp http\.https\:\/\/github\.com\/\.extraheader
2026-10-08T20:29:57.1956806Z [command]/usr/bin/git submodule foreach --recursive sh -c "git config --local --name-only --get-regexp 'http\.https\:\/\/github\.com\/\.extraheader' && git config --local --unset-all 'http.https://github.com/.extraheader' || :"
2026-10-08T20:29:57.2144095Z [command]/usr/bin/git config --local --name-only --get-regexp ^includeIf\.gitdir:
2026-10-08T20:29:57.2175282Z [command]/usr/bin/git submodule foreach --recursive git config --local --show-origin --name-only --get-regexp remote.origin.url
2026-10-08T20:29:57.2362374Z [command]/usr/bin/git config --local http.https://github.com/.extraheader AUTHORIZATION: basic ***
2026-10-08T20:29:57.2398595Z ##[endgroup]
2026-10-08T20:29:57.2399279Z ##[group]Fetching the repository
2026-10-08T20:29:57.2405364Z [command]/usr/bin/git -c protocol.version=2 fetch --no-tags --prune --no-recurse-submodules --depth=1 origin 6de661bc96798b8c9ed146e7a6cafcfa37bca150
2026-10-08T20:30:14.2802827Z From https://github.com/luisitin/partybox-game-cores
2026-10-08T20:30:14.2803438Z  * branch            6de661bc96798b8c9ed146e7a6cafcfa37bca150 -> FETCH_HEAD
2026-10-08T20:30:14.2805465Z ##[endgroup]
2026-10-08T20:30:14.2808185Z ##[group]Determining the checkout info
2026-10-08T20:30:14.2808725Z ##[endgroup]
2026-10-08T20:30:14.2812593Z [command]/usr/bin/git sparse-checkout disable
2026-10-08T20:30:14.2857449Z [command]/usr/bin/git config --local --unset-all extensions.worktreeConfig
2026-10-08T20:30:14.2885669Z ##[group]Checking out the ref
2026-10-08T20:30:14.2888782Z [command]/usr/bin/git checkout --progress --force 6de661bc96798b8c9ed146e7a6cafcfa37bca150
2026-10-08T20:30:15.5897215Z Updating files:  12% (191/1483)
2026-10-08T20:30:16.3961894Z Updating files:  13% (193/1483)
2026-10-08T20:30:16.4333375Z Updating files:  13% (205/1483)
2026-10-08T20:30:17.1441585Z Updating files:  14% (208/1483)
2026-10-08T20:30:17.3453928Z Updating files:  15% (223/1483)
2026-10-08T20:30:17.8461340Z Updating files:  15% (225/1483)
2026-10-08T20:30:18.3331218Z Updating files:  16% (238/1483)
2026-10-08T20:30:18.5050261Z Updating files:  16% (244/1483)
2026-10-08T20:30:18.6786386Z Updating files:  17% (253/1483)
2026-10-08T20:30:18.6793053Z Updating files:  18% (267/1483)
2026-10-08T20:30:18.6799131Z Updating files:  19% (282/1483)
2026-10-08T20:30:18.6807160Z Updating files:  20% (297/1483)
2026-10-08T20:30:18.6953217Z Updating files:  21% (312/1483)
2026-10-08T20:30:18.6959616Z Updating files:  22% (327/1483)
2026-10-08T20:30:18.6962339Z Updating files:  23% (342/1483)
2026-10-08T20:30:18.6966142Z Updating files:  24% (356/1483)
2026-10-08T20:30:18.7135378Z Updating files:  25% (371/1483)
2026-10-08T20:30:18.7138000Z Updating files:  26% (386/1483)
2026-10-08T20:30:18.7143558Z Updating files:  27% (401/1483)
2026-10-08T20:30:18.7148077Z Updating files:  28% (416/1483)
2026-10-08T20:30:18.7156092Z Updating files:  29% (431/1483)
2026-10-08T20:30:18.7164594Z Updating files:  30% (445/1483)
2026-10-08T20:30:18.7172696Z Updating files:  31% (460/1483)
2026-10-08T20:30:18.7179820Z Updating files:  32% (475/1483)
2026-10-08T20:30:18.7188812Z Updating files:  33% (490/1483)
2026-10-08T20:30:18.7195470Z Updating files:  34% (505/1483)
2026-10-08T20:30:18.7200123Z Updating files:  35% (520/1483)
2026-10-08T20:30:18.7207882Z Updating files:  36% (534/1483)
2026-10-08T20:30:18.7264507Z Updating files:  37% (549/1483)
2026-10-08T20:30:18.7336255Z Updating files:  38% (564/1483)
2026-10-08T20:30:18.7341377Z Updating files:  39% (579/1483)
2026-10-08T20:30:18.7368291Z Updating files:  40% (594/1483)
2026-10-08T20:30:18.7388986Z Updating files:  41% (609/1483)
2026-10-08T20:30:18.7394879Z Updating files:  42% (623/1483)
2026-10-08T20:30:18.7400210Z Updating files:  43% (638/1483)
2026-10-08T20:30:18.7407074Z Updating files:  44% (653/1483)
2026-10-08T20:30:18.7421247Z Updating files:  45% (668/1483)
2026-10-08T20:30:18.7556920Z Updating files:  46% (683/1483)
2026-10-08T20:30:18.7658125Z Updating files:  47% (698/1483)
2026-10-08T20:30:18.7703021Z Updating files:  48% (712/1483)
2026-10-08T20:30:18.7805984Z Updating files:  49% (727/1483)
2026-10-08T20:30:18.7846163Z Updating files:  50% (742/1483)
2026-10-08T20:30:18.7857304Z Updating files:  51% (757/1483)
2026-10-08T20:30:18.7862235Z Updating files:  52% (772/1483)
2026-10-08T20:30:18.7880457Z Updating files:  53% (786/1483)
2026-10-08T20:30:18.7905776Z Updating files:  54% (801/1483)
2026-10-08T20:30:18.7937133Z Updating files:  55% (816/1483)
2026-10-08T20:30:18.7941501Z Updating files:  56% (831/1483)
2026-10-08T20:30:18.7965499Z Updating files:  57% (846/1483)
2026-10-08T20:30:18.7989210Z Updating files:  58% (861/1483)
2026-10-08T20:30:18.8017252Z Updating files:  59% (875/1483)
2026-10-08T20:30:18.8040438Z Updating files:  60% (890/1483)
2026-10-08T20:30:18.8069891Z Updating files:  61% (905/1483)
2026-10-08T20:30:18.8087618Z Updating files:  62% (920/1483)
2026-10-08T20:30:18.8096427Z Updating files:  63% (935/1483)
2026-10-08T20:30:18.8112037Z Updating files:  64% (950/1483)
2026-10-08T20:30:18.8130680Z Updating files:  65% (964/1483)
2026-10-08T20:30:18.8152320Z Updating files:  66% (979/1483)
2026-10-08T20:30:18.8173781Z Updating files:  67% (994/1483)
2026-10-08T20:30:18.8203673Z Updating files:  68% (1009/1483)
2026-10-08T20:30:18.8217696Z Updating files:  69% (1024/1483)
2026-10-08T20:30:18.8236618Z Updating files:  70% (1039/1483)
2026-10-08T20:30:18.8259115Z Updating files:  71% (1053/1483)
2026-10-08T20:30:18.8282349Z Updating files:  72% (1068/1483)
2026-10-08T20:30:18.8313044Z Updating files:  73% (1083/1483)
2026-10-08T20:30:18.8348082Z Updating files:  74% (1098/1483)
2026-10-08T20:30:18.8355128Z Updating files:  75% (1113/1483)
2026-10-08T20:30:18.8360585Z Updating files:  76% (1128/1483)
2026-10-08T20:30:18.8374778Z Updating files:  77% (1142/1483)
2026-10-08T20:30:18.8381368Z Updating files:  78% (1157/1483)
2026-10-08T20:30:18.8386514Z Updating files:  79% (1172/1483)
2026-10-08T20:30:18.8391056Z Updating files:  80% (1187/1483)
2026-10-08T20:30:18.8395888Z Updating files:  81% (1202/1483)
2026-10-08T20:30:18.8399402Z Updating files:  82% (1217/1483)
2026-10-08T20:30:18.8409165Z Updating files:  83% (1231/1483)
2026-10-08T20:30:18.8428125Z Updating files:  84% (1246/1483)
2026-10-08T20:30:18.8433204Z Updating files:  85% (1261/1483)
2026-10-08T20:30:18.8437447Z Updating files:  86% (1276/1483)
2026-10-08T20:30:18.8447201Z Updating files:  87% (1291/1483)
2026-10-08T20:30:18.8456331Z Updating files:  88% (1306/1483)
2026-10-08T20:30:18.8482532Z Updating files:  89% (1320/1483)
2026-10-08T20:30:18.8531888Z Updating files:  90% (1335/1483)
2026-10-08T20:30:18.8547718Z Updating files:  91% (1350/1483)
2026-10-08T20:30:18.8557737Z Updating files:  92% (1365/1483)
2026-10-08T20:30:18.8660674Z Updating files:  93% (1380/1483)
2026-10-08T20:30:19.1068410Z Updating files:  94% (1395/1483)
2026-10-08T20:30:19.1071371Z Updating files:  95% (1409/1483)
2026-10-08T20:30:19.1076871Z Updating files:  96% (1424/1483)
2026-10-08T20:30:19.1082821Z Updating files:  97% (1439/1483)
2026-10-08T20:30:19.1088793Z Updating files:  98% (1454/1483)
2026-10-08T20:30:19.1094599Z Updating files:  99% (1469/1483)
2026-10-08T20:30:19.1094956Z Updating files: 100% (1483/1483)
2026-10-08T20:30:19.1095177Z Updating files: 100% (1483/1483), done.
2026-10-08T20:30:19.1111653Z Note: switching to '6de661bc96798b8c9ed146e7a6cafcfa37bca150'.
2026-10-08T20:30:19.1111885Z 
2026-10-08T20:30:19.1112048Z You are in 'detached HEAD' state. You can look around, make experimental
2026-10-08T20:30:19.1112473Z changes and commit them, and you can discard any commits you make in this
2026-10-08T20:30:19.1112793Z state without impacting any branches by switching back to a branch.
2026-10-08T20:30:19.1112940Z 
2026-10-08T20:30:19.1113045Z If you want to create a new branch to retain commits you create, you may
2026-10-08T20:30:19.1113301Z do so (now or later) by using -c with the switch command. Example:
2026-10-08T20:30:19.1113446Z 
2026-10-08T20:30:19.1113515Z   git switch -c <new-branch-name>
2026-10-08T20:30:19.1113613Z 
2026-10-08T20:30:19.1113867Z Or undo this operation with:
2026-10-08T20:30:19.1113960Z 
2026-10-08T20:30:19.1114011Z   git switch -
2026-10-08T20:30:19.1114085Z 
2026-10-08T20:30:19.1114201Z Turn off this advice by setting config variable advice.detachedHead to false
2026-10-08T20:30:19.1114368Z 
2026-10-08T20:30:19.1114494Z HEAD is now at 6de661b G10 install native video tools and retain complete CI errors
2026-10-08T20:30:19.1242632Z ##[endgroup]
2026-10-08T20:30:19.1287602Z [command]/usr/bin/git log -1 --format=%H
2026-10-08T20:30:19.1313639Z 6de661bc96798b8c9ed146e7a6cafcfa37bca150
2026-10-08T20:30:19.1501592Z ##[group]Run actions/setup-node@v4
2026-10-08T20:30:19.1501755Z with:
2026-10-08T20:30:19.1501871Z   node-version: 22.16.0
2026-10-08T20:30:19.1501993Z   cache: npm
2026-10-08T20:30:19.1502148Z   cache-dependency-path: jobs/G10-checkers/package-lock.json
2026-10-08T20:30:19.1502347Z   always-auth: false
2026-10-08T20:30:19.1502474Z   check-latest: false
2026-10-08T20:30:19.1503734Z   token: ***
2026-10-08T20:30:19.1503842Z env:
2026-10-08T20:30:19.1503990Z   G10_SOURCE_COMMIT: 6de661bc96798b8c9ed146e7a6cafcfa37bca150
2026-10-08T20:30:19.1504178Z ##[endgroup]
2026-10-08T20:30:19.2427391Z Attempting to download 22.16.0...
2026-10-08T20:30:19.2497025Z (node:2095) [DEP0040] DeprecationWarning: The `punycode` module is deprecated. Please use a userland alternative instead.
2026-10-08T20:30:19.2497435Z (Use `node --trace-deprecation ...` to show where the warning was created)
2026-10-08T20:30:20.4030851Z Acquiring 22.16.0 - x64 from https://github.com/actions/node-versions/releases/download/22.16.0-15177438473/node-22.16.0-linux-x64.tar.gz
2026-10-08T20:30:20.9354626Z Extracting ...
2026-10-08T20:30:20.9436818Z [command]/usr/bin/tar xz --strip 1 --warning=no-unknown-keyword --overwrite -C /home/runner/work/_temp/f5c7f425-7be9-4569-a5e0-2c496ccfc62a -f /home/runner/work/_temp/b9e52835-3db7-4657-b5b4-c929fdd834b8
2026-10-08T20:30:21.8126002Z Adding to the cache ...
2026-10-08T20:30:23.8670629Z ##[group]Environment details
2026-10-08T20:30:24.0227418Z node: v22.16.0
2026-10-08T20:30:24.0227678Z npm: 10.9.2
2026-10-08T20:30:24.0227853Z yarn: 1.22.22
2026-10-08T20:30:24.0228361Z ##[endgroup]
2026-10-08T20:30:24.0239880Z [command]/opt/hostedtoolcache/node/22.16.0/x64/bin/npm config get cache
2026-10-08T20:30:24.0873836Z /home/runner/.npm
2026-10-08T20:30:24.3075031Z Cache hit for: node-cache-Linux-x64-npm-b79e3f2344d4218dbbb2f93f566da8e1ac49738aa1184813b150890d461d0c8a
2026-10-08T20:30:24.3166991Z (node:2095) [DEP0169] DeprecationWarning: `url.parse()` behavior is not standardized and prone to errors that have security implications. Use the WHATWG URL API instead. CVEs are not issued for `url.parse()` vulnerabilities.
2026-10-08T20:30:25.5490627Z Received 8482113 of 12676417 (66.9%), 8.1 MBs/sec
2026-10-08T20:30:25.5953092Z Received 12676417 of 12676417 (100.0%), 11.5 MBs/sec
2026-10-08T20:30:25.5953495Z Cache Size: ~12 MB (12676417 B)
2026-10-08T20:30:25.5969467Z [command]/usr/bin/tar -xf /home/runner/work/_temp/f47218a7-8822-4f13-b224-08afcf887bbe/cache.tzst -P -C /home/runner/work/partybox-game-cores/partybox-game-cores --use-compress-program unzstd
2026-10-08T20:30:25.6170226Z Cache restored successfully
2026-10-08T20:30:25.6180226Z Cache restored from key: node-cache-Linux-x64-npm-b79e3f2344d4218dbbb2f93f566da8e1ac49738aa1184813b150890d461d0c8a
2026-10-08T20:30:25.6345323Z ##[group]Run npm ci --ignore-scripts --no-audit --no-fund
2026-10-08T20:30:25.6345613Z [36;1mnpm ci --ignore-scripts --no-audit --no-fund[0m
2026-10-08T20:30:25.6554433Z shell: /usr/bin/bash -e {0}
2026-10-08T20:30:25.6554636Z env:
2026-10-08T20:30:25.6554812Z   G10_SOURCE_COMMIT: 6de661bc96798b8c9ed146e7a6cafcfa37bca150
2026-10-08T20:30:25.6555016Z ##[endgroup]
2026-10-08T20:30:26.2106173Z 
2026-10-08T20:30:26.2112093Z added 6 packages in 514ms
2026-10-08T20:30:26.2501167Z ##[group]Run sudo apt-get update
2026-10-08T20:30:26.2501379Z [36;1msudo apt-get update[0m
2026-10-08T20:30:26.2501530Z [36;1msudo apt-get install -y ffmpeg[0m
2026-10-08T20:30:26.2501682Z [36;1mffprobe -version[0m
2026-10-08T20:30:26.2501813Z [36;1mffmpeg -version[0m
2026-10-08T20:30:26.2566753Z shell: /usr/bin/bash -e {0}
2026-10-08T20:30:26.2566901Z env:
2026-10-08T20:30:26.2568364Z   G10_SOURCE_COMMIT: 6de661bc96798b8c9ed146e7a6cafcfa37bca150
2026-10-08T20:30:26.2568557Z ##[endgroup]
2026-10-08T20:30:26.4063282Z Get:1 file:/etc/apt/apt-mirrors.txt Mirrorlist [144 B]
2026-10-08T20:30:26.4231869Z Get:6 https://packages.microsoft.com/ubuntu/24.04/prod noble InRelease [3600 B]
2026-10-08T20:30:26.4491465Z Hit:2 http://azure.archive.ubuntu.com/ubuntu noble InRelease
2026-10-08T20:30:26.4500947Z Get:3 http://azure.archive.ubuntu.com/ubuntu noble-updates InRelease [126 kB]
2026-10-08T20:30:26.4593001Z Get:4 http://azure.archive.ubuntu.com/ubuntu noble-backports InRelease [126 kB]
2026-10-08T20:30:26.4640898Z Get:5 http://azure.archive.ubuntu.com/ubuntu noble-security InRelease [126 kB]
2026-10-08T20:30:26.5276187Z Get:7 https://packages.microsoft.com/ubuntu/24.04/prod noble/main armhf Packages [12.3 kB]
2026-10-08T20:30:26.5410603Z Get:8 https://packages.microsoft.com/ubuntu/24.04/prod noble/main amd64 Packages [531 kB]
2026-10-08T20:30:26.5485049Z Get:9 https://packages.microsoft.com/ubuntu/24.04/prod noble/main all Packages [640 B]
2026-10-08T20:30:26.5515573Z Get:10 https://packages.microsoft.com/ubuntu/24.04/prod noble/main arm64 Packages [474 kB]
2026-10-08T20:30:26.6252473Z Get:11 http://azure.archive.ubuntu.com/ubuntu noble-updates/main amd64 Packages [1375 kB]
2026-10-08T20:30:26.6312083Z Get:12 http://azure.archive.ubuntu.com/ubuntu noble-updates/main Translation-en [306 kB]
2026-10-08T20:30:26.6340035Z Get:13 http://azure.archive.ubuntu.com/ubuntu noble-updates/universe amd64 Packages [1702 kB]
2026-10-08T20:30:26.6400063Z Get:14 http://azure.archive.ubuntu.com/ubuntu noble-updates/universe Translation-en [342 kB]
2026-10-08T20:30:26.6420273Z Get:15 http://azure.archive.ubuntu.com/ubuntu noble-updates/restricted amd64 Packages [1761 kB]
2026-10-08T20:30:26.6542590Z Get:16 http://azure.archive.ubuntu.com/ubuntu noble-updates/restricted Translation-en [401 kB]
2026-10-08T20:30:26.6574472Z Get:17 http://azure.archive.ubuntu.com/ubuntu noble-updates/multiverse amd64 Packages [55.0 kB]
2026-10-08T20:30:26.6592623Z Get:18 http://azure.archive.ubuntu.com/ubuntu noble-updates/multiverse Translation-en [14.3 kB]
2026-10-08T20:30:26.7150358Z Get:19 http://azure.archive.ubuntu.com/ubuntu noble-security/main amd64 Packages [1115 kB]
2026-10-08T20:30:26.7207809Z Get:20 http://azure.archive.ubuntu.com/ubuntu noble-security/main Translation-en [227 kB]
2026-10-08T20:30:26.7678449Z Get:21 http://azure.archive.ubuntu.com/ubuntu noble-security/universe amd64 Packages [1218 kB]
2026-10-08T20:30:26.7722641Z Get:22 http://azure.archive.ubuntu.com/ubuntu noble-security/universe Translation-en [245 kB]
2026-10-08T20:30:26.8820571Z Get:23 http://azure.archive.ubuntu.com/ubuntu noble-security/restricted amd64 Packages [1632 kB]
2026-10-08T20:30:27.0197442Z Get:24 http://azure.archive.ubuntu.com/ubuntu noble-security/restricted Translation-en [376 kB]
2026-10-08T20:30:27.0287901Z Get:25 http://azure.archive.ubuntu.com/ubuntu noble-security/multiverse Translation-en [11.6 kB]
2026-10-08T20:30:34.6838327Z Fetched 12.2 MB in 1s (11.9 MB/s)
2026-10-08T20:30:35.3221084Z Reading package lists...
2026-10-08T20:30:35.3466350Z Reading package lists...
2026-10-08T20:30:35.5447148Z Building dependency tree...
2026-10-08T20:30:35.5452957Z Reading state information...
2026-10-08T20:30:35.7338027Z The following additional packages will be installed:
2026-10-08T20:30:35.7339223Z   i965-va-driver intel-media-va-driver libaacs0 libass9 libasyncns0
2026-10-08T20:30:35.7339996Z   libavc1394-0 libavcodec60 libavdevice60 libavfilter9 libavformat60
2026-10-08T20:30:35.7341425Z   libavutil58 libbdplus0 libblas3 libbluray2 libbs2b0 libcaca0
2026-10-08T20:30:35.7342291Z   libcdio-cdda2t64 libcdio-paranoia2t64 libcdio19t64 libchromaprint1 libcjson1
2026-10-08T20:30:35.7343142Z   libcodec2-1.2 libdav1d7 libdc1394-25 libdecor-0-0 libdecor-0-plugin-1-gtk
2026-10-08T20:30:35.7343986Z   libflac12t64 libflite1 libgme0 libgsm1 libhwy1t64 libiec61883-0 libigdgmm12
2026-10-08T20:30:35.7344789Z   libjack-jackd2-0 libjxl0.7 liblapack3 liblilv-0-0 libmbedcrypto7t64
2026-10-08T20:30:35.7345496Z   libmp3lame0 libmpg123-0t64 libmysofa1 libopenal-data libopenal1
2026-10-08T20:30:35.7346135Z   libopenmpt0t64 libopus0 libplacebo338 libpocketsphinx3 libpostproc57
2026-10-08T20:30:35.7346853Z   libpulse0 librav1e0 libraw1394-11 librist4 librsvg2-2 librsvg2-common
2026-10-08T20:30:35.7347165Z   librubberband2 libsamplerate0 libsdl2-2.0-0 libserd-0-0 libshine3
2026-10-08T20:30:35.7347450Z   libsndfile1 libsndio7.0 libsord-0-0 libsoxr0 libspeex1 libsphinxbase3t64
2026-10-08T20:30:35.7347750Z   libsratom-0-0 libsrt1.5-gnutls libssh-gcrypt-4 libsvtav1enc1d1
2026-10-08T20:30:35.7348043Z   libswresample4 libswscale7 libtheora0 libtwolame0 libudfread0 libunibreak5
2026-10-08T20:30:35.7348359Z   libva-drm2 libva-x11-2 libva2 libvdpau1 libvidstab1.1 libvorbisenc2 libvpl2
2026-10-08T20:30:35.7348653Z   libvpx9 libx264-164 libx265-199 libxcb-shape0 libxv1 libxvidcore4 libzimg2
2026-10-08T20:30:35.7349072Z   libzix-0-0 libzvbi-common libzvbi0t64 mesa-va-drivers mesa-vdpau-drivers
2026-10-08T20:30:35.7349372Z   ocl-icd-libopencl1 pocketsphinx-en-us va-driver-all vdpau-driver-all
2026-10-08T20:30:35.7350832Z Suggested packages:
2026-10-08T20:30:35.7351169Z   ffmpeg-doc i965-va-driver-shaders libcuda1 libnvcuvid1 libnvidia-encode1
2026-10-08T20:30:35.7351620Z   libbluray-bdj jackd2 libportaudio2 opus-tools pulseaudio libraw1394-doc
2026-10-08T20:30:35.7351893Z   librsvg2-bin serdi sndiod sordi speex opencl-icd libvdpau-va-gl1
2026-10-08T20:30:35.8033494Z The following NEW packages will be installed:
2026-10-08T20:30:35.8034046Z   ffmpeg i965-va-driver intel-media-va-driver libaacs0 libass9 libasyncns0
2026-10-08T20:30:35.8035134Z   libavc1394-0 libavcodec60 libavdevice60 libavfilter9 libavformat60
2026-10-08T20:30:35.8035508Z   libavutil58 libbdplus0 libblas3 libbluray2 libbs2b0 libcaca0
2026-10-08T20:30:35.8035955Z   libcdio-cdda2t64 libcdio-paranoia2t64 libcdio19t64 libchromaprint1 libcjson1
2026-10-08T20:30:35.8036427Z   libcodec2-1.2 libdav1d7 libdc1394-25 libdecor-0-0 libdecor-0-plugin-1-gtk
2026-10-08T20:30:35.8036887Z   libflac12t64 libflite1 libgme0 libgsm1 libhwy1t64 libiec61883-0 libigdgmm12
2026-10-08T20:30:35.8037336Z   libjack-jackd2-0 libjxl0.7 liblapack3 liblilv-0-0 libmbedcrypto7t64
2026-10-08T20:30:35.8037741Z   libmp3lame0 libmpg123-0t64 libmysofa1 libopenal-data libopenal1
2026-10-08T20:30:35.8038031Z   libopenmpt0t64 libopus0 libplacebo338 libpocketsphinx3 libpostproc57
2026-10-08T20:30:35.8038312Z   libpulse0 librav1e0 libraw1394-11 librist4 librsvg2-2 librsvg2-common
2026-10-08T20:30:35.8039869Z   librubberband2 libsamplerate0 libsdl2-2.0-0 libserd-0-0 libshine3
2026-10-08T20:30:35.8040309Z   libsndfile1 libsndio7.0 libsord-0-0 libsoxr0 libspeex1 libsphinxbase3t64
2026-10-08T20:30:35.8040758Z   libsratom-0-0 libsrt1.5-gnutls libssh-gcrypt-4 libsvtav1enc1d1
2026-10-08T20:30:35.8041207Z   libswresample4 libswscale7 libtheora0 libtwolame0 libudfread0 libunibreak5
2026-10-08T20:30:35.8058810Z   libva-drm2 libva-x11-2 libva2 libvdpau1 libvidstab1.1 libvorbisenc2 libvpl2
2026-10-08T20:30:35.8059475Z   libvpx9 libx264-164 libx265-199 libxcb-shape0 libxv1 libxvidcore4 libzimg2
2026-10-08T20:30:35.8060001Z   libzix-0-0 libzvbi-common libzvbi0t64 mesa-va-drivers mesa-vdpau-drivers
2026-10-08T20:30:35.8070448Z   ocl-icd-libopencl1 pocketsphinx-en-us va-driver-all vdpau-driver-all
2026-10-08T20:30:35.8217182Z 0 upgraded, 99 newly installed, 0 to remove and 23 not upgraded.
2026-10-08T20:30:35.8217583Z Need to get 94.1 MB of archives.
2026-10-08T20:30:35.8217975Z After this operation, 227 MB of additional disk space will be used.
2026-10-08T20:30:35.8218755Z Get:1 file:/etc/apt/apt-mirrors.txt Mirrorlist [144 B]
2026-10-08T20:30:35.9082121Z Get:2 http://azure.archive.ubuntu.com/ubuntu noble-updates/universe amd64 libva2 amd64 2.20.0-2ubuntu0.2 [66.4 kB]
2026-10-08T20:30:35.9724357Z Get:3 http://azure.archive.ubuntu.com/ubuntu noble-updates/universe amd64 libva-drm2 amd64 2.20.0-2ubuntu0.2 [7124 B]
2026-10-08T20:30:36.0368059Z Get:4 http://azure.archive.ubuntu.com/ubuntu noble-updates/universe amd64 libva-x11-2 amd64 2.20.0-2ubuntu0.2 [12.0 kB]
2026-10-08T20:30:36.1013231Z Get:5 http://azure.archive.ubuntu.com/ubuntu noble/main amd64 libvdpau1 amd64 1.5-2build1 [27.8 kB]
2026-10-08T20:30:36.1658519Z Get:6 http://azure.archive.ubuntu.com/ubuntu noble/universe amd64 libvpl2 amd64 2023.3.0-1build1 [99.8 kB]
2026-10-08T20:30:36.2312941Z Get:7 http://azure.archive.ubuntu.com/ubuntu noble/universe amd64 ocl-icd-libopencl1 amd64 2.3.2-1build1 [38.5 kB]
2026-10-08T20:30:36.2958761Z Get:8 http://azure.archive.ubuntu.com/ubuntu noble/universe amd64 libavutil58 amd64 7:6.1.1-3ubuntu5 [401 kB]
2026-10-08T20:30:36.3688054Z Get:9 http://azure.archive.ubuntu.com/ubuntu noble/universe amd64 libcodec2-1.2 amd64 1.2.0-2build1 [8998 kB]
2026-10-08T20:30:36.6205117Z Get:10 http://azure.archive.ubuntu.com/ubuntu noble/universe amd64 libdav1d7 amd64 1.4.1-1build1 [604 kB]
2026-10-08T20:30:36.6937868Z Get:11 http://azure.archive.ubuntu.com/ubuntu noble/universe amd64 libgsm1 amd64 1.0.22-1build1 [27.8 kB]
2026-10-08T20:30:36.7583249Z Get:12 http://azure.archive.ubuntu.com/ubuntu noble/universe amd64 libhwy1t64 amd64 1.0.7-8.1build1 [584 kB]
2026-10-08T20:30:36.8690304Z Get:13 http://azure.archive.ubuntu.com/ubuntu noble-updates/universe amd64 libjxl0.7 amd64 0.7.0-10.2ubuntu6.1 [1001 kB]
2026-10-08T20:30:36.9975514Z Get:14 http://azure.archive.ubuntu.com/ubuntu noble/main amd64 libmp3lame0 amd64 3.100-6build1 [142 kB]
2026-10-08T20:30:37.0634919Z Get:15 http://azure.archive.ubuntu.com/ubuntu noble/main amd64 libopus0 amd64 1.4-1build1 [208 kB]
2026-10-08T20:30:37.1311500Z Get:16 http://azure.archive.ubuntu.com/ubuntu noble/universe amd64 librav1e0 amd64 0.7.1-2 [1022 kB]
2026-10-08T20:30:37.2173678Z Get:17 http://azure.archive.ubuntu.com/ubuntu noble-updates/main amd64 librsvg2-2 amd64 2.58.0+dfsg-1ubuntu0.1 [2141 kB]
2026-10-08T20:30:37.3289524Z Get:18 http://azure.archive.ubuntu.com/ubuntu noble/universe amd64 libshine3 amd64 3.1.1-2build1 [23.2 kB]
2026-10-08T20:30:37.3937268Z Get:19 http://azure.archive.ubuntu.com/ubuntu noble-updates/main amd64 libspeex1 amd64 1.2.1-2ubuntu2.24.04.1 [59.6 kB]
2026-10-08T20:30:37.4590030Z Get:20 http://azure.archive.ubuntu.com/ubuntu noble/universe amd64 libsvtav1enc1d1 amd64 1.7.0+dfsg-2build1 [2425 kB]
2026-10-08T20:30:37.5406492Z Get:21 http://azure.archive.ubuntu.com/ubuntu noble/universe amd64 libsoxr0 amd64 0.1.3-4build3 [80.0 kB]
2026-10-08T20:30:37.6055349Z Get:22 http://azure.archive.ubuntu.com/ubuntu noble/universe amd64 libswresample4 amd64 7:6.1.1-3ubuntu5 [63.8 kB]
2026-10-08T20:30:37.6704421Z Get:23 http://azure.archive.ubuntu.com/ubuntu noble/main amd64 libtheora0 amd64 1.1.1+dfsg.1-16.1build3 [211 kB]
2026-10-08T20:30:37.7360769Z Get:24 http://azure.archive.ubuntu.com/ubuntu noble/main amd64 libtwolame0 amd64 0.4.0-2build3 [52.3 kB]
2026-10-08T20:30:37.8012873Z Get:25 http://azure.archive.ubuntu.com/ubuntu noble/main amd64 libvorbisenc2 amd64 1.3.7-1build3 [80.8 kB]
2026-10-08T20:30:37.8665092Z Get:26 http://azure.archive.ubuntu.com/ubuntu noble-updates/main amd64 libvpx9 amd64 1.14.0-1ubuntu2.3 [1143 kB]
2026-10-08T20:30:37.9408085Z Get:27 http://azure.archive.ubuntu.com/ubuntu noble/universe amd64 libx264-164 amd64 2:0.164.3108+git31e19f9-1 [604 kB]
2026-10-08T20:30:38.0092746Z Get:28 http://azure.archive.ubuntu.com/ubuntu noble/universe amd64 libx265-199 amd64 3.5-2build1 [1226 kB]
2026-10-08T20:30:38.0826242Z Get:29 http://azure.archive.ubuntu.com/ubuntu noble/universe amd64 libxvidcore4 amd64 2:1.3.7-1build1 [219 kB]
2026-10-08T20:30:38.1497773Z Get:30 http://azure.archive.ubuntu.com/ubuntu noble/universe amd64 libzvbi-common all 0.2.42-2 [42.4 kB]
2026-10-08T20:30:38.2146733Z Get:31 http://azure.archive.ubuntu.com/ubuntu noble/universe amd64 libzvbi0t64 amd64 0.2.42-2 [261 kB]
2026-10-08T20:30:38.2792852Z Get:32 http://azure.archive.ubuntu.com/ubuntu noble/universe amd64 libavcodec60 amd64 7:6.1.1-3ubuntu5 [5851 kB]
2026-10-08T20:30:38.4590774Z Get:33 http://azure.archive.ubuntu.com/ubuntu noble/main amd64 libraw1394-11 amd64 2.1.2-2build3 [26.2 kB]
2026-10-08T20:30:38.5229524Z Get:34 http://azure.archive.ubuntu.com/ubuntu noble/main amd64 libavc1394-0 amd64 0.5.4-5build3 [15.4 kB]
2026-10-08T20:30:38.5862426Z Get:35 http://azure.archive.ubuntu.com/ubuntu noble/universe amd64 libunibreak5 amd64 5.1-2build1 [25.0 kB]
2026-10-08T20:30:38.6499806Z Get:36 http://azure.archive.ubuntu.com/ubuntu noble/universe amd64 libass9 amd64 1:0.17.1-2build1 [104 kB]
2026-10-08T20:30:38.7141200Z Get:37 http://azure.archive.ubuntu.com/ubuntu noble/universe amd64 libudfread0 amd64 1.1.2-1build1 [19.0 kB]
2026-10-08T20:30:38.7776793Z Get:38 http://azure.archive.ubuntu.com/ubuntu noble/universe amd64 libbluray2 amd64 1:1.3.4-1build1 [159 kB]
2026-10-08T20:30:38.8444729Z Get:39 http://azure.archive.ubuntu.com/ubuntu noble/universe amd64 libchromaprint1 amd64 1.5.1-5 [30.5 kB]
2026-10-08T20:30:38.9079029Z Get:40 http://azure.archive.ubuntu.com/ubuntu noble/universe amd64 libgme0 amd64 0.6.3-7build1 [134 kB]
2026-10-08T20:30:38.9722697Z Get:41 http://azure.archive.ubuntu.com/ubuntu noble-updates/main amd64 libmpg123-0t64 amd64 1.32.5-1ubuntu1.1 [169 kB]
2026-10-08T20:30:39.0379486Z Get:42 http://azure.archive.ubuntu.com/ubuntu noble/universe amd64 libopenmpt0t64 amd64 0.7.3-1.1build3 [647 kB]
2026-10-08T20:30:39.1148202Z Get:43 http://azure.archive.ubuntu.com/ubuntu noble/universe amd64 libcjson1 amd64 1.7.17-1 [24.8 kB]
2026-10-08T20:30:39.1795212Z Get:44 http://azure.archive.ubuntu.com/ubuntu noble/universe amd64 libmbedcrypto7t64 amd64 2.28.8-1 [209 kB]
2026-10-08T20:30:39.2467895Z Get:45 http://azure.archive.ubuntu.com/ubuntu noble/universe amd64 librist4 amd64 0.2.10+dfsg-2 [74.9 kB]
2026-10-08T20:30:39.3121563Z Get:46 http://azure.archive.ubuntu.com/ubuntu noble/universe amd64 libsrt1.5-gnutls amd64 1.5.3-1build2 [316 kB]
2026-10-08T20:30:39.3822305Z Get:47 http://azure.archive.ubuntu.com/ubuntu noble-updates/main amd64 libssh-gcrypt-4 amd64 0.10.6-2ubuntu0.5 [226 kB]
2026-10-08T20:30:39.4504524Z Get:48 http://azure.archive.ubuntu.com/ubuntu noble/universe amd64 libavformat60 amd64 7:6.1.1-3ubuntu5 [1153 kB]
2026-10-08T20:30:39.5376190Z Get:49 http://azure.archive.ubuntu.com/ubuntu noble/universe amd64 libbs2b0 amd64 3.1.0+dfsg-7build1 [10.6 kB]
2026-10-08T20:30:39.6026306Z Get:50 http://azure.archive.ubuntu.com/ubuntu noble/universe amd64 libflite1 amd64 2.2-6build3 [13.6 MB]
2026-10-08T20:30:40.0108137Z Get:51 http://azure.archive.ubuntu.com/ubuntu noble/universe amd64 libserd-0-0 amd64 0.32.2-1 [43.6 kB]
2026-10-08T20:30:40.0752407Z Get:52 http://azure.archive.ubuntu.com/ubuntu noble/universe amd64 libzix-0-0 amd64 0.4.2-2build1 [23.6 kB]
2026-10-08T20:30:40.1395635Z Get:53 http://azure.archive.ubuntu.com/ubuntu noble/universe amd64 libsord-0-0 amd64 0.16.16-2build1 [15.8 kB]
2026-10-08T20:30:40.2039248Z Get:54 http://azure.archive.ubuntu.com/ubuntu noble/universe amd64 libsratom-0-0 amd64 0.6.16-1build1 [17.3 kB]
2026-10-08T20:30:40.2682214Z Get:55 http://azure.archive.ubuntu.com/ubuntu noble/universe amd64 liblilv-0-0 amd64 0.24.22-1build1 [41.0 kB]
2026-10-08T20:30:40.3326890Z Get:56 http://azure.archive.ubuntu.com/ubuntu noble/universe amd64 libmysofa1 amd64 1.3.2+dfsg-2ubuntu2 [1158 kB]
2026-10-08T20:30:40.4249939Z Get:57 http://azure.archive.ubuntu.com/ubuntu noble/universe amd64 libplacebo338 amd64 6.338.2-2build1 [2654 kB]
2026-10-08T20:30:40.5442205Z Get:58 http://azure.archive.ubuntu.com/ubuntu noble-updates/main amd64 libblas3 amd64 3.12.0-3build1.1 [238 kB]
2026-10-08T20:30:40.6124460Z Get:59 http://azure.archive.ubuntu.com/ubuntu noble-updates/main amd64 liblapack3 amd64 3.12.0-3build1.1 [2646 kB]
2026-10-08T20:30:40.7295729Z Get:60 http://azure.archive.ubuntu.com/ubuntu noble/main amd64 libasyncns0 amd64 0.8-6build4 [11.3 kB]
2026-10-08T20:30:40.7942479Z Get:61 http://azure.archive.ubuntu.com/ubuntu noble/main amd64 libflac12t64 amd64 1.4.3+ds-2.1ubuntu2 [197 kB]
2026-10-08T20:30:40.8646055Z Get:62 http://azure.archive.ubuntu.com/ubuntu noble-updates/main amd64 libsndfile1 amd64 1.2.2-1ubuntu5.24.04.1 [209 kB]
2026-10-08T20:30:40.9307904Z Get:63 http://azure.archive.ubuntu.com/ubuntu noble-updates/main amd64 libpulse0 amd64 1:16.1+dfsg1-2ubuntu10.1 [292 kB]
2026-10-08T20:30:41.0072862Z Get:64 http://azure.archive.ubuntu.com/ubuntu noble/universe amd64 libsphinxbase3t64 amd64 0.8+5prealpha+1-17build2 [126 kB]
2026-10-08T20:30:41.0723289Z Get:65 http://azure.archive.ubuntu.com/ubuntu noble/universe amd64 libpocketsphinx3 amd64 0.8.0+real5prealpha+1-15ubuntu5 [133 kB]
2026-10-08T20:30:41.1383297Z Get:66 http://azure.archive.ubuntu.com/ubuntu noble/universe amd64 libpostproc57 amd64 7:6.1.1-3ubuntu5 [49.9 kB]
2026-10-08T20:30:41.2030630Z Get:67 http://azure.archive.ubuntu.com/ubuntu noble/main amd64 libsamplerate0 amd64 0.2.2-4build1 [1344 kB]
2026-10-08T20:30:41.2838673Z Get:68 http://azure.archive.ubuntu.com/ubuntu noble/universe amd64 librubberband2 amd64 3.3.0+dfsg-2build1 [130 kB]
2026-10-08T20:30:41.3490963Z Get:69 http://azure.archive.ubuntu.com/ubuntu noble/universe amd64 libswscale7 amd64 7:6.1.1-3ubuntu5 [193 kB]
2026-10-08T20:30:41.4149241Z Get:70 http://azure.archive.ubuntu.com/ubuntu noble/universe amd64 libvidstab1.1 amd64 1.1.0-2build1 [38.5 kB]
2026-10-08T20:30:41.4795954Z Get:71 http://azure.archive.ubuntu.com/ubuntu noble/universe amd64 libzimg2 amd64 3.0.5+ds1-1build1 [254 kB]
2026-10-08T20:30:41.5459392Z Get:72 http://azure.archive.ubuntu.com/ubuntu noble/universe amd64 libavfilter9 amd64 7:6.1.1-3ubuntu5 [4235 kB]
2026-10-08T20:30:41.7078346Z Get:73 http://azure.archive.ubuntu.com/ubuntu noble-updates/main amd64 libcaca0 amd64 0.99.beta20-4ubuntu0.2 [209 kB]
2026-10-08T20:30:41.7722502Z Get:74 http://azure.archive.ubuntu.com/ubuntu noble-updates/main amd64 libcdio19t64 amd64 2.1.0-4.1ubuntu1.2 [62.4 kB]
2026-10-08T20:30:41.8358633Z Get:75 http://azure.archive.ubuntu.com/ubuntu noble/main amd64 libcdio-cdda2t64 amd64 10.2+2.0.1-1.1build2 [16.5 kB]
2026-10-08T20:30:41.8998484Z Get:76 http://azure.archive.ubuntu.com/ubuntu noble/main amd64 libcdio-paranoia2t64 amd64 10.2+2.0.1-1.1build2 [16.6 kB]
2026-10-08T20:30:41.9633324Z Get:77 http://azure.archive.ubuntu.com/ubuntu noble/universe amd64 libdc1394-25 amd64 2.2.6-4build1 [90.1 kB]
2026-10-08T20:30:42.0272567Z Get:78 http://azure.archive.ubuntu.com/ubuntu noble/main amd64 libiec61883-0 amd64 1.2.0-6build1 [24.5 kB]
2026-10-08T20:30:42.0908229Z Get:79 http://azure.archive.ubuntu.com/ubuntu noble/main amd64 libjack-jackd2-0 amd64 1.9.21~dfsg-3ubuntu3 [289 kB]
2026-10-08T20:30:42.1557790Z Get:80 http://azure.archive.ubuntu.com/ubuntu noble/universe amd64 libopenal-data all 1:1.23.1-4build1 [161 kB]
2026-10-08T20:30:42.2201828Z Get:81 http://azure.archive.ubuntu.com/ubuntu noble/universe amd64 libsndio7.0 amd64 1.9.0-0.3build3 [29.6 kB]
2026-10-08T20:30:42.2845767Z Get:82 http://azure.archive.ubuntu.com/ubuntu noble/universe amd64 libopenal1 amd64 1:1.23.1-4build1 [540 kB]
2026-10-08T20:30:42.3513206Z Get:83 http://azure.archive.ubuntu.com/ubuntu noble/main amd64 libdecor-0-0 amd64 0.2.2-1build2 [16.5 kB]
2026-10-08T20:30:42.4152742Z Get:84 http://azure.archive.ubuntu.com/ubuntu noble-updates/main amd64 libsdl2-2.0-0 amd64 2.30.0+dfsg-1ubuntu3.1 [686 kB]
2026-10-08T20:30:42.4826237Z Get:85 http://azure.archive.ubuntu.com/ubuntu noble/main amd64 libxcb-shape0 amd64 1.15-1ubuntu2 [6100 B]
2026-10-08T20:30:42.5462604Z Get:86 http://azure.archive.ubuntu.com/ubuntu noble/main amd64 libxv1 amd64 2:1.0.11-1.1build1 [10.7 kB]
2026-10-08T20:30:42.6096791Z Get:87 http://azure.archive.ubuntu.com/ubuntu noble/universe amd64 libavdevice60 amd64 7:6.1.1-3ubuntu5 [82.3 kB]
2026-10-08T20:30:42.6879636Z Get:88 http://azure.archive.ubuntu.com/ubuntu noble/universe amd64 ffmpeg amd64 7:6.1.1-3ubuntu5 [1879 kB]
2026-10-08T20:30:42.9543844Z Get:89 http://azure.archive.ubuntu.com/ubuntu noble-updates/universe amd64 libigdgmm12 amd64 22.3.17+ds1-1ubuntu1 [145 kB]
2026-10-08T20:30:43.0185640Z Get:90 http://azure.archive.ubuntu.com/ubuntu noble-updates/universe amd64 intel-media-va-driver amd64 24.1.0+dfsg1-1ubuntu0.2 [3163 kB]
2026-10-08T20:30:43.1459146Z Get:91 http://azure.archive.ubuntu.com/ubuntu noble/universe amd64 libaacs0 amd64 0.11.1-2build1 [62.9 kB]
2026-10-08T20:30:43.2100545Z Get:92 http://azure.archive.ubuntu.com/ubuntu noble/universe amd64 libbdplus0 amd64 0.2.0-3build1 [52.2 kB]
2026-10-08T20:30:43.2739788Z Get:93 http://azure.archive.ubuntu.com/ubuntu noble/main amd64 libdecor-0-plugin-1-gtk amd64 0.2.2-1build2 [22.2 kB]
2026-10-08T20:30:43.3380738Z Get:94 http://azure.archive.ubuntu.com/ubuntu noble-updates/main amd64 librsvg2-common amd64 2.58.0+dfsg-1ubuntu0.1 [11.8 kB]
2026-10-08T20:30:43.4020817Z Get:95 http://azure.archive.ubuntu.com/ubuntu noble-updates/universe amd64 mesa-va-drivers amd64 25.2.8-0ubuntu0.24.04.4 [6778 B]
2026-10-08T20:30:43.4658592Z Get:96 http://azure.archive.ubuntu.com/ubuntu noble-updates/main amd64 mesa-vdpau-drivers amd64 25.2.8-0ubuntu0.24.04.4 [23.4 kB]
2026-10-08T20:30:43.5311386Z Get:97 http://azure.archive.ubuntu.com/ubuntu noble-updates/universe amd64 i965-va-driver amd64 2.4.1+dfsg1-1ubuntu0.2 [332 kB]
2026-10-08T20:30:43.5977367Z Get:98 http://azure.archive.ubuntu.com/ubuntu noble-updates/universe amd64 va-driver-all amd64 2.20.0-2ubuntu0.2 [5014 B]
2026-10-08T20:30:43.6618599Z Get:99 http://azure.archive.ubuntu.com/ubuntu noble/main amd64 vdpau-driver-all amd64 1.5-2build1 [4414 B]
2026-10-08T20:30:43.7263431Z Get:100 http://azure.archive.ubuntu.com/ubuntu noble/universe amd64 pocketsphinx-en-us all 0.8.0+real5prealpha+1-15ubuntu5 [27.4 MB]
2026-10-08T20:30:44.6035077Z Fetched 94.1 MB in 9s (11.0 MB/s)
2026-10-08T20:30:44.6401444Z Selecting previously unselected package libva2:amd64.
2026-10-08T20:30:44.6814450Z (Reading database ... 
2026-10-08T20:30:44.6814998Z (Reading database ... 5%
2026-10-08T20:30:44.6815480Z (Reading database ... 10%
2026-10-08T20:30:44.6815903Z (Reading database ... 15%
2026-10-08T20:30:44.6816051Z (Reading database ... 20%
2026-10-08T20:30:44.6816192Z (Reading database ... 25%
2026-10-08T20:30:44.6816332Z (Reading database ... 30%
2026-10-08T20:30:44.6816466Z (Reading database ... 35%
2026-10-08T20:30:44.6816600Z (Reading database ... 40%
2026-10-08T20:30:44.6816812Z (Reading database ... 45%
2026-10-08T20:30:44.6817025Z (Reading database ... 50%
2026-10-08T20:30:44.7154948Z (Reading database ... 55%
2026-10-08T20:30:45.0609784Z (Reading database ... 60%
2026-10-08T20:30:45.3355810Z (Reading database ... 65%
2026-10-08T20:30:45.6021413Z (Reading database ... 70%
2026-10-08T20:30:45.9292440Z (Reading database ... 75%
2026-10-08T20:30:46.2894744Z (Reading database ... 80%
2026-10-08T20:30:46.9117533Z (Reading database ... 85%
2026-10-08T20:30:47.5860308Z (Reading database ... 90%
2026-10-08T20:30:48.2394205Z (Reading database ... 95%
2026-10-08T20:30:48.2394598Z (Reading database ... 100%
2026-10-08T20:30:48.2395053Z (Reading database ... 203191 files and directories currently installed.)
2026-10-08T20:30:48.2433897Z Preparing to unpack .../00-libva2_2.20.0-2ubuntu0.2_amd64.deb ...
2026-10-08T20:30:48.2460075Z Unpacking libva2:amd64 (2.20.0-2ubuntu0.2) ...
2026-10-08T20:30:48.2690141Z Selecting previously unselected package libva-drm2:amd64.
2026-10-08T20:30:48.2789477Z Preparing to unpack .../01-libva-drm2_2.20.0-2ubuntu0.2_amd64.deb ...
2026-10-08T20:30:48.2796266Z Unpacking libva-drm2:amd64 (2.20.0-2ubuntu0.2) ...
2026-10-08T20:30:48.3019225Z Selecting previously unselected package libva-x11-2:amd64.
2026-10-08T20:30:48.3120193Z Preparing to unpack .../02-libva-x11-2_2.20.0-2ubuntu0.2_amd64.deb ...
2026-10-08T20:30:48.3126861Z Unpacking libva-x11-2:amd64 (2.20.0-2ubuntu0.2) ...
2026-10-08T20:30:48.3308298Z Selecting previously unselected package libvdpau1:amd64.
2026-10-08T20:30:48.3409813Z Preparing to unpack .../03-libvdpau1_1.5-2build1_amd64.deb ...
2026-10-08T20:30:48.3416146Z Unpacking libvdpau1:amd64 (1.5-2build1) ...
2026-10-08T20:30:48.3599732Z Selecting previously unselected package libvpl2.
2026-10-08T20:30:48.3701183Z Preparing to unpack .../04-libvpl2_2023.3.0-1build1_amd64.deb ...
2026-10-08T20:30:48.3707150Z Unpacking libvpl2 (2023.3.0-1build1) ...
2026-10-08T20:30:48.3896714Z Selecting previously unselected package ocl-icd-libopencl1:amd64.
2026-10-08T20:30:48.3999552Z Preparing to unpack .../05-ocl-icd-libopencl1_2.3.2-1build1_amd64.deb ...
2026-10-08T20:30:48.4005274Z Unpacking ocl-icd-libopencl1:amd64 (2.3.2-1build1) ...
2026-10-08T20:30:48.4257128Z Selecting previously unselected package libavutil58:amd64.
2026-10-08T20:30:48.4357859Z Preparing to unpack .../06-libavutil58_7%3a6.1.1-3ubuntu5_amd64.deb ...
2026-10-08T20:30:48.4364832Z Unpacking libavutil58:amd64 (7:6.1.1-3ubuntu5) ...
2026-10-08T20:30:48.4575133Z Selecting previously unselected package libcodec2-1.2:amd64.
2026-10-08T20:30:48.4677538Z Preparing to unpack .../07-libcodec2-1.2_1.2.0-2build1_amd64.deb ...
2026-10-08T20:30:48.4684389Z Unpacking libcodec2-1.2:amd64 (1.2.0-2build1) ...
2026-10-08T20:30:48.5893831Z Selecting previously unselected package libdav1d7:amd64.
2026-10-08T20:30:48.5994582Z Preparing to unpack .../08-libdav1d7_1.4.1-1build1_amd64.deb ...
2026-10-08T20:30:48.6000700Z Unpacking libdav1d7:amd64 (1.4.1-1build1) ...
2026-10-08T20:30:48.6219615Z Selecting previously unselected package libgsm1:amd64.
2026-10-08T20:30:48.6317536Z Preparing to unpack .../09-libgsm1_1.0.22-1build1_amd64.deb ...
2026-10-08T20:30:48.6323603Z Unpacking libgsm1:amd64 (1.0.22-1build1) ...
2026-10-08T20:30:48.6500879Z Selecting previously unselected package libhwy1t64:amd64.
2026-10-08T20:30:48.6599768Z Preparing to unpack .../10-libhwy1t64_1.0.7-8.1build1_amd64.deb ...
2026-10-08T20:30:48.6606361Z Unpacking libhwy1t64:amd64 (1.0.7-8.1build1) ...
2026-10-08T20:30:48.6924394Z Selecting previously unselected package libjxl0.7:amd64.
2026-10-08T20:30:48.7024193Z Preparing to unpack .../11-libjxl0.7_0.7.0-10.2ubuntu6.1_amd64.deb ...
2026-10-08T20:30:48.7031362Z Unpacking libjxl0.7:amd64 (0.7.0-10.2ubuntu6.1) ...
2026-10-08T20:30:48.7329610Z Selecting previously unselected package libmp3lame0:amd64.
2026-10-08T20:30:48.7428810Z Preparing to unpack .../12-libmp3lame0_3.100-6build1_amd64.deb ...
2026-10-08T20:30:48.7435394Z Unpacking libmp3lame0:amd64 (3.100-6build1) ...
2026-10-08T20:30:48.7622888Z Selecting previously unselected package libopus0:amd64.
2026-10-08T20:30:48.7726425Z Preparing to unpack .../13-libopus0_1.4-1build1_amd64.deb ...
2026-10-08T20:30:48.7732386Z Unpacking libopus0:amd64 (1.4-1build1) ...
2026-10-08T20:30:48.7953691Z Selecting previously unselected package librav1e0:amd64.
2026-10-08T20:30:48.8053595Z Preparing to unpack .../14-librav1e0_0.7.1-2_amd64.deb ...
2026-10-08T20:30:48.8060266Z Unpacking librav1e0:amd64 (0.7.1-2) ...
2026-10-08T20:30:48.8414794Z Selecting previously unselected package librsvg2-2:amd64.
2026-10-08T20:30:48.8516691Z Preparing to unpack .../15-librsvg2-2_2.58.0+dfsg-1ubuntu0.1_amd64.deb ...
2026-10-08T20:30:48.8522852Z Unpacking librsvg2-2:amd64 (2.58.0+dfsg-1ubuntu0.1) ...
2026-10-08T20:30:48.9137820Z Selecting previously unselected package libshine3:amd64.
2026-10-08T20:30:48.9240414Z Preparing to unpack .../16-libshine3_3.1.1-2build1_amd64.deb ...
2026-10-08T20:30:48.9247679Z Unpacking libshine3:amd64 (3.1.1-2build1) ...
2026-10-08T20:30:48.9427469Z Selecting previously unselected package libspeex1:amd64.
2026-10-08T20:30:48.9529930Z Preparing to unpack .../17-libspeex1_1.2.1-2ubuntu2.24.04.1_amd64.deb ...
2026-10-08T20:30:48.9537639Z Unpacking libspeex1:amd64 (1.2.1-2ubuntu2.24.04.1) ...
2026-10-08T20:30:48.9722012Z Selecting previously unselected package libsvtav1enc1d1:amd64.
2026-10-08T20:30:48.9825777Z Preparing to unpack .../18-libsvtav1enc1d1_1.7.0+dfsg-2build1_amd64.deb ...
2026-10-08T20:30:48.9833849Z Unpacking libsvtav1enc1d1:amd64 (1.7.0+dfsg-2build1) ...
2026-10-08T20:30:49.0430455Z Selecting previously unselected package libsoxr0:amd64.
2026-10-08T20:30:49.0532212Z Preparing to unpack .../19-libsoxr0_0.1.3-4build3_amd64.deb ...
2026-10-08T20:30:49.0539627Z Unpacking libsoxr0:amd64 (0.1.3-4build3) ...
2026-10-08T20:30:49.0729305Z Selecting previously unselected package libswresample4:amd64.
2026-10-08T20:30:49.0831900Z Preparing to unpack .../20-libswresample4_7%3a6.1.1-3ubuntu5_amd64.deb ...
2026-10-08T20:30:49.0838522Z Unpacking libswresample4:amd64 (7:6.1.1-3ubuntu5) ...
2026-10-08T20:30:49.1029921Z Selecting previously unselected package libtheora0:amd64.
2026-10-08T20:30:49.1131539Z Preparing to unpack .../21-libtheora0_1.1.1+dfsg.1-16.1build3_amd64.deb ...
2026-10-08T20:30:49.1137490Z Unpacking libtheora0:amd64 (1.1.1+dfsg.1-16.1build3) ...
2026-10-08T20:30:49.1342499Z Selecting previously unselected package libtwolame0:amd64.
2026-10-08T20:30:49.1443229Z Preparing to unpack .../22-libtwolame0_0.4.0-2build3_amd64.deb ...
2026-10-08T20:30:49.1450935Z Unpacking libtwolame0:amd64 (0.4.0-2build3) ...
2026-10-08T20:30:49.1637287Z Selecting previously unselected package libvorbisenc2:amd64.
2026-10-08T20:30:49.1739819Z Preparing to unpack .../23-libvorbisenc2_1.3.7-1build3_amd64.deb ...
2026-10-08T20:30:49.1747716Z Unpacking libvorbisenc2:amd64 (1.3.7-1build3) ...
2026-10-08T20:30:49.1944280Z Selecting previously unselected package libvpx9:amd64.
2026-10-08T20:30:49.2046412Z Preparing to unpack .../24-libvpx9_1.14.0-1ubuntu2.3_amd64.deb ...
2026-10-08T20:30:49.2053728Z Unpacking libvpx9:amd64 (1.14.0-1ubuntu2.3) ...
2026-10-08T20:30:49.2416476Z Selecting previously unselected package libx264-164:amd64.
2026-10-08T20:30:49.2516574Z Preparing to unpack .../25-libx264-164_2%3a0.164.3108+git31e19f9-1_amd64.deb ...
2026-10-08T20:30:49.2524225Z Unpacking libx264-164:amd64 (2:0.164.3108+git31e19f9-1) ...
2026-10-08T20:30:49.2827988Z Selecting previously unselected package libx265-199:amd64.
2026-10-08T20:30:49.2929750Z Preparing to unpack .../26-libx265-199_3.5-2build1_amd64.deb ...
2026-10-08T20:30:49.2935987Z Unpacking libx265-199:amd64 (3.5-2build1) ...
2026-10-08T20:30:49.4117258Z Selecting previously unselected package libxvidcore4:amd64.
2026-10-08T20:30:49.4218236Z Preparing to unpack .../27-libxvidcore4_2%3a1.3.7-1build1_amd64.deb ...
2026-10-08T20:30:49.4224651Z Unpacking libxvidcore4:amd64 (2:1.3.7-1build1) ...
2026-10-08T20:30:49.4494128Z Selecting previously unselected package libzvbi-common.
2026-10-08T20:30:49.4596262Z Preparing to unpack .../28-libzvbi-common_0.2.42-2_all.deb ...
2026-10-08T20:30:49.4602290Z Unpacking libzvbi-common (0.2.42-2) ...
2026-10-08T20:30:49.6008946Z Selecting previously unselected package libzvbi0t64:amd64.
2026-10-08T20:30:49.6109774Z Preparing to unpack .../29-libzvbi0t64_0.2.42-2_amd64.deb ...
2026-10-08T20:30:49.6116963Z Unpacking libzvbi0t64:amd64 (0.2.42-2) ...
2026-10-08T20:30:49.6323114Z Selecting previously unselected package libavcodec60:amd64.
2026-10-08T20:30:49.6423793Z Preparing to unpack .../30-libavcodec60_7%3a6.1.1-3ubuntu5_amd64.deb ...
2026-10-08T20:30:49.6430695Z Unpacking libavcodec60:amd64 (7:6.1.1-3ubuntu5) ...
2026-10-08T20:30:49.7713451Z Selecting previously unselected package libraw1394-11:amd64.
2026-10-08T20:30:49.7824395Z Preparing to unpack .../31-libraw1394-11_2.1.2-2build3_amd64.deb ...
2026-10-08T20:30:49.7831465Z Unpacking libraw1394-11:amd64 (2.1.2-2build3) ...
2026-10-08T20:30:49.8026325Z Selecting previously unselected package libavc1394-0:amd64.
2026-10-08T20:30:49.8126555Z Preparing to unpack .../32-libavc1394-0_0.5.4-5build3_amd64.deb ...
2026-10-08T20:30:49.8134686Z Unpacking libavc1394-0:amd64 (0.5.4-5build3) ...
2026-10-08T20:30:49.8314639Z Selecting previously unselected package libunibreak5:amd64.
2026-10-08T20:30:49.8415435Z Preparing to unpack .../33-libunibreak5_5.1-2build1_amd64.deb ...
2026-10-08T20:30:49.8422671Z Unpacking libunibreak5:amd64 (5.1-2build1) ...
2026-10-08T20:30:49.8605163Z Selecting previously unselected package libass9:amd64.
2026-10-08T20:30:49.8705411Z Preparing to unpack .../34-libass9_1%3a0.17.1-2build1_amd64.deb ...
2026-10-08T20:30:49.8712659Z Unpacking libass9:amd64 (1:0.17.1-2build1) ...
2026-10-08T20:30:49.8901991Z Selecting previously unselected package libudfread0:amd64.
2026-10-08T20:30:49.9005247Z Preparing to unpack .../35-libudfread0_1.1.2-1build1_amd64.deb ...
2026-10-08T20:30:49.9012065Z Unpacking libudfread0:amd64 (1.1.2-1build1) ...
2026-10-08T20:30:49.9193844Z Selecting previously unselected package libbluray2:amd64.
2026-10-08T20:30:49.9296472Z Preparing to unpack .../36-libbluray2_1%3a1.3.4-1build1_amd64.deb ...
2026-10-08T20:30:49.9302671Z Unpacking libbluray2:amd64 (1:1.3.4-1build1) ...
2026-10-08T20:30:49.9492211Z Selecting previously unselected package libchromaprint1:amd64.
2026-10-08T20:30:49.9591839Z Preparing to unpack .../37-libchromaprint1_1.5.1-5_amd64.deb ...
2026-10-08T20:30:49.9598308Z Unpacking libchromaprint1:amd64 (1.5.1-5) ...
2026-10-08T20:30:49.9783950Z Selecting previously unselected package libgme0:amd64.
2026-10-08T20:30:49.9883702Z Preparing to unpack .../38-libgme0_0.6.3-7build1_amd64.deb ...
2026-10-08T20:30:49.9890559Z Unpacking libgme0:amd64 (0.6.3-7build1) ...
2026-10-08T20:30:50.0079210Z Selecting previously unselected package libmpg123-0t64:amd64.
2026-10-08T20:30:50.0180329Z Preparing to unpack .../39-libmpg123-0t64_1.32.5-1ubuntu1.1_amd64.deb ...
2026-10-08T20:30:50.0187161Z Unpacking libmpg123-0t64:amd64 (1.32.5-1ubuntu1.1) ...
2026-10-08T20:30:50.0380734Z Selecting previously unselected package libopenmpt0t64:amd64.
2026-10-08T20:30:50.0481870Z Preparing to unpack .../40-libopenmpt0t64_0.7.3-1.1build3_amd64.deb ...
2026-10-08T20:30:50.0488141Z Unpacking libopenmpt0t64:amd64 (0.7.3-1.1build3) ...
2026-10-08T20:30:50.0713499Z Selecting previously unselected package libcjson1:amd64.
2026-10-08T20:30:50.0816350Z Preparing to unpack .../41-libcjson1_1.7.17-1_amd64.deb ...
2026-10-08T20:30:50.0822934Z Unpacking libcjson1:amd64 (1.7.17-1) ...
2026-10-08T20:30:50.1013586Z Selecting previously unselected package libmbedcrypto7t64:amd64.
2026-10-08T20:30:50.1115399Z Preparing to unpack .../42-libmbedcrypto7t64_2.28.8-1_amd64.deb ...
2026-10-08T20:30:50.1122662Z Unpacking libmbedcrypto7t64:amd64 (2.28.8-1) ...
2026-10-08T20:30:50.1323133Z Selecting previously unselected package librist4:amd64.
2026-10-08T20:30:50.1423503Z Preparing to unpack .../43-librist4_0.2.10+dfsg-2_amd64.deb ...
2026-10-08T20:30:50.1440798Z Unpacking librist4:amd64 (0.2.10+dfsg-2) ...
2026-10-08T20:30:50.1624834Z Selecting previously unselected package libsrt1.5-gnutls:amd64.
2026-10-08T20:30:50.1725050Z Preparing to unpack .../44-libsrt1.5-gnutls_1.5.3-1build2_amd64.deb ...
2026-10-08T20:30:50.1731679Z Unpacking libsrt1.5-gnutls:amd64 (1.5.3-1build2) ...
2026-10-08T20:30:50.1935875Z Selecting previously unselected package libssh-gcrypt-4:amd64.
2026-10-08T20:30:50.2034858Z Preparing to unpack .../45-libssh-gcrypt-4_0.10.6-2ubuntu0.5_amd64.deb ...
2026-10-08T20:30:50.2042564Z Unpacking libssh-gcrypt-4:amd64 (0.10.6-2ubuntu0.5) ...
2026-10-08T20:30:50.2234537Z Selecting previously unselected package libavformat60:amd64.
2026-10-08T20:30:50.2331670Z Preparing to unpack .../46-libavformat60_7%3a6.1.1-3ubuntu5_amd64.deb ...
2026-10-08T20:30:50.2339017Z Unpacking libavformat60:amd64 (7:6.1.1-3ubuntu5) ...
2026-10-08T20:30:50.2626735Z Selecting previously unselected package libbs2b0:amd64.
2026-10-08T20:30:50.2725889Z Preparing to unpack .../47-libbs2b0_3.1.0+dfsg-7build1_amd64.deb ...
2026-10-08T20:30:50.2733109Z Unpacking libbs2b0:amd64 (3.1.0+dfsg-7build1) ...
2026-10-08T20:30:50.2932951Z Selecting previously unselected package libflite1:amd64.
2026-10-08T20:30:50.3031577Z Preparing to unpack .../48-libflite1_2.2-6build3_amd64.deb ...
2026-10-08T20:30:50.3037908Z Unpacking libflite1:amd64 (2.2-6build3) ...
2026-10-08T20:30:50.4498055Z Selecting previously unselected package libserd-0-0:amd64.
2026-10-08T20:30:50.4595398Z Preparing to unpack .../49-libserd-0-0_0.32.2-1_amd64.deb ...
2026-10-08T20:30:50.4601461Z Unpacking libserd-0-0:amd64 (0.32.2-1) ...
2026-10-08T20:30:50.4772354Z Selecting previously unselected package libzix-0-0:amd64.
2026-10-08T20:30:50.4867858Z Preparing to unpack .../50-libzix-0-0_0.4.2-2build1_amd64.deb ...
2026-10-08T20:30:50.4873631Z Unpacking libzix-0-0:amd64 (0.4.2-2build1) ...
2026-10-08T20:30:50.5045131Z Selecting previously unselected package libsord-0-0:amd64.
2026-10-08T20:30:50.5143430Z Preparing to unpack .../51-libsord-0-0_0.16.16-2build1_amd64.deb ...
2026-10-08T20:30:50.5150060Z Unpacking libsord-0-0:amd64 (0.16.16-2build1) ...
2026-10-08T20:30:50.5321675Z Selecting previously unselected package libsratom-0-0:amd64.
2026-10-08T20:30:50.5421323Z Preparing to unpack .../52-libsratom-0-0_0.6.16-1build1_amd64.deb ...
2026-10-08T20:30:50.5427266Z Unpacking libsratom-0-0:amd64 (0.6.16-1build1) ...
2026-10-08T20:30:50.5650297Z Selecting previously unselected package liblilv-0-0:amd64.
2026-10-08T20:30:50.5751936Z Preparing to unpack .../53-liblilv-0-0_0.24.22-1build1_amd64.deb ...
2026-10-08T20:30:50.5758645Z Unpacking liblilv-0-0:amd64 (0.24.22-1build1) ...
2026-10-08T20:30:50.5931539Z Selecting previously unselected package libmysofa1:amd64.
2026-10-08T20:30:50.6029992Z Preparing to unpack .../54-libmysofa1_1.3.2+dfsg-2ubuntu2_amd64.deb ...
2026-10-08T20:30:50.6036755Z Unpacking libmysofa1:amd64 (1.3.2+dfsg-2ubuntu2) ...
2026-10-08T20:30:50.6241939Z Selecting previously unselected package libplacebo338:amd64.
2026-10-08T20:30:50.6340173Z Preparing to unpack .../55-libplacebo338_6.338.2-2build1_amd64.deb ...
2026-10-08T20:30:50.6347570Z Unpacking libplacebo338:amd64 (6.338.2-2build1) ...
2026-10-08T20:30:50.7133196Z Selecting previously unselected package libblas3:amd64.
2026-10-08T20:30:50.7234705Z Preparing to unpack .../56-libblas3_3.12.0-3build1.1_amd64.deb ...
2026-10-08T20:30:50.7263617Z Unpacking libblas3:amd64 (3.12.0-3build1.1) ...
2026-10-08T20:30:50.7464094Z Selecting previously unselected package liblapack3:amd64.
2026-10-08T20:30:50.7565855Z Preparing to unpack .../57-liblapack3_3.12.0-3build1.1_amd64.deb ...
2026-10-08T20:30:50.7595179Z Unpacking liblapack3:amd64 (3.12.0-3build1.1) ...
2026-10-08T20:30:50.8228201Z Selecting previously unselected package libasyncns0:amd64.
2026-10-08T20:30:50.8328708Z Preparing to unpack .../58-libasyncns0_0.8-6build4_amd64.deb ...
2026-10-08T20:30:50.8335218Z Unpacking libasyncns0:amd64 (0.8-6build4) ...
2026-10-08T20:30:50.8516804Z Selecting previously unselected package libflac12t64:amd64.
2026-10-08T20:30:50.8617929Z Preparing to unpack .../59-libflac12t64_1.4.3+ds-2.1ubuntu2_amd64.deb ...
2026-10-08T20:30:50.8624287Z Unpacking libflac12t64:amd64 (1.4.3+ds-2.1ubuntu2) ...
2026-10-08T20:30:50.8819842Z Selecting previously unselected package libsndfile1:amd64.
2026-10-08T20:30:50.8920066Z Preparing to unpack .../60-libsndfile1_1.2.2-1ubuntu5.24.04.1_amd64.deb ...
2026-10-08T20:30:50.8926545Z Unpacking libsndfile1:amd64 (1.2.2-1ubuntu5.24.04.1) ...
2026-10-08T20:30:50.9132450Z Selecting previously unselected package libpulse0:amd64.
2026-10-08T20:30:50.9232139Z Preparing to unpack .../61-libpulse0_1%3a16.1+dfsg1-2ubuntu10.1_amd64.deb ...
2026-10-08T20:30:50.9292680Z Unpacking libpulse0:amd64 (1:16.1+dfsg1-2ubuntu10.1) ...
2026-10-08T20:30:50.9500720Z Selecting previously unselected package libsphinxbase3t64:amd64.
2026-10-08T20:30:50.9601368Z Preparing to unpack .../62-libsphinxbase3t64_0.8+5prealpha+1-17build2_amd64.deb ...
2026-10-08T20:30:50.9607918Z Unpacking libsphinxbase3t64:amd64 (0.8+5prealpha+1-17build2) ...
2026-10-08T20:30:50.9796983Z Selecting previously unselected package libpocketsphinx3:amd64.
2026-10-08T20:30:50.9896889Z Preparing to unpack .../63-libpocketsphinx3_0.8.0+real5prealpha+1-15ubuntu5_amd64.deb ...
2026-10-08T20:30:50.9903298Z Unpacking libpocketsphinx3:amd64 (0.8.0+real5prealpha+1-15ubuntu5) ...
2026-10-08T20:30:51.0093516Z Selecting previously unselected package libpostproc57:amd64.
2026-10-08T20:30:51.0193481Z Preparing to unpack .../64-libpostproc57_7%3a6.1.1-3ubuntu5_amd64.deb ...
2026-10-08T20:30:51.0199990Z Unpacking libpostproc57:amd64 (7:6.1.1-3ubuntu5) ...
2026-10-08T20:30:51.0392344Z Selecting previously unselected package libsamplerate0:amd64.
2026-10-08T20:30:51.0494499Z Preparing to unpack .../65-libsamplerate0_0.2.2-4build1_amd64.deb ...
2026-10-08T20:30:51.0501256Z Unpacking libsamplerate0:amd64 (0.2.2-4build1) ...
2026-10-08T20:30:51.0718577Z Selecting previously unselected package librubberband2:amd64.
2026-10-08T20:30:51.0819024Z Preparing to unpack .../66-librubberband2_3.3.0+dfsg-2build1_amd64.deb ...
2026-10-08T20:30:51.0825418Z Unpacking librubberband2:amd64 (3.3.0+dfsg-2build1) ...
2026-10-08T20:30:51.1016343Z Selecting previously unselected package libswscale7:amd64.
2026-10-08T20:30:51.1115466Z Preparing to unpack .../67-libswscale7_7%3a6.1.1-3ubuntu5_amd64.deb ...
2026-10-08T20:30:51.1123955Z Unpacking libswscale7:amd64 (7:6.1.1-3ubuntu5) ...
2026-10-08T20:30:51.1330997Z Selecting previously unselected package libvidstab1.1:amd64.
2026-10-08T20:30:51.1431810Z Preparing to unpack .../68-libvidstab1.1_1.1.0-2build1_amd64.deb ...
2026-10-08T20:30:51.1438788Z Unpacking libvidstab1.1:amd64 (1.1.0-2build1) ...
2026-10-08T20:30:51.1623335Z Selecting previously unselected package libzimg2:amd64.
2026-10-08T20:30:51.1725495Z Preparing to unpack .../69-libzimg2_3.0.5+ds1-1build1_amd64.deb ...
2026-10-08T20:30:51.1733238Z Unpacking libzimg2:amd64 (3.0.5+ds1-1build1) ...
2026-10-08T20:30:51.1949118Z Selecting previously unselected package libavfilter9:amd64.
2026-10-08T20:30:51.2051554Z Preparing to unpack .../70-libavfilter9_7%3a6.1.1-3ubuntu5_amd64.deb ...
2026-10-08T20:30:51.2060125Z Unpacking libavfilter9:amd64 (7:6.1.1-3ubuntu5) ...
2026-10-08T20:30:51.3123824Z Selecting previously unselected package libcaca0:amd64.
2026-10-08T20:30:51.3224490Z Preparing to unpack .../71-libcaca0_0.99.beta20-4ubuntu0.2_amd64.deb ...
2026-10-08T20:30:51.3230964Z Unpacking libcaca0:amd64 (0.99.beta20-4ubuntu0.2) ...
2026-10-08T20:30:51.3438228Z Selecting previously unselected package libcdio19t64:amd64.
2026-10-08T20:30:51.3536314Z Preparing to unpack .../72-libcdio19t64_2.1.0-4.1ubuntu1.2_amd64.deb ...
2026-10-08T20:30:51.3544220Z Unpacking libcdio19t64:amd64 (2.1.0-4.1ubuntu1.2) ...
2026-10-08T20:30:51.3731681Z Selecting previously unselected package libcdio-cdda2t64:amd64.
2026-10-08T20:30:51.3830536Z Preparing to unpack .../73-libcdio-cdda2t64_10.2+2.0.1-1.1build2_amd64.deb ...
2026-10-08T20:30:51.3838755Z Unpacking libcdio-cdda2t64:amd64 (10.2+2.0.1-1.1build2) ...
2026-10-08T20:30:51.4024652Z Selecting previously unselected package libcdio-paranoia2t64:amd64.
2026-10-08T20:30:51.4123315Z Preparing to unpack .../74-libcdio-paranoia2t64_10.2+2.0.1-1.1build2_amd64.deb ...
2026-10-08T20:30:51.4129867Z Unpacking libcdio-paranoia2t64:amd64 (10.2+2.0.1-1.1build2) ...
2026-10-08T20:30:51.4316363Z Selecting previously unselected package libdc1394-25:amd64.
2026-10-08T20:30:51.4416315Z Preparing to unpack .../75-libdc1394-25_2.2.6-4build1_amd64.deb ...
2026-10-08T20:30:51.4423672Z Unpacking libdc1394-25:amd64 (2.2.6-4build1) ...
2026-10-08T20:30:51.4615578Z Selecting previously unselected package libiec61883-0:amd64.
2026-10-08T20:30:51.4717549Z Preparing to unpack .../76-libiec61883-0_1.2.0-6build1_amd64.deb ...
2026-10-08T20:30:51.4725076Z Unpacking libiec61883-0:amd64 (1.2.0-6build1) ...
2026-10-08T20:30:51.4904485Z Selecting previously unselected package libjack-jackd2-0:amd64.
2026-10-08T20:30:51.5007093Z Preparing to unpack .../77-libjack-jackd2-0_1.9.21~dfsg-3ubuntu3_amd64.deb ...
2026-10-08T20:30:51.5014553Z Unpacking libjack-jackd2-0:amd64 (1.9.21~dfsg-3ubuntu3) ...
2026-10-08T20:30:51.5258321Z Selecting previously unselected package libopenal-data.
2026-10-08T20:30:51.5363653Z Preparing to unpack .../78-libopenal-data_1%3a1.23.1-4build1_all.deb ...
2026-10-08T20:30:51.5369903Z Unpacking libopenal-data (1:1.23.1-4build1) ...
2026-10-08T20:30:51.5575993Z Selecting previously unselected package libsndio7.0:amd64.
2026-10-08T20:30:51.5679105Z Preparing to unpack .../79-libsndio7.0_1.9.0-0.3build3_amd64.deb ...
2026-10-08T20:30:51.5686507Z Unpacking libsndio7.0:amd64 (1.9.0-0.3build3) ...
2026-10-08T20:30:51.5927139Z Selecting previously unselected package libopenal1:amd64.
2026-10-08T20:30:51.6030470Z Preparing to unpack .../80-libopenal1_1%3a1.23.1-4build1_amd64.deb ...
2026-10-08T20:30:51.6036433Z Unpacking libopenal1:amd64 (1:1.23.1-4build1) ...
2026-10-08T20:30:51.6259597Z Selecting previously unselected package libdecor-0-0:amd64.
2026-10-08T20:30:51.6362574Z Preparing to unpack .../81-libdecor-0-0_0.2.2-1build2_amd64.deb ...
2026-10-08T20:30:51.6370080Z Unpacking libdecor-0-0:amd64 (0.2.2-1build2) ...
2026-10-08T20:30:51.6559284Z Selecting previously unselected package libsdl2-2.0-0:amd64.
2026-10-08T20:30:51.6663503Z Preparing to unpack .../82-libsdl2-2.0-0_2.30.0+dfsg-1ubuntu3.1_amd64.deb ...
2026-10-08T20:30:51.6671596Z Unpacking libsdl2-2.0-0:amd64 (2.30.0+dfsg-1ubuntu3.1) ...
2026-10-08T20:30:51.7393610Z Selecting previously unselected package libxcb-shape0:amd64.
2026-10-08T20:30:51.7495726Z Preparing to unpack .../83-libxcb-shape0_1.15-1ubuntu2_amd64.deb ...
2026-10-08T20:30:51.7502591Z Unpacking libxcb-shape0:amd64 (1.15-1ubuntu2) ...
2026-10-08T20:30:51.7680658Z Selecting previously unselected package libxv1:amd64.
2026-10-08T20:30:51.7781924Z Preparing to unpack .../84-libxv1_2%3a1.0.11-1.1build1_amd64.deb ...
2026-10-08T20:30:51.7788254Z Unpacking libxv1:amd64 (2:1.0.11-1.1build1) ...
2026-10-08T20:30:51.7967826Z Selecting previously unselected package libavdevice60:amd64.
2026-10-08T20:30:51.8069081Z Preparing to unpack .../85-libavdevice60_7%3a6.1.1-3ubuntu5_amd64.deb ...
2026-10-08T20:30:51.8076311Z Unpacking libavdevice60:amd64 (7:6.1.1-3ubuntu5) ...
2026-10-08T20:30:51.8261398Z Selecting previously unselected package ffmpeg.
2026-10-08T20:30:51.8363619Z Preparing to unpack .../86-ffmpeg_7%3a6.1.1-3ubuntu5_amd64.deb ...
2026-10-08T20:30:51.8370131Z Unpacking ffmpeg (7:6.1.1-3ubuntu5) ...
2026-10-08T20:30:51.8875793Z Selecting previously unselected package libigdgmm12:amd64.
2026-10-08T20:30:51.8976749Z Preparing to unpack .../87-libigdgmm12_22.3.17+ds1-1ubuntu1_amd64.deb ...
2026-10-08T20:30:51.8982825Z Unpacking libigdgmm12:amd64 (22.3.17+ds1-1ubuntu1) ...
2026-10-08T20:30:51.9168034Z Selecting previously unselected package intel-media-va-driver:amd64.
2026-10-08T20:30:51.9268459Z Preparing to unpack .../88-intel-media-va-driver_24.1.0+dfsg1-1ubuntu0.2_amd64.deb ...
2026-10-08T20:30:51.9279192Z Unpacking intel-media-va-driver:amd64 (24.1.0+dfsg1-1ubuntu0.2) ...
2026-10-08T20:30:52.0495276Z Selecting previously unselected package libaacs0:amd64.
2026-10-08T20:30:52.0595993Z Preparing to unpack .../89-libaacs0_0.11.1-2build1_amd64.deb ...
2026-10-08T20:30:52.0604942Z Unpacking libaacs0:amd64 (0.11.1-2build1) ...
2026-10-08T20:30:52.0784826Z Selecting previously unselected package libbdplus0:amd64.
2026-10-08T20:30:52.0884295Z Preparing to unpack .../90-libbdplus0_0.2.0-3build1_amd64.deb ...
2026-10-08T20:30:52.0893725Z Unpacking libbdplus0:amd64 (0.2.0-3build1) ...
2026-10-08T20:30:52.1066450Z Selecting previously unselected package libdecor-0-plugin-1-gtk:amd64.
2026-10-08T20:30:52.1166613Z Preparing to unpack .../91-libdecor-0-plugin-1-gtk_0.2.2-1build2_amd64.deb ...
2026-10-08T20:30:52.1172363Z Unpacking libdecor-0-plugin-1-gtk:amd64 (0.2.2-1build2) ...
2026-10-08T20:30:52.1346012Z Selecting previously unselected package librsvg2-common:amd64.
2026-10-08T20:30:52.1446167Z Preparing to unpack .../92-librsvg2-common_2.58.0+dfsg-1ubuntu0.1_amd64.deb ...
2026-10-08T20:30:52.1452177Z Unpacking librsvg2-common:amd64 (2.58.0+dfsg-1ubuntu0.1) ...
2026-10-08T20:30:52.1715710Z Selecting previously unselected package mesa-va-drivers:amd64.
2026-10-08T20:30:52.1814739Z Preparing to unpack .../93-mesa-va-drivers_25.2.8-0ubuntu0.24.04.4_amd64.deb ...
2026-10-08T20:30:52.1820583Z Unpacking mesa-va-drivers:amd64 (25.2.8-0ubuntu0.24.04.4) ...
2026-10-08T20:30:52.1995380Z Selecting previously unselected package mesa-vdpau-drivers:amd64.
2026-10-08T20:30:52.2099259Z Preparing to unpack .../94-mesa-vdpau-drivers_25.2.8-0ubuntu0.24.04.4_amd64.deb ...
2026-10-08T20:30:52.2106758Z Unpacking mesa-vdpau-drivers:amd64 (25.2.8-0ubuntu0.24.04.4) ...
2026-10-08T20:30:52.2288719Z Selecting previously unselected package i965-va-driver:amd64.
2026-10-08T20:30:52.2389801Z Preparing to unpack .../95-i965-va-driver_2.4.1+dfsg1-1ubuntu0.2_amd64.deb ...
2026-10-08T20:30:52.2396199Z Unpacking i965-va-driver:amd64 (2.4.1+dfsg1-1ubuntu0.2) ...
2026-10-08T20:30:52.2627368Z Selecting previously unselected package va-driver-all:amd64.
2026-10-08T20:30:52.2728445Z Preparing to unpack .../96-va-driver-all_2.20.0-2ubuntu0.2_amd64.deb ...
2026-10-08T20:30:52.2737965Z Unpacking va-driver-all:amd64 (2.20.0-2ubuntu0.2) ...
2026-10-08T20:30:52.2900051Z Selecting previously unselected package vdpau-driver-all:amd64.
2026-10-08T20:30:52.3000821Z Preparing to unpack .../97-vdpau-driver-all_1.5-2build1_amd64.deb ...
2026-10-08T20:30:52.3006915Z Unpacking vdpau-driver-all:amd64 (1.5-2build1) ...
2026-10-08T20:30:52.3177113Z Selecting previously unselected package pocketsphinx-en-us.
2026-10-08T20:30:52.3278410Z Preparing to unpack .../98-pocketsphinx-en-us_0.8.0+real5prealpha+1-15ubuntu5_all.deb ...
2026-10-08T20:30:52.3285132Z Unpacking pocketsphinx-en-us (0.8.0+real5prealpha+1-15ubuntu5) ...
2026-10-08T20:30:52.5936979Z Setting up libgme0:amd64 (0.6.3-7build1) ...
2026-10-08T20:30:52.5957269Z Setting up libchromaprint1:amd64 (1.5.1-5) ...
2026-10-08T20:30:52.5972677Z Setting up libssh-gcrypt-4:amd64 (0.10.6-2ubuntu0.5) ...
2026-10-08T20:30:52.5987290Z Setting up libhwy1t64:amd64 (1.0.7-8.1build1) ...
2026-10-08T20:30:52.6003020Z Setting up libudfread0:amd64 (1.1.2-1build1) ...
2026-10-08T20:30:52.6017168Z Setting up libraw1394-11:amd64 (2.1.2-2build3) ...
2026-10-08T20:30:52.6032669Z Setting up libspeex1:amd64 (1.2.1-2ubuntu2.24.04.1) ...
2026-10-08T20:30:52.6048759Z Setting up libshine3:amd64 (3.1.1-2build1) ...
2026-10-08T20:30:52.6063170Z Setting up libcaca0:amd64 (0.99.beta20-4ubuntu0.2) ...
2026-10-08T20:30:52.6078300Z Setting up libvpl2 (2023.3.0-1build1) ...
2026-10-08T20:30:52.6091542Z Setting up libx264-164:amd64 (2:0.164.3108+git31e19f9-1) ...
2026-10-08T20:30:52.6108303Z Setting up libtwolame0:amd64 (0.4.0-2build3) ...
2026-10-08T20:30:52.6125542Z Setting up libmbedcrypto7t64:amd64 (2.28.8-1) ...
2026-10-08T20:30:52.6141926Z Setting up libgsm1:amd64 (1.0.22-1build1) ...
2026-10-08T20:30:52.6159387Z Setting up libsoxr0:amd64 (0.1.3-4build3) ...
2026-10-08T20:30:52.6173907Z Setting up libzix-0-0:amd64 (0.4.2-2build1) ...
2026-10-08T20:30:52.6191601Z Setting up libcodec2-1.2:amd64 (1.2.0-2build1) ...
2026-10-08T20:30:52.6206959Z Setting up libmysofa1:amd64 (1.3.2+dfsg-2ubuntu2) ...
2026-10-08T20:30:52.6223086Z Setting up libxcb-shape0:amd64 (1.15-1ubuntu2) ...
2026-10-08T20:30:52.6244763Z Setting up libcdio19t64:amd64 (2.1.0-4.1ubuntu1.2) ...
2026-10-08T20:30:52.6259079Z Setting up libsvtav1enc1d1:amd64 (1.7.0+dfsg-2build1) ...
2026-10-08T20:30:52.6276538Z Setting up libigdgmm12:amd64 (22.3.17+ds1-1ubuntu1) ...
2026-10-08T20:30:52.6291440Z Setting up libmpg123-0t64:amd64 (1.32.5-1ubuntu1.1) ...
2026-10-08T20:30:52.6307888Z Setting up libcjson1:amd64 (1.7.17-1) ...
2026-10-08T20:30:52.6323435Z Setting up libxvidcore4:amd64 (2:1.3.7-1build1) ...
2026-10-08T20:30:52.6341176Z Setting up librav1e0:amd64 (0.7.1-2) ...
2026-10-08T20:30:52.6356821Z Setting up libcdio-cdda2t64:amd64 (10.2+2.0.1-1.1build2) ...
2026-10-08T20:30:52.6371188Z Setting up librist4:amd64 (0.2.10+dfsg-2) ...
2026-10-08T20:30:52.6390654Z Setting up librsvg2-2:amd64 (2.58.0+dfsg-1ubuntu0.1) ...
2026-10-08T20:30:52.6404594Z Setting up libblas3:amd64 (3.12.0-3build1.1) ...
2026-10-08T20:30:52.6452296Z update-alternatives: using /usr/lib/x86_64-linux-gnu/blas/libblas.so.3 to provide /usr/lib/x86_64-linux-gnu/libblas.so.3 (libblas.so.3-x86_64-linux-gnu) in auto mode
2026-10-08T20:30:52.6468604Z Setting up libplacebo338:amd64 (6.338.2-2build1) ...
2026-10-08T20:30:52.6484386Z Setting up libva2:amd64 (2.20.0-2ubuntu0.2) ...
2026-10-08T20:30:52.6499098Z Setting up libopus0:amd64 (1.4-1build1) ...
2026-10-08T20:30:52.6518519Z Setting up libcdio-paranoia2t64:amd64 (10.2+2.0.1-1.1build2) ...
2026-10-08T20:30:52.6534198Z Setting up libdc1394-25:amd64 (2.2.6-4build1) ...
2026-10-08T20:30:52.6550472Z Setting up intel-media-va-driver:amd64 (24.1.0+dfsg1-1ubuntu0.2) ...
2026-10-08T20:30:52.6564104Z Setting up libxv1:amd64 (2:1.0.11-1.1build1) ...
2026-10-08T20:30:52.6578509Z Setting up libunibreak5:amd64 (5.1-2build1) ...
2026-10-08T20:30:52.6595432Z Setting up libaacs0:amd64 (0.11.1-2build1) ...
2026-10-08T20:30:52.6610312Z Setting up libjxl0.7:amd64 (0.7.0-10.2ubuntu6.1) ...
2026-10-08T20:30:52.6627453Z Setting up librsvg2-common:amd64 (2.58.0+dfsg-1ubuntu0.1) ...
2026-10-08T20:30:52.6870630Z Setting up pocketsphinx-en-us (0.8.0+real5prealpha+1-15ubuntu5) ...
2026-10-08T20:30:52.6891134Z Setting up libx265-199:amd64 (3.5-2build1) ...
2026-10-08T20:30:52.6906314Z Setting up libsndio7.0:amd64 (1.9.0-0.3build3) ...
2026-10-08T20:30:52.6921161Z Setting up libbdplus0:amd64 (0.2.0-3build1) ...
2026-10-08T20:30:52.6938042Z Setting up libvidstab1.1:amd64 (1.1.0-2build1) ...
2026-10-08T20:30:52.6952464Z Setting up libvpx9:amd64 (1.14.0-1ubuntu2.3) ...
2026-10-08T20:30:52.6966959Z Setting up libsrt1.5-gnutls:amd64 (1.5.3-1build2) ...
2026-10-08T20:30:52.6982836Z Setting up libflite1:amd64 (2.2-6build3) ...
2026-10-08T20:30:52.6997437Z Setting up libdav1d7:amd64 (1.4.1-1build1) ...
2026-10-08T20:30:52.7011986Z Setting up libva-drm2:amd64 (2.20.0-2ubuntu0.2) ...
2026-10-08T20:30:52.7029623Z Setting up ocl-icd-libopencl1:amd64 (2.3.2-1build1) ...
2026-10-08T20:30:52.7045236Z Setting up libasyncns0:amd64 (0.8-6build4) ...
2026-10-08T20:30:52.7061499Z Setting up libvdpau1:amd64 (1.5-2build1) ...
2026-10-08T20:30:52.7081557Z Setting up libbs2b0:amd64 (3.1.0+dfsg-7build1) ...
2026-10-08T20:30:52.7097461Z Setting up libtheora0:amd64 (1.1.1+dfsg.1-16.1build3) ...
2026-10-08T20:30:52.7111780Z Setting up libdecor-0-0:amd64 (0.2.2-1build2) ...
2026-10-08T20:30:52.7125100Z Setting up libzimg2:amd64 (3.0.5+ds1-1build1) ...
2026-10-08T20:30:52.7142025Z Setting up libopenal-data (1:1.23.1-4build1) ...
2026-10-08T20:30:52.7162765Z Setting up libflac12t64:amd64 (1.4.3+ds-2.1ubuntu2) ...
2026-10-08T20:30:52.7177515Z Setting up mesa-va-drivers:amd64 (25.2.8-0ubuntu0.24.04.4) ...
2026-10-08T20:30:52.7193903Z Setting up libbluray2:amd64 (1:1.3.4-1build1) ...
2026-10-08T20:30:52.7209324Z Setting up libsamplerate0:amd64 (0.2.2-4build1) ...
2026-10-08T20:30:52.7225782Z Setting up libva-x11-2:amd64 (2.20.0-2ubuntu0.2) ...
2026-10-08T20:30:52.7238970Z Setting up libdecor-0-plugin-1-gtk:amd64 (0.2.2-1build2) ...
2026-10-08T20:30:52.7254705Z Setting up libopenmpt0t64:amd64 (0.7.3-1.1build3) ...
2026-10-08T20:30:52.7269877Z Setting up libzvbi-common (0.2.42-2) ...
2026-10-08T20:30:52.7283692Z Setting up libmp3lame0:amd64 (3.100-6build1) ...
2026-10-08T20:30:52.7300543Z Setting up i965-va-driver:amd64 (2.4.1+dfsg1-1ubuntu0.2) ...
2026-10-08T20:30:52.7314132Z Setting up libvorbisenc2:amd64 (1.3.7-1build3) ...
2026-10-08T20:30:52.7330082Z Setting up libiec61883-0:amd64 (1.2.0-6build1) ...
2026-10-08T20:30:52.7346818Z Setting up libserd-0-0:amd64 (0.32.2-1) ...
2026-10-08T20:30:52.7360383Z Setting up libavc1394-0:amd64 (0.5.4-5build3) ...
2026-10-08T20:30:52.7376912Z Setting up mesa-vdpau-drivers:amd64 (25.2.8-0ubuntu0.24.04.4) ...
2026-10-08T20:30:52.7393053Z Setting up liblapack3:amd64 (3.12.0-3build1.1) ...
2026-10-08T20:30:52.7441755Z update-alternatives: using /usr/lib/x86_64-linux-gnu/lapack/liblapack.so.3 to provide /usr/lib/x86_64-linux-gnu/liblapack.so.3 (liblapack.so.3-x86_64-linux-gnu) in auto mode
2026-10-08T20:30:52.7457196Z Setting up libzvbi0t64:amd64 (0.2.42-2) ...
2026-10-08T20:30:52.7472293Z Setting up libavutil58:amd64 (7:6.1.1-3ubuntu5) ...
2026-10-08T20:30:52.7486355Z Setting up libopenal1:amd64 (1:1.23.1-4build1) ...
2026-10-08T20:30:52.7504008Z Setting up libass9:amd64 (1:0.17.1-2build1) ...
2026-10-08T20:30:52.7517647Z Setting up libswresample4:amd64 (7:6.1.1-3ubuntu5) ...
2026-10-08T20:30:52.7536708Z Setting up va-driver-all:amd64 (2.20.0-2ubuntu0.2) ...
2026-10-08T20:30:52.7553495Z Setting up libavcodec60:amd64 (7:6.1.1-3ubuntu5) ...
2026-10-08T20:30:52.7569832Z Setting up librubberband2:amd64 (3.3.0+dfsg-2build1) ...
2026-10-08T20:30:52.7923712Z Setting up libjack-jackd2-0:amd64 (1.9.21~dfsg-3ubuntu3) ...
2026-10-08T20:30:52.7941888Z Setting up vdpau-driver-all:amd64 (1.5-2build1) ...
2026-10-08T20:30:52.7956258Z Setting up libsord-0-0:amd64 (0.16.16-2build1) ...
2026-10-08T20:30:52.7972688Z Setting up libpostproc57:amd64 (7:6.1.1-3ubuntu5) ...
2026-10-08T20:30:52.7986436Z Setting up libsratom-0-0:amd64 (0.6.16-1build1) ...
2026-10-08T20:30:52.8001571Z Setting up libsndfile1:amd64 (1.2.2-1ubuntu5.24.04.1) ...
2026-10-08T20:30:52.8015946Z Setting up liblilv-0-0:amd64 (0.24.22-1build1) ...
2026-10-08T20:30:52.8034104Z Setting up libswscale7:amd64 (7:6.1.1-3ubuntu5) ...
2026-10-08T20:30:52.8052207Z Setting up libpulse0:amd64 (1:16.1+dfsg1-2ubuntu10.1) ...
2026-10-08T20:30:52.8110863Z Setting up libavformat60:amd64 (7:6.1.1-3ubuntu5) ...
2026-10-08T20:30:52.8126767Z Setting up libsphinxbase3t64:amd64 (0.8+5prealpha+1-17build2) ...
2026-10-08T20:30:52.8141148Z Setting up libsdl2-2.0-0:amd64 (2.30.0+dfsg-1ubuntu3.1) ...
2026-10-08T20:30:52.8156787Z Setting up libpocketsphinx3:amd64 (0.8.0+real5prealpha+1-15ubuntu5) ...
2026-10-08T20:30:52.8174807Z Setting up libavfilter9:amd64 (7:6.1.1-3ubuntu5) ...
2026-10-08T20:30:52.8189474Z Setting up libavdevice60:amd64 (7:6.1.1-3ubuntu5) ...
2026-10-08T20:30:52.8205970Z Setting up ffmpeg (7:6.1.1-3ubuntu5) ...
2026-10-08T20:30:52.8224158Z Processing triggers for man-db (2.12.0-4build2) ...
2026-10-08T20:30:52.8253531Z Not building database; man-db/auto-update is not 'true'.
2026-10-08T20:30:52.8265558Z Processing triggers for libgdk-pixbuf-2.0-0:amd64 (2.42.10+dfsg-3ubuntu3.3) ...
2026-10-08T20:30:53.2727361Z Processing triggers for libc-bin (2.39-0ubuntu8.9) ...
2026-10-08T20:30:55.6982270Z 
2026-10-08T20:30:55.6982887Z Running kernel seems to be up-to-date.
2026-10-08T20:30:55.6983117Z 
2026-10-08T20:30:55.6983234Z No services need to be restarted.
2026-10-08T20:30:55.6983577Z 
2026-10-08T20:30:55.6983767Z No containers need to be restarted.
2026-10-08T20:30:55.6983920Z 
2026-10-08T20:30:55.6984099Z No user sessions are running outdated binaries.
2026-10-08T20:30:55.6984486Z 
2026-10-08T20:30:55.6984732Z No VM guests are running outdated hypervisor (qemu) binaries on this host.
2026-10-08T20:30:56.7535158Z ffprobe version 6.1.1-3ubuntu5 Copyright (c) 2007-2023 the FFmpeg developers
2026-10-08T20:30:56.7535958Z built with gcc 13 (Ubuntu 13.2.0-23ubuntu3)
2026-10-08T20:30:56.7539879Z configuration: --prefix=/usr --extra-version=3ubuntu5 --toolchain=hardened --libdir=/usr/lib/x86_64-linux-gnu --incdir=/usr/include/x86_64-linux-gnu --arch=amd64 --enable-gpl --disable-stripping --disable-omx --enable-gnutls --enable-libaom --enable-libass --enable-libbs2b --enable-libcaca --enable-libcdio --enable-libcodec2 --enable-libdav1d --enable-libflite --enable-libfontconfig --enable-libfreetype --enable-libfribidi --enable-libglslang --enable-libgme --enable-libgsm --enable-libharfbuzz --enable-libmp3lame --enable-libmysofa --enable-libopenjpeg --enable-libopenmpt --enable-libopus --enable-librubberband --enable-libshine --enable-libsnappy --enable-libsoxr --enable-libspeex --enable-libtheora --enable-libtwolame --enable-libvidstab --enable-libvorbis --enable-libvpx --enable-libwebp --enable-libx265 --enable-libxml2 --enable-libxvid --enable-libzimg --enable-openal --enable-opencl --enable-opengl --disable-sndio --enable-libvpl --disable-libmfx --enable-libdc1394 --enable-libdrm --enable-libiec61883 --enable-chromaprint --enable-frei0r --enable-ladspa --enable-libbluray --enable-libjack --enable-libpulse --enable-librabbitmq --enable-librist --enable-libsrt --enable-libssh --enable-libsvtav1 --enable-libx264 --enable-libzmq --enable-libzvbi --enable-lv2 --enable-sdl2 --enable-libplacebo --enable-librav1e --enable-pocketsphinx --enable-librsvg --enable-libjxl --enable-shared
2026-10-08T20:30:56.7542875Z libavutil      58. 29.100 / 58. 29.100
2026-10-08T20:30:56.7543210Z libavcodec     60. 31.102 / 60. 31.102
2026-10-08T20:30:56.7543464Z libavformat    60. 16.100 / 60. 16.100
2026-10-08T20:30:56.7544067Z libavdevice    60.  3.100 / 60.  3.100
2026-10-08T20:30:56.7553054Z libavfilter     9. 12.100 /  9. 12.100
2026-10-08T20:30:56.7553277Z libswscale      7.  5.100 /  7.  5.100
2026-10-08T20:30:56.7553454Z libswresample   4. 12.100 /  4. 12.100
2026-10-08T20:30:56.7553652Z libpostproc    57.  3.100 / 57.  3.100
2026-10-08T20:30:56.8065856Z ffmpeg version 6.1.1-3ubuntu5 Copyright (c) 2000-2023 the FFmpeg developers
2026-10-08T20:30:56.8066366Z built with gcc 13 (Ubuntu 13.2.0-23ubuntu3)
2026-10-08T20:30:56.8072651Z configuration: --prefix=/usr --extra-version=3ubuntu5 --toolchain=hardened --libdir=/usr/lib/x86_64-linux-gnu --incdir=/usr/include/x86_64-linux-gnu --arch=amd64 --enable-gpl --disable-stripping --disable-omx --enable-gnutls --enable-libaom --enable-libass --enable-libbs2b --enable-libcaca --enable-libcdio --enable-libcodec2 --enable-libdav1d --enable-libflite --enable-libfontconfig --enable-libfreetype --enable-libfribidi --enable-libglslang --enable-libgme --enable-libgsm --enable-libharfbuzz --enable-libmp3lame --enable-libmysofa --enable-libopenjpeg --enable-libopenmpt --enable-libopus --enable-librubberband --enable-libshine --enable-libsnappy --enable-libsoxr --enable-libspeex --enable-libtheora --enable-libtwolame --enable-libvidstab --enable-libvorbis --enable-libvpx --enable-libwebp --enable-libx265 --enable-libxml2 --enable-libxvid --enable-libzimg --enable-openal --enable-opencl --enable-opengl --disable-sndio --enable-libvpl --disable-libmfx --enable-libdc1394 --enable-libdrm --enable-libiec61883 --enable-chromaprint --enable-frei0r --enable-ladspa --enable-libbluray --enable-libjack --enable-libpulse --enable-librabbitmq --enable-librist --enable-libsrt --enable-libssh --enable-libsvtav1 --enable-libx264 --enable-libzmq --enable-libzvbi --enable-lv2 --enable-sdl2 --enable-libplacebo --enable-librav1e --enable-pocketsphinx --enable-librsvg --enable-libjxl --enable-shared
2026-10-08T20:30:56.8077555Z libavutil      58. 29.100 / 58. 29.100
2026-10-08T20:30:56.8077843Z libavcodec     60. 31.102 / 60. 31.102
2026-10-08T20:30:56.8078136Z libavformat    60. 16.100 / 60. 16.100
2026-10-08T20:30:56.8078806Z libavdevice    60.  3.100 / 60.  3.100
2026-10-08T20:30:56.8079277Z libavfilter     9. 12.100 /  9. 12.100
2026-10-08T20:30:56.8079567Z libswscale      7.  5.100 /  7.  5.100
2026-10-08T20:30:56.8079852Z libswresample   4. 12.100 /  4. 12.100
2026-10-08T20:30:56.8080140Z libpostproc    57.  3.100 / 57.  3.100
2026-10-08T20:30:56.8157449Z ##[group]Run actions/download-artifact@v4
2026-10-08T20:30:56.8157626Z with:
2026-10-08T20:30:56.8157799Z   pattern: G10-stage-*-6de661bc96798b8c9ed146e7a6cafcfa37bca150
2026-10-08T20:30:56.8158016Z   path: jobs/G10-checkers
2026-10-08T20:30:56.8158157Z   merge-multiple: true
2026-10-08T20:30:56.8158305Z   repository: luisitin/partybox-game-cores
2026-10-08T20:30:56.8158468Z   run-id: 37837474779
2026-10-08T20:30:56.8158591Z env:
2026-10-08T20:30:56.8158744Z   G10_SOURCE_COMMIT: 6de661bc96798b8c9ed146e7a6cafcfa37bca150
2026-10-08T20:30:56.8159079Z ##[endgroup]
2026-10-08T20:30:56.9301013Z (node:3518) [DEP0040] DeprecationWarning: The `punycode` module is deprecated. Please use a userland alternative instead.
2026-10-08T20:30:57.1822539Z (Use `node --trace-deprecation ...` to show where the warning was created)
2026-10-08T20:30:57.1833566Z Found 4 artifact(s)
2026-10-08T20:30:57.1834217Z Filtering artifacts by pattern 'G10-stage-*-6de661bc96798b8c9ed146e7a6cafcfa37bca150'
2026-10-08T20:30:57.1846942Z Preparing to download the following artifacts:
2026-10-08T20:30:57.1847717Z - G10-stage-browser-6de661bc96798b8c9ed146e7a6cafcfa37bca150 (ID: 11577115343, Size: 8645314, Expected Digest: sha256:d5b7e99a8df3dd81a73ea6d4e5f62d19aa9a558628f3105adb60cb522e6067a3)
2026-10-08T20:30:57.1849121Z - G10-stage-league-american-6de661bc96798b8c9ed146e7a6cafcfa37bca150 (ID: 11577060388, Size: 371968, Expected Digest: sha256:86f3c46b1c44f0aed640b6d0e8e82e5442558f173f2df594cd668abf76c25752)
2026-10-08T20:30:57.1850005Z - G10-stage-league-international-6de661bc96798b8c9ed146e7a6cafcfa37bca150 (ID: 11577017432, Size: 490154, Expected Digest: sha256:539ecdccddd01a8cb07237d20800628ba9f3a00efc90d065e89f839e7b3d6e2a)
2026-10-08T20:30:57.1850830Z - G10-stage-node-6de661bc96798b8c9ed146e7a6cafcfa37bca150 (ID: 11576850766, Size: 136183, Expected Digest: sha256:f53a705ed01c0f1d9145ceeb3aa6daf367010741f55e47639a53f67ef3c938aa)
2026-10-08T20:30:57.4187438Z Redirecting to blob download url: https://productionresultssa9.blob.core.windows.net/actions-results/e9b14721-f617-8a37-aea3-69f87cfffb52/workflow-job-run-1d03d33f-c1d1-52fe-adb5-4d80cfd0746d/artifacts/8ba0f8c4a9f6dc2f483f656684ffced4e51585e27018ade515ade43d6b7046cd.zip
2026-10-08T20:30:57.4189014Z Starting download of artifact to: /home/runner/work/partybox-game-cores/partybox-game-cores/jobs/G10-checkers
2026-10-08T20:30:57.5340005Z Redirecting to blob download url: https://productionresultssa9.blob.core.windows.net/actions-results/e9b14721-f617-8a37-aea3-69f87cfffb52/workflow-job-run-85504fdf-700e-508e-809c-9c214b902e0c/artifacts/c8774e310528285c9c533cdd37f8d67c541d321a6aaf0be40c9589a378b8234e.zip
2026-10-08T20:30:57.5341335Z Starting download of artifact to: /home/runner/work/partybox-game-cores/partybox-game-cores/jobs/G10-checkers
2026-10-08T20:30:57.5363416Z Redirecting to blob download url: https://productionresultssa9.blob.core.windows.net/actions-results/e9b14721-f617-8a37-aea3-69f87cfffb52/workflow-job-run-3dee3b4e-5b26-5503-9a4d-023a48b48fbf/artifacts/00f5e55f212c31c7047dc2b53d57a9c1013258dde316af0c999de6dde4106fc5.zip
2026-10-08T20:30:57.5365136Z Starting download of artifact to: /home/runner/work/partybox-game-cores/partybox-game-cores/jobs/G10-checkers
2026-10-08T20:30:57.5449998Z Redirecting to blob download url: https://productionresultssa9.blob.core.windows.net/actions-results/e9b14721-f617-8a37-aea3-69f87cfffb52/workflow-job-run-d22b902e-5975-5de4-8801-42988da00809/artifacts/65e93ebe4aab1a29e41343bedd8074f851020fefc76a0fc8e8c870aac28353ca.zip
2026-10-08T20:30:57.5451348Z Starting download of artifact to: /home/runner/work/partybox-game-cores/partybox-game-cores/jobs/G10-checkers
2026-10-08T20:30:57.6997804Z (node:3518) [DEP0005] DeprecationWarning: Buffer() is deprecated due to security and usability issues. Please use the Buffer.alloc(), Buffer.allocUnsafe(), or Buffer.from() methods instead.
2026-10-08T20:30:57.8893116Z SHA256 digest of downloaded artifact is f53a705ed01c0f1d9145ceeb3aa6daf367010741f55e47639a53f67ef3c938aa
2026-10-08T20:30:57.8893783Z Artifact download completed successfully.
2026-10-08T20:30:57.9500365Z SHA256 digest of downloaded artifact is 86f3c46b1c44f0aed640b6d0e8e82e5442558f173f2df594cd668abf76c25752
2026-10-08T20:30:57.9500740Z Artifact download completed successfully.
2026-10-08T20:30:57.9831101Z SHA256 digest of downloaded artifact is 539ecdccddd01a8cb07237d20800628ba9f3a00efc90d065e89f839e7b3d6e2a
2026-10-08T20:30:57.9831477Z Artifact download completed successfully.
2026-10-08T20:31:00.4291859Z SHA256 digest of downloaded artifact is d5b7e99a8df3dd81a73ea6d4e5f62d19aa9a558628f3105adb60cb522e6067a3
2026-10-08T20:31:00.4292486Z Artifact download completed successfully.
2026-10-08T20:31:00.4292891Z Total of 4 artifact(s) downloaded
2026-10-08T20:31:00.4297593Z Download artifact has finished successfully
2026-10-08T20:31:00.4489262Z ##[group]Run set -o pipefail
2026-10-08T20:31:00.4489472Z [36;1mset -o pipefail[0m
2026-10-08T20:31:00.4489715Z [36;1mnode scripts/check.mjs --stage final 2>&1 | tee .work-stage-final.stdout[0m
2026-10-08T20:31:00.4540715Z shell: /usr/bin/bash -e {0}
2026-10-08T20:31:00.4540876Z env:
2026-10-08T20:31:00.4541056Z   G10_SOURCE_COMMIT: 6de661bc96798b8c9ed146e7a6cafcfa37bca150
2026-10-08T20:31:00.4541264Z ##[endgroup]
2026-10-08T20:31:00.5449625Z 
2026-10-08T20:31:00.5450271Z > partybox-g10-checkers@1.0.0 build
2026-10-08T20:31:00.5450766Z > tsc --noEmit && node scripts/build.mjs
2026-10-08T20:31:00.5450965Z 
2026-10-08T20:31:07.9100626Z PASS: complete offline single-page game written to /home/runner/work/partybox-game-cores/partybox-game-cores/jobs/G10-checkers/.work/play.html; original six-piece data is read in bounded blocks.
2026-10-08T20:31:20.8312252Z PASS: checksums, authoritative schemas/manifest, pure core source, fixed corpus provenance, original offline page (delivery execution gates explicitly excluded).
2026-10-08T20:31:36.3606012Z {"status":"PASS","games":4000,"files":80,"independentLegalMoveReplay":true}
2026-10-08T20:31:56.2997890Z PASS: checksums, authoritative schemas/manifest, pure core source, fixed corpus provenance, original offline page, required simulations/mutations/leagues and source-matched browser/media proof.
2026-10-08T20:31:58.7666691Z {"status":"PASS","stage":"final","sourceCommit":"6de661bc96798b8c9ed146e7a6cafcfa37bca150","elapsedSeconds":58.281510089}
2026-10-08T20:31:58.7747194Z ##[group]Run node scripts/standalone-receipt.mjs
2026-10-08T20:31:58.7747442Z [36;1mnode scripts/standalone-receipt.mjs[0m
2026-10-08T20:31:58.7798473Z shell: /usr/bin/bash -e {0}
2026-10-08T20:31:58.7798633Z env:
2026-10-08T20:31:58.7798806Z   G10_SOURCE_COMMIT: 6de661bc96798b8c9ed146e7a6cafcfa37bca150
2026-10-08T20:31:58.7799210Z ##[endgroup]
2026-10-08T20:32:01.2340442Z Standalone page digest and exact-checkout receipt written.
2026-10-08T20:32:01.2438154Z ##[group]Run actions/upload-artifact@v4
2026-10-08T20:32:01.2438334Z with:
2026-10-08T20:32:01.2438506Z   name: G10-standalone-6de661bc96798b8c9ed146e7a6cafcfa37bca150
2026-10-08T20:32:01.2438802Z   path: jobs/G10-checkers/.work/play.html
jobs/G10-checkers/.work/standalone-delivery.json

2026-10-08T20:32:01.2439282Z   if-no-files-found: error
2026-10-08T20:32:01.2439434Z   include-hidden-files: true
2026-10-08T20:32:01.2439582Z   compression-level: 1
2026-10-08T20:32:01.2439714Z   retention-days: 7
2026-10-08T20:32:01.2439842Z   overwrite: false
2026-10-08T20:32:01.2439964Z env:
2026-10-08T20:32:01.2440119Z   G10_SOURCE_COMMIT: 6de661bc96798b8c9ed146e7a6cafcfa37bca150
2026-10-08T20:32:01.2440305Z ##[endgroup]
2026-10-08T20:32:01.3582572Z (node:3709) [DEP0040] DeprecationWarning: The `punycode` module is deprecated. Please use a userland alternative instead.
2026-10-08T20:32:01.3583173Z (Use `node --trace-deprecation ...` to show where the warning was created)
2026-10-08T20:32:01.3660690Z Multiple search paths detected. Calculating the least common ancestor of all paths
2026-10-08T20:32:01.3662744Z The least common ancestor is /home/runner/work/partybox-game-cores/partybox-game-cores/jobs/G10-checkers/.work. This will be the root directory of the artifact
2026-10-08T20:32:01.3663680Z With the provided path, there will be 2 files uploaded
2026-10-08T20:32:01.3664535Z Artifact name is valid!
2026-10-08T20:32:01.3664932Z Root directory input is valid!
2026-10-08T20:32:01.7183577Z Beginning upload of artifact content to blob storage
2026-10-08T20:32:01.9278131Z (node:3709) [DEP0169] DeprecationWarning: `url.parse()` behavior is not standardized and prone to errors that have security implications. Use the WHATWG URL API instead. CVEs are not issued for `url.parse()` vulnerabilities.
2026-10-08T20:32:02.6167069Z Uploaded bytes 8388608
2026-10-08T20:32:02.7775977Z Uploaded bytes 16777216
2026-10-08T20:32:02.9859475Z Uploaded bytes 25165824
2026-10-08T20:32:03.0998487Z Uploaded bytes 33554432
2026-10-08T20:32:03.1668678Z Uploaded bytes 41943040
2026-10-08T20:32:03.2451360Z Uploaded bytes 50331648
2026-10-08T20:32:03.4121477Z Uploaded bytes 58720256
2026-10-08T20:32:03.6691838Z Uploaded bytes 67108864
2026-10-08T20:32:03.9422254Z Uploaded bytes 75497472
2026-10-08T20:32:04.0589682Z Uploaded bytes 83886080
2026-10-08T20:32:04.2726553Z Uploaded bytes 92274688
2026-10-08T20:32:04.5641049Z Uploaded bytes 100663296
2026-10-08T20:32:04.7253754Z Uploaded bytes 109051904
2026-10-08T20:32:04.9363490Z Uploaded bytes 117440512
2026-10-08T20:32:05.1108961Z Uploaded bytes 125829120
2026-10-08T20:32:05.3113160Z Uploaded bytes 134217728
2026-10-08T20:32:05.5454450Z Uploaded bytes 142606336
2026-10-08T20:32:05.7231352Z Uploaded bytes 150994944
2026-10-08T20:32:05.9222620Z Uploaded bytes 159383552
2026-10-08T20:32:06.1231341Z Uploaded bytes 167772160
2026-10-08T20:32:06.3223837Z Uploaded bytes 176160768
2026-10-08T20:32:06.5242309Z Uploaded bytes 184549376
2026-10-08T20:32:06.7681761Z Uploaded bytes 192937984
2026-10-08T20:32:06.9210307Z Uploaded bytes 201326592
2026-10-08T20:32:07.1320090Z Uploaded bytes 209715200
2026-10-08T20:32:07.3472722Z Uploaded bytes 218103808
2026-10-08T20:32:07.5645907Z Uploaded bytes 226492416
2026-10-08T20:32:07.7471528Z Uploaded bytes 234881024
2026-10-08T20:32:07.9312395Z Uploaded bytes 243269632
2026-10-08T20:32:08.1388651Z Uploaded bytes 251658240
2026-10-08T20:32:08.3487135Z Uploaded bytes 260046848
2026-10-08T20:32:08.5739184Z Uploaded bytes 268435456
2026-10-08T20:32:08.8517738Z Uploaded bytes 276824064
2026-10-08T20:32:08.9899343Z Uploaded bytes 285212672
2026-10-08T20:32:09.1966198Z Uploaded bytes 293601280
2026-10-08T20:32:09.4432400Z Uploaded bytes 301989888
2026-10-08T20:32:09.5812249Z Uploaded bytes 310378496
2026-10-08T20:32:09.7835693Z Uploaded bytes 318767104
2026-10-08T20:32:09.9923126Z Uploaded bytes 327155712
2026-10-08T20:32:10.2014477Z Uploaded bytes 335544320
2026-10-08T20:32:10.4053406Z Uploaded bytes 343932928
2026-10-08T20:32:10.6580201Z Uploaded bytes 352321536
2026-10-08T20:32:10.9922067Z Uploaded bytes 360710144
2026-10-08T20:32:11.0219453Z Uploaded bytes 369098752
2026-10-08T20:32:11.2313504Z Uploaded bytes 377487360
2026-10-08T20:32:11.4289543Z Uploaded bytes 385875968
2026-10-08T20:32:11.6293129Z Uploaded bytes 394264576
2026-10-08T20:32:11.9435298Z Uploaded bytes 402653184
2026-10-08T20:32:12.1203410Z Uploaded bytes 411041792
2026-10-08T20:32:12.3471777Z Uploaded bytes 419430400
2026-10-08T20:32:12.5470436Z Uploaded bytes 427819008
2026-10-08T20:32:12.7646440Z Uploaded bytes 436207616
2026-10-08T20:32:12.9810799Z Uploaded bytes 444596224
2026-10-08T20:32:13.2022920Z Uploaded bytes 452984832
2026-10-08T20:32:13.4809266Z Uploaded bytes 461373440
2026-10-08T20:32:13.8514015Z Uploaded bytes 469762048
2026-10-08T20:32:13.9449781Z Uploaded bytes 478150656
2026-10-08T20:32:14.0704423Z Uploaded bytes 486539264
2026-10-08T20:32:14.2973180Z Uploaded bytes 494927872
2026-10-08T20:32:14.6922151Z Uploaded bytes 503316480
2026-10-08T20:32:14.7468660Z Uploaded bytes 511705088
2026-10-08T20:32:15.2483793Z Uploaded bytes 520093696
2026-10-08T20:32:15.3006082Z Uploaded bytes 528482304
2026-10-08T20:32:15.3156913Z Uploaded bytes 536870912
2026-10-08T20:32:15.5181326Z Uploaded bytes 545259520
2026-10-08T20:32:15.9118101Z Uploaded bytes 553648128
2026-10-08T20:32:15.9259562Z Uploaded bytes 562036736
2026-10-08T20:32:16.1080075Z Uploaded bytes 570425344
2026-10-08T20:32:16.3198104Z Uploaded bytes 578813952
2026-10-08T20:32:16.5291985Z Uploaded bytes 587202560
2026-10-08T20:32:16.7402296Z Uploaded bytes 595591168
2026-10-08T20:32:16.9861613Z Uploaded bytes 603979776
2026-10-08T20:32:17.1688363Z Uploaded bytes 612368384
2026-10-08T20:32:17.3444870Z Uploaded bytes 620756992
2026-10-08T20:32:17.5488179Z Uploaded bytes 629145600
2026-10-08T20:32:17.8363649Z Uploaded bytes 637534208
2026-10-08T20:32:17.9592203Z Uploaded bytes 645922816
2026-10-08T20:32:18.1660762Z Uploaded bytes 654311424
2026-10-08T20:32:18.3665379Z Uploaded bytes 662700032
2026-10-08T20:32:18.6387878Z Uploaded bytes 671088640
2026-10-08T20:32:18.8406308Z Uploaded bytes 679477248
2026-10-08T20:32:18.9810478Z Uploaded bytes 687865856
2026-10-08T20:32:19.1884732Z Uploaded bytes 696254464
2026-10-08T20:32:19.3979370Z Uploaded bytes 704643072
2026-10-08T20:32:19.6071742Z Uploaded bytes 713031680
2026-10-08T20:32:19.8812042Z Uploaded bytes 721420288
2026-10-08T20:32:20.0562043Z Uploaded bytes 729808896
2026-10-08T20:32:20.2738102Z Uploaded bytes 738197504
2026-10-08T20:32:20.5366283Z Uploaded bytes 746586112
2026-10-08T20:32:20.6792779Z Uploaded bytes 754974720
2026-10-08T20:32:20.8828159Z Uploaded bytes 763363328
2026-10-08T20:32:21.1502453Z Uploaded bytes 771751936
2026-10-08T20:32:21.3172841Z Uploaded bytes 780140544
2026-10-08T20:32:21.5044241Z Uploaded bytes 788529152
2026-10-08T20:32:21.7097106Z Uploaded bytes 796917760
2026-10-08T20:32:21.9020937Z Uploaded bytes 805306368
2026-10-08T20:32:22.0885901Z Uploaded bytes 813694976
2026-10-08T20:32:22.3253037Z Uploaded bytes 822083584
2026-10-08T20:32:22.4974471Z Uploaded bytes 830472192
2026-10-08T20:32:22.7566148Z Uploaded bytes 838860800
2026-10-08T20:32:22.9758683Z Uploaded bytes 847249408
2026-10-08T20:32:23.3148995Z Uploaded bytes 855638016
2026-10-08T20:32:23.3686181Z Uploaded bytes 864026624
2026-10-08T20:32:23.5932454Z Uploaded bytes 872415232
2026-10-08T20:32:23.8072957Z Uploaded bytes 880803840
2026-10-08T20:32:24.0280871Z Uploaded bytes 889192448
2026-10-08T20:32:24.1971442Z Uploaded bytes 897581056
2026-10-08T20:32:24.4073206Z Uploaded bytes 905969664
2026-10-08T20:32:24.6605217Z Uploaded bytes 914358272
2026-10-08T20:32:24.9172234Z Uploaded bytes 922746880
2026-10-08T20:32:24.9961038Z Uploaded bytes 931135488
2026-10-08T20:32:25.2301142Z Uploaded bytes 939524096
2026-10-08T20:32:25.4732623Z Uploaded bytes 947912704
2026-10-08T20:32:25.6635026Z Uploaded bytes 956301312
2026-10-08T20:32:25.8467520Z Uploaded bytes 964689920
2026-10-08T20:32:25.9975883Z Uploaded bytes 968040269
2026-10-08T20:32:26.0605633Z Finished uploading artifact content to blob storage!
2026-10-08T20:32:26.0608003Z SHA256 digest of uploaded artifact zip is 1b04adca169c200569b894a60ce9ebb26d27408fa8b4474e7c80879a1652bf08
2026-10-08T20:32:26.0609398Z Finalizing artifact upload
2026-10-08T20:32:26.4569035Z Artifact G10-standalone-6de661bc96798b8c9ed146e7a6cafcfa37bca150.zip successfully finalized. Artifact ID 11576888627
2026-10-08T20:32:26.4570140Z Artifact G10-standalone-6de661bc96798b8c9ed146e7a6cafcfa37bca150 has been successfully uploaded! Final size is 968040269 bytes. Artifact ID is 11576888627
2026-10-08T20:32:26.4574921Z Artifact download URL: https://github.com/luisitin/partybox-game-cores/actions/runs/37837474779/artifacts/11576888627
2026-10-08T20:32:26.4712007Z ##[group]Run actions/upload-artifact@v4
2026-10-08T20:32:26.4712193Z with:
2026-10-08T20:32:26.4712391Z   name: G10-check-evidence-6de661bc96798b8c9ed146e7a6cafcfa37bca150
2026-10-08T20:32:26.4712796Z   path: jobs/G10-checkers/.work-stage-*.stdout
jobs/G10-checkers/.work/checks
jobs/G10-checkers/.work/browser
jobs/G10-checkers/.work/media

2026-10-08T20:32:26.4713279Z   include-hidden-files: true
2026-10-08T20:32:26.4713436Z   retention-days: 7
2026-10-08T20:32:26.4713577Z   if-no-files-found: warn
2026-10-08T20:32:26.4713726Z   compression-level: 6
2026-10-08T20:32:26.4713867Z   overwrite: false
2026-10-08T20:32:26.4713997Z env:
2026-10-08T20:32:26.4714159Z   G10_SOURCE_COMMIT: 6de661bc96798b8c9ed146e7a6cafcfa37bca150
2026-10-08T20:32:26.4714357Z ##[endgroup]
2026-10-08T20:32:26.5837785Z (node:3725) [DEP0040] DeprecationWarning: The `punycode` module is deprecated. Please use a userland alternative instead.
2026-10-08T20:32:26.5838415Z (Use `node --trace-deprecation ...` to show where the warning was created)
2026-10-08T20:32:26.6100080Z With the provided path, there will be 239 files uploaded
2026-10-08T20:32:26.6109243Z Artifact name is valid!
2026-10-08T20:32:26.6111677Z Root directory input is valid!
2026-10-08T20:32:26.9666685Z Beginning upload of artifact content to blob storage
2026-10-08T20:32:27.3549580Z (node:3725) [DEP0169] DeprecationWarning: `url.parse()` behavior is not standardized and prone to errors that have security implications. Use the WHATWG URL API instead. CVEs are not issued for `url.parse()` vulnerabilities.
2026-10-08T20:32:28.0876893Z Uploaded bytes 8388608
2026-10-08T20:32:28.1712814Z Uploaded bytes 10484190
2026-10-08T20:32:28.2260394Z Finished uploading artifact content to blob storage!
2026-10-08T20:32:28.2261163Z SHA256 digest of uploaded artifact zip is bac499e7f0d8ce2ce0db443aada0ecf3c011003d11c25f6fa6c76bcc92a48155
2026-10-08T20:32:28.2261994Z Finalizing artifact upload
2026-10-08T20:32:28.4648282Z Artifact G10-check-evidence-6de661bc96798b8c9ed146e7a6cafcfa37bca150.zip successfully finalized. Artifact ID 11577710435
2026-10-08T20:32:28.4649154Z Artifact G10-check-evidence-6de661bc96798b8c9ed146e7a6cafcfa37bca150 has been successfully uploaded! Final size is 10484190 bytes. Artifact ID is 11577710435
2026-10-08T20:32:28.4653999Z Artifact download URL: https://github.com/luisitin/partybox-game-cores/actions/runs/37837474779/artifacts/11577710435
2026-10-08T20:32:28.4811898Z Post job cleanup.
2026-10-08T20:32:28.5633963Z (node:3740) [DEP0040] DeprecationWarning: The `punycode` module is deprecated. Please use a userland alternative instead.
2026-10-08T20:32:28.5634752Z (Use `node --trace-deprecation ...` to show where the warning was created)
2026-10-08T20:32:28.5636004Z Cache hit occurred on the primary key node-cache-Linux-x64-npm-b79e3f2344d4218dbbb2f93f566da8e1ac49738aa1184813b150890d461d0c8a, not saving cache.
2026-10-08T20:32:28.5736324Z Post job cleanup.
2026-10-08T20:32:28.6299560Z [command]/usr/bin/git version
2026-10-08T20:32:28.6333039Z git version 2.55.0
2026-10-08T20:32:28.6357771Z Temporarily overriding HOME='/home/runner/work/_temp/72ebc5cb-4ec5-41b9-bf16-cf928b0663e1' before making global git config changes
2026-10-08T20:32:28.6358641Z Adding repository directory to the temporary git global config as a safe directory
2026-10-08T20:32:28.6361195Z [command]/usr/bin/git config --global --add safe.directory /home/runner/work/partybox-game-cores/partybox-game-cores
2026-10-08T20:32:28.6395280Z [command]/usr/bin/git config --local --name-only --get-regexp core\.sshCommand
2026-10-08T20:32:28.6427607Z [command]/usr/bin/git submodule foreach --recursive sh -c "git config --local --name-only --get-regexp 'core\.sshCommand' && git config --local --unset-all 'core.sshCommand' || :"
2026-10-08T20:32:28.6637474Z [command]/usr/bin/git config --local --name-only --get-regexp http\.https\:\/\/github\.com\/\.extraheader
2026-10-08T20:32:28.6668030Z http.https://github.com/.extraheader
2026-10-08T20:32:28.6675496Z [command]/usr/bin/git config --local --unset-all http.https://github.com/.extraheader
2026-10-08T20:32:28.6714688Z [command]/usr/bin/git submodule foreach --recursive sh -c "git config --local --name-only --get-regexp 'http\.https\:\/\/github\.com\/\.extraheader' && git config --local --unset-all 'http.https://github.com/.extraheader' || :"
2026-10-08T20:32:28.6937807Z [command]/usr/bin/git config --local --name-only --get-regexp ^includeIf\.gitdir:
2026-10-08T20:32:28.6970808Z [command]/usr/bin/git submodule foreach --recursive git config --local --show-origin --name-only --get-regexp remote.origin.url
2026-10-08T20:32:28.7285962Z Cleaning up orphan processes
2026-10-08T20:32:28.7495154Z ##[warning]Node.js 20 is deprecated. The following actions target Node.js 20 but are being forced to run on Node.js 24: actions/checkout@v4, actions/download-artifact@v4, actions/setup-node@v4, actions/upload-artifact@v4. For more information see: https://github.blog/changelog/2025-09-19-deprecation-of-node-20-on-github-actions-runners/

