2026-10-08T21:12:13.7037796Z Current runner version: '2.337.0'
2026-10-08T21:12:13.7061084Z ##[group]Runner Image Provisioner
2026-10-08T21:12:13.7061896Z Hosted Compute Agent
2026-10-08T21:12:13.7062471Z Version: 20261002.596
2026-10-08T21:12:13.7062978Z Commit: c3d12f3313a95f25162a1503be624f3b0617f8c0
2026-10-08T21:12:13.7063692Z Build Date: 2026-10-02T22:28:27Z
2026-10-08T21:12:13.7064342Z Worker ID: {c7a4a1e4-011b-4f34-8f71-9a1179f292a6}
2026-10-08T21:12:13.7064943Z Region: westus3
2026-10-08T21:12:13.7065433Z Cloud: Azure
2026-10-08T21:12:13.7065878Z ##[endgroup]
2026-10-08T21:12:13.7067005Z ##[group]Operating System
2026-10-08T21:12:13.7067587Z Ubuntu
2026-10-08T21:12:13.7068046Z 24.04.5
2026-10-08T21:12:13.7068496Z LTS
2026-10-08T21:12:13.7068935Z ##[endgroup]
2026-10-08T21:12:13.7069392Z ##[group]Runner Image
2026-10-08T21:12:13.7070011Z Image: ubuntu-24.04
2026-10-08T21:12:13.7070504Z Version: 20261004.327.1
2026-10-08T21:12:13.7071582Z Included Software: https://github.com/actions/runner-images/blob/ubuntu24/20261004.327/images/ubuntu/Ubuntu2404-Readme.md
2026-10-08T21:12:13.7072748Z Image Release: https://github.com/actions/runner-images/releases/tag/ubuntu24%2F20261004.327
2026-10-08T21:12:13.7074104Z ##[endgroup]
2026-10-08T21:12:13.7075136Z ##[group]GITHUB_TOKEN Permissions
2026-10-08T21:12:13.7076903Z Contents: read
2026-10-08T21:12:13.7077385Z Metadata: read
2026-10-08T21:12:13.7077910Z ##[endgroup]
2026-10-08T21:12:13.7079801Z Secret source: Actions
2026-10-08T21:12:13.7080692Z Cache mode: write
2026-10-08T21:12:13.7081434Z Prepare workflow directory
2026-10-08T21:12:13.7414770Z Prepare all required actions
2026-10-08T21:12:13.7454803Z Getting action download info
2026-10-08T21:12:14.0365320Z Download action repository 'actions/checkout@v4' (SHA:11d5960a326750d5838078e36cf38b85af677262)
2026-10-08T21:12:14.1933936Z Download action repository 'actions/setup-node@v4' (SHA:49933ea5288caeca8642d1e84afbd3f7d6820020)
2026-10-08T21:12:14.4473851Z Download action repository 'actions/upload-artifact@v4' (SHA:ea165f8d65b6e75b540449e92b4886f43607fa02)
2026-10-08T21:12:14.9492014Z Complete job name: verify
2026-10-08T21:12:15.0253658Z ##[group]Run actions/checkout@v4
2026-10-08T21:12:15.0254466Z with:
2026-10-08T21:12:15.0254895Z   ref: 7e077efa11354e5f19f981b26975b7dcff1eae18
2026-10-08T21:12:15.0255489Z   repository: luisitin/partybox-game-cores
2026-10-08T21:12:15.0259331Z   token: ***
2026-10-08T21:12:15.0259714Z   ssh-strict: true
2026-10-08T21:12:15.0260100Z   ssh-user: git
2026-10-08T21:12:15.0260499Z   persist-credentials: true
2026-10-08T21:12:15.0260943Z   clean: true
2026-10-08T21:12:15.0261353Z   sparse-checkout-cone-mode: true
2026-10-08T21:12:15.0261840Z   fetch-depth: 1
2026-10-08T21:12:15.0262224Z   fetch-tags: false
2026-10-08T21:12:15.0262621Z   show-progress: true
2026-10-08T21:12:15.0263033Z   lfs: false
2026-10-08T21:12:15.0263540Z   submodules: false
2026-10-08T21:12:15.0263936Z   set-safe-directory: true
2026-10-08T21:12:15.0264410Z   allow-unsafe-pr-checkout: false
2026-10-08T21:12:15.0265062Z ##[endgroup]
2026-10-08T21:12:15.1158005Z Syncing repository: luisitin/partybox-game-cores
2026-10-08T21:12:15.1160687Z ##[group]Getting Git version info
2026-10-08T21:12:15.1162022Z Working directory is '/home/runner/work/partybox-game-cores/partybox-game-cores'
2026-10-08T21:12:15.1164032Z [command]/usr/bin/git version
2026-10-08T21:12:15.1184457Z git version 2.55.0
2026-10-08T21:12:15.1202684Z ##[endgroup]
2026-10-08T21:12:15.1216317Z Temporarily overriding HOME='/home/runner/work/_temp/10cbb3e0-5643-419f-bc6b-a86e2f709be1' before making global git config changes
2026-10-08T21:12:15.1218635Z Adding repository directory to the temporary git global config as a safe directory
2026-10-08T21:12:15.1221123Z [command]/usr/bin/git config --global --add safe.directory /home/runner/work/partybox-game-cores/partybox-game-cores
2026-10-08T21:12:15.1273075Z Deleting the contents of '/home/runner/work/partybox-game-cores/partybox-game-cores'
2026-10-08T21:12:15.1282124Z ##[group]Initializing the repository
2026-10-08T21:12:15.1289779Z [command]/usr/bin/git init /home/runner/work/partybox-game-cores/partybox-game-cores
2026-10-08T21:12:15.2694356Z hint: Using 'master' as the name for the initial branch. This default branch name
2026-10-08T21:12:15.2696198Z hint: will change to "main" in Git 3.0. To configure the initial branch name
2026-10-08T21:12:15.2697808Z hint: to use in all of your new repositories, which will suppress this warning,
2026-10-08T21:12:15.2699014Z hint: call:
2026-10-08T21:12:15.2699578Z hint:
2026-10-08T21:12:15.2700349Z hint: 	git config --global init.defaultBranch <name>
2026-10-08T21:12:15.2701262Z hint:
2026-10-08T21:12:15.2702133Z hint: Names commonly chosen instead of 'master' are 'main', 'trunk' and
2026-10-08T21:12:15.2703812Z hint: 'development'. The just-created branch can be renamed via this command:
2026-10-08T21:12:15.2704996Z hint:
2026-10-08T21:12:15.2705623Z hint: 	git branch -m <name>
2026-10-08T21:12:15.2706389Z hint:
2026-10-08T21:12:15.2707361Z hint: Disable this message with "git config set advice.defaultBranchName false"
2026-10-08T21:12:15.2709184Z Initialized empty Git repository in /home/runner/work/partybox-game-cores/partybox-game-cores/.git/
2026-10-08T21:12:15.2712181Z [command]/usr/bin/git remote add origin https://github.com/luisitin/partybox-game-cores
2026-10-08T21:12:15.2754064Z ##[endgroup]
2026-10-08T21:12:15.2755202Z ##[group]Disabling automatic garbage collection
2026-10-08T21:12:15.2769070Z [command]/usr/bin/git config --local gc.auto 0
2026-10-08T21:12:15.2821224Z ##[endgroup]
2026-10-08T21:12:15.2821898Z ##[group]Setting up auth
2026-10-08T21:12:15.2822632Z [command]/usr/bin/git config --local --name-only --get-regexp core\.sshCommand
2026-10-08T21:12:15.2854783Z [command]/usr/bin/git submodule foreach --recursive sh -c "git config --local --name-only --get-regexp 'core\.sshCommand' && git config --local --unset-all 'core.sshCommand' || :"
2026-10-08T21:12:15.3153236Z [command]/usr/bin/git config --local --name-only --get-regexp http\.https\:\/\/github\.com\/\.extraheader
2026-10-08T21:12:15.3195649Z [command]/usr/bin/git submodule foreach --recursive sh -c "git config --local --name-only --get-regexp 'http\.https\:\/\/github\.com\/\.extraheader' && git config --local --unset-all 'http.https://github.com/.extraheader' || :"
2026-10-08T21:12:15.3410380Z [command]/usr/bin/git config --local --name-only --get-regexp ^includeIf\.gitdir:
2026-10-08T21:12:15.3448578Z [command]/usr/bin/git submodule foreach --recursive git config --local --show-origin --name-only --get-regexp remote.origin.url
2026-10-08T21:12:15.3659023Z [command]/usr/bin/git config --local http.https://github.com/.extraheader AUTHORIZATION: basic ***
2026-10-08T21:12:15.3698379Z ##[endgroup]
2026-10-08T21:12:15.3700036Z ##[group]Fetching the repository
2026-10-08T21:12:15.3708440Z [command]/usr/bin/git -c protocol.version=2 fetch --no-tags --prune --no-recurse-submodules --depth=1 origin 7e077efa11354e5f19f981b26975b7dcff1eae18
2026-10-08T21:12:17.6950352Z From https://github.com/luisitin/partybox-game-cores
2026-10-08T21:12:17.6951977Z  * branch            7e077efa11354e5f19f981b26975b7dcff1eae18 -> FETCH_HEAD
2026-10-08T21:12:17.6954064Z ##[endgroup]
2026-10-08T21:12:17.6954616Z ##[group]Determining the checkout info
2026-10-08T21:12:17.6956309Z ##[endgroup]
2026-10-08T21:12:17.6961737Z [command]/usr/bin/git sparse-checkout disable
2026-10-08T21:12:17.7017087Z [command]/usr/bin/git config --local --unset-all extensions.worktreeConfig
2026-10-08T21:12:17.7047357Z ##[group]Checking out the ref
2026-10-08T21:12:17.7050491Z [command]/usr/bin/git checkout --progress --force 7e077efa11354e5f19f981b26975b7dcff1eae18
2026-10-08T21:12:17.7939951Z Note: switching to '7e077efa11354e5f19f981b26975b7dcff1eae18'.
2026-10-08T21:12:17.7940431Z 
2026-10-08T21:12:17.7940755Z You are in 'detached HEAD' state. You can look around, make experimental
2026-10-08T21:12:17.7941394Z changes and commit them, and you can discard any commits you make in this
2026-10-08T21:12:17.7941872Z state without impacting any branches by switching back to a branch.
2026-10-08T21:12:17.7942514Z 
2026-10-08T21:12:17.7942774Z If you want to create a new branch to retain commits you create, you may
2026-10-08T21:12:17.7943214Z do so (now or later) by using -c with the switch command. Example:
2026-10-08T21:12:17.7943673Z 
2026-10-08T21:12:17.7943808Z   git switch -c <new-branch-name>
2026-10-08T21:12:17.7944041Z 
2026-10-08T21:12:17.7944179Z Or undo this operation with:
2026-10-08T21:12:17.7944347Z 
2026-10-08T21:12:17.7944459Z   git switch -
2026-10-08T21:12:17.7944612Z 
2026-10-08T21:12:17.7944842Z Turn off this advice by setting config variable advice.detachedHead to false
2026-10-08T21:12:17.7945217Z 
2026-10-08T21:12:17.7945460Z HEAD is now at 7e077ef Declare supported G04 decoder and preserve genuine native proof
2026-10-08T21:12:17.7952748Z ##[endgroup]
2026-10-08T21:12:17.8073465Z [command]/usr/bin/git log -1 --format=%H
2026-10-08T21:12:17.8074617Z 7e077efa11354e5f19f981b26975b7dcff1eae18
2026-10-08T21:12:17.8271525Z ##[group]Run actions/setup-node@v4
2026-10-08T21:12:17.8271848Z with:
2026-10-08T21:12:17.8272068Z   node-version: 24
2026-10-08T21:12:17.8272279Z   cache: npm
2026-10-08T21:12:17.8272571Z   cache-dependency-path: jobs/G04-reality-check/package-lock.json
2026-10-08T21:12:17.8272915Z   always-auth: false
2026-10-08T21:12:17.8273138Z   check-latest: false
2026-10-08T21:12:17.8275325Z   token: ***
2026-10-08T21:12:17.8275537Z ##[endgroup]
2026-10-08T21:12:17.9439699Z Found in cache @ /opt/hostedtoolcache/node/24.21.0/x64
2026-10-08T21:12:17.9443635Z (node:2074) [DEP0040] DeprecationWarning: The `punycode` module is deprecated. Please use a userland alternative instead.
2026-10-08T21:12:17.9444291Z (Use `node --trace-deprecation ...` to show where the warning was created)
2026-10-08T21:12:17.9446304Z ##[group]Environment details
2026-10-08T21:12:18.7916719Z node: v24.21.0
2026-10-08T21:12:18.7917430Z npm: 11.19.0
2026-10-08T21:12:18.7918016Z yarn: 1.22.22
2026-10-08T21:12:18.7919281Z ##[endgroup]
2026-10-08T21:12:18.7932820Z [command]/opt/hostedtoolcache/node/24.21.0/x64/bin/npm config get cache
2026-10-08T21:12:18.8839437Z /home/runner/.npm
2026-10-08T21:12:19.1108329Z Cache hit for: node-cache-Linux-x64-npm-4ad2ea5b4c18925d01159792879174cf9d8d246cb3de5e98f3319db32e3ed21a
2026-10-08T21:12:19.1224646Z (node:2074) [DEP0169] DeprecationWarning: `url.parse()` behavior is not standardized and prone to errors that have security implications. Use the WHATWG URL API instead. CVEs are not issued for `url.parse()` vulnerabilities.
2026-10-08T21:12:20.3343844Z Received 13622548 of 13622548 (100.0%), 13.1 MBs/sec
2026-10-08T21:12:20.3344286Z Cache Size: ~13 MB (13622548 B)
2026-10-08T21:12:20.3372131Z [command]/usr/bin/tar -xf /home/runner/work/_temp/d9141897-adce-4623-abf2-37d50c25c319/cache.tzst -P -C /home/runner/work/partybox-game-cores/partybox-game-cores --use-compress-program unzstd
2026-10-08T21:12:20.3626423Z Cache restored successfully
2026-10-08T21:12:20.3637033Z Cache restored from key: node-cache-Linux-x64-npm-4ad2ea5b4c18925d01159792879174cf9d8d246cb3de5e98f3319db32e3ed21a
2026-10-08T21:12:20.3806053Z ##[group]Run npm ci --ignore-scripts --no-audit --no-fund
2026-10-08T21:12:20.3806483Z [36;1mnpm ci --ignore-scripts --no-audit --no-fund[0m
2026-10-08T21:12:20.3807003Z [36;1mnpm install --prefix ../../contract --ignore-scripts --no-audit --no-fund --no-package-lock --no-save zod@4.6.5[0m
2026-10-08T21:12:20.3807509Z [36;1mnpx playwright install --with-deps chromium[0m
2026-10-08T21:12:20.4986424Z shell: /usr/bin/bash -e {0}
2026-10-08T21:12:20.4986719Z ##[endgroup]
2026-10-08T21:12:22.3479734Z 
2026-10-08T21:12:22.3486609Z added 8 packages in 2s
2026-10-08T21:12:22.9983658Z 
2026-10-08T21:12:22.9984572Z added 1 package in 573ms
2026-10-08T21:12:23.6555153Z Installing dependencies...
2026-10-08T21:12:23.6689205Z Switching to root user to install dependencies...
2026-10-08T21:12:23.7445846Z Get:1 file:/etc/apt/apt-mirrors.txt Mirrorlist [144 B]
2026-10-08T21:12:23.7648698Z Get:6 https://packages.microsoft.com/ubuntu/24.04/prod noble InRelease [3600 B]
2026-10-08T21:12:23.7754684Z Hit:2 http://azure.archive.ubuntu.com/ubuntu noble InRelease
2026-10-08T21:12:23.7791048Z Get:3 http://azure.archive.ubuntu.com/ubuntu noble-updates InRelease [126 kB]
2026-10-08T21:12:23.7792105Z Get:4 http://azure.archive.ubuntu.com/ubuntu noble-backports InRelease [126 kB]
2026-10-08T21:12:23.7845954Z Get:5 http://azure.archive.ubuntu.com/ubuntu noble-security InRelease [126 kB]
2026-10-08T21:12:23.8495466Z Get:7 https://packages.microsoft.com/ubuntu/24.04/prod noble/main arm64 Packages [474 kB]
2026-10-08T21:12:23.8647794Z Get:8 https://packages.microsoft.com/ubuntu/24.04/prod noble/main amd64 Packages [531 kB]
2026-10-08T21:12:23.8699380Z Get:9 https://packages.microsoft.com/ubuntu/24.04/prod noble/main armhf Packages [12.3 kB]
2026-10-08T21:12:23.8718720Z Get:10 https://packages.microsoft.com/ubuntu/24.04/prod noble/main all Packages [640 B]
2026-10-08T21:12:23.9339226Z Get:11 http://azure.archive.ubuntu.com/ubuntu noble-updates/main amd64 Packages [1375 kB]
2026-10-08T21:12:23.9419341Z Get:12 http://azure.archive.ubuntu.com/ubuntu noble-updates/main Translation-en [306 kB]
2026-10-08T21:12:23.9455052Z Get:13 http://azure.archive.ubuntu.com/ubuntu noble-updates/universe amd64 Packages [1702 kB]
2026-10-08T21:12:23.9511234Z Get:14 http://azure.archive.ubuntu.com/ubuntu noble-updates/universe Translation-en [342 kB]
2026-10-08T21:12:23.9533754Z Get:15 http://azure.archive.ubuntu.com/ubuntu noble-updates/restricted amd64 Packages [1761 kB]
2026-10-08T21:12:23.9626946Z Get:16 http://azure.archive.ubuntu.com/ubuntu noble-updates/restricted Translation-en [401 kB]
2026-10-08T21:12:23.9648822Z Get:17 http://azure.archive.ubuntu.com/ubuntu noble-updates/multiverse amd64 Packages [55.0 kB]
2026-10-08T21:12:23.9656648Z Get:18 http://azure.archive.ubuntu.com/ubuntu noble-updates/multiverse Translation-en [14.3 kB]
2026-10-08T21:12:24.0378102Z Get:19 http://azure.archive.ubuntu.com/ubuntu noble-security/main amd64 Packages [1115 kB]
2026-10-08T21:12:24.0450865Z Get:20 http://azure.archive.ubuntu.com/ubuntu noble-security/main Translation-en [227 kB]
2026-10-08T21:12:24.0906937Z Get:21 http://azure.archive.ubuntu.com/ubuntu noble-security/universe amd64 Packages [1218 kB]
2026-10-08T21:12:24.0987014Z Get:22 http://azure.archive.ubuntu.com/ubuntu noble-security/universe Translation-en [245 kB]
2026-10-08T21:12:24.1045710Z Get:23 http://azure.archive.ubuntu.com/ubuntu noble-security/restricted amd64 Packages [1632 kB]
2026-10-08T21:12:24.1126860Z Get:24 http://azure.archive.ubuntu.com/ubuntu noble-security/restricted Translation-en [376 kB]
2026-10-08T21:12:24.1346312Z Get:25 http://azure.archive.ubuntu.com/ubuntu noble-security/multiverse Translation-en [11.6 kB]
2026-10-08T21:12:31.5011820Z Fetched 12.2 MB in 1s (11.4 MB/s)
2026-10-08T21:12:32.3185051Z Reading package lists...
2026-10-08T21:12:32.3391911Z Reading package lists...
2026-10-08T21:12:32.5923657Z Building dependency tree...
2026-10-08T21:12:32.5930118Z Reading state information...
2026-10-08T21:12:32.8287585Z libasound2t64 is already the newest version (1.2.11-1ubuntu0.3).
2026-10-08T21:12:32.8288460Z libasound2t64 set to manually installed.
2026-10-08T21:12:32.8289025Z libatk-bridge2.0-0t64 is already the newest version (2.52.0-1build1).
2026-10-08T21:12:32.8289596Z libatk-bridge2.0-0t64 set to manually installed.
2026-10-08T21:12:32.8290119Z libatk1.0-0t64 is already the newest version (2.52.0-1build1).
2026-10-08T21:12:32.8290573Z libatk1.0-0t64 set to manually installed.
2026-10-08T21:12:32.8291070Z libatspi2.0-0t64 is already the newest version (2.52.0-1build1).
2026-10-08T21:12:32.8291580Z libatspi2.0-0t64 set to manually installed.
2026-10-08T21:12:32.8292096Z libcairo2 is already the newest version (1.18.0-3build1).
2026-10-08T21:12:32.8292581Z libcairo2 set to manually installed.
2026-10-08T21:12:32.8293119Z libcups2t64 is already the newest version (2.4.7-1.2ubuntu7.14).
2026-10-08T21:12:32.8293917Z libcups2t64 set to manually installed.
2026-10-08T21:12:32.8294404Z libdbus-1-3 is already the newest version (1.14.10-4ubuntu4.1).
2026-10-08T21:12:32.8295186Z libdbus-1-3 set to manually installed.
2026-10-08T21:12:32.8295678Z libdrm2 is already the newest version (2.4.125-1ubuntu0.1~24.04.2).
2026-10-08T21:12:32.8296184Z libdrm2 set to manually installed.
2026-10-08T21:12:32.8296667Z libgbm1 is already the newest version (25.2.8-0ubuntu0.24.04.4).
2026-10-08T21:12:32.8297107Z libgbm1 set to manually installed.
2026-10-08T21:12:32.8297564Z libglib2.0-0t64 is already the newest version (2.80.0-6ubuntu3.9).
2026-10-08T21:12:32.8298047Z libglib2.0-0t64 set to manually installed.
2026-10-08T21:12:32.8298508Z libnspr4 is already the newest version (2:4.35-1.1build1).
2026-10-08T21:12:32.8298940Z libnspr4 set to manually installed.
2026-10-08T21:12:32.8299394Z libnss3 is already the newest version (2:3.98-1ubuntu0.2).
2026-10-08T21:12:32.8299819Z libnss3 set to manually installed.
2026-10-08T21:12:32.8300342Z libpango-1.0-0 is already the newest version (1.52.1+ds-1build1).
2026-10-08T21:12:32.8300818Z libpango-1.0-0 set to manually installed.
2026-10-08T21:12:32.8301404Z libx11-6 is already the newest version (2:1.8.7-1build1).
2026-10-08T21:12:32.8301829Z libx11-6 set to manually installed.
2026-10-08T21:12:32.8302236Z libxcb1 is already the newest version (1.15-1ubuntu2).
2026-10-08T21:12:32.8302646Z libxcb1 set to manually installed.
2026-10-08T21:12:32.8303050Z libxcomposite1 is already the newest version (1:0.4.5-1build3).
2026-10-08T21:12:32.8303593Z libxcomposite1 set to manually installed.
2026-10-08T21:12:32.8303966Z libxdamage1 is already the newest version (1:1.1.6-1build1).
2026-10-08T21:12:32.8304317Z libxdamage1 set to manually installed.
2026-10-08T21:12:32.8304896Z libxext6 is already the newest version (2:1.3.4-1build2).
2026-10-08T21:12:32.8305247Z libxext6 set to manually installed.
2026-10-08T21:12:32.8305581Z libxfixes3 is already the newest version (1:6.0.0-2build1).
2026-10-08T21:12:32.8305897Z libxfixes3 set to manually installed.
2026-10-08T21:12:32.8306224Z libxkbcommon0 is already the newest version (1.6.0-1build1).
2026-10-08T21:12:32.8306577Z libxkbcommon0 set to manually installed.
2026-10-08T21:12:32.8306973Z libxrandr2 is already the newest version (2:1.5.2-2build1).
2026-10-08T21:12:32.8307332Z libxrandr2 set to manually installed.
2026-10-08T21:12:32.8307672Z xvfb is already the newest version (2:21.1.12-1ubuntu1.8).
2026-10-08T21:12:32.8308125Z fonts-noto-color-emoji is already the newest version (2.047-0ubuntu0.24.04.1).
2026-10-08T21:12:32.8308601Z libfontconfig1 is already the newest version (2.15.0-1.1ubuntu2).
2026-10-08T21:12:32.8308952Z libfontconfig1 set to manually installed.
2026-10-08T21:12:32.8309292Z fonts-liberation is already the newest version (1:2.1.5-3).
2026-10-08T21:12:32.8309630Z fonts-liberation set to manually installed.
2026-10-08T21:12:32.8309975Z The following additional packages will be installed:
2026-10-08T21:12:32.8310267Z   xfonts-encodings xfonts-utils
2026-10-08T21:12:32.8310497Z Recommended packages:
2026-10-08T21:12:32.8310742Z   fonts-ipafont-mincho fonts-tlwg-loma
2026-10-08T21:12:33.0877531Z The following NEW packages will be installed:
2026-10-08T21:12:33.0878363Z   fonts-freefont-ttf fonts-ipafont-gothic fonts-tlwg-loma-otf fonts-unifont
2026-10-08T21:12:33.0887245Z   fonts-wqy-zenhei xfonts-cyrillic xfonts-encodings xfonts-scalable
2026-10-08T21:12:33.0887709Z   xfonts-utils
2026-10-08T21:12:33.0893681Z The following packages will be upgraded:
2026-10-08T21:12:33.0900249Z   libfreetype6
2026-10-08T21:12:33.1065919Z 1 upgraded, 9 newly installed, 0 to remove and 22 not upgraded.
2026-10-08T21:12:33.1066504Z Need to get 21.5 MB of archives.
2026-10-08T21:12:33.1067062Z After this operation, 79.5 MB of additional disk space will be used.
2026-10-08T21:12:33.1067726Z Get:1 file:/etc/apt/apt-mirrors.txt Mirrorlist [144 B]
2026-10-08T21:12:33.1947549Z Get:2 http://azure.archive.ubuntu.com/ubuntu noble/universe amd64 fonts-ipafont-gothic all 00303-21ubuntu1 [3513 kB]
2026-10-08T21:12:33.4365876Z Get:3 http://azure.archive.ubuntu.com/ubuntu noble/main amd64 fonts-freefont-ttf all 20211204+svn4273-2 [5641 kB]
2026-10-08T21:12:33.7436712Z Get:4 http://azure.archive.ubuntu.com/ubuntu noble/universe amd64 fonts-tlwg-loma-otf all 1:0.7.3-1 [107 kB]
2026-10-08T21:12:33.8090857Z Get:5 http://azure.archive.ubuntu.com/ubuntu noble/universe amd64 fonts-unifont all 1:15.1.01-1build1 [2993 kB]
2026-10-08T21:12:33.9337480Z Get:6 http://azure.archive.ubuntu.com/ubuntu noble/universe amd64 fonts-wqy-zenhei all 0.9.45-8 [7472 kB]
2026-10-08T21:12:34.1506009Z Get:7 http://azure.archive.ubuntu.com/ubuntu noble-updates/main amd64 libfreetype6 amd64 2.13.2+dfsg-1ubuntu0.2 [403 kB]
2026-10-08T21:12:34.2221559Z Get:8 http://azure.archive.ubuntu.com/ubuntu noble/main amd64 xfonts-encodings all 1:1.0.5-0ubuntu2 [578 kB]
2026-10-08T21:12:34.2987699Z Get:9 http://azure.archive.ubuntu.com/ubuntu noble/main amd64 xfonts-utils amd64 1:7.7+6build3 [94.4 kB]
2026-10-08T21:12:34.4324552Z Get:10 http://azure.archive.ubuntu.com/ubuntu noble/universe amd64 xfonts-cyrillic all 1:1.0.5+nmu1 [384 kB]
2026-10-08T21:12:34.5490126Z Get:11 http://azure.archive.ubuntu.com/ubuntu noble/main amd64 xfonts-scalable all 1:1.0.3-1.3 [304 kB]
2026-10-08T21:12:34.8732128Z Fetched 21.5 MB in 2s (14.3 MB/s)
2026-10-08T21:12:34.8964265Z Selecting previously unselected package fonts-ipafont-gothic.
2026-10-08T21:12:34.9157081Z (Reading database ... 
2026-10-08T21:12:34.9157455Z (Reading database ... 5%
2026-10-08T21:12:34.9157712Z (Reading database ... 10%
2026-10-08T21:12:34.9157983Z (Reading database ... 15%
2026-10-08T21:12:34.9158198Z (Reading database ... 20%
2026-10-08T21:12:34.9159000Z (Reading database ... 25%
2026-10-08T21:12:34.9159215Z (Reading database ... 30%
2026-10-08T21:12:34.9159425Z (Reading database ... 35%
2026-10-08T21:12:34.9159632Z (Reading database ... 40%
2026-10-08T21:12:34.9159835Z (Reading database ... 45%
2026-10-08T21:12:34.9160047Z (Reading database ... 50%
2026-10-08T21:12:34.9186721Z (Reading database ... 55%
2026-10-08T21:12:35.0024938Z (Reading database ... 60%
2026-10-08T21:12:35.4582907Z (Reading database ... 65%
2026-10-08T21:12:35.8683383Z (Reading database ... 70%
2026-10-08T21:12:36.0151429Z (Reading database ... 75%
2026-10-08T21:12:36.4494429Z (Reading database ... 80%
2026-10-08T21:12:36.5238120Z (Reading database ... 85%
2026-10-08T21:12:36.8036562Z (Reading database ... 90%
2026-10-08T21:12:36.9591298Z (Reading database ... 95%
2026-10-08T21:12:36.9591852Z (Reading database ... 100%
2026-10-08T21:12:36.9592443Z (Reading database ... 203191 files and directories currently installed.)
2026-10-08T21:12:36.9640163Z Preparing to unpack .../0-fonts-ipafont-gothic_00303-21ubuntu1_all.deb ...
2026-10-08T21:12:36.9802714Z Unpacking fonts-ipafont-gothic (00303-21ubuntu1) ...
2026-10-08T21:12:37.2310607Z Selecting previously unselected package fonts-freefont-ttf.
2026-10-08T21:12:37.2425091Z Preparing to unpack .../1-fonts-freefont-ttf_20211204+svn4273-2_all.deb ...
2026-10-08T21:12:37.2433098Z Unpacking fonts-freefont-ttf (20211204+svn4273-2) ...
2026-10-08T21:12:37.3473899Z Selecting previously unselected package fonts-tlwg-loma-otf.
2026-10-08T21:12:37.3590177Z Preparing to unpack .../2-fonts-tlwg-loma-otf_1%3a0.7.3-1_all.deb ...
2026-10-08T21:12:37.3597512Z Unpacking fonts-tlwg-loma-otf (1:0.7.3-1) ...
2026-10-08T21:12:37.3784526Z Selecting previously unselected package fonts-unifont.
2026-10-08T21:12:37.3898098Z Preparing to unpack .../3-fonts-unifont_1%3a15.1.01-1build1_all.deb ...
2026-10-08T21:12:37.3905887Z Unpacking fonts-unifont (1:15.1.01-1build1) ...
2026-10-08T21:12:37.6079604Z Selecting previously unselected package fonts-wqy-zenhei.
2026-10-08T21:12:37.6193885Z Preparing to unpack .../4-fonts-wqy-zenhei_0.9.45-8_all.deb ...
2026-10-08T21:12:37.6282023Z Unpacking fonts-wqy-zenhei (0.9.45-8) ...
2026-10-08T21:12:38.0946393Z Preparing to unpack .../5-libfreetype6_2.13.2+dfsg-1ubuntu0.2_amd64.deb ...
2026-10-08T21:12:38.0987683Z Unpacking libfreetype6:amd64 (2.13.2+dfsg-1ubuntu0.2) over (2.13.2+dfsg-1ubuntu0.1) ...
2026-10-08T21:12:38.1252906Z Selecting previously unselected package xfonts-encodings.
2026-10-08T21:12:38.1371574Z Preparing to unpack .../6-xfonts-encodings_1%3a1.0.5-0ubuntu2_all.deb ...
2026-10-08T21:12:38.1378900Z Unpacking xfonts-encodings (1:1.0.5-0ubuntu2) ...
2026-10-08T21:12:38.1768350Z Selecting previously unselected package xfonts-utils.
2026-10-08T21:12:38.1885907Z Preparing to unpack .../7-xfonts-utils_1%3a7.7+6build3_amd64.deb ...
2026-10-08T21:12:38.1892087Z Unpacking xfonts-utils (1:7.7+6build3) ...
2026-10-08T21:12:38.2302068Z Selecting previously unselected package xfonts-cyrillic.
2026-10-08T21:12:38.2415708Z Preparing to unpack .../8-xfonts-cyrillic_1%3a1.0.5+nmu1_all.deb ...
2026-10-08T21:12:38.2423746Z Unpacking xfonts-cyrillic (1:1.0.5+nmu1) ...
2026-10-08T21:12:38.2719795Z Selecting previously unselected package xfonts-scalable.
2026-10-08T21:12:38.2927734Z Preparing to unpack .../9-xfonts-scalable_1%3a1.0.3-1.3_all.deb ...
2026-10-08T21:12:38.2942718Z Unpacking xfonts-scalable (1:1.0.3-1.3) ...
2026-10-08T21:12:38.3592131Z Setting up fonts-wqy-zenhei (0.9.45-8) ...
2026-10-08T21:12:38.3702736Z Setting up fonts-freefont-ttf (20211204+svn4273-2) ...
2026-10-08T21:12:38.3718842Z Setting up fonts-tlwg-loma-otf (1:0.7.3-1) ...
2026-10-08T21:12:38.3734017Z Setting up libfreetype6:amd64 (2.13.2+dfsg-1ubuntu0.2) ...
2026-10-08T21:12:38.3752907Z Setting up xfonts-encodings (1:1.0.5-0ubuntu2) ...
2026-10-08T21:12:38.3769472Z Setting up fonts-ipafont-gothic (00303-21ubuntu1) ...
2026-10-08T21:12:38.3832182Z update-alternatives: using /usr/share/fonts/opentype/ipafont-gothic/ipag.ttf to provide /usr/share/fonts/truetype/fonts-japanese-gothic.ttf (fonts-japanese-gothic.ttf) in auto mode
2026-10-08T21:12:38.3846398Z Setting up fonts-unifont (1:15.1.01-1build1) ...
2026-10-08T21:12:38.3862069Z Setting up xfonts-utils (1:7.7+6build3) ...
2026-10-08T21:12:38.3901307Z Setting up xfonts-cyrillic (1:1.0.5+nmu1) ...
2026-10-08T21:12:38.4151734Z Setting up xfonts-scalable (1:1.0.3-1.3) ...
2026-10-08T21:12:38.4397391Z Processing triggers for libc-bin (2.39-0ubuntu8.9) ...
2026-10-08T21:12:38.5804330Z Processing triggers for man-db (2.12.0-4build2) ...
2026-10-08T21:12:38.5822846Z Not building database; man-db/auto-update is not 'true'.
2026-10-08T21:12:38.5836874Z Processing triggers for fontconfig (2.15.0-1.1ubuntu2) ...
2026-10-08T21:12:39.1504369Z 
2026-10-08T21:12:39.1505169Z Running kernel seems to be up-to-date.
2026-10-08T21:12:39.1505424Z 
2026-10-08T21:12:39.1505537Z Restarting services...
2026-10-08T21:12:39.1571740Z  systemctl restart php8.3-fpm.service
2026-10-08T21:12:39.2747905Z 
2026-10-08T21:12:39.2749109Z No containers need to be restarted.
2026-10-08T21:12:39.2749431Z 
2026-10-08T21:12:39.2749740Z No user sessions are running outdated binaries.
2026-10-08T21:12:39.2750080Z 
2026-10-08T21:12:39.2750599Z No VM guests are running outdated hypervisor (qemu) binaries on this host.
2026-10-08T21:12:40.7084287Z Downloading Chromium 141.0.7390.37 (playwright build v1194) from https://cdn.playwright.dev/dbazure/download/playwright/builds/chromium/1194/chromium-linux.zip
2026-10-08T21:12:40.8561316Z |                                                                                |   0% of 173.9 MiB
2026-10-08T21:12:40.9978496Z |■■■■■■■■                                                                        |  10% of 173.9 MiB
2026-10-08T21:12:41.0476890Z |■■■■■■■■■■■■■■■■                                                                |  20% of 173.9 MiB
2026-10-08T21:12:41.1083106Z |■■■■■■■■■■■■■■■■■■■■■■■■                                                        |  30% of 173.9 MiB
2026-10-08T21:12:41.1605180Z |■■■■■■■■■■■■■■■■■■■■■■■■■■■■■■■■                                                |  40% of 173.9 MiB
2026-10-08T21:12:41.2119730Z |■■■■■■■■■■■■■■■■■■■■■■■■■■■■■■■■■■■■■■■■                                        |  50% of 173.9 MiB
2026-10-08T21:12:41.2507795Z |■■■■■■■■■■■■■■■■■■■■■■■■■■■■■■■■■■■■■■■■■■■■■■■■                                |  60% of 173.9 MiB
2026-10-08T21:12:41.2917941Z |■■■■■■■■■■■■■■■■■■■■■■■■■■■■■■■■■■■■■■■■■■■■■■■■■■■■■■■■                        |  70% of 173.9 MiB
2026-10-08T21:12:41.3322174Z |■■■■■■■■■■■■■■■■■■■■■■■■■■■■■■■■■■■■■■■■■■■■■■■■■■■■■■■■■■■■■■■■                |  80% of 173.9 MiB
2026-10-08T21:12:41.3722536Z |■■■■■■■■■■■■■■■■■■■■■■■■■■■■■■■■■■■■■■■■■■■■■■■■■■■■■■■■■■■■■■■■■■■■■■■■        |  90% of 173.9 MiB
2026-10-08T21:12:41.4223924Z |■■■■■■■■■■■■■■■■■■■■■■■■■■■■■■■■■■■■■■■■■■■■■■■■■■■■■■■■■■■■■■■■■■■■■■■■■■■■■■■■| 100% of 173.9 MiB
2026-10-08T21:12:44.0560270Z Chromium 141.0.7390.37 (playwright build v1194) downloaded to /home/runner/.cache/ms-playwright/chromium-1194
2026-10-08T21:12:44.0564410Z Downloading FFMPEG playwright build v1011 from https://cdn.playwright.dev/dbazure/download/playwright/builds/ffmpeg/1011/ffmpeg-linux.zip
2026-10-08T21:12:44.1891784Z |                                                                                |   0% of 2.3 MiB
2026-10-08T21:12:44.2134165Z |■■■■■■■■                                                                        |  10% of 2.3 MiB
2026-10-08T21:12:44.2230599Z |■■■■■■■■■■■■■■■■                                                                |  20% of 2.3 MiB
2026-10-08T21:12:44.2300520Z |■■■■■■■■■■■■■■■■■■■■■■■■                                                        |  30% of 2.3 MiB
2026-10-08T21:12:44.2334840Z |■■■■■■■■■■■■■■■■■■■■■■■■■■■■■■■■                                                |  40% of 2.3 MiB
2026-10-08T21:12:44.2387687Z |■■■■■■■■■■■■■■■■■■■■■■■■■■■■■■■■■■■■■■■■                                        |  50% of 2.3 MiB
2026-10-08T21:12:44.2456360Z |■■■■■■■■■■■■■■■■■■■■■■■■■■■■■■■■■■■■■■■■■■■■■■■■                                |  60% of 2.3 MiB
2026-10-08T21:12:44.2468515Z |■■■■■■■■■■■■■■■■■■■■■■■■■■■■■■■■■■■■■■■■■■■■■■■■■■■■■■■■                        |  70% of 2.3 MiB
2026-10-08T21:12:44.2479715Z |■■■■■■■■■■■■■■■■■■■■■■■■■■■■■■■■■■■■■■■■■■■■■■■■■■■■■■■■■■■■■■■■                |  80% of 2.3 MiB
2026-10-08T21:12:44.2500027Z |■■■■■■■■■■■■■■■■■■■■■■■■■■■■■■■■■■■■■■■■■■■■■■■■■■■■■■■■■■■■■■■■■■■■■■■■        |  90% of 2.3 MiB
2026-10-08T21:12:44.2551879Z |■■■■■■■■■■■■■■■■■■■■■■■■■■■■■■■■■■■■■■■■■■■■■■■■■■■■■■■■■■■■■■■■■■■■■■■■■■■■■■■■| 100% of 2.3 MiB
2026-10-08T21:12:44.2966750Z FFMPEG playwright build v1011 downloaded to /home/runner/.cache/ms-playwright/ffmpeg-1011
2026-10-08T21:12:44.2969923Z Downloading Chromium Headless Shell 141.0.7390.37 (playwright build v1194) from https://cdn.playwright.dev/dbazure/download/playwright/builds/chromium/1194/chromium-headless-shell-linux.zip
2026-10-08T21:12:44.4261006Z |                                                                                |   0% of 104.3 MiB
2026-10-08T21:12:44.5420783Z |■■■■■■■■                                                                        |  10% of 104.3 MiB
2026-10-08T21:12:44.5822572Z |■■■■■■■■■■■■■■■■                                                                |  20% of 104.3 MiB
2026-10-08T21:12:44.6229951Z |■■■■■■■■■■■■■■■■■■■■■■■■                                                        |  30% of 104.3 MiB
2026-10-08T21:12:44.6599955Z |■■■■■■■■■■■■■■■■■■■■■■■■■■■■■■■■                                                |  40% of 104.3 MiB
2026-10-08T21:12:44.6906635Z |■■■■■■■■■■■■■■■■■■■■■■■■■■■■■■■■■■■■■■■■                                        |  50% of 104.3 MiB
2026-10-08T21:12:44.7246829Z |■■■■■■■■■■■■■■■■■■■■■■■■■■■■■■■■■■■■■■■■■■■■■■■■                                |  60% of 104.3 MiB
2026-10-08T21:12:44.7600686Z |■■■■■■■■■■■■■■■■■■■■■■■■■■■■■■■■■■■■■■■■■■■■■■■■■■■■■■■■                        |  70% of 104.3 MiB
2026-10-08T21:12:44.7912383Z |■■■■■■■■■■■■■■■■■■■■■■■■■■■■■■■■■■■■■■■■■■■■■■■■■■■■■■■■■■■■■■■■                |  80% of 104.3 MiB
2026-10-08T21:12:44.8210337Z |■■■■■■■■■■■■■■■■■■■■■■■■■■■■■■■■■■■■■■■■■■■■■■■■■■■■■■■■■■■■■■■■■■■■■■■■        |  90% of 104.3 MiB
2026-10-08T21:12:44.8510982Z |■■■■■■■■■■■■■■■■■■■■■■■■■■■■■■■■■■■■■■■■■■■■■■■■■■■■■■■■■■■■■■■■■■■■■■■■■■■■■■■■| 100% of 104.3 MiB
2026-10-08T21:12:46.2234844Z Chromium Headless Shell 141.0.7390.37 (playwright build v1194) downloaded to /home/runner/.cache/ms-playwright/chromium_headless_shell-1194
2026-10-08T21:12:46.3054828Z ##[group]Run npx playwright install ffmpeg
2026-10-08T21:12:46.3055174Z [36;1mnpx playwright install ffmpeg[0m
2026-10-08T21:12:46.3112107Z shell: /usr/bin/bash -e {0}
2026-10-08T21:12:46.3112345Z ##[endgroup]
2026-10-08T21:12:47.0012509Z ##[group]Run sudo apt-get update
2026-10-08T21:12:47.0012785Z [36;1msudo apt-get update[0m
2026-10-08T21:12:47.0013076Z [36;1msudo apt-get install --no-install-recommends -y ffmpeg[0m
2026-10-08T21:12:47.0071277Z shell: /usr/bin/bash -e {0}
2026-10-08T21:12:47.0071518Z ##[endgroup]
2026-10-08T21:12:47.0675145Z Get:1 file:/etc/apt/apt-mirrors.txt Mirrorlist [144 B]
2026-10-08T21:12:47.0981377Z Hit:2 http://azure.archive.ubuntu.com/ubuntu noble InRelease
2026-10-08T21:12:47.1005109Z Hit:6 https://packages.microsoft.com/ubuntu/24.04/prod noble InRelease
2026-10-08T21:12:47.1034607Z Hit:3 http://azure.archive.ubuntu.com/ubuntu noble-updates InRelease
2026-10-08T21:12:47.1035849Z Hit:4 http://azure.archive.ubuntu.com/ubuntu noble-backports InRelease
2026-10-08T21:12:47.1036940Z Hit:5 http://azure.archive.ubuntu.com/ubuntu noble-security InRelease
2026-10-08T21:12:48.2628253Z Reading package lists...
2026-10-08T21:12:48.2882505Z Reading package lists...
2026-10-08T21:12:48.5322926Z Building dependency tree...
2026-10-08T21:12:48.5329623Z Reading state information...
2026-10-08T21:12:48.7242515Z The following additional packages will be installed:
2026-10-08T21:12:48.7243451Z   libass9 libasyncns0 libavc1394-0 libavcodec60 libavdevice60 libavfilter9
2026-10-08T21:12:48.7244197Z   libavformat60 libavutil58 libblas3 libbluray2 libbs2b0 libcaca0
2026-10-08T21:12:48.7244905Z   libcdio-cdda2t64 libcdio-paranoia2t64 libcdio19t64 libchromaprint1 libcjson1
2026-10-08T21:12:48.7245628Z   libcodec2-1.2 libdav1d7 libdc1394-25 libdecor-0-0 libflac12t64 libflite1
2026-10-08T21:12:48.7246313Z   libgme0 libgsm1 libhwy1t64 libiec61883-0 libjack-jackd2-0 libjxl0.7
2026-10-08T21:12:48.7246986Z   liblapack3 liblilv-0-0 libmbedcrypto7t64 libmp3lame0 libmpg123-0t64
2026-10-08T21:12:48.7247677Z   libmysofa1 libopenal-data libopenal1 libopenmpt0t64 libopus0 libplacebo338
2026-10-08T21:12:48.7248882Z   libpocketsphinx3 libpostproc57 libpulse0 librav1e0 libraw1394-11 librist4
2026-10-08T21:12:48.7249633Z   librsvg2-2 librubberband2 libsamplerate0 libsdl2-2.0-0 libserd-0-0 libshine3
2026-10-08T21:12:48.7250322Z   libsndfile1 libsndio7.0 libsord-0-0 libsoxr0 libspeex1 libsphinxbase3t64
2026-10-08T21:12:48.7250998Z   libsratom-0-0 libsrt1.5-gnutls libssh-gcrypt-4 libsvtav1enc1d1
2026-10-08T21:12:48.7251653Z   libswresample4 libswscale7 libtheora0 libtwolame0 libudfread0 libunibreak5
2026-10-08T21:12:48.7252429Z   libva-drm2 libva-x11-2 libva2 libvdpau1 libvidstab1.1 libvorbisenc2 libvpl2
2026-10-08T21:12:48.7253192Z   libvpx9 libx264-164 libx265-199 libxcb-shape0 libxv1 libxvidcore4 libzimg2
2026-10-08T21:12:48.7253948Z   libzix-0-0 libzvbi-common libzvbi0t64 ocl-icd-libopencl1
2026-10-08T21:12:48.7256234Z Suggested packages:
2026-10-08T21:12:48.7256721Z   ffmpeg-doc libcuda1 libnvcuvid1 libnvidia-encode1 libbluray-bdj jackd2
2026-10-08T21:12:48.7257371Z   libportaudio2 opus-tools pulseaudio libraw1394-doc librsvg2-bin serdi sndiod
2026-10-08T21:12:48.7257883Z   sordi speex opencl-icd
2026-10-08T21:12:48.7258223Z Recommended packages:
2026-10-08T21:12:48.7258616Z   libaacs0 default-libdecor-0-plugin-1 | libdecor-0-plugin-1
2026-10-08T21:12:48.7259182Z   pocketsphinx-en-us librsvg2-common va-driver-all | va-driver
2026-10-08T21:12:48.7259675Z   vdpau-driver-all | vdpau-driver
2026-10-08T21:12:48.7634486Z The following NEW packages will be installed:
2026-10-08T21:12:48.7635258Z   ffmpeg libass9 libasyncns0 libavc1394-0 libavcodec60 libavdevice60
2026-10-08T21:12:48.7636098Z   libavfilter9 libavformat60 libavutil58 libblas3 libbluray2 libbs2b0 libcaca0
2026-10-08T21:12:48.7636959Z   libcdio-cdda2t64 libcdio-paranoia2t64 libcdio19t64 libchromaprint1 libcjson1
2026-10-08T21:12:48.7637814Z   libcodec2-1.2 libdav1d7 libdc1394-25 libdecor-0-0 libflac12t64 libflite1
2026-10-08T21:12:48.7638595Z   libgme0 libgsm1 libhwy1t64 libiec61883-0 libjack-jackd2-0 libjxl0.7
2026-10-08T21:12:48.7639415Z   liblapack3 liblilv-0-0 libmbedcrypto7t64 libmp3lame0 libmpg123-0t64
2026-10-08T21:12:48.7640702Z   libmysofa1 libopenal-data libopenal1 libopenmpt0t64 libopus0 libplacebo338
2026-10-08T21:12:48.7641588Z   libpocketsphinx3 libpostproc57 libpulse0 librav1e0 libraw1394-11 librist4
2026-10-08T21:12:48.7642442Z   librsvg2-2 librubberband2 libsamplerate0 libsdl2-2.0-0 libserd-0-0 libshine3
2026-10-08T21:12:48.7643436Z   libsndfile1 libsndio7.0 libsord-0-0 libsoxr0 libspeex1 libsphinxbase3t64
2026-10-08T21:12:48.7644167Z   libsratom-0-0 libsrt1.5-gnutls libssh-gcrypt-4 libsvtav1enc1d1
2026-10-08T21:12:48.7644996Z   libswresample4 libswscale7 libtheora0 libtwolame0 libudfread0 libunibreak5
2026-10-08T21:12:48.7645801Z   libva-drm2 libva-x11-2 libva2 libvdpau1 libvidstab1.1 libvorbisenc2 libvpl2
2026-10-08T21:12:48.7646464Z   libvpx9 libx264-164 libx265-199 libxcb-shape0 libxv1 libxvidcore4 libzimg2
2026-10-08T21:12:48.7648434Z   libzix-0-0 libzvbi-common libzvbi0t64 ocl-icd-libopencl1
2026-10-08T21:12:48.7850418Z 0 upgraded, 87 newly installed, 0 to remove and 22 not upgraded.
2026-10-08T21:12:48.7850859Z Need to get 62.8 MB of archives.
2026-10-08T21:12:48.7851263Z After this operation, 173 MB of additional disk space will be used.
2026-10-08T21:12:48.7851682Z Get:1 file:/etc/apt/apt-mirrors.txt Mirrorlist [144 B]
2026-10-08T21:12:48.8770684Z Get:2 http://azure.archive.ubuntu.com/ubuntu noble-updates/universe amd64 libva2 amd64 2.20.0-2ubuntu0.2 [66.4 kB]
2026-10-08T21:12:48.9421818Z Get:3 http://azure.archive.ubuntu.com/ubuntu noble-updates/universe amd64 libva-drm2 amd64 2.20.0-2ubuntu0.2 [7124 B]
2026-10-08T21:12:49.0053853Z Get:4 http://azure.archive.ubuntu.com/ubuntu noble-updates/universe amd64 libva-x11-2 amd64 2.20.0-2ubuntu0.2 [12.0 kB]
2026-10-08T21:12:49.0683541Z Get:5 http://azure.archive.ubuntu.com/ubuntu noble/main amd64 libvdpau1 amd64 1.5-2build1 [27.8 kB]
2026-10-08T21:12:49.1316000Z Get:6 http://azure.archive.ubuntu.com/ubuntu noble/universe amd64 libvpl2 amd64 2023.3.0-1build1 [99.8 kB]
2026-10-08T21:12:49.1961060Z Get:7 http://azure.archive.ubuntu.com/ubuntu noble/universe amd64 ocl-icd-libopencl1 amd64 2.3.2-1build1 [38.5 kB]
2026-10-08T21:12:49.2593164Z Get:8 http://azure.archive.ubuntu.com/ubuntu noble/universe amd64 libavutil58 amd64 7:6.1.1-3ubuntu5 [401 kB]
2026-10-08T21:12:49.3294623Z Get:9 http://azure.archive.ubuntu.com/ubuntu noble/universe amd64 libcodec2-1.2 amd64 1.2.0-2build1 [8998 kB]
2026-10-08T21:12:49.5712096Z Get:10 http://azure.archive.ubuntu.com/ubuntu noble/universe amd64 libdav1d7 amd64 1.4.1-1build1 [604 kB]
2026-10-08T21:12:49.6450499Z Get:11 http://azure.archive.ubuntu.com/ubuntu noble/universe amd64 libgsm1 amd64 1.0.22-1build1 [27.8 kB]
2026-10-08T21:12:49.7081196Z Get:12 http://azure.archive.ubuntu.com/ubuntu noble/universe amd64 libhwy1t64 amd64 1.0.7-8.1build1 [584 kB]
2026-10-08T21:12:49.7824513Z Get:13 http://azure.archive.ubuntu.com/ubuntu noble-updates/universe amd64 libjxl0.7 amd64 0.7.0-10.2ubuntu6.1 [1001 kB]
2026-10-08T21:12:49.8644302Z Get:14 http://azure.archive.ubuntu.com/ubuntu noble/main amd64 libmp3lame0 amd64 3.100-6build1 [142 kB]
2026-10-08T21:12:49.9291154Z Get:15 http://azure.archive.ubuntu.com/ubuntu noble/main amd64 libopus0 amd64 1.4-1build1 [208 kB]
2026-10-08T21:12:49.9950706Z Get:16 http://azure.archive.ubuntu.com/ubuntu noble/universe amd64 librav1e0 amd64 0.7.1-2 [1022 kB]
2026-10-08T21:12:50.0778006Z Get:17 http://azure.archive.ubuntu.com/ubuntu noble-updates/main amd64 librsvg2-2 amd64 2.58.0+dfsg-1ubuntu0.1 [2141 kB]
2026-10-08T21:12:50.1827393Z Get:18 http://azure.archive.ubuntu.com/ubuntu noble/universe amd64 libshine3 amd64 3.1.1-2build1 [23.2 kB]
2026-10-08T21:12:50.3887890Z Get:19 http://azure.archive.ubuntu.com/ubuntu noble-updates/main amd64 libspeex1 amd64 1.2.1-2ubuntu2.24.04.1 [59.6 kB]
2026-10-08T21:12:50.4520966Z Get:20 http://azure.archive.ubuntu.com/ubuntu noble/universe amd64 libsvtav1enc1d1 amd64 1.7.0+dfsg-2build1 [2425 kB]
2026-10-08T21:12:50.5630503Z Get:21 http://azure.archive.ubuntu.com/ubuntu noble/universe amd64 libsoxr0 amd64 0.1.3-4build3 [80.0 kB]
2026-10-08T21:12:50.6290430Z Get:22 http://azure.archive.ubuntu.com/ubuntu noble/universe amd64 libswresample4 amd64 7:6.1.1-3ubuntu5 [63.8 kB]
2026-10-08T21:12:50.6922562Z Get:23 http://azure.archive.ubuntu.com/ubuntu noble/main amd64 libtheora0 amd64 1.1.1+dfsg.1-16.1build3 [211 kB]
2026-10-08T21:12:50.7583220Z Get:24 http://azure.archive.ubuntu.com/ubuntu noble/main amd64 libtwolame0 amd64 0.4.0-2build3 [52.3 kB]
2026-10-08T21:12:50.8215878Z Get:25 http://azure.archive.ubuntu.com/ubuntu noble/main amd64 libvorbisenc2 amd64 1.3.7-1build3 [80.8 kB]
2026-10-08T21:12:50.8856808Z Get:26 http://azure.archive.ubuntu.com/ubuntu noble-updates/main amd64 libvpx9 amd64 1.14.0-1ubuntu2.3 [1143 kB]
2026-10-08T21:12:50.9708643Z Get:27 http://azure.archive.ubuntu.com/ubuntu noble/universe amd64 libx264-164 amd64 2:0.164.3108+git31e19f9-1 [604 kB]
2026-10-08T21:12:51.0451732Z Get:28 http://azure.archive.ubuntu.com/ubuntu noble/universe amd64 libx265-199 amd64 3.5-2build1 [1226 kB]
2026-10-08T21:12:51.1336523Z Get:29 http://azure.archive.ubuntu.com/ubuntu noble/universe amd64 libxvidcore4 amd64 2:1.3.7-1build1 [219 kB]
2026-10-08T21:12:51.2008983Z Get:30 http://azure.archive.ubuntu.com/ubuntu noble/universe amd64 libzvbi-common all 0.2.42-2 [42.4 kB]
2026-10-08T21:12:51.2645358Z Get:31 http://azure.archive.ubuntu.com/ubuntu noble/universe amd64 libzvbi0t64 amd64 0.2.42-2 [261 kB]
2026-10-08T21:12:51.3328448Z Get:32 http://azure.archive.ubuntu.com/ubuntu noble/universe amd64 libavcodec60 amd64 7:6.1.1-3ubuntu5 [5851 kB]
2026-10-08T21:12:51.5130572Z Get:33 http://azure.archive.ubuntu.com/ubuntu noble/main amd64 libraw1394-11 amd64 2.1.2-2build3 [26.2 kB]
2026-10-08T21:12:51.5764587Z Get:34 http://azure.archive.ubuntu.com/ubuntu noble/main amd64 libavc1394-0 amd64 0.5.4-5build3 [15.4 kB]
2026-10-08T21:12:51.6399025Z Get:35 http://azure.archive.ubuntu.com/ubuntu noble/universe amd64 libunibreak5 amd64 5.1-2build1 [25.0 kB]
2026-10-08T21:12:51.7033163Z Get:36 http://azure.archive.ubuntu.com/ubuntu noble/universe amd64 libass9 amd64 1:0.17.1-2build1 [104 kB]
2026-10-08T21:12:51.7683821Z Get:37 http://azure.archive.ubuntu.com/ubuntu noble/universe amd64 libudfread0 amd64 1.1.2-1build1 [19.0 kB]
2026-10-08T21:12:51.8319406Z Get:38 http://azure.archive.ubuntu.com/ubuntu noble/universe amd64 libbluray2 amd64 1:1.3.4-1build1 [159 kB]
2026-10-08T21:12:51.8999525Z Get:39 http://azure.archive.ubuntu.com/ubuntu noble/universe amd64 libchromaprint1 amd64 1.5.1-5 [30.5 kB]
2026-10-08T21:12:51.9634109Z Get:40 http://azure.archive.ubuntu.com/ubuntu noble/universe amd64 libgme0 amd64 0.6.3-7build1 [134 kB]
2026-10-08T21:12:52.0289567Z Get:41 http://azure.archive.ubuntu.com/ubuntu noble-updates/main amd64 libmpg123-0t64 amd64 1.32.5-1ubuntu1.1 [169 kB]
2026-10-08T21:12:52.0943546Z Get:42 http://azure.archive.ubuntu.com/ubuntu noble/universe amd64 libopenmpt0t64 amd64 0.7.3-1.1build3 [647 kB]
2026-10-08T21:12:52.1701997Z Get:43 http://azure.archive.ubuntu.com/ubuntu noble/universe amd64 libcjson1 amd64 1.7.17-1 [24.8 kB]
2026-10-08T21:12:52.2338953Z Get:44 http://azure.archive.ubuntu.com/ubuntu noble/universe amd64 libmbedcrypto7t64 amd64 2.28.8-1 [209 kB]
2026-10-08T21:12:52.3000707Z Get:45 http://azure.archive.ubuntu.com/ubuntu noble/universe amd64 librist4 amd64 0.2.10+dfsg-2 [74.9 kB]
2026-10-08T21:12:52.3649780Z Get:46 http://azure.archive.ubuntu.com/ubuntu noble/universe amd64 libsrt1.5-gnutls amd64 1.5.3-1build2 [316 kB]
2026-10-08T21:12:52.4338163Z Get:47 http://azure.archive.ubuntu.com/ubuntu noble-updates/main amd64 libssh-gcrypt-4 amd64 0.10.6-2ubuntu0.5 [226 kB]
2026-10-08T21:12:52.5012956Z Get:48 http://azure.archive.ubuntu.com/ubuntu noble/universe amd64 libavformat60 amd64 7:6.1.1-3ubuntu5 [1153 kB]
2026-10-08T21:12:52.5868061Z Get:49 http://azure.archive.ubuntu.com/ubuntu noble/universe amd64 libbs2b0 amd64 3.1.0+dfsg-7build1 [10.6 kB]
2026-10-08T21:12:52.6503716Z Get:50 http://azure.archive.ubuntu.com/ubuntu noble/universe amd64 libflite1 amd64 2.2-6build3 [13.6 MB]
2026-10-08T21:12:52.9875506Z Get:51 http://azure.archive.ubuntu.com/ubuntu noble/universe amd64 libserd-0-0 amd64 0.32.2-1 [43.6 kB]
2026-10-08T21:12:53.0525026Z Get:52 http://azure.archive.ubuntu.com/ubuntu noble/universe amd64 libzix-0-0 amd64 0.4.2-2build1 [23.6 kB]
2026-10-08T21:12:53.1164872Z Get:53 http://azure.archive.ubuntu.com/ubuntu noble/universe amd64 libsord-0-0 amd64 0.16.16-2build1 [15.8 kB]
2026-10-08T21:12:53.1794319Z Get:54 http://azure.archive.ubuntu.com/ubuntu noble/universe amd64 libsratom-0-0 amd64 0.6.16-1build1 [17.3 kB]
2026-10-08T21:12:53.2436906Z Get:55 http://azure.archive.ubuntu.com/ubuntu noble/universe amd64 liblilv-0-0 amd64 0.24.22-1build1 [41.0 kB]
2026-10-08T21:12:53.3080394Z Get:56 http://azure.archive.ubuntu.com/ubuntu noble/universe amd64 libmysofa1 amd64 1.3.2+dfsg-2ubuntu2 [1158 kB]
2026-10-08T21:12:53.4398093Z Get:57 http://azure.archive.ubuntu.com/ubuntu noble/universe amd64 libplacebo338 amd64 6.338.2-2build1 [2654 kB]
2026-10-08T21:12:53.5841746Z Get:58 http://azure.archive.ubuntu.com/ubuntu noble-updates/main amd64 libblas3 amd64 3.12.0-3build1.1 [238 kB]
2026-10-08T21:12:53.6494368Z Get:59 http://azure.archive.ubuntu.com/ubuntu noble-updates/main amd64 liblapack3 amd64 3.12.0-3build1.1 [2646 kB]
2026-10-08T21:12:53.7443690Z Get:60 http://azure.archive.ubuntu.com/ubuntu noble/main amd64 libasyncns0 amd64 0.8-6build4 [11.3 kB]
2026-10-08T21:12:53.8079879Z Get:61 http://azure.archive.ubuntu.com/ubuntu noble/main amd64 libflac12t64 amd64 1.4.3+ds-2.1ubuntu2 [197 kB]
2026-10-08T21:12:53.8766999Z Get:62 http://azure.archive.ubuntu.com/ubuntu noble-updates/main amd64 libsndfile1 amd64 1.2.2-1ubuntu5.24.04.1 [209 kB]
2026-10-08T21:12:53.9433095Z Get:63 http://azure.archive.ubuntu.com/ubuntu noble-updates/main amd64 libpulse0 amd64 1:16.1+dfsg1-2ubuntu10.1 [292 kB]
2026-10-08T21:12:54.0089908Z Get:64 http://azure.archive.ubuntu.com/ubuntu noble/universe amd64 libsphinxbase3t64 amd64 0.8+5prealpha+1-17build2 [126 kB]
2026-10-08T21:12:54.0733758Z Get:65 http://azure.archive.ubuntu.com/ubuntu noble/universe amd64 libpocketsphinx3 amd64 0.8.0+real5prealpha+1-15ubuntu5 [133 kB]
2026-10-08T21:12:54.1384812Z Get:66 http://azure.archive.ubuntu.com/ubuntu noble/universe amd64 libpostproc57 amd64 7:6.1.1-3ubuntu5 [49.9 kB]
2026-10-08T21:12:54.2079146Z Get:67 http://azure.archive.ubuntu.com/ubuntu noble/main amd64 libsamplerate0 amd64 0.2.2-4build1 [1344 kB]
2026-10-08T21:12:54.3791585Z Get:68 http://azure.archive.ubuntu.com/ubuntu noble/universe amd64 librubberband2 amd64 3.3.0+dfsg-2build1 [130 kB]
2026-10-08T21:12:54.4812997Z Get:69 http://azure.archive.ubuntu.com/ubuntu noble/universe amd64 libswscale7 amd64 7:6.1.1-3ubuntu5 [193 kB]
2026-10-08T21:12:54.5832960Z Get:70 http://azure.archive.ubuntu.com/ubuntu noble/universe amd64 libvidstab1.1 amd64 1.1.0-2build1 [38.5 kB]
2026-10-08T21:12:54.6930233Z Get:71 http://azure.archive.ubuntu.com/ubuntu noble/universe amd64 libzimg2 amd64 3.0.5+ds1-1build1 [254 kB]
2026-10-08T21:12:54.7890357Z Get:72 http://azure.archive.ubuntu.com/ubuntu noble/universe amd64 libavfilter9 amd64 7:6.1.1-3ubuntu5 [4235 kB]
2026-10-08T21:12:55.0507887Z Get:73 http://azure.archive.ubuntu.com/ubuntu noble-updates/main amd64 libcaca0 amd64 0.99.beta20-4ubuntu0.2 [209 kB]
2026-10-08T21:12:55.1225596Z Get:74 http://azure.archive.ubuntu.com/ubuntu noble-updates/main amd64 libcdio19t64 amd64 2.1.0-4.1ubuntu1.2 [62.4 kB]
2026-10-08T21:12:55.2402526Z Get:75 http://azure.archive.ubuntu.com/ubuntu noble/main amd64 libcdio-cdda2t64 amd64 10.2+2.0.1-1.1build2 [16.5 kB]
2026-10-08T21:12:55.3606457Z Get:76 http://azure.archive.ubuntu.com/ubuntu noble/main amd64 libcdio-paranoia2t64 amd64 10.2+2.0.1-1.1build2 [16.6 kB]
2026-10-08T21:12:55.4235397Z Get:77 http://azure.archive.ubuntu.com/ubuntu noble/universe amd64 libdc1394-25 amd64 2.2.6-4build1 [90.1 kB]
2026-10-08T21:12:55.4869160Z Get:78 http://azure.archive.ubuntu.com/ubuntu noble/main amd64 libiec61883-0 amd64 1.2.0-6build1 [24.5 kB]
2026-10-08T21:12:55.5498033Z Get:79 http://azure.archive.ubuntu.com/ubuntu noble/main amd64 libjack-jackd2-0 amd64 1.9.21~dfsg-3ubuntu3 [289 kB]
2026-10-08T21:12:55.6141157Z Get:80 http://azure.archive.ubuntu.com/ubuntu noble/universe amd64 libopenal-data all 1:1.23.1-4build1 [161 kB]
2026-10-08T21:12:55.6777195Z Get:81 http://azure.archive.ubuntu.com/ubuntu noble/universe amd64 libsndio7.0 amd64 1.9.0-0.3build3 [29.6 kB]
2026-10-08T21:12:55.7405083Z Get:82 http://azure.archive.ubuntu.com/ubuntu noble/universe amd64 libopenal1 amd64 1:1.23.1-4build1 [540 kB]
2026-10-08T21:12:55.8132868Z Get:83 http://azure.archive.ubuntu.com/ubuntu noble/main amd64 libdecor-0-0 amd64 0.2.2-1build2 [16.5 kB]
2026-10-08T21:12:55.8762181Z Get:84 http://azure.archive.ubuntu.com/ubuntu noble-updates/main amd64 libsdl2-2.0-0 amd64 2.30.0+dfsg-1ubuntu3.1 [686 kB]
2026-10-08T21:12:55.9519918Z Get:85 http://azure.archive.ubuntu.com/ubuntu noble/main amd64 libxcb-shape0 amd64 1.15-1ubuntu2 [6100 B]
2026-10-08T21:12:56.0193976Z Get:86 http://azure.archive.ubuntu.com/ubuntu noble/main amd64 libxv1 amd64 2:1.0.11-1.1build1 [10.7 kB]
2026-10-08T21:12:56.0823065Z Get:87 http://azure.archive.ubuntu.com/ubuntu noble/universe amd64 libavdevice60 amd64 7:6.1.1-3ubuntu5 [82.3 kB]
2026-10-08T21:12:56.2105769Z Get:88 http://azure.archive.ubuntu.com/ubuntu noble/universe amd64 ffmpeg amd64 7:6.1.1-3ubuntu5 [1879 kB]
2026-10-08T21:12:56.9727271Z Fetched 62.8 MB in 8s (7944 kB/s)
2026-10-08T21:12:56.9933646Z Selecting previously unselected package libva2:amd64.
2026-10-08T21:12:56.9986340Z (Reading database ... 
2026-10-08T21:12:56.9986858Z (Reading database ... 5%
2026-10-08T21:12:56.9987270Z (Reading database ... 10%
2026-10-08T21:12:56.9987818Z (Reading database ... 15%
2026-10-08T21:12:56.9988338Z (Reading database ... 20%
2026-10-08T21:12:56.9988849Z (Reading database ... 25%
2026-10-08T21:12:56.9989897Z (Reading database ... 30%
2026-10-08T21:12:56.9990399Z (Reading database ... 35%
2026-10-08T21:12:56.9990872Z (Reading database ... 40%
2026-10-08T21:12:56.9991359Z (Reading database ... 45%
2026-10-08T21:12:56.9991840Z (Reading database ... 50%
2026-10-08T21:12:57.0008297Z (Reading database ... 55%
2026-10-08T21:12:57.0117155Z (Reading database ... 60%
2026-10-08T21:12:57.0147044Z (Reading database ... 65%
2026-10-08T21:12:57.0169081Z (Reading database ... 70%
2026-10-08T21:12:57.0209335Z (Reading database ... 75%
2026-10-08T21:12:57.0237258Z (Reading database ... 80%
2026-10-08T21:12:57.0385520Z (Reading database ... 85%
2026-10-08T21:12:57.0470523Z (Reading database ... 90%
2026-10-08T21:12:57.0724087Z (Reading database ... 95%
2026-10-08T21:12:57.0724491Z (Reading database ... 100%
2026-10-08T21:12:57.0725029Z (Reading database ... 203458 files and directories currently installed.)
2026-10-08T21:12:57.0768826Z Preparing to unpack .../00-libva2_2.20.0-2ubuntu0.2_amd64.deb ...
2026-10-08T21:12:57.0779807Z Unpacking libva2:amd64 (2.20.0-2ubuntu0.2) ...
2026-10-08T21:12:57.0974297Z Selecting previously unselected package libva-drm2:amd64.
2026-10-08T21:12:57.1091570Z Preparing to unpack .../01-libva-drm2_2.20.0-2ubuntu0.2_amd64.deb ...
2026-10-08T21:12:57.1096729Z Unpacking libva-drm2:amd64 (2.20.0-2ubuntu0.2) ...
2026-10-08T21:12:57.1279119Z Selecting previously unselected package libva-x11-2:amd64.
2026-10-08T21:12:57.1400804Z Preparing to unpack .../02-libva-x11-2_2.20.0-2ubuntu0.2_amd64.deb ...
2026-10-08T21:12:57.1406512Z Unpacking libva-x11-2:amd64 (2.20.0-2ubuntu0.2) ...
2026-10-08T21:12:57.2330387Z Selecting previously unselected package libvdpau1:amd64.
2026-10-08T21:12:57.2444708Z Preparing to unpack .../03-libvdpau1_1.5-2build1_amd64.deb ...
2026-10-08T21:12:57.2451615Z Unpacking libvdpau1:amd64 (1.5-2build1) ...
2026-10-08T21:12:57.2646387Z Selecting previously unselected package libvpl2.
2026-10-08T21:12:57.2758872Z Preparing to unpack .../04-libvpl2_2023.3.0-1build1_amd64.deb ...
2026-10-08T21:12:57.2849360Z Unpacking libvpl2 (2023.3.0-1build1) ...
2026-10-08T21:12:57.3038937Z Selecting previously unselected package ocl-icd-libopencl1:amd64.
2026-10-08T21:12:57.3156997Z Preparing to unpack .../05-ocl-icd-libopencl1_2.3.2-1build1_amd64.deb ...
2026-10-08T21:12:57.3162438Z Unpacking ocl-icd-libopencl1:amd64 (2.3.2-1build1) ...
2026-10-08T21:12:57.3375876Z Selecting previously unselected package libavutil58:amd64.
2026-10-08T21:12:57.3492610Z Preparing to unpack .../06-libavutil58_7%3a6.1.1-3ubuntu5_amd64.deb ...
2026-10-08T21:12:57.3498630Z Unpacking libavutil58:amd64 (7:6.1.1-3ubuntu5) ...
2026-10-08T21:12:57.3757595Z Selecting previously unselected package libcodec2-1.2:amd64.
2026-10-08T21:12:57.3874285Z Preparing to unpack .../07-libcodec2-1.2_1.2.0-2build1_amd64.deb ...
2026-10-08T21:12:57.3880515Z Unpacking libcodec2-1.2:amd64 (1.2.0-2build1) ...
2026-10-08T21:12:57.5199245Z Selecting previously unselected package libdav1d7:amd64.
2026-10-08T21:12:57.5311780Z Preparing to unpack .../08-libdav1d7_1.4.1-1build1_amd64.deb ...
2026-10-08T21:12:57.5317712Z Unpacking libdav1d7:amd64 (1.4.1-1build1) ...
2026-10-08T21:12:57.5612766Z Selecting previously unselected package libgsm1:amd64.
2026-10-08T21:12:57.5726224Z Preparing to unpack .../09-libgsm1_1.0.22-1build1_amd64.deb ...
2026-10-08T21:12:57.5837923Z Unpacking libgsm1:amd64 (1.0.22-1build1) ...
2026-10-08T21:12:57.6536405Z Selecting previously unselected package libhwy1t64:amd64.
2026-10-08T21:12:57.6650556Z Preparing to unpack .../10-libhwy1t64_1.0.7-8.1build1_amd64.deb ...
2026-10-08T21:12:57.6657064Z Unpacking libhwy1t64:amd64 (1.0.7-8.1build1) ...
2026-10-08T21:12:57.7077003Z Selecting previously unselected package libjxl0.7:amd64.
2026-10-08T21:12:57.7192998Z Preparing to unpack .../11-libjxl0.7_0.7.0-10.2ubuntu6.1_amd64.deb ...
2026-10-08T21:12:57.7199165Z Unpacking libjxl0.7:amd64 (0.7.0-10.2ubuntu6.1) ...
2026-10-08T21:12:57.7613106Z Selecting previously unselected package libmp3lame0:amd64.
2026-10-08T21:12:57.7728864Z Preparing to unpack .../12-libmp3lame0_3.100-6build1_amd64.deb ...
2026-10-08T21:12:57.7734177Z Unpacking libmp3lame0:amd64 (3.100-6build1) ...
2026-10-08T21:12:57.7972118Z Selecting previously unselected package libopus0:amd64.
2026-10-08T21:12:57.8092347Z Preparing to unpack .../13-libopus0_1.4-1build1_amd64.deb ...
2026-10-08T21:12:57.8098189Z Unpacking libopus0:amd64 (1.4-1build1) ...
2026-10-08T21:12:57.8294414Z Selecting previously unselected package librav1e0:amd64.
2026-10-08T21:12:57.8409469Z Preparing to unpack .../14-librav1e0_0.7.1-2_amd64.deb ...
2026-10-08T21:12:57.8416094Z Unpacking librav1e0:amd64 (0.7.1-2) ...
2026-10-08T21:12:57.8819178Z Selecting previously unselected package librsvg2-2:amd64.
2026-10-08T21:12:57.8933533Z Preparing to unpack .../15-librsvg2-2_2.58.0+dfsg-1ubuntu0.1_amd64.deb ...
2026-10-08T21:12:57.8940086Z Unpacking librsvg2-2:amd64 (2.58.0+dfsg-1ubuntu0.1) ...
2026-10-08T21:12:57.9801017Z Selecting previously unselected package libshine3:amd64.
2026-10-08T21:12:57.9916215Z Preparing to unpack .../16-libshine3_3.1.1-2build1_amd64.deb ...
2026-10-08T21:12:57.9922244Z Unpacking libshine3:amd64 (3.1.1-2build1) ...
2026-10-08T21:12:58.0106454Z Selecting previously unselected package libspeex1:amd64.
2026-10-08T21:12:58.0223180Z Preparing to unpack .../17-libspeex1_1.2.1-2ubuntu2.24.04.1_amd64.deb ...
2026-10-08T21:12:58.0324348Z Unpacking libspeex1:amd64 (1.2.1-2ubuntu2.24.04.1) ...
2026-10-08T21:12:58.0510065Z Selecting previously unselected package libsvtav1enc1d1:amd64.
2026-10-08T21:12:58.0623078Z Preparing to unpack .../18-libsvtav1enc1d1_1.7.0+dfsg-2build1_amd64.deb ...
2026-10-08T21:12:58.0629986Z Unpacking libsvtav1enc1d1:amd64 (1.7.0+dfsg-2build1) ...
2026-10-08T21:12:58.1337927Z Selecting previously unselected package libsoxr0:amd64.
2026-10-08T21:12:58.1450797Z Preparing to unpack .../19-libsoxr0_0.1.3-4build3_amd64.deb ...
2026-10-08T21:12:58.1457639Z Unpacking libsoxr0:amd64 (0.1.3-4build3) ...
2026-10-08T21:12:58.1647531Z Selecting previously unselected package libswresample4:amd64.
2026-10-08T21:12:58.1765352Z Preparing to unpack .../20-libswresample4_7%3a6.1.1-3ubuntu5_amd64.deb ...
2026-10-08T21:12:58.1771511Z Unpacking libswresample4:amd64 (7:6.1.1-3ubuntu5) ...
2026-10-08T21:12:58.1958064Z Selecting previously unselected package libtheora0:amd64.
2026-10-08T21:12:58.2071287Z Preparing to unpack .../21-libtheora0_1.1.1+dfsg.1-16.1build3_amd64.deb ...
2026-10-08T21:12:58.2078279Z Unpacking libtheora0:amd64 (1.1.1+dfsg.1-16.1build3) ...
2026-10-08T21:12:58.2294559Z Selecting previously unselected package libtwolame0:amd64.
2026-10-08T21:12:58.2410691Z Preparing to unpack .../22-libtwolame0_0.4.0-2build3_amd64.deb ...
2026-10-08T21:12:58.2417064Z Unpacking libtwolame0:amd64 (0.4.0-2build3) ...
2026-10-08T21:12:58.2600543Z Selecting previously unselected package libvorbisenc2:amd64.
2026-10-08T21:12:58.2713609Z Preparing to unpack .../23-libvorbisenc2_1.3.7-1build3_amd64.deb ...
2026-10-08T21:12:58.2719551Z Unpacking libvorbisenc2:amd64 (1.3.7-1build3) ...
2026-10-08T21:12:58.2939119Z Selecting previously unselected package libvpx9:amd64.
2026-10-08T21:12:58.3053473Z Preparing to unpack .../24-libvpx9_1.14.0-1ubuntu2.3_amd64.deb ...
2026-10-08T21:12:58.3199525Z Unpacking libvpx9:amd64 (1.14.0-1ubuntu2.3) ...
2026-10-08T21:12:58.3620483Z Selecting previously unselected package libx264-164:amd64.
2026-10-08T21:12:58.3738415Z Preparing to unpack .../25-libx264-164_2%3a0.164.3108+git31e19f9-1_amd64.deb ...
2026-10-08T21:12:58.3745242Z Unpacking libx264-164:amd64 (2:0.164.3108+git31e19f9-1) ...
2026-10-08T21:12:58.4059378Z Selecting previously unselected package libx265-199:amd64.
2026-10-08T21:12:58.4173941Z Preparing to unpack .../26-libx265-199_3.5-2build1_amd64.deb ...
2026-10-08T21:12:58.4180485Z Unpacking libx265-199:amd64 (3.5-2build1) ...
2026-10-08T21:12:58.5423542Z Selecting previously unselected package libxvidcore4:amd64.
2026-10-08T21:12:58.5538301Z Preparing to unpack .../27-libxvidcore4_2%3a1.3.7-1build1_amd64.deb ...
2026-10-08T21:12:58.5545464Z Unpacking libxvidcore4:amd64 (2:1.3.7-1build1) ...
2026-10-08T21:12:58.5752926Z Selecting previously unselected package libzvbi-common.
2026-10-08T21:12:58.5867458Z Preparing to unpack .../28-libzvbi-common_0.2.42-2_all.deb ...
2026-10-08T21:12:58.5873791Z Unpacking libzvbi-common (0.2.42-2) ...
2026-10-08T21:12:58.6105801Z Selecting previously unselected package libzvbi0t64:amd64.
2026-10-08T21:12:58.6219696Z Preparing to unpack .../29-libzvbi0t64_0.2.42-2_amd64.deb ...
2026-10-08T21:12:58.6226646Z Unpacking libzvbi0t64:amd64 (0.2.42-2) ...
2026-10-08T21:12:58.6447040Z Selecting previously unselected package libavcodec60:amd64.
2026-10-08T21:12:58.6562626Z Preparing to unpack .../30-libavcodec60_7%3a6.1.1-3ubuntu5_amd64.deb ...
2026-10-08T21:12:58.6719084Z Unpacking libavcodec60:amd64 (7:6.1.1-3ubuntu5) ...
2026-10-08T21:12:58.8111913Z Selecting previously unselected package libraw1394-11:amd64.
2026-10-08T21:12:58.8226505Z Preparing to unpack .../31-libraw1394-11_2.1.2-2build3_amd64.deb ...
2026-10-08T21:12:58.8232078Z Unpacking libraw1394-11:amd64 (2.1.2-2build3) ...
2026-10-08T21:12:58.8406340Z Selecting previously unselected package libavc1394-0:amd64.
2026-10-08T21:12:58.8518959Z Preparing to unpack .../32-libavc1394-0_0.5.4-5build3_amd64.deb ...
2026-10-08T21:12:58.8525117Z Unpacking libavc1394-0:amd64 (0.5.4-5build3) ...
2026-10-08T21:12:58.8705606Z Selecting previously unselected package libunibreak5:amd64.
2026-10-08T21:12:58.8819063Z Preparing to unpack .../33-libunibreak5_5.1-2build1_amd64.deb ...
2026-10-08T21:12:58.8825458Z Unpacking libunibreak5:amd64 (5.1-2build1) ...
2026-10-08T21:12:58.9006515Z Selecting previously unselected package libass9:amd64.
2026-10-08T21:12:58.9121758Z Preparing to unpack .../34-libass9_1%3a0.17.1-2build1_amd64.deb ...
2026-10-08T21:12:58.9127735Z Unpacking libass9:amd64 (1:0.17.1-2build1) ...
2026-10-08T21:12:58.9312338Z Selecting previously unselected package libudfread0:amd64.
2026-10-08T21:12:58.9430457Z Preparing to unpack .../35-libudfread0_1.1.2-1build1_amd64.deb ...
2026-10-08T21:12:58.9436251Z Unpacking libudfread0:amd64 (1.1.2-1build1) ...
2026-10-08T21:12:58.9619573Z Selecting previously unselected package libbluray2:amd64.
2026-10-08T21:12:58.9734191Z Preparing to unpack .../36-libbluray2_1%3a1.3.4-1build1_amd64.deb ...
2026-10-08T21:12:58.9740787Z Unpacking libbluray2:amd64 (1:1.3.4-1build1) ...
2026-10-08T21:12:58.9957994Z Selecting previously unselected package libchromaprint1:amd64.
2026-10-08T21:12:59.0075029Z Preparing to unpack .../37-libchromaprint1_1.5.1-5_amd64.deb ...
2026-10-08T21:12:59.0238657Z Unpacking libchromaprint1:amd64 (1.5.1-5) ...
2026-10-08T21:12:59.0421237Z Selecting previously unselected package libgme0:amd64.
2026-10-08T21:12:59.0535901Z Preparing to unpack .../38-libgme0_0.6.3-7build1_amd64.deb ...
2026-10-08T21:12:59.0542539Z Unpacking libgme0:amd64 (0.6.3-7build1) ...
2026-10-08T21:12:59.0732036Z Selecting previously unselected package libmpg123-0t64:amd64.
2026-10-08T21:12:59.0843707Z Preparing to unpack .../39-libmpg123-0t64_1.32.5-1ubuntu1.1_amd64.deb ...
2026-10-08T21:12:59.0850501Z Unpacking libmpg123-0t64:amd64 (1.32.5-1ubuntu1.1) ...
2026-10-08T21:12:59.1058815Z Selecting previously unselected package libopenmpt0t64:amd64.
2026-10-08T21:12:59.1176439Z Preparing to unpack .../40-libopenmpt0t64_0.7.3-1.1build3_amd64.deb ...
2026-10-08T21:12:59.1182599Z Unpacking libopenmpt0t64:amd64 (0.7.3-1.1build3) ...
2026-10-08T21:12:59.1458857Z Selecting previously unselected package libcjson1:amd64.
2026-10-08T21:12:59.1572033Z Preparing to unpack .../41-libcjson1_1.7.17-1_amd64.deb ...
2026-10-08T21:12:59.1578398Z Unpacking libcjson1:amd64 (1.7.17-1) ...
2026-10-08T21:12:59.1760769Z Selecting previously unselected package libmbedcrypto7t64:amd64.
2026-10-08T21:12:59.1874284Z Preparing to unpack .../42-libmbedcrypto7t64_2.28.8-1_amd64.deb ...
2026-10-08T21:12:59.1880861Z Unpacking libmbedcrypto7t64:amd64 (2.28.8-1) ...
2026-10-08T21:12:59.2077990Z Selecting previously unselected package librist4:amd64.
2026-10-08T21:12:59.2191423Z Preparing to unpack .../43-librist4_0.2.10+dfsg-2_amd64.deb ...
2026-10-08T21:12:59.2197222Z Unpacking librist4:amd64 (0.2.10+dfsg-2) ...
2026-10-08T21:12:59.2377516Z Selecting previously unselected package libsrt1.5-gnutls:amd64.
2026-10-08T21:12:59.2490948Z Preparing to unpack .../44-libsrt1.5-gnutls_1.5.3-1build2_amd64.deb ...
2026-10-08T21:12:59.2497529Z Unpacking libsrt1.5-gnutls:amd64 (1.5.3-1build2) ...
2026-10-08T21:12:59.2744959Z Selecting previously unselected package libssh-gcrypt-4:amd64.
2026-10-08T21:12:59.2860392Z Preparing to unpack .../45-libssh-gcrypt-4_0.10.6-2ubuntu0.5_amd64.deb ...
2026-10-08T21:12:59.2866799Z Unpacking libssh-gcrypt-4:amd64 (0.10.6-2ubuntu0.5) ...
2026-10-08T21:12:59.3078980Z Selecting previously unselected package libavformat60:amd64.
2026-10-08T21:12:59.3193905Z Preparing to unpack .../46-libavformat60_7%3a6.1.1-3ubuntu5_amd64.deb ...
2026-10-08T21:12:59.3200580Z Unpacking libavformat60:amd64 (7:6.1.1-3ubuntu5) ...
2026-10-08T21:12:59.3767763Z Selecting previously unselected package libbs2b0:amd64.
2026-10-08T21:12:59.3883504Z Preparing to unpack .../47-libbs2b0_3.1.0+dfsg-7build1_amd64.deb ...
2026-10-08T21:12:59.3889535Z Unpacking libbs2b0:amd64 (3.1.0+dfsg-7build1) ...
2026-10-08T21:12:59.4130468Z Selecting previously unselected package libflite1:amd64.
2026-10-08T21:12:59.4247827Z Preparing to unpack .../48-libflite1_2.2-6build3_amd64.deb ...
2026-10-08T21:12:59.4274639Z Unpacking libflite1:amd64 (2.2-6build3) ...
2026-10-08T21:12:59.5778541Z Selecting previously unselected package libserd-0-0:amd64.
2026-10-08T21:12:59.5894644Z Preparing to unpack .../49-libserd-0-0_0.32.2-1_amd64.deb ...
2026-10-08T21:12:59.6082351Z Unpacking libserd-0-0:amd64 (0.32.2-1) ...
2026-10-08T21:12:59.6265863Z Selecting previously unselected package libzix-0-0:amd64.
2026-10-08T21:12:59.6381973Z Preparing to unpack .../50-libzix-0-0_0.4.2-2build1_amd64.deb ...
2026-10-08T21:12:59.6388081Z Unpacking libzix-0-0:amd64 (0.4.2-2build1) ...
2026-10-08T21:12:59.6567856Z Selecting previously unselected package libsord-0-0:amd64.
2026-10-08T21:12:59.6680982Z Preparing to unpack .../51-libsord-0-0_0.16.16-2build1_amd64.deb ...
2026-10-08T21:12:59.6687515Z Unpacking libsord-0-0:amd64 (0.16.16-2build1) ...
2026-10-08T21:12:59.6869313Z Selecting previously unselected package libsratom-0-0:amd64.
2026-10-08T21:12:59.6983599Z Preparing to unpack .../52-libsratom-0-0_0.6.16-1build1_amd64.deb ...
2026-10-08T21:12:59.6988878Z Unpacking libsratom-0-0:amd64 (0.6.16-1build1) ...
2026-10-08T21:12:59.7288041Z Selecting previously unselected package liblilv-0-0:amd64.
2026-10-08T21:12:59.7405049Z Preparing to unpack .../53-liblilv-0-0_0.24.22-1build1_amd64.deb ...
2026-10-08T21:12:59.7411972Z Unpacking liblilv-0-0:amd64 (0.24.22-1build1) ...
2026-10-08T21:12:59.8607482Z Selecting previously unselected package libmysofa1:amd64.
2026-10-08T21:12:59.8722945Z Preparing to unpack .../54-libmysofa1_1.3.2+dfsg-2ubuntu2_amd64.deb ...
2026-10-08T21:12:59.8729843Z Unpacking libmysofa1:amd64 (1.3.2+dfsg-2ubuntu2) ...
2026-10-08T21:12:59.8972846Z Selecting previously unselected package libplacebo338:amd64.
2026-10-08T21:12:59.9087013Z Preparing to unpack .../55-libplacebo338_6.338.2-2build1_amd64.deb ...
2026-10-08T21:12:59.9093110Z Unpacking libplacebo338:amd64 (6.338.2-2build1) ...
2026-10-08T21:13:00.1126156Z Selecting previously unselected package libblas3:amd64.
2026-10-08T21:13:00.1241252Z Preparing to unpack .../56-libblas3_3.12.0-3build1.1_amd64.deb ...
2026-10-08T21:13:00.1270250Z Unpacking libblas3:amd64 (3.12.0-3build1.1) ...
2026-10-08T21:13:00.1476590Z Selecting previously unselected package liblapack3:amd64.
2026-10-08T21:13:00.1591084Z Preparing to unpack .../57-liblapack3_3.12.0-3build1.1_amd64.deb ...
2026-10-08T21:13:00.1622029Z Unpacking liblapack3:amd64 (3.12.0-3build1.1) ...
2026-10-08T21:13:00.2338839Z Selecting previously unselected package libasyncns0:amd64.
2026-10-08T21:13:00.2454400Z Preparing to unpack .../58-libasyncns0_0.8-6build4_amd64.deb ...
2026-10-08T21:13:00.2460336Z Unpacking libasyncns0:amd64 (0.8-6build4) ...
2026-10-08T21:13:00.3274413Z Selecting previously unselected package libflac12t64:amd64.
2026-10-08T21:13:00.3390212Z Preparing to unpack .../59-libflac12t64_1.4.3+ds-2.1ubuntu2_amd64.deb ...
2026-10-08T21:13:00.3397115Z Unpacking libflac12t64:amd64 (1.4.3+ds-2.1ubuntu2) ...
2026-10-08T21:13:00.3595066Z Selecting previously unselected package libsndfile1:amd64.
2026-10-08T21:13:00.3707855Z Preparing to unpack .../60-libsndfile1_1.2.2-1ubuntu5.24.04.1_amd64.deb ...
2026-10-08T21:13:00.3714574Z Unpacking libsndfile1:amd64 (1.2.2-1ubuntu5.24.04.1) ...
2026-10-08T21:13:00.3926980Z Selecting previously unselected package libpulse0:amd64.
2026-10-08T21:13:00.4040121Z Preparing to unpack .../61-libpulse0_1%3a16.1+dfsg1-2ubuntu10.1_amd64.deb ...
2026-10-08T21:13:00.4099808Z Unpacking libpulse0:amd64 (1:16.1+dfsg1-2ubuntu10.1) ...
2026-10-08T21:13:00.4628446Z Selecting previously unselected package libsphinxbase3t64:amd64.
2026-10-08T21:13:00.4743459Z Preparing to unpack .../62-libsphinxbase3t64_0.8+5prealpha+1-17build2_amd64.deb ...
2026-10-08T21:13:00.4749384Z Unpacking libsphinxbase3t64:amd64 (0.8+5prealpha+1-17build2) ...
2026-10-08T21:13:00.4935403Z Selecting previously unselected package libpocketsphinx3:amd64.
2026-10-08T21:13:00.5046128Z Preparing to unpack .../63-libpocketsphinx3_0.8.0+real5prealpha+1-15ubuntu5_amd64.deb ...
2026-10-08T21:13:00.5052051Z Unpacking libpocketsphinx3:amd64 (0.8.0+real5prealpha+1-15ubuntu5) ...
2026-10-08T21:13:00.5239265Z Selecting previously unselected package libpostproc57:amd64.
2026-10-08T21:13:00.5358579Z Preparing to unpack .../64-libpostproc57_7%3a6.1.1-3ubuntu5_amd64.deb ...
2026-10-08T21:13:00.5625892Z Unpacking libpostproc57:amd64 (7:6.1.1-3ubuntu5) ...
2026-10-08T21:13:00.5820430Z Selecting previously unselected package libsamplerate0:amd64.
2026-10-08T21:13:00.5939156Z Preparing to unpack .../65-libsamplerate0_0.2.2-4build1_amd64.deb ...
2026-10-08T21:13:00.5946000Z Unpacking libsamplerate0:amd64 (0.2.2-4build1) ...
2026-10-08T21:13:00.6511756Z Selecting previously unselected package librubberband2:amd64.
2026-10-08T21:13:00.6629661Z Preparing to unpack .../66-librubberband2_3.3.0+dfsg-2build1_amd64.deb ...
2026-10-08T21:13:00.6824809Z Unpacking librubberband2:amd64 (3.3.0+dfsg-2build1) ...
2026-10-08T21:13:00.7046146Z Selecting previously unselected package libswscale7:amd64.
2026-10-08T21:13:00.7162990Z Preparing to unpack .../67-libswscale7_7%3a6.1.1-3ubuntu5_amd64.deb ...
2026-10-08T21:13:00.7169391Z Unpacking libswscale7:amd64 (7:6.1.1-3ubuntu5) ...
2026-10-08T21:13:00.7594524Z Selecting previously unselected package libvidstab1.1:amd64.
2026-10-08T21:13:00.7712537Z Preparing to unpack .../68-libvidstab1.1_1.1.0-2build1_amd64.deb ...
2026-10-08T21:13:00.7718835Z Unpacking libvidstab1.1:amd64 (1.1.0-2build1) ...
2026-10-08T21:13:00.7941435Z Selecting previously unselected package libzimg2:amd64.
2026-10-08T21:13:00.8061431Z Preparing to unpack .../69-libzimg2_3.0.5+ds1-1build1_amd64.deb ...
2026-10-08T21:13:00.8160098Z Unpacking libzimg2:amd64 (3.0.5+ds1-1build1) ...
2026-10-08T21:13:00.8451422Z Selecting previously unselected package libavfilter9:amd64.
2026-10-08T21:13:00.8567819Z Preparing to unpack .../70-libavfilter9_7%3a6.1.1-3ubuntu5_amd64.deb ...
2026-10-08T21:13:00.8639776Z Unpacking libavfilter9:amd64 (7:6.1.1-3ubuntu5) ...
2026-10-08T21:13:00.9836393Z Selecting previously unselected package libcaca0:amd64.
2026-10-08T21:13:00.9949823Z Preparing to unpack .../71-libcaca0_0.99.beta20-4ubuntu0.2_amd64.deb ...
2026-10-08T21:13:00.9956634Z Unpacking libcaca0:amd64 (0.99.beta20-4ubuntu0.2) ...
2026-10-08T21:13:01.0202960Z Selecting previously unselected package libcdio19t64:amd64.
2026-10-08T21:13:01.0316448Z Preparing to unpack .../72-libcdio19t64_2.1.0-4.1ubuntu1.2_amd64.deb ...
2026-10-08T21:13:01.0323126Z Unpacking libcdio19t64:amd64 (2.1.0-4.1ubuntu1.2) ...
2026-10-08T21:13:01.0509131Z Selecting previously unselected package libcdio-cdda2t64:amd64.
2026-10-08T21:13:01.0622082Z Preparing to unpack .../73-libcdio-cdda2t64_10.2+2.0.1-1.1build2_amd64.deb ...
2026-10-08T21:13:01.0629183Z Unpacking libcdio-cdda2t64:amd64 (10.2+2.0.1-1.1build2) ...
2026-10-08T21:13:01.0818382Z Selecting previously unselected package libcdio-paranoia2t64:amd64.
2026-10-08T21:13:01.0935962Z Preparing to unpack .../74-libcdio-paranoia2t64_10.2+2.0.1-1.1build2_amd64.deb ...
2026-10-08T21:13:01.0942430Z Unpacking libcdio-paranoia2t64:amd64 (10.2+2.0.1-1.1build2) ...
2026-10-08T21:13:01.1787410Z Selecting previously unselected package libdc1394-25:amd64.
2026-10-08T21:13:01.1900151Z Preparing to unpack .../75-libdc1394-25_2.2.6-4build1_amd64.deb ...
2026-10-08T21:13:01.1907080Z Unpacking libdc1394-25:amd64 (2.2.6-4build1) ...
2026-10-08T21:13:01.2095446Z Selecting previously unselected package libiec61883-0:amd64.
2026-10-08T21:13:01.2212244Z Preparing to unpack .../76-libiec61883-0_1.2.0-6build1_amd64.deb ...
2026-10-08T21:13:01.2218532Z Unpacking libiec61883-0:amd64 (1.2.0-6build1) ...
2026-10-08T21:13:01.2413506Z Selecting previously unselected package libjack-jackd2-0:amd64.
2026-10-08T21:13:01.2532075Z Preparing to unpack .../77-libjack-jackd2-0_1.9.21~dfsg-3ubuntu3_amd64.deb ...
2026-10-08T21:13:01.2538331Z Unpacking libjack-jackd2-0:amd64 (1.9.21~dfsg-3ubuntu3) ...
2026-10-08T21:13:01.2785291Z Selecting previously unselected package libopenal-data.
2026-10-08T21:13:01.2899667Z Preparing to unpack .../78-libopenal-data_1%3a1.23.1-4build1_all.deb ...
2026-10-08T21:13:01.2908579Z Unpacking libopenal-data (1:1.23.1-4build1) ...
2026-10-08T21:13:01.3123033Z Selecting previously unselected package libsndio7.0:amd64.
2026-10-08T21:13:01.3238448Z Preparing to unpack .../79-libsndio7.0_1.9.0-0.3build3_amd64.deb ...
2026-10-08T21:13:01.3317444Z Unpacking libsndio7.0:amd64 (1.9.0-0.3build3) ...
2026-10-08T21:13:01.3515977Z Selecting previously unselected package libopenal1:amd64.
2026-10-08T21:13:01.3635952Z Preparing to unpack .../80-libopenal1_1%3a1.23.1-4build1_amd64.deb ...
2026-10-08T21:13:01.3642611Z Unpacking libopenal1:amd64 (1:1.23.1-4build1) ...
2026-10-08T21:13:01.3928641Z Selecting previously unselected package libdecor-0-0:amd64.
2026-10-08T21:13:01.4047703Z Preparing to unpack .../81-libdecor-0-0_0.2.2-1build2_amd64.deb ...
2026-10-08T21:13:01.4056305Z Unpacking libdecor-0-0:amd64 (0.2.2-1build2) ...
2026-10-08T21:13:01.4400177Z Selecting previously unselected package libsdl2-2.0-0:amd64.
2026-10-08T21:13:01.4517675Z Preparing to unpack .../82-libsdl2-2.0-0_2.30.0+dfsg-1ubuntu3.1_amd64.deb ...
2026-10-08T21:13:01.4524443Z Unpacking libsdl2-2.0-0:amd64 (2.30.0+dfsg-1ubuntu3.1) ...
2026-10-08T21:13:01.6292617Z Selecting previously unselected package libxcb-shape0:amd64.
2026-10-08T21:13:01.6408513Z Preparing to unpack .../83-libxcb-shape0_1.15-1ubuntu2_amd64.deb ...
2026-10-08T21:13:01.6414571Z Unpacking libxcb-shape0:amd64 (1.15-1ubuntu2) ...
2026-10-08T21:13:01.6591856Z Selecting previously unselected package libxv1:amd64.
2026-10-08T21:13:01.6704603Z Preparing to unpack .../84-libxv1_2%3a1.0.11-1.1build1_amd64.deb ...
2026-10-08T21:13:01.6710733Z Unpacking libxv1:amd64 (2:1.0.11-1.1build1) ...
2026-10-08T21:13:01.6886798Z Selecting previously unselected package libavdevice60:amd64.
2026-10-08T21:13:01.7001068Z Preparing to unpack .../85-libavdevice60_7%3a6.1.1-3ubuntu5_amd64.deb ...
2026-10-08T21:13:01.7007800Z Unpacking libavdevice60:amd64 (7:6.1.1-3ubuntu5) ...
2026-10-08T21:13:01.7240234Z Selecting previously unselected package ffmpeg.
2026-10-08T21:13:01.7354604Z Preparing to unpack .../86-ffmpeg_7%3a6.1.1-3ubuntu5_amd64.deb ...
2026-10-08T21:13:01.7360596Z Unpacking ffmpeg (7:6.1.1-3ubuntu5) ...
2026-10-08T21:13:01.7941859Z Setting up libgme0:amd64 (0.6.3-7build1) ...
2026-10-08T21:13:01.7961334Z Setting up libchromaprint1:amd64 (1.5.1-5) ...
2026-10-08T21:13:01.7975085Z Setting up libssh-gcrypt-4:amd64 (0.10.6-2ubuntu0.5) ...
2026-10-08T21:13:01.7989505Z Setting up libhwy1t64:amd64 (1.0.7-8.1build1) ...
2026-10-08T21:13:01.8006931Z Setting up libudfread0:amd64 (1.1.2-1build1) ...
2026-10-08T21:13:01.8019943Z Setting up libraw1394-11:amd64 (2.1.2-2build3) ...
2026-10-08T21:13:01.8035626Z Setting up libspeex1:amd64 (1.2.1-2ubuntu2.24.04.1) ...
2026-10-08T21:13:01.8051678Z Setting up libshine3:amd64 (3.1.1-2build1) ...
2026-10-08T21:13:01.8066019Z Setting up libcaca0:amd64 (0.99.beta20-4ubuntu0.2) ...
2026-10-08T21:13:01.8079571Z Setting up libvpl2 (2023.3.0-1build1) ...
2026-10-08T21:13:01.8097049Z Setting up libx264-164:amd64 (2:0.164.3108+git31e19f9-1) ...
2026-10-08T21:13:01.8110642Z Setting up libtwolame0:amd64 (0.4.0-2build3) ...
2026-10-08T21:13:01.8125798Z Setting up libmbedcrypto7t64:amd64 (2.28.8-1) ...
2026-10-08T21:13:01.8140775Z Setting up libgsm1:amd64 (1.0.22-1build1) ...
2026-10-08T21:13:01.8153893Z Setting up libsoxr0:amd64 (0.1.3-4build3) ...
2026-10-08T21:13:01.8215024Z Setting up libzix-0-0:amd64 (0.4.2-2build1) ...
2026-10-08T21:13:01.8228920Z Setting up libcodec2-1.2:amd64 (1.2.0-2build1) ...
2026-10-08T21:13:01.8243999Z Setting up libmysofa1:amd64 (1.3.2+dfsg-2ubuntu2) ...
2026-10-08T21:13:01.8258396Z Setting up libxcb-shape0:amd64 (1.15-1ubuntu2) ...
2026-10-08T21:13:01.8273025Z Setting up libcdio19t64:amd64 (2.1.0-4.1ubuntu1.2) ...
2026-10-08T21:13:01.8288009Z Setting up libsvtav1enc1d1:amd64 (1.7.0+dfsg-2build1) ...
2026-10-08T21:13:01.8300811Z Setting up libmpg123-0t64:amd64 (1.32.5-1ubuntu1.1) ...
2026-10-08T21:13:01.8316002Z Setting up libcjson1:amd64 (1.7.17-1) ...
2026-10-08T21:13:01.8329574Z Setting up libxvidcore4:amd64 (2:1.3.7-1build1) ...
2026-10-08T21:13:01.8343857Z Setting up librav1e0:amd64 (0.7.1-2) ...
2026-10-08T21:13:01.8359426Z Setting up libcdio-cdda2t64:amd64 (10.2+2.0.1-1.1build2) ...
2026-10-08T21:13:01.8373204Z Setting up librist4:amd64 (0.2.10+dfsg-2) ...
2026-10-08T21:13:01.8386449Z Setting up librsvg2-2:amd64 (2.58.0+dfsg-1ubuntu0.1) ...
2026-10-08T21:13:01.8402787Z Setting up libblas3:amd64 (3.12.0-3build1.1) ...
2026-10-08T21:13:01.8457242Z update-alternatives: using /usr/lib/x86_64-linux-gnu/blas/libblas.so.3 to provide /usr/lib/x86_64-linux-gnu/libblas.so.3 (libblas.so.3-x86_64-linux-gnu) in auto mode
2026-10-08T21:13:01.8468402Z Setting up libplacebo338:amd64 (6.338.2-2build1) ...
2026-10-08T21:13:01.8483551Z Setting up libva2:amd64 (2.20.0-2ubuntu0.2) ...
2026-10-08T21:13:01.8496495Z Setting up libopus0:amd64 (1.4-1build1) ...
2026-10-08T21:13:01.8510973Z Setting up libcdio-paranoia2t64:amd64 (10.2+2.0.1-1.1build2) ...
2026-10-08T21:13:01.8728158Z Setting up libdc1394-25:amd64 (2.2.6-4build1) ...
2026-10-08T21:13:01.8742431Z Setting up libxv1:amd64 (2:1.0.11-1.1build1) ...
2026-10-08T21:13:01.8757731Z Setting up libunibreak5:amd64 (5.1-2build1) ...
2026-10-08T21:13:01.8770238Z Setting up libjxl0.7:amd64 (0.7.0-10.2ubuntu6.1) ...
2026-10-08T21:13:01.8784716Z Setting up libx265-199:amd64 (3.5-2build1) ...
2026-10-08T21:13:01.8798962Z Setting up libsndio7.0:amd64 (1.9.0-0.3build3) ...
2026-10-08T21:13:01.8811935Z Setting up libvidstab1.1:amd64 (1.1.0-2build1) ...
2026-10-08T21:13:01.8827618Z Setting up libvpx9:amd64 (1.14.0-1ubuntu2.3) ...
2026-10-08T21:13:01.8841270Z Setting up libsrt1.5-gnutls:amd64 (1.5.3-1build2) ...
2026-10-08T21:13:01.8877486Z Setting up libflite1:amd64 (2.2-6build3) ...
2026-10-08T21:13:01.8891533Z Setting up libdav1d7:amd64 (1.4.1-1build1) ...
2026-10-08T21:13:01.8905327Z Setting up libva-drm2:amd64 (2.20.0-2ubuntu0.2) ...
2026-10-08T21:13:01.8920511Z Setting up ocl-icd-libopencl1:amd64 (2.3.2-1build1) ...
2026-10-08T21:13:01.8934738Z Setting up libasyncns0:amd64 (0.8-6build4) ...
2026-10-08T21:13:01.8971369Z Setting up libvdpau1:amd64 (1.5-2build1) ...
2026-10-08T21:13:01.8991905Z Setting up libbs2b0:amd64 (3.1.0+dfsg-7build1) ...
2026-10-08T21:13:01.9006512Z Setting up libtheora0:amd64 (1.1.1+dfsg.1-16.1build3) ...
2026-10-08T21:13:01.9022632Z Setting up libdecor-0-0:amd64 (0.2.2-1build2) ...
2026-10-08T21:13:01.9037570Z Setting up libzimg2:amd64 (3.0.5+ds1-1build1) ...
2026-10-08T21:13:01.9052906Z Setting up libopenal-data (1:1.23.1-4build1) ...
2026-10-08T21:13:01.9071426Z Setting up libflac12t64:amd64 (1.4.3+ds-2.1ubuntu2) ...
2026-10-08T21:13:01.9085317Z Setting up libbluray2:amd64 (1:1.3.4-1build1) ...
2026-10-08T21:13:01.9110821Z Setting up libsamplerate0:amd64 (0.2.2-4build1) ...
2026-10-08T21:13:01.9127614Z Setting up libva-x11-2:amd64 (2.20.0-2ubuntu0.2) ...
2026-10-08T21:13:01.9146289Z Setting up libopenmpt0t64:amd64 (0.7.3-1.1build3) ...
2026-10-08T21:13:01.9160628Z Setting up libzvbi-common (0.2.42-2) ...
2026-10-08T21:13:01.9175317Z Setting up libmp3lame0:amd64 (3.100-6build1) ...
2026-10-08T21:13:01.9192838Z Setting up libvorbisenc2:amd64 (1.3.7-1build3) ...
2026-10-08T21:13:01.9207093Z Setting up libiec61883-0:amd64 (1.2.0-6build1) ...
2026-10-08T21:13:01.9222879Z Setting up libserd-0-0:amd64 (0.32.2-1) ...
2026-10-08T21:13:01.9236588Z Setting up libavc1394-0:amd64 (0.5.4-5build3) ...
2026-10-08T21:13:01.9250078Z Setting up liblapack3:amd64 (3.12.0-3build1.1) ...
2026-10-08T21:13:01.9306315Z update-alternatives: using /usr/lib/x86_64-linux-gnu/lapack/liblapack.so.3 to provide /usr/lib/x86_64-linux-gnu/liblapack.so.3 (liblapack.so.3-x86_64-linux-gnu) in auto mode
2026-10-08T21:13:01.9318608Z Setting up libzvbi0t64:amd64 (0.2.42-2) ...
2026-10-08T21:13:01.9377517Z Setting up libavutil58:amd64 (7:6.1.1-3ubuntu5) ...
2026-10-08T21:13:01.9392554Z Setting up libopenal1:amd64 (1:1.23.1-4build1) ...
2026-10-08T21:13:01.9406246Z Setting up libass9:amd64 (1:0.17.1-2build1) ...
2026-10-08T21:13:01.9420892Z Setting up libswresample4:amd64 (7:6.1.1-3ubuntu5) ...
2026-10-08T21:13:01.9434830Z Setting up libavcodec60:amd64 (7:6.1.1-3ubuntu5) ...
2026-10-08T21:13:01.9448678Z Setting up librubberband2:amd64 (3.3.0+dfsg-2build1) ...
2026-10-08T21:13:01.9464434Z Setting up libjack-jackd2-0:amd64 (1.9.21~dfsg-3ubuntu3) ...
2026-10-08T21:13:01.9477864Z Setting up libsord-0-0:amd64 (0.16.16-2build1) ...
2026-10-08T21:13:01.9491771Z Setting up libpostproc57:amd64 (7:6.1.1-3ubuntu5) ...
2026-10-08T21:13:01.9506772Z Setting up libsratom-0-0:amd64 (0.6.16-1build1) ...
2026-10-08T21:13:01.9520349Z Setting up libsndfile1:amd64 (1.2.2-1ubuntu5.24.04.1) ...
2026-10-08T21:13:01.9535784Z Setting up liblilv-0-0:amd64 (0.24.22-1build1) ...
2026-10-08T21:13:01.9549476Z Setting up libswscale7:amd64 (7:6.1.1-3ubuntu5) ...
2026-10-08T21:13:01.9562839Z Setting up libpulse0:amd64 (1:16.1+dfsg1-2ubuntu10.1) ...
2026-10-08T21:13:01.9627120Z Setting up libavformat60:amd64 (7:6.1.1-3ubuntu5) ...
2026-10-08T21:13:01.9641029Z Setting up libsphinxbase3t64:amd64 (0.8+5prealpha+1-17build2) ...
2026-10-08T21:13:01.9657184Z Setting up libsdl2-2.0-0:amd64 (2.30.0+dfsg-1ubuntu3.1) ...
2026-10-08T21:13:02.0079630Z Setting up libpocketsphinx3:amd64 (0.8.0+real5prealpha+1-15ubuntu5) ...
2026-10-08T21:13:02.0092315Z Setting up libavfilter9:amd64 (7:6.1.1-3ubuntu5) ...
2026-10-08T21:13:02.0104703Z Setting up libavdevice60:amd64 (7:6.1.1-3ubuntu5) ...
2026-10-08T21:13:02.0119813Z Setting up ffmpeg (7:6.1.1-3ubuntu5) ...
2026-10-08T21:13:02.0138571Z Processing triggers for man-db (2.12.0-4build2) ...
2026-10-08T21:13:02.0153779Z Not building database; man-db/auto-update is not 'true'.
2026-10-08T21:13:02.0165741Z Processing triggers for libc-bin (2.39-0ubuntu8.9) ...
2026-10-08T21:13:02.4869173Z 
2026-10-08T21:13:02.4869698Z Running kernel seems to be up-to-date.
2026-10-08T21:13:02.4869935Z 
2026-10-08T21:13:02.4870067Z No services need to be restarted.
2026-10-08T21:13:02.4870233Z 
2026-10-08T21:13:02.4870361Z No containers need to be restarted.
2026-10-08T21:13:02.4870518Z 
2026-10-08T21:13:02.4870704Z No user sessions are running outdated binaries.
2026-10-08T21:13:02.4870891Z 
2026-10-08T21:13:02.4871136Z No VM guests are running outdated hypervisor (qemu) binaries on this host.
2026-10-08T21:13:03.7489432Z ##[group]Run npm test
2026-10-08T21:13:03.7489792Z [36;1mnpm test[0m
2026-10-08T21:13:03.7568812Z shell: /usr/bin/bash -e {0}
2026-10-08T21:13:03.7569170Z ##[endgroup]
2026-10-08T21:13:03.8541892Z 
2026-10-08T21:13:03.8542525Z > partybox-g04-reality-check@0.1.0 test
2026-10-08T21:13:03.8547620Z > node checksums.ts --check && npm run check && node generate.ts --check && node --test test.ts && node differential.ts && node bluff-differential.ts && node bounds-probe.ts && node style-probe.ts && node phase-audit.ts && node catalog-probe.ts && node churn-probe.ts && node mutations.ts && node league.ts && node league.ts --held-out && node build.ts --check && node late-input.ts && node host-deadline-mutation.ts && node browser.ts && node browser.ts --repeat=2 && node browser.ts --repeat=3 && node browser-proof.ts && node browser-proof.ts --self-test && node --test strict-proof.test.ts && node strict-browser.ts && node strict-browser-proof.ts && node strict-browser-proof.ts --self-test && node checksums.ts && node checksums.ts --check
2026-10-08T21:13:03.8551401Z 
2026-10-08T21:13:03.9487418Z 141 data/media checksums verified
2026-10-08T21:13:04.0389388Z 
2026-10-08T21:13:04.0389993Z > partybox-g04-reality-check@0.1.0 check
2026-10-08T21:13:04.0390466Z > tsc --noEmit
2026-10-08T21:13:04.0390626Z 
2026-10-08T21:13:06.1489848Z 160 fictional rows; 20 per realm; schema valid and byte-identical regeneration
2026-10-08T21:16:26.8806269Z ✔ catalog has twenty original rows per realm and reproducible validated bytes (9.568871ms)
2026-10-08T21:16:26.8807736Z ✔ numeric score is symmetric, bounded, unit invariant and zero-safe without overflow (0.634319ms)
2026-10-08T21:16:26.8808983Z ✔ date and choice scoring use the declared exact/proximity units (0.214798ms)
2026-10-08T21:16:26.8810113Z ✔ BCE and CE centuries are adjacent without an imaginary century zero (0.112537ms)
2026-10-08T21:16:26.8811251Z ✔ schema rejects nonfinite, malformed, oversized and additional fields (1.614841ms)
2026-10-08T21:16:26.8812349Z ✔ settings, distinct rosters and mode balancing are explicit (0.941464ms)
2026-10-08T21:16:26.8813847Z ✔ factory clones injected content and keeps the exact shared init signature (2.320316ms)
2026-10-08T21:16:26.8815014Z ✔ first appearances have ten-second demos using a distinct unscored row (0.667889ms)
2026-10-08T21:16:26.8816116Z ✔ bad contextual answers and repeated submissions preserve identity (1.018388ms)
2026-10-08T21:16:26.8817265Z ✔ all answers close a quick round and the last round doubles each award once (0.731844ms)
2026-10-08T21:16:26.8818500Z ✔ empty and format-only fakes are rejected; normalization merges equivalent text (0.422296ms)
2026-10-08T21:16:26.8819666Z ✔ duplicate fake authors share credit, own votes are invalid, option IDs are anonymous (0.5872ms)
2026-10-08T21:16:26.8821028Z ✔ correct writes receive truth credit once and private confirmation without a vote (0.447954ms)
2026-10-08T21:16:26.8822075Z ✔ fooled-vote credit is independent of author/voter seat order (0.374294ms)
2026-10-08T21:16:26.8834039Z ✔ live answers, other inputs, fake authors and vote choices stay private until reveal (1.086929ms)
2026-10-08T21:16:26.8836115Z ✔ views are detached copies and spectators never gain private controls (0.296869ms)
2026-10-08T21:16:26.8837304Z ✔ stale and early timers, wrong phases, spectators and unknown events preserve state (0.250791ms)
2026-10-08T21:16:26.8838517Z ✔ pause freezes input/timers, shifts deadlines, and resumes a drop-finished phase (0.347545ms)
2026-10-08T21:16:26.8839657Z ✔ disconnect/leave preserve result seats and an unknown drop is ignored (0.189311ms)
2026-10-08T21:16:26.8840729Z ✔ all phases exit on deadlines or VIP skip and ended games ignore play (7.959468ms)
2026-10-08T21:16:26.8841889Z ✔ bots use only public/own data, remain deterministic, and distinguish real strategies (10.043625ms)
2026-10-08T21:16:26.8842958Z ✔ game modules contain no host entropy, clock, timers, network or I/O (0.854115ms)
2026-10-08T21:16:26.8844649Z ✔ strong bots read short public years and explicit eras without seeing the answer (0.4792ms)
2026-10-08T21:16:26.8845731Z ✔ all bot skills submit legal answers on tiny numbers and negative-only century ranges (46.925396ms)
2026-10-08T21:16:26.8856587Z ✔ controller defaults stay inside fractional and one-sided date bounds (0.363869ms)
2026-10-08T21:16:26.8857888Z ✔ medium bluffs follow the public two-word hint in every bluff realm (1.502144ms)
2026-10-08T21:16:26.8859088Z ✔ catalog rejects whitespace and format-only truths before a blank vote can be created (10.568332ms)
2026-10-08T21:16:26.8860355Z ✔ manifest bytes and all seven phase fixtures use the contract and play to completion (26.298422ms)
2026-10-08T21:16:26.8861541Z ✔ property replay seeds 1/2/3 plus 1000 random seeded event streams (11251.102015ms)
2026-10-08T21:16:26.8862312Z ✔ 1000 complete bot games: 2 seats quick (750.646705ms)
2026-10-08T21:16:26.8863152Z ✔ 1000 complete bot games: 3 seats quick (1229.830794ms)
2026-10-08T21:16:26.8863860Z ✔ 1000 complete bot games: 4 seats quick (1860.765389ms)
2026-10-08T21:16:26.8864456Z ✔ 1000 complete bot games: 5 seats quick (2664.413438ms)
2026-10-08T21:16:26.8865032Z ✔ 1000 complete bot games: 6 seats quick (3662.352495ms)
2026-10-08T21:16:26.8865537Z ✔ 1000 complete bot games: 7 seats quick (4801.971552ms)
2026-10-08T21:16:26.8866122Z ✔ 1000 complete bot games: 8 seats quick (6094.029005ms)
2026-10-08T21:16:26.8866701Z ✔ 1000 complete bot games: 2 seats mixed (1516.653191ms)
2026-10-08T21:16:26.8867164Z ✔ 1000 complete bot games: 3 seats mixed (2810.891574ms)
2026-10-08T21:16:26.8875141Z ✔ 1000 complete bot games: 4 seats mixed (4695.229736ms)
2026-10-08T21:16:26.8876425Z ✔ 1000 complete bot games: 5 seats mixed (7213.393372ms)
2026-10-08T21:16:26.8877278Z ✔ 1000 complete bot games: 6 seats mixed (10347.468822ms)
2026-10-08T21:16:26.8878059Z ✔ 1000 complete bot games: 7 seats mixed (14393.619519ms)
2026-10-08T21:16:26.8878848Z ✔ 1000 complete bot games: 8 seats mixed (19371.489149ms)
2026-10-08T21:16:26.8879641Z ✔ 1000 complete bot games: 2 seats bluff (2098.370653ms)
2026-10-08T21:16:26.8880446Z ✔ 1000 complete bot games: 3 seats bluff (4308.635365ms)
2026-10-08T21:16:26.8881168Z ✔ 1000 complete bot games: 4 seats bluff (7628.58847ms)
2026-10-08T21:16:26.8882025Z ✔ 1000 complete bot games: 5 seats bluff (12378.647377ms)
2026-10-08T21:16:26.8882786Z ✔ 1000 complete bot games: 6 seats bluff (18385.242121ms)
2026-10-08T21:16:26.8883801Z ✔ 1000 complete bot games: 7 seats bluff (26386.058155ms)
2026-10-08T21:16:26.8884625Z ✔ 1000 complete bot games: 8 seats bluff (36372.167056ms)
2026-10-08T21:16:26.8885557Z ✔ 1000 timer-only rosters finish inside estimatedMinutes × 3 (61.146279ms)
2026-10-08T21:16:26.9250416Z ℹ tests 51
2026-10-08T21:16:26.9250729Z ℹ suites 0
2026-10-08T21:16:26.9250993Z ℹ pass 51
2026-10-08T21:16:26.9251178Z ℹ fail 0
2026-10-08T21:16:26.9251393Z ℹ cancelled 0
2026-10-08T21:16:26.9251602Z ℹ skipped 0
2026-10-08T21:16:26.9251777Z ℹ todo 0
2026-10-08T21:16:26.9251989Z ℹ duration_ms 200740.239642
2026-10-08T21:16:26.9960416Z {
2026-10-08T21:16:26.9961062Z   cases: 10000,
2026-10-08T21:16:26.9961613Z   edgeCases: 14,
2026-10-08T21:16:26.9962035Z   mismatches: 0,
2026-10-08T21:16:26.9962567Z   scaleInvariance: 'passed',
2026-10-08T21:16:26.9963011Z   reciprocalSymmetry: 'passed',
2026-10-08T21:16:26.9963646Z   forms: [ 'min/max ratio', 'absolute difference of logarithms' ]
2026-10-08T21:16:26.9964093Z }
2026-10-08T21:16:28.0330450Z {
2026-10-08T21:16:28.0330779Z   cases: 10000,
2026-10-08T21:16:28.0331054Z   mismatches: 0,
2026-10-08T21:16:28.0331346Z   lastRounds: 5000,
2026-10-08T21:16:28.0331708Z   duplicateAuthorCases: 32711,
2026-10-08T21:16:28.0332048Z   correctWrites: 7381,
2026-10-08T21:16:28.0332314Z   implementations: [
2026-10-08T21:16:28.0332619Z     'production voter accumulation',
2026-10-08T21:16:28.0333048Z     'independent author accumulation from raw text'
2026-10-08T21:16:28.0333776Z   ]
2026-10-08T21:16:28.0334001Z }
2026-10-08T21:16:28.1999994Z {
2026-10-08T21:16:28.2000343Z   actions: 9000,
2026-10-08T21:16:28.2000938Z   invalid: 0,
2026-10-08T21:16:28.2001114Z   results: [
2026-10-08T21:16:28.2001270Z     {
2026-10-08T21:16:28.2001441Z       kind: 'number',
2026-10-08T21:16:28.2001631Z       min: 1e-200,
2026-10-08T21:16:28.2001802Z       max: 1e-180,
2026-10-08T21:16:28.2001971Z       skill: 'easy',
2026-10-08T21:16:28.2002146Z       actions: 1000,
2026-10-08T21:16:28.2002308Z       invalid: 0
2026-10-08T21:16:28.2002468Z     },
2026-10-08T21:16:28.2002620Z     {
2026-10-08T21:16:28.2002769Z       kind: 'number',
2026-10-08T21:16:28.2002942Z       min: 1e-200,
2026-10-08T21:16:28.2003108Z       max: 1e-180,
2026-10-08T21:16:28.2003460Z       skill: 'normal',
2026-10-08T21:16:28.2003644Z       actions: 1000,
2026-10-08T21:16:28.2003817Z       invalid: 0
2026-10-08T21:16:28.2004083Z     },
2026-10-08T21:16:28.2004313Z     {
2026-10-08T21:16:28.2004740Z       kind: 'number',
2026-10-08T21:16:28.2004986Z       min: 1e-200,
2026-10-08T21:16:28.2005213Z       max: 1e-180,
2026-10-08T21:16:28.2005456Z       skill: 'sharp',
2026-10-08T21:16:28.2005717Z       actions: 1000,
2026-10-08T21:16:28.2005961Z       invalid: 0
2026-10-08T21:16:28.2006175Z     },
2026-10-08T21:16:28.2006370Z     {
2026-10-08T21:16:28.2006578Z       kind: 'number',
2026-10-08T21:16:28.2006821Z       min: 5e-324,
2026-10-08T21:16:28.2007052Z       max: 1e-310,
2026-10-08T21:16:28.2007282Z       skill: 'easy',
2026-10-08T21:16:28.2007526Z       actions: 1000,
2026-10-08T21:16:28.2007778Z       invalid: 0
2026-10-08T21:16:28.2008003Z     },
2026-10-08T21:16:28.2008200Z     {
2026-10-08T21:16:28.2008403Z       kind: 'number',
2026-10-08T21:16:28.2008638Z       min: 5e-324,
2026-10-08T21:16:28.2008870Z       max: 1e-310,
2026-10-08T21:16:28.2009098Z       skill: 'normal',
2026-10-08T21:16:28.2009344Z       actions: 1000,
2026-10-08T21:16:28.2009590Z       invalid: 0
2026-10-08T21:16:28.2009814Z     },
2026-10-08T21:16:28.2010012Z     {
2026-10-08T21:16:28.2010225Z       kind: 'number',
2026-10-08T21:16:28.2010466Z       min: 5e-324,
2026-10-08T21:16:28.2010712Z       max: 1e-310,
2026-10-08T21:16:28.2010941Z       skill: 'sharp',
2026-10-08T21:16:28.2011184Z       actions: 1000,
2026-10-08T21:16:28.2011417Z       invalid: 0
2026-10-08T21:16:28.2011645Z     },
2026-10-08T21:16:28.2011858Z     {
2026-10-08T21:16:28.2012067Z       kind: 'century',
2026-10-08T21:16:28.2012422Z       min: -1,
2026-10-08T21:16:28.2012668Z       max: 0,
2026-10-08T21:16:28.2012882Z       skill: 'easy',
2026-10-08T21:16:28.2013125Z       actions: 1000,
2026-10-08T21:16:28.2013488Z       invalid: 0
2026-10-08T21:16:28.2013715Z     },
2026-10-08T21:16:28.2013923Z     {
2026-10-08T21:16:28.2014138Z       kind: 'century',
2026-10-08T21:16:28.2014394Z       min: -1,
2026-10-08T21:16:28.2014615Z       max: 0,
2026-10-08T21:16:28.2014825Z       skill: 'normal',
2026-10-08T21:16:28.2015071Z       actions: 1000,
2026-10-08T21:16:28.2015312Z       invalid: 0
2026-10-08T21:16:28.2015538Z     },
2026-10-08T21:16:28.2015744Z     {
2026-10-08T21:16:28.2015959Z       kind: 'century',
2026-10-08T21:16:28.2016225Z       min: -1,
2026-10-08T21:16:28.2016456Z       max: 0,
2026-10-08T21:16:28.2016692Z       skill: 'sharp',
2026-10-08T21:16:28.2016949Z       actions: 1000,
2026-10-08T21:16:28.2017198Z       invalid: 0
2026-10-08T21:16:28.2017433Z     }
2026-10-08T21:16:28.2017642Z   ]
2026-10-08T21:16:28.2017849Z }
2026-10-08T21:16:28.3404341Z {
2026-10-08T21:16:28.3404805Z   samples: 300,
2026-10-08T21:16:28.3405196Z   twoWords: 300,
2026-10-08T21:16:28.3405554Z   invalid: 0,
2026-10-08T21:16:28.3405834Z   results: [
2026-10-08T21:16:28.3406076Z     {
2026-10-08T21:16:28.3406428Z       realm: 'real-town-or-fake',
2026-10-08T21:16:28.3406812Z       samples: 100,
2026-10-08T21:16:28.3407129Z       twoWords: 100,
2026-10-08T21:16:28.3407449Z       invalid: 0
2026-10-08T21:16:28.3407738Z     },
2026-10-08T21:16:28.3408009Z     {
2026-10-08T21:16:28.3408321Z       realm: 'patent-pending',
2026-10-08T21:16:28.3438546Z       samples: 100,
2026-10-08T21:16:28.3440427Z       twoWords: 100,
2026-10-08T21:16:28.3441467Z       invalid: 0
2026-10-08T21:16:28.3441649Z     },
2026-10-08T21:16:28.3441935Z     { realm: 'do-not-use', samples: 100, twoWords: 100, invalid: 0 }
2026-10-08T21:16:28.3442230Z   ]
2026-10-08T21:16:28.3442383Z }
2026-10-08T21:16:32.5689298Z {
2026-10-08T21:16:32.5689610Z   randomSeed: 100933670,
2026-10-08T21:16:32.5689970Z   states: 7000,
2026-10-08T21:16:32.5690238Z   ignoredEvents: 195000,
2026-10-08T21:16:32.5690594Z   pausedEvents: 30000,
2026-10-08T21:16:32.5690895Z   privateComparisons: 60000,
2026-10-08T21:16:32.5691215Z   botComparisons: 90000,
2026-10-08T21:16:32.5691510Z   acceptedActions: 36000,
2026-10-08T21:16:32.5691803Z   detachedViews: 49000,
2026-10-08T21:16:32.5692086Z   failures: 0,
2026-10-08T21:16:32.5692323Z   phases: [
2026-10-08T21:16:32.5692546Z     {
2026-10-08T21:16:32.5692782Z       phase: 'wheel',
2026-10-08T21:16:32.5693490Z       samples: 1000,
2026-10-08T21:16:32.5693763Z       ignoredEvents: 28000,
2026-10-08T21:16:32.5694058Z       pausedEvents: 5000,
2026-10-08T21:16:32.5694420Z       privateComparisons: 12000,
2026-10-08T21:16:32.5694709Z       botComparisons: 18000,
2026-10-08T21:16:32.5694909Z       acceptedActions: 0,
2026-10-08T21:16:32.5695098Z       detachedViews: 7000
2026-10-08T21:16:32.5695272Z     },
2026-10-08T21:16:32.5695417Z     {
2026-10-08T21:16:32.5695573Z       phase: 'demo',
2026-10-08T21:16:32.5695744Z       samples: 1000,
2026-10-08T21:16:32.5695929Z       ignoredEvents: 28000,
2026-10-08T21:16:32.5696126Z       pausedEvents: 5000,
2026-10-08T21:16:32.5696344Z       privateComparisons: 12000,
2026-10-08T21:16:32.5696550Z       botComparisons: 18000,
2026-10-08T21:16:32.5696742Z       acceptedActions: 0,
2026-10-08T21:16:32.5696945Z       detachedViews: 7000
2026-10-08T21:16:32.5697137Z     },
2026-10-08T21:16:32.5697291Z     {
2026-10-08T21:16:32.5697448Z       phase: 'answer',
2026-10-08T21:16:32.5697634Z       samples: 1000,
2026-10-08T21:16:32.5697807Z       ignoredEvents: 28000,
2026-10-08T21:16:32.5698017Z       pausedEvents: 5000,
2026-10-08T21:16:32.5698250Z       privateComparisons: 12000,
2026-10-08T21:16:32.5698467Z       botComparisons: 18000,
2026-10-08T21:16:32.5698665Z       acceptedActions: 9000,
2026-10-08T21:16:32.5698861Z       detachedViews: 7000
2026-10-08T21:16:32.5699037Z     },
2026-10-08T21:16:32.5699185Z     {
2026-10-08T21:16:32.5699339Z       phase: 'write',
2026-10-08T21:16:32.5699516Z       samples: 1000,
2026-10-08T21:16:32.5699694Z       ignoredEvents: 28000,
2026-10-08T21:16:32.5699885Z       pausedEvents: 5000,
2026-10-08T21:16:32.5700094Z       privateComparisons: 12000,
2026-10-08T21:16:32.5700301Z       botComparisons: 18000,
2026-10-08T21:16:32.5700503Z       acceptedActions: 9000,
2026-10-08T21:16:32.5700718Z       detachedViews: 7000
2026-10-08T21:16:32.5700909Z     },
2026-10-08T21:16:32.5701059Z     {
2026-10-08T21:16:32.5701215Z       phase: 'vote',
2026-10-08T21:16:32.5701397Z       samples: 1000,
2026-10-08T21:16:32.5701572Z       ignoredEvents: 28000,
2026-10-08T21:16:32.5701793Z       pausedEvents: 5000,
2026-10-08T21:16:32.5702008Z       privateComparisons: 12000,
2026-10-08T21:16:32.5702221Z       botComparisons: 18000,
2026-10-08T21:16:32.5702416Z       acceptedActions: 9000,
2026-10-08T21:16:32.5702611Z       detachedViews: 7000
2026-10-08T21:16:32.5702786Z     },
2026-10-08T21:16:32.5702929Z     {
2026-10-08T21:16:32.5703083Z       phase: 'reveal',
2026-10-08T21:16:32.5703407Z       samples: 1000,
2026-10-08T21:16:32.5703663Z       ignoredEvents: 28000,
2026-10-08T21:16:32.5703939Z       pausedEvents: 5000,
2026-10-08T21:16:32.5704208Z       privateComparisons: 0,
2026-10-08T21:16:32.5704500Z       botComparisons: 0,
2026-10-08T21:16:32.5704776Z       acceptedActions: 9000,
2026-10-08T21:16:32.5705054Z       detachedViews: 7000
2026-10-08T21:16:32.5705301Z     },
2026-10-08T21:16:32.5705501Z     {
2026-10-08T21:16:32.5705710Z       phase: 'done',
2026-10-08T21:16:32.5705964Z       samples: 1000,
2026-10-08T21:16:32.5706213Z       ignoredEvents: 27000,
2026-10-08T21:16:32.5706485Z       pausedEvents: 0,
2026-10-08T21:16:32.5706944Z       privateComparisons: 0,
2026-10-08T21:16:32.5707226Z       botComparisons: 0,
2026-10-08T21:16:32.5707510Z       acceptedActions: 0,
2026-10-08T21:16:32.5707786Z       detachedViews: 7000
2026-10-08T21:16:32.5708043Z     }
2026-10-08T21:16:32.5708256Z   ]
2026-10-08T21:16:32.5708456Z }
2026-10-08T21:16:32.8729847Z {
2026-10-08T21:16:32.8730179Z   samplerSeed: 100925447,
2026-10-08T21:16:32.8730514Z   rows: 10000,
2026-10-08T21:16:32.8730972Z   byKind: { number: 2500, century: 2500, decade: 2500, choice: 2500 },
2026-10-08T21:16:32.8731417Z   actions: 30000,
2026-10-08T21:16:32.8731646Z   defaults: 7500,
2026-10-08T21:16:32.8731905Z   invalid: 0,
2026-10-08T21:16:32.8732152Z   blankTruthsRejected: 4,
2026-10-08T21:16:32.8732446Z   blankTruthsTested: 4
2026-10-08T21:16:32.8732728Z }
2026-10-08T21:16:45.1182569Z {
2026-10-08T21:16:45.1182917Z   samplerSeed: 100925456,
2026-10-08T21:16:45.1183240Z   games: 1000,
2026-10-08T21:16:45.1183681Z   bySeats: {
2026-10-08T21:16:45.1183957Z     '2': 143,
2026-10-08T21:16:45.1184184Z     '3': 143,
2026-10-08T21:16:45.1184393Z     '4': 143,
2026-10-08T21:16:45.1184584Z     '5': 143,
2026-10-08T21:16:45.1184800Z     '6': 143,
2026-10-08T21:16:45.1185025Z     '7': 143,
2026-10-08T21:16:45.1185242Z     '8': 142
2026-10-08T21:16:45.1185469Z   },
2026-10-08T21:16:45.1185803Z   byMode: { quick: 334, mixed: 333, bluff: 333 },
2026-10-08T21:16:45.1186222Z   prototypeRosters: 50,
2026-10-08T21:16:45.1186517Z   inputs: 42227,
2026-10-08T21:16:45.1186807Z   timers: 21906,
2026-10-08T21:16:45.1187046Z   pauses: 5347,
2026-10-08T21:16:45.1187300Z   presenceEvents: 16585,
2026-10-08T21:16:45.1187598Z   permanentLeaves: 2273,
2026-10-08T21:16:45.1187875Z   staleChecks: 585,
2026-10-08T21:16:45.1188125Z   maxSteps: 153,
2026-10-08T21:16:45.1188362Z   failures: 0
2026-10-08T21:16:45.1188604Z }
2026-10-08T21:16:46.1064162Z stale phase accepted KILLED
2026-10-08T21:16:46.5427411Z stale nonce accepted KILLED
2026-10-08T21:16:46.9770986Z early timer accepted KILLED
2026-10-08T21:16:47.4153892Z paused play accepted KILLED
2026-10-08T21:16:47.8491360Z prototype spectator becomes player KILLED
2026-10-08T21:16:48.2835687Z century zero accepted KILLED
2026-10-08T21:16:48.7312320Z nondecade answer accepted KILLED
2026-10-08T21:16:49.1593798Z out-of-range estimate accepted KILLED
2026-10-08T21:16:49.6025469Z answer can be replaced KILLED
2026-10-08T21:16:50.0352230Z own fake vote accepted KILLED
2026-10-08T21:16:50.4677808Z duplicate author lost KILLED
2026-10-08T21:16:50.9035781Z fake case normalization lost KILLED
2026-10-08T21:16:51.3415278Z correct write earns nothing KILLED
2026-10-08T21:16:51.7748254Z fooled credit removed KILLED
2026-10-08T21:16:52.2148410Z truth overwrites earlier fooled credit KILLED
2026-10-08T21:16:52.6612935Z last round not doubled KILLED
2026-10-08T21:16:53.0785344Z results never returned KILLED
2026-10-08T21:16:53.5199488Z left seat omitted from ranking KILLED
2026-10-08T21:16:53.9630432Z pause duration lost KILLED
2026-10-08T21:16:54.4034246Z resume remains paused KILLED
2026-10-08T21:16:54.8359554Z demo only one second KILLED
2026-10-08T21:16:55.2663057Z every repeat gets demo KILLED
2026-10-08T21:16:55.6989335Z demo reveals live row KILLED
2026-10-08T21:16:56.1483707Z live answer leaks in projection KILLED
2026-10-08T21:16:56.5731508Z phone gets another private answer KILLED
2026-10-08T21:16:58.1333494Z {
2026-10-08T21:16:58.1333834Z   mode: 'quick',
2026-10-08T21:16:58.1334123Z   a: 'sharp',
2026-10-08T21:16:58.1334375Z   b: 'normal',
2026-10-08T21:16:58.1334623Z   games: 2000,
2026-10-08T21:16:58.1334874Z   firstSeed: 1,
2026-10-08T21:16:58.1335148Z   lastSeed: 2000,
2026-10-08T21:16:58.1335413Z   wins: 1790,
2026-10-08T21:16:58.1335675Z   losses: 210,
2026-10-08T21:16:58.1335930Z   ties: 0,
2026-10-08T21:16:58.1336182Z   winRate: 0.895,
2026-10-08T21:16:58.1336615Z   confidence95: [ 0.8815647039481819, 0.9084352960518182 ],
2026-10-08T21:16:58.1337093Z   steps: 74000,
2026-10-08T21:16:58.1338037Z   scope: 'fictional workshop rows; public clues and own controller only'
2026-10-08T21:16:58.1338541Z }
2026-10-08T21:16:59.5041015Z {
2026-10-08T21:16:59.5041247Z   mode: 'quick',
2026-10-08T21:16:59.5041447Z   a: 'normal',
2026-10-08T21:16:59.5041617Z   b: 'easy',
2026-10-08T21:16:59.5041776Z   games: 2000,
2026-10-08T21:16:59.5041936Z   firstSeed: 1,
2026-10-08T21:16:59.5042109Z   lastSeed: 2000,
2026-10-08T21:16:59.5042280Z   wins: 1969,
2026-10-08T21:16:59.5042436Z   losses: 31,
2026-10-08T21:16:59.5042600Z   ties: 0,
2026-10-08T21:16:59.5042755Z   winRate: 0.9845,
2026-10-08T21:16:59.5043009Z   confidence95: [ 0.9790860432399215, 0.9899139567600785 ],
2026-10-08T21:16:59.5043448Z   steps: 74000,
2026-10-08T21:16:59.5043741Z   scope: 'fictional workshop rows; public clues and own controller only'
2026-10-08T21:16:59.5044026Z }
2026-10-08T21:17:02.4648946Z {
2026-10-08T21:17:02.4649598Z   mode: 'mixed',
2026-10-08T21:17:02.4649802Z   a: 'sharp',
2026-10-08T21:17:02.4649972Z   b: 'normal',
2026-10-08T21:17:02.4650137Z   games: 2000,
2026-10-08T21:17:02.4650311Z   firstSeed: 1,
2026-10-08T21:17:02.4650487Z   lastSeed: 2000,
2026-10-08T21:17:02.4650654Z   wins: 1971,
2026-10-08T21:17:02.4650816Z   losses: 21,
2026-10-08T21:17:02.4650966Z   ties: 8,
2026-10-08T21:17:02.4651120Z   winRate: 0.9855,
2026-10-08T21:17:02.4651386Z   confidence95: [ 0.9802609397980172, 0.9907390602019829 ],
2026-10-08T21:17:02.4651645Z   steps: 93917,
2026-10-08T21:17:02.4651963Z   scope: 'fictional workshop rows; public clues and own controller only'
2026-10-08T21:17:02.4652259Z }
2026-10-08T21:17:05.3350758Z {
2026-10-08T21:17:05.3350994Z   mode: 'mixed',
2026-10-08T21:17:05.3351199Z   a: 'normal',
2026-10-08T21:17:05.3360424Z   b: 'easy',
2026-10-08T21:17:05.3360705Z   games: 2000,
2026-10-08T21:17:05.3360930Z   firstSeed: 1,
2026-10-08T21:17:05.3361185Z   lastSeed: 2000,
2026-10-08T21:17:05.3361428Z   wins: 1988,
2026-10-08T21:17:05.3361679Z   losses: 12,
2026-10-08T21:17:05.3361911Z   ties: 0,
2026-10-08T21:17:05.3362076Z   winRate: 0.994,
2026-10-08T21:17:05.3362340Z   confidence95: [ 0.9906153801986043, 0.9973846198013957 ],
2026-10-08T21:17:05.3362628Z   steps: 94000,
2026-10-08T21:17:05.3362939Z   scope: 'fictional workshop rows; public clues and own controller only'
2026-10-08T21:17:05.3363394Z }
2026-10-08T21:17:09.3975124Z {
2026-10-08T21:17:09.3975457Z   mode: 'bluff',
2026-10-08T21:17:09.3975759Z   a: 'sharp',
2026-10-08T21:17:09.3976033Z   b: 'normal',
2026-10-08T21:17:09.3976300Z   games: 2000,
2026-10-08T21:17:09.3976560Z   firstSeed: 1,
2026-10-08T21:17:09.3976833Z   lastSeed: 2000,
2026-10-08T21:17:09.3977101Z   wins: 1987,
2026-10-08T21:17:09.3977351Z   losses: 0,
2026-10-08T21:17:09.3977595Z   ties: 13,
2026-10-08T21:17:09.3977849Z   winRate: 0.9935,
2026-10-08T21:17:09.3978262Z   confidence95: [ 0.9899780621527348, 0.9970219378472653 ],
2026-10-08T21:17:09.3978679Z   steps: 101864,
2026-10-08T21:17:09.3979199Z   scope: 'fictional workshop rows; public clues and own controller only'
2026-10-08T21:17:09.3979670Z }
2026-10-08T21:17:13.4362055Z {
2026-10-08T21:17:13.4362401Z   mode: 'bluff',
2026-10-08T21:17:13.4362687Z   a: 'normal',
2026-10-08T21:17:13.4362874Z   b: 'easy',
2026-10-08T21:17:13.4363051Z   games: 2000,
2026-10-08T21:17:13.4363219Z   firstSeed: 1,
2026-10-08T21:17:13.4363555Z   lastSeed: 2000,
2026-10-08T21:17:13.4363733Z   wins: 1992,
2026-10-08T21:17:13.4363956Z   losses: 0,
2026-10-08T21:17:13.4364180Z   ties: 8,
2026-10-08T21:17:13.4364392Z   winRate: 0.996,
2026-10-08T21:17:13.4364754Z   confidence95: [ 0.9932336906897457, 0.9987663093102543 ],
2026-10-08T21:17:13.4365188Z   steps: 102000,
2026-10-08T21:17:13.4365618Z   scope: 'fictional workshop rows; public clues and own controller only'
2026-10-08T21:17:13.4366033Z }
2026-10-08T21:17:15.0791633Z {
2026-10-08T21:17:15.0791938Z   mode: 'quick',
2026-10-08T21:17:15.0792216Z   a: 'sharp',
2026-10-08T21:17:15.0792480Z   b: 'normal',
2026-10-08T21:17:15.0792758Z   games: 2000,
2026-10-08T21:17:15.0793002Z   firstSeed: 2001,
2026-10-08T21:17:15.0793417Z   lastSeed: 4000,
2026-10-08T21:17:15.0793672Z   wins: 1786,
2026-10-08T21:17:15.0794353Z   losses: 214,
2026-10-08T21:17:15.0794594Z   ties: 0,
2026-10-08T21:17:15.0794782Z   winRate: 0.893,
2026-10-08T21:17:15.0795047Z   confidence95: [ 0.8794525145949516, 0.9065474854050485 ],
2026-10-08T21:17:15.0795320Z   steps: 74000,
2026-10-08T21:17:15.0795620Z   scope: 'fictional workshop rows; public clues and own controller only'
2026-10-08T21:17:15.0795931Z }
2026-10-08T21:17:16.5058369Z {
2026-10-08T21:17:16.5058691Z   mode: 'quick',
2026-10-08T21:17:16.5058914Z   a: 'normal',
2026-10-08T21:17:16.5059094Z   b: 'easy',
2026-10-08T21:17:16.5059264Z   games: 2000,
2026-10-08T21:17:16.5059441Z   firstSeed: 2001,
2026-10-08T21:17:16.5059617Z   lastSeed: 4000,
2026-10-08T21:17:16.5059794Z   wins: 1949,
2026-10-08T21:17:16.5059974Z   losses: 51,
2026-10-08T21:17:16.5060129Z   ties: 0,
2026-10-08T21:17:16.5060759Z   winRate: 0.9745,
2026-10-08T21:17:16.5061025Z   confidence95: [ 0.9675912085137848, 0.9814087914862153 ],
2026-10-08T21:17:16.5061300Z   steps: 74000,
2026-10-08T21:17:16.5061607Z   scope: 'fictional workshop rows; public clues and own controller only'
2026-10-08T21:17:16.5061917Z }
2026-10-08T21:17:19.5220302Z {
2026-10-08T21:17:19.5220613Z   mode: 'mixed',
2026-10-08T21:17:19.5220889Z   a: 'sharp',
2026-10-08T21:17:19.5221140Z   b: 'normal',
2026-10-08T21:17:19.5221384Z   games: 2000,
2026-10-08T21:17:19.5221644Z   firstSeed: 2001,
2026-10-08T21:17:19.5221916Z   lastSeed: 4000,
2026-10-08T21:17:19.5222178Z   wins: 1973,
2026-10-08T21:17:19.5222407Z   losses: 18,
2026-10-08T21:17:19.5222632Z   ties: 9,
2026-10-08T21:17:19.5222872Z   winRate: 0.9865,
2026-10-08T21:17:19.5223195Z   confidence95: [ 0.9814422599710939, 0.9915577400289062 ],
2026-10-08T21:17:19.5223616Z   steps: 93916,
2026-10-08T21:17:19.5223924Z   scope: 'fictional workshop rows; public clues and own controller only'
2026-10-08T21:17:19.5224284Z }
2026-10-08T21:17:22.4878442Z {
2026-10-08T21:17:22.4878736Z   mode: 'mixed',
2026-10-08T21:17:22.4879026Z   a: 'normal',
2026-10-08T21:17:22.4879202Z   b: 'easy',
2026-10-08T21:17:22.4879404Z   games: 2000,
2026-10-08T21:17:22.4879582Z   firstSeed: 2001,
2026-10-08T21:17:22.4879760Z   lastSeed: 4000,
2026-10-08T21:17:22.4879925Z   wins: 1988,
2026-10-08T21:17:22.4880097Z   losses: 11,
2026-10-08T21:17:22.4880263Z   ties: 1,
2026-10-08T21:17:22.4880428Z   winRate: 0.994,
2026-10-08T21:17:22.4880687Z   confidence95: [ 0.9906153801986043, 0.9973846198013957 ],
2026-10-08T21:17:22.4880970Z   steps: 94000,
2026-10-08T21:17:22.4881273Z   scope: 'fictional workshop rows; public clues and own controller only'
2026-10-08T21:17:22.4881578Z }
2026-10-08T21:17:26.6667497Z {
2026-10-08T21:17:26.6667809Z   mode: 'bluff',
2026-10-08T21:17:26.6668090Z   a: 'sharp',
2026-10-08T21:17:26.6668261Z   b: 'normal',
2026-10-08T21:17:26.6668431Z   games: 2000,
2026-10-08T21:17:26.6668603Z   firstSeed: 2001,
2026-10-08T21:17:26.6668813Z   lastSeed: 4000,
2026-10-08T21:17:26.6668986Z   wins: 1987,
2026-10-08T21:17:26.6669148Z   losses: 0,
2026-10-08T21:17:26.6669302Z   ties: 13,
2026-10-08T21:17:26.6669472Z   winRate: 0.9935,
2026-10-08T21:17:26.6669734Z   confidence95: [ 0.9899780621527348, 0.9970219378472653 ],
2026-10-08T21:17:26.6670005Z   steps: 101845,
2026-10-08T21:17:26.6670300Z   scope: 'fictional workshop rows; public clues and own controller only'
2026-10-08T21:17:26.6670615Z }
2026-10-08T21:17:30.8525162Z {
2026-10-08T21:17:30.8525485Z   mode: 'bluff',
2026-10-08T21:17:30.8525764Z   a: 'normal',
2026-10-08T21:17:30.8525992Z   b: 'easy',
2026-10-08T21:17:30.8526157Z   games: 2000,
2026-10-08T21:17:30.8526326Z   firstSeed: 2001,
2026-10-08T21:17:30.8526506Z   lastSeed: 4000,
2026-10-08T21:17:30.8526674Z   wins: 1991,
2026-10-08T21:17:30.8526838Z   losses: 0,
2026-10-08T21:17:30.8526995Z   ties: 9,
2026-10-08T21:17:30.8527155Z   winRate: 0.9955,
2026-10-08T21:17:30.8527421Z   confidence95: [ 0.9925666224586666, 0.9984333775413335 ],
2026-10-08T21:17:30.8527755Z   steps: 102000,
2026-10-08T21:17:30.8528055Z   scope: 'fictional workshop rows; public clues and own controller only'
2026-10-08T21:17:30.8528613Z }
2026-10-08T21:17:31.0067296Z Offline HTML verified: 494865 bytes
2026-10-08T21:17:31.4665098Z {"startedAt":"2026-10-08T21:17:31.323Z","pid":4954,"htmlSha256":"e5701ea67a70424bd205ae6ff303fa34de9922b80bb72449fb5ea80b2eff984b"}
2026-10-08T21:17:35.2726013Z Late-input regression 8/8 passed; actual file, covered handover, timer-first scores, offline and source guards verified
2026-10-08T21:17:43.0922342Z Actual compiled host mutant: old6 PASS, current8 kills exactly2 deadline-boundary cases; original UI/HTML and all guarded sources restored
2026-10-08T21:17:59.2666367Z G04_RAW_PROFILE {"htmlSha256":"e5701ea67a70424bd205ae6ff303fa34de9922b80bb72449fb5ea80b2eff984b","htmlSha256AtEnd":"e5701ea67a70424bd205ae6ff303fa34de9922b80bb72449fb5ea80b2eff984b","sourceHashesAtStart":{"play.html":"e5701ea67a70424bd205ae6ff303fa34de9922b80bb72449fb5ea80b2eff984b","ui.ts":"57b121f75a3a4e145017b4bdfa83bb677be95b9c87859ccb3e03388f340f6d6c","core.ts":"95948fd63963c79e60a526a392f6a1cff532933d309f093761b71d7b182282c1","bots.ts":"5b001d5fd5a573022c24643a3936e53e80df9797ebaea1c4b47efaaab149ae6a","samples.ts":"c83851b5a980b3393f486863e817058e223f5ed3942b115e1f2a0c73b5579f80","samples.json":"2ab29c2d1f1ae72f99d4c75e2a332f679a1d617181fb31cd64a6ec1a1170b39d","manifest.json":"cb2e43b471a4a4d6bb8a0c94c9d2ef9d9bb849a6ec92be19811887becada775e","scoring.ts":"9b14e083e0386b22e8cf864a64a1664daff5a5540f8ab9b49ce3ba250dd28033","estimates.ts":"00b3db5cd3368012af5059623338da50545cf9ffdadc38de52e8ff4cf63e5c06","build.ts":"7d087f5773b0883efce2eb4f947d62b45cf3c640a81e30a44e0e81866838b7e4","shell.html":"70dbc736013e06ecea558efa0365431dcae3fb70fe335588b9ac82c2b7e09ec4","browser.ts":"ec8ad1aacbcd679444fdf2ef9739a2b4a09bd903c89fde265ac0b1021662a071","capture-encoder.ts":"9dc486aabdfcb097a4126a2dc985d9a03e857a32aeacd8ff9bfa69bc4e52adba","THIRD-PARTY-LICENSES.md":"6a2ce916c1ad23e0b6f7fb8a47fbe9b81b868ceb5d8bc783b0f69a5ed80c6a11","../../contract/contract.ts":"c0f999c153074769c99c67ab2a71ad66c879e45e834713f3367b2bde4a1873d5","../../contract/rng.ts":"7cfcf3024723607e8dd1ce6ccc5683a48d71fcc617947304cc5b9f6d3d7842fe"},"sourceHashesAtEnd":{"play.html":"e5701ea67a70424bd205ae6ff303fa34de9922b80bb72449fb5ea80b2eff984b","ui.ts":"57b121f75a3a4e145017b4bdfa83bb677be95b9c87859ccb3e03388f340f6d6c","core.ts":"95948fd63963c79e60a526a392f6a1cff532933d309f093761b71d7b182282c1","bots.ts":"5b001d5fd5a573022c24643a3936e53e80df9797ebaea1c4b47efaaab149ae6a","samples.ts":"c83851b5a980b3393f486863e817058e223f5ed3942b115e1f2a0c73b5579f80","samples.json":"2ab29c2d1f1ae72f99d4c75e2a332f679a1d617181fb31cd64a6ec1a1170b39d","manifest.json":"cb2e43b471a4a4d6bb8a0c94c9d2ef9d9bb849a6ec92be19811887becada775e","scoring.ts":"9b14e083e0386b22e8cf864a64a1664daff5a5540f8ab9b49ce3ba250dd28033","estimates.ts":"00b3db5cd3368012af5059623338da50545cf9ffdadc38de52e8ff4cf63e5c06","build.ts":"7d087f5773b0883efce2eb4f947d62b45cf3c640a81e30a44e0e81866838b7e4","shell.html":"70dbc736013e06ecea558efa0365431dcae3fb70fe335588b9ac82c2b7e09ec4","browser.ts":"ec8ad1aacbcd679444fdf2ef9739a2b4a09bd903c89fde265ac0b1021662a071","capture-encoder.ts":"9dc486aabdfcb097a4126a2dc985d9a03e857a32aeacd8ff9bfa69bc4e52adba","THIRD-PARTY-LICENSES.md":"6a2ce916c1ad23e0b6f7fb8a47fbe9b81b868ceb5d8bc783b0f69a5ed80c6a11","../../contract/contract.ts":"c0f999c153074769c99c67ab2a71ad66c879e45e834713f3367b2bde4a1873d5","../../contract/rng.ts":"7cfcf3024723607e8dd1ce6ccc5683a48d71fcc617947304cc5b9f6d3d7842fe"},"evidenceScope":"full browser suite, profile saved before assertions","gates":{"minimumMeanFps":59,"maximumP95Ms":18},"errors":[],"externalRequests":[],"performance":{"name":"tv","viewport":{"width":1920,"height":1080},"throttle":1,"scenario":"eight seats, open human controller, seven concurrent bot inputs","frameFiltering":"none","intervalsMs":[16.599999999999994,16.69999999999999,16.700000000000045,16.599999999999966,16.600000000000023,16.69999999999999,16.600000000000023,16.69999999999999,16.69999999999999,16.69999999999999,16.69999999999999,16.600000000000023,16.69999999999999,16.600000000000023,16.69999999999999,16.700000000000045,16.59999999999991,16.800000000000068,16.600000000000023,16.59999999999991,16.700000000000045,16.600000000000023,16.799999999999955,16.600000000000023,16.700000000000045,16.59999999999991,16.700000000000045,16.600000000000023,16.699999999999932,16.700000000000045,16.700000000000045,16.59999999999991,16.700000000000045,16.600000000000023,16.699999999999932,16.700000000000045,16.700000000000045,16.699999999999932,16.600000000000023,16.700000000000045,16.59999999999991,16.700000000000045,16.700000000000045,16.59999999999991,16.600000000000023,16.800000000000068,16.59999999999991,16.700000000000045,16.59999999999991,16.800000000000182,16.59999999999991,16.59999999999991,16.700000000000045,16.600000000000136,16.699999999999818,16.700000000000045,16.700000000000045,16.59999999999991,16.700000000000045,16.700000000000045,16.700000000000045,16.59999999999991,16.700000000000045,16.700000000000045,16.59999999999991,16.700000000000045,16.59999999999991,16.700000000000045,16.700000000000045,16.700000000000045,16.59999999999991,16.700000000000045,16.700000000000045,16.59999999999991,16.700000000000045,16.59999999999991,16.700000000000045,16.700000000000045,16.59999999999991,16.700000000000045,16.600000000000136,16.699999999999818,16.700000000000045,16.600000000000136,16.699999999999818,16.700000000000045,16.700000000000045,16.59999999999991,16.700000000000045,16.700000000000045,16.59999999999991,16.700000000000045,16.700000000000045,16.59999999999991,16.700000000000045,16.700000000000045,16.59999999999991,16.700000000000045,16.700000000000045,16.59999999999991,16.700000000000045,16.700000000000045,16.59999999999991,16.700000000000045,16.700000000000045,16.59999999999991,16.700000000000045,16.700000000000045,16.699999999999818,16.5,16.700000000000273,16.699999999999818,16.700000000000273,16.59999999999991,16.699999999999818,16.59999999999991,16.800000000000182,16.59999999999991,16.700000000000273,16.59999999999991,16.699999999999818,16.700000000000273,16.59999999999991,16.699999999999818,16.700000000000273,16.59999999999991,16.699999999999818,16.700000000000273,16.699999999999818,16.59999999999991,16.700000000000273,16.699999999999818,16.59999999999991,16.59999999999991,16.700000000000273,16.699999999999818,16.59999999999991,16.700000000000273,16.699999999999818,16.700000000000273,16.59999999999991,16.699999999999818,16.700000000000273,16.59999999999991,16.699999999999818,16.59999999999991,16.700000000000273,16.699999999999818,16.700000000000273,16.59999999999991,16.699999999999818,16.700000000000273,16.59999999999991,16.699999999999818,16.700000000000273,16.59999999999991,16.699999999999818,16.59999999999991,16.700000000000273,16.59999999999991,16.699999999999818,16.700000000000273,16.699999999999818,16.700000000000273,16.59999999999991,16.699999999999818,16.700000000000273,16.59999999999991,16.699999999999818,16.700000000000273,16.59999999999991,16.699999999999818,16.59999999999991,16.700000000000273,16.699999999999818,16.59999999999991,16.700000000000273,16.59999999999991,16.699999999999818,16.700000000000273,16.699999999999818,16.59999999999991,16.700000000000273,16.59999999999991,16.800000000000182,16.59999999999991,16.699999999999818,16.59999999999991,16.700000000000273,16.699999999999818,16.700000000000273,16.59999999999991,16.699999999999818,16.59999999999991,16.700000000000273,16.699999999999818,16.59999999999991,16.700000000000273,16.699999999999818,16.59999999999991,16.700000000000273,16.59999999999991,16.699999999999818,16.600000000000364,16.699999999999818,16.699999999999818,16.700000000000273,16.699999999999818,16.700000000000273,16.59999999999991,16.59999999999991,16.699999999999818,16.700000000000273,16.59999999999991,16.699999999999818,16.700000000000273,16.699999999999818,16.700000000000273,16.59999999999991,16.59999999999991,16.699999999999818,16.700000000000273,16.59999999999991,16.699999999999818,16.600000000000364,16.699999999999818,16.699999999999818,16.700000000000273,16.699999999999818,16.59999999999991,16.600000000000364,16.800000000000182,16.699999999999818,16.5,16.699999999999818,16.699999999999818,16.600000000000364,16.800000000000182,16.599999999999454,16.699999999999818,16.700000000000728,16.599999999999454,16.699999999999818,16.700000000000728,16.599999999999454,16.699999999999818,16.600000000000364,16.699999999999818,16.699999999999818,16.700000000000728,16.599999999999454,16.699999999999818,16.600000000000364,16.699999999999818,16.699999999999818,16.600000000000364,16.699999999999818,16.600000000000364,16.699999999999818,16.699999999999818,16.699999999999818,16.600000000000364,16.699999999999818,16.600000000000364,16.699999999999818,16.699999999999818,16.699999999999818,16.600000000000364,16.699999999999818,16.699999999999818,16.600000000000364,16.699999999999818,16.600000000000364,16.699999999999818,16.600000000000364,16.699999999999818,16.699999999999818,16.699999999999818,16.699999999999818,16.600000000000364,16.699999999999818,16.600000000000364,16.699999999999818,16.699999999999818,16.699999999999818,16.600000000000364,16.600000000000364,16.699999999999818,16.699999999999818,16.600000000000364,16.699999999999818,16.699999999999818,16.699999999999818,16.600000000000364,16.699999999999818,16.699999999999818,16.600000000000364,16.699999999999818,16.699999999999818,16.600000000000364],"frames":300,"meanMs":16.665666666666667,"p95Ms":16.700000000000273,"p99Ms":16.800000000000182,"fps":60.00360021601296}}
2026-10-08T21:17:59.2696925Z {
2026-10-08T21:17:59.2697107Z   name: 'tv',
2026-10-08T21:17:59.2697285Z   frames: 300,
2026-10-08T21:17:59.2697467Z   fps: 60.00360021601296,
2026-10-08T21:17:59.2697663Z   p95Ms: 16.700000000000273,
2026-10-08T21:17:59.2697855Z   p99Ms: 16.800000000000182,
2026-10-08T21:17:59.2698086Z   rawFile: 'browser-raw-1-tv.json'
2026-10-08T21:17:59.2698304Z }
2026-10-08T21:18:12.1010950Z G04_RAW_PROFILE {"htmlSha256":"e5701ea67a70424bd205ae6ff303fa34de9922b80bb72449fb5ea80b2eff984b","htmlSha256AtEnd":"e5701ea67a70424bd205ae6ff303fa34de9922b80bb72449fb5ea80b2eff984b","sourceHashesAtStart":{"play.html":"e5701ea67a70424bd205ae6ff303fa34de9922b80bb72449fb5ea80b2eff984b","ui.ts":"57b121f75a3a4e145017b4bdfa83bb677be95b9c87859ccb3e03388f340f6d6c","core.ts":"95948fd63963c79e60a526a392f6a1cff532933d309f093761b71d7b182282c1","bots.ts":"5b001d5fd5a573022c24643a3936e53e80df9797ebaea1c4b47efaaab149ae6a","samples.ts":"c83851b5a980b3393f486863e817058e223f5ed3942b115e1f2a0c73b5579f80","samples.json":"2ab29c2d1f1ae72f99d4c75e2a332f679a1d617181fb31cd64a6ec1a1170b39d","manifest.json":"cb2e43b471a4a4d6bb8a0c94c9d2ef9d9bb849a6ec92be19811887becada775e","scoring.ts":"9b14e083e0386b22e8cf864a64a1664daff5a5540f8ab9b49ce3ba250dd28033","estimates.ts":"00b3db5cd3368012af5059623338da50545cf9ffdadc38de52e8ff4cf63e5c06","build.ts":"7d087f5773b0883efce2eb4f947d62b45cf3c640a81e30a44e0e81866838b7e4","shell.html":"70dbc736013e06ecea558efa0365431dcae3fb70fe335588b9ac82c2b7e09ec4","browser.ts":"ec8ad1aacbcd679444fdf2ef9739a2b4a09bd903c89fde265ac0b1021662a071","capture-encoder.ts":"9dc486aabdfcb097a4126a2dc985d9a03e857a32aeacd8ff9bfa69bc4e52adba","THIRD-PARTY-LICENSES.md":"6a2ce916c1ad23e0b6f7fb8a47fbe9b81b868ceb5d8bc783b0f69a5ed80c6a11","../../contract/contract.ts":"c0f999c153074769c99c67ab2a71ad66c879e45e834713f3367b2bde4a1873d5","../../contract/rng.ts":"7cfcf3024723607e8dd1ce6ccc5683a48d71fcc617947304cc5b9f6d3d7842fe"},"sourceHashesAtEnd":{"play.html":"e5701ea67a70424bd205ae6ff303fa34de9922b80bb72449fb5ea80b2eff984b","ui.ts":"57b121f75a3a4e145017b4bdfa83bb677be95b9c87859ccb3e03388f340f6d6c","core.ts":"95948fd63963c79e60a526a392f6a1cff532933d309f093761b71d7b182282c1","bots.ts":"5b001d5fd5a573022c24643a3936e53e80df9797ebaea1c4b47efaaab149ae6a","samples.ts":"c83851b5a980b3393f486863e817058e223f5ed3942b115e1f2a0c73b5579f80","samples.json":"2ab29c2d1f1ae72f99d4c75e2a332f679a1d617181fb31cd64a6ec1a1170b39d","manifest.json":"cb2e43b471a4a4d6bb8a0c94c9d2ef9d9bb849a6ec92be19811887becada775e","scoring.ts":"9b14e083e0386b22e8cf864a64a1664daff5a5540f8ab9b49ce3ba250dd28033","estimates.ts":"00b3db5cd3368012af5059623338da50545cf9ffdadc38de52e8ff4cf63e5c06","build.ts":"7d087f5773b0883efce2eb4f947d62b45cf3c640a81e30a44e0e81866838b7e4","shell.html":"70dbc736013e06ecea558efa0365431dcae3fb70fe335588b9ac82c2b7e09ec4","browser.ts":"ec8ad1aacbcd679444fdf2ef9739a2b4a09bd903c89fde265ac0b1021662a071","capture-encoder.ts":"9dc486aabdfcb097a4126a2dc985d9a03e857a32aeacd8ff9bfa69bc4e52adba","THIRD-PARTY-LICENSES.md":"6a2ce916c1ad23e0b6f7fb8a47fbe9b81b868ceb5d8bc783b0f69a5ed80c6a11","../../contract/contract.ts":"c0f999c153074769c99c67ab2a71ad66c879e45e834713f3367b2bde4a1873d5","../../contract/rng.ts":"7cfcf3024723607e8dd1ce6ccc5683a48d71fcc617947304cc5b9f6d3d7842fe"},"evidenceScope":"full browser suite, profile saved before assertions","gates":{"minimumMeanFps":59,"maximumP95Ms":18},"errors":[],"externalRequests":[],"performance":{"name":"phone","viewport":{"width":390,"height":844},"throttle":4,"scenario":"eight seats, open human controller, seven concurrent bot inputs","frameFiltering":"none","intervalsMs":[16.599999999999966,16.69999999999999,16.700000000000045,16.599999999999966,16.69999999999999,16.600000000000023,16.799999999999955,16.600000000000023,16.600000000000023,16.700000000000045,16.699999999999932,16.700000000000045,16.699999999999932,16.600000000000023,16.600000000000023,16.700000000000045,16.699999999999932,16.700000000000045,16.600000000000023,16.699999999999932,16.600000000000023,16.700000000000045,16.699999999999932,16.700000000000045,16.699999999999932,16.600000000000023,16.700000000000045,16.600000000000023,16.59999999999991,16.800000000000068,16.699999999999932,16.600000000000023,16.700000000000045,16.600000000000023,16.59999999999991,16.799999999999955,16.600000000000136,16.700000000000045,16.59999999999991,16.700000000000045,16.700000000000045,16.699999999999818,16.600000000000136,16.700000000000045,16.699999999999818,16.600000000000136,16.59999999999991,16.799999999999955,16.600000000000136,16.700000000000045,16.699999999999818,16.600000000000136,16.59999999999991,16.799999999999955,16.600000000000136,16.59999999999991,16.799999999999955,16.600000000000136,16.700000000000045,16.699999999999818,16.600000000000136,16.59999999999991,16.799999999999955,16.600000000000136,16.700000000000045,16.699999999999818,16.600000000000136,16.700000000000045,16.59999999999991,16.700000000000045,16.59999999999991,16.700000000000045,16.700000000000045,16.700000000000045,16.59999999999991,16.700000000000045,16.700000000000045,16.59999999999991,16.700000000000045,16.59999999999991,16.700000000000045,16.700000000000045,16.700000000000045,16.59999999999991,16.700000000000045,16.59999999999991,16.700000000000045,16.700000000000045,16.700000000000045,16.59999999999991,16.700000000000045,16.59999999999991,16.700000000000045,16.700000000000045,16.700000000000045,16.59999999999991,16.699999999999818,16.700000000000273,16.59999999999991,16.59999999999991,16.800000000000182,16.59999999999991,16.59999999999991,16.700000000000273,16.699999999999818,16.699999999999818,16.600000000000364,16.699999999999818,16.699999999999818,16.600000000000364,16.699999999999818,16.699999999999818,16.600000000000364,16.699999999999818,16.699999999999818,16.700000000000273,16.59999999999991,16.59999999999991,16.700000000000273,16.699999999999818,16.699999999999818,16.700000000000273,16.59999999999991,16.699999999999818,16.600000000000364,16.699999999999818,16.699999999999818,16.600000000000364,16.699999999999818,16.699999999999818,16.600000000000364,16.699999999999818,16.699999999999818,16.600000000000364,16.59999999999991,16.799999999999727,16.600000000000364,16.699999999999818,16.59999999999991,16.800000000000182,16.59999999999991,16.59999999999991,16.700000000000273,16.699999999999818,16.59999999999991,16.700000000000273,16.699999999999818,16.59999999999991,16.700000000000273,16.699999999999818,16.699999999999818,16.600000000000364,16.699999999999818,16.59999999999991,16.700000000000273,16.699999999999818,16.59999999999991,16.700000000000273,16.699999999999818,16.59999999999991,16.700000000000273,16.59999999999991,16.699999999999818,16.700000000000273,16.59999999999991,16.799999999999727,16.600000000000364,16.699999999999818,16.59999999999991,16.700000000000273,16.699999999999818,16.59999999999991,16.700000000000273,16.59999999999991,16.699999999999818,16.700000000000273,16.59999999999991,16.699999999999818,16.700000000000273,16.699999999999818,16.59999999999991,16.700000000000273,16.699999999999818,16.59999999999991,16.700000000000273,16.59999999999991,16.799999999999727,16.600000000000364,16.59999999999991,16.799999999999727,16.600000000000364,16.699999999999818,16.59999999999991,16.59999999999991,16.700000000000273,16.799999999999727,16.600000000000364,16.59999999999991,16.699999999999818,16.700000000000273,16.59999999999991,16.699999999999818,16.59999999999991,16.700000000000273,16.699999999999818,16.59999999999991,16.800000000000182,16.59999999999991,16.700000000000273,16.59999999999991,16.699999999999818,16.700000000000273,16.59999999999991,16.699999999999818,16.700000000000273,16.59999999999991,16.699999999999818,16.700000000000273,16.699999999999818,16.600000000000364,16.599999999999454,16.699999999999818,16.700000000000728,16.699999999999818,16.599999999999454,16.700000000000728,16.699999999999818,16.599999999999454,16.700000000000728,16.599999999999454,16.699999999999818,16.700000000000728,16.599999999999454,16.699999999999818,16.700000000000728,16.599999999999454,16.699999999999818,16.700000000000728,16.599999999999454,16.699999999999818,16.700000000000728,16.699999999999818,16.599999999999454,16.700000000000728,16.599999999999454,16.699999999999818,16.700000000000728,16.699999999999818,16.599999999999454,16.700000000000728,16.699999999999818,16.599999999999454,16.700000000000728,16.599999999999454,16.699999999999818,16.600000000000364,16.800000000000182,16.599999999999454,16.700000000000728,16.699999999999818,16.599999999999454,16.700000000000728,16.599999999999454,16.699999999999818,16.700000000000728,16.699999999999818,16.5,16.800000000000182,16.699999999999818,16.599999999999454,16.600000000000364,16.699999999999818,16.699999999999818,16.700000000000728,16.599999999999454,16.699999999999818,16.600000000000364,16.800000000000182,16.599999999999454,16.600000000000364,16.699999999999818,16.699999999999818,16.600000000000364,16.699999999999818,16.600000000000364,16.800000000000182,16.599999999999454,16.699999999999818,16.700000000000728,16.599999999999454,16.699999999999818,16.700000000000728,16.599999999999454,16.699999999999818,16.700000000000728,16.599999999999454,16.699999999999818,16.600000000000364,16.699999999999818,16.600000000000364],"frames":300,"meanMs":16.665666666666667,"p95Ms":16.799999999999727,"p99Ms":16.800000000000182,"fps":60.00360021601296}}
2026-10-08T21:18:12.1037694Z {
2026-10-08T21:18:12.1037871Z   name: 'phone',
2026-10-08T21:18:12.1038057Z   frames: 300,
2026-10-08T21:18:12.1038247Z   fps: 60.00360021601296,
2026-10-08T21:18:12.1038449Z   p95Ms: 16.799999999999727,
2026-10-08T21:18:12.1038650Z   p99Ms: 16.800000000000182,
2026-10-08T21:18:12.1038885Z   rawFile: 'browser-raw-1-phone.json'
2026-10-08T21:18:12.1039125Z }
2026-10-08T21:18:12.3316689Z G04_COMPLETE_REPORT {"functional":["3s wheel / 10s demo / exact pause-shifted deadline / end and restart","all eight realm wedges land under the wheel pointer","number control / private handover / exact score","choice control / private handover / exact score","century control / private handover / exact score","decade control / private handover / exact score","bluff write/vote/reveal / duplicates / own vote disabled / escaped user text","correct-write credit confirmation is private and concealed before handover","bluff/number/range drafts survive hide and pause, remain absent from hidden DOM and never cross owners","draft and keyboard focus survive another player’s input","full quick, 2 seats, eight rounds, finite results, no overflow","full quick, 4 seats, eight rounds, finite results, no overflow","full quick, 8 seats, eight rounds, finite results, no overflow","full mixed, 2 seats, eight rounds, finite results, no overflow","full mixed, 4 seats, eight rounds, finite results, no overflow","full mixed, 8 seats, eight rounds, finite results, no overflow","full bluff, 2 seats, eight rounds, finite results, no overflow","full bluff, 4 seats, eight rounds, finite results, no overflow","full bluff, 8 seats, eight rounds, finite results, no overflow","phone controller has question, live timer and keyboard focus; shared board returns after hide","maximum-length unbroken bluffs wrap within the phone viewport","reduced-motion disables wheel animation"],"evidenceScope":"full browser suite","navigationMode":"Actual self-contained play.html opened from disk via file://","htmlSha256":"e5701ea67a70424bd205ae6ff303fa34de9922b80bb72449fb5ea80b2eff984b","htmlSha256AtEnd":"e5701ea67a70424bd205ae6ff303fa34de9922b80bb72449fb5ea80b2eff984b","sourceHashesAtStart":{"play.html":"e5701ea67a70424bd205ae6ff303fa34de9922b80bb72449fb5ea80b2eff984b","ui.ts":"57b121f75a3a4e145017b4bdfa83bb677be95b9c87859ccb3e03388f340f6d6c","core.ts":"95948fd63963c79e60a526a392f6a1cff532933d309f093761b71d7b182282c1","bots.ts":"5b001d5fd5a573022c24643a3936e53e80df9797ebaea1c4b47efaaab149ae6a","samples.ts":"c83851b5a980b3393f486863e817058e223f5ed3942b115e1f2a0c73b5579f80","samples.json":"2ab29c2d1f1ae72f99d4c75e2a332f679a1d617181fb31cd64a6ec1a1170b39d","manifest.json":"cb2e43b471a4a4d6bb8a0c94c9d2ef9d9bb849a6ec92be19811887becada775e","scoring.ts":"9b14e083e0386b22e8cf864a64a1664daff5a5540f8ab9b49ce3ba250dd28033","estimates.ts":"00b3db5cd3368012af5059623338da50545cf9ffdadc38de52e8ff4cf63e5c06","build.ts":"7d087f5773b0883efce2eb4f947d62b45cf3c640a81e30a44e0e81866838b7e4","shell.html":"70dbc736013e06ecea558efa0365431dcae3fb70fe335588b9ac82c2b7e09ec4","browser.ts":"ec8ad1aacbcd679444fdf2ef9739a2b4a09bd903c89fde265ac0b1021662a071","capture-encoder.ts":"9dc486aabdfcb097a4126a2dc985d9a03e857a32aeacd8ff9bfa69bc4e52adba","THIRD-PARTY-LICENSES.md":"6a2ce916c1ad23e0b6f7fb8a47fbe9b81b868ceb5d8bc783b0f69a5ed80c6a11","../../contract/contract.ts":"c0f999c153074769c99c67ab2a71ad66c879e45e834713f3367b2bde4a1873d5","../../contract/rng.ts":"7cfcf3024723607e8dd1ce6ccc5683a48d71fcc617947304cc5b9f6d3d7842fe"},"sourceHashesAtEnd":{"play.html":"e5701ea67a70424bd205ae6ff303fa34de9922b80bb72449fb5ea80b2eff984b","ui.ts":"57b121f75a3a4e145017b4bdfa83bb677be95b9c87859ccb3e03388f340f6d6c","core.ts":"95948fd63963c79e60a526a392f6a1cff532933d309f093761b71d7b182282c1","bots.ts":"5b001d5fd5a573022c24643a3936e53e80df9797ebaea1c4b47efaaab149ae6a","samples.ts":"c83851b5a980b3393f486863e817058e223f5ed3942b115e1f2a0c73b5579f80","samples.json":"2ab29c2d1f1ae72f99d4c75e2a332f679a1d617181fb31cd64a6ec1a1170b39d","manifest.json":"cb2e43b471a4a4d6bb8a0c94c9d2ef9d9bb849a6ec92be19811887becada775e","scoring.ts":"9b14e083e0386b22e8cf864a64a1664daff5a5540f8ab9b49ce3ba250dd28033","estimates.ts":"00b3db5cd3368012af5059623338da50545cf9ffdadc38de52e8ff4cf63e5c06","build.ts":"7d087f5773b0883efce2eb4f947d62b45cf3c640a81e30a44e0e81866838b7e4","shell.html":"70dbc736013e06ecea558efa0365431dcae3fb70fe335588b9ac82c2b7e09ec4","browser.ts":"ec8ad1aacbcd679444fdf2ef9739a2b4a09bd903c89fde265ac0b1021662a071","capture-encoder.ts":"9dc486aabdfcb097a4126a2dc985d9a03e857a32aeacd8ff9bfa69bc4e52adba","THIRD-PARTY-LICENSES.md":"6a2ce916c1ad23e0b6f7fb8a47fbe9b81b868ceb5d8bc783b0f69a5ed80c6a11","../../contract/contract.ts":"c0f999c153074769c99c67ab2a71ad66c879e45e834713f3367b2bde4a1873d5","../../contract/rng.ts":"7cfcf3024723607e8dd1ce6ccc5683a48d71fcc617947304cc5b9f6d3d7842fe"},"sourceUnchanged":true,"externalRequests":[],"errors":[],"performance":[{"name":"tv","viewport":{"width":1920,"height":1080},"throttle":1,"scenario":"eight seats, open human controller, seven concurrent bot inputs","frameFiltering":"none","intervalsMs":[16.599999999999994,16.69999999999999,16.700000000000045,16.599999999999966,16.600000000000023,16.69999999999999,16.600000000000023,16.69999999999999,16.69999999999999,16.69999999999999,16.69999999999999,16.600000000000023,16.69999999999999,16.600000000000023,16.69999999999999,16.700000000000045,16.59999999999991,16.800000000000068,16.600000000000023,16.59999999999991,16.700000000000045,16.600000000000023,16.799999999999955,16.600000000000023,16.700000000000045,16.59999999999991,16.700000000000045,16.600000000000023,16.699999999999932,16.700000000000045,16.700000000000045,16.59999999999991,16.700000000000045,16.600000000000023,16.699999999999932,16.700000000000045,16.700000000000045,16.699999999999932,16.600000000000023,16.700000000000045,16.59999999999991,16.700000000000045,16.700000000000045,16.59999999999991,16.600000000000023,16.800000000000068,16.59999999999991,16.700000000000045,16.59999999999991,16.800000000000182,16.59999999999991,16.59999999999991,16.700000000000045,16.600000000000136,16.699999999999818,16.700000000000045,16.700000000000045,16.59999999999991,16.700000000000045,16.700000000000045,16.700000000000045,16.59999999999991,16.700000000000045,16.700000000000045,16.59999999999991,16.700000000000045,16.59999999999991,16.700000000000045,16.700000000000045,16.700000000000045,16.59999999999991,16.700000000000045,16.700000000000045,16.59999999999991,16.700000000000045,16.59999999999991,16.700000000000045,16.700000000000045,16.59999999999991,16.700000000000045,16.600000000000136,16.699999999999818,16.700000000000045,16.600000000000136,16.699999999999818,16.700000000000045,16.700000000000045,16.59999999999991,16.700000000000045,16.700000000000045,16.59999999999991,16.700000000000045,16.700000000000045,16.59999999999991,16.700000000000045,16.700000000000045,16.59999999999991,16.700000000000045,16.700000000000045,16.59999999999991,16.700000000000045,16.700000000000045,16.59999999999991,16.700000000000045,16.700000000000045,16.59999999999991,16.700000000000045,16.700000000000045,16.699999999999818,16.5,16.700000000000273,16.699999999999818,16.700000000000273,16.59999999999991,16.699999999999818,16.59999999999991,16.800000000000182,16.59999999999991,16.700000000000273,16.59999999999991,16.699999999999818,16.700000000000273,16.59999999999991,16.699999999999818,16.700000000000273,16.59999999999991,16.699999999999818,16.700000000000273,16.699999999999818,16.59999999999991,16.700000000000273,16.699999999999818,16.59999999999991,16.59999999999991,16.700000000000273,16.699999999999818,16.59999999999991,16.700000000000273,16.699999999999818,16.700000000000273,16.59999999999991,16.699999999999818,16.700000000000273,16.59999999999991,16.699999999999818,16.59999999999991,16.700000000000273,16.699999999999818,16.700000000000273,16.59999999999991,16.699999999999818,16.700000000000273,16.59999999999991,16.699999999999818,16.700000000000273,16.59999999999991,16.699999999999818,16.59999999999991,16.700000000000273,16.59999999999991,16.699999999999818,16.700000000000273,16.699999999999818,16.700000000000273,16.59999999999991,16.699999999999818,16.700000000000273,16.59999999999991,16.699999999999818,16.700000000000273,16.59999999999991,16.699999999999818,16.59999999999991,16.700000000000273,16.699999999999818,16.59999999999991,16.700000000000273,16.59999999999991,16.699999999999818,16.700000000000273,16.699999999999818,16.59999999999991,16.700000000000273,16.59999999999991,16.800000000000182,16.59999999999991,16.699999999999818,16.59999999999991,16.700000000000273,16.699999999999818,16.700000000000273,16.59999999999991,16.699999999999818,16.59999999999991,16.700000000000273,16.699999999999818,16.59999999999991,16.700000000000273,16.699999999999818,16.59999999999991,16.700000000000273,16.59999999999991,16.699999999999818,16.600000000000364,16.699999999999818,16.699999999999818,16.700000000000273,16.699999999999818,16.700000000000273,16.59999999999991,16.59999999999991,16.699999999999818,16.700000000000273,16.59999999999991,16.699999999999818,16.700000000000273,16.699999999999818,16.700000000000273,16.59999999999991,16.59999999999991,16.699999999999818,16.700000000000273,16.59999999999991,16.699999999999818,16.600000000000364,16.699999999999818,16.699999999999818,16.700000000000273,16.699999999999818,16.59999999999991,16.600000000000364,16.800000000000182,16.699999999999818,16.5,16.699999999999818,16.699999999999818,16.600000000000364,16.800000000000182,16.599999999999454,16.699999999999818,16.700000000000728,16.599999999999454,16.699999999999818,16.700000000000728,16.599999999999454,16.699999999999818,16.600000000000364,16.699999999999818,16.699999999999818,16.700000000000728,16.599999999999454,16.699999999999818,16.600000000000364,16.699999999999818,16.699999999999818,16.600000000000364,16.699999999999818,16.600000000000364,16.699999999999818,16.699999999999818,16.699999999999818,16.600000000000364,16.699999999999818,16.600000000000364,16.699999999999818,16.699999999999818,16.699999999999818,16.600000000000364,16.699999999999818,16.699999999999818,16.600000000000364,16.699999999999818,16.600000000000364,16.699999999999818,16.600000000000364,16.699999999999818,16.699999999999818,16.699999999999818,16.699999999999818,16.600000000000364,16.699999999999818,16.600000000000364,16.699999999999818,16.699999999999818,16.699999999999818,16.600000000000364,16.600000000000364,16.699999999999818,16.699999999999818,16.600000000000364,16.699999999999818,16.699999999999818,16.699999999999818,16.600000000000364,16.699999999999818,16.699999999999818,16.600000000000364,16.699999999999818,16.699999999999818,16.600000000000364],"frames":300,"meanMs":16.665666666666667,"p95Ms":16.700000000000273,"p99Ms":16.800000000000182,"fps":60.00360021601296},{"name":"phone","viewport":{"width":390,"height":844},"throttle":4,"scenario":"eight seats, open human controller, seven concurrent bot inputs","frameFiltering":"none","intervalsMs":[16.599999999999966,16.69999999999999,16.700000000000045,16.599999999999966,16.69999999999999,16.600000000000023,16.799999999999955,16.600000000000023,16.600000000000023,16.700000000000045,16.699999999999932,16.700000000000045,16.699999999999932,16.600000000000023,16.600000000000023,16.700000000000045,16.699999999999932,16.700000000000045,16.600000000000023,16.699999999999932,16.600000000000023,16.700000000000045,16.699999999999932,16.700000000000045,16.699999999999932,16.600000000000023,16.700000000000045,16.600000000000023,16.59999999999991,16.800000000000068,16.699999999999932,16.600000000000023,16.700000000000045,16.600000000000023,16.59999999999991,16.799999999999955,16.600000000000136,16.700000000000045,16.59999999999991,16.700000000000045,16.700000000000045,16.699999999999818,16.600000000000136,16.700000000000045,16.699999999999818,16.600000000000136,16.59999999999991,16.799999999999955,16.600000000000136,16.700000000000045,16.699999999999818,16.600000000000136,16.59999999999991,16.799999999999955,16.600000000000136,16.59999999999991,16.799999999999955,16.600000000000136,16.700000000000045,16.699999999999818,16.600000000000136,16.59999999999991,16.799999999999955,16.600000000000136,16.700000000000045,16.699999999999818,16.600000000000136,16.700000000000045,16.59999999999991,16.700000000000045,16.59999999999991,16.700000000000045,16.700000000000045,16.700000000000045,16.59999999999991,16.700000000000045,16.700000000000045,16.59999999999991,16.700000000000045,16.59999999999991,16.700000000000045,16.700000000000045,16.700000000000045,16.59999999999991,16.700000000000045,16.59999999999991,16.700000000000045,16.700000000000045,16.700000000000045,16.59999999999991,16.700000000000045,16.59999999999991,16.700000000000045,16.700000000000045,16.700000000000045,16.59999999999991,16.699999999999818,16.700000000000273,16.59999999999991,16.59999999999991,16.800000000000182,16.59999999999991,16.59999999999991,16.700000000000273,16.699999999999818,16.699999999999818,16.600000000000364,16.699999999999818,16.699999999999818,16.600000000000364,16.699999999999818,16.699999999999818,16.600000000000364,16.699999999999818,16.699999999999818,16.700000000000273,16.59999999999991,16.59999999999991,16.700000000000273,16.699999999999818,16.699999999999818,16.700000000000273,16.59999999999991,16.699999999999818,16.600000000000364,16.699999999999818,16.699999999999818,16.600000000000364,16.699999999999818,16.699999999999818,16.600000000000364,16.699999999999818,16.699999999999818,16.600000000000364,16.59999999999991,16.799999999999727,16.600000000000364,16.699999999999818,16.59999999999991,16.800000000000182,16.59999999999991,16.59999999999991,16.700000000000273,16.699999999999818,16.59999999999991,16.700000000000273,16.699999999999818,16.59999999999991,16.700000000000273,16.699999999999818,16.699999999999818,16.600000000000364,16.699999999999818,16.59999999999991,16.700000000000273,16.699999999999818,16.59999999999991,16.700000000000273,16.699999999999818,16.59999999999991,16.700000000000273,16.59999999999991,16.699999999999818,16.700000000000273,16.59999999999991,16.799999999999727,16.600000000000364,16.699999999999818,16.59999999999991,16.700000000000273,16.699999999999818,16.59999999999991,16.700000000000273,16.59999999999991,16.699999999999818,16.700000000000273,16.59999999999991,16.699999999999818,16.700000000000273,16.699999999999818,16.59999999999991,16.700000000000273,16.699999999999818,16.59999999999991,16.700000000000273,16.59999999999991,16.799999999999727,16.600000000000364,16.59999999999991,16.799999999999727,16.600000000000364,16.699999999999818,16.59999999999991,16.59999999999991,16.700000000000273,16.799999999999727,16.600000000000364,16.59999999999991,16.699999999999818,16.700000000000273,16.59999999999991,16.699999999999818,16.59999999999991,16.700000000000273,16.699999999999818,16.59999999999991,16.800000000000182,16.59999999999991,16.700000000000273,16.59999999999991,16.699999999999818,16.700000000000273,16.59999999999991,16.699999999999818,16.700000000000273,16.59999999999991,16.699999999999818,16.700000000000273,16.699999999999818,16.600000000000364,16.599999999999454,16.699999999999818,16.700000000000728,16.699999999999818,16.599999999999454,16.700000000000728,16.699999999999818,16.599999999999454,16.700000000000728,16.599999999999454,16.699999999999818,16.700000000000728,16.599999999999454,16.699999999999818,16.700000000000728,16.599999999999454,16.699999999999818,16.700000000000728,16.599999999999454,16.699999999999818,16.700000000000728,16.699999999999818,16.599999999999454,16.700000000000728,16.599999999999454,16.699999999999818,16.700000000000728,16.699999999999818,16.599999999999454,16.700000000000728,16.699999999999818,16.599999999999454,16.700000000000728,16.599999999999454,16.699999999999818,16.600000000000364,16.800000000000182,16.599999999999454,16.700000000000728,16.699999999999818,16.599999999999454,16.700000000000728,16.599999999999454,16.699999999999818,16.700000000000728,16.699999999999818,16.5,16.800000000000182,16.699999999999818,16.599999999999454,16.600000000000364,16.699999999999818,16.699999999999818,16.700000000000728,16.599999999999454,16.699999999999818,16.600000000000364,16.800000000000182,16.599999999999454,16.600000000000364,16.699999999999818,16.699999999999818,16.600000000000364,16.699999999999818,16.600000000000364,16.800000000000182,16.599999999999454,16.699999999999818,16.700000000000728,16.599999999999454,16.699999999999818,16.700000000000728,16.599999999999454,16.699999999999818,16.700000000000728,16.599999999999454,16.699999999999818,16.600000000000364,16.699999999999818,16.600000000000364],"frames":300,"meanMs":16.665666666666667,"p95Ms":16.799999999999727,"p99Ms":16.800000000000182,"fps":60.00360021601296}],"physicalPhone":"unavailable; 390×844 Chromium with 4× CPU is the measured approximation","capture":"media/milestone-15-browser.webm","captureBytes":214161,"captureSha256":"35887be3925e0ee5476d679a1ed72fb39b77279a3ba5c1bf95db5dbe86be0726"}
2026-10-08T21:18:12.3363106Z Browser 22 functional scenarios, offline,privacy,reduced-motion,frame times and capture passed (sample 1)
2026-10-08T21:18:28.5159944Z G04_RAW_PROFILE {"htmlSha256":"e5701ea67a70424bd205ae6ff303fa34de9922b80bb72449fb5ea80b2eff984b","htmlSha256AtEnd":"e5701ea67a70424bd205ae6ff303fa34de9922b80bb72449fb5ea80b2eff984b","sourceHashesAtStart":{"play.html":"e5701ea67a70424bd205ae6ff303fa34de9922b80bb72449fb5ea80b2eff984b","ui.ts":"57b121f75a3a4e145017b4bdfa83bb677be95b9c87859ccb3e03388f340f6d6c","core.ts":"95948fd63963c79e60a526a392f6a1cff532933d309f093761b71d7b182282c1","bots.ts":"5b001d5fd5a573022c24643a3936e53e80df9797ebaea1c4b47efaaab149ae6a","samples.ts":"c83851b5a980b3393f486863e817058e223f5ed3942b115e1f2a0c73b5579f80","samples.json":"2ab29c2d1f1ae72f99d4c75e2a332f679a1d617181fb31cd64a6ec1a1170b39d","manifest.json":"cb2e43b471a4a4d6bb8a0c94c9d2ef9d9bb849a6ec92be19811887becada775e","scoring.ts":"9b14e083e0386b22e8cf864a64a1664daff5a5540f8ab9b49ce3ba250dd28033","estimates.ts":"00b3db5cd3368012af5059623338da50545cf9ffdadc38de52e8ff4cf63e5c06","build.ts":"7d087f5773b0883efce2eb4f947d62b45cf3c640a81e30a44e0e81866838b7e4","shell.html":"70dbc736013e06ecea558efa0365431dcae3fb70fe335588b9ac82c2b7e09ec4","browser.ts":"ec8ad1aacbcd679444fdf2ef9739a2b4a09bd903c89fde265ac0b1021662a071","capture-encoder.ts":"9dc486aabdfcb097a4126a2dc985d9a03e857a32aeacd8ff9bfa69bc4e52adba","THIRD-PARTY-LICENSES.md":"6a2ce916c1ad23e0b6f7fb8a47fbe9b81b868ceb5d8bc783b0f69a5ed80c6a11","../../contract/contract.ts":"c0f999c153074769c99c67ab2a71ad66c879e45e834713f3367b2bde4a1873d5","../../contract/rng.ts":"7cfcf3024723607e8dd1ce6ccc5683a48d71fcc617947304cc5b9f6d3d7842fe"},"sourceHashesAtEnd":{"play.html":"e5701ea67a70424bd205ae6ff303fa34de9922b80bb72449fb5ea80b2eff984b","ui.ts":"57b121f75a3a4e145017b4bdfa83bb677be95b9c87859ccb3e03388f340f6d6c","core.ts":"95948fd63963c79e60a526a392f6a1cff532933d309f093761b71d7b182282c1","bots.ts":"5b001d5fd5a573022c24643a3936e53e80df9797ebaea1c4b47efaaab149ae6a","samples.ts":"c83851b5a980b3393f486863e817058e223f5ed3942b115e1f2a0c73b5579f80","samples.json":"2ab29c2d1f1ae72f99d4c75e2a332f679a1d617181fb31cd64a6ec1a1170b39d","manifest.json":"cb2e43b471a4a4d6bb8a0c94c9d2ef9d9bb849a6ec92be19811887becada775e","scoring.ts":"9b14e083e0386b22e8cf864a64a1664daff5a5540f8ab9b49ce3ba250dd28033","estimates.ts":"00b3db5cd3368012af5059623338da50545cf9ffdadc38de52e8ff4cf63e5c06","build.ts":"7d087f5773b0883efce2eb4f947d62b45cf3c640a81e30a44e0e81866838b7e4","shell.html":"70dbc736013e06ecea558efa0365431dcae3fb70fe335588b9ac82c2b7e09ec4","browser.ts":"ec8ad1aacbcd679444fdf2ef9739a2b4a09bd903c89fde265ac0b1021662a071","capture-encoder.ts":"9dc486aabdfcb097a4126a2dc985d9a03e857a32aeacd8ff9bfa69bc4e52adba","THIRD-PARTY-LICENSES.md":"6a2ce916c1ad23e0b6f7fb8a47fbe9b81b868ceb5d8bc783b0f69a5ed80c6a11","../../contract/contract.ts":"c0f999c153074769c99c67ab2a71ad66c879e45e834713f3367b2bde4a1873d5","../../contract/rng.ts":"7cfcf3024723607e8dd1ce6ccc5683a48d71fcc617947304cc5b9f6d3d7842fe"},"evidenceScope":"full browser suite, profile saved before assertions","gates":{"minimumMeanFps":59,"maximumP95Ms":18},"errors":[],"externalRequests":[],"performance":{"name":"tv","viewport":{"width":1920,"height":1080},"throttle":1,"scenario":"eight seats, open human controller, seven concurrent bot inputs","frameFiltering":"none","intervalsMs":[16.700000000000017,16.599999999999966,16.69999999999999,16.700000000000045,16.599999999999966,16.69999999999999,16.700000000000045,16.69999999999999,16.599999999999966,16.700000000000045,16.599999999999966,16.69999999999999,16.600000000000023,16.69999999999999,16.69999999999999,16.600000000000023,16.700000000000045,16.699999999999932,16.700000000000045,16.600000000000023,16.699999999999932,16.600000000000023,16.799999999999955,16.600000000000023,16.600000000000023,16.700000000000045,16.699999999999932,16.600000000000023,16.700000000000045,16.699999999999932,16.700000000000045,16.600000000000023,16.699999999999932,16.700000000000045,16.600000000000023,16.699999999999932,16.700000000000045,16.600000000000023,16.699999999999932,16.600000000000023,16.700000000000045,16.699999999999932,16.600000000000023,16.700000000000045,16.699999999999932,16.600000000000023,16.700000000000045,16.700000000000045,16.59999999999991,16.700000000000045,16.700000000000045,16.699999999999818,16.600000000000136,16.700000000000045,16.699999999999818,16.600000000000136,16.700000000000045,16.699999999999818,16.5,16.800000000000182,16.699999999999818,16.600000000000136,16.59999999999991,16.700000000000045,16.700000000000045,16.700000000000045,16.59999999999991,16.700000000000045,16.59999999999991,16.700000000000045,16.700000000000045,16.700000000000045,16.699999999999818,16.600000000000136,16.59999999999991,16.799999999999955,16.600000000000136,16.59999999999991,16.700000000000045,16.700000000000045,16.59999999999991,16.700000000000045,16.700000000000045,16.59999999999991,16.700000000000045,16.59999999999991,16.800000000000182,16.59999999999991,16.700000000000045,16.59999999999991,16.700000000000045,16.59999999999991,16.800000000000182,16.59999999999991,16.700000000000045,16.59999999999991,16.700000000000045,16.700000000000045,16.700000000000045,16.59999999999991,16.700000000000045,16.700000000000045,16.5,16.799999999999955,16.59999999999991,16.700000000000045,16.700000000000045,16.600000000000136,16.699999999999818,16.699999999999818,16.600000000000364,16.59999999999991,16.799999999999727,16.600000000000364,16.59999999999991,16.699999999999818,16.800000000000182,16.59999999999991,16.59999999999991,16.700000000000273,16.699999999999818,16.699999999999818,16.600000000000364,16.699999999999818,16.59999999999991,16.700000000000273,16.699999999999818,16.59999999999991,16.700000000000273,16.699999999999818,16.59999999999991,16.700000000000273,16.699999999999818,16.699999999999818,16.600000000000364,16.699999999999818,16.699999999999818,16.600000000000364,16.59999999999991,16.699999999999818,16.700000000000273,16.59999999999991,16.699999999999818,16.700000000000273,16.699999999999818,16.59999999999991,16.700000000000273,16.699999999999818,16.59999999999991,16.700000000000273,16.699999999999818,16.59999999999991,16.700000000000273,16.59999999999991,16.699999999999818,16.700000000000273,16.59999999999991,16.699999999999818,16.700000000000273,16.699999999999818,16.59999999999991,16.700000000000273,16.699999999999818,16.59999999999991,16.700000000000273,16.699999999999818,16.59999999999991,16.59999999999991,16.700000000000273,16.699999999999818,16.700000000000273,16.59999999999991,16.699999999999818,16.700000000000273,16.699999999999818,16.59999999999991,16.59999999999991,16.800000000000182,16.59999999999991,16.700000000000273,16.59999999999991,16.699999999999818,16.700000000000273,16.699999999999818,16.59999999999991,16.59999999999991,16.800000000000182,16.59999999999991,16.59999999999991,16.700000000000273,16.699999999999818,16.59999999999991,16.700000000000273,16.699999999999818,16.700000000000273,16.59999999999991,16.699999999999818,16.700000000000273,16.59999999999991,16.699999999999818,16.700000000000273,16.59999999999991,16.699999999999818,16.59999999999991,16.700000000000273,16.699999999999818,16.59999999999991,16.700000000000273,16.699999999999818,16.700000000000273,16.59999999999991,16.699999999999818,16.700000000000273,16.699999999999818,16.59999999999991,16.700000000000273,16.59999999999991,16.699999999999818,16.700000000000273,16.59999999999991,16.699999999999818,16.59999999999991,16.700000000000273,16.699999999999818,16.59999999999991,16.700000000000273,16.699999999999818,16.59999999999991,16.700000000000273,16.699999999999818,16.700000000000273,16.599999999999454,16.600000000000364,16.699999999999818,16.699999999999818,16.700000000000728,16.699999999999818,16.599999999999454,16.700000000000728,16.699999999999818,16.599999999999454,16.600000000000364,16.699999999999818,16.800000000000182,16.5,16.699999999999818,16.699999999999818,16.700000000000728,16.699999999999818,16.599999999999454,16.600000000000364,16.699999999999818,16.699999999999818,16.700000000000728,16.699999999999818,16.599999999999454,16.700000000000728,16.699999999999818,16.599999999999454,16.700000000000728,16.599999999999454,16.699999999999818,16.600000000000364,16.699999999999818,16.699999999999818,16.700000000000728,16.699999999999818,16.599999999999454,16.700000000000728,16.699999999999818,16.599999999999454,16.600000000000364,16.699999999999818,16.699999999999818,16.600000000000364,16.699999999999818,16.699999999999818,16.700000000000728,16.599999999999454,16.699999999999818,16.700000000000728,16.599999999999454,16.699999999999818,16.700000000000728,16.599999999999454,16.699999999999818,16.700000000000728,16.599999999999454,16.699999999999818,16.600000000000364,16.699999999999818,16.699999999999818,16.700000000000728,16.599999999999454,16.699999999999818,16.600000000000364,16.699999999999818,16.600000000000364,16.699999999999818,16.699999999999818],"frames":300,"meanMs":16.666,"p95Ms":16.700000000000728,"p99Ms":16.800000000000182,"fps":60.00240009600384}}
2026-10-08T21:18:28.5191990Z {
2026-10-08T21:18:28.5192358Z   name: 'tv',
2026-10-08T21:18:28.5192542Z   frames: 300,
2026-10-08T21:18:28.5192729Z   fps: 60.00240009600384,
2026-10-08T21:18:28.5192930Z   p95Ms: 16.700000000000728,
2026-10-08T21:18:28.5193125Z   p99Ms: 16.800000000000182,
2026-10-08T21:18:28.5193484Z   rawFile: 'browser-raw-2-tv.json'
2026-10-08T21:18:28.5193704Z }
2026-10-08T21:18:41.1510855Z G04_RAW_PROFILE {"htmlSha256":"e5701ea67a70424bd205ae6ff303fa34de9922b80bb72449fb5ea80b2eff984b","htmlSha256AtEnd":"e5701ea67a70424bd205ae6ff303fa34de9922b80bb72449fb5ea80b2eff984b","sourceHashesAtStart":{"play.html":"e5701ea67a70424bd205ae6ff303fa34de9922b80bb72449fb5ea80b2eff984b","ui.ts":"57b121f75a3a4e145017b4bdfa83bb677be95b9c87859ccb3e03388f340f6d6c","core.ts":"95948fd63963c79e60a526a392f6a1cff532933d309f093761b71d7b182282c1","bots.ts":"5b001d5fd5a573022c24643a3936e53e80df9797ebaea1c4b47efaaab149ae6a","samples.ts":"c83851b5a980b3393f486863e817058e223f5ed3942b115e1f2a0c73b5579f80","samples.json":"2ab29c2d1f1ae72f99d4c75e2a332f679a1d617181fb31cd64a6ec1a1170b39d","manifest.json":"cb2e43b471a4a4d6bb8a0c94c9d2ef9d9bb849a6ec92be19811887becada775e","scoring.ts":"9b14e083e0386b22e8cf864a64a1664daff5a5540f8ab9b49ce3ba250dd28033","estimates.ts":"00b3db5cd3368012af5059623338da50545cf9ffdadc38de52e8ff4cf63e5c06","build.ts":"7d087f5773b0883efce2eb4f947d62b45cf3c640a81e30a44e0e81866838b7e4","shell.html":"70dbc736013e06ecea558efa0365431dcae3fb70fe335588b9ac82c2b7e09ec4","browser.ts":"ec8ad1aacbcd679444fdf2ef9739a2b4a09bd903c89fde265ac0b1021662a071","capture-encoder.ts":"9dc486aabdfcb097a4126a2dc985d9a03e857a32aeacd8ff9bfa69bc4e52adba","THIRD-PARTY-LICENSES.md":"6a2ce916c1ad23e0b6f7fb8a47fbe9b81b868ceb5d8bc783b0f69a5ed80c6a11","../../contract/contract.ts":"c0f999c153074769c99c67ab2a71ad66c879e45e834713f3367b2bde4a1873d5","../../contract/rng.ts":"7cfcf3024723607e8dd1ce6ccc5683a48d71fcc617947304cc5b9f6d3d7842fe"},"sourceHashesAtEnd":{"play.html":"e5701ea67a70424bd205ae6ff303fa34de9922b80bb72449fb5ea80b2eff984b","ui.ts":"57b121f75a3a4e145017b4bdfa83bb677be95b9c87859ccb3e03388f340f6d6c","core.ts":"95948fd63963c79e60a526a392f6a1cff532933d309f093761b71d7b182282c1","bots.ts":"5b001d5fd5a573022c24643a3936e53e80df9797ebaea1c4b47efaaab149ae6a","samples.ts":"c83851b5a980b3393f486863e817058e223f5ed3942b115e1f2a0c73b5579f80","samples.json":"2ab29c2d1f1ae72f99d4c75e2a332f679a1d617181fb31cd64a6ec1a1170b39d","manifest.json":"cb2e43b471a4a4d6bb8a0c94c9d2ef9d9bb849a6ec92be19811887becada775e","scoring.ts":"9b14e083e0386b22e8cf864a64a1664daff5a5540f8ab9b49ce3ba250dd28033","estimates.ts":"00b3db5cd3368012af5059623338da50545cf9ffdadc38de52e8ff4cf63e5c06","build.ts":"7d087f5773b0883efce2eb4f947d62b45cf3c640a81e30a44e0e81866838b7e4","shell.html":"70dbc736013e06ecea558efa0365431dcae3fb70fe335588b9ac82c2b7e09ec4","browser.ts":"ec8ad1aacbcd679444fdf2ef9739a2b4a09bd903c89fde265ac0b1021662a071","capture-encoder.ts":"9dc486aabdfcb097a4126a2dc985d9a03e857a32aeacd8ff9bfa69bc4e52adba","THIRD-PARTY-LICENSES.md":"6a2ce916c1ad23e0b6f7fb8a47fbe9b81b868ceb5d8bc783b0f69a5ed80c6a11","../../contract/contract.ts":"c0f999c153074769c99c67ab2a71ad66c879e45e834713f3367b2bde4a1873d5","../../contract/rng.ts":"7cfcf3024723607e8dd1ce6ccc5683a48d71fcc617947304cc5b9f6d3d7842fe"},"evidenceScope":"full browser suite, profile saved before assertions","gates":{"minimumMeanFps":59,"maximumP95Ms":18},"errors":[],"externalRequests":[],"performance":{"name":"phone","viewport":{"width":390,"height":844},"throttle":4,"scenario":"eight seats, open human controller, seven concurrent bot inputs","frameFiltering":"none","intervalsMs":[16.633999999999958,16.600000000000023,16.80000000000001,16.599999999999966,16.600000000000023,16.700000000000045,16.699999999999932,16.600000000000023,16.799999999999955,16.600000000000023,16.600000000000023,16.700000000000045,16.699999999999932,16.600000000000023,16.700000000000045,16.699999999999932,16.600000000000023,16.700000000000045,16.59999999999991,16.700000000000045,16.700000000000045,16.699999999999932,16.600000000000023,16.700000000000045,16.699999999999932,16.700000000000045,16.600000000000023,16.699999999999932,16.600000000000023,16.700000000000045,16.59999999999991,16.800000000000068,16.600000000000023,16.59999999999991,16.700000000000045,16.700000000000045,16.700000000000045,16.699999999999818,16.600000000000136,16.700000000000045,16.59999999999991,16.700000000000045,16.700000000000045,16.59999999999991,16.700000000000045,16.59999999999991,16.799999999999955,16.600000000000136,16.700000000000045,16.699999999999818,16.600000000000136,16.700000000000045,16.59999999999991,16.700000000000045,16.59999999999991,16.700000000000045,16.700000000000045,16.700000000000045,16.59999999999991,16.700000000000045,16.59999999999991,16.700000000000045,16.700000000000045,16.700000000000045,16.59999999999991,16.700000000000045,16.700000000000045,16.59999999999991,16.59999999999991,16.700000000000045,16.700000000000045,16.700000000000045,16.59999999999991,16.700000000000045,16.700000000000045,16.59999999999991,16.700000000000045,16.700000000000045,16.700000000000045,16.59999999999991,16.700000000000045,16.59999999999991,16.700000000000045,16.700000000000045,16.59999999999991,16.700000000000045,16.700000000000045,16.700000000000045,16.59999999999991,16.700000000000045,16.700000000000045,16.59999999999991,16.700000000000045,16.59999999999991,16.700000000000045,16.700000000000045,16.59999999999991,16.600000000000136,16.799999999999727,16.600000000000364,16.699999999999818,16.59999999999991,16.700000000000273,16.699999999999818,16.59999999999991,16.700000000000273,16.59999999999991,16.699999999999818,16.800000000000182,16.59999999999991,16.699999999999818,16.600000000000364,16.699999999999818,16.59999999999991,16.700000000000273,16.699999999999818,16.699999999999818,16.700000000000273,16.59999999999991,16.699999999999818,16.600000000000364,16.59999999999991,16.699999999999818,16.700000000000273,16.699999999999818,16.699999999999818,16.600000000000364,16.699999999999818,16.59999999999991,16.800000000000182,16.5,16.699999999999818,16.700000000000273,16.699999999999818,16.59999999999991,16.700000000000273,16.59999999999991,16.699999999999818,16.700000000000273,16.699999999999818,16.699999999999818,16.600000000000364,16.699999999999818,16.59999999999991,16.700000000000273,16.59999999999991,16.799999999999727,16.600000000000364,16.699999999999818,16.59999999999991,16.700000000000273,16.699999999999818,16.59999999999991,16.700000000000273,16.699999999999818,16.59999999999991,16.700000000000273,16.699999999999818,16.59999999999991,16.700000000000273,16.699999999999818,16.59999999999991,16.700000000000273,16.699999999999818,16.59999999999991,16.59999999999991,16.800000000000182,16.59999999999991,16.700000000000273,16.59999999999991,16.699999999999818,16.700000000000273,16.699999999999818,16.59999999999991,16.700000000000273,16.59999999999991,16.699999999999818,16.59999999999991,16.800000000000182,16.699999999999818,16.600000000000364,16.59999999999991,16.699999999999818,16.59999999999991,16.700000000000273,16.699999999999818,16.59999999999991,16.800000000000182,16.59999999999991,16.700000000000273,16.59999999999991,16.699999999999818,16.700000000000273,16.699999999999818,16.5,16.699999999999818,16.700000000000273,16.699999999999818,16.59999999999991,16.800000000000182,16.59999999999991,16.59999999999991,16.700000000000273,16.59999999999991,16.800000000000182,16.59999999999991,16.699999999999818,16.59999999999991,16.700000000000273,16.699999999999818,16.700000000000273,16.59999999999991,16.699999999999818,16.700000000000273,16.59999999999991,16.699999999999818,16.700000000000273,16.59999999999991,16.699999999999818,16.700000000000273,16.599999999999454,16.700000000000728,16.599999999999454,16.699999999999818,16.700000000000728,16.599999999999454,16.699999999999818,16.700000000000728,16.599999999999454,16.699999999999818,16.700000000000728,16.599999999999454,16.699999999999818,16.700000000000728,16.599999999999454,16.699999999999818,16.700000000000728,16.599999999999454,16.699999999999818,16.700000000000728,16.699999999999818,16.599999999999454,16.600000000000364,16.699999999999818,16.699999999999818,16.700000000000728,16.599999999999454,16.699999999999818,16.700000000000728,16.599999999999454,16.699999999999818,16.600000000000364,16.699999999999818,16.699999999999818,16.600000000000364,16.699999999999818,16.699999999999818,16.600000000000364,16.699999999999818,16.699999999999818,16.700000000000728,16.599999999999454,16.699999999999818,16.700000000000728,16.599999999999454,16.600000000000364,16.800000000000182,16.699999999999818,16.599999999999454,16.600000000000364,16.699999999999818,16.699999999999818,16.700000000000728,16.599999999999454,16.600000000000364,16.800000000000182,16.599999999999454,16.699999999999818,16.600000000000364,16.699999999999818,16.600000000000364,16.800000000000182,16.599999999999454,16.600000000000364,16.699999999999818,16.699999999999818,16.600000000000364,16.800000000000182,16.599999999999454,16.699999999999818,16.600000000000364,16.699999999999818,16.699999999999818,16.600000000000364,16.699999999999818,16.600000000000364,16.699999999999818,16.699999999999818,16.699999999999818,16.600000000000364],"frames":300,"meanMs":16.66578,"p95Ms":16.799999999999955,"p99Ms":16.800000000000182,"fps":60.00319216982343}}
2026-10-08T21:18:41.1551243Z {
2026-10-08T21:18:41.1551510Z   name: 'phone',
2026-10-08T21:18:41.1551778Z   frames: 300,
2026-10-08T21:18:41.1552037Z   fps: 60.00319216982343,
2026-10-08T21:18:41.1552337Z   p95Ms: 16.799999999999955,
2026-10-08T21:18:41.1552630Z   p99Ms: 16.800000000000182,
2026-10-08T21:18:41.1552983Z   rawFile: 'browser-raw-2-phone.json'
2026-10-08T21:18:41.1553447Z }
2026-10-08T21:18:41.3651119Z G04_COMPLETE_REPORT {"functional":["3s wheel / 10s demo / exact pause-shifted deadline / end and restart","all eight realm wedges land under the wheel pointer","number control / private handover / exact score","choice control / private handover / exact score","century control / private handover / exact score","decade control / private handover / exact score","bluff write/vote/reveal / duplicates / own vote disabled / escaped user text","correct-write credit confirmation is private and concealed before handover","bluff/number/range drafts survive hide and pause, remain absent from hidden DOM and never cross owners","draft and keyboard focus survive another player’s input","full quick, 2 seats, eight rounds, finite results, no overflow","full quick, 4 seats, eight rounds, finite results, no overflow","full quick, 8 seats, eight rounds, finite results, no overflow","full mixed, 2 seats, eight rounds, finite results, no overflow","full mixed, 4 seats, eight rounds, finite results, no overflow","full mixed, 8 seats, eight rounds, finite results, no overflow","full bluff, 2 seats, eight rounds, finite results, no overflow","full bluff, 4 seats, eight rounds, finite results, no overflow","full bluff, 8 seats, eight rounds, finite results, no overflow","phone controller has question, live timer and keyboard focus; shared board returns after hide","maximum-length unbroken bluffs wrap within the phone viewport","reduced-motion disables wheel animation"],"evidenceScope":"full browser suite","navigationMode":"Actual self-contained play.html opened from disk via file://","htmlSha256":"e5701ea67a70424bd205ae6ff303fa34de9922b80bb72449fb5ea80b2eff984b","htmlSha256AtEnd":"e5701ea67a70424bd205ae6ff303fa34de9922b80bb72449fb5ea80b2eff984b","sourceHashesAtStart":{"play.html":"e5701ea67a70424bd205ae6ff303fa34de9922b80bb72449fb5ea80b2eff984b","ui.ts":"57b121f75a3a4e145017b4bdfa83bb677be95b9c87859ccb3e03388f340f6d6c","core.ts":"95948fd63963c79e60a526a392f6a1cff532933d309f093761b71d7b182282c1","bots.ts":"5b001d5fd5a573022c24643a3936e53e80df9797ebaea1c4b47efaaab149ae6a","samples.ts":"c83851b5a980b3393f486863e817058e223f5ed3942b115e1f2a0c73b5579f80","samples.json":"2ab29c2d1f1ae72f99d4c75e2a332f679a1d617181fb31cd64a6ec1a1170b39d","manifest.json":"cb2e43b471a4a4d6bb8a0c94c9d2ef9d9bb849a6ec92be19811887becada775e","scoring.ts":"9b14e083e0386b22e8cf864a64a1664daff5a5540f8ab9b49ce3ba250dd28033","estimates.ts":"00b3db5cd3368012af5059623338da50545cf9ffdadc38de52e8ff4cf63e5c06","build.ts":"7d087f5773b0883efce2eb4f947d62b45cf3c640a81e30a44e0e81866838b7e4","shell.html":"70dbc736013e06ecea558efa0365431dcae3fb70fe335588b9ac82c2b7e09ec4","browser.ts":"ec8ad1aacbcd679444fdf2ef9739a2b4a09bd903c89fde265ac0b1021662a071","capture-encoder.ts":"9dc486aabdfcb097a4126a2dc985d9a03e857a32aeacd8ff9bfa69bc4e52adba","THIRD-PARTY-LICENSES.md":"6a2ce916c1ad23e0b6f7fb8a47fbe9b81b868ceb5d8bc783b0f69a5ed80c6a11","../../contract/contract.ts":"c0f999c153074769c99c67ab2a71ad66c879e45e834713f3367b2bde4a1873d5","../../contract/rng.ts":"7cfcf3024723607e8dd1ce6ccc5683a48d71fcc617947304cc5b9f6d3d7842fe"},"sourceHashesAtEnd":{"play.html":"e5701ea67a70424bd205ae6ff303fa34de9922b80bb72449fb5ea80b2eff984b","ui.ts":"57b121f75a3a4e145017b4bdfa83bb677be95b9c87859ccb3e03388f340f6d6c","core.ts":"95948fd63963c79e60a526a392f6a1cff532933d309f093761b71d7b182282c1","bots.ts":"5b001d5fd5a573022c24643a3936e53e80df9797ebaea1c4b47efaaab149ae6a","samples.ts":"c83851b5a980b3393f486863e817058e223f5ed3942b115e1f2a0c73b5579f80","samples.json":"2ab29c2d1f1ae72f99d4c75e2a332f679a1d617181fb31cd64a6ec1a1170b39d","manifest.json":"cb2e43b471a4a4d6bb8a0c94c9d2ef9d9bb849a6ec92be19811887becada775e","scoring.ts":"9b14e083e0386b22e8cf864a64a1664daff5a5540f8ab9b49ce3ba250dd28033","estimates.ts":"00b3db5cd3368012af5059623338da50545cf9ffdadc38de52e8ff4cf63e5c06","build.ts":"7d087f5773b0883efce2eb4f947d62b45cf3c640a81e30a44e0e81866838b7e4","shell.html":"70dbc736013e06ecea558efa0365431dcae3fb70fe335588b9ac82c2b7e09ec4","browser.ts":"ec8ad1aacbcd679444fdf2ef9739a2b4a09bd903c89fde265ac0b1021662a071","capture-encoder.ts":"9dc486aabdfcb097a4126a2dc985d9a03e857a32aeacd8ff9bfa69bc4e52adba","THIRD-PARTY-LICENSES.md":"6a2ce916c1ad23e0b6f7fb8a47fbe9b81b868ceb5d8bc783b0f69a5ed80c6a11","../../contract/contract.ts":"c0f999c153074769c99c67ab2a71ad66c879e45e834713f3367b2bde4a1873d5","../../contract/rng.ts":"7cfcf3024723607e8dd1ce6ccc5683a48d71fcc617947304cc5b9f6d3d7842fe"},"sourceUnchanged":true,"externalRequests":[],"errors":[],"performance":[{"name":"tv","viewport":{"width":1920,"height":1080},"throttle":1,"scenario":"eight seats, open human controller, seven concurrent bot inputs","frameFiltering":"none","intervalsMs":[16.700000000000017,16.599999999999966,16.69999999999999,16.700000000000045,16.599999999999966,16.69999999999999,16.700000000000045,16.69999999999999,16.599999999999966,16.700000000000045,16.599999999999966,16.69999999999999,16.600000000000023,16.69999999999999,16.69999999999999,16.600000000000023,16.700000000000045,16.699999999999932,16.700000000000045,16.600000000000023,16.699999999999932,16.600000000000023,16.799999999999955,16.600000000000023,16.600000000000023,16.700000000000045,16.699999999999932,16.600000000000023,16.700000000000045,16.699999999999932,16.700000000000045,16.600000000000023,16.699999999999932,16.700000000000045,16.600000000000023,16.699999999999932,16.700000000000045,16.600000000000023,16.699999999999932,16.600000000000023,16.700000000000045,16.699999999999932,16.600000000000023,16.700000000000045,16.699999999999932,16.600000000000023,16.700000000000045,16.700000000000045,16.59999999999991,16.700000000000045,16.700000000000045,16.699999999999818,16.600000000000136,16.700000000000045,16.699999999999818,16.600000000000136,16.700000000000045,16.699999999999818,16.5,16.800000000000182,16.699999999999818,16.600000000000136,16.59999999999991,16.700000000000045,16.700000000000045,16.700000000000045,16.59999999999991,16.700000000000045,16.59999999999991,16.700000000000045,16.700000000000045,16.700000000000045,16.699999999999818,16.600000000000136,16.59999999999991,16.799999999999955,16.600000000000136,16.59999999999991,16.700000000000045,16.700000000000045,16.59999999999991,16.700000000000045,16.700000000000045,16.59999999999991,16.700000000000045,16.59999999999991,16.800000000000182,16.59999999999991,16.700000000000045,16.59999999999991,16.700000000000045,16.59999999999991,16.800000000000182,16.59999999999991,16.700000000000045,16.59999999999991,16.700000000000045,16.700000000000045,16.700000000000045,16.59999999999991,16.700000000000045,16.700000000000045,16.5,16.799999999999955,16.59999999999991,16.700000000000045,16.700000000000045,16.600000000000136,16.699999999999818,16.699999999999818,16.600000000000364,16.59999999999991,16.799999999999727,16.600000000000364,16.59999999999991,16.699999999999818,16.800000000000182,16.59999999999991,16.59999999999991,16.700000000000273,16.699999999999818,16.699999999999818,16.600000000000364,16.699999999999818,16.59999999999991,16.700000000000273,16.699999999999818,16.59999999999991,16.700000000000273,16.699999999999818,16.59999999999991,16.700000000000273,16.699999999999818,16.699999999999818,16.600000000000364,16.699999999999818,16.699999999999818,16.600000000000364,16.59999999999991,16.699999999999818,16.700000000000273,16.59999999999991,16.699999999999818,16.700000000000273,16.699999999999818,16.59999999999991,16.700000000000273,16.699999999999818,16.59999999999991,16.700000000000273,16.699999999999818,16.59999999999991,16.700000000000273,16.59999999999991,16.699999999999818,16.700000000000273,16.59999999999991,16.699999999999818,16.700000000000273,16.699999999999818,16.59999999999991,16.700000000000273,16.699999999999818,16.59999999999991,16.700000000000273,16.699999999999818,16.59999999999991,16.59999999999991,16.700000000000273,16.699999999999818,16.700000000000273,16.59999999999991,16.699999999999818,16.700000000000273,16.699999999999818,16.59999999999991,16.59999999999991,16.800000000000182,16.59999999999991,16.700000000000273,16.59999999999991,16.699999999999818,16.700000000000273,16.699999999999818,16.59999999999991,16.59999999999991,16.800000000000182,16.59999999999991,16.59999999999991,16.700000000000273,16.699999999999818,16.59999999999991,16.700000000000273,16.699999999999818,16.700000000000273,16.59999999999991,16.699999999999818,16.700000000000273,16.59999999999991,16.699999999999818,16.700000000000273,16.59999999999991,16.699999999999818,16.59999999999991,16.700000000000273,16.699999999999818,16.59999999999991,16.700000000000273,16.699999999999818,16.700000000000273,16.59999999999991,16.699999999999818,16.700000000000273,16.699999999999818,16.59999999999991,16.700000000000273,16.59999999999991,16.699999999999818,16.700000000000273,16.59999999999991,16.699999999999818,16.59999999999991,16.700000000000273,16.699999999999818,16.59999999999991,16.700000000000273,16.699999999999818,16.59999999999991,16.700000000000273,16.699999999999818,16.700000000000273,16.599999999999454,16.600000000000364,16.699999999999818,16.699999999999818,16.700000000000728,16.699999999999818,16.599999999999454,16.700000000000728,16.699999999999818,16.599999999999454,16.600000000000364,16.699999999999818,16.800000000000182,16.5,16.699999999999818,16.699999999999818,16.700000000000728,16.699999999999818,16.599999999999454,16.600000000000364,16.699999999999818,16.699999999999818,16.700000000000728,16.699999999999818,16.599999999999454,16.700000000000728,16.699999999999818,16.599999999999454,16.700000000000728,16.599999999999454,16.699999999999818,16.600000000000364,16.699999999999818,16.699999999999818,16.700000000000728,16.699999999999818,16.599999999999454,16.700000000000728,16.699999999999818,16.599999999999454,16.600000000000364,16.699999999999818,16.699999999999818,16.600000000000364,16.699999999999818,16.699999999999818,16.700000000000728,16.599999999999454,16.699999999999818,16.700000000000728,16.599999999999454,16.699999999999818,16.700000000000728,16.599999999999454,16.699999999999818,16.700000000000728,16.599999999999454,16.699999999999818,16.600000000000364,16.699999999999818,16.699999999999818,16.700000000000728,16.599999999999454,16.699999999999818,16.600000000000364,16.699999999999818,16.600000000000364,16.699999999999818,16.699999999999818],"frames":300,"meanMs":16.666,"p95Ms":16.700000000000728,"p99Ms":16.800000000000182,"fps":60.00240009600384},{"name":"phone","viewport":{"width":390,"height":844},"throttle":4,"scenario":"eight seats, open human controller, seven concurrent bot inputs","frameFiltering":"none","intervalsMs":[16.633999999999958,16.600000000000023,16.80000000000001,16.599999999999966,16.600000000000023,16.700000000000045,16.699999999999932,16.600000000000023,16.799999999999955,16.600000000000023,16.600000000000023,16.700000000000045,16.699999999999932,16.600000000000023,16.700000000000045,16.699999999999932,16.600000000000023,16.700000000000045,16.59999999999991,16.700000000000045,16.700000000000045,16.699999999999932,16.600000000000023,16.700000000000045,16.699999999999932,16.700000000000045,16.600000000000023,16.699999999999932,16.600000000000023,16.700000000000045,16.59999999999991,16.800000000000068,16.600000000000023,16.59999999999991,16.700000000000045,16.700000000000045,16.700000000000045,16.699999999999818,16.600000000000136,16.700000000000045,16.59999999999991,16.700000000000045,16.700000000000045,16.59999999999991,16.700000000000045,16.59999999999991,16.799999999999955,16.600000000000136,16.700000000000045,16.699999999999818,16.600000000000136,16.700000000000045,16.59999999999991,16.700000000000045,16.59999999999991,16.700000000000045,16.700000000000045,16.700000000000045,16.59999999999991,16.700000000000045,16.59999999999991,16.700000000000045,16.700000000000045,16.700000000000045,16.59999999999991,16.700000000000045,16.700000000000045,16.59999999999991,16.59999999999991,16.700000000000045,16.700000000000045,16.700000000000045,16.59999999999991,16.700000000000045,16.700000000000045,16.59999999999991,16.700000000000045,16.700000000000045,16.700000000000045,16.59999999999991,16.700000000000045,16.59999999999991,16.700000000000045,16.700000000000045,16.59999999999991,16.700000000000045,16.700000000000045,16.700000000000045,16.59999999999991,16.700000000000045,16.700000000000045,16.59999999999991,16.700000000000045,16.59999999999991,16.700000000000045,16.700000000000045,16.59999999999991,16.600000000000136,16.799999999999727,16.600000000000364,16.699999999999818,16.59999999999991,16.700000000000273,16.699999999999818,16.59999999999991,16.700000000000273,16.59999999999991,16.699999999999818,16.800000000000182,16.59999999999991,16.699999999999818,16.600000000000364,16.699999999999818,16.59999999999991,16.700000000000273,16.699999999999818,16.699999999999818,16.700000000000273,16.59999999999991,16.699999999999818,16.600000000000364,16.59999999999991,16.699999999999818,16.700000000000273,16.699999999999818,16.699999999999818,16.600000000000364,16.699999999999818,16.59999999999991,16.800000000000182,16.5,16.699999999999818,16.700000000000273,16.699999999999818,16.59999999999991,16.700000000000273,16.59999999999991,16.699999999999818,16.700000000000273,16.699999999999818,16.699999999999818,16.600000000000364,16.699999999999818,16.59999999999991,16.700000000000273,16.59999999999991,16.799999999999727,16.600000000000364,16.699999999999818,16.59999999999991,16.700000000000273,16.699999999999818,16.59999999999991,16.700000000000273,16.699999999999818,16.59999999999991,16.700000000000273,16.699999999999818,16.59999999999991,16.700000000000273,16.699999999999818,16.59999999999991,16.700000000000273,16.699999999999818,16.59999999999991,16.59999999999991,16.800000000000182,16.59999999999991,16.700000000000273,16.59999999999991,16.699999999999818,16.700000000000273,16.699999999999818,16.59999999999991,16.700000000000273,16.59999999999991,16.699999999999818,16.59999999999991,16.800000000000182,16.699999999999818,16.600000000000364,16.59999999999991,16.699999999999818,16.59999999999991,16.700000000000273,16.699999999999818,16.59999999999991,16.800000000000182,16.59999999999991,16.700000000000273,16.59999999999991,16.699999999999818,16.700000000000273,16.699999999999818,16.5,16.699999999999818,16.700000000000273,16.699999999999818,16.59999999999991,16.800000000000182,16.59999999999991,16.59999999999991,16.700000000000273,16.59999999999991,16.800000000000182,16.59999999999991,16.699999999999818,16.59999999999991,16.700000000000273,16.699999999999818,16.700000000000273,16.59999999999991,16.699999999999818,16.700000000000273,16.59999999999991,16.699999999999818,16.700000000000273,16.59999999999991,16.699999999999818,16.700000000000273,16.599999999999454,16.700000000000728,16.599999999999454,16.699999999999818,16.700000000000728,16.599999999999454,16.699999999999818,16.700000000000728,16.599999999999454,16.699999999999818,16.700000000000728,16.599999999999454,16.699999999999818,16.700000000000728,16.599999999999454,16.699999999999818,16.700000000000728,16.599999999999454,16.699999999999818,16.700000000000728,16.699999999999818,16.599999999999454,16.600000000000364,16.699999999999818,16.699999999999818,16.700000000000728,16.599999999999454,16.699999999999818,16.700000000000728,16.599999999999454,16.699999999999818,16.600000000000364,16.699999999999818,16.699999999999818,16.600000000000364,16.699999999999818,16.699999999999818,16.600000000000364,16.699999999999818,16.699999999999818,16.700000000000728,16.599999999999454,16.699999999999818,16.700000000000728,16.599999999999454,16.600000000000364,16.800000000000182,16.699999999999818,16.599999999999454,16.600000000000364,16.699999999999818,16.699999999999818,16.700000000000728,16.599999999999454,16.600000000000364,16.800000000000182,16.599999999999454,16.699999999999818,16.600000000000364,16.699999999999818,16.600000000000364,16.800000000000182,16.599999999999454,16.600000000000364,16.699999999999818,16.699999999999818,16.600000000000364,16.800000000000182,16.599999999999454,16.699999999999818,16.600000000000364,16.699999999999818,16.699999999999818,16.600000000000364,16.699999999999818,16.600000000000364,16.699999999999818,16.699999999999818,16.699999999999818,16.600000000000364],"frames":300,"meanMs":16.66578,"p95Ms":16.799999999999955,"p99Ms":16.800000000000182,"fps":60.00319216982343}],"physicalPhone":"unavailable; 390×844 Chromium with 4× CPU is the measured approximation","capture":"media/milestone-15-browser-repeat-2.webm","captureBytes":214161,"captureSha256":"2b65077c346ae6eb2e1fafc0b0b123e924fd950ea9b5f1987094e8202954c5fe"}
2026-10-08T21:18:41.3709262Z Browser 22 functional scenarios, offline,privacy,reduced-motion,frame times and capture passed (sample 2)
2026-10-08T21:18:57.6806571Z G04_RAW_PROFILE {"htmlSha256":"e5701ea67a70424bd205ae6ff303fa34de9922b80bb72449fb5ea80b2eff984b","htmlSha256AtEnd":"e5701ea67a70424bd205ae6ff303fa34de9922b80bb72449fb5ea80b2eff984b","sourceHashesAtStart":{"play.html":"e5701ea67a70424bd205ae6ff303fa34de9922b80bb72449fb5ea80b2eff984b","ui.ts":"57b121f75a3a4e145017b4bdfa83bb677be95b9c87859ccb3e03388f340f6d6c","core.ts":"95948fd63963c79e60a526a392f6a1cff532933d309f093761b71d7b182282c1","bots.ts":"5b001d5fd5a573022c24643a3936e53e80df9797ebaea1c4b47efaaab149ae6a","samples.ts":"c83851b5a980b3393f486863e817058e223f5ed3942b115e1f2a0c73b5579f80","samples.json":"2ab29c2d1f1ae72f99d4c75e2a332f679a1d617181fb31cd64a6ec1a1170b39d","manifest.json":"cb2e43b471a4a4d6bb8a0c94c9d2ef9d9bb849a6ec92be19811887becada775e","scoring.ts":"9b14e083e0386b22e8cf864a64a1664daff5a5540f8ab9b49ce3ba250dd28033","estimates.ts":"00b3db5cd3368012af5059623338da50545cf9ffdadc38de52e8ff4cf63e5c06","build.ts":"7d087f5773b0883efce2eb4f947d62b45cf3c640a81e30a44e0e81866838b7e4","shell.html":"70dbc736013e06ecea558efa0365431dcae3fb70fe335588b9ac82c2b7e09ec4","browser.ts":"ec8ad1aacbcd679444fdf2ef9739a2b4a09bd903c89fde265ac0b1021662a071","capture-encoder.ts":"9dc486aabdfcb097a4126a2dc985d9a03e857a32aeacd8ff9bfa69bc4e52adba","THIRD-PARTY-LICENSES.md":"6a2ce916c1ad23e0b6f7fb8a47fbe9b81b868ceb5d8bc783b0f69a5ed80c6a11","../../contract/contract.ts":"c0f999c153074769c99c67ab2a71ad66c879e45e834713f3367b2bde4a1873d5","../../contract/rng.ts":"7cfcf3024723607e8dd1ce6ccc5683a48d71fcc617947304cc5b9f6d3d7842fe"},"sourceHashesAtEnd":{"play.html":"e5701ea67a70424bd205ae6ff303fa34de9922b80bb72449fb5ea80b2eff984b","ui.ts":"57b121f75a3a4e145017b4bdfa83bb677be95b9c87859ccb3e03388f340f6d6c","core.ts":"95948fd63963c79e60a526a392f6a1cff532933d309f093761b71d7b182282c1","bots.ts":"5b001d5fd5a573022c24643a3936e53e80df9797ebaea1c4b47efaaab149ae6a","samples.ts":"c83851b5a980b3393f486863e817058e223f5ed3942b115e1f2a0c73b5579f80","samples.json":"2ab29c2d1f1ae72f99d4c75e2a332f679a1d617181fb31cd64a6ec1a1170b39d","manifest.json":"cb2e43b471a4a4d6bb8a0c94c9d2ef9d9bb849a6ec92be19811887becada775e","scoring.ts":"9b14e083e0386b22e8cf864a64a1664daff5a5540f8ab9b49ce3ba250dd28033","estimates.ts":"00b3db5cd3368012af5059623338da50545cf9ffdadc38de52e8ff4cf63e5c06","build.ts":"7d087f5773b0883efce2eb4f947d62b45cf3c640a81e30a44e0e81866838b7e4","shell.html":"70dbc736013e06ecea558efa0365431dcae3fb70fe335588b9ac82c2b7e09ec4","browser.ts":"ec8ad1aacbcd679444fdf2ef9739a2b4a09bd903c89fde265ac0b1021662a071","capture-encoder.ts":"9dc486aabdfcb097a4126a2dc985d9a03e857a32aeacd8ff9bfa69bc4e52adba","THIRD-PARTY-LICENSES.md":"6a2ce916c1ad23e0b6f7fb8a47fbe9b81b868ceb5d8bc783b0f69a5ed80c6a11","../../contract/contract.ts":"c0f999c153074769c99c67ab2a71ad66c879e45e834713f3367b2bde4a1873d5","../../contract/rng.ts":"7cfcf3024723607e8dd1ce6ccc5683a48d71fcc617947304cc5b9f6d3d7842fe"},"evidenceScope":"full browser suite, profile saved before assertions","gates":{"minimumMeanFps":59,"maximumP95Ms":18},"errors":[],"externalRequests":[],"performance":{"name":"tv","viewport":{"width":1920,"height":1080},"throttle":1,"scenario":"eight seats, open human controller, seven concurrent bot inputs","frameFiltering":"none","intervalsMs":[16.634000000000015,16.599999999999966,16.700000000000045,16.69999999999999,16.69999999999999,16.69999999999999,16.600000000000023,16.69999999999999,16.69999999999999,16.600000000000023,16.69999999999999,16.69999999999999,16.600000000000023,16.69999999999999,16.600000000000023,16.699999999999932,16.700000000000045,16.600000000000023,16.699999999999932,16.700000000000045,16.600000000000023,16.699999999999932,16.600000000000023,16.700000000000045,16.699999999999932,16.700000000000045,16.600000000000023,16.699999999999932,16.700000000000045,16.600000000000023,16.699999999999932,16.600000000000023,16.700000000000045,16.699999999999932,16.700000000000045,16.600000000000023,16.699999999999932,16.600000000000023,16.800000000000068,16.59999999999991,16.600000000000023,16.700000000000045,16.699999999999932,16.700000000000045,16.600000000000023,16.699999999999932,16.700000000000045,16.59999999999991,16.700000000000045,16.700000000000045,16.59999999999991,16.700000000000045,16.600000000000136,16.699999999999818,16.700000000000045,16.600000000000136,16.699999999999818,16.700000000000045,16.600000000000136,16.699999999999818,16.600000000000136,16.700000000000045,16.699999999999818,16.600000000000136,16.700000000000045,16.699999999999818,16.700000000000045,16.600000000000136,16.699999999999818,16.700000000000045,16.600000000000136,16.699999999999818,16.700000000000045,16.600000000000136,16.699999999999818,16.600000000000136,16.799999999999955,16.59999999999991,16.700000000000045,16.700000000000045,16.59999999999991,16.700000000000045,16.600000000000136,16.699999999999818,16.600000000000136,16.700000000000045,16.699999999999818,16.600000000000136,16.799999999999955,16.59999999999991,16.700000000000045,16.600000000000136,16.699999999999818,16.700000000000045,16.600000000000136,16.699999999999818,16.600000000000136,16.700000000000045,16.699999999999818,16.600000000000136,16.700000000000045,16.699999999999818,16.600000000000136,16.700000000000045,16.699999999999818,16.600000000000136,16.700000000000045,16.699999999999818,16.700000000000273,16.59999999999991,16.59999999999991,16.800000000000182,16.699999999999818,16.59999999999991,16.700000000000273,16.59999999999991,16.59999999999991,16.699999999999818,16.700000000000273,16.59999999999991,16.800000000000182,16.59999999999991,16.699999999999818,16.700000000000273,16.59999999999991,16.59999999999991,16.699999999999818,16.700000000000273,16.59999999999991,16.699999999999818,16.700000000000273,16.699999999999818,16.59999999999991,16.700000000000273,16.59999999999991,16.800000000000182,16.59999999999991,16.59999999999991,16.699999999999818,16.700000000000273,16.699999999999818,16.700000000000273,16.59999999999991,16.59999999999991,16.699999999999818,16.700000000000273,16.59999999999991,16.699999999999818,16.700000000000273,16.59999999999991,16.699999999999818,16.600000000000364,16.699999999999818,16.699999999999818,16.700000000000273,16.699999999999818,16.59999999999991,16.600000000000364,16.699999999999818,16.699999999999818,16.600000000000364,16.699999999999818,16.699999999999818,16.600000000000364,16.699999999999818,16.699999999999818,16.600000000000364,16.699999999999818,16.699999999999818,16.600000000000364,16.699999999999818,16.699999999999818,16.700000000000273,16.59999999999991,16.699999999999818,16.700000000000273,16.59999999999991,16.699999999999818,16.600000000000364,16.699999999999818,16.699999999999818,16.600000000000364,16.699999999999818,16.699999999999818,16.600000000000364,16.799999999999727,16.59999999999991,16.700000000000273,16.59999999999991,16.699999999999818,16.600000000000364,16.699999999999818,16.699999999999818,16.600000000000364,16.799999999999727,16.59999999999991,16.600000000000364,16.699999999999818,16.699999999999818,16.600000000000364,16.699999999999818,16.699999999999818,16.700000000000273,16.59999999999991,16.699999999999818,16.600000000000364,16.699999999999818,16.699999999999818,16.600000000000364,16.699999999999818,16.699999999999818,16.700000000000273,16.59999999999991,16.59999999999991,16.700000000000273,16.699999999999818,16.699999999999818,16.700000000000273,16.59999999999991,16.699999999999818,16.600000000000364,16.699999999999818,16.59999999999991,16.800000000000182,16.59999999999991,16.699999999999818,16.600000000000364,16.699999999999818,16.699999999999818,16.600000000000364,16.699999999999818,16.699999999999818,16.600000000000364,16.699999999999818,16.600000000000364,16.699999999999818,16.699999999999818,16.699999999999818,16.699999999999818,16.600000000000364,16.699999999999818,16.600000000000364,16.699999999999818,16.600000000000364,16.699999999999818,16.699999999999818,16.699999999999818,16.600000000000364,16.699999999999818,16.699999999999818,16.699999999999818,16.5,16.700000000000728,16.699999999999818,16.699999999999818,16.600000000000364,16.699999999999818,16.599999999999454,16.700000000000728,16.699999999999818,16.699999999999818,16.699999999999818,16.600000000000364,16.699999999999818,16.600000000000364,16.699999999999818,16.599999999999454,16.800000000000182,16.600000000000364,16.699999999999818,16.600000000000364,16.699999999999818,16.699999999999818,16.699999999999818,16.600000000000364,16.599999999999454,16.700000000000728,16.699999999999818,16.699999999999818,16.699999999999818,16.600000000000364,16.699999999999818,16.699999999999818,16.600000000000364,16.599999999999454,16.700000000000728,16.699999999999818,16.599999999999454,16.700000000000728,16.699999999999818,16.599999999999454,16.700000000000728,16.699999999999818,16.599999999999454,16.700000000000728,16.699999999999818,16.599999999999454,16.700000000000728,16.699999999999818,16.699999999999818],"frames":300,"meanMs":16.666113333333335,"p95Ms":16.700000000000728,"p99Ms":16.800000000000182,"fps":60.00199206613659}}
2026-10-08T21:18:57.6835369Z {
2026-10-08T21:18:57.6835546Z   name: 'tv',
2026-10-08T21:18:57.6835721Z   frames: 300,
2026-10-08T21:18:57.6835907Z   fps: 60.00199206613659,
2026-10-08T21:18:57.6836114Z   p95Ms: 16.700000000000728,
2026-10-08T21:18:57.6836412Z   p99Ms: 16.800000000000182,
2026-10-08T21:18:57.6836759Z   rawFile: 'browser-raw-3-tv.json'
2026-10-08T21:18:57.6837053Z }
2026-10-08T21:19:10.4508415Z G04_RAW_PROFILE {"htmlSha256":"e5701ea67a70424bd205ae6ff303fa34de9922b80bb72449fb5ea80b2eff984b","htmlSha256AtEnd":"e5701ea67a70424bd205ae6ff303fa34de9922b80bb72449fb5ea80b2eff984b","sourceHashesAtStart":{"play.html":"e5701ea67a70424bd205ae6ff303fa34de9922b80bb72449fb5ea80b2eff984b","ui.ts":"57b121f75a3a4e145017b4bdfa83bb677be95b9c87859ccb3e03388f340f6d6c","core.ts":"95948fd63963c79e60a526a392f6a1cff532933d309f093761b71d7b182282c1","bots.ts":"5b001d5fd5a573022c24643a3936e53e80df9797ebaea1c4b47efaaab149ae6a","samples.ts":"c83851b5a980b3393f486863e817058e223f5ed3942b115e1f2a0c73b5579f80","samples.json":"2ab29c2d1f1ae72f99d4c75e2a332f679a1d617181fb31cd64a6ec1a1170b39d","manifest.json":"cb2e43b471a4a4d6bb8a0c94c9d2ef9d9bb849a6ec92be19811887becada775e","scoring.ts":"9b14e083e0386b22e8cf864a64a1664daff5a5540f8ab9b49ce3ba250dd28033","estimates.ts":"00b3db5cd3368012af5059623338da50545cf9ffdadc38de52e8ff4cf63e5c06","build.ts":"7d087f5773b0883efce2eb4f947d62b45cf3c640a81e30a44e0e81866838b7e4","shell.html":"70dbc736013e06ecea558efa0365431dcae3fb70fe335588b9ac82c2b7e09ec4","browser.ts":"ec8ad1aacbcd679444fdf2ef9739a2b4a09bd903c89fde265ac0b1021662a071","capture-encoder.ts":"9dc486aabdfcb097a4126a2dc985d9a03e857a32aeacd8ff9bfa69bc4e52adba","THIRD-PARTY-LICENSES.md":"6a2ce916c1ad23e0b6f7fb8a47fbe9b81b868ceb5d8bc783b0f69a5ed80c6a11","../../contract/contract.ts":"c0f999c153074769c99c67ab2a71ad66c879e45e834713f3367b2bde4a1873d5","../../contract/rng.ts":"7cfcf3024723607e8dd1ce6ccc5683a48d71fcc617947304cc5b9f6d3d7842fe"},"sourceHashesAtEnd":{"play.html":"e5701ea67a70424bd205ae6ff303fa34de9922b80bb72449fb5ea80b2eff984b","ui.ts":"57b121f75a3a4e145017b4bdfa83bb677be95b9c87859ccb3e03388f340f6d6c","core.ts":"95948fd63963c79e60a526a392f6a1cff532933d309f093761b71d7b182282c1","bots.ts":"5b001d5fd5a573022c24643a3936e53e80df9797ebaea1c4b47efaaab149ae6a","samples.ts":"c83851b5a980b3393f486863e817058e223f5ed3942b115e1f2a0c73b5579f80","samples.json":"2ab29c2d1f1ae72f99d4c75e2a332f679a1d617181fb31cd64a6ec1a1170b39d","manifest.json":"cb2e43b471a4a4d6bb8a0c94c9d2ef9d9bb849a6ec92be19811887becada775e","scoring.ts":"9b14e083e0386b22e8cf864a64a1664daff5a5540f8ab9b49ce3ba250dd28033","estimates.ts":"00b3db5cd3368012af5059623338da50545cf9ffdadc38de52e8ff4cf63e5c06","build.ts":"7d087f5773b0883efce2eb4f947d62b45cf3c640a81e30a44e0e81866838b7e4","shell.html":"70dbc736013e06ecea558efa0365431dcae3fb70fe335588b9ac82c2b7e09ec4","browser.ts":"ec8ad1aacbcd679444fdf2ef9739a2b4a09bd903c89fde265ac0b1021662a071","capture-encoder.ts":"9dc486aabdfcb097a4126a2dc985d9a03e857a32aeacd8ff9bfa69bc4e52adba","THIRD-PARTY-LICENSES.md":"6a2ce916c1ad23e0b6f7fb8a47fbe9b81b868ceb5d8bc783b0f69a5ed80c6a11","../../contract/contract.ts":"c0f999c153074769c99c67ab2a71ad66c879e45e834713f3367b2bde4a1873d5","../../contract/rng.ts":"7cfcf3024723607e8dd1ce6ccc5683a48d71fcc617947304cc5b9f6d3d7842fe"},"evidenceScope":"full browser suite, profile saved before assertions","gates":{"minimumMeanFps":59,"maximumP95Ms":18},"errors":[],"externalRequests":[],"performance":{"name":"phone","viewport":{"width":390,"height":844},"throttle":4,"scenario":"eight seats, open human controller, seven concurrent bot inputs","frameFiltering":"none","intervalsMs":[16.69999999999999,16.600000000000023,16.69999999999999,16.700000000000045,16.59999999999991,16.700000000000045,16.700000000000045,16.59999999999991,16.700000000000045,16.700000000000045,16.59999999999991,16.700000000000045,16.600000000000023,16.699999999999932,16.700000000000045,16.700000000000045,16.59999999999991,16.700000000000045,16.600000000000023,16.699999999999932,16.600000000000023,16.700000000000045,16.699999999999932,16.700000000000045,16.600000000000023,16.600000000000023,16.799999999999955,16.600000000000023,16.699999999999932,16.700000000000045,16.700000000000045,16.59999999999991,16.600000000000023,16.700000000000045,16.699999999999932,16.700000000000045,16.59999999999991,16.700000000000045,16.600000000000136,16.699999999999818,16.700000000000045,16.600000000000136,16.699999999999818,16.700000000000045,16.600000000000136,16.699999999999818,16.700000000000045,16.600000000000136,16.699999999999818,16.700000000000045,16.700000000000045,16.59999999999991,16.700000000000045,16.600000000000136,16.699999999999818,16.700000000000045,16.600000000000136,16.699999999999818,16.700000000000045,16.700000000000045,16.59999999999991,16.600000000000136,16.700000000000045,16.699999999999818,16.700000000000045,16.600000000000136,16.699999999999818,16.600000000000136,16.799999999999955,16.59999999999991,16.700000000000045,16.700000000000045,16.59999999999991,16.700000000000045,16.600000000000136,16.699999999999818,16.700000000000045,16.600000000000136,16.699999999999818,16.700000000000045,16.600000000000136,16.699999999999818,16.600000000000136,16.700000000000045,16.59999999999991,16.700000000000045,16.799999999999955,16.5,16.799999999999955,16.600000000000136,16.699999999999818,16.600000000000136,16.700000000000045,16.699999999999818,16.600000000000136,16.700000000000045,16.699999999999818,16.700000000000273,16.59999999999991,16.699999999999818,16.59999999999991,16.700000000000273,16.59999999999991,16.699999999999818,16.700000000000273,16.699999999999818,16.700000000000273,16.59999999999991,16.699999999999818,16.59999999999991,16.700000000000273,16.699999999999818,16.59999999999991,16.700000000000273,16.699999999999818,16.59999999999991,16.600000000000364,16.799999999999727,16.59999999999991,16.700000000000273,16.699999999999818,16.59999999999991,16.700000000000273,16.59999999999991,16.699999999999818,16.600000000000364,16.799999999999727,16.59999999999991,16.700000000000273,16.699999999999818,16.59999999999991,16.700000000000273,16.699999999999818,16.59999999999991,16.700000000000273,16.699999999999818,16.59999999999991,16.700000000000273,16.59999999999991,16.699999999999818,16.700000000000273,16.699999999999818,16.700000000000273,16.59999999999991,16.699999999999818,16.59999999999991,16.700000000000273,16.699999999999818,16.59999999999991,16.700000000000273,16.59999999999991,16.699999999999818,16.700000000000273,16.699999999999818,16.59999999999991,16.700000000000273,16.59999999999991,16.699999999999818,16.700000000000273,16.59999999999991,16.699999999999818,16.600000000000364,16.699999999999818,16.699999999999818,16.600000000000364,16.699999999999818,16.699999999999818,16.700000000000273,16.59999999999991,16.699999999999818,16.600000000000364,16.699999999999818,16.699999999999818,16.700000000000273,16.59999999999991,16.699999999999818,16.600000000000364,16.699999999999818,16.699999999999818,16.700000000000273,16.59999999999991,16.699999999999818,16.700000000000273,16.59999999999991,16.699999999999818,16.600000000000364,16.699999999999818,16.699999999999818,16.700000000000273,16.59999999999991,16.59999999999991,16.700000000000273,16.699999999999818,16.59999999999991,16.700000000000273,16.699999999999818,16.699999999999818,16.600000000000364,16.699999999999818,16.59999999999991,16.700000000000273,16.699999999999818,16.699999999999818,16.700000000000273,16.59999999999991,16.699999999999818,16.600000000000364,16.699999999999818,16.699999999999818,16.700000000000273,16.59999999999991,16.699999999999818,16.600000000000364,16.699999999999818,16.59999999999991,16.800000000000182,16.59999999999991,16.699999999999818,16.600000000000364,16.599999999999454,16.700000000000728,16.799999999999272,16.600000000000364,16.600000000000364,16.699999999999818,16.699999999999818,16.699999999999818,16.600000000000364,16.699999999999818,16.699999999999818,16.600000000000364,16.699999999999818,16.699999999999818,16.699999999999818,16.600000000000364,16.600000000000364,16.699999999999818,16.699999999999818,16.600000000000364,16.699999999999818,16.599999999999454,16.800000000000182,16.600000000000364,16.599999999999454,16.800000000000182,16.600000000000364,16.699999999999818,16.699999999999818,16.600000000000364,16.699999999999818,16.699999999999818,16.600000000000364,16.699999999999818,16.699999999999818,16.600000000000364,16.599999999999454,16.700000000000728,16.699999999999818,16.699999999999818,16.600000000000364,16.699999999999818,16.699999999999818,16.600000000000364,16.699999999999818,16.699999999999818,16.600000000000364,16.599999999999454,16.699999999999818,16.700000000000728,16.599999999999454,16.699999999999818,16.800000000000182,16.600000000000364,16.599999999999454,16.700000000000728,16.699999999999818,16.699999999999818,16.600000000000364,16.699999999999818,16.699999999999818,16.600000000000364,16.699999999999818,16.699999999999818,16.600000000000364,16.699999999999818,16.599999999999454,16.700000000000728,16.699999999999818,16.599999999999454,16.700000000000728,16.699999999999818,16.699999999999818,16.600000000000364,16.599999999999454,16.699999999999818,16.700000000000728,16.599999999999454,16.800000000000182,16.600000000000364,16.699999999999818],"frames":300,"meanMs":16.666,"p95Ms":16.700000000000728,"p99Ms":16.800000000000182,"fps":60.00240009600384}}
2026-10-08T21:19:10.4535141Z {
2026-10-08T21:19:10.4535332Z   name: 'phone',
2026-10-08T21:19:10.4535541Z   frames: 300,
2026-10-08T21:19:10.4535728Z   fps: 60.00240009600384,
2026-10-08T21:19:10.4535936Z   p95Ms: 16.700000000000728,
2026-10-08T21:19:10.4536298Z   p99Ms: 16.800000000000182,
2026-10-08T21:19:10.4536539Z   rawFile: 'browser-raw-3-phone.json'
2026-10-08T21:19:10.4536774Z }
2026-10-08T21:19:10.6642899Z G04_COMPLETE_REPORT {"functional":["3s wheel / 10s demo / exact pause-shifted deadline / end and restart","all eight realm wedges land under the wheel pointer","number control / private handover / exact score","choice control / private handover / exact score","century control / private handover / exact score","decade control / private handover / exact score","bluff write/vote/reveal / duplicates / own vote disabled / escaped user text","correct-write credit confirmation is private and concealed before handover","bluff/number/range drafts survive hide and pause, remain absent from hidden DOM and never cross owners","draft and keyboard focus survive another player’s input","full quick, 2 seats, eight rounds, finite results, no overflow","full quick, 4 seats, eight rounds, finite results, no overflow","full quick, 8 seats, eight rounds, finite results, no overflow","full mixed, 2 seats, eight rounds, finite results, no overflow","full mixed, 4 seats, eight rounds, finite results, no overflow","full mixed, 8 seats, eight rounds, finite results, no overflow","full bluff, 2 seats, eight rounds, finite results, no overflow","full bluff, 4 seats, eight rounds, finite results, no overflow","full bluff, 8 seats, eight rounds, finite results, no overflow","phone controller has question, live timer and keyboard focus; shared board returns after hide","maximum-length unbroken bluffs wrap within the phone viewport","reduced-motion disables wheel animation"],"evidenceScope":"full browser suite","navigationMode":"Actual self-contained play.html opened from disk via file://","htmlSha256":"e5701ea67a70424bd205ae6ff303fa34de9922b80bb72449fb5ea80b2eff984b","htmlSha256AtEnd":"e5701ea67a70424bd205ae6ff303fa34de9922b80bb72449fb5ea80b2eff984b","sourceHashesAtStart":{"play.html":"e5701ea67a70424bd205ae6ff303fa34de9922b80bb72449fb5ea80b2eff984b","ui.ts":"57b121f75a3a4e145017b4bdfa83bb677be95b9c87859ccb3e03388f340f6d6c","core.ts":"95948fd63963c79e60a526a392f6a1cff532933d309f093761b71d7b182282c1","bots.ts":"5b001d5fd5a573022c24643a3936e53e80df9797ebaea1c4b47efaaab149ae6a","samples.ts":"c83851b5a980b3393f486863e817058e223f5ed3942b115e1f2a0c73b5579f80","samples.json":"2ab29c2d1f1ae72f99d4c75e2a332f679a1d617181fb31cd64a6ec1a1170b39d","manifest.json":"cb2e43b471a4a4d6bb8a0c94c9d2ef9d9bb849a6ec92be19811887becada775e","scoring.ts":"9b14e083e0386b22e8cf864a64a1664daff5a5540f8ab9b49ce3ba250dd28033","estimates.ts":"00b3db5cd3368012af5059623338da50545cf9ffdadc38de52e8ff4cf63e5c06","build.ts":"7d087f5773b0883efce2eb4f947d62b45cf3c640a81e30a44e0e81866838b7e4","shell.html":"70dbc736013e06ecea558efa0365431dcae3fb70fe335588b9ac82c2b7e09ec4","browser.ts":"ec8ad1aacbcd679444fdf2ef9739a2b4a09bd903c89fde265ac0b1021662a071","capture-encoder.ts":"9dc486aabdfcb097a4126a2dc985d9a03e857a32aeacd8ff9bfa69bc4e52adba","THIRD-PARTY-LICENSES.md":"6a2ce916c1ad23e0b6f7fb8a47fbe9b81b868ceb5d8bc783b0f69a5ed80c6a11","../../contract/contract.ts":"c0f999c153074769c99c67ab2a71ad66c879e45e834713f3367b2bde4a1873d5","../../contract/rng.ts":"7cfcf3024723607e8dd1ce6ccc5683a48d71fcc617947304cc5b9f6d3d7842fe"},"sourceHashesAtEnd":{"play.html":"e5701ea67a70424bd205ae6ff303fa34de9922b80bb72449fb5ea80b2eff984b","ui.ts":"57b121f75a3a4e145017b4bdfa83bb677be95b9c87859ccb3e03388f340f6d6c","core.ts":"95948fd63963c79e60a526a392f6a1cff532933d309f093761b71d7b182282c1","bots.ts":"5b001d5fd5a573022c24643a3936e53e80df9797ebaea1c4b47efaaab149ae6a","samples.ts":"c83851b5a980b3393f486863e817058e223f5ed3942b115e1f2a0c73b5579f80","samples.json":"2ab29c2d1f1ae72f99d4c75e2a332f679a1d617181fb31cd64a6ec1a1170b39d","manifest.json":"cb2e43b471a4a4d6bb8a0c94c9d2ef9d9bb849a6ec92be19811887becada775e","scoring.ts":"9b14e083e0386b22e8cf864a64a1664daff5a5540f8ab9b49ce3ba250dd28033","estimates.ts":"00b3db5cd3368012af5059623338da50545cf9ffdadc38de52e8ff4cf63e5c06","build.ts":"7d087f5773b0883efce2eb4f947d62b45cf3c640a81e30a44e0e81866838b7e4","shell.html":"70dbc736013e06ecea558efa0365431dcae3fb70fe335588b9ac82c2b7e09ec4","browser.ts":"ec8ad1aacbcd679444fdf2ef9739a2b4a09bd903c89fde265ac0b1021662a071","capture-encoder.ts":"9dc486aabdfcb097a4126a2dc985d9a03e857a32aeacd8ff9bfa69bc4e52adba","THIRD-PARTY-LICENSES.md":"6a2ce916c1ad23e0b6f7fb8a47fbe9b81b868ceb5d8bc783b0f69a5ed80c6a11","../../contract/contract.ts":"c0f999c153074769c99c67ab2a71ad66c879e45e834713f3367b2bde4a1873d5","../../contract/rng.ts":"7cfcf3024723607e8dd1ce6ccc5683a48d71fcc617947304cc5b9f6d3d7842fe"},"sourceUnchanged":true,"externalRequests":[],"errors":[],"performance":[{"name":"tv","viewport":{"width":1920,"height":1080},"throttle":1,"scenario":"eight seats, open human controller, seven concurrent bot inputs","frameFiltering":"none","intervalsMs":[16.634000000000015,16.599999999999966,16.700000000000045,16.69999999999999,16.69999999999999,16.69999999999999,16.600000000000023,16.69999999999999,16.69999999999999,16.600000000000023,16.69999999999999,16.69999999999999,16.600000000000023,16.69999999999999,16.600000000000023,16.699999999999932,16.700000000000045,16.600000000000023,16.699999999999932,16.700000000000045,16.600000000000023,16.699999999999932,16.600000000000023,16.700000000000045,16.699999999999932,16.700000000000045,16.600000000000023,16.699999999999932,16.700000000000045,16.600000000000023,16.699999999999932,16.600000000000023,16.700000000000045,16.699999999999932,16.700000000000045,16.600000000000023,16.699999999999932,16.600000000000023,16.800000000000068,16.59999999999991,16.600000000000023,16.700000000000045,16.699999999999932,16.700000000000045,16.600000000000023,16.699999999999932,16.700000000000045,16.59999999999991,16.700000000000045,16.700000000000045,16.59999999999991,16.700000000000045,16.600000000000136,16.699999999999818,16.700000000000045,16.600000000000136,16.699999999999818,16.700000000000045,16.600000000000136,16.699999999999818,16.600000000000136,16.700000000000045,16.699999999999818,16.600000000000136,16.700000000000045,16.699999999999818,16.700000000000045,16.600000000000136,16.699999999999818,16.700000000000045,16.600000000000136,16.699999999999818,16.700000000000045,16.600000000000136,16.699999999999818,16.600000000000136,16.799999999999955,16.59999999999991,16.700000000000045,16.700000000000045,16.59999999999991,16.700000000000045,16.600000000000136,16.699999999999818,16.600000000000136,16.700000000000045,16.699999999999818,16.600000000000136,16.799999999999955,16.59999999999991,16.700000000000045,16.600000000000136,16.699999999999818,16.700000000000045,16.600000000000136,16.699999999999818,16.600000000000136,16.700000000000045,16.699999999999818,16.600000000000136,16.700000000000045,16.699999999999818,16.600000000000136,16.700000000000045,16.699999999999818,16.600000000000136,16.700000000000045,16.699999999999818,16.700000000000273,16.59999999999991,16.59999999999991,16.800000000000182,16.699999999999818,16.59999999999991,16.700000000000273,16.59999999999991,16.59999999999991,16.699999999999818,16.700000000000273,16.59999999999991,16.800000000000182,16.59999999999991,16.699999999999818,16.700000000000273,16.59999999999991,16.59999999999991,16.699999999999818,16.700000000000273,16.59999999999991,16.699999999999818,16.700000000000273,16.699999999999818,16.59999999999991,16.700000000000273,16.59999999999991,16.800000000000182,16.59999999999991,16.59999999999991,16.699999999999818,16.700000000000273,16.699999999999818,16.700000000000273,16.59999999999991,16.59999999999991,16.699999999999818,16.700000000000273,16.59999999999991,16.699999999999818,16.700000000000273,16.59999999999991,16.699999999999818,16.600000000000364,16.699999999999818,16.699999999999818,16.700000000000273,16.699999999999818,16.59999999999991,16.600000000000364,16.699999999999818,16.699999999999818,16.600000000000364,16.699999999999818,16.699999999999818,16.600000000000364,16.699999999999818,16.699999999999818,16.600000000000364,16.699999999999818,16.699999999999818,16.600000000000364,16.699999999999818,16.699999999999818,16.700000000000273,16.59999999999991,16.699999999999818,16.700000000000273,16.59999999999991,16.699999999999818,16.600000000000364,16.699999999999818,16.699999999999818,16.600000000000364,16.699999999999818,16.699999999999818,16.600000000000364,16.799999999999727,16.59999999999991,16.700000000000273,16.59999999999991,16.699999999999818,16.600000000000364,16.699999999999818,16.699999999999818,16.600000000000364,16.799999999999727,16.59999999999991,16.600000000000364,16.699999999999818,16.699999999999818,16.600000000000364,16.699999999999818,16.699999999999818,16.700000000000273,16.59999999999991,16.699999999999818,16.600000000000364,16.699999999999818,16.699999999999818,16.600000000000364,16.699999999999818,16.699999999999818,16.700000000000273,16.59999999999991,16.59999999999991,16.700000000000273,16.699999999999818,16.699999999999818,16.700000000000273,16.59999999999991,16.699999999999818,16.600000000000364,16.699999999999818,16.59999999999991,16.800000000000182,16.59999999999991,16.699999999999818,16.600000000000364,16.699999999999818,16.699999999999818,16.600000000000364,16.699999999999818,16.699999999999818,16.600000000000364,16.699999999999818,16.600000000000364,16.699999999999818,16.699999999999818,16.699999999999818,16.699999999999818,16.600000000000364,16.699999999999818,16.600000000000364,16.699999999999818,16.600000000000364,16.699999999999818,16.699999999999818,16.699999999999818,16.600000000000364,16.699999999999818,16.699999999999818,16.699999999999818,16.5,16.700000000000728,16.699999999999818,16.699999999999818,16.600000000000364,16.699999999999818,16.599999999999454,16.700000000000728,16.699999999999818,16.699999999999818,16.699999999999818,16.600000000000364,16.699999999999818,16.600000000000364,16.699999999999818,16.599999999999454,16.800000000000182,16.600000000000364,16.699999999999818,16.600000000000364,16.699999999999818,16.699999999999818,16.699999999999818,16.600000000000364,16.599999999999454,16.700000000000728,16.699999999999818,16.699999999999818,16.699999999999818,16.600000000000364,16.699999999999818,16.699999999999818,16.600000000000364,16.599999999999454,16.700000000000728,16.699999999999818,16.599999999999454,16.700000000000728,16.699999999999818,16.599999999999454,16.700000000000728,16.699999999999818,16.599999999999454,16.700000000000728,16.699999999999818,16.599999999999454,16.700000000000728,16.699999999999818,16.699999999999818],"frames":300,"meanMs":16.666113333333335,"p95Ms":16.700000000000728,"p99Ms":16.800000000000182,"fps":60.00199206613659},{"name":"phone","viewport":{"width":390,"height":844},"throttle":4,"scenario":"eight seats, open human controller, seven concurrent bot inputs","frameFiltering":"none","intervalsMs":[16.69999999999999,16.600000000000023,16.69999999999999,16.700000000000045,16.59999999999991,16.700000000000045,16.700000000000045,16.59999999999991,16.700000000000045,16.700000000000045,16.59999999999991,16.700000000000045,16.600000000000023,16.699999999999932,16.700000000000045,16.700000000000045,16.59999999999991,16.700000000000045,16.600000000000023,16.699999999999932,16.600000000000023,16.700000000000045,16.699999999999932,16.700000000000045,16.600000000000023,16.600000000000023,16.799999999999955,16.600000000000023,16.699999999999932,16.700000000000045,16.700000000000045,16.59999999999991,16.600000000000023,16.700000000000045,16.699999999999932,16.700000000000045,16.59999999999991,16.700000000000045,16.600000000000136,16.699999999999818,16.700000000000045,16.600000000000136,16.699999999999818,16.700000000000045,16.600000000000136,16.699999999999818,16.700000000000045,16.600000000000136,16.699999999999818,16.700000000000045,16.700000000000045,16.59999999999991,16.700000000000045,16.600000000000136,16.699999999999818,16.700000000000045,16.600000000000136,16.699999999999818,16.700000000000045,16.700000000000045,16.59999999999991,16.600000000000136,16.700000000000045,16.699999999999818,16.700000000000045,16.600000000000136,16.699999999999818,16.600000000000136,16.799999999999955,16.59999999999991,16.700000000000045,16.700000000000045,16.59999999999991,16.700000000000045,16.600000000000136,16.699999999999818,16.700000000000045,16.600000000000136,16.699999999999818,16.700000000000045,16.600000000000136,16.699999999999818,16.600000000000136,16.700000000000045,16.59999999999991,16.700000000000045,16.799999999999955,16.5,16.799999999999955,16.600000000000136,16.699999999999818,16.600000000000136,16.700000000000045,16.699999999999818,16.600000000000136,16.700000000000045,16.699999999999818,16.700000000000273,16.59999999999991,16.699999999999818,16.59999999999991,16.700000000000273,16.59999999999991,16.699999999999818,16.700000000000273,16.699999999999818,16.700000000000273,16.59999999999991,16.699999999999818,16.59999999999991,16.700000000000273,16.699999999999818,16.59999999999991,16.700000000000273,16.699999999999818,16.59999999999991,16.600000000000364,16.799999999999727,16.59999999999991,16.700000000000273,16.699999999999818,16.59999999999991,16.700000000000273,16.59999999999991,16.699999999999818,16.600000000000364,16.799999999999727,16.59999999999991,16.700000000000273,16.699999999999818,16.59999999999991,16.700000000000273,16.699999999999818,16.59999999999991,16.700000000000273,16.699999999999818,16.59999999999991,16.700000000000273,16.59999999999991,16.699999999999818,16.700000000000273,16.699999999999818,16.700000000000273,16.59999999999991,16.699999999999818,16.59999999999991,16.700000000000273,16.699999999999818,16.59999999999991,16.700000000000273,16.59999999999991,16.699999999999818,16.700000000000273,16.699999999999818,16.59999999999991,16.700000000000273,16.59999999999991,16.699999999999818,16.700000000000273,16.59999999999991,16.699999999999818,16.600000000000364,16.699999999999818,16.699999999999818,16.600000000000364,16.699999999999818,16.699999999999818,16.700000000000273,16.59999999999991,16.699999999999818,16.600000000000364,16.699999999999818,16.699999999999818,16.700000000000273,16.59999999999991,16.699999999999818,16.600000000000364,16.699999999999818,16.699999999999818,16.700000000000273,16.59999999999991,16.699999999999818,16.700000000000273,16.59999999999991,16.699999999999818,16.600000000000364,16.699999999999818,16.699999999999818,16.700000000000273,16.59999999999991,16.59999999999991,16.700000000000273,16.699999999999818,16.59999999999991,16.700000000000273,16.699999999999818,16.699999999999818,16.600000000000364,16.699999999999818,16.59999999999991,16.700000000000273,16.699999999999818,16.699999999999818,16.700000000000273,16.59999999999991,16.699999999999818,16.600000000000364,16.699999999999818,16.699999999999818,16.700000000000273,16.59999999999991,16.699999999999818,16.600000000000364,16.699999999999818,16.59999999999991,16.800000000000182,16.59999999999991,16.699999999999818,16.600000000000364,16.599999999999454,16.700000000000728,16.799999999999272,16.600000000000364,16.600000000000364,16.699999999999818,16.699999999999818,16.699999999999818,16.600000000000364,16.699999999999818,16.699999999999818,16.600000000000364,16.699999999999818,16.699999999999818,16.699999999999818,16.600000000000364,16.600000000000364,16.699999999999818,16.699999999999818,16.600000000000364,16.699999999999818,16.599999999999454,16.800000000000182,16.600000000000364,16.599999999999454,16.800000000000182,16.600000000000364,16.699999999999818,16.699999999999818,16.600000000000364,16.699999999999818,16.699999999999818,16.600000000000364,16.699999999999818,16.699999999999818,16.600000000000364,16.599999999999454,16.700000000000728,16.699999999999818,16.699999999999818,16.600000000000364,16.699999999999818,16.699999999999818,16.600000000000364,16.699999999999818,16.699999999999818,16.600000000000364,16.599999999999454,16.699999999999818,16.700000000000728,16.599999999999454,16.699999999999818,16.800000000000182,16.600000000000364,16.599999999999454,16.700000000000728,16.699999999999818,16.699999999999818,16.600000000000364,16.699999999999818,16.699999999999818,16.600000000000364,16.699999999999818,16.699999999999818,16.600000000000364,16.699999999999818,16.599999999999454,16.700000000000728,16.699999999999818,16.599999999999454,16.700000000000728,16.699999999999818,16.699999999999818,16.600000000000364,16.599999999999454,16.699999999999818,16.700000000000728,16.599999999999454,16.800000000000182,16.600000000000364,16.699999999999818],"frames":300,"meanMs":16.666,"p95Ms":16.700000000000728,"p99Ms":16.800000000000182,"fps":60.00240009600384}],"physicalPhone":"unavailable; 390×844 Chromium with 4× CPU is the measured approximation","capture":"media/milestone-15-browser-repeat-3.webm","captureBytes":211667,"captureSha256":"4d84ad92c223b6523e7306b045a1f662623fbc043a077c03084541be387548d9"}
2026-10-08T21:19:10.6693609Z Browser 22 functional scenarios, offline,privacy,reduced-motion,frame times and capture passed (sample 3)
2026-10-08T21:19:10.7649072Z {
2026-10-08T21:19:10.7649588Z   "suite": "current-browser-proof",
2026-10-08T21:19:10.7650088Z   "currentAcceptance": true,
2026-10-08T21:19:10.7650466Z   "fullRuns": 3,
2026-10-08T21:19:10.7650792Z   "functionalScenarios": 66,
2026-10-08T21:19:10.7651565Z   "profiles": 6,
2026-10-08T21:19:10.7651839Z   "rawIntervals": 1800,
2026-10-08T21:19:10.7652124Z   "sourceGuards": 16,
2026-10-08T21:19:10.7652402Z   "unfiltered": true,
2026-10-08T21:19:10.7652703Z   "capturesVerified": 3
2026-10-08T21:19:10.7652977Z }
2026-10-08T21:19:10.8491353Z {
2026-10-08T21:19:10.8491787Z   "suite": "browser-proof-self-test",
2026-10-08T21:19:10.8492190Z   "historyOnly": true,
2026-10-08T21:19:10.8492511Z   "currentAcceptance": false,
2026-10-08T21:19:10.8492811Z   "historicalRuns": 3,
2026-10-08T21:19:10.8493084Z   "historicalProfiles": 6,
2026-10-08T21:19:10.8493569Z   "historicalRawIntervals": 1800,
2026-10-08T21:19:10.8493912Z   "hostedCaptureContentsRead": false,
2026-10-08T21:19:10.8494236Z   "localCaptureOnly": {
2026-10-08T21:19:10.8494611Z     "path": "media/milestone-15-pinned-encoder.webm",
2026-10-08T21:19:10.8495006Z     "bytes": 156846,
2026-10-08T21:19:10.8495453Z     "sha256": "6609bc263b72bf2b7d994db2f5db43e67478b2d20509debef7e881355c5d8c8f",
2026-10-08T21:19:10.8496008Z     "pairedWithHostedProof": false
2026-10-08T21:19:10.8496292Z   },
2026-10-08T21:19:10.8496504Z   "corruptionsRejected": 23,
2026-10-08T21:19:10.8496778Z   "corruptions": [
2026-10-08T21:19:10.8497032Z     "missing source guards",
2026-10-08T21:19:10.8497331Z     "stale source guard",
2026-10-08T21:19:10.8497631Z     "changed end guard",
2026-10-08T21:19:10.8497920Z     "historical setContent",
2026-10-08T21:19:10.8498235Z     "frame-only report",
2026-10-08T21:19:10.8498569Z     "missing functional scenario",
2026-10-08T21:19:10.8498885Z     "truncated raw",
2026-10-08T21:19:10.8499127Z     "filtered raw",
2026-10-08T21:19:10.8499373Z     "invalid interval",
2026-10-08T21:19:10.8499701Z     "wrong meanMs",
2026-10-08T21:19:10.8499957Z     "wrong fps",
2026-10-08T21:19:10.8500181Z     "wrong p95Ms",
2026-10-08T21:19:10.8500430Z     "wrong p99Ms",
2026-10-08T21:19:10.8500678Z     "wrong viewport",
2026-10-08T21:19:10.8500928Z     "wrong phone throttle",
2026-10-08T21:19:10.8501252Z     "page error",
2026-10-08T21:19:10.8501523Z     "network request",
2026-10-08T21:19:10.8501766Z     "relaxed gate",
2026-10-08T21:19:10.8502037Z     "below FPS",
2026-10-08T21:19:10.8502277Z     "above p95",
2026-10-08T21:19:10.8502563Z     "capture hash mismatch",
2026-10-08T21:19:10.8502879Z     "capture byte mismatch",
2026-10-08T21:19:10.8503200Z     "missing capture hash"
2026-10-08T21:19:10.8503599Z   ],
2026-10-08T21:19:10.8503910Z   "commentProbe": null
2026-10-08T21:19:10.8504181Z }
2026-10-08T21:19:10.9675678Z {"frameWindow":"READY","profile":"tv","sourceSha256":"aaaaaaaaaaaaaaaaaaaaaaaaaaaaaaaaaaaaaaaaaaaaaaaaaaaaaaaaaaaaaaaa","attemptNonce":"274f116f-817b-422e-85ba-4d5b72b813f3","utc":"2026-10-08T21:19:10.964Z"}
2026-10-08T21:19:10.9684705Z ✔ exact per-attempt grant rejects stale nonce, source, profile, malformed and extra fields (1.324413ms)
2026-10-08T21:19:11.1678259Z {"frameWindow":"CLOSED","profile":"tv","sourceSha256":"aaaaaaaaaaaaaaaaaaaaaaaaaaaaaaaaaaaaaaaaaaaaaaaaaaaaaaaaaaaaaaaa","attemptNonce":"274f116f-817b-422e-85ba-4d5b72b813f3","coordination":"root-granted","readyUtc":"2026-10-08T21:19:10.964Z","grantUtc":"2026-10-08T21:19:11.166Z","status":"control-only","rawIntervals":0,"utc":"2026-10-08T21:19:11.167Z"}
2026-10-08T21:19:11.5664131Z ✔ actual asynchronous barrier consumes only this READY nonce and closes its own receipt (203.49069ms)
2026-10-08T21:19:11.5665037Z ✔ independent acceptance refuses filtered, truncated, stale, inactive, frozen-time and miscomputed proof (304.717721ms)
2026-10-08T21:19:11.5665878Z ✔ every loaded local checker, schema and pinned runtime identity belongs to current source guards (92.102ms)
2026-10-08T21:19:11.5808743Z ℹ tests 4
2026-10-08T21:19:11.5809073Z ℹ suites 0
2026-10-08T21:19:11.5809359Z ℹ pass 4
2026-10-08T21:19:11.5809599Z ℹ fail 0
2026-10-08T21:19:11.5809844Z ℹ cancelled 0
2026-10-08T21:19:11.5810122Z ℹ skipped 0
2026-10-08T21:19:11.5810470Z ℹ todo 0
2026-10-08T21:19:11.5810673Z ℹ duration_ms 700.36905
2026-10-08T21:19:22.6745528Z {"frameWindow":"CLOSED","profile":"tv","sourceSha256":"e5701ea67a70424bd205ae6ff303fa34de9922b80bb72449fb5ea80b2eff984b","attemptNonce":"8cb6d2b2-05c4-498f-ae78-1119572ed606","coordination":"uncoordinated","readyUtc":null,"grantUtc":null,"status":"samples-written","rawIntervals":600,"rawPath":".work/strict/tv-raw.json","utc":"2026-10-08T21:19:22.673Z"}
2026-10-08T21:19:22.6768012Z {"profile":"tv","actualIntervals":600,"nativeTimestamps":601,"activeWitnesses":601,"fps":60.00240009600384,"p95Ms":16.700000000000728,"p99Ms":16.800000000000182,"maxMs":16.80000000000109,"sourceGuards":1034}
2026-10-08T21:19:33.4583757Z {"frameWindow":"CLOSED","profile":"phone","sourceSha256":"e5701ea67a70424bd205ae6ff303fa34de9922b80bb72449fb5ea80b2eff984b","attemptNonce":"22829b03-bd3a-4e68-a81e-13ea95c55191","coordination":"uncoordinated","readyUtc":null,"grantUtc":null,"status":"samples-written","rawIntervals":600,"rawPath":".work/strict/phone-raw.json","utc":"2026-10-08T21:19:33.457Z"}
2026-10-08T21:19:33.4614350Z {"profile":"phone","actualIntervals":600,"nativeTimestamps":601,"activeWitnesses":601,"fps":60.00279613029967,"p95Ms":16.700000000000728,"p99Ms":16.800000000000182,"maxMs":16.80000000000109,"sourceGuards":1034}
2026-10-08T21:19:43.4967048Z {"suite":"strict-current-native-browser-proof","profiles":2,"unfilteredIntervals":1200,"nativeTimestamps":1202,"activeFrameWitnesses":1202,"sourceGuards":1034,"decodedCurrentCaptures":2,"physicalPhoneTested":false}
2026-10-08T21:19:44.3276887Z {
2026-10-08T21:19:44.3277331Z   "suite": "strict-current-native-browser-proof",
2026-10-08T21:19:44.3277660Z   "profiles": 2,
2026-10-08T21:19:44.3277883Z   "unfilteredIntervals": 1200,
2026-10-08T21:19:44.3278105Z   "nativeTimestamps": 1202,
2026-10-08T21:19:44.3278330Z   "activeFrameWitnesses": 1202,
2026-10-08T21:19:44.3278540Z   "sourceGuards": 1034,
2026-10-08T21:19:44.3278749Z   "decodedCurrentCaptures": 2,
2026-10-08T21:19:44.3278980Z   "physicalPhoneTested": false
2026-10-08T21:19:44.3279175Z }
2026-10-08T21:19:47.4125657Z {
2026-10-08T21:19:47.4125993Z   "suite": "current-capture-counterfeit-controls",
2026-10-08T21:19:47.4126352Z   "actualCurrentPositive": 2,
2026-10-08T21:19:47.4126581Z   "rejected": 18,
2026-10-08T21:19:47.4126806Z   "realWrongSizeClipRejected": true,
2026-10-08T21:19:47.4127109Z   "coherentlyHashedInvalidMediaRejected": true,
2026-10-08T21:19:47.4127409Z   "actualCurrentBytesRestored": true
2026-10-08T21:19:47.4127621Z }
2026-10-08T21:19:47.4943805Z 147 data/media checksums written
2026-10-08T21:19:47.5784303Z 147 data/media checksums verified
2026-10-08T21:19:47.6008057Z ##[group]Run actions/upload-artifact@v4
2026-10-08T21:19:47.6008298Z with:
2026-10-08T21:19:47.6008562Z   name: G04-browser-evidence-7e077efa11354e5f19f981b26975b7dcff1eae18
2026-10-08T21:19:47.6008890Z   if-no-files-found: warn
2026-10-08T21:19:47.6009090Z   include-hidden-files: true
2026-10-08T21:19:47.6010194Z   path: jobs/G04-reality-check/browser-report.json
jobs/G04-reality-check/browser-repeat-*.json
jobs/G04-reality-check/browser-raw-*.json
jobs/G04-reality-check/late-input-report.json
jobs/G04-reality-check/media/milestone-15-browser*.webm
jobs/G04-reality-check/.work/strict/*.json
jobs/G04-reality-check/media/strict-reverify-2019-*.webm

2026-10-08T21:19:47.6011325Z   compression-level: 6
2026-10-08T21:19:47.6011509Z   overwrite: false
2026-10-08T21:19:47.6011680Z ##[endgroup]
2026-10-08T21:19:47.7334854Z (node:7116) [DEP0040] DeprecationWarning: The `punycode` module is deprecated. Please use a userland alternative instead.
2026-10-08T21:19:47.7336089Z (Use `node --trace-deprecation ...` to show where the warning was created)
2026-10-08T21:19:47.7658953Z With the provided path, there will be 20 files uploaded
2026-10-08T21:19:47.7663689Z Artifact name is valid!
2026-10-08T21:19:47.7664376Z Root directory input is valid!
2026-10-08T21:19:48.0875047Z Beginning upload of artifact content to blob storage
2026-10-08T21:19:48.1761726Z (node:7116) [DEP0169] DeprecationWarning: `url.parse()` behavior is not standardized and prone to errors that have security implications. Use the WHATWG URL API instead. CVEs are not issued for `url.parse()` vulnerabilities.
2026-10-08T21:19:48.7007404Z Uploaded bytes 1428663
2026-10-08T21:19:48.7575032Z Finished uploading artifact content to blob storage!
2026-10-08T21:19:48.7576237Z SHA256 digest of uploaded artifact zip is 2bc3f3d7e5d5b40f3ac3f2487b8a46394a5429ccfa7f77d68cc31f1b7fc81fa1
2026-10-08T21:19:48.7577174Z Finalizing artifact upload
2026-10-08T21:19:49.0534174Z Artifact G04-browser-evidence-7e077efa11354e5f19f981b26975b7dcff1eae18.zip successfully finalized. Artifact ID 11579627268
2026-10-08T21:19:49.0535653Z Artifact G04-browser-evidence-7e077efa11354e5f19f981b26975b7dcff1eae18 has been successfully uploaded! Final size is 1428663 bytes. Artifact ID is 11579627268
2026-10-08T21:19:49.0539489Z Artifact download URL: https://github.com/luisitin/partybox-game-cores/actions/runs/37845083064/artifacts/11579627268
2026-10-08T21:19:49.0693613Z Post job cleanup.
2026-10-08T21:19:49.1673091Z (node:7130) [DEP0040] DeprecationWarning: The `punycode` module is deprecated. Please use a userland alternative instead.
2026-10-08T21:19:49.1674453Z (Use `node --trace-deprecation ...` to show where the warning was created)
2026-10-08T21:19:49.1675982Z Cache hit occurred on the primary key node-cache-Linux-x64-npm-4ad2ea5b4c18925d01159792879174cf9d8d246cb3de5e98f3319db32e3ed21a, not saving cache.
2026-10-08T21:19:49.1785974Z Post job cleanup.
2026-10-08T21:19:49.2467480Z [command]/usr/bin/git version
2026-10-08T21:19:49.2502135Z git version 2.55.0
2026-10-08T21:19:49.2530206Z Temporarily overriding HOME='/home/runner/work/_temp/5bdca7a2-fcb1-459a-8f59-9a1955e91fa3' before making global git config changes
2026-10-08T21:19:49.2531477Z Adding repository directory to the temporary git global config as a safe directory
2026-10-08T21:19:49.2535029Z [command]/usr/bin/git config --global --add safe.directory /home/runner/work/partybox-game-cores/partybox-game-cores
2026-10-08T21:19:49.2566371Z [command]/usr/bin/git config --local --name-only --get-regexp core\.sshCommand
2026-10-08T21:19:49.2595323Z [command]/usr/bin/git submodule foreach --recursive sh -c "git config --local --name-only --get-regexp 'core\.sshCommand' && git config --local --unset-all 'core.sshCommand' || :"
2026-10-08T21:19:49.2839964Z [command]/usr/bin/git config --local --name-only --get-regexp http\.https\:\/\/github\.com\/\.extraheader
2026-10-08T21:19:49.2887803Z http.https://github.com/.extraheader
2026-10-08T21:19:49.2915922Z [command]/usr/bin/git config --local --unset-all http.https://github.com/.extraheader
2026-10-08T21:19:49.2951233Z [command]/usr/bin/git submodule foreach --recursive sh -c "git config --local --name-only --get-regexp 'http\.https\:\/\/github\.com\/\.extraheader' && git config --local --unset-all 'http.https://github.com/.extraheader' || :"
2026-10-08T21:19:49.3178114Z [command]/usr/bin/git config --local --name-only --get-regexp ^includeIf\.gitdir:
2026-10-08T21:19:49.3221557Z [command]/usr/bin/git submodule foreach --recursive git config --local --show-origin --name-only --get-regexp remote.origin.url
2026-10-08T21:19:49.3631870Z Cleaning up orphan processes
2026-10-08T21:19:49.3950101Z ##[warning]Node.js 20 is deprecated. The following actions target Node.js 20 but are being forced to run on Node.js 24: actions/checkout@v4, actions/setup-node@v4, actions/upload-artifact@v4. For more information see: https://github.blog/changelog/2025-09-19-deprecation-of-node-20-on-github-actions-runners/

