2026-10-09T00:32:53.7284533Z Current runner version: '2.337.0'
2026-10-09T00:32:53.7313176Z ##[group]Runner Image Provisioner
2026-10-09T00:32:53.7314177Z Hosted Compute Agent
2026-10-09T00:32:53.7314969Z Version: 20261002.596
2026-10-09T00:32:53.7315679Z Commit: c3d12f3313a95f25162a1503be624f3b0617f8c0
2026-10-09T00:32:53.7316809Z Build Date: 2026-10-02T22:28:27Z
2026-10-09T00:32:53.7317623Z Worker ID: {88047153-f251-442b-abca-a551c2cbb09f}
2026-10-09T00:32:53.7318397Z Region: westcentralus
2026-10-09T00:32:53.7319115Z Cloud: Azure
2026-10-09T00:32:53.7319726Z ##[endgroup]
2026-10-09T00:32:53.7321407Z ##[group]Operating System
2026-10-09T00:32:53.7322156Z Ubuntu
2026-10-09T00:32:53.7322741Z 24.04.5
2026-10-09T00:32:53.7323393Z LTS
2026-10-09T00:32:53.7324045Z ##[endgroup]
2026-10-09T00:32:53.7324698Z ##[group]Runner Image
2026-10-09T00:32:53.7325501Z Image: ubuntu-24.04
2026-10-09T00:32:53.7326583Z Version: 20261004.327.1
2026-10-09T00:32:53.7328036Z Included Software: https://github.com/actions/runner-images/blob/ubuntu24/20261004.327/images/ubuntu/Ubuntu2404-Readme.md
2026-10-09T00:32:53.7329676Z Image Release: https://github.com/actions/runner-images/releases/tag/ubuntu24%2F20261004.327
2026-10-09T00:32:53.7330857Z ##[endgroup]
2026-10-09T00:32:53.7332042Z ##[group]GITHUB_TOKEN Permissions
2026-10-09T00:32:53.7334134Z Contents: read
2026-10-09T00:32:53.7334856Z Metadata: read
2026-10-09T00:32:53.7335638Z ##[endgroup]
2026-10-09T00:32:53.7338110Z Secret source: Actions
2026-10-09T00:32:53.7339271Z Cache mode: write
2026-10-09T00:32:53.7340084Z Prepare workflow directory
2026-10-09T00:32:53.7959945Z Prepare all required actions
2026-10-09T00:32:53.8018981Z Getting action download info
2026-10-09T00:32:54.1104501Z Download action repository 'actions/checkout@v4' (SHA:11d5960a326750d5838078e36cf38b85af677262)
2026-10-09T00:32:54.2231542Z Download action repository 'actions/setup-node@v4' (SHA:49933ea5288caeca8642d1e84afbd3f7d6820020)
2026-10-09T00:32:54.3183898Z Download action repository 'actions/upload-artifact@v4' (SHA:ea165f8d65b6e75b540449e92b4886f43607fa02)
2026-10-09T00:32:54.5134834Z Complete job name: checks (browser)
2026-10-09T00:32:54.6048212Z ##[group]Run actions/checkout@v4
2026-10-09T00:32:54.6049948Z with:
2026-10-09T00:32:54.6051189Z   ref: 8b4bf64639d690247cb1929a0ad0ae25af11de70
2026-10-09T00:32:54.6052036Z   repository: luisitin/partybox-game-cores
2026-10-09T00:32:54.6057585Z   token: ***
2026-10-09T00:32:54.6058032Z   ssh-strict: true
2026-10-09T00:32:54.6058480Z   ssh-user: git
2026-10-09T00:32:54.6058927Z   persist-credentials: true
2026-10-09T00:32:54.6059483Z   clean: true
2026-10-09T00:32:54.6060042Z   sparse-checkout-cone-mode: true
2026-10-09T00:32:54.6060579Z   fetch-depth: 1
2026-10-09T00:32:54.6061010Z   fetch-tags: false
2026-10-09T00:32:54.6061489Z   show-progress: true
2026-10-09T00:32:54.6061935Z   lfs: false
2026-10-09T00:32:54.6062345Z   submodules: false
2026-10-09T00:32:54.6062794Z   set-safe-directory: true
2026-10-09T00:32:54.6063880Z   allow-unsafe-pr-checkout: false
2026-10-09T00:32:54.6064844Z env:
2026-10-09T00:32:54.6067845Z   G10_SOURCE_COMMIT: 8b4bf64639d690247cb1929a0ad0ae25af11de70
2026-10-09T00:32:54.6068514Z ##[endgroup]
2026-10-09T00:32:54.7149054Z Syncing repository: luisitin/partybox-game-cores
2026-10-09T00:32:54.7151088Z ##[group]Getting Git version info
2026-10-09T00:32:54.7151995Z Working directory is '/home/runner/work/partybox-game-cores/partybox-game-cores'
2026-10-09T00:32:54.7153233Z [command]/usr/bin/git version
2026-10-09T00:32:54.7275090Z git version 2.55.0
2026-10-09T00:32:54.7300016Z ##[endgroup]
2026-10-09T00:32:54.7315709Z Temporarily overriding HOME='/home/runner/work/_temp/8205a1b1-8377-49da-864b-f827c6c20206' before making global git config changes
2026-10-09T00:32:54.7318251Z Adding repository directory to the temporary git global config as a safe directory
2026-10-09T00:32:54.7323342Z [command]/usr/bin/git config --global --add safe.directory /home/runner/work/partybox-game-cores/partybox-game-cores
2026-10-09T00:32:54.7382055Z Deleting the contents of '/home/runner/work/partybox-game-cores/partybox-game-cores'
2026-10-09T00:32:54.7388855Z ##[group]Initializing the repository
2026-10-09T00:32:54.7393764Z [command]/usr/bin/git init /home/runner/work/partybox-game-cores/partybox-game-cores
2026-10-09T00:32:54.7515333Z hint: Using 'master' as the name for the initial branch. This default branch name
2026-10-09T00:32:54.7527401Z hint: will change to "main" in Git 3.0. To configure the initial branch name
2026-10-09T00:32:54.7529611Z hint: to use in all of your new repositories, which will suppress this warning,
2026-10-09T00:32:54.7531415Z hint: call:
2026-10-09T00:32:54.7532565Z hint:
2026-10-09T00:32:54.7533770Z hint: 	git config --global init.defaultBranch <name>
2026-10-09T00:32:54.7535138Z hint:
2026-10-09T00:32:54.7536614Z hint: Names commonly chosen instead of 'master' are 'main', 'trunk' and
2026-10-09T00:32:54.7538429Z hint: 'development'. The just-created branch can be renamed via this command:
2026-10-09T00:32:54.7539862Z hint:
2026-10-09T00:32:54.7540815Z hint: 	git branch -m <name>
2026-10-09T00:32:54.7542209Z hint:
2026-10-09T00:32:54.7543076Z hint: Disable this message with "git config set advice.defaultBranchName false"
2026-10-09T00:32:54.7544544Z Initialized empty Git repository in /home/runner/work/partybox-game-cores/partybox-game-cores/.git/
2026-10-09T00:32:54.7547667Z [command]/usr/bin/git remote add origin https://github.com/luisitin/partybox-game-cores
2026-10-09T00:32:54.7593428Z ##[endgroup]
2026-10-09T00:32:54.7594638Z ##[group]Disabling automatic garbage collection
2026-10-09T00:32:54.7598223Z [command]/usr/bin/git config --local gc.auto 0
2026-10-09T00:32:54.7643933Z ##[endgroup]
2026-10-09T00:32:54.7645645Z ##[group]Setting up auth
2026-10-09T00:32:54.7654151Z [command]/usr/bin/git config --local --name-only --get-regexp core\.sshCommand
2026-10-09T00:32:54.7719309Z [command]/usr/bin/git submodule foreach --recursive sh -c "git config --local --name-only --get-regexp 'core\.sshCommand' && git config --local --unset-all 'core.sshCommand' || :"
2026-10-09T00:32:54.8113275Z [command]/usr/bin/git config --local --name-only --get-regexp http\.https\:\/\/github\.com\/\.extraheader
2026-10-09T00:32:54.8159270Z [command]/usr/bin/git submodule foreach --recursive sh -c "git config --local --name-only --get-regexp 'http\.https\:\/\/github\.com\/\.extraheader' && git config --local --unset-all 'http.https://github.com/.extraheader' || :"
2026-10-09T00:32:54.8443255Z [command]/usr/bin/git config --local --name-only --get-regexp ^includeIf\.gitdir:
2026-10-09T00:32:54.8488126Z [command]/usr/bin/git submodule foreach --recursive git config --local --show-origin --name-only --get-regexp remote.origin.url
2026-10-09T00:32:54.8728195Z [command]/usr/bin/git config --local http.https://github.com/.extraheader AUTHORIZATION: basic ***
2026-10-09T00:32:54.8772761Z ##[endgroup]
2026-10-09T00:32:54.8773791Z ##[group]Fetching the repository
2026-10-09T00:32:54.8783198Z [command]/usr/bin/git -c protocol.version=2 fetch --no-tags --prune --no-recurse-submodules --depth=1 origin 8b4bf64639d690247cb1929a0ad0ae25af11de70
2026-10-09T00:33:15.6792227Z From https://github.com/luisitin/partybox-game-cores
2026-10-09T00:33:15.6793833Z  * branch            8b4bf64639d690247cb1929a0ad0ae25af11de70 -> FETCH_HEAD
2026-10-09T00:33:15.6798010Z ##[endgroup]
2026-10-09T00:33:15.6798698Z ##[group]Determining the checkout info
2026-10-09T00:33:15.6799875Z ##[endgroup]
2026-10-09T00:33:15.6805689Z [command]/usr/bin/git sparse-checkout disable
2026-10-09T00:33:15.6898855Z [command]/usr/bin/git config --local --unset-all extensions.worktreeConfig
2026-10-09T00:33:15.6932768Z ##[group]Checking out the ref
2026-10-09T00:33:15.6937942Z [command]/usr/bin/git checkout --progress --force 8b4bf64639d690247cb1929a0ad0ae25af11de70
2026-10-09T00:33:16.7817816Z Updating files:   9% (180/1801)
2026-10-09T00:33:17.7739700Z Updating files:  10% (181/1801)
2026-10-09T00:33:18.7891446Z Updating files:  11% (199/1801)
2026-10-09T00:33:18.8524435Z Updating files:  11% (216/1801)
2026-10-09T00:33:19.7360459Z Updating files:  12% (217/1801)
2026-10-09T00:33:20.0991782Z Updating files:  12% (226/1801)
2026-10-09T00:33:20.7624480Z Updating files:  13% (235/1801)
2026-10-09T00:33:21.1241607Z Updating files:  13% (243/1801)
2026-10-09T00:33:21.3520729Z Updating files:  14% (253/1801)
2026-10-09T00:33:21.3529393Z Updating files:  15% (271/1801)
2026-10-09T00:33:21.3543057Z Updating files:  16% (289/1801)
2026-10-09T00:33:21.3653789Z Updating files:  17% (307/1801)
2026-10-09T00:33:21.3759755Z Updating files:  18% (325/1801)
2026-10-09T00:33:21.3762839Z Updating files:  19% (343/1801)
2026-10-09T00:33:21.3915573Z Updating files:  20% (361/1801)
2026-10-09T00:33:21.3933721Z Updating files:  21% (379/1801)
2026-10-09T00:33:21.3945105Z Updating files:  22% (397/1801)
2026-10-09T00:33:21.3952582Z Updating files:  23% (415/1801)
2026-10-09T00:33:21.3975503Z Updating files:  24% (433/1801)
2026-10-09T00:33:21.3993021Z Updating files:  25% (451/1801)
2026-10-09T00:33:21.4006553Z Updating files:  26% (469/1801)
2026-10-09T00:33:21.4020647Z Updating files:  27% (487/1801)
2026-10-09T00:33:21.4033098Z Updating files:  28% (505/1801)
2026-10-09T00:33:21.4043276Z Updating files:  29% (523/1801)
2026-10-09T00:33:21.4118434Z Updating files:  30% (541/1801)
2026-10-09T00:33:21.4133226Z Updating files:  31% (559/1801)
2026-10-09T00:33:21.4467854Z Updating files:  32% (577/1801)
2026-10-09T00:33:21.4497013Z Updating files:  33% (595/1801)
2026-10-09T00:33:21.4570426Z Updating files:  34% (613/1801)
2026-10-09T00:33:21.4755827Z Updating files:  35% (631/1801)
2026-10-09T00:33:21.4937944Z Updating files:  36% (649/1801)
2026-10-09T00:33:21.4950330Z Updating files:  37% (667/1801)
2026-10-09T00:33:21.4961289Z Updating files:  38% (685/1801)
2026-10-09T00:33:21.5139608Z Updating files:  39% (703/1801)
2026-10-09T00:33:21.5160909Z Updating files:  40% (721/1801)
2026-10-09T00:33:21.5171799Z Updating files:  41% (739/1801)
2026-10-09T00:33:21.5225545Z Updating files:  42% (757/1801)
2026-10-09T00:33:21.5240582Z Updating files:  43% (775/1801)
2026-10-09T00:33:21.5249365Z Updating files:  44% (793/1801)
2026-10-09T00:33:21.5271183Z Updating files:  45% (811/1801)
2026-10-09T00:33:21.5394509Z Updating files:  46% (829/1801)
2026-10-09T00:33:21.5551250Z Updating files:  47% (847/1801)
2026-10-09T00:33:21.5629473Z Updating files:  48% (865/1801)
2026-10-09T00:33:21.5835634Z Updating files:  49% (883/1801)
2026-10-09T00:33:21.5892926Z Updating files:  50% (901/1801)
2026-10-09T00:33:21.5909689Z Updating files:  51% (919/1801)
2026-10-09T00:33:21.5928965Z Updating files:  52% (937/1801)
2026-10-09T00:33:21.5975739Z Updating files:  53% (955/1801)
2026-10-09T00:33:21.6023114Z Updating files:  54% (973/1801)
2026-10-09T00:33:21.6045135Z Updating files:  55% (991/1801)
2026-10-09T00:33:21.6076316Z Updating files:  56% (1009/1801)
2026-10-09T00:33:21.6122536Z Updating files:  57% (1027/1801)
2026-10-09T00:33:21.6169218Z Updating files:  58% (1045/1801)
2026-10-09T00:33:21.6220159Z Updating files:  59% (1063/1801)
2026-10-09T00:33:21.6242731Z Updating files:  60% (1081/1801)
2026-10-09T00:33:21.6265348Z Updating files:  61% (1099/1801)
2026-10-09T00:33:21.6298377Z Updating files:  62% (1117/1801)
2026-10-09T00:33:21.6332330Z Updating files:  63% (1135/1801)
2026-10-09T00:33:21.6371377Z Updating files:  64% (1153/1801)
2026-10-09T00:33:21.6411814Z Updating files:  65% (1171/1801)
2026-10-09T00:33:21.6436162Z Updating files:  66% (1189/1801)
2026-10-09T00:33:21.6469227Z Updating files:  67% (1207/1801)
2026-10-09T00:33:21.6506216Z Updating files:  68% (1225/1801)
2026-10-09T00:33:21.6560817Z Updating files:  69% (1243/1801)
2026-10-09T00:33:21.6594866Z Updating files:  70% (1261/1801)
2026-10-09T00:33:21.6606456Z Updating files:  71% (1279/1801)
2026-10-09T00:33:21.6621595Z Updating files:  72% (1297/1801)
2026-10-09T00:33:21.6637112Z Updating files:  73% (1315/1801)
2026-10-09T00:33:21.6646585Z Updating files:  74% (1333/1801)
2026-10-09T00:33:21.6655913Z Updating files:  75% (1351/1801)
2026-10-09T00:33:21.6663434Z Updating files:  76% (1369/1801)
2026-10-09T00:33:21.6680732Z Updating files:  77% (1387/1801)
2026-10-09T00:33:21.6709291Z Updating files:  78% (1405/1801)
2026-10-09T00:33:21.6720684Z Updating files:  79% (1423/1801)
2026-10-09T00:33:21.6730848Z Updating files:  80% (1441/1801)
2026-10-09T00:33:21.6740303Z Updating files:  81% (1459/1801)
2026-10-09T00:33:21.6749475Z Updating files:  82% (1477/1801)
2026-10-09T00:33:21.6758817Z Updating files:  83% (1495/1801)
2026-10-09T00:33:21.6784405Z Updating files:  84% (1513/1801)
2026-10-09T00:33:21.6792432Z Updating files:  85% (1531/1801)
2026-10-09T00:33:21.6801861Z Updating files:  86% (1549/1801)
2026-10-09T00:33:21.6809530Z Updating files:  87% (1567/1801)
2026-10-09T00:33:21.6816066Z Updating files:  88% (1585/1801)
2026-10-09T00:33:21.6833990Z Updating files:  89% (1603/1801)
2026-10-09T00:33:21.6849868Z Updating files:  90% (1621/1801)
2026-10-09T00:33:21.6888769Z Updating files:  91% (1639/1801)
2026-10-09T00:33:21.6969874Z Updating files:  92% (1657/1801)
2026-10-09T00:33:21.6985245Z Updating files:  93% (1675/1801)
2026-10-09T00:33:21.7001479Z Updating files:  94% (1693/1801)
2026-10-09T00:33:21.7110857Z Updating files:  94% (1709/1801)
2026-10-09T00:33:22.0392618Z Updating files:  95% (1711/1801)
2026-10-09T00:33:22.0400850Z Updating files:  96% (1729/1801)
2026-10-09T00:33:22.0411214Z Updating files:  97% (1747/1801)
2026-10-09T00:33:22.0421911Z Updating files:  98% (1765/1801)
2026-10-09T00:33:22.0433187Z Updating files:  99% (1783/1801)
2026-10-09T00:33:22.0433857Z Updating files: 100% (1801/1801)
2026-10-09T00:33:22.0434312Z Updating files: 100% (1801/1801), done.
2026-10-09T00:33:22.0456557Z Note: switching to '8b4bf64639d690247cb1929a0ad0ae25af11de70'.
2026-10-09T00:33:22.0457167Z 
2026-10-09T00:33:22.0457871Z You are in 'detached HEAD' state. You can look around, make experimental
2026-10-09T00:33:22.0458527Z changes and commit them, and you can discard any commits you make in this
2026-10-09T00:33:22.0459757Z state without impacting any branches by switching back to a branch.
2026-10-09T00:33:22.0460421Z 
2026-10-09T00:33:22.0461370Z If you want to create a new branch to retain commits you create, you may
2026-10-09T00:33:22.0462351Z do so (now or later) by using -c with the switch command. Example:
2026-10-09T00:33:22.0462854Z 
2026-10-09T00:33:22.0463027Z   git switch -c <new-branch-name>
2026-10-09T00:33:22.0463322Z 
2026-10-09T00:33:22.0463492Z Or undo this operation with:
2026-10-09T00:33:22.0463753Z 
2026-10-09T00:33:22.0463897Z   git switch -
2026-10-09T00:33:22.0464093Z 
2026-10-09T00:33:22.0464448Z Turn off this advice by setting config variable advice.detachedHead to false
2026-10-09T00:33:22.0464918Z 
2026-10-09T00:33:22.0465161Z HEAD is now at 8b4bf64 G10 verify complete source recovery and genuine startup output
2026-10-09T00:33:22.0598384Z ##[endgroup]
2026-10-09T00:33:22.0649563Z [command]/usr/bin/git log -1 --format=%H
2026-10-09T00:33:22.0679681Z 8b4bf64639d690247cb1929a0ad0ae25af11de70
2026-10-09T00:33:22.0940637Z ##[group]Run actions/setup-node@v4
2026-10-09T00:33:22.0940936Z with:
2026-10-09T00:33:22.0941147Z   node-version: 22.16.0
2026-10-09T00:33:22.0941365Z   cache: npm
2026-10-09T00:33:22.0941647Z   cache-dependency-path: jobs/G10-checkers/package-lock.json
2026-10-09T00:33:22.0941992Z   always-auth: false
2026-10-09T00:33:22.0942204Z   check-latest: false
2026-10-09T00:33:22.0944923Z   token: ***
2026-10-09T00:33:22.0945122Z env:
2026-10-09T00:33:22.0945375Z   G10_SOURCE_COMMIT: 8b4bf64639d690247cb1929a0ad0ae25af11de70
2026-10-09T00:33:22.0945701Z ##[endgroup]
2026-10-09T00:33:22.2386914Z Attempting to download 22.16.0...
2026-10-09T00:33:22.2495690Z (node:2367) [DEP0040] DeprecationWarning: The `punycode` module is deprecated. Please use a userland alternative instead.
2026-10-09T00:33:22.2496779Z (Use `node --trace-deprecation ...` to show where the warning was created)
2026-10-09T00:33:23.2202392Z Acquiring 22.16.0 - x64 from https://github.com/actions/node-versions/releases/download/22.16.0-15177438473/node-22.16.0-linux-x64.tar.gz
2026-10-09T00:33:23.9477109Z Extracting ...
2026-10-09T00:33:23.9612146Z [command]/usr/bin/tar xz --strip 1 --warning=no-unknown-keyword --overwrite -C /home/runner/work/_temp/253bef00-147b-46d8-bfbb-343ac8a2fc06 -f /home/runner/work/_temp/55ad633d-cc95-4388-8c4b-84f97fcd425b
2026-10-09T00:33:25.1708598Z Adding to the cache ...
2026-10-09T00:33:27.5738101Z ##[group]Environment details
2026-10-09T00:33:27.7972659Z node: v22.16.0
2026-10-09T00:33:27.7973093Z npm: 10.9.2
2026-10-09T00:33:27.7973433Z yarn: 1.22.22
2026-10-09T00:33:27.7974225Z ##[endgroup]
2026-10-09T00:33:27.7994069Z [command]/opt/hostedtoolcache/node/22.16.0/x64/bin/npm config get cache
2026-10-09T00:33:27.8937442Z /home/runner/.npm
2026-10-09T00:33:28.1026919Z Cache hit for: node-cache-Linux-x64-npm-b79e3f2344d4218dbbb2f93f566da8e1ac49738aa1184813b150890d461d0c8a
2026-10-09T00:33:28.1144893Z (node:2367) [DEP0169] DeprecationWarning: `url.parse()` behavior is not standardized and prone to errors that have security implications. Use the WHATWG URL API instead. CVEs are not issued for `url.parse()` vulnerabilities.
2026-10-09T00:33:29.1592184Z Received 12676330 of 12676330 (100.0%), 14.3 MBs/sec
2026-10-09T00:33:29.1592907Z Cache Size: ~12 MB (12676330 B)
2026-10-09T00:33:29.1690002Z [command]/usr/bin/tar -xf /home/runner/work/_temp/632a46ec-ce1c-424d-b3fa-f95905858a02/cache.tzst -P -C /home/runner/work/partybox-game-cores/partybox-game-cores --use-compress-program unzstd
2026-10-09T00:33:29.1921120Z Cache restored successfully
2026-10-09T00:33:29.1932189Z Cache restored from key: node-cache-Linux-x64-npm-b79e3f2344d4218dbbb2f93f566da8e1ac49738aa1184813b150890d461d0c8a
2026-10-09T00:33:29.2121559Z ##[group]Run npm ci --ignore-scripts --no-audit --no-fund
2026-10-09T00:33:29.2122063Z [36;1mnpm ci --ignore-scripts --no-audit --no-fund[0m
2026-10-09T00:33:29.2390784Z shell: /usr/bin/bash -e {0}
2026-10-09T00:33:29.2391105Z env:
2026-10-09T00:33:29.2391405Z   G10_SOURCE_COMMIT: 8b4bf64639d690247cb1929a0ad0ae25af11de70
2026-10-09T00:33:29.2391782Z ##[endgroup]
2026-10-09T00:33:30.2095905Z 
2026-10-09T00:33:30.2102842Z added 6 packages in 910ms
2026-10-09T00:33:30.2571820Z ##[group]Run if [ -f /etc/apt/apt-mirrors.txt ]; then
2026-10-09T00:33:30.2572272Z [36;1mif [ -f /etc/apt/apt-mirrors.txt ]; then[0m
2026-10-09T00:33:30.2572922Z [36;1m  sudo sed -i 's#http://azure.archive.ubuntu.com/ubuntu#https://archive.ubuntu.com/ubuntu#g' /etc/apt/apt-mirrors.txt[0m
2026-10-09T00:33:30.2573497Z [36;1mfi[0m
2026-10-09T00:33:30.2638971Z shell: /usr/bin/bash -e {0}
2026-10-09T00:33:30.2639241Z env:
2026-10-09T00:33:30.2639527Z   G10_SOURCE_COMMIT: 8b4bf64639d690247cb1929a0ad0ae25af11de70
2026-10-09T00:33:30.2639881Z ##[endgroup]
2026-10-09T00:33:30.2848810Z ##[group]Run sudo apt-get update
2026-10-09T00:33:30.2849138Z [36;1msudo apt-get update[0m
2026-10-09T00:33:30.2849408Z [36;1msudo apt-get install -y ffmpeg[0m
2026-10-09T00:33:30.2849698Z [36;1mffprobe -version[0m
2026-10-09T00:33:30.2849940Z [36;1mffmpeg -version[0m
2026-10-09T00:33:30.2914306Z shell: /usr/bin/bash -e {0}
2026-10-09T00:33:30.2914573Z env:
2026-10-09T00:33:30.2914864Z   G10_SOURCE_COMMIT: 8b4bf64639d690247cb1929a0ad0ae25af11de70
2026-10-09T00:33:30.2915213Z ##[endgroup]
2026-10-09T00:33:30.3877430Z Get:1 file:/etc/apt/apt-mirrors.txt Mirrorlist [139 B]
2026-10-09T00:33:30.4126552Z Get:6 https://packages.microsoft.com/ubuntu/24.04/prod noble InRelease [3600 B]
2026-10-09T00:33:30.4982429Z Get:7 https://packages.microsoft.com/ubuntu/24.04/prod noble/main arm64 Packages [474 kB]
2026-10-09T00:33:30.5134794Z Get:8 https://packages.microsoft.com/ubuntu/24.04/prod noble/main all Packages [640 B]
2026-10-09T00:33:30.5150044Z Get:9 https://packages.microsoft.com/ubuntu/24.04/prod noble/main amd64 Packages [531 kB]
2026-10-09T00:33:30.5208277Z Get:10 https://packages.microsoft.com/ubuntu/24.04/prod noble/main armhf Packages [12.3 kB]
2026-10-09T00:33:30.9130230Z Hit:2 https://archive.ubuntu.com/ubuntu noble InRelease
2026-10-09T00:33:30.9715672Z Get:3 https://archive.ubuntu.com/ubuntu noble-updates InRelease [126 kB]
2026-10-09T00:33:31.3325429Z Get:4 https://archive.ubuntu.com/ubuntu noble-backports InRelease [126 kB]
2026-10-09T00:33:31.4728713Z Get:5 https://archive.ubuntu.com/ubuntu noble-security InRelease [126 kB]
2026-10-09T00:33:31.6153303Z Get:11 https://archive.ubuntu.com/ubuntu noble-updates/main amd64 Packages [1375 kB]
2026-10-09T00:33:32.0265597Z Get:12 https://archive.ubuntu.com/ubuntu noble-updates/main Translation-en [306 kB]
2026-10-09T00:33:32.1192930Z Get:13 https://archive.ubuntu.com/ubuntu noble-updates/universe amd64 Packages [1702 kB]
2026-10-09T00:33:32.3237901Z Get:14 https://archive.ubuntu.com/ubuntu noble-updates/universe Translation-en [342 kB]
2026-10-09T00:33:32.4182113Z Get:15 https://archive.ubuntu.com/ubuntu noble-updates/restricted amd64 Packages [1761 kB]
2026-10-09T00:33:32.5292240Z Get:16 https://archive.ubuntu.com/ubuntu noble-updates/restricted Translation-en [401 kB]
2026-10-09T00:33:32.6278035Z Get:17 https://archive.ubuntu.com/ubuntu noble-updates/multiverse amd64 Packages [55.0 kB]
2026-10-09T00:33:32.7183525Z Get:18 https://archive.ubuntu.com/ubuntu noble-updates/multiverse Translation-en [14.3 kB]
2026-10-09T00:33:32.8176043Z Get:19 https://archive.ubuntu.com/ubuntu noble-security/main amd64 Packages [1116 kB]
2026-10-09T00:33:32.9307319Z Get:20 https://archive.ubuntu.com/ubuntu noble-security/main Translation-en [228 kB]
2026-10-09T00:33:33.0832463Z Get:21 https://archive.ubuntu.com/ubuntu noble-security/universe amd64 Packages [1220 kB]
2026-10-09T00:33:33.1587409Z Get:22 https://archive.ubuntu.com/ubuntu noble-security/universe Translation-en [245 kB]
2026-10-09T00:33:33.2169088Z Get:23 https://archive.ubuntu.com/ubuntu noble-security/restricted amd64 Packages [1632 kB]
2026-10-09T00:33:33.3011271Z Get:24 https://archive.ubuntu.com/ubuntu noble-security/restricted Translation-en [376 kB]
2026-10-09T00:33:33.3611753Z Get:25 https://archive.ubuntu.com/ubuntu noble-security/multiverse Translation-en [11.6 kB]
2026-10-09T00:33:35.5363698Z Fetched 12.2 MB in 3s (3965 kB/s)
2026-10-09T00:33:36.4330195Z Reading package lists...
2026-10-09T00:33:36.4640221Z Reading package lists...
2026-10-09T00:33:36.6788258Z Building dependency tree...
2026-10-09T00:33:36.6795409Z Reading state information...
2026-10-09T00:33:36.8394546Z The following additional packages will be installed:
2026-10-09T00:33:36.8395701Z   i965-va-driver intel-media-va-driver libaacs0 libass9 libasyncns0
2026-10-09T00:33:36.8397455Z   libavc1394-0 libavcodec60 libavdevice60 libavfilter9 libavformat60
2026-10-09T00:33:36.8398666Z   libavutil58 libbdplus0 libblas3 libbluray2 libbs2b0 libcaca0
2026-10-09T00:33:36.8400610Z   libcdio-cdda2t64 libcdio-paranoia2t64 libcdio19t64 libchromaprint1 libcjson1
2026-10-09T00:33:36.8402082Z   libcodec2-1.2 libdav1d7 libdc1394-25 libdecor-0-0 libdecor-0-plugin-1-gtk
2026-10-09T00:33:36.8403182Z   libflac12t64 libflite1 libgme0 libgsm1 libhwy1t64 libiec61883-0 libigdgmm12
2026-10-09T00:33:36.8404294Z   libjack-jackd2-0 libjxl0.7 liblapack3 liblilv-0-0 libmbedcrypto7t64
2026-10-09T00:33:36.8405227Z   libmp3lame0 libmpg123-0t64 libmysofa1 libopenal-data libopenal1
2026-10-09T00:33:36.8406487Z   libopenmpt0t64 libopus0 libplacebo338 libpocketsphinx3 libpostproc57
2026-10-09T00:33:36.8407470Z   libpulse0 librav1e0 libraw1394-11 librist4 librsvg2-2 librsvg2-common
2026-10-09T00:33:36.8408441Z   librubberband2 libsamplerate0 libsdl2-2.0-0 libserd-0-0 libshine3
2026-10-09T00:33:36.8412889Z   libsndfile1 libsndio7.0 libsord-0-0 libsoxr0 libspeex1 libsphinxbase3t64
2026-10-09T00:33:36.8413901Z   libsratom-0-0 libsrt1.5-gnutls libssh-gcrypt-4 libsvtav1enc1d1
2026-10-09T00:33:36.8414898Z   libswresample4 libswscale7 libtheora0 libtwolame0 libudfread0 libunibreak5
2026-10-09T00:33:36.8415527Z   libva-drm2 libva-x11-2 libva2 libvdpau1 libvidstab1.1 libvorbisenc2 libvpl2
2026-10-09T00:33:36.8416380Z   libvpx9 libx264-164 libx265-199 libxcb-shape0 libxv1 libxvidcore4 libzimg2
2026-10-09T00:33:36.8416950Z   libzix-0-0 libzvbi-common libzvbi0t64 mesa-va-drivers mesa-vdpau-drivers
2026-10-09T00:33:36.8417550Z   ocl-icd-libopencl1 pocketsphinx-en-us va-driver-all vdpau-driver-all
2026-10-09T00:33:36.8418376Z Suggested packages:
2026-10-09T00:33:36.8418837Z   ffmpeg-doc i965-va-driver-shaders libcuda1 libnvcuvid1 libnvidia-encode1
2026-10-09T00:33:36.8419412Z   libbluray-bdj jackd2 libportaudio2 opus-tools pulseaudio libraw1394-doc
2026-10-09T00:33:36.8419942Z   librsvg2-bin serdi sndiod sordi speex opencl-icd libvdpau-va-gl1
2026-10-09T00:33:36.8854594Z The following NEW packages will be installed:
2026-10-09T00:33:36.8855552Z   ffmpeg i965-va-driver intel-media-va-driver libaacs0 libass9 libasyncns0
2026-10-09T00:33:36.8857126Z   libavc1394-0 libavcodec60 libavdevice60 libavfilter9 libavformat60
2026-10-09T00:33:36.8858139Z   libavutil58 libbdplus0 libblas3 libbluray2 libbs2b0 libcaca0
2026-10-09T00:33:36.8859256Z   libcdio-cdda2t64 libcdio-paranoia2t64 libcdio19t64 libchromaprint1 libcjson1
2026-10-09T00:33:36.8860438Z   libcodec2-1.2 libdav1d7 libdc1394-25 libdecor-0-0 libdecor-0-plugin-1-gtk
2026-10-09T00:33:36.8861705Z   libflac12t64 libflite1 libgme0 libgsm1 libhwy1t64 libiec61883-0 libigdgmm12
2026-10-09T00:33:36.8863018Z   libjack-jackd2-0 libjxl0.7 liblapack3 liblilv-0-0 libmbedcrypto7t64
2026-10-09T00:33:36.8867153Z   libmp3lame0 libmpg123-0t64 libmysofa1 libopenal-data libopenal1
2026-10-09T00:33:36.8868402Z   libopenmpt0t64 libopus0 libplacebo338 libpocketsphinx3 libpostproc57
2026-10-09T00:33:36.8869587Z   libpulse0 librav1e0 libraw1394-11 librist4 librsvg2-2 librsvg2-common
2026-10-09T00:33:36.8870718Z   librubberband2 libsamplerate0 libsdl2-2.0-0 libserd-0-0 libshine3
2026-10-09T00:33:36.8871975Z   libsndfile1 libsndio7.0 libsord-0-0 libsoxr0 libspeex1 libsphinxbase3t64
2026-10-09T00:33:36.8873257Z   libsratom-0-0 libsrt1.5-gnutls libssh-gcrypt-4 libsvtav1enc1d1
2026-10-09T00:33:36.8874420Z   libswresample4 libswscale7 libtheora0 libtwolame0 libudfread0 libunibreak5
2026-10-09T00:33:36.8875680Z   libva-drm2 libva-x11-2 libva2 libvdpau1 libvidstab1.1 libvorbisenc2 libvpl2
2026-10-09T00:33:36.8877118Z   libvpx9 libx264-164 libx265-199 libxcb-shape0 libxv1 libxvidcore4 libzimg2
2026-10-09T00:33:36.8878417Z   libzix-0-0 libzvbi-common libzvbi0t64 mesa-va-drivers mesa-vdpau-drivers
2026-10-09T00:33:36.8879591Z   ocl-icd-libopencl1 pocketsphinx-en-us va-driver-all vdpau-driver-all
2026-10-09T00:33:36.9080782Z 0 upgraded, 99 newly installed, 0 to remove and 23 not upgraded.
2026-10-09T00:33:36.9081431Z Need to get 94.1 MB of archives.
2026-10-09T00:33:36.9081882Z After this operation, 227 MB of additional disk space will be used.
2026-10-09T00:33:36.9082380Z Get:1 file:/etc/apt/apt-mirrors.txt Mirrorlist [139 B]
2026-10-09T00:33:37.6887159Z Get:2 https://archive.ubuntu.com/ubuntu noble-updates/universe amd64 libva2 amd64 2.20.0-2ubuntu0.2 [66.4 kB]
2026-10-09T00:33:38.1272751Z Get:3 https://archive.ubuntu.com/ubuntu noble-updates/universe amd64 libva-drm2 amd64 2.20.0-2ubuntu0.2 [7124 B]
2026-10-09T00:33:38.2753490Z Get:4 https://archive.ubuntu.com/ubuntu noble-updates/universe amd64 libva-x11-2 amd64 2.20.0-2ubuntu0.2 [12.0 kB]
2026-10-09T00:33:38.4299791Z Get:5 https://archive.ubuntu.com/ubuntu noble/main amd64 libvdpau1 amd64 1.5-2build1 [27.8 kB]
2026-10-09T00:33:38.6028044Z Get:6 https://archive.ubuntu.com/ubuntu noble/universe amd64 libvpl2 amd64 2023.3.0-1build1 [99.8 kB]
2026-10-09T00:33:38.8960034Z Get:7 https://archive.ubuntu.com/ubuntu noble/universe amd64 ocl-icd-libopencl1 amd64 2.3.2-1build1 [38.5 kB]
2026-10-09T00:33:39.0585488Z Get:8 https://archive.ubuntu.com/ubuntu noble/universe amd64 libavutil58 amd64 7:6.1.1-3ubuntu5 [401 kB]
2026-10-09T00:33:39.4961779Z Get:9 https://archive.ubuntu.com/ubuntu noble/universe amd64 libcodec2-1.2 amd64 1.2.0-2build1 [8998 kB]
2026-10-09T00:33:40.6699553Z Get:10 https://archive.ubuntu.com/ubuntu noble/universe amd64 libdav1d7 amd64 1.4.1-1build1 [604 kB]
2026-10-09T00:33:40.8227832Z Get:11 https://archive.ubuntu.com/ubuntu noble/universe amd64 libgsm1 amd64 1.0.22-1build1 [27.8 kB]
2026-10-09T00:33:40.9661091Z Get:12 https://archive.ubuntu.com/ubuntu noble/universe amd64 libhwy1t64 amd64 1.0.7-8.1build1 [584 kB]
2026-10-09T00:33:41.1188581Z Get:13 https://archive.ubuntu.com/ubuntu noble-updates/universe amd64 libjxl0.7 amd64 0.7.0-10.2ubuntu6.1 [1001 kB]
2026-10-09T00:33:41.2789087Z Get:14 https://archive.ubuntu.com/ubuntu noble/main amd64 libmp3lame0 amd64 3.100-6build1 [142 kB]
2026-10-09T00:33:41.4238317Z Get:15 https://archive.ubuntu.com/ubuntu noble/main amd64 libopus0 amd64 1.4-1build1 [208 kB]
2026-10-09T00:33:41.5693761Z Get:16 https://archive.ubuntu.com/ubuntu noble/universe amd64 librav1e0 amd64 0.7.1-2 [1022 kB]
2026-10-09T00:33:41.7292188Z Get:17 https://archive.ubuntu.com/ubuntu noble-updates/main amd64 librsvg2-2 amd64 2.58.0+dfsg-1ubuntu0.1 [2141 kB]
2026-10-09T00:33:41.9079869Z Get:18 https://archive.ubuntu.com/ubuntu noble/universe amd64 libshine3 amd64 3.1.1-2build1 [23.2 kB]
2026-10-09T00:33:42.0513577Z Get:19 https://archive.ubuntu.com/ubuntu noble-updates/main amd64 libspeex1 amd64 1.2.1-2ubuntu2.24.04.1 [59.6 kB]
2026-10-09T00:33:42.1949228Z Get:20 https://archive.ubuntu.com/ubuntu noble/universe amd64 libsvtav1enc1d1 amd64 1.7.0+dfsg-2build1 [2425 kB]
2026-10-09T00:33:42.5631437Z Get:21 https://archive.ubuntu.com/ubuntu noble/universe amd64 libsoxr0 amd64 0.1.3-4build3 [80.0 kB]
2026-10-09T00:33:42.7070089Z Get:22 https://archive.ubuntu.com/ubuntu noble/universe amd64 libswresample4 amd64 7:6.1.1-3ubuntu5 [63.8 kB]
2026-10-09T00:33:42.8509660Z Get:23 https://archive.ubuntu.com/ubuntu noble/main amd64 libtheora0 amd64 1.1.1+dfsg.1-16.1build3 [211 kB]
2026-10-09T00:33:42.9963352Z Get:24 https://archive.ubuntu.com/ubuntu noble/main amd64 libtwolame0 amd64 0.4.0-2build3 [52.3 kB]
2026-10-09T00:33:43.1399894Z Get:25 https://archive.ubuntu.com/ubuntu noble/main amd64 libvorbisenc2 amd64 1.3.7-1build3 [80.8 kB]
2026-10-09T00:33:43.2838136Z Get:26 https://archive.ubuntu.com/ubuntu noble-updates/main amd64 libvpx9 amd64 1.14.0-1ubuntu2.3 [1143 kB]
2026-10-09T00:33:43.4458852Z Get:27 https://archive.ubuntu.com/ubuntu noble/universe amd64 libx264-164 amd64 2:0.164.3108+git31e19f9-1 [604 kB]
2026-10-09T00:33:43.5984684Z Get:28 https://archive.ubuntu.com/ubuntu noble/universe amd64 libx265-199 amd64 3.5-2build1 [1226 kB]
2026-10-09T00:33:43.7620414Z Get:29 https://archive.ubuntu.com/ubuntu noble/universe amd64 libxvidcore4 amd64 2:1.3.7-1build1 [219 kB]
2026-10-09T00:33:43.9078751Z Get:30 https://archive.ubuntu.com/ubuntu noble/universe amd64 libzvbi-common all 0.2.42-2 [42.4 kB]
2026-10-09T00:33:44.0510868Z Get:31 https://archive.ubuntu.com/ubuntu noble/universe amd64 libzvbi0t64 amd64 0.2.42-2 [261 kB]
2026-10-09T00:33:44.1976772Z Get:32 https://archive.ubuntu.com/ubuntu noble/universe amd64 libavcodec60 amd64 7:6.1.1-3ubuntu5 [5851 kB]
2026-10-09T00:33:44.4847686Z Get:33 https://archive.ubuntu.com/ubuntu noble/main amd64 libraw1394-11 amd64 2.1.2-2build3 [26.2 kB]
2026-10-09T00:33:44.6279118Z Get:34 https://archive.ubuntu.com/ubuntu noble/main amd64 libavc1394-0 amd64 0.5.4-5build3 [15.4 kB]
2026-10-09T00:33:44.7710224Z Get:35 https://archive.ubuntu.com/ubuntu noble/universe amd64 libunibreak5 amd64 5.1-2build1 [25.0 kB]
2026-10-09T00:33:44.9142844Z Get:36 https://archive.ubuntu.com/ubuntu noble/universe amd64 libass9 amd64 1:0.17.1-2build1 [104 kB]
2026-10-09T00:33:45.0579700Z Get:37 https://archive.ubuntu.com/ubuntu noble/universe amd64 libudfread0 amd64 1.1.2-1build1 [19.0 kB]
2026-10-09T00:33:45.2010884Z Get:38 https://archive.ubuntu.com/ubuntu noble/universe amd64 libbluray2 amd64 1:1.3.4-1build1 [159 kB]
2026-10-09T00:33:45.3451626Z Get:39 https://archive.ubuntu.com/ubuntu noble/universe amd64 libchromaprint1 amd64 1.5.1-5 [30.5 kB]
2026-10-09T00:33:45.6718676Z Get:40 https://archive.ubuntu.com/ubuntu noble/universe amd64 libgme0 amd64 0.6.3-7build1 [134 kB]
2026-10-09T00:33:45.8159963Z Get:41 https://archive.ubuntu.com/ubuntu noble-updates/main amd64 libmpg123-0t64 amd64 1.32.5-1ubuntu1.1 [169 kB]
2026-10-09T00:33:45.9602599Z Get:42 https://archive.ubuntu.com/ubuntu noble/universe amd64 libopenmpt0t64 amd64 0.7.3-1.1build3 [647 kB]
2026-10-09T00:33:46.1083062Z Get:43 https://archive.ubuntu.com/ubuntu noble/universe amd64 libcjson1 amd64 1.7.17-1 [24.8 kB]
2026-10-09T00:33:46.2515695Z Get:44 https://archive.ubuntu.com/ubuntu noble/universe amd64 libmbedcrypto7t64 amd64 2.28.8-1 [209 kB]
2026-10-09T00:33:46.3959947Z Get:45 https://archive.ubuntu.com/ubuntu noble/universe amd64 librist4 amd64 0.2.10+dfsg-2 [74.9 kB]
2026-10-09T00:33:46.5401443Z Get:46 https://archive.ubuntu.com/ubuntu noble/universe amd64 libsrt1.5-gnutls amd64 1.5.3-1build2 [316 kB]
2026-10-09T00:33:46.6855514Z Get:47 https://archive.ubuntu.com/ubuntu noble-updates/main amd64 libssh-gcrypt-4 amd64 0.10.6-2ubuntu0.5 [226 kB]
2026-10-09T00:33:46.8299692Z Get:48 https://archive.ubuntu.com/ubuntu noble/universe amd64 libavformat60 amd64 7:6.1.1-3ubuntu5 [1153 kB]
2026-10-09T00:33:46.9826366Z Get:49 https://archive.ubuntu.com/ubuntu noble/universe amd64 libbs2b0 amd64 3.1.0+dfsg-7build1 [10.6 kB]
2026-10-09T00:33:47.1257900Z Get:50 https://archive.ubuntu.com/ubuntu noble/universe amd64 libflite1 amd64 2.2-6build3 [13.6 MB]
2026-10-09T00:33:47.4296935Z Get:51 https://archive.ubuntu.com/ubuntu noble/universe amd64 libserd-0-0 amd64 0.32.2-1 [43.6 kB]
2026-10-09T00:33:47.5728666Z Get:52 https://archive.ubuntu.com/ubuntu noble/universe amd64 libzix-0-0 amd64 0.4.2-2build1 [23.6 kB]
2026-10-09T00:33:47.7160042Z Get:53 https://archive.ubuntu.com/ubuntu noble/universe amd64 libsord-0-0 amd64 0.16.16-2build1 [15.8 kB]
2026-10-09T00:33:47.8591909Z Get:54 https://archive.ubuntu.com/ubuntu noble/universe amd64 libsratom-0-0 amd64 0.6.16-1build1 [17.3 kB]
2026-10-09T00:33:48.0022428Z Get:55 https://archive.ubuntu.com/ubuntu noble/universe amd64 liblilv-0-0 amd64 0.24.22-1build1 [41.0 kB]
2026-10-09T00:33:48.1456769Z Get:56 https://archive.ubuntu.com/ubuntu noble/universe amd64 libmysofa1 amd64 1.3.2+dfsg-2ubuntu2 [1158 kB]
2026-10-09T00:33:48.2960610Z Get:57 https://archive.ubuntu.com/ubuntu noble/universe amd64 libplacebo338 amd64 6.338.2-2build1 [2654 kB]
2026-10-09T00:33:48.4544354Z Get:58 https://archive.ubuntu.com/ubuntu noble-updates/main amd64 libblas3 amd64 3.12.0-3build1.1 [238 kB]
2026-10-09T00:33:48.5987701Z Get:59 https://archive.ubuntu.com/ubuntu noble-updates/main amd64 liblapack3 amd64 3.12.0-3build1.1 [2646 kB]
2026-10-09T00:33:48.9413935Z Get:60 https://archive.ubuntu.com/ubuntu noble/main amd64 libasyncns0 amd64 0.8-6build4 [11.3 kB]
2026-10-09T00:33:49.0848141Z Get:61 https://archive.ubuntu.com/ubuntu noble/main amd64 libflac12t64 amd64 1.4.3+ds-2.1ubuntu2 [197 kB]
2026-10-09T00:33:49.2293975Z Get:62 https://archive.ubuntu.com/ubuntu noble-updates/main amd64 libsndfile1 amd64 1.2.2-1ubuntu5.24.04.1 [209 kB]
2026-10-09T00:33:49.3742788Z Get:63 https://archive.ubuntu.com/ubuntu noble-updates/main amd64 libpulse0 amd64 1:16.1+dfsg1-2ubuntu10.1 [292 kB]
2026-10-09T00:33:49.5199874Z Get:64 https://archive.ubuntu.com/ubuntu noble/universe amd64 libsphinxbase3t64 amd64 0.8+5prealpha+1-17build2 [126 kB]
2026-10-09T00:33:49.6640185Z Get:65 https://archive.ubuntu.com/ubuntu noble/universe amd64 libpocketsphinx3 amd64 0.8.0+real5prealpha+1-15ubuntu5 [133 kB]
2026-10-09T00:33:49.8080075Z Get:66 https://archive.ubuntu.com/ubuntu noble/universe amd64 libpostproc57 amd64 7:6.1.1-3ubuntu5 [49.9 kB]
2026-10-09T00:33:49.9516890Z Get:67 https://archive.ubuntu.com/ubuntu noble/main amd64 libsamplerate0 amd64 0.2.2-4build1 [1344 kB]
2026-10-09T00:33:50.1029262Z Get:68 https://archive.ubuntu.com/ubuntu noble/universe amd64 librubberband2 amd64 3.3.0+dfsg-2build1 [130 kB]
2026-10-09T00:33:50.2468037Z Get:69 https://archive.ubuntu.com/ubuntu noble/universe amd64 libswscale7 amd64 7:6.1.1-3ubuntu5 [193 kB]
2026-10-09T00:33:50.3914825Z Get:70 https://archive.ubuntu.com/ubuntu noble/universe amd64 libvidstab1.1 amd64 1.1.0-2build1 [38.5 kB]
2026-10-09T00:33:50.5348906Z Get:71 https://archive.ubuntu.com/ubuntu noble/universe amd64 libzimg2 amd64 3.0.5+ds1-1build1 [254 kB]
2026-10-09T00:33:50.6794026Z Get:72 https://archive.ubuntu.com/ubuntu noble/universe amd64 libavfilter9 amd64 7:6.1.1-3ubuntu5 [4235 kB]
2026-10-09T00:33:50.8473169Z Get:73 https://archive.ubuntu.com/ubuntu noble-updates/main amd64 libcaca0 amd64 0.99.beta20-4ubuntu0.2 [209 kB]
2026-10-09T00:33:50.9922951Z Get:74 https://archive.ubuntu.com/ubuntu noble-updates/main amd64 libcdio19t64 amd64 2.1.0-4.1ubuntu1.2 [62.4 kB]
2026-10-09T00:33:51.1356899Z Get:75 https://archive.ubuntu.com/ubuntu noble/main amd64 libcdio-cdda2t64 amd64 10.2+2.0.1-1.1build2 [16.5 kB]
2026-10-09T00:33:51.2788815Z Get:76 https://archive.ubuntu.com/ubuntu noble/main amd64 libcdio-paranoia2t64 amd64 10.2+2.0.1-1.1build2 [16.6 kB]
2026-10-09T00:33:51.4221228Z Get:77 https://archive.ubuntu.com/ubuntu noble/universe amd64 libdc1394-25 amd64 2.2.6-4build1 [90.1 kB]
2026-10-09T00:33:51.7501951Z Get:78 https://archive.ubuntu.com/ubuntu noble/main amd64 libiec61883-0 amd64 1.2.0-6build1 [24.5 kB]
2026-10-09T00:33:51.8938573Z Get:79 https://archive.ubuntu.com/ubuntu noble/main amd64 libjack-jackd2-0 amd64 1.9.21~dfsg-3ubuntu3 [289 kB]
2026-10-09T00:33:52.0388833Z Get:80 https://archive.ubuntu.com/ubuntu noble/universe amd64 libopenal-data all 1:1.23.1-4build1 [161 kB]
2026-10-09T00:33:52.1829579Z Get:81 https://archive.ubuntu.com/ubuntu noble/universe amd64 libsndio7.0 amd64 1.9.0-0.3build3 [29.6 kB]
2026-10-09T00:33:52.3264867Z Get:82 https://archive.ubuntu.com/ubuntu noble/universe amd64 libopenal1 amd64 1:1.23.1-4build1 [540 kB]
2026-10-09T00:33:52.4735742Z Get:83 https://archive.ubuntu.com/ubuntu noble/main amd64 libdecor-0-0 amd64 0.2.2-1build2 [16.5 kB]
2026-10-09T00:33:52.6170837Z Get:84 https://archive.ubuntu.com/ubuntu noble-updates/main amd64 libsdl2-2.0-0 amd64 2.30.0+dfsg-1ubuntu3.1 [686 kB]
2026-10-09T00:33:52.7642432Z Get:85 https://archive.ubuntu.com/ubuntu noble/main amd64 libxcb-shape0 amd64 1.15-1ubuntu2 [6100 B]
2026-10-09T00:33:52.9074418Z Get:86 https://archive.ubuntu.com/ubuntu noble/main amd64 libxv1 amd64 2:1.0.11-1.1build1 [10.7 kB]
2026-10-09T00:33:53.0506164Z Get:87 https://archive.ubuntu.com/ubuntu noble/universe amd64 libavdevice60 amd64 7:6.1.1-3ubuntu5 [82.3 kB]
2026-10-09T00:33:53.1942993Z Get:88 https://archive.ubuntu.com/ubuntu noble/universe amd64 ffmpeg amd64 7:6.1.1-3ubuntu5 [1879 kB]
2026-10-09T00:33:53.3490492Z Get:89 https://archive.ubuntu.com/ubuntu noble-updates/universe amd64 libigdgmm12 amd64 22.3.17+ds1-1ubuntu1 [145 kB]
2026-10-09T00:33:53.4935210Z Get:90 https://archive.ubuntu.com/ubuntu noble-updates/universe amd64 intel-media-va-driver amd64 24.1.0+dfsg1-1ubuntu0.2 [3163 kB]
2026-10-09T00:33:53.6557850Z Get:91 https://archive.ubuntu.com/ubuntu noble/universe amd64 libaacs0 amd64 0.11.1-2build1 [62.9 kB]
2026-10-09T00:33:53.7999533Z Get:92 https://archive.ubuntu.com/ubuntu noble/universe amd64 libbdplus0 amd64 0.2.0-3build1 [52.2 kB]
2026-10-09T00:33:53.9436376Z Get:93 https://archive.ubuntu.com/ubuntu noble/main amd64 libdecor-0-plugin-1-gtk amd64 0.2.2-1build2 [22.2 kB]
2026-10-09T00:33:54.0867777Z Get:94 https://archive.ubuntu.com/ubuntu noble-updates/main amd64 librsvg2-common amd64 2.58.0+dfsg-1ubuntu0.1 [11.8 kB]
2026-10-09T00:33:54.2298522Z Get:95 https://archive.ubuntu.com/ubuntu noble-updates/universe amd64 mesa-va-drivers amd64 25.2.8-0ubuntu0.24.04.4 [6778 B]
2026-10-09T00:33:54.3730954Z Get:96 https://archive.ubuntu.com/ubuntu noble-updates/main amd64 mesa-vdpau-drivers amd64 25.2.8-0ubuntu0.24.04.4 [23.4 kB]
2026-10-09T00:33:54.6991832Z Get:97 https://archive.ubuntu.com/ubuntu noble-updates/universe amd64 i965-va-driver amd64 2.4.1+dfsg1-1ubuntu0.2 [332 kB]
2026-10-09T00:33:54.8442678Z Get:98 https://archive.ubuntu.com/ubuntu noble-updates/universe amd64 va-driver-all amd64 2.20.0-2ubuntu0.2 [5014 B]
2026-10-09T00:33:54.9877540Z Get:99 https://archive.ubuntu.com/ubuntu noble/main amd64 vdpau-driver-all amd64 1.5-2build1 [4414 B]
2026-10-09T00:33:55.1312022Z Get:100 https://archive.ubuntu.com/ubuntu noble/universe amd64 pocketsphinx-en-us all 0.8.0+real5prealpha+1-15ubuntu5 [27.4 MB]
2026-10-09T00:33:55.6516618Z Fetched 94.1 MB in 18s (5113 kB/s)
2026-10-09T00:33:55.6761793Z Selecting previously unselected package libva2:amd64.
2026-10-09T00:33:55.7058856Z (Reading database ... 
2026-10-09T00:33:55.7059276Z (Reading database ... 5%
2026-10-09T00:33:55.7060254Z (Reading database ... 10%
2026-10-09T00:33:55.7060883Z (Reading database ... 15%
2026-10-09T00:33:55.7061237Z (Reading database ... 20%
2026-10-09T00:33:55.7061688Z (Reading database ... 25%
2026-10-09T00:33:55.7062250Z (Reading database ... 30%
2026-10-09T00:33:55.7062878Z (Reading database ... 35%
2026-10-09T00:33:55.7063330Z (Reading database ... 40%
2026-10-09T00:33:55.7063677Z (Reading database ... 45%
2026-10-09T00:33:55.7063950Z (Reading database ... 50%
2026-10-09T00:33:55.7114749Z (Reading database ... 55%
2026-10-09T00:33:55.8297318Z (Reading database ... 60%
2026-10-09T00:33:56.0752901Z (Reading database ... 65%
2026-10-09T00:33:56.2257723Z (Reading database ... 70%
2026-10-09T00:33:56.4260976Z (Reading database ... 75%
2026-10-09T00:33:56.6245641Z (Reading database ... 80%
2026-10-09T00:33:56.7476270Z (Reading database ... 85%
2026-10-09T00:33:56.8799287Z (Reading database ... 90%
2026-10-09T00:33:57.0317429Z (Reading database ... 95%
2026-10-09T00:33:57.0317870Z (Reading database ... 100%
2026-10-09T00:33:57.0318425Z (Reading database ... 203191 files and directories currently installed.)
2026-10-09T00:33:57.0360518Z Preparing to unpack .../00-libva2_2.20.0-2ubuntu0.2_amd64.deb ...
2026-10-09T00:33:57.0393712Z Unpacking libva2:amd64 (2.20.0-2ubuntu0.2) ...
2026-10-09T00:33:57.0615001Z Selecting previously unselected package libva-drm2:amd64.
2026-10-09T00:33:57.0742972Z Preparing to unpack .../01-libva-drm2_2.20.0-2ubuntu0.2_amd64.deb ...
2026-10-09T00:33:57.0750387Z Unpacking libva-drm2:amd64 (2.20.0-2ubuntu0.2) ...
2026-10-09T00:33:57.0965210Z Selecting previously unselected package libva-x11-2:amd64.
2026-10-09T00:33:57.1091617Z Preparing to unpack .../02-libva-x11-2_2.20.0-2ubuntu0.2_amd64.deb ...
2026-10-09T00:33:57.1098151Z Unpacking libva-x11-2:amd64 (2.20.0-2ubuntu0.2) ...
2026-10-09T00:33:57.1296307Z Selecting previously unselected package libvdpau1:amd64.
2026-10-09T00:33:57.1421466Z Preparing to unpack .../03-libvdpau1_1.5-2build1_amd64.deb ...
2026-10-09T00:33:57.1429292Z Unpacking libvdpau1:amd64 (1.5-2build1) ...
2026-10-09T00:33:57.1643958Z Selecting previously unselected package libvpl2.
2026-10-09T00:33:57.1770050Z Preparing to unpack .../04-libvpl2_2023.3.0-1build1_amd64.deb ...
2026-10-09T00:33:57.1776833Z Unpacking libvpl2 (2023.3.0-1build1) ...
2026-10-09T00:33:57.1989418Z Selecting previously unselected package ocl-icd-libopencl1:amd64.
2026-10-09T00:33:57.2115335Z Preparing to unpack .../05-ocl-icd-libopencl1_2.3.2-1build1_amd64.deb ...
2026-10-09T00:33:57.2123547Z Unpacking ocl-icd-libopencl1:amd64 (2.3.2-1build1) ...
2026-10-09T00:33:57.2366923Z Selecting previously unselected package libavutil58:amd64.
2026-10-09T00:33:57.2492318Z Preparing to unpack .../06-libavutil58_7%3a6.1.1-3ubuntu5_amd64.deb ...
2026-10-09T00:33:57.2499505Z Unpacking libavutil58:amd64 (7:6.1.1-3ubuntu5) ...
2026-10-09T00:33:57.2751124Z Selecting previously unselected package libcodec2-1.2:amd64.
2026-10-09T00:33:57.2875613Z Preparing to unpack .../07-libcodec2-1.2_1.2.0-2build1_amd64.deb ...
2026-10-09T00:33:57.2884033Z Unpacking libcodec2-1.2:amd64 (1.2.0-2build1) ...
2026-10-09T00:33:57.3627640Z Selecting previously unselected package libdav1d7:amd64.
2026-10-09T00:33:57.3752651Z Preparing to unpack .../08-libdav1d7_1.4.1-1build1_amd64.deb ...
2026-10-09T00:33:57.3760084Z Unpacking libdav1d7:amd64 (1.4.1-1build1) ...
2026-10-09T00:33:57.4032540Z Selecting previously unselected package libgsm1:amd64.
2026-10-09T00:33:57.4160288Z Preparing to unpack .../09-libgsm1_1.0.22-1build1_amd64.deb ...
2026-10-09T00:33:57.4183591Z Unpacking libgsm1:amd64 (1.0.22-1build1) ...
2026-10-09T00:33:57.4395285Z Selecting previously unselected package libhwy1t64:amd64.
2026-10-09T00:33:57.4521980Z Preparing to unpack .../10-libhwy1t64_1.0.7-8.1build1_amd64.deb ...
2026-10-09T00:33:57.4529306Z Unpacking libhwy1t64:amd64 (1.0.7-8.1build1) ...
2026-10-09T00:33:57.4842547Z Selecting previously unselected package libjxl0.7:amd64.
2026-10-09T00:33:57.4967410Z Preparing to unpack .../11-libjxl0.7_0.7.0-10.2ubuntu6.1_amd64.deb ...
2026-10-09T00:33:57.4974624Z Unpacking libjxl0.7:amd64 (0.7.0-10.2ubuntu6.1) ...
2026-10-09T00:33:57.5309277Z Selecting previously unselected package libmp3lame0:amd64.
2026-10-09T00:33:57.5435152Z Preparing to unpack .../12-libmp3lame0_3.100-6build1_amd64.deb ...
2026-10-09T00:33:57.5443996Z Unpacking libmp3lame0:amd64 (3.100-6build1) ...
2026-10-09T00:33:57.5659936Z Selecting previously unselected package libopus0:amd64.
2026-10-09T00:33:57.5786572Z Preparing to unpack .../13-libopus0_1.4-1build1_amd64.deb ...
2026-10-09T00:33:57.5793158Z Unpacking libopus0:amd64 (1.4-1build1) ...
2026-10-09T00:33:57.6016954Z Selecting previously unselected package librav1e0:amd64.
2026-10-09T00:33:57.6145151Z Preparing to unpack .../14-librav1e0_0.7.1-2_amd64.deb ...
2026-10-09T00:33:57.6151455Z Unpacking librav1e0:amd64 (0.7.1-2) ...
2026-10-09T00:33:57.6468821Z Selecting previously unselected package librsvg2-2:amd64.
2026-10-09T00:33:57.6593487Z Preparing to unpack .../15-librsvg2-2_2.58.0+dfsg-1ubuntu0.1_amd64.deb ...
2026-10-09T00:33:57.6601712Z Unpacking librsvg2-2:amd64 (2.58.0+dfsg-1ubuntu0.1) ...
2026-10-09T00:33:57.7076670Z Selecting previously unselected package libshine3:amd64.
2026-10-09T00:33:57.7201613Z Preparing to unpack .../16-libshine3_3.1.1-2build1_amd64.deb ...
2026-10-09T00:33:57.7210223Z Unpacking libshine3:amd64 (3.1.1-2build1) ...
2026-10-09T00:33:57.7411454Z Selecting previously unselected package libspeex1:amd64.
2026-10-09T00:33:57.7539007Z Preparing to unpack .../17-libspeex1_1.2.1-2ubuntu2.24.04.1_amd64.deb ...
2026-10-09T00:33:57.7547121Z Unpacking libspeex1:amd64 (1.2.1-2ubuntu2.24.04.1) ...
2026-10-09T00:33:57.7752204Z Selecting previously unselected package libsvtav1enc1d1:amd64.
2026-10-09T00:33:57.7879010Z Preparing to unpack .../18-libsvtav1enc1d1_1.7.0+dfsg-2build1_amd64.deb ...
2026-10-09T00:33:57.7887187Z Unpacking libsvtav1enc1d1:amd64 (1.7.0+dfsg-2build1) ...
2026-10-09T00:33:57.8401176Z Selecting previously unselected package libsoxr0:amd64.
2026-10-09T00:33:57.8525582Z Preparing to unpack .../19-libsoxr0_0.1.3-4build3_amd64.deb ...
2026-10-09T00:33:57.8532542Z Unpacking libsoxr0:amd64 (0.1.3-4build3) ...
2026-10-09T00:33:57.8756894Z Selecting previously unselected package libswresample4:amd64.
2026-10-09T00:33:57.8881060Z Preparing to unpack .../20-libswresample4_7%3a6.1.1-3ubuntu5_amd64.deb ...
2026-10-09T00:33:57.8888014Z Unpacking libswresample4:amd64 (7:6.1.1-3ubuntu5) ...
2026-10-09T00:33:57.9095153Z Selecting previously unselected package libtheora0:amd64.
2026-10-09T00:33:57.9219507Z Preparing to unpack .../21-libtheora0_1.1.1+dfsg.1-16.1build3_amd64.deb ...
2026-10-09T00:33:57.9226776Z Unpacking libtheora0:amd64 (1.1.1+dfsg.1-16.1build3) ...
2026-10-09T00:33:57.9457259Z Selecting previously unselected package libtwolame0:amd64.
2026-10-09T00:33:57.9582734Z Preparing to unpack .../22-libtwolame0_0.4.0-2build3_amd64.deb ...
2026-10-09T00:33:57.9590107Z Unpacking libtwolame0:amd64 (0.4.0-2build3) ...
2026-10-09T00:33:57.9834458Z Selecting previously unselected package libvorbisenc2:amd64.
2026-10-09T00:33:57.9961978Z Preparing to unpack .../23-libvorbisenc2_1.3.7-1build3_amd64.deb ...
2026-10-09T00:33:57.9969799Z Unpacking libvorbisenc2:amd64 (1.3.7-1build3) ...
2026-10-09T00:33:58.0194427Z Selecting previously unselected package libvpx9:amd64.
2026-10-09T00:33:58.0325357Z Preparing to unpack .../24-libvpx9_1.14.0-1ubuntu2.3_amd64.deb ...
2026-10-09T00:33:58.0333053Z Unpacking libvpx9:amd64 (1.14.0-1ubuntu2.3) ...
2026-10-09T00:33:58.0674021Z Selecting previously unselected package libx264-164:amd64.
2026-10-09T00:33:58.0801010Z Preparing to unpack .../25-libx264-164_2%3a0.164.3108+git31e19f9-1_amd64.deb ...
2026-10-09T00:33:58.0825447Z Unpacking libx264-164:amd64 (2:0.164.3108+git31e19f9-1) ...
2026-10-09T00:33:58.1102022Z Selecting previously unselected package libx265-199:amd64.
2026-10-09T00:33:58.1225985Z Preparing to unpack .../26-libx265-199_3.5-2build1_amd64.deb ...
2026-10-09T00:33:58.1234150Z Unpacking libx265-199:amd64 (3.5-2build1) ...
2026-10-09T00:33:58.1881518Z Selecting previously unselected package libxvidcore4:amd64.
2026-10-09T00:33:58.2011298Z Preparing to unpack .../27-libxvidcore4_2%3a1.3.7-1build1_amd64.deb ...
2026-10-09T00:33:58.2020117Z Unpacking libxvidcore4:amd64 (2:1.3.7-1build1) ...
2026-10-09T00:33:58.2241917Z Selecting previously unselected package libzvbi-common.
2026-10-09T00:33:58.2374104Z Preparing to unpack .../28-libzvbi-common_0.2.42-2_all.deb ...
2026-10-09T00:33:58.2384526Z Unpacking libzvbi-common (0.2.42-2) ...
2026-10-09T00:33:58.3060623Z Selecting previously unselected package libzvbi0t64:amd64.
2026-10-09T00:33:58.3187797Z Preparing to unpack .../29-libzvbi0t64_0.2.42-2_amd64.deb ...
2026-10-09T00:33:58.3196579Z Unpacking libzvbi0t64:amd64 (0.2.42-2) ...
2026-10-09T00:33:58.3435566Z Selecting previously unselected package libavcodec60:amd64.
2026-10-09T00:33:58.3562328Z Preparing to unpack .../30-libavcodec60_7%3a6.1.1-3ubuntu5_amd64.deb ...
2026-10-09T00:33:58.3570889Z Unpacking libavcodec60:amd64 (7:6.1.1-3ubuntu5) ...
2026-10-09T00:33:58.4370703Z Selecting previously unselected package libraw1394-11:amd64.
2026-10-09T00:33:58.4497371Z Preparing to unpack .../31-libraw1394-11_2.1.2-2build3_amd64.deb ...
2026-10-09T00:33:58.4504961Z Unpacking libraw1394-11:amd64 (2.1.2-2build3) ...
2026-10-09T00:33:58.4708764Z Selecting previously unselected package libavc1394-0:amd64.
2026-10-09T00:33:58.4834414Z Preparing to unpack .../32-libavc1394-0_0.5.4-5build3_amd64.deb ...
2026-10-09T00:33:58.4841720Z Unpacking libavc1394-0:amd64 (0.5.4-5build3) ...
2026-10-09T00:33:58.5049028Z Selecting previously unselected package libunibreak5:amd64.
2026-10-09T00:33:58.5174061Z Preparing to unpack .../33-libunibreak5_5.1-2build1_amd64.deb ...
2026-10-09T00:33:58.5181821Z Unpacking libunibreak5:amd64 (5.1-2build1) ...
2026-10-09T00:33:58.5401735Z Selecting previously unselected package libass9:amd64.
2026-10-09T00:33:58.5526675Z Preparing to unpack .../34-libass9_1%3a0.17.1-2build1_amd64.deb ...
2026-10-09T00:33:58.5534649Z Unpacking libass9:amd64 (1:0.17.1-2build1) ...
2026-10-09T00:33:58.5747674Z Selecting previously unselected package libudfread0:amd64.
2026-10-09T00:33:58.5873081Z Preparing to unpack .../35-libudfread0_1.1.2-1build1_amd64.deb ...
2026-10-09T00:33:58.5881011Z Unpacking libudfread0:amd64 (1.1.2-1build1) ...
2026-10-09T00:33:58.6087508Z Selecting previously unselected package libbluray2:amd64.
2026-10-09T00:33:58.6213466Z Preparing to unpack .../36-libbluray2_1%3a1.3.4-1build1_amd64.deb ...
2026-10-09T00:33:58.6221782Z Unpacking libbluray2:amd64 (1:1.3.4-1build1) ...
2026-10-09T00:33:58.6445744Z Selecting previously unselected package libchromaprint1:amd64.
2026-10-09T00:33:58.6570942Z Preparing to unpack .../37-libchromaprint1_1.5.1-5_amd64.deb ...
2026-10-09T00:33:58.6578314Z Unpacking libchromaprint1:amd64 (1.5.1-5) ...
2026-10-09T00:33:58.6783014Z Selecting previously unselected package libgme0:amd64.
2026-10-09T00:33:58.6909130Z Preparing to unpack .../38-libgme0_0.6.3-7build1_amd64.deb ...
2026-10-09T00:33:58.6916169Z Unpacking libgme0:amd64 (0.6.3-7build1) ...
2026-10-09T00:33:58.7177968Z Selecting previously unselected package libmpg123-0t64:amd64.
2026-10-09T00:33:58.7338306Z Preparing to unpack .../39-libmpg123-0t64_1.32.5-1ubuntu1.1_amd64.deb ...
2026-10-09T00:33:58.7357054Z Unpacking libmpg123-0t64:amd64 (1.32.5-1ubuntu1.1) ...
2026-10-09T00:33:58.7618350Z Selecting previously unselected package libopenmpt0t64:amd64.
2026-10-09T00:33:58.7743585Z Preparing to unpack .../40-libopenmpt0t64_0.7.3-1.1build3_amd64.deb ...
2026-10-09T00:33:58.7751387Z Unpacking libopenmpt0t64:amd64 (0.7.3-1.1build3) ...
2026-10-09T00:33:58.8020964Z Selecting previously unselected package libcjson1:amd64.
2026-10-09T00:33:58.8146583Z Preparing to unpack .../41-libcjson1_1.7.17-1_amd64.deb ...
2026-10-09T00:33:58.8154375Z Unpacking libcjson1:amd64 (1.7.17-1) ...
2026-10-09T00:33:58.8363194Z Selecting previously unselected package libmbedcrypto7t64:amd64.
2026-10-09T00:33:58.8488649Z Preparing to unpack .../42-libmbedcrypto7t64_2.28.8-1_amd64.deb ...
2026-10-09T00:33:58.8496761Z Unpacking libmbedcrypto7t64:amd64 (2.28.8-1) ...
2026-10-09T00:33:58.8736249Z Selecting previously unselected package librist4:amd64.
2026-10-09T00:33:58.8865532Z Preparing to unpack .../43-librist4_0.2.10+dfsg-2_amd64.deb ...
2026-10-09T00:33:58.8873724Z Unpacking librist4:amd64 (0.2.10+dfsg-2) ...
2026-10-09T00:33:58.9082996Z Selecting previously unselected package libsrt1.5-gnutls:amd64.
2026-10-09T00:33:58.9209200Z Preparing to unpack .../44-libsrt1.5-gnutls_1.5.3-1build2_amd64.deb ...
2026-10-09T00:33:58.9217006Z Unpacking libsrt1.5-gnutls:amd64 (1.5.3-1build2) ...
2026-10-09T00:33:58.9459019Z Selecting previously unselected package libssh-gcrypt-4:amd64.
2026-10-09T00:33:58.9590074Z Preparing to unpack .../45-libssh-gcrypt-4_0.10.6-2ubuntu0.5_amd64.deb ...
2026-10-09T00:33:58.9597966Z Unpacking libssh-gcrypt-4:amd64 (0.10.6-2ubuntu0.5) ...
2026-10-09T00:33:58.9850096Z Selecting previously unselected package libavformat60:amd64.
2026-10-09T00:33:58.9977232Z Preparing to unpack .../46-libavformat60_7%3a6.1.1-3ubuntu5_amd64.deb ...
2026-10-09T00:33:58.9985306Z Unpacking libavformat60:amd64 (7:6.1.1-3ubuntu5) ...
2026-10-09T00:33:59.0318519Z Selecting previously unselected package libbs2b0:amd64.
2026-10-09T00:33:59.0446565Z Preparing to unpack .../47-libbs2b0_3.1.0+dfsg-7build1_amd64.deb ...
2026-10-09T00:33:59.0455282Z Unpacking libbs2b0:amd64 (3.1.0+dfsg-7build1) ...
2026-10-09T00:33:59.0689187Z Selecting previously unselected package libflite1:amd64.
2026-10-09T00:33:59.0819685Z Preparing to unpack .../48-libflite1_2.2-6build3_amd64.deb ...
2026-10-09T00:33:59.0827915Z Unpacking libflite1:amd64 (2.2-6build3) ...
2026-10-09T00:33:59.1945449Z Selecting previously unselected package libserd-0-0:amd64.
2026-10-09T00:33:59.2076876Z Preparing to unpack .../49-libserd-0-0_0.32.2-1_amd64.deb ...
2026-10-09T00:33:59.2084249Z Unpacking libserd-0-0:amd64 (0.32.2-1) ...
2026-10-09T00:33:59.2307469Z Selecting previously unselected package libzix-0-0:amd64.
2026-10-09T00:33:59.2437281Z Preparing to unpack .../50-libzix-0-0_0.4.2-2build1_amd64.deb ...
2026-10-09T00:33:59.2445559Z Unpacking libzix-0-0:amd64 (0.4.2-2build1) ...
2026-10-09T00:33:59.2660787Z Selecting previously unselected package libsord-0-0:amd64.
2026-10-09T00:33:59.2790852Z Preparing to unpack .../51-libsord-0-0_0.16.16-2build1_amd64.deb ...
2026-10-09T00:33:59.2798631Z Unpacking libsord-0-0:amd64 (0.16.16-2build1) ...
2026-10-09T00:33:59.3016159Z Selecting previously unselected package libsratom-0-0:amd64.
2026-10-09T00:33:59.3145343Z Preparing to unpack .../52-libsratom-0-0_0.6.16-1build1_amd64.deb ...
2026-10-09T00:33:59.3152931Z Unpacking libsratom-0-0:amd64 (0.6.16-1build1) ...
2026-10-09T00:33:59.3365232Z Selecting previously unselected package liblilv-0-0:amd64.
2026-10-09T00:33:59.3494977Z Preparing to unpack .../53-liblilv-0-0_0.24.22-1build1_amd64.deb ...
2026-10-09T00:33:59.3502553Z Unpacking liblilv-0-0:amd64 (0.24.22-1build1) ...
2026-10-09T00:33:59.3723541Z Selecting previously unselected package libmysofa1:amd64.
2026-10-09T00:33:59.3853182Z Preparing to unpack .../54-libmysofa1_1.3.2+dfsg-2ubuntu2_amd64.deb ...
2026-10-09T00:33:59.3860940Z Unpacking libmysofa1:amd64 (1.3.2+dfsg-2ubuntu2) ...
2026-10-09T00:33:59.4117136Z Selecting previously unselected package libplacebo338:amd64.
2026-10-09T00:33:59.4244823Z Preparing to unpack .../55-libplacebo338_6.338.2-2build1_amd64.deb ...
2026-10-09T00:33:59.4253749Z Unpacking libplacebo338:amd64 (6.338.2-2build1) ...
2026-10-09T00:33:59.4794233Z Selecting previously unselected package libblas3:amd64.
2026-10-09T00:33:59.4923735Z Preparing to unpack .../56-libblas3_3.12.0-3build1.1_amd64.deb ...
2026-10-09T00:33:59.4954792Z Unpacking libblas3:amd64 (3.12.0-3build1.1) ...
2026-10-09T00:33:59.5209740Z Selecting previously unselected package liblapack3:amd64.
2026-10-09T00:33:59.5338599Z Preparing to unpack .../57-liblapack3_3.12.0-3build1.1_amd64.deb ...
2026-10-09T00:33:59.5372596Z Unpacking liblapack3:amd64 (3.12.0-3build1.1) ...
2026-10-09T00:33:59.5911843Z Selecting previously unselected package libasyncns0:amd64.
2026-10-09T00:33:59.6040146Z Preparing to unpack .../58-libasyncns0_0.8-6build4_amd64.deb ...
2026-10-09T00:33:59.6048011Z Unpacking libasyncns0:amd64 (0.8-6build4) ...
2026-10-09T00:33:59.6257998Z Selecting previously unselected package libflac12t64:amd64.
2026-10-09T00:33:59.6387403Z Preparing to unpack .../59-libflac12t64_1.4.3+ds-2.1ubuntu2_amd64.deb ...
2026-10-09T00:33:59.6394768Z Unpacking libflac12t64:amd64 (1.4.3+ds-2.1ubuntu2) ...
2026-10-09T00:33:59.6628429Z Selecting previously unselected package libsndfile1:amd64.
2026-10-09T00:33:59.6756603Z Preparing to unpack .../60-libsndfile1_1.2.2-1ubuntu5.24.04.1_amd64.deb ...
2026-10-09T00:33:59.6769714Z Unpacking libsndfile1:amd64 (1.2.2-1ubuntu5.24.04.1) ...
2026-10-09T00:33:59.7013671Z Selecting previously unselected package libpulse0:amd64.
2026-10-09T00:33:59.7139171Z Preparing to unpack .../61-libpulse0_1%3a16.1+dfsg1-2ubuntu10.1_amd64.deb ...
2026-10-09T00:33:59.7208865Z Unpacking libpulse0:amd64 (1:16.1+dfsg1-2ubuntu10.1) ...
2026-10-09T00:33:59.7460672Z Selecting previously unselected package libsphinxbase3t64:amd64.
2026-10-09T00:33:59.7589922Z Preparing to unpack .../62-libsphinxbase3t64_0.8+5prealpha+1-17build2_amd64.deb ...
2026-10-09T00:33:59.7598788Z Unpacking libsphinxbase3t64:amd64 (0.8+5prealpha+1-17build2) ...
2026-10-09T00:33:59.7831288Z Selecting previously unselected package libpocketsphinx3:amd64.
2026-10-09T00:33:59.7960252Z Preparing to unpack .../63-libpocketsphinx3_0.8.0+real5prealpha+1-15ubuntu5_amd64.deb ...
2026-10-09T00:33:59.7970129Z Unpacking libpocketsphinx3:amd64 (0.8.0+real5prealpha+1-15ubuntu5) ...
2026-10-09T00:33:59.8202710Z Selecting previously unselected package libpostproc57:amd64.
2026-10-09T00:33:59.8331315Z Preparing to unpack .../64-libpostproc57_7%3a6.1.1-3ubuntu5_amd64.deb ...
2026-10-09T00:33:59.8339801Z Unpacking libpostproc57:amd64 (7:6.1.1-3ubuntu5) ...
2026-10-09T00:33:59.8557598Z Selecting previously unselected package libsamplerate0:amd64.
2026-10-09T00:33:59.8684301Z Preparing to unpack .../65-libsamplerate0_0.2.2-4build1_amd64.deb ...
2026-10-09T00:33:59.8692085Z Unpacking libsamplerate0:amd64 (0.2.2-4build1) ...
2026-10-09T00:33:59.8953654Z Selecting previously unselected package librubberband2:amd64.
2026-10-09T00:33:59.9080410Z Preparing to unpack .../66-librubberband2_3.3.0+dfsg-2build1_amd64.deb ...
2026-10-09T00:33:59.9088993Z Unpacking librubberband2:amd64 (3.3.0+dfsg-2build1) ...
2026-10-09T00:33:59.9316997Z Selecting previously unselected package libswscale7:amd64.
2026-10-09T00:33:59.9443973Z Preparing to unpack .../67-libswscale7_7%3a6.1.1-3ubuntu5_amd64.deb ...
2026-10-09T00:33:59.9451894Z Unpacking libswscale7:amd64 (7:6.1.1-3ubuntu5) ...
2026-10-09T00:33:59.9684725Z Selecting previously unselected package libvidstab1.1:amd64.
2026-10-09T00:33:59.9813974Z Preparing to unpack .../68-libvidstab1.1_1.1.0-2build1_amd64.deb ...
2026-10-09T00:33:59.9822172Z Unpacking libvidstab1.1:amd64 (1.1.0-2build1) ...
2026-10-09T00:34:00.0030820Z Selecting previously unselected package libzimg2:amd64.
2026-10-09T00:34:00.0160717Z Preparing to unpack .../69-libzimg2_3.0.5+ds1-1build1_amd64.deb ...
2026-10-09T00:34:00.0169875Z Unpacking libzimg2:amd64 (3.0.5+ds1-1build1) ...
2026-10-09T00:34:00.0417983Z Selecting previously unselected package libavfilter9:amd64.
2026-10-09T00:34:00.0548151Z Preparing to unpack .../70-libavfilter9_7%3a6.1.1-3ubuntu5_amd64.deb ...
2026-10-09T00:34:00.0562434Z Unpacking libavfilter9:amd64 (7:6.1.1-3ubuntu5) ...
2026-10-09T00:34:00.1249052Z Selecting previously unselected package libcaca0:amd64.
2026-10-09T00:34:00.1375649Z Preparing to unpack .../71-libcaca0_0.99.beta20-4ubuntu0.2_amd64.deb ...
2026-10-09T00:34:00.1383216Z Unpacking libcaca0:amd64 (0.99.beta20-4ubuntu0.2) ...
2026-10-09T00:34:00.1629117Z Selecting previously unselected package libcdio19t64:amd64.
2026-10-09T00:34:00.1758180Z Preparing to unpack .../72-libcdio19t64_2.1.0-4.1ubuntu1.2_amd64.deb ...
2026-10-09T00:34:00.1765206Z Unpacking libcdio19t64:amd64 (2.1.0-4.1ubuntu1.2) ...
2026-10-09T00:34:00.1994974Z Selecting previously unselected package libcdio-cdda2t64:amd64.
2026-10-09T00:34:00.2122833Z Preparing to unpack .../73-libcdio-cdda2t64_10.2+2.0.1-1.1build2_amd64.deb ...
2026-10-09T00:34:00.2130969Z Unpacking libcdio-cdda2t64:amd64 (10.2+2.0.1-1.1build2) ...
2026-10-09T00:34:00.2342049Z Selecting previously unselected package libcdio-paranoia2t64:amd64.
2026-10-09T00:34:00.2469925Z Preparing to unpack .../74-libcdio-paranoia2t64_10.2+2.0.1-1.1build2_amd64.deb ...
2026-10-09T00:34:00.2478501Z Unpacking libcdio-paranoia2t64:amd64 (10.2+2.0.1-1.1build2) ...
2026-10-09T00:34:00.2689844Z Selecting previously unselected package libdc1394-25:amd64.
2026-10-09T00:34:00.2820397Z Preparing to unpack .../75-libdc1394-25_2.2.6-4build1_amd64.deb ...
2026-10-09T00:34:00.2828265Z Unpacking libdc1394-25:amd64 (2.2.6-4build1) ...
2026-10-09T00:34:00.3068843Z Selecting previously unselected package libiec61883-0:amd64.
2026-10-09T00:34:00.3199147Z Preparing to unpack .../76-libiec61883-0_1.2.0-6build1_amd64.deb ...
2026-10-09T00:34:00.3207866Z Unpacking libiec61883-0:amd64 (1.2.0-6build1) ...
2026-10-09T00:34:00.3420293Z Selecting previously unselected package libjack-jackd2-0:amd64.
2026-10-09T00:34:00.3547740Z Preparing to unpack .../77-libjack-jackd2-0_1.9.21~dfsg-3ubuntu3_amd64.deb ...
2026-10-09T00:34:00.3555282Z Unpacking libjack-jackd2-0:amd64 (1.9.21~dfsg-3ubuntu3) ...
2026-10-09T00:34:00.3815747Z Selecting previously unselected package libopenal-data.
2026-10-09T00:34:00.3943280Z Preparing to unpack .../78-libopenal-data_1%3a1.23.1-4build1_all.deb ...
2026-10-09T00:34:00.3951538Z Unpacking libopenal-data (1:1.23.1-4build1) ...
2026-10-09T00:34:00.4220581Z Selecting previously unselected package libsndio7.0:amd64.
2026-10-09T00:34:00.4351560Z Preparing to unpack .../79-libsndio7.0_1.9.0-0.3build3_amd64.deb ...
2026-10-09T00:34:00.4361652Z Unpacking libsndio7.0:amd64 (1.9.0-0.3build3) ...
2026-10-09T00:34:00.4580732Z Selecting previously unselected package libopenal1:amd64.
2026-10-09T00:34:00.4709399Z Preparing to unpack .../80-libopenal1_1%3a1.23.1-4build1_amd64.deb ...
2026-10-09T00:34:00.4717365Z Unpacking libopenal1:amd64 (1:1.23.1-4build1) ...
2026-10-09T00:34:00.5015517Z Selecting previously unselected package libdecor-0-0:amd64.
2026-10-09T00:34:00.5143420Z Preparing to unpack .../81-libdecor-0-0_0.2.2-1build2_amd64.deb ...
2026-10-09T00:34:00.5161368Z Unpacking libdecor-0-0:amd64 (0.2.2-1build2) ...
2026-10-09T00:34:00.5370550Z Selecting previously unselected package libsdl2-2.0-0:amd64.
2026-10-09T00:34:00.5498689Z Preparing to unpack .../82-libsdl2-2.0-0_2.30.0+dfsg-1ubuntu3.1_amd64.deb ...
2026-10-09T00:34:00.5505634Z Unpacking libsdl2-2.0-0:amd64 (2.30.0+dfsg-1ubuntu3.1) ...
2026-10-09T00:34:00.6013225Z Selecting previously unselected package libxcb-shape0:amd64.
2026-10-09T00:34:00.6140534Z Preparing to unpack .../83-libxcb-shape0_1.15-1ubuntu2_amd64.deb ...
2026-10-09T00:34:00.6148335Z Unpacking libxcb-shape0:amd64 (1.15-1ubuntu2) ...
2026-10-09T00:34:00.6352267Z Selecting previously unselected package libxv1:amd64.
2026-10-09T00:34:00.6479059Z Preparing to unpack .../84-libxv1_2%3a1.0.11-1.1build1_amd64.deb ...
2026-10-09T00:34:00.6487953Z Unpacking libxv1:amd64 (2:1.0.11-1.1build1) ...
2026-10-09T00:34:00.6699603Z Selecting previously unselected package libavdevice60:amd64.
2026-10-09T00:34:00.6826984Z Preparing to unpack .../85-libavdevice60_7%3a6.1.1-3ubuntu5_amd64.deb ...
2026-10-09T00:34:00.6834088Z Unpacking libavdevice60:amd64 (7:6.1.1-3ubuntu5) ...
2026-10-09T00:34:00.7052229Z Selecting previously unselected package ffmpeg.
2026-10-09T00:34:00.7180008Z Preparing to unpack .../86-ffmpeg_7%3a6.1.1-3ubuntu5_amd64.deb ...
2026-10-09T00:34:00.7186836Z Unpacking ffmpeg (7:6.1.1-3ubuntu5) ...
2026-10-09T00:34:00.7622540Z Selecting previously unselected package libigdgmm12:amd64.
2026-10-09T00:34:00.7752274Z Preparing to unpack .../87-libigdgmm12_22.3.17+ds1-1ubuntu1_amd64.deb ...
2026-10-09T00:34:00.7766463Z Unpacking libigdgmm12:amd64 (22.3.17+ds1-1ubuntu1) ...
2026-10-09T00:34:00.7983452Z Selecting previously unselected package intel-media-va-driver:amd64.
2026-10-09T00:34:00.8108496Z Preparing to unpack .../88-intel-media-va-driver_24.1.0+dfsg1-1ubuntu0.2_amd64.deb ...
2026-10-09T00:34:00.8115430Z Unpacking intel-media-va-driver:amd64 (24.1.0+dfsg1-1ubuntu0.2) ...
2026-10-09T00:34:00.8841114Z Selecting previously unselected package libaacs0:amd64.
2026-10-09T00:34:00.8969596Z Preparing to unpack .../89-libaacs0_0.11.1-2build1_amd64.deb ...
2026-10-09T00:34:00.8977752Z Unpacking libaacs0:amd64 (0.11.1-2build1) ...
2026-10-09T00:34:00.9197017Z Selecting previously unselected package libbdplus0:amd64.
2026-10-09T00:34:00.9324079Z Preparing to unpack .../90-libbdplus0_0.2.0-3build1_amd64.deb ...
2026-10-09T00:34:00.9331557Z Unpacking libbdplus0:amd64 (0.2.0-3build1) ...
2026-10-09T00:34:00.9541708Z Selecting previously unselected package libdecor-0-plugin-1-gtk:amd64.
2026-10-09T00:34:00.9669055Z Preparing to unpack .../91-libdecor-0-plugin-1-gtk_0.2.2-1build2_amd64.deb ...
2026-10-09T00:34:00.9677637Z Unpacking libdecor-0-plugin-1-gtk:amd64 (0.2.2-1build2) ...
2026-10-09T00:34:00.9889267Z Selecting previously unselected package librsvg2-common:amd64.
2026-10-09T00:34:01.0014483Z Preparing to unpack .../92-librsvg2-common_2.58.0+dfsg-1ubuntu0.1_amd64.deb ...
2026-10-09T00:34:01.0024866Z Unpacking librsvg2-common:amd64 (2.58.0+dfsg-1ubuntu0.1) ...
2026-10-09T00:34:01.0246211Z Selecting previously unselected package mesa-va-drivers:amd64.
2026-10-09T00:34:01.0374230Z Preparing to unpack .../93-mesa-va-drivers_25.2.8-0ubuntu0.24.04.4_amd64.deb ...
2026-10-09T00:34:01.0383255Z Unpacking mesa-va-drivers:amd64 (25.2.8-0ubuntu0.24.04.4) ...
2026-10-09T00:34:01.0605335Z Selecting previously unselected package mesa-vdpau-drivers:amd64.
2026-10-09T00:34:01.0739442Z Preparing to unpack .../94-mesa-vdpau-drivers_25.2.8-0ubuntu0.24.04.4_amd64.deb ...
2026-10-09T00:34:01.0749639Z Unpacking mesa-vdpau-drivers:amd64 (25.2.8-0ubuntu0.24.04.4) ...
2026-10-09T00:34:01.0975228Z Selecting previously unselected package i965-va-driver:amd64.
2026-10-09T00:34:01.1104559Z Preparing to unpack .../95-i965-va-driver_2.4.1+dfsg1-1ubuntu0.2_amd64.deb ...
2026-10-09T00:34:01.1112628Z Unpacking i965-va-driver:amd64 (2.4.1+dfsg1-1ubuntu0.2) ...
2026-10-09T00:34:01.1376558Z Selecting previously unselected package va-driver-all:amd64.
2026-10-09T00:34:01.1505044Z Preparing to unpack .../96-va-driver-all_2.20.0-2ubuntu0.2_amd64.deb ...
2026-10-09T00:34:01.1513377Z Unpacking va-driver-all:amd64 (2.20.0-2ubuntu0.2) ...
2026-10-09T00:34:01.1718181Z Selecting previously unselected package vdpau-driver-all:amd64.
2026-10-09T00:34:01.1848961Z Preparing to unpack .../97-vdpau-driver-all_1.5-2build1_amd64.deb ...
2026-10-09T00:34:01.1855401Z Unpacking vdpau-driver-all:amd64 (1.5-2build1) ...
2026-10-09T00:34:01.2046905Z Selecting previously unselected package pocketsphinx-en-us.
2026-10-09T00:34:01.2174496Z Preparing to unpack .../98-pocketsphinx-en-us_0.8.0+real5prealpha+1-15ubuntu5_all.deb ...
2026-10-09T00:34:01.2181903Z Unpacking pocketsphinx-en-us (0.8.0+real5prealpha+1-15ubuntu5) ...
2026-10-09T00:34:01.4134052Z Setting up libgme0:amd64 (0.6.3-7build1) ...
2026-10-09T00:34:01.4178740Z Setting up libchromaprint1:amd64 (1.5.1-5) ...
2026-10-09T00:34:01.4185613Z Setting up libssh-gcrypt-4:amd64 (0.10.6-2ubuntu0.5) ...
2026-10-09T00:34:01.4202639Z Setting up libhwy1t64:amd64 (1.0.7-8.1build1) ...
2026-10-09T00:34:01.4223622Z Setting up libudfread0:amd64 (1.1.2-1build1) ...
2026-10-09T00:34:01.4242805Z Setting up libraw1394-11:amd64 (2.1.2-2build3) ...
2026-10-09T00:34:01.4261244Z Setting up libspeex1:amd64 (1.2.1-2ubuntu2.24.04.1) ...
2026-10-09T00:34:01.4280620Z Setting up libshine3:amd64 (3.1.1-2build1) ...
2026-10-09T00:34:01.4297983Z Setting up libcaca0:amd64 (0.99.beta20-4ubuntu0.2) ...
2026-10-09T00:34:01.4320061Z Setting up libvpl2 (2023.3.0-1build1) ...
2026-10-09T00:34:01.4338704Z Setting up libx264-164:amd64 (2:0.164.3108+git31e19f9-1) ...
2026-10-09T00:34:01.4359713Z Setting up libtwolame0:amd64 (0.4.0-2build3) ...
2026-10-09T00:34:01.4378368Z Setting up libmbedcrypto7t64:amd64 (2.28.8-1) ...
2026-10-09T00:34:01.4399259Z Setting up libgsm1:amd64 (1.0.22-1build1) ...
2026-10-09T00:34:01.4418196Z Setting up libsoxr0:amd64 (0.1.3-4build3) ...
2026-10-09T00:34:01.4435001Z Setting up libzix-0-0:amd64 (0.4.2-2build1) ...
2026-10-09T00:34:01.4456803Z Setting up libcodec2-1.2:amd64 (1.2.0-2build1) ...
2026-10-09T00:34:01.4476291Z Setting up libmysofa1:amd64 (1.3.2+dfsg-2ubuntu2) ...
2026-10-09T00:34:01.4494286Z Setting up libxcb-shape0:amd64 (1.15-1ubuntu2) ...
2026-10-09T00:34:01.4513200Z Setting up libcdio19t64:amd64 (2.1.0-4.1ubuntu1.2) ...
2026-10-09T00:34:01.4528933Z Setting up libsvtav1enc1d1:amd64 (1.7.0+dfsg-2build1) ...
2026-10-09T00:34:01.4546174Z Setting up libigdgmm12:amd64 (22.3.17+ds1-1ubuntu1) ...
2026-10-09T00:34:01.4562914Z Setting up libmpg123-0t64:amd64 (1.32.5-1ubuntu1.1) ...
2026-10-09T00:34:01.4582700Z Setting up libcjson1:amd64 (1.7.17-1) ...
2026-10-09T00:34:01.4601115Z Setting up libxvidcore4:amd64 (2:1.3.7-1build1) ...
2026-10-09T00:34:01.4618272Z Setting up librav1e0:amd64 (0.7.1-2) ...
2026-10-09T00:34:01.4640139Z Setting up libcdio-cdda2t64:amd64 (10.2+2.0.1-1.1build2) ...
2026-10-09T00:34:01.4656524Z Setting up librist4:amd64 (0.2.10+dfsg-2) ...
2026-10-09T00:34:01.4677523Z Setting up librsvg2-2:amd64 (2.58.0+dfsg-1ubuntu0.1) ...
2026-10-09T00:34:01.4699627Z Setting up libblas3:amd64 (3.12.0-3build1.1) ...
2026-10-09T00:34:01.4762324Z update-alternatives: using /usr/lib/x86_64-linux-gnu/blas/libblas.so.3 to provide /usr/lib/x86_64-linux-gnu/libblas.so.3 (libblas.so.3-x86_64-linux-gnu) in auto mode
2026-10-09T00:34:01.4786474Z Setting up libplacebo338:amd64 (6.338.2-2build1) ...
2026-10-09T00:34:01.4807010Z Setting up libva2:amd64 (2.20.0-2ubuntu0.2) ...
2026-10-09T00:34:01.4825418Z Setting up libopus0:amd64 (1.4-1build1) ...
2026-10-09T00:34:01.4844205Z Setting up libcdio-paranoia2t64:amd64 (10.2+2.0.1-1.1build2) ...
2026-10-09T00:34:01.4864520Z Setting up libdc1394-25:amd64 (2.2.6-4build1) ...
2026-10-09T00:34:01.4891535Z Setting up intel-media-va-driver:amd64 (24.1.0+dfsg1-1ubuntu0.2) ...
2026-10-09T00:34:01.4909511Z Setting up libxv1:amd64 (2:1.0.11-1.1build1) ...
2026-10-09T00:34:01.4933255Z Setting up libunibreak5:amd64 (5.1-2build1) ...
2026-10-09T00:34:01.4958155Z Setting up libaacs0:amd64 (0.11.1-2build1) ...
2026-10-09T00:34:01.4978501Z Setting up libjxl0.7:amd64 (0.7.0-10.2ubuntu6.1) ...
2026-10-09T00:34:01.4996960Z Setting up librsvg2-common:amd64 (2.58.0+dfsg-1ubuntu0.1) ...
2026-10-09T00:34:01.5109531Z Setting up pocketsphinx-en-us (0.8.0+real5prealpha+1-15ubuntu5) ...
2026-10-09T00:34:01.5134484Z Setting up libx265-199:amd64 (3.5-2build1) ...
2026-10-09T00:34:01.5153977Z Setting up libsndio7.0:amd64 (1.9.0-0.3build3) ...
2026-10-09T00:34:01.5176128Z Setting up libbdplus0:amd64 (0.2.0-3build1) ...
2026-10-09T00:34:01.5196643Z Setting up libvidstab1.1:amd64 (1.1.0-2build1) ...
2026-10-09T00:34:01.5216141Z Setting up libvpx9:amd64 (1.14.0-1ubuntu2.3) ...
2026-10-09T00:34:01.5237684Z Setting up libsrt1.5-gnutls:amd64 (1.5.3-1build2) ...
2026-10-09T00:34:01.5258004Z Setting up libflite1:amd64 (2.2-6build3) ...
2026-10-09T00:34:01.5280477Z Setting up libdav1d7:amd64 (1.4.1-1build1) ...
2026-10-09T00:34:01.5300290Z Setting up libva-drm2:amd64 (2.20.0-2ubuntu0.2) ...
2026-10-09T00:34:01.5320408Z Setting up ocl-icd-libopencl1:amd64 (2.3.2-1build1) ...
2026-10-09T00:34:01.5342217Z Setting up libasyncns0:amd64 (0.8-6build4) ...
2026-10-09T00:34:01.5360580Z Setting up libvdpau1:amd64 (1.5-2build1) ...
2026-10-09T00:34:01.5385787Z Setting up libbs2b0:amd64 (3.1.0+dfsg-7build1) ...
2026-10-09T00:34:01.5406204Z Setting up libtheora0:amd64 (1.1.1+dfsg.1-16.1build3) ...
2026-10-09T00:34:01.5425684Z Setting up libdecor-0-0:amd64 (0.2.2-1build2) ...
2026-10-09T00:34:01.5443701Z Setting up libzimg2:amd64 (3.0.5+ds1-1build1) ...
2026-10-09T00:34:01.5463892Z Setting up libopenal-data (1:1.23.1-4build1) ...
2026-10-09T00:34:01.5489725Z Setting up libflac12t64:amd64 (1.4.3+ds-2.1ubuntu2) ...
2026-10-09T00:34:01.5510842Z Setting up mesa-va-drivers:amd64 (25.2.8-0ubuntu0.24.04.4) ...
2026-10-09T00:34:01.5532779Z Setting up libbluray2:amd64 (1:1.3.4-1build1) ...
2026-10-09T00:34:01.5557259Z Setting up libsamplerate0:amd64 (0.2.2-4build1) ...
2026-10-09T00:34:01.5577584Z Setting up libva-x11-2:amd64 (2.20.0-2ubuntu0.2) ...
2026-10-09T00:34:01.5601891Z Setting up libdecor-0-plugin-1-gtk:amd64 (0.2.2-1build2) ...
2026-10-09T00:34:01.5620073Z Setting up libopenmpt0t64:amd64 (0.7.3-1.1build3) ...
2026-10-09T00:34:01.5642831Z Setting up libzvbi-common (0.2.42-2) ...
2026-10-09T00:34:01.5663022Z Setting up libmp3lame0:amd64 (3.100-6build1) ...
2026-10-09T00:34:01.5687947Z Setting up i965-va-driver:amd64 (2.4.1+dfsg1-1ubuntu0.2) ...
2026-10-09T00:34:01.5708204Z Setting up libvorbisenc2:amd64 (1.3.7-1build3) ...
2026-10-09T00:34:01.5727995Z Setting up libiec61883-0:amd64 (1.2.0-6build1) ...
2026-10-09T00:34:01.5746015Z Setting up libserd-0-0:amd64 (0.32.2-1) ...
2026-10-09T00:34:01.5765687Z Setting up libavc1394-0:amd64 (0.5.4-5build3) ...
2026-10-09T00:34:01.5788639Z Setting up mesa-vdpau-drivers:amd64 (25.2.8-0ubuntu0.24.04.4) ...
2026-10-09T00:34:01.5807074Z Setting up liblapack3:amd64 (3.12.0-3build1.1) ...
2026-10-09T00:34:01.5870180Z update-alternatives: using /usr/lib/x86_64-linux-gnu/lapack/liblapack.so.3 to provide /usr/lib/x86_64-linux-gnu/liblapack.so.3 (liblapack.so.3-x86_64-linux-gnu) in auto mode
2026-10-09T00:34:01.5884542Z Setting up libzvbi0t64:amd64 (0.2.42-2) ...
2026-10-09T00:34:01.5904402Z Setting up libavutil58:amd64 (7:6.1.1-3ubuntu5) ...
2026-10-09T00:34:01.5924393Z Setting up libopenal1:amd64 (1:1.23.1-4build1) ...
2026-10-09T00:34:01.5941828Z Setting up libass9:amd64 (1:0.17.1-2build1) ...
2026-10-09T00:34:01.5960827Z Setting up libswresample4:amd64 (7:6.1.1-3ubuntu5) ...
2026-10-09T00:34:01.5977610Z Setting up va-driver-all:amd64 (2.20.0-2ubuntu0.2) ...
2026-10-09T00:34:01.5994592Z Setting up libavcodec60:amd64 (7:6.1.1-3ubuntu5) ...
2026-10-09T00:34:01.6014769Z Setting up librubberband2:amd64 (3.3.0+dfsg-2build1) ...
2026-10-09T00:34:01.6297354Z Setting up libjack-jackd2-0:amd64 (1.9.21~dfsg-3ubuntu3) ...
2026-10-09T00:34:01.6317014Z Setting up vdpau-driver-all:amd64 (1.5-2build1) ...
2026-10-09T00:34:01.6339353Z Setting up libsord-0-0:amd64 (0.16.16-2build1) ...
2026-10-09T00:34:01.6357439Z Setting up libpostproc57:amd64 (7:6.1.1-3ubuntu5) ...
2026-10-09T00:34:01.6374957Z Setting up libsratom-0-0:amd64 (0.6.16-1build1) ...
2026-10-09T00:34:01.6397955Z Setting up libsndfile1:amd64 (1.2.2-1ubuntu5.24.04.1) ...
2026-10-09T00:34:01.6416640Z Setting up liblilv-0-0:amd64 (0.24.22-1build1) ...
2026-10-09T00:34:01.6435810Z Setting up libswscale7:amd64 (7:6.1.1-3ubuntu5) ...
2026-10-09T00:34:01.6454989Z Setting up libpulse0:amd64 (1:16.1+dfsg1-2ubuntu10.1) ...
2026-10-09T00:34:01.6526506Z Setting up libavformat60:amd64 (7:6.1.1-3ubuntu5) ...
2026-10-09T00:34:01.6548772Z Setting up libsphinxbase3t64:amd64 (0.8+5prealpha+1-17build2) ...
2026-10-09T00:34:01.6565368Z Setting up libsdl2-2.0-0:amd64 (2.30.0+dfsg-1ubuntu3.1) ...
2026-10-09T00:34:01.6583154Z Setting up libpocketsphinx3:amd64 (0.8.0+real5prealpha+1-15ubuntu5) ...
2026-10-09T00:34:01.6599702Z Setting up libavfilter9:amd64 (7:6.1.1-3ubuntu5) ...
2026-10-09T00:34:01.6616306Z Setting up libavdevice60:amd64 (7:6.1.1-3ubuntu5) ...
2026-10-09T00:34:01.6636793Z Setting up ffmpeg (7:6.1.1-3ubuntu5) ...
2026-10-09T00:34:01.6659840Z Processing triggers for man-db (2.12.0-4build2) ...
2026-10-09T00:34:01.6682508Z Not building database; man-db/auto-update is not 'true'.
2026-10-09T00:34:01.6698228Z Processing triggers for libgdk-pixbuf-2.0-0:amd64 (2.42.10+dfsg-3ubuntu3.3) ...
2026-10-09T00:34:01.8628042Z Processing triggers for libc-bin (2.39-0ubuntu8.9) ...
2026-10-09T00:34:02.5586065Z 
2026-10-09T00:34:02.5586877Z Running kernel seems to be up-to-date.
2026-10-09T00:34:02.5587304Z 
2026-10-09T00:34:02.5587578Z No services need to be restarted.
2026-10-09T00:34:02.5587895Z 
2026-10-09T00:34:02.5588171Z No containers need to be restarted.
2026-10-09T00:34:02.5588491Z 
2026-10-09T00:34:02.5589168Z No user sessions are running outdated binaries.
2026-10-09T00:34:02.5589556Z 
2026-10-09T00:34:02.5590096Z No VM guests are running outdated hypervisor (qemu) binaries on this host.
2026-10-09T00:34:04.0106434Z ffprobe version 6.1.1-3ubuntu5 Copyright (c) 2007-2023 the FFmpeg developers
2026-10-09T00:34:04.0107199Z built with gcc 13 (Ubuntu 13.2.0-23ubuntu3)
2026-10-09T00:34:04.0115999Z configuration: --prefix=/usr --extra-version=3ubuntu5 --toolchain=hardened --libdir=/usr/lib/x86_64-linux-gnu --incdir=/usr/include/x86_64-linux-gnu --arch=amd64 --enable-gpl --disable-stripping --disable-omx --enable-gnutls --enable-libaom --enable-libass --enable-libbs2b --enable-libcaca --enable-libcdio --enable-libcodec2 --enable-libdav1d --enable-libflite --enable-libfontconfig --enable-libfreetype --enable-libfribidi --enable-libglslang --enable-libgme --enable-libgsm --enable-libharfbuzz --enable-libmp3lame --enable-libmysofa --enable-libopenjpeg --enable-libopenmpt --enable-libopus --enable-librubberband --enable-libshine --enable-libsnappy --enable-libsoxr --enable-libspeex --enable-libtheora --enable-libtwolame --enable-libvidstab --enable-libvorbis --enable-libvpx --enable-libwebp --enable-libx265 --enable-libxml2 --enable-libxvid --enable-libzimg --enable-openal --enable-opencl --enable-opengl --disable-sndio --enable-libvpl --disable-libmfx --enable-libdc1394 --enable-libdrm --enable-libiec61883 --enable-chromaprint --enable-frei0r --enable-ladspa --enable-libbluray --enable-libjack --enable-libpulse --enable-librabbitmq --enable-librist --enable-libsrt --enable-libssh --enable-libsvtav1 --enable-libx264 --enable-libzmq --enable-libzvbi --enable-lv2 --enable-sdl2 --enable-libplacebo --enable-librav1e --enable-pocketsphinx --enable-librsvg --enable-libjxl --enable-shared
2026-10-09T00:34:04.0122465Z libavutil      58. 29.100 / 58. 29.100
2026-10-09T00:34:04.0122815Z libavcodec     60. 31.102 / 60. 31.102
2026-10-09T00:34:04.0123133Z libavformat    60. 16.100 / 60. 16.100
2026-10-09T00:34:04.0123443Z libavdevice    60.  3.100 / 60.  3.100
2026-10-09T00:34:04.0123750Z libavfilter     9. 12.100 /  9. 12.100
2026-10-09T00:34:04.0124047Z libswscale      7.  5.100 /  7.  5.100
2026-10-09T00:34:04.0124356Z libswresample   4. 12.100 /  4. 12.100
2026-10-09T00:34:04.0124656Z libpostproc    57.  3.100 / 57.  3.100
2026-10-09T00:34:04.0614587Z ffmpeg version 6.1.1-3ubuntu5 Copyright (c) 2000-2023 the FFmpeg developers
2026-10-09T00:34:04.0615429Z built with gcc 13 (Ubuntu 13.2.0-23ubuntu3)
2026-10-09T00:34:04.0628083Z configuration: --prefix=/usr --extra-version=3ubuntu5 --toolchain=hardened --libdir=/usr/lib/x86_64-linux-gnu --incdir=/usr/include/x86_64-linux-gnu --arch=amd64 --enable-gpl --disable-stripping --disable-omx --enable-gnutls --enable-libaom --enable-libass --enable-libbs2b --enable-libcaca --enable-libcdio --enable-libcodec2 --enable-libdav1d --enable-libflite --enable-libfontconfig --enable-libfreetype --enable-libfribidi --enable-libglslang --enable-libgme --enable-libgsm --enable-libharfbuzz --enable-libmp3lame --enable-libmysofa --enable-libopenjpeg --enable-libopenmpt --enable-libopus --enable-librubberband --enable-libshine --enable-libsnappy --enable-libsoxr --enable-libspeex --enable-libtheora --enable-libtwolame --enable-libvidstab --enable-libvorbis --enable-libvpx --enable-libwebp --enable-libx265 --enable-libxml2 --enable-libxvid --enable-libzimg --enable-openal --enable-opencl --enable-opengl --disable-sndio --enable-libvpl --disable-libmfx --enable-libdc1394 --enable-libdrm --enable-libiec61883 --enable-chromaprint --enable-frei0r --enable-ladspa --enable-libbluray --enable-libjack --enable-libpulse --enable-librabbitmq --enable-librist --enable-libsrt --enable-libssh --enable-libsvtav1 --enable-libx264 --enable-libzmq --enable-libzvbi --enable-lv2 --enable-sdl2 --enable-libplacebo --enable-librav1e --enable-pocketsphinx --enable-librsvg --enable-libjxl --enable-shared
2026-10-09T00:34:04.0637877Z libavutil      58. 29.100 / 58. 29.100
2026-10-09T00:34:04.0638433Z libavcodec     60. 31.102 / 60. 31.102
2026-10-09T00:34:04.0639228Z libavformat    60. 16.100 / 60. 16.100
2026-10-09T00:34:04.0639767Z libavdevice    60.  3.100 / 60.  3.100
2026-10-09T00:34:04.0640327Z libavfilter     9. 12.100 /  9. 12.100
2026-10-09T00:34:04.0640856Z libswscale      7.  5.100 /  7.  5.100
2026-10-09T00:34:04.0641403Z libswresample   4. 12.100 /  4. 12.100
2026-10-09T00:34:04.0641955Z libpostproc    57.  3.100 / 57.  3.100
2026-10-09T00:34:04.0690547Z ##[group]Run node --version
2026-10-09T00:34:04.0690883Z [36;1mnode --version[0m
2026-10-09T00:34:04.0691132Z [36;1mnproc[0m
2026-10-09T00:34:04.0691382Z [36;1mawk '/MemTotal/ { print }' /proc/meminfo[0m
2026-10-09T00:34:04.0691693Z [36;1mdf -Pk .[0m
2026-10-09T00:34:04.0755112Z shell: /usr/bin/bash -e {0}
2026-10-09T00:34:04.0755402Z env:
2026-10-09T00:34:04.0755683Z   G10_SOURCE_COMMIT: 8b4bf64639d690247cb1929a0ad0ae25af11de70
2026-10-09T00:34:04.0756308Z ##[endgroup]
2026-10-09T00:34:04.0873843Z v22.16.0
2026-10-09T00:34:04.0895677Z 4
2026-10-09T00:34:04.0916947Z MemTotal:       16373452 kB
2026-10-09T00:34:04.0938079Z Filesystem     1024-blocks     Used Available Capacity Mounted on
2026-10-09T00:34:04.0938839Z /dev/root        151263856 64369868  86877604      43% /
2026-10-09T00:34:04.0976192Z ##[group]Run npx playwright install --with-deps chromium
2026-10-09T00:34:04.0976741Z [36;1mnpx playwright install --with-deps chromium[0m
2026-10-09T00:34:04.1039163Z shell: /usr/bin/bash -e {0}
2026-10-09T00:34:04.1039444Z env:
2026-10-09T00:34:04.1039721Z   G10_SOURCE_COMMIT: 8b4bf64639d690247cb1929a0ad0ae25af11de70
2026-10-09T00:34:04.1040068Z ##[endgroup]
2026-10-09T00:34:04.9621999Z Installing dependencies...
2026-10-09T00:34:04.9682503Z Switching to root user to install dependencies...
2026-10-09T00:34:05.0237544Z Get:1 file:/etc/apt/apt-mirrors.txt Mirrorlist [139 B]
2026-10-09T00:34:05.0570585Z Hit:6 https://packages.microsoft.com/ubuntu/24.04/prod noble InRelease
2026-10-09T00:34:05.5646012Z Hit:2 https://archive.ubuntu.com/ubuntu noble InRelease
2026-10-09T00:34:05.6835156Z Hit:3 https://archive.ubuntu.com/ubuntu noble-updates InRelease
2026-10-09T00:34:05.8041933Z Hit:4 https://archive.ubuntu.com/ubuntu noble-backports InRelease
2026-10-09T00:34:05.9227834Z Hit:5 https://archive.ubuntu.com/ubuntu noble-security InRelease
2026-10-09T00:34:06.9856684Z Reading package lists...
2026-10-09T00:34:07.0079915Z Reading package lists...
2026-10-09T00:34:07.2266900Z Building dependency tree...
2026-10-09T00:34:07.2274498Z Reading state information...
2026-10-09T00:34:07.4121512Z libasound2t64 is already the newest version (1.2.11-1ubuntu0.3).
2026-10-09T00:34:07.4122572Z libasound2t64 set to manually installed.
2026-10-09T00:34:07.4123259Z libatk-bridge2.0-0t64 is already the newest version (2.52.0-1build1).
2026-10-09T00:34:07.4123898Z libatk-bridge2.0-0t64 set to manually installed.
2026-10-09T00:34:07.4124497Z libatk1.0-0t64 is already the newest version (2.52.0-1build1).
2026-10-09T00:34:07.4125033Z libatk1.0-0t64 set to manually installed.
2026-10-09T00:34:07.4125594Z libatspi2.0-0t64 is already the newest version (2.52.0-1build1).
2026-10-09T00:34:07.4127068Z libatspi2.0-0t64 set to manually installed.
2026-10-09T00:34:07.4127762Z libcairo2 is already the newest version (1.18.0-3build1).
2026-10-09T00:34:07.4128295Z libcairo2 set to manually installed.
2026-10-09T00:34:07.4128880Z libcups2t64 is already the newest version (2.4.7-1.2ubuntu7.14).
2026-10-09T00:34:07.4129455Z libcups2t64 set to manually installed.
2026-10-09T00:34:07.4129973Z libdbus-1-3 is already the newest version (1.14.10-4ubuntu4.1).
2026-10-09T00:34:07.4130436Z libdbus-1-3 set to manually installed.
2026-10-09T00:34:07.4130919Z libdrm2 is already the newest version (2.4.125-1ubuntu0.1~24.04.2).
2026-10-09T00:34:07.4131399Z libdrm2 set to manually installed.
2026-10-09T00:34:07.4131868Z libgbm1 is already the newest version (25.2.8-0ubuntu0.24.04.4).
2026-10-09T00:34:07.4132314Z libgbm1 set to manually installed.
2026-10-09T00:34:07.4132792Z libglib2.0-0t64 is already the newest version (2.80.0-6ubuntu3.9).
2026-10-09T00:34:07.4133593Z libglib2.0-0t64 set to manually installed.
2026-10-09T00:34:07.4134083Z libnspr4 is already the newest version (2:4.35-1.1build1).
2026-10-09T00:34:07.4134540Z libnspr4 set to manually installed.
2026-10-09T00:34:07.4134994Z libnss3 is already the newest version (2:3.98-1ubuntu0.2).
2026-10-09T00:34:07.4135432Z libnss3 set to manually installed.
2026-10-09T00:34:07.4136111Z libpango-1.0-0 is already the newest version (1.52.1+ds-1build1).
2026-10-09T00:34:07.4136610Z libpango-1.0-0 set to manually installed.
2026-10-09T00:34:07.4137074Z libx11-6 is already the newest version (2:1.8.7-1build1).
2026-10-09T00:34:07.4137498Z libx11-6 set to manually installed.
2026-10-09T00:34:07.4137921Z libxcb1 is already the newest version (1.15-1ubuntu2).
2026-10-09T00:34:07.4138330Z libxcb1 set to manually installed.
2026-10-09T00:34:07.4138799Z libxcomposite1 is already the newest version (1:0.4.5-1build3).
2026-10-09T00:34:07.4139284Z libxcomposite1 set to manually installed.
2026-10-09T00:34:07.4139778Z libxdamage1 is already the newest version (1:1.1.6-1build1).
2026-10-09T00:34:07.4140226Z libxdamage1 set to manually installed.
2026-10-09T00:34:07.4140903Z libxext6 is already the newest version (2:1.3.4-1build2).
2026-10-09T00:34:07.4141294Z libxext6 set to manually installed.
2026-10-09T00:34:07.4141684Z libxfixes3 is already the newest version (1:6.0.0-2build1).
2026-10-09T00:34:07.4142079Z libxfixes3 set to manually installed.
2026-10-09T00:34:07.4142488Z libxkbcommon0 is already the newest version (1.6.0-1build1).
2026-10-09T00:34:07.4142891Z libxkbcommon0 set to manually installed.
2026-10-09T00:34:07.4143293Z libxrandr2 is already the newest version (2:1.5.2-2build1).
2026-10-09T00:34:07.4143678Z libxrandr2 set to manually installed.
2026-10-09T00:34:07.4144065Z xvfb is already the newest version (2:21.1.12-1ubuntu1.8).
2026-10-09T00:34:07.4144605Z fonts-noto-color-emoji is already the newest version (2.047-0ubuntu0.24.04.1).
2026-10-09T00:34:07.4145171Z libfontconfig1 is already the newest version (2.15.0-1.1ubuntu2).
2026-10-09T00:34:07.4145599Z libfontconfig1 set to manually installed.
2026-10-09T00:34:07.4146399Z fonts-liberation is already the newest version (1:2.1.5-3).
2026-10-09T00:34:07.4146836Z fonts-liberation set to manually installed.
2026-10-09T00:34:07.4147241Z The following additional packages will be installed:
2026-10-09T00:34:07.4147602Z   xfonts-encodings xfonts-utils
2026-10-09T00:34:07.4147898Z Recommended packages:
2026-10-09T00:34:07.4148172Z   fonts-ipafont-mincho fonts-tlwg-loma
2026-10-09T00:34:07.4303774Z The following NEW packages will be installed:
2026-10-09T00:34:07.4304712Z   fonts-freefont-ttf fonts-ipafont-gothic fonts-tlwg-loma-otf fonts-unifont
2026-10-09T00:34:07.4312368Z   fonts-wqy-zenhei xfonts-cyrillic xfonts-encodings xfonts-scalable
2026-10-09T00:34:07.4313042Z   xfonts-utils
2026-10-09T00:34:07.4317471Z The following packages will be upgraded:
2026-10-09T00:34:07.4322916Z   libfreetype6
2026-10-09T00:34:07.4495173Z 1 upgraded, 9 newly installed, 0 to remove and 22 not upgraded.
2026-10-09T00:34:07.4497070Z Need to get 21.5 MB of archives.
2026-10-09T00:34:07.4497834Z After this operation, 79.5 MB of additional disk space will be used.
2026-10-09T00:34:07.4498665Z Get:1 file:/etc/apt/apt-mirrors.txt Mirrorlist [139 B]
2026-10-09T00:34:07.7370587Z Get:2 https://archive.ubuntu.com/ubuntu noble/universe amd64 fonts-ipafont-gothic all 00303-21ubuntu1 [3513 kB]
2026-10-09T00:34:08.4039139Z Get:3 https://archive.ubuntu.com/ubuntu noble/main amd64 fonts-freefont-ttf all 20211204+svn4273-2 [5641 kB]
2026-10-09T00:34:08.5977248Z Get:4 https://archive.ubuntu.com/ubuntu noble/universe amd64 fonts-tlwg-loma-otf all 1:0.7.3-1 [107 kB]
2026-10-09T00:34:08.6538455Z Get:5 https://archive.ubuntu.com/ubuntu noble/universe amd64 fonts-unifont all 1:15.1.01-1build1 [2993 kB]
2026-10-09T00:34:08.7317068Z Get:6 https://archive.ubuntu.com/ubuntu noble/universe amd64 fonts-wqy-zenhei all 0.9.45-8 [7472 kB]
2026-10-09T00:34:08.8643466Z Get:7 https://archive.ubuntu.com/ubuntu noble-updates/main amd64 libfreetype6 amd64 2.13.2+dfsg-1ubuntu0.2 [403 kB]
2026-10-09T00:34:08.9238646Z Get:8 https://archive.ubuntu.com/ubuntu noble/main amd64 xfonts-encodings all 1:1.0.5-0ubuntu2 [578 kB]
2026-10-09T00:34:08.9831611Z Get:9 https://archive.ubuntu.com/ubuntu noble/main amd64 xfonts-utils amd64 1:7.7+6build3 [94.4 kB]
2026-10-09T00:34:09.0395602Z Get:10 https://archive.ubuntu.com/ubuntu noble/universe amd64 xfonts-cyrillic all 1:1.0.5+nmu1 [384 kB]
2026-10-09T00:34:09.0977253Z Get:11 https://archive.ubuntu.com/ubuntu noble/main amd64 xfonts-scalable all 1:1.0.3-1.3 [304 kB]
2026-10-09T00:34:09.3744035Z Fetched 21.5 MB in 2s (12.9 MB/s)
2026-10-09T00:34:09.3958850Z Selecting previously unselected package fonts-ipafont-gothic.
2026-10-09T00:34:09.4018776Z (Reading database ... 
2026-10-09T00:34:09.4019314Z (Reading database ... 5%
2026-10-09T00:34:09.4019822Z (Reading database ... 10%
2026-10-09T00:34:09.4020325Z (Reading database ... 15%
2026-10-09T00:34:09.4020796Z (Reading database ... 20%
2026-10-09T00:34:09.4021296Z (Reading database ... 25%
2026-10-09T00:34:09.4021781Z (Reading database ... 30%
2026-10-09T00:34:09.4022929Z (Reading database ... 35%
2026-10-09T00:34:09.4023762Z (Reading database ... 40%
2026-10-09T00:34:09.4024239Z (Reading database ... 45%
2026-10-09T00:34:09.4024697Z (Reading database ... 50%
2026-10-09T00:34:09.4050600Z (Reading database ... 55%
2026-10-09T00:34:09.4168743Z (Reading database ... 60%
2026-10-09T00:34:09.4199899Z (Reading database ... 65%
2026-10-09T00:34:09.4220332Z (Reading database ... 70%
2026-10-09T00:34:09.4265774Z (Reading database ... 75%
2026-10-09T00:34:09.4301284Z (Reading database ... 80%
2026-10-09T00:34:09.4463223Z (Reading database ... 85%
2026-10-09T00:34:09.4677375Z (Reading database ... 90%
2026-10-09T00:34:09.4757524Z (Reading database ... 95%
2026-10-09T00:34:09.4757989Z (Reading database ... 100%
2026-10-09T00:34:09.4758629Z (Reading database ... 203905 files and directories currently installed.)
2026-10-09T00:34:09.4801330Z Preparing to unpack .../0-fonts-ipafont-gothic_00303-21ubuntu1_all.deb ...
2026-10-09T00:34:09.4876430Z Unpacking fonts-ipafont-gothic (00303-21ubuntu1) ...
2026-10-09T00:34:09.7250573Z Selecting previously unselected package fonts-freefont-ttf.
2026-10-09T00:34:09.7378283Z Preparing to unpack .../1-fonts-freefont-ttf_20211204+svn4273-2_all.deb ...
2026-10-09T00:34:09.7388268Z Unpacking fonts-freefont-ttf (20211204+svn4273-2) ...
2026-10-09T00:34:09.8253033Z Selecting previously unselected package fonts-tlwg-loma-otf.
2026-10-09T00:34:09.8380909Z Preparing to unpack .../2-fonts-tlwg-loma-otf_1%3a0.7.3-1_all.deb ...
2026-10-09T00:34:09.8388048Z Unpacking fonts-tlwg-loma-otf (1:0.7.3-1) ...
2026-10-09T00:34:09.8601191Z Selecting previously unselected package fonts-unifont.
2026-10-09T00:34:09.8730191Z Preparing to unpack .../3-fonts-unifont_1%3a15.1.01-1build1_all.deb ...
2026-10-09T00:34:09.8737009Z Unpacking fonts-unifont (1:15.1.01-1build1) ...
2026-10-09T00:34:09.9851848Z Selecting previously unselected package fonts-wqy-zenhei.
2026-10-09T00:34:09.9982904Z Preparing to unpack .../4-fonts-wqy-zenhei_0.9.45-8_all.deb ...
2026-10-09T00:34:10.0082062Z Unpacking fonts-wqy-zenhei (0.9.45-8) ...
2026-10-09T00:34:10.4886803Z Preparing to unpack .../5-libfreetype6_2.13.2+dfsg-1ubuntu0.2_amd64.deb ...
2026-10-09T00:34:10.4919318Z Unpacking libfreetype6:amd64 (2.13.2+dfsg-1ubuntu0.2) over (2.13.2+dfsg-1ubuntu0.1) ...
2026-10-09T00:34:10.5192373Z Selecting previously unselected package xfonts-encodings.
2026-10-09T00:34:10.5324914Z Preparing to unpack .../6-xfonts-encodings_1%3a1.0.5-0ubuntu2_all.deb ...
2026-10-09T00:34:10.5332028Z Unpacking xfonts-encodings (1:1.0.5-0ubuntu2) ...
2026-10-09T00:34:10.5624145Z Selecting previously unselected package xfonts-utils.
2026-10-09T00:34:10.5752435Z Preparing to unpack .../7-xfonts-utils_1%3a7.7+6build3_amd64.deb ...
2026-10-09T00:34:10.5759654Z Unpacking xfonts-utils (1:7.7+6build3) ...
2026-10-09T00:34:10.6134620Z Selecting previously unselected package xfonts-cyrillic.
2026-10-09T00:34:10.6261508Z Preparing to unpack .../8-xfonts-cyrillic_1%3a1.0.5+nmu1_all.deb ...
2026-10-09T00:34:10.6269183Z Unpacking xfonts-cyrillic (1:1.0.5+nmu1) ...
2026-10-09T00:34:10.6622247Z Selecting previously unselected package xfonts-scalable.
2026-10-09T00:34:10.6751531Z Preparing to unpack .../9-xfonts-scalable_1%3a1.0.3-1.3_all.deb ...
2026-10-09T00:34:10.6759278Z Unpacking xfonts-scalable (1:1.0.3-1.3) ...
2026-10-09T00:34:10.7227018Z Setting up fonts-wqy-zenhei (0.9.45-8) ...
2026-10-09T00:34:10.7353177Z Setting up fonts-freefont-ttf (20211204+svn4273-2) ...
2026-10-09T00:34:10.7376772Z Setting up fonts-tlwg-loma-otf (1:0.7.3-1) ...
2026-10-09T00:34:10.7394610Z Setting up libfreetype6:amd64 (2.13.2+dfsg-1ubuntu0.2) ...
2026-10-09T00:34:10.7412640Z Setting up xfonts-encodings (1:1.0.5-0ubuntu2) ...
2026-10-09T00:34:10.7432602Z Setting up fonts-ipafont-gothic (00303-21ubuntu1) ...
2026-10-09T00:34:10.7504664Z update-alternatives: using /usr/share/fonts/opentype/ipafont-gothic/ipag.ttf to provide /usr/share/fonts/truetype/fonts-japanese-gothic.ttf (fonts-japanese-gothic.ttf) in auto mode
2026-10-09T00:34:10.7521060Z Setting up fonts-unifont (1:15.1.01-1build1) ...
2026-10-09T00:34:10.7539470Z Setting up xfonts-utils (1:7.7+6build3) ...
2026-10-09T00:34:10.7581939Z Setting up xfonts-cyrillic (1:1.0.5+nmu1) ...
2026-10-09T00:34:10.7917743Z Setting up xfonts-scalable (1:1.0.3-1.3) ...
2026-10-09T00:34:10.8199133Z Processing triggers for libc-bin (2.39-0ubuntu8.9) ...
2026-10-09T00:34:10.8359651Z Processing triggers for man-db (2.12.0-4build2) ...
2026-10-09T00:34:10.8378346Z Not building database; man-db/auto-update is not 'true'.
2026-10-09T00:34:10.8391849Z Processing triggers for fontconfig (2.15.0-1.1ubuntu2) ...
2026-10-09T00:34:11.4988866Z 
2026-10-09T00:34:11.4989725Z Running kernel seems to be up-to-date.
2026-10-09T00:34:11.4990128Z 
2026-10-09T00:34:11.4990316Z Restarting services...
2026-10-09T00:34:11.5069515Z  systemctl restart php8.3-fpm.service
2026-10-09T00:34:11.6158976Z 
2026-10-09T00:34:11.6161259Z No containers need to be restarted.
2026-10-09T00:34:11.6161814Z 
2026-10-09T00:34:11.6167084Z No user sessions are running outdated binaries.
2026-10-09T00:34:11.6167478Z 
2026-10-09T00:34:11.6168037Z No VM guests are running outdated hypervisor (qemu) binaries on this host.
2026-10-09T00:34:12.7290804Z Downloading Chromium 141.0.7390.37 (playwright build v1194) from https://cdn.playwright.dev/dbazure/download/playwright/builds/chromium/1194/chromium-linux.zip
2026-10-09T00:34:12.9624336Z |                                                                                |   0% of 173.9 MiB
2026-10-09T00:34:13.2308922Z |■■■■■■■■                                                                        |  10% of 173.9 MiB
2026-10-09T00:34:13.3409366Z |■■■■■■■■■■■■■■■■                                                                |  20% of 173.9 MiB
2026-10-09T00:34:13.4688133Z |■■■■■■■■■■■■■■■■■■■■■■■■                                                        |  30% of 173.9 MiB
2026-10-09T00:34:13.5810401Z |■■■■■■■■■■■■■■■■■■■■■■■■■■■■■■■■                                                |  40% of 173.9 MiB
2026-10-09T00:34:13.7233866Z |■■■■■■■■■■■■■■■■■■■■■■■■■■■■■■■■■■■■■■■■                                        |  50% of 173.9 MiB
2026-10-09T00:34:13.8710630Z |■■■■■■■■■■■■■■■■■■■■■■■■■■■■■■■■■■■■■■■■■■■■■■■■                                |  60% of 173.9 MiB
2026-10-09T00:34:14.0328702Z |■■■■■■■■■■■■■■■■■■■■■■■■■■■■■■■■■■■■■■■■■■■■■■■■■■■■■■■■                        |  70% of 173.9 MiB
2026-10-09T00:34:14.2057933Z |■■■■■■■■■■■■■■■■■■■■■■■■■■■■■■■■■■■■■■■■■■■■■■■■■■■■■■■■■■■■■■■■                |  80% of 173.9 MiB
2026-10-09T00:34:14.4071036Z |■■■■■■■■■■■■■■■■■■■■■■■■■■■■■■■■■■■■■■■■■■■■■■■■■■■■■■■■■■■■■■■■■■■■■■■■        |  90% of 173.9 MiB
2026-10-09T00:34:14.6651660Z |■■■■■■■■■■■■■■■■■■■■■■■■■■■■■■■■■■■■■■■■■■■■■■■■■■■■■■■■■■■■■■■■■■■■■■■■■■■■■■■■| 100% of 173.9 MiB
2026-10-09T00:34:18.2239439Z Chromium 141.0.7390.37 (playwright build v1194) downloaded to /home/runner/.cache/ms-playwright/chromium-1194
2026-10-09T00:34:18.2243526Z Downloading FFMPEG playwright build v1011 from https://cdn.playwright.dev/dbazure/download/playwright/builds/ffmpeg/1011/ffmpeg-linux.zip
2026-10-09T00:34:18.4603567Z |                                                                                |   0% of 2.3 MiB
2026-10-09T00:34:18.4970595Z |■■■■■■■■                                                                        |  10% of 2.3 MiB
2026-10-09T00:34:18.5236531Z |■■■■■■■■■■■■■■■■                                                                |  20% of 2.3 MiB
2026-10-09T00:34:18.5371813Z |■■■■■■■■■■■■■■■■■■■■■■■■                                                        |  30% of 2.3 MiB
2026-10-09T00:34:18.5511216Z |■■■■■■■■■■■■■■■■■■■■■■■■■■■■■■■■                                                |  40% of 2.3 MiB
2026-10-09T00:34:18.5593440Z |■■■■■■■■■■■■■■■■■■■■■■■■■■■■■■■■■■■■■■■■                                        |  50% of 2.3 MiB
2026-10-09T00:34:18.5658976Z |■■■■■■■■■■■■■■■■■■■■■■■■■■■■■■■■■■■■■■■■■■■■■■■■                                |  60% of 2.3 MiB
2026-10-09T00:34:18.5739245Z |■■■■■■■■■■■■■■■■■■■■■■■■■■■■■■■■■■■■■■■■■■■■■■■■■■■■■■■■                        |  70% of 2.3 MiB
2026-10-09T00:34:18.5786267Z |■■■■■■■■■■■■■■■■■■■■■■■■■■■■■■■■■■■■■■■■■■■■■■■■■■■■■■■■■■■■■■■■                |  80% of 2.3 MiB
2026-10-09T00:34:18.5864471Z |■■■■■■■■■■■■■■■■■■■■■■■■■■■■■■■■■■■■■■■■■■■■■■■■■■■■■■■■■■■■■■■■■■■■■■■■        |  90% of 2.3 MiB
2026-10-09T00:34:18.5919248Z |■■■■■■■■■■■■■■■■■■■■■■■■■■■■■■■■■■■■■■■■■■■■■■■■■■■■■■■■■■■■■■■■■■■■■■■■■■■■■■■■| 100% of 2.3 MiB
2026-10-09T00:34:18.6473546Z FFMPEG playwright build v1011 downloaded to /home/runner/.cache/ms-playwright/ffmpeg-1011
2026-10-09T00:34:18.6477694Z Downloading Chromium Headless Shell 141.0.7390.37 (playwright build v1194) from https://cdn.playwright.dev/dbazure/download/playwright/builds/chromium/1194/chromium-headless-shell-linux.zip
2026-10-09T00:34:18.8552810Z |                                                                                |   0% of 104.3 MiB
2026-10-09T00:34:19.0678688Z |■■■■■■■■                                                                        |  10% of 104.3 MiB
2026-10-09T00:34:19.1380455Z |■■■■■■■■■■■■■■■■                                                                |  20% of 104.3 MiB
2026-10-09T00:34:19.2386867Z |■■■■■■■■■■■■■■■■■■■■■■■■                                                        |  30% of 104.3 MiB
2026-10-09T00:34:19.3027744Z |■■■■■■■■■■■■■■■■■■■■■■■■■■■■■■■■                                                |  40% of 104.3 MiB
2026-10-09T00:34:19.3745121Z |■■■■■■■■■■■■■■■■■■■■■■■■■■■■■■■■■■■■■■■■                                        |  50% of 104.3 MiB
2026-10-09T00:34:19.4516990Z |■■■■■■■■■■■■■■■■■■■■■■■■■■■■■■■■■■■■■■■■■■■■■■■■                                |  60% of 104.3 MiB
2026-10-09T00:34:19.5203673Z |■■■■■■■■■■■■■■■■■■■■■■■■■■■■■■■■■■■■■■■■■■■■■■■■■■■■■■■■                        |  70% of 104.3 MiB
2026-10-09T00:34:19.6029914Z |■■■■■■■■■■■■■■■■■■■■■■■■■■■■■■■■■■■■■■■■■■■■■■■■■■■■■■■■■■■■■■■■                |  80% of 104.3 MiB
2026-10-09T00:34:19.6692987Z |■■■■■■■■■■■■■■■■■■■■■■■■■■■■■■■■■■■■■■■■■■■■■■■■■■■■■■■■■■■■■■■■■■■■■■■■        |  90% of 104.3 MiB
2026-10-09T00:34:19.7214808Z |■■■■■■■■■■■■■■■■■■■■■■■■■■■■■■■■■■■■■■■■■■■■■■■■■■■■■■■■■■■■■■■■■■■■■■■■■■■■■■■■| 100% of 104.3 MiB
2026-10-09T00:34:21.5945399Z Chromium Headless Shell 141.0.7390.37 (playwright build v1194) downloaded to /home/runner/.cache/ms-playwright/chromium_headless_shell-1194
2026-10-09T00:34:21.7383324Z ##[group]Run set -o pipefail
2026-10-09T00:34:21.7383659Z [36;1mset -o pipefail[0m
2026-10-09T00:34:21.7384075Z [36;1mnode scripts/check.mjs --stage 'browser' 2>&1 | tee '.work-stage-browser.stdout'[0m
2026-10-09T00:34:21.7446587Z shell: /usr/bin/bash -e {0}
2026-10-09T00:34:21.7446860Z env:
2026-10-09T00:34:21.7447139Z   G10_SOURCE_COMMIT: 8b4bf64639d690247cb1929a0ad0ae25af11de70
2026-10-09T00:34:21.7447488Z ##[endgroup]
2026-10-09T00:34:21.8860155Z 
2026-10-09T00:34:21.8860720Z > partybox-g10-checkers@1.0.0 build
2026-10-09T00:34:21.8861312Z > tsc --noEmit && node scripts/build.mjs
2026-10-09T00:34:21.8861571Z 
2026-10-09T00:34:34.9642038Z PASS: complete offline single-page game written to /home/runner/work/partybox-game-cores/partybox-game-cores/jobs/G10-checkers/.work/play.html; original six-piece data is read in bounded blocks.
2026-10-09T00:34:53.4552393Z PASS: checksums, authoritative schemas/manifest, pure core source, fixed corpus provenance, original offline page (delivery execution gates explicitly excluded).
2026-10-09T00:36:52.2001589Z {"evidenceVersion":1,"runId":"aa8ae5ec-116e-410e-8467-327230392b52","sourceGuardsBefore":{"../../contract/constants.ts":"27cdd23112ea03f344457e6f6e6b5839ff536ebeadbba189751520353aa085ef","../../contract/contract.ts":"c0f999c153074769c99c67ab2a71ad66c879e45e834713f3367b2bde4a1873d5","../../contract/minigame-schema.ts":"2438655eeb8ca658543b475070e6fb3ccb3947f154f57caa3f619c87853c9bbb","../../contract/package.json":"ec1418bc79e3563ed63d2aebfbb0cb039529f6dc1ac0e8e6d61f790cb065f495","../../contract/player-count-schema.ts":"0748d9d9bcf795d0693c37a0f369b262fd8801dec9ab1e4a9a4f5ec23751a189","../../contract/rng.ts":"7cfcf3024723607e8dd1ce6ccc5683a48d71fcc617947304cc5b9f6d3d7842fe","data/chinook/DB6.bin":"baee42a2b49390edd96e5a751189366275619c941d79021f3ca45774c3e7071f","data/chinook/DB6.idx":"10cb5cfc2a8c67e18c322563c17ceef0adeac87786a16c767c4616e9a574f4fd","data/chinook/LICENSE.txt":"8ed5c1393322801ac395d3e6c9d8e8f4b18bcca9e41f7b8cdf312f33be242a2d","data/chinook/manifest.json":"90f1970372040946f299660c33ded627fe574c7fa2d52be168e7b16c391d55d0","data/endgames.json":"edb5d87a27caa83945e2a5587418fa6f246fb30dd3823652871a598272e0075d","data/international/BOOST-LICENSE.txt":"c9bff75738922193e67fa726fa225535870d2aa1059f91452c411736284ad566","data/international/db2.bin":"305a1e7eabb4bab13577774009592e1614ddf8a4efe334d6fe3cb8221000b4ed","data/international/db2.idx":"9622e861c67ea250396b384bb95fec00fd541964c3109bdc1b27ae7aae1f73f2","data/international/db3.bin":"9dd9170657b11b5e18e0a2d54b6475d9cfd2cf821c6f9e4e9ba78bdf130e10aa","data/international/db3.idx":"84862531a87da451037c3c1087b5c082c293ff508ffb447adbc8b7e020fa7aaa","data/international/db4.bin":"14e5a8fa159c33a2d7ca01538ca4cd088222c2f204a6b6ef174ffcebd28c72aa","data/international/db4.idx":"4514098c3a0fe91fb98ea1950eb53558f94017ed4c6553d10f117c94348e393e","data/international/db5.bin":"b3e65f71d2c801a68fe8928f62e32c40266f7d8ae4e5ab99b643805b1ace2e02","data/international/db5.idx":"4a94297121f50feca73beaea7ab10622942194d2b5c098d1c30c5cbe5b78715a","data/international/LICENSE.md":"34055034c8caa4d7637c91adc11f28229cea6a097c9b9d2610318cb66e1ef6cc","data/international/manifest.json":"6cc33b38df4f1f2b1ea79fa7fcbe11972976986828e7adee28934b4ad3921a04","data/international/six/db6-0303.000.chunk":"75d63f54a4aefbb6a29871ac2c96fe8064239630c141c79298c99ede5af7bfae","data/international/six/db6-0303.idx":"9f6e7dddd055eb1234cc79750e749c9b2ef49bdf410d7761a0a27f76dc606b04","data/international/six/db6-0312.000.chunk":"a65ac7e0daf00efcb905cec95900ce8fe7c7afda3d242a693a229b2584fcdd89","data/international/six/db6-0312.idx":"9df486596addc03a3454c242a25198c35f0a371dbd0055ca1ad777bff28bc43a","data/international/six/db6-0321.000.chunk":"4f4af0182c39c3646128b9e17d2b283196e8cb4441452b4a01e9c2532e4b6b53","data/international/six/db6-0321.001.chunk":"b8d62083255a57d82395b04eddf6cf735700f3ead646b526fc9882bace3a0e40","data/international/six/db6-0321.idx":"af4c2df56553f4386223b11ad75e7ad4f5c26625be854d52b1e6f8760d8c3bee","data/international/six/db6-0330.000.chunk":"de1dfc76776fe69bf25a7e64b4f1800c17b196f7e9cf2258cb792f51d17fd5c1","data/international/six/db6-0330.idx":"ce6bba6b659d289f3823a0221a5927fe0cbdf313af052cadfbfe0259791590ca","data/international/six/db6-0402.000.chunk":"9508c060e20d0f01da854b4cd4e018f634241b5abb90e73ece71bd4ca69c2517","data/international/six/db6-0402.idx":"096c6e3b12ecf960f7012878baec51d00f1cafda9880d2b29128b21cb3821485","data/international/six/db6-0411.000.chunk":"d3a9300cbe73b288d4d897d20434b6f4373166f58cc69328043a835efbf03247","data/international/six/db6-0411.idx":"1c92044e7b38d59c1485a0b064ed22e5b685346a0d62ac8fce74c3d6d5130cf0","data/international/six/db6-0420.000.chunk":"26162642d1c3439d6e3abcef8c1a210857b371607d82a1714cb99a47ad803a6e","data/international/six/db6-0420.idx":"4d47ac027225d63cf773a0f5fe9258c5e5f3b3670b04de677bc0a10399e3a56d","data/international/six/db6-0501.000.chunk":"82881a78d8a5052037911bc0e1d33231fd1dce64f283fd5f53bb297c26e60221","data/international/six/db6-0501.idx":"d29f8d532adce5f2ba9befd66ae47413b3e91e0666b891c1f08b8b0c7eb4ea10","data/international/six/db6-0510.000.chunk":"28f286c57a29bac59c095d9efdbd2cd87ee648416a0d4e85099bd8c192bc8383","data/international/six/db6-0510.idx":"356a04a2d92ce1c614671b5e246d4c74215c55728480d79d24065252b1e3689a","data/international/six/db6-1212.000.chunk":"5f8cc263773a36546efb0af5e5f6e4bdb4bbd497a50bf00e477aec30e478923f","data/international/six/db6-1212.001.chunk":"578a53681f654ca3463c205428c02a2812751af0fc83aabb26912573bfeabf79","data/international/six/db6-1212.idx":"62c58abb6f24f8280d0f2b0d99cf2e78c85e4a8b8a37da142fdafce33911db7a","data/international/six/db6-1221.000.chunk":"acc65c6b904a669302b3f1dacf917f44852baa3febb2d33379ecdb9153dfd898","data/international/six/db6-1221.001.chunk":"44b31af46ccd5df50c10eea39107f33244be8d98ea39300c2ef739173573f775","data/international/six/db6-1221.002.chunk":"471ec101d7053b0029059f4ce617ffb88512a7d08d86f2be7e170abc29e8c2e9","data/international/six/db6-1221.003.chunk":"67460687baa048e40deaf19e4168f3fd644a9ffaad0475a02a7c65462a249738","data/international/six/db6-1221.idx":"893f2a20b42eb9b6a437b2a4c79635190b1b7d8303d67c2c6048ad762b654072","data/international/six/db6-1230.000.chunk":"45e595ea9c3279d783cf4632762912554f98103bb24fd3712ea5cd371ae077c6","data/international/six/db6-1230.001.chunk":"86282c8af312b2ee4e8a8c36a228ccd72b5a81ae7bd9e03ed86e63c92ba386cb","data/international/six/db6-1230.idx":"56f9a806af26475371ea04d7230e2316e6ce8206ea14fe28628b646ac5415d37","data/international/six/db6-1302.000.chunk":"a0bde8399fecc594fe8ad84b953018c2fd3796805de67f5361982b244027413f","data/international/six/db6-1302.001.chunk":"7398a50ae97329727420dca59b959f28ed295dbdd59e6dd54fb54d88554decfa","data/international/six/db6-1302.idx":"fc695c254e053157a79dfd22c287fcde716e887ba4a0e5765cc27be221efd7ab","data/international/six/db6-1311.000.chunk":"eac5625451bccbdee80bb5d98c1ae8b7d9dc7bcd218240d543e04ec76d692a36","data/international/six/db6-1311.001.chunk":"cc9e1d6f56f80b7f6fe73d30a878bd2c7e9be3cea795d0c64e2847976e57d88b","data/international/six/db6-1311.002.chunk":"33eb6b6262f6d2b248c2772ab41277231e227a0024007db766ae48edc31e7c6a","data/international/six/db6-1311.003.chunk":"d59c08b053c2d047da4cb9f793c9bcb905c689b0ada2108569428639f20eb107","data/international/six/db6-1311.idx":"824155526e1423c28dfc5a9e6ce803006fcdaabe5c5dcb72f52e4e0b29eb634a","data/international/six/db6-1320.000.chunk":"d37c461f883e519b95482bf38863e22c5cf71e3d4d26da2758aa06d8c5a69c1d","data/international/six/db6-1320.idx":"d9787b34307105c715e7b1f7cd463398386f5bdfa4d863fdee92af34b1dbf334","data/international/six/db6-1401.000.chunk":"45bb9b0339452bab7a464741003a168e43178944b286320b1eb70eb15458d17e","data/international/six/db6-1401.idx":"36c748d544a0d108e25f26a748f107ced6045229854dc0ec5cbabf39dccfd078","data/international/six/db6-1410.000.chunk":"6f3110cbbe9f88c12a01a7779b2034df76cc065e7767d153f17fd9d90efead51","data/international/six/db6-1410.idx":"f7a26d77bd12fb29b4d8492481e56c5c692a2c280062cc9518728882acd65890","data/international/six/db6-2121.000.chunk":"2b0d462e7d6f4e9188dec28fac5b91df1d93b655bd6f381e01dc7f82426dc742","data/international/six/db6-2121.001.chunk":"dd308ec8c23cb58e50f3be495b79934782cc3624036f88272a8526c87e6cd1f9","data/international/six/db6-2121.idx":"f3c643c2ac5d25da70b71339bc23d9c452e00244bd29562fd424b6a84ca3ad40","data/international/six/db6-2130.000.chunk":"320904de62832a1c6c9054c7650c61f10dd181da2e9b1b04aa86d2977656fde7","data/international/six/db6-2130.001.chunk":"a96061fbe9ec9d57d2edd5773fbd89145aafc7e5a5845c81bc58c5ecab63d2d6","data/international/six/db6-2130.idx":"9d6ed91ef56e08a1b98ee184839d9a880198c141aba47005a13587c572342a50","data/international/six/db6-2202.000.chunk":"43057f23a613a28f06bc9cd465b7ed44cf887dfe50e7001b7d1ef473cdbfd4b2","data/international/six/db6-2202.001.chunk":"585615fed0ec078a94e0ac32e3d52ac4d16b3eb7375663ff30d45e1293b3d44a","data/international/six/db6-2202.idx":"bae2e2b0a9709d4b46e397efdcdf322b2d461c492f221eb11f0638b2eb5951ec","data/international/six/db6-2211.000.chunk":"11dd5e990995f60597ec46e5f37a79429b072d11cf7353322dd95f7058c6d1ed","data/international/six/db6-2211.001.chunk":"8142e6725e68cefe12a42a8a8530a52182e9f44a2b85cb5ded48e445bc85bd7f","data/international/six/db6-2211.002.chunk":"c4d38e79e79b87802b26eded2a7c364946fea4d95450d35f10d7dcce343a8c69","data/international/six/db6-2211.003.chunk":"20b4af2d5329d20ebb3075c8cb31878935c15512cc2808546418879729f79402","data/international/six/db6-2211.004.chunk":"a4367099cfdacac510225de250b300e8fed1ba70d4438e14b311b7c796501089","data/international/six/db6-2211.005.chunk":"19b3a66dbf1497e2e455732a0f7ffb927c9e577f56c75419716439f524e9d514","data/international/six/db6-2211.006.chunk":"8bd6bc5bd76720a95a312bd8c6bae30701a6e99be19886e16126ca6abc3b2a7e","data/international/six/db6-2211.idx":"a525a93cfb7ccef53dce68366382a0c8764af216568b02b045edd8bd1230012a","data/international/six/db6-2220.000.chunk":"e1af2d5283389f43c81708a249e3c0b9968ed4aa322ac0bca48ca1ccc5d4dd7c","data/international/six/db6-2220.idx":"e3f4b23066c9f91d4a0f43984cbea7c01817d6a0e25c3705c7fb8327eb8a31a6","data/international/six/db6-2301.000.chunk":"0b6489a374a7680cb6697f2e78d0261558c15e5f6c629279b84f760cc5e2d4e4","data/international/six/db6-2301.idx":"fdcbc2bd251bf3b73822bd0e2b92cb8791deaa009bd2ab8730a25e3395ce7726","data/international/six/db6-2310.000.chunk":"13ae77b5d13ad94678dab0cfb4ca74f4db89190371eacc10bd92cadf10eb350f","data/international/six/db6-2310.idx":"1f8ece0f98423c4b9213ab41a2eec40fe32679fe71268bce240714d1b7896cda","data/international/six/db6-3030.000.chunk":"cecd125dd3e9f0e1fa8f42abd0d51c9b3f679839db56a60b50b380e764302569","data/international/six/db6-3030.idx":"c41521d134874aaa3151b4595373caf3a91afc0aea9e249c0d722612c0370a82","data/international/six/db6-3102.000.chunk":"c90c2e7384f00811e0445f566d7aa7243e861b65c71791df05f3679c1e6080c1","data/international/six/db6-3102.idx":"f0161e4b20319d077c04ae0e4607ac81a7b50315ea72ff456494b00072dac06d","data/international/six/db6-3111.000.chunk":"e62bab91ea59dbef862261975d320585d13f83fbaf709c7d686e0a085b594576","data/international/six/db6-3111.001.chunk":"49c653dccca0ad25d6c3e858f8dd55e540dfb48d6cee1dba749214d8d12b129b","data/international/six/db6-3111.002.chunk":"f3e3f75261fe41cc65d1ee5c3e4c391c5945e96c7635c091e384ed10d253043c","data/international/six/db6-3111.003.chunk":"5c6f451ee293fea2955580ac6717a2aeb991c58693c1f9a0aa5f7107c506d075","data/international/six/db6-3111.004.chunk":"53e58423b9d85e32bbb2eb3552df28124d5172ca983c214738558e7cf543234d","data/international/six/db6-3111.005.chunk":"6fa72cec7f0dcd4a79458b766c04f2fbbc3eeb1804f8ab8f1a3d546c1d0c04df","data/international/six/db6-3111.idx":"552cea6807e5de8bdaaa7430e48429d2876663c1c13bf8a80438ec3fc11222db","data/international/six/db6-3120.000.chunk":"4849d82cf6c7978ef034fc98ef90951d041b740fd79510c67f902a447061a5d2","data/international/six/db6-3120.idx":"b5243e519c0a2fb6f513062094758a95306e9144a48c7a555a79ed1887780c86","data/international/six/db6-3201.000.chunk":"8d899206c06202a55395530df8eab92bbd29b879e1310c0b704bdd26d1131772","data/international/six/db6-3201.idx":"f9b27e6e4cee762ed97a568b8f32673b1bfe5c22a64d0c5b47b7a18f39749958","data/international/six/db6-3210.000.chunk":"f829ad406b3b2b1f45e1ac30bc0e43440ce2b808025c27d3bfff2f704edeffb4","data/international/six/db6-3210.idx":"ab335ebeed4f38b97ad72512c77a84aa1a7a5b5d63f00278d205e9386b07c3be","data/international/six/db6-4002.000.chunk":"1f810fcb514771696b8b44d264a552607de2068b0595e165ee1b337f691d2530","data/international/six/db6-4002.idx":"7813f455b5b0225444c95e3424c3f30414373dae0cc6065d9b3e7bd07c304c67","data/international/six/db6-4011.000.chunk":"4e9176f2619ef1c62e5cbc5cb1e3ca7a0c45035148e4fb526eefc1266e1e7e38","data/international/six/db6-4011.idx":"84ad8d66b8560bdcf7a999b867381f36d93ee7724cf89d5abda8020ff9658e2d","data/international/six/db6-4020.000.chunk":"c1b0099c29929bd38f39e02b805bfa395e8b058bc73b3710bf6112efc2a56413","data/international/six/db6-4020.idx":"ed46094e80d77e4f27bdae4fe5678903eac0d72ff11bfbf0addf2d84205b7acd","data/international/six/db6-4101.000.chunk":"84e48039e29063ac53bb53f825c070190c6d424d91e41b3c6b8a5712d99dc07a","data/international/six/db6-4101.idx":"5b89058e3c8e2d225b5f80560b27f8001e42d648b410a616165747f2dc2f2a1b","data/international/six/db6-4110.000.chunk":"271c7e822c1a87b1a01c50a0705040d4e22f6f1a6850ba2baf547b09019a9e9c","data/international/six/db6-4110.idx":"99d0d61cfa656d9c84500f41892c66fbe9d24ebd96b873e63d8b3a3315a0fa78","data/international/six/db6-5001.000.chunk":"abb0af9db0c77accee65b836150e0eeed6c24d79d1c552ff21c9f1825e3846cf","data/international/six/db6-5001.idx":"3316a344e28cc3115daf8ed5d0dbf7f66dc57cafc39262172026d7efea6aab76","data/international/six/db6-5010.000.chunk":"b842fd58f936f742947a84e4587ba88fbc656ffa85371e2e75f57b79af612c5b","data/international/six/db6-5010.idx":"bd8c7a7853c0528d92799fbad5a1344a1ae4e7478598c9c82171afccef8cee41","data/international/six/manifest.json":"6532df5af4306b1b6b16723155b756faacef549bcc8292ccbf0e7663a707a28c","data/international/tunstall-v2.bin":"92fa921a410c270c3126811dc2d8af22e1691aedaaf0d020ee01adbe572d26a9","dist/corpus-pack.json":"6d570320bbb75d898f29cf6fe6c93faef556899cfa0be0a6a33e8cdd862b4cb9","dist/worker-american.mjs":"950c58445422dbd59898195a526ad4fc113d832dac49381fe49f2ea624b91175","dist/worker-international.mjs":"31d06dd836dd1567391b3c5051f8dc53a7904e833887b045be19354f70ae1ee2","LICENSE":"e65a07d64c485ec9ffc4f7af9bd03035e365d9cf6bd3f12151f94139ffa86421","manifest.json":"909e9ec620b946f1e5612e47f837ae4aa2701252bebf2f32d08af756a8514385","node_modules/zod/LICENSE":"3f1189b28e3866e0d979968d466b78f813f76827cfdca1fbb124cc0a5c8841f8","package-lock.json":"90e25862b9c85f01add8441dcfd1071b62d753ecdacb5bfeb1e830de52257c28","package.json":"d96d42f89bfa40bdb6ccf8f10adbec4cd59dff814e78d94bb136598b96631c66","scripts/browser-check.mjs":"ed17d67724ef0ea6af4142413b7b0130a6ee054d5653741ad6bd057b5c2443bb","scripts/browser-evidence-controls.mjs":"1355cbe8f4e12c0e8c76989abab0db6244436cbde77c893de833c329dd0fd38f","scripts/browser-evidence.mjs":"7c9a8c3c478f18535d42b49e48c815c59e82e8617de76560c473ee82a889586b","scripts/build.mjs":"d6ab129ec1f993805226a13a23bed6186c82c1047f4049fea2886a9207048c43","scripts/check.mjs":"d064d3b7b10d6186b0ecc7f3d9081d0c0936740c358ebc67ca98789be836ebc7","scripts/corpus-pack.mjs":"e5f4915f6bb14b3c6d437276091203557efff8df13caeee85970a45e38392cba","scripts/integrity.mjs":"a0049c52b21e0494a48e1b61012c1d8f3838e5fc939187e905f3a479d060d2f0","src/bot-worker.ts":"eba2ca17afbccf6bcf06c20eb8d2aa776a3157112c2ec3db922933a39c78d653","src/bots.ts":"450791148c7bb7c6c3d74dfa732917f51472c127abf2d32b9436376de3acc219","src/browser.ts":"dc29bcf9d10189bf92983344854970dcfb54b3366c25558d695d04e72e39dcdf","src/chinook-corpus.ts":"d38d8fc850c1d27d0e5d4b883bd87798278761a16ad5973dc78b3b3b867e08c8","src/chinook.ts":"97310193de9dda474899a027d3519bbd536db9ee2a6ca6530a7e218f7fe5f32a","src/core.ts":"516f8b970c8cd1298882b76b8e61552f74464ea4224207c304f436e2e3532c6b","src/draws.ts":"e256daaef8fb43b498e8adcb71a77451c55aa9b1c24fc0a44bc36ee613dda4d1","src/endgame.ts":"f9f6cea20233c09dbd4cc3cf1337300ecc0cd5b833674e94baa193d04db98821","src/international-corpus.ts":"356c00f5c25642a9393e73e16306f0e02bb31e10818e0cdcfd99e26534b84a8a","src/international-indexes.ts":"fb56f60992bbbb589bd4069d565672aba4f5a61227a5380a874e6001ee991625","src/international-search.ts":"67b4ba228bfbf4e122c65c3619a0d529be07a3e3423f1ad5c51227d5f99962ee","src/international-six-data.ts":"08566eb9e7c6d7b324ac3a26f72edf86f8b22634361ec052d099bdab88e851d6","src/international-six-indexes.ts":"641218fe08800d06c9ec0b592cbac46978cd0d64249cff4f32b32eff77797c99","src/international.ts":"832f0dc95b0d8ac14e61af29914796df3128856c1617dbd8c8c24d20319b21ce","src/moves.ts":"d4ea90d730fb1add4f3d8fb98401fb9030a3e1e5ab83eb209b4a7839bd0044e1","src/play.template.html":"2d0345f395daa04b5bbe7153b4045bd2b553d28f0deaeaa689ad4aedc559dcef","src/retrograde.ts":"62ac9082dd82914f4a39e29d448b2e2defb03d2292090a110d747545052eca03","src/schema.ts":"416cb6ea418a0c71eb31e4cf8452bb16fbf455d23bd338a0326a76c22e0670ee","src/types.ts":"079cd5dbb2e20329bf386c3f506c3009534d2afce98804a1a999a239fe1cb16a","THIRD-PARTY-LICENSES.txt":"872acef306116e979ae43e6f20df09f3b040019ebbbcb2070d229f0ab5fe52f6","tsconfig.json":"fcc94a699ca26c01b4f9c4422dd4e5ab6811420993f5af01d9c6659549cd257c"},"command":"node scripts/browser-check.mjs","htmlPath":"/home/runner/work/partybox-game-cores/partybox-game-cores/jobs/G10-checkers/.work/play.html","htmlBytes":1390845993,"loadTimeoutMs":300000,"sourceSha256":"5ed2173b7264574565dd29ff14773236cac5a00833bf75df3de9e64a66451801","profiles":[{"name":"desktop","width":1920,"height":1080,"throttle":1,"loadMs":8441.683503,"checks":15,"frameResults":[{"variant":"american","frames":600,"meanFps":60.002400096003825,"p99Ms":16.80000000000291},{"variant":"international","frames":600,"meanFps":60.00219608037656,"p99Ms":16.80000000000291}],"pageErrorCount":0,"httpRequestCount":0,"pageErrors":[],"httpRequests":[]},{"name":"phone","width":390,"height":844,"throttle":4,"loadMs":37084.626534,"checks":15,"frameResults":[{"variant":"american","frames":600,"meanFps":59.902550530796475,"p99Ms":16.80000000000291},{"variant":"international","frames":600,"meanFps":60.002388095046186,"p99Ms":16.80000000000291}],"pageErrorCount":0,"httpRequestCount":0,"pageErrors":[],"httpRequests":[]}],"capture":false,"functionalOnly":false,"frameVariants":["american","international"],"sourceGuardsAfter":{"../../contract/constants.ts":"27cdd23112ea03f344457e6f6e6b5839ff536ebeadbba189751520353aa085ef","../../contract/contract.ts":"c0f999c153074769c99c67ab2a71ad66c879e45e834713f3367b2bde4a1873d5","../../contract/minigame-schema.ts":"2438655eeb8ca658543b475070e6fb3ccb3947f154f57caa3f619c87853c9bbb","../../contract/package.json":"ec1418bc79e3563ed63d2aebfbb0cb039529f6dc1ac0e8e6d61f790cb065f495","../../contract/player-count-schema.ts":"0748d9d9bcf795d0693c37a0f369b262fd8801dec9ab1e4a9a4f5ec23751a189","../../contract/rng.ts":"7cfcf3024723607e8dd1ce6ccc5683a48d71fcc617947304cc5b9f6d3d7842fe","data/chinook/DB6.bin":"baee42a2b49390edd96e5a751189366275619c941d79021f3ca45774c3e7071f","data/chinook/DB6.idx":"10cb5cfc2a8c67e18c322563c17ceef0adeac87786a16c767c4616e9a574f4fd","data/chinook/LICENSE.txt":"8ed5c1393322801ac395d3e6c9d8e8f4b18bcca9e41f7b8cdf312f33be242a2d","data/chinook/manifest.json":"90f1970372040946f299660c33ded627fe574c7fa2d52be168e7b16c391d55d0","data/endgames.json":"edb5d87a27caa83945e2a5587418fa6f246fb30dd3823652871a598272e0075d","data/international/BOOST-LICENSE.txt":"c9bff75738922193e67fa726fa225535870d2aa1059f91452c411736284ad566","data/international/db2.bin":"305a1e7eabb4bab13577774009592e1614ddf8a4efe334d6fe3cb8221000b4ed","data/international/db2.idx":"9622e861c67ea250396b384bb95fec00fd541964c3109bdc1b27ae7aae1f73f2","data/international/db3.bin":"9dd9170657b11b5e18e0a2d54b6475d9cfd2cf821c6f9e4e9ba78bdf130e10aa","data/international/db3.idx":"84862531a87da451037c3c1087b5c082c293ff508ffb447adbc8b7e020fa7aaa","data/international/db4.bin":"14e5a8fa159c33a2d7ca01538ca4cd088222c2f204a6b6ef174ffcebd28c72aa","data/international/db4.idx":"4514098c3a0fe91fb98ea1950eb53558f94017ed4c6553d10f117c94348e393e","data/international/db5.bin":"b3e65f71d2c801a68fe8928f62e32c40266f7d8ae4e5ab99b643805b1ace2e02","data/international/db5.idx":"4a94297121f50feca73beaea7ab10622942194d2b5c098d1c30c5cbe5b78715a","data/international/LICENSE.md":"34055034c8caa4d7637c91adc11f28229cea6a097c9b9d2610318cb66e1ef6cc","data/international/manifest.json":"6cc33b38df4f1f2b1ea79fa7fcbe11972976986828e7adee28934b4ad3921a04","data/international/six/db6-0303.000.chunk":"75d63f54a4aefbb6a29871ac2c96fe8064239630c141c79298c99ede5af7bfae","data/international/six/db6-0303.idx":"9f6e7dddd055eb1234cc79750e749c9b2ef49bdf410d7761a0a27f76dc606b04","data/international/six/db6-0312.000.chunk":"a65ac7e0daf00efcb905cec95900ce8fe7c7afda3d242a693a229b2584fcdd89","data/international/six/db6-0312.idx":"9df486596addc03a3454c242a25198c35f0a371dbd0055ca1ad777bff28bc43a","data/international/six/db6-0321.000.chunk":"4f4af0182c39c3646128b9e17d2b283196e8cb4441452b4a01e9c2532e4b6b53","data/international/six/db6-0321.001.chunk":"b8d62083255a57d82395b04eddf6cf735700f3ead646b526fc9882bace3a0e40","data/international/six/db6-0321.idx":"af4c2df56553f4386223b11ad75e7ad4f5c26625be854d52b1e6f8760d8c3bee","data/international/six/db6-0330.000.chunk":"de1dfc76776fe69bf25a7e64b4f1800c17b196f7e9cf2258cb792f51d17fd5c1","data/international/six/db6-0330.idx":"ce6bba6b659d289f3823a0221a5927fe0cbdf313af052cadfbfe0259791590ca","data/international/six/db6-0402.000.chunk":"9508c060e20d0f01da854b4cd4e018f634241b5abb90e73ece71bd4ca69c2517","data/international/six/db6-0402.idx":"096c6e3b12ecf960f7012878baec51d00f1cafda9880d2b29128b21cb3821485","data/international/six/db6-0411.000.chunk":"d3a9300cbe73b288d4d897d20434b6f4373166f58cc69328043a835efbf03247","data/international/six/db6-0411.idx":"1c92044e7b38d59c1485a0b064ed22e5b685346a0d62ac8fce74c3d6d5130cf0","data/international/six/db6-0420.000.chunk":"26162642d1c3439d6e3abcef8c1a210857b371607d82a1714cb99a47ad803a6e","data/international/six/db6-0420.idx":"4d47ac027225d63cf773a0f5fe9258c5e5f3b3670b04de677bc0a10399e3a56d","data/international/six/db6-0501.000.chunk":"82881a78d8a5052037911bc0e1d33231fd1dce64f283fd5f53bb297c26e60221","data/international/six/db6-0501.idx":"d29f8d532adce5f2ba9befd66ae47413b3e91e0666b891c1f08b8b0c7eb4ea10","data/international/six/db6-0510.000.chunk":"28f286c57a29bac59c095d9efdbd2cd87ee648416a0d4e85099bd8c192bc8383","data/international/six/db6-0510.idx":"356a04a2d92ce1c614671b5e246d4c74215c55728480d79d24065252b1e3689a","data/international/six/db6-1212.000.chunk":"5f8cc263773a36546efb0af5e5f6e4bdb4bbd497a50bf00e477aec30e478923f","data/international/six/db6-1212.001.chunk":"578a53681f654ca3463c205428c02a2812751af0fc83aabb26912573bfeabf79","data/international/six/db6-1212.idx":"62c58abb6f24f8280d0f2b0d99cf2e78c85e4a8b8a37da142fdafce33911db7a","data/international/six/db6-1221.000.chunk":"acc65c6b904a669302b3f1dacf917f44852baa3febb2d33379ecdb9153dfd898","data/international/six/db6-1221.001.chunk":"44b31af46ccd5df50c10eea39107f33244be8d98ea39300c2ef739173573f775","data/international/six/db6-1221.002.chunk":"471ec101d7053b0029059f4ce617ffb88512a7d08d86f2be7e170abc29e8c2e9","data/international/six/db6-1221.003.chunk":"67460687baa048e40deaf19e4168f3fd644a9ffaad0475a02a7c65462a249738","data/international/six/db6-1221.idx":"893f2a20b42eb9b6a437b2a4c79635190b1b7d8303d67c2c6048ad762b654072","data/international/six/db6-1230.000.chunk":"45e595ea9c3279d783cf4632762912554f98103bb24fd3712ea5cd371ae077c6","data/international/six/db6-1230.001.chunk":"86282c8af312b2ee4e8a8c36a228ccd72b5a81ae7bd9e03ed86e63c92ba386cb","data/international/six/db6-1230.idx":"56f9a806af26475371ea04d7230e2316e6ce8206ea14fe28628b646ac5415d37","data/international/six/db6-1302.000.chunk":"a0bde8399fecc594fe8ad84b953018c2fd3796805de67f5361982b244027413f","data/international/six/db6-1302.001.chunk":"7398a50ae97329727420dca59b959f28ed295dbdd59e6dd54fb54d88554decfa","data/international/six/db6-1302.idx":"fc695c254e053157a79dfd22c287fcde716e887ba4a0e5765cc27be221efd7ab","data/international/six/db6-1311.000.chunk":"eac5625451bccbdee80bb5d98c1ae8b7d9dc7bcd218240d543e04ec76d692a36","data/international/six/db6-1311.001.chunk":"cc9e1d6f56f80b7f6fe73d30a878bd2c7e9be3cea795d0c64e2847976e57d88b","data/international/six/db6-1311.002.chunk":"33eb6b6262f6d2b248c2772ab41277231e227a0024007db766ae48edc31e7c6a","data/international/six/db6-1311.003.chunk":"d59c08b053c2d047da4cb9f793c9bcb905c689b0ada2108569428639f20eb107","data/international/six/db6-1311.idx":"824155526e1423c28dfc5a9e6ce803006fcdaabe5c5dcb72f52e4e0b29eb634a","data/international/six/db6-1320.000.chunk":"d37c461f883e519b95482bf38863e22c5cf71e3d4d26da2758aa06d8c5a69c1d","data/international/six/db6-1320.idx":"d9787b34307105c715e7b1f7cd463398386f5bdfa4d863fdee92af34b1dbf334","data/international/six/db6-1401.000.chunk":"45bb9b0339452bab7a464741003a168e43178944b286320b1eb70eb15458d17e","data/international/six/db6-1401.idx":"36c748d544a0d108e25f26a748f107ced6045229854dc0ec5cbabf39dccfd078","data/international/six/db6-1410.000.chunk":"6f3110cbbe9f88c12a01a7779b2034df76cc065e7767d153f17fd9d90efead51","data/international/six/db6-1410.idx":"f7a26d77bd12fb29b4d8492481e56c5c692a2c280062cc9518728882acd65890","data/international/six/db6-2121.000.chunk":"2b0d462e7d6f4e9188dec28fac5b91df1d93b655bd6f381e01dc7f82426dc742","data/international/six/db6-2121.001.chunk":"dd308ec8c23cb58e50f3be495b79934782cc3624036f88272a8526c87e6cd1f9","data/international/six/db6-2121.idx":"f3c643c2ac5d25da70b71339bc23d9c452e00244bd29562fd424b6a84ca3ad40","data/international/six/db6-2130.000.chunk":"320904de62832a1c6c9054c7650c61f10dd181da2e9b1b04aa86d2977656fde7","data/international/six/db6-2130.001.chunk":"a96061fbe9ec9d57d2edd5773fbd89145aafc7e5a5845c81bc58c5ecab63d2d6","data/international/six/db6-2130.idx":"9d6ed91ef56e08a1b98ee184839d9a880198c141aba47005a13587c572342a50","data/international/six/db6-2202.000.chunk":"43057f23a613a28f06bc9cd465b7ed44cf887dfe50e7001b7d1ef473cdbfd4b2","data/international/six/db6-2202.001.chunk":"585615fed0ec078a94e0ac32e3d52ac4d16b3eb7375663ff30d45e1293b3d44a","data/international/six/db6-2202.idx":"bae2e2b0a9709d4b46e397efdcdf322b2d461c492f221eb11f0638b2eb5951ec","data/international/six/db6-2211.000.chunk":"11dd5e990995f60597ec46e5f37a79429b072d11cf7353322dd95f7058c6d1ed","data/international/six/db6-2211.001.chunk":"8142e6725e68cefe12a42a8a8530a52182e9f44a2b85cb5ded48e445bc85bd7f","data/international/six/db6-2211.002.chunk":"c4d38e79e79b87802b26eded2a7c364946fea4d95450d35f10d7dcce343a8c69","data/international/six/db6-2211.003.chunk":"20b4af2d5329d20ebb3075c8cb31878935c15512cc2808546418879729f79402","data/international/six/db6-2211.004.chunk":"a4367099cfdacac510225de250b300e8fed1ba70d4438e14b311b7c796501089","data/international/six/db6-2211.005.chunk":"19b3a66dbf1497e2e455732a0f7ffb927c9e577f56c75419716439f524e9d514","data/international/six/db6-2211.006.chunk":"8bd6bc5bd76720a95a312bd8c6bae30701a6e99be19886e16126ca6abc3b2a7e","data/international/six/db6-2211.idx":"a525a93cfb7ccef53dce68366382a0c8764af216568b02b045edd8bd1230012a","data/international/six/db6-2220.000.chunk":"e1af2d5283389f43c81708a249e3c0b9968ed4aa322ac0bca48ca1ccc5d4dd7c","data/international/six/db6-2220.idx":"e3f4b23066c9f91d4a0f43984cbea7c01817d6a0e25c3705c7fb8327eb8a31a6","data/international/six/db6-2301.000.chunk":"0b6489a374a7680cb6697f2e78d0261558c15e5f6c629279b84f760cc5e2d4e4","data/international/six/db6-2301.idx":"fdcbc2bd251bf3b73822bd0e2b92cb8791deaa009bd2ab8730a25e3395ce7726","data/international/six/db6-2310.000.chunk":"13ae77b5d13ad94678dab0cfb4ca74f4db89190371eacc10bd92cadf10eb350f","data/international/six/db6-2310.idx":"1f8ece0f98423c4b9213ab41a2eec40fe32679fe71268bce240714d1b7896cda","data/international/six/db6-3030.000.chunk":"cecd125dd3e9f0e1fa8f42abd0d51c9b3f679839db56a60b50b380e764302569","data/international/six/db6-3030.idx":"c41521d134874aaa3151b4595373caf3a91afc0aea9e249c0d722612c0370a82","data/international/six/db6-3102.000.chunk":"c90c2e7384f00811e0445f566d7aa7243e861b65c71791df05f3679c1e6080c1","data/international/six/db6-3102.idx":"f0161e4b20319d077c04ae0e4607ac81a7b50315ea72ff456494b00072dac06d","data/international/six/db6-3111.000.chunk":"e62bab91ea59dbef862261975d320585d13f83fbaf709c7d686e0a085b594576","data/international/six/db6-3111.001.chunk":"49c653dccca0ad25d6c3e858f8dd55e540dfb48d6cee1dba749214d8d12b129b","data/international/six/db6-3111.002.chunk":"f3e3f75261fe41cc65d1ee5c3e4c391c5945e96c7635c091e384ed10d253043c","data/international/six/db6-3111.003.chunk":"5c6f451ee293fea2955580ac6717a2aeb991c58693c1f9a0aa5f7107c506d075","data/international/six/db6-3111.004.chunk":"53e58423b9d85e32bbb2eb3552df28124d5172ca983c214738558e7cf543234d","data/international/six/db6-3111.005.chunk":"6fa72cec7f0dcd4a79458b766c04f2fbbc3eeb1804f8ab8f1a3d546c1d0c04df","data/international/six/db6-3111.idx":"552cea6807e5de8bdaaa7430e48429d2876663c1c13bf8a80438ec3fc11222db","data/international/six/db6-3120.000.chunk":"4849d82cf6c7978ef034fc98ef90951d041b740fd79510c67f902a447061a5d2","data/international/six/db6-3120.idx":"b5243e519c0a2fb6f513062094758a95306e9144a48c7a555a79ed1887780c86","data/international/six/db6-3201.000.chunk":"8d899206c06202a55395530df8eab92bbd29b879e1310c0b704bdd26d1131772","data/international/six/db6-3201.idx":"f9b27e6e4cee762ed97a568b8f32673b1bfe5c22a64d0c5b47b7a18f39749958","data/international/six/db6-3210.000.chunk":"f829ad406b3b2b1f45e1ac30bc0e43440ce2b808025c27d3bfff2f704edeffb4","data/international/six/db6-3210.idx":"ab335ebeed4f38b97ad72512c77a84aa1a7a5b5d63f00278d205e9386b07c3be","data/international/six/db6-4002.000.chunk":"1f810fcb514771696b8b44d264a552607de2068b0595e165ee1b337f691d2530","data/international/six/db6-4002.idx":"7813f455b5b0225444c95e3424c3f30414373dae0cc6065d9b3e7bd07c304c67","data/international/six/db6-4011.000.chunk":"4e9176f2619ef1c62e5cbc5cb1e3ca7a0c45035148e4fb526eefc1266e1e7e38","data/international/six/db6-4011.idx":"84ad8d66b8560bdcf7a999b867381f36d93ee7724cf89d5abda8020ff9658e2d","data/international/six/db6-4020.000.chunk":"c1b0099c29929bd38f39e02b805bfa395e8b058bc73b3710bf6112efc2a56413","data/international/six/db6-4020.idx":"ed46094e80d77e4f27bdae4fe5678903eac0d72ff11bfbf0addf2d84205b7acd","data/international/six/db6-4101.000.chunk":"84e48039e29063ac53bb53f825c070190c6d424d91e41b3c6b8a5712d99dc07a","data/international/six/db6-4101.idx":"5b89058e3c8e2d225b5f80560b27f8001e42d648b410a616165747f2dc2f2a1b","data/international/six/db6-4110.000.chunk":"271c7e822c1a87b1a01c50a0705040d4e22f6f1a6850ba2baf547b09019a9e9c","data/international/six/db6-4110.idx":"99d0d61cfa656d9c84500f41892c66fbe9d24ebd96b873e63d8b3a3315a0fa78","data/international/six/db6-5001.000.chunk":"abb0af9db0c77accee65b836150e0eeed6c24d79d1c552ff21c9f1825e3846cf","data/international/six/db6-5001.idx":"3316a344e28cc3115daf8ed5d0dbf7f66dc57cafc39262172026d7efea6aab76","data/international/six/db6-5010.000.chunk":"b842fd58f936f742947a84e4587ba88fbc656ffa85371e2e75f57b79af612c5b","data/international/six/db6-5010.idx":"bd8c7a7853c0528d92799fbad5a1344a1ae4e7478598c9c82171afccef8cee41","data/international/six/manifest.json":"6532df5af4306b1b6b16723155b756faacef549bcc8292ccbf0e7663a707a28c","data/international/tunstall-v2.bin":"92fa921a410c270c3126811dc2d8af22e1691aedaaf0d020ee01adbe572d26a9","dist/corpus-pack.json":"6d570320bbb75d898f29cf6fe6c93faef556899cfa0be0a6a33e8cdd862b4cb9","dist/worker-american.mjs":"950c58445422dbd59898195a526ad4fc113d832dac49381fe49f2ea624b91175","dist/worker-international.mjs":"31d06dd836dd1567391b3c5051f8dc53a7904e833887b045be19354f70ae1ee2","LICENSE":"e65a07d64c485ec9ffc4f7af9bd03035e365d9cf6bd3f12151f94139ffa86421","manifest.json":"909e9ec620b946f1e5612e47f837ae4aa2701252bebf2f32d08af756a8514385","node_modules/zod/LICENSE":"3f1189b28e3866e0d979968d466b78f813f76827cfdca1fbb124cc0a5c8841f8","package-lock.json":"90e25862b9c85f01add8441dcfd1071b62d753ecdacb5bfeb1e830de52257c28","package.json":"d96d42f89bfa40bdb6ccf8f10adbec4cd59dff814e78d94bb136598b96631c66","scripts/browser-check.mjs":"ed17d67724ef0ea6af4142413b7b0130a6ee054d5653741ad6bd057b5c2443bb","scripts/browser-evidence-controls.mjs":"1355cbe8f4e12c0e8c76989abab0db6244436cbde77c893de833c329dd0fd38f","scripts/browser-evidence.mjs":"7c9a8c3c478f18535d42b49e48c815c59e82e8617de76560c473ee82a889586b","scripts/build.mjs":"d6ab129ec1f993805226a13a23bed6186c82c1047f4049fea2886a9207048c43","scripts/check.mjs":"d064d3b7b10d6186b0ecc7f3d9081d0c0936740c358ebc67ca98789be836ebc7","scripts/corpus-pack.mjs":"e5f4915f6bb14b3c6d437276091203557efff8df13caeee85970a45e38392cba","scripts/integrity.mjs":"a0049c52b21e0494a48e1b61012c1d8f3838e5fc939187e905f3a479d060d2f0","src/bot-worker.ts":"eba2ca17afbccf6bcf06c20eb8d2aa776a3157112c2ec3db922933a39c78d653","src/bots.ts":"450791148c7bb7c6c3d74dfa732917f51472c127abf2d32b9436376de3acc219","src/browser.ts":"dc29bcf9d10189bf92983344854970dcfb54b3366c25558d695d04e72e39dcdf","src/chinook-corpus.ts":"d38d8fc850c1d27d0e5d4b883bd87798278761a16ad5973dc78b3b3b867e08c8","src/chinook.ts":"97310193de9dda474899a027d3519bbd536db9ee2a6ca6530a7e218f7fe5f32a","src/core.ts":"516f8b970c8cd1298882b76b8e61552f74464ea4224207c304f436e2e3532c6b","src/draws.ts":"e256daaef8fb43b498e8adcb71a77451c55aa9b1c24fc0a44bc36ee613dda4d1","src/endgame.ts":"f9f6cea20233c09dbd4cc3cf1337300ecc0cd5b833674e94baa193d04db98821","src/international-corpus.ts":"356c00f5c25642a9393e73e16306f0e02bb31e10818e0cdcfd99e26534b84a8a","src/international-indexes.ts":"fb56f60992bbbb589bd4069d565672aba4f5a61227a5380a874e6001ee991625","src/international-search.ts":"67b4ba228bfbf4e122c65c3619a0d529be07a3e3423f1ad5c51227d5f99962ee","src/international-six-data.ts":"08566eb9e7c6d7b324ac3a26f72edf86f8b22634361ec052d099bdab88e851d6","src/international-six-indexes.ts":"641218fe08800d06c9ec0b592cbac46978cd0d64249cff4f32b32eff77797c99","src/international.ts":"832f0dc95b0d8ac14e61af29914796df3128856c1617dbd8c8c24d20319b21ce","src/moves.ts":"d4ea90d730fb1add4f3d8fb98401fb9030a3e1e5ab83eb209b4a7839bd0044e1","src/play.template.html":"2d0345f395daa04b5bbe7153b4045bd2b553d28f0deaeaa689ad4aedc559dcef","src/retrograde.ts":"62ac9082dd82914f4a39e29d448b2e2defb03d2292090a110d747545052eca03","src/schema.ts":"416cb6ea418a0c71eb31e4cf8452bb16fbf455d23bd338a0326a76c22e0670ee","src/types.ts":"079cd5dbb2e20329bf386c3f506c3009534d2afce98804a1a999a239fe1cb16a","THIRD-PARTY-LICENSES.txt":"872acef306116e979ae43e6f20df09f3b040019ebbbcb2070d229f0ab5fe52f6","tsconfig.json":"fcc94a699ca26c01b4f9c4422dd4e5ab6811420993f5af01d9c6659549cd257c"},"sourceSha256After":"5ed2173b7264574565dd29ff14773236cac5a00833bf75df3de9e64a66451801","htmlBytesAfter":1390845993,"checks":[{"profile":"desktop","name":"disk load, no external assets and reduced motion","pass":true},{"profile":"desktop","name":"American standard board and complete hot-seat turn","pass":true},{"profile":"desktop","name":"multi-jump draft leaves the actual position unchanged","pass":true},{"profile":"desktop","name":"American crown ends the capture turn","pass":true},{"profile":"desktop","name":"International full maximum capture and promotion","pass":true},{"profile":"desktop","name":"International crown transit stays a man","pass":true},{"profile":"desktop","name":"pause/resume and optional exact deadline forfeit","pass":true},{"profile":"desktop","name":"winner/results and explicit next table","pass":true},{"profile":"desktop","name":"manual Strong move uses local full-corpus worker and preserves legal core choice","pass":true},{"profile":"desktop","name":"International actual2–5 corpus worker prepares offline and preserves pending input","pass":true},{"profile":"desktop","name":"International actual six-piece Strong worker reads original local blocks","pass":true},{"profile":"desktop","name":"consecutive bot turns reuse the prepared worker and pause cancels it","pass":true},{"profile":"desktop","name":"pause cancels worker before it can apply an old move","pass":true},{"profile":"desktop","name":"names remain text and hostile original IDs have finite public results","pass":true},{"profile":"desktop","name":"viewport fits both boards and all controls","pass":true},{"profile":"phone","name":"disk load, no external assets and reduced motion","pass":true},{"profile":"phone","name":"American standard board and complete hot-seat turn","pass":true},{"profile":"phone","name":"multi-jump draft leaves the actual position unchanged","pass":true},{"profile":"phone","name":"American crown ends the capture turn","pass":true},{"profile":"phone","name":"International full maximum capture and promotion","pass":true},{"profile":"phone","name":"International crown transit stays a man","pass":true},{"profile":"phone","name":"pause/resume and optional exact deadline forfeit","pass":true},{"profile":"phone","name":"winner/results and explicit next table","pass":true},{"profile":"phone","name":"manual Strong move uses local full-corpus worker and preserves legal core choice","pass":true},{"profile":"phone","name":"International actual2–5 corpus worker prepares offline and preserves pending input","pass":true},{"profile":"phone","name":"International actual six-piece Strong worker reads original local blocks","pass":true},{"profile":"phone","name":"consecutive bot turns reuse the prepared worker and pause cancels it","pass":true},{"profile":"phone","name":"pause cancels worker before it can apply an old move","pass":true},{"profile":"phone","name":"names remain text and hostile original IDs have finite public results","pass":true},{"profile":"phone","name":"viewport fits both boards and all controls","pass":true}],"totalChecks":30}
2026-10-09T00:39:22.6182157Z {"evidenceVersion":1,"runId":"52cf2e6b-e943-40f8-9748-e0a92db1a48f","sourceGuardsBefore":{"../../contract/constants.ts":"27cdd23112ea03f344457e6f6e6b5839ff536ebeadbba189751520353aa085ef","../../contract/contract.ts":"c0f999c153074769c99c67ab2a71ad66c879e45e834713f3367b2bde4a1873d5","../../contract/minigame-schema.ts":"2438655eeb8ca658543b475070e6fb3ccb3947f154f57caa3f619c87853c9bbb","../../contract/package.json":"ec1418bc79e3563ed63d2aebfbb0cb039529f6dc1ac0e8e6d61f790cb065f495","../../contract/player-count-schema.ts":"0748d9d9bcf795d0693c37a0f369b262fd8801dec9ab1e4a9a4f5ec23751a189","../../contract/rng.ts":"7cfcf3024723607e8dd1ce6ccc5683a48d71fcc617947304cc5b9f6d3d7842fe","data/chinook/DB6.bin":"baee42a2b49390edd96e5a751189366275619c941d79021f3ca45774c3e7071f","data/chinook/DB6.idx":"10cb5cfc2a8c67e18c322563c17ceef0adeac87786a16c767c4616e9a574f4fd","data/chinook/LICENSE.txt":"8ed5c1393322801ac395d3e6c9d8e8f4b18bcca9e41f7b8cdf312f33be242a2d","data/chinook/manifest.json":"90f1970372040946f299660c33ded627fe574c7fa2d52be168e7b16c391d55d0","data/endgames.json":"edb5d87a27caa83945e2a5587418fa6f246fb30dd3823652871a598272e0075d","data/international/BOOST-LICENSE.txt":"c9bff75738922193e67fa726fa225535870d2aa1059f91452c411736284ad566","data/international/db2.bin":"305a1e7eabb4bab13577774009592e1614ddf8a4efe334d6fe3cb8221000b4ed","data/international/db2.idx":"9622e861c67ea250396b384bb95fec00fd541964c3109bdc1b27ae7aae1f73f2","data/international/db3.bin":"9dd9170657b11b5e18e0a2d54b6475d9cfd2cf821c6f9e4e9ba78bdf130e10aa","data/international/db3.idx":"84862531a87da451037c3c1087b5c082c293ff508ffb447adbc8b7e020fa7aaa","data/international/db4.bin":"14e5a8fa159c33a2d7ca01538ca4cd088222c2f204a6b6ef174ffcebd28c72aa","data/international/db4.idx":"4514098c3a0fe91fb98ea1950eb53558f94017ed4c6553d10f117c94348e393e","data/international/db5.bin":"b3e65f71d2c801a68fe8928f62e32c40266f7d8ae4e5ab99b643805b1ace2e02","data/international/db5.idx":"4a94297121f50feca73beaea7ab10622942194d2b5c098d1c30c5cbe5b78715a","data/international/LICENSE.md":"34055034c8caa4d7637c91adc11f28229cea6a097c9b9d2610318cb66e1ef6cc","data/international/manifest.json":"6cc33b38df4f1f2b1ea79fa7fcbe11972976986828e7adee28934b4ad3921a04","data/international/six/db6-0303.000.chunk":"75d63f54a4aefbb6a29871ac2c96fe8064239630c141c79298c99ede5af7bfae","data/international/six/db6-0303.idx":"9f6e7dddd055eb1234cc79750e749c9b2ef49bdf410d7761a0a27f76dc606b04","data/international/six/db6-0312.000.chunk":"a65ac7e0daf00efcb905cec95900ce8fe7c7afda3d242a693a229b2584fcdd89","data/international/six/db6-0312.idx":"9df486596addc03a3454c242a25198c35f0a371dbd0055ca1ad777bff28bc43a","data/international/six/db6-0321.000.chunk":"4f4af0182c39c3646128b9e17d2b283196e8cb4441452b4a01e9c2532e4b6b53","data/international/six/db6-0321.001.chunk":"b8d62083255a57d82395b04eddf6cf735700f3ead646b526fc9882bace3a0e40","data/international/six/db6-0321.idx":"af4c2df56553f4386223b11ad75e7ad4f5c26625be854d52b1e6f8760d8c3bee","data/international/six/db6-0330.000.chunk":"de1dfc76776fe69bf25a7e64b4f1800c17b196f7e9cf2258cb792f51d17fd5c1","data/international/six/db6-0330.idx":"ce6bba6b659d289f3823a0221a5927fe0cbdf313af052cadfbfe0259791590ca","data/international/six/db6-0402.000.chunk":"9508c060e20d0f01da854b4cd4e018f634241b5abb90e73ece71bd4ca69c2517","data/international/six/db6-0402.idx":"096c6e3b12ecf960f7012878baec51d00f1cafda9880d2b29128b21cb3821485","data/international/six/db6-0411.000.chunk":"d3a9300cbe73b288d4d897d20434b6f4373166f58cc69328043a835efbf03247","data/international/six/db6-0411.idx":"1c92044e7b38d59c1485a0b064ed22e5b685346a0d62ac8fce74c3d6d5130cf0","data/international/six/db6-0420.000.chunk":"26162642d1c3439d6e3abcef8c1a210857b371607d82a1714cb99a47ad803a6e","data/international/six/db6-0420.idx":"4d47ac027225d63cf773a0f5fe9258c5e5f3b3670b04de677bc0a10399e3a56d","data/international/six/db6-0501.000.chunk":"82881a78d8a5052037911bc0e1d33231fd1dce64f283fd5f53bb297c26e60221","data/international/six/db6-0501.idx":"d29f8d532adce5f2ba9befd66ae47413b3e91e0666b891c1f08b8b0c7eb4ea10","data/international/six/db6-0510.000.chunk":"28f286c57a29bac59c095d9efdbd2cd87ee648416a0d4e85099bd8c192bc8383","data/international/six/db6-0510.idx":"356a04a2d92ce1c614671b5e246d4c74215c55728480d79d24065252b1e3689a","data/international/six/db6-1212.000.chunk":"5f8cc263773a36546efb0af5e5f6e4bdb4bbd497a50bf00e477aec30e478923f","data/international/six/db6-1212.001.chunk":"578a53681f654ca3463c205428c02a2812751af0fc83aabb26912573bfeabf79","data/international/six/db6-1212.idx":"62c58abb6f24f8280d0f2b0d99cf2e78c85e4a8b8a37da142fdafce33911db7a","data/international/six/db6-1221.000.chunk":"acc65c6b904a669302b3f1dacf917f44852baa3febb2d33379ecdb9153dfd898","data/international/six/db6-1221.001.chunk":"44b31af46ccd5df50c10eea39107f33244be8d98ea39300c2ef739173573f775","data/international/six/db6-1221.002.chunk":"471ec101d7053b0029059f4ce617ffb88512a7d08d86f2be7e170abc29e8c2e9","data/international/six/db6-1221.003.chunk":"67460687baa048e40deaf19e4168f3fd644a9ffaad0475a02a7c65462a249738","data/international/six/db6-1221.idx":"893f2a20b42eb9b6a437b2a4c79635190b1b7d8303d67c2c6048ad762b654072","data/international/six/db6-1230.000.chunk":"45e595ea9c3279d783cf4632762912554f98103bb24fd3712ea5cd371ae077c6","data/international/six/db6-1230.001.chunk":"86282c8af312b2ee4e8a8c36a228ccd72b5a81ae7bd9e03ed86e63c92ba386cb","data/international/six/db6-1230.idx":"56f9a806af26475371ea04d7230e2316e6ce8206ea14fe28628b646ac5415d37","data/international/six/db6-1302.000.chunk":"a0bde8399fecc594fe8ad84b953018c2fd3796805de67f5361982b244027413f","data/international/six/db6-1302.001.chunk":"7398a50ae97329727420dca59b959f28ed295dbdd59e6dd54fb54d88554decfa","data/international/six/db6-1302.idx":"fc695c254e053157a79dfd22c287fcde716e887ba4a0e5765cc27be221efd7ab","data/international/six/db6-1311.000.chunk":"eac5625451bccbdee80bb5d98c1ae8b7d9dc7bcd218240d543e04ec76d692a36","data/international/six/db6-1311.001.chunk":"cc9e1d6f56f80b7f6fe73d30a878bd2c7e9be3cea795d0c64e2847976e57d88b","data/international/six/db6-1311.002.chunk":"33eb6b6262f6d2b248c2772ab41277231e227a0024007db766ae48edc31e7c6a","data/international/six/db6-1311.003.chunk":"d59c08b053c2d047da4cb9f793c9bcb905c689b0ada2108569428639f20eb107","data/international/six/db6-1311.idx":"824155526e1423c28dfc5a9e6ce803006fcdaabe5c5dcb72f52e4e0b29eb634a","data/international/six/db6-1320.000.chunk":"d37c461f883e519b95482bf38863e22c5cf71e3d4d26da2758aa06d8c5a69c1d","data/international/six/db6-1320.idx":"d9787b34307105c715e7b1f7cd463398386f5bdfa4d863fdee92af34b1dbf334","data/international/six/db6-1401.000.chunk":"45bb9b0339452bab7a464741003a168e43178944b286320b1eb70eb15458d17e","data/international/six/db6-1401.idx":"36c748d544a0d108e25f26a748f107ced6045229854dc0ec5cbabf39dccfd078","data/international/six/db6-1410.000.chunk":"6f3110cbbe9f88c12a01a7779b2034df76cc065e7767d153f17fd9d90efead51","data/international/six/db6-1410.idx":"f7a26d77bd12fb29b4d8492481e56c5c692a2c280062cc9518728882acd65890","data/international/six/db6-2121.000.chunk":"2b0d462e7d6f4e9188dec28fac5b91df1d93b655bd6f381e01dc7f82426dc742","data/international/six/db6-2121.001.chunk":"dd308ec8c23cb58e50f3be495b79934782cc3624036f88272a8526c87e6cd1f9","data/international/six/db6-2121.idx":"f3c643c2ac5d25da70b71339bc23d9c452e00244bd29562fd424b6a84ca3ad40","data/international/six/db6-2130.000.chunk":"320904de62832a1c6c9054c7650c61f10dd181da2e9b1b04aa86d2977656fde7","data/international/six/db6-2130.001.chunk":"a96061fbe9ec9d57d2edd5773fbd89145aafc7e5a5845c81bc58c5ecab63d2d6","data/international/six/db6-2130.idx":"9d6ed91ef56e08a1b98ee184839d9a880198c141aba47005a13587c572342a50","data/international/six/db6-2202.000.chunk":"43057f23a613a28f06bc9cd465b7ed44cf887dfe50e7001b7d1ef473cdbfd4b2","data/international/six/db6-2202.001.chunk":"585615fed0ec078a94e0ac32e3d52ac4d16b3eb7375663ff30d45e1293b3d44a","data/international/six/db6-2202.idx":"bae2e2b0a9709d4b46e397efdcdf322b2d461c492f221eb11f0638b2eb5951ec","data/international/six/db6-2211.000.chunk":"11dd5e990995f60597ec46e5f37a79429b072d11cf7353322dd95f7058c6d1ed","data/international/six/db6-2211.001.chunk":"8142e6725e68cefe12a42a8a8530a52182e9f44a2b85cb5ded48e445bc85bd7f","data/international/six/db6-2211.002.chunk":"c4d38e79e79b87802b26eded2a7c364946fea4d95450d35f10d7dcce343a8c69","data/international/six/db6-2211.003.chunk":"20b4af2d5329d20ebb3075c8cb31878935c15512cc2808546418879729f79402","data/international/six/db6-2211.004.chunk":"a4367099cfdacac510225de250b300e8fed1ba70d4438e14b311b7c796501089","data/international/six/db6-2211.005.chunk":"19b3a66dbf1497e2e455732a0f7ffb927c9e577f56c75419716439f524e9d514","data/international/six/db6-2211.006.chunk":"8bd6bc5bd76720a95a312bd8c6bae30701a6e99be19886e16126ca6abc3b2a7e","data/international/six/db6-2211.idx":"a525a93cfb7ccef53dce68366382a0c8764af216568b02b045edd8bd1230012a","data/international/six/db6-2220.000.chunk":"e1af2d5283389f43c81708a249e3c0b9968ed4aa322ac0bca48ca1ccc5d4dd7c","data/international/six/db6-2220.idx":"e3f4b23066c9f91d4a0f43984cbea7c01817d6a0e25c3705c7fb8327eb8a31a6","data/international/six/db6-2301.000.chunk":"0b6489a374a7680cb6697f2e78d0261558c15e5f6c629279b84f760cc5e2d4e4","data/international/six/db6-2301.idx":"fdcbc2bd251bf3b73822bd0e2b92cb8791deaa009bd2ab8730a25e3395ce7726","data/international/six/db6-2310.000.chunk":"13ae77b5d13ad94678dab0cfb4ca74f4db89190371eacc10bd92cadf10eb350f","data/international/six/db6-2310.idx":"1f8ece0f98423c4b9213ab41a2eec40fe32679fe71268bce240714d1b7896cda","data/international/six/db6-3030.000.chunk":"cecd125dd3e9f0e1fa8f42abd0d51c9b3f679839db56a60b50b380e764302569","data/international/six/db6-3030.idx":"c41521d134874aaa3151b4595373caf3a91afc0aea9e249c0d722612c0370a82","data/international/six/db6-3102.000.chunk":"c90c2e7384f00811e0445f566d7aa7243e861b65c71791df05f3679c1e6080c1","data/international/six/db6-3102.idx":"f0161e4b20319d077c04ae0e4607ac81a7b50315ea72ff456494b00072dac06d","data/international/six/db6-3111.000.chunk":"e62bab91ea59dbef862261975d320585d13f83fbaf709c7d686e0a085b594576","data/international/six/db6-3111.001.chunk":"49c653dccca0ad25d6c3e858f8dd55e540dfb48d6cee1dba749214d8d12b129b","data/international/six/db6-3111.002.chunk":"f3e3f75261fe41cc65d1ee5c3e4c391c5945e96c7635c091e384ed10d253043c","data/international/six/db6-3111.003.chunk":"5c6f451ee293fea2955580ac6717a2aeb991c58693c1f9a0aa5f7107c506d075","data/international/six/db6-3111.004.chunk":"53e58423b9d85e32bbb2eb3552df28124d5172ca983c214738558e7cf543234d","data/international/six/db6-3111.005.chunk":"6fa72cec7f0dcd4a79458b766c04f2fbbc3eeb1804f8ab8f1a3d546c1d0c04df","data/international/six/db6-3111.idx":"552cea6807e5de8bdaaa7430e48429d2876663c1c13bf8a80438ec3fc11222db","data/international/six/db6-3120.000.chunk":"4849d82cf6c7978ef034fc98ef90951d041b740fd79510c67f902a447061a5d2","data/international/six/db6-3120.idx":"b5243e519c0a2fb6f513062094758a95306e9144a48c7a555a79ed1887780c86","data/international/six/db6-3201.000.chunk":"8d899206c06202a55395530df8eab92bbd29b879e1310c0b704bdd26d1131772","data/international/six/db6-3201.idx":"f9b27e6e4cee762ed97a568b8f32673b1bfe5c22a64d0c5b47b7a18f39749958","data/international/six/db6-3210.000.chunk":"f829ad406b3b2b1f45e1ac30bc0e43440ce2b808025c27d3bfff2f704edeffb4","data/international/six/db6-3210.idx":"ab335ebeed4f38b97ad72512c77a84aa1a7a5b5d63f00278d205e9386b07c3be","data/international/six/db6-4002.000.chunk":"1f810fcb514771696b8b44d264a552607de2068b0595e165ee1b337f691d2530","data/international/six/db6-4002.idx":"7813f455b5b0225444c95e3424c3f30414373dae0cc6065d9b3e7bd07c304c67","data/international/six/db6-4011.000.chunk":"4e9176f2619ef1c62e5cbc5cb1e3ca7a0c45035148e4fb526eefc1266e1e7e38","data/international/six/db6-4011.idx":"84ad8d66b8560bdcf7a999b867381f36d93ee7724cf89d5abda8020ff9658e2d","data/international/six/db6-4020.000.chunk":"c1b0099c29929bd38f39e02b805bfa395e8b058bc73b3710bf6112efc2a56413","data/international/six/db6-4020.idx":"ed46094e80d77e4f27bdae4fe5678903eac0d72ff11bfbf0addf2d84205b7acd","data/international/six/db6-4101.000.chunk":"84e48039e29063ac53bb53f825c070190c6d424d91e41b3c6b8a5712d99dc07a","data/international/six/db6-4101.idx":"5b89058e3c8e2d225b5f80560b27f8001e42d648b410a616165747f2dc2f2a1b","data/international/six/db6-4110.000.chunk":"271c7e822c1a87b1a01c50a0705040d4e22f6f1a6850ba2baf547b09019a9e9c","data/international/six/db6-4110.idx":"99d0d61cfa656d9c84500f41892c66fbe9d24ebd96b873e63d8b3a3315a0fa78","data/international/six/db6-5001.000.chunk":"abb0af9db0c77accee65b836150e0eeed6c24d79d1c552ff21c9f1825e3846cf","data/international/six/db6-5001.idx":"3316a344e28cc3115daf8ed5d0dbf7f66dc57cafc39262172026d7efea6aab76","data/international/six/db6-5010.000.chunk":"b842fd58f936f742947a84e4587ba88fbc656ffa85371e2e75f57b79af612c5b","data/international/six/db6-5010.idx":"bd8c7a7853c0528d92799fbad5a1344a1ae4e7478598c9c82171afccef8cee41","data/international/six/manifest.json":"6532df5af4306b1b6b16723155b756faacef549bcc8292ccbf0e7663a707a28c","data/international/tunstall-v2.bin":"92fa921a410c270c3126811dc2d8af22e1691aedaaf0d020ee01adbe572d26a9","dist/corpus-pack.json":"6d570320bbb75d898f29cf6fe6c93faef556899cfa0be0a6a33e8cdd862b4cb9","dist/worker-american.mjs":"950c58445422dbd59898195a526ad4fc113d832dac49381fe49f2ea624b91175","dist/worker-international.mjs":"31d06dd836dd1567391b3c5051f8dc53a7904e833887b045be19354f70ae1ee2","LICENSE":"e65a07d64c485ec9ffc4f7af9bd03035e365d9cf6bd3f12151f94139ffa86421","manifest.json":"909e9ec620b946f1e5612e47f837ae4aa2701252bebf2f32d08af756a8514385","node_modules/zod/LICENSE":"3f1189b28e3866e0d979968d466b78f813f76827cfdca1fbb124cc0a5c8841f8","package-lock.json":"90e25862b9c85f01add8441dcfd1071b62d753ecdacb5bfeb1e830de52257c28","package.json":"d96d42f89bfa40bdb6ccf8f10adbec4cd59dff814e78d94bb136598b96631c66","scripts/browser-check.mjs":"ed17d67724ef0ea6af4142413b7b0130a6ee054d5653741ad6bd057b5c2443bb","scripts/browser-evidence-controls.mjs":"1355cbe8f4e12c0e8c76989abab0db6244436cbde77c893de833c329dd0fd38f","scripts/browser-evidence.mjs":"7c9a8c3c478f18535d42b49e48c815c59e82e8617de76560c473ee82a889586b","scripts/build.mjs":"d6ab129ec1f993805226a13a23bed6186c82c1047f4049fea2886a9207048c43","scripts/check.mjs":"d064d3b7b10d6186b0ecc7f3d9081d0c0936740c358ebc67ca98789be836ebc7","scripts/corpus-pack.mjs":"e5f4915f6bb14b3c6d437276091203557efff8df13caeee85970a45e38392cba","scripts/integrity.mjs":"a0049c52b21e0494a48e1b61012c1d8f3838e5fc939187e905f3a479d060d2f0","src/bot-worker.ts":"eba2ca17afbccf6bcf06c20eb8d2aa776a3157112c2ec3db922933a39c78d653","src/bots.ts":"450791148c7bb7c6c3d74dfa732917f51472c127abf2d32b9436376de3acc219","src/browser.ts":"dc29bcf9d10189bf92983344854970dcfb54b3366c25558d695d04e72e39dcdf","src/chinook-corpus.ts":"d38d8fc850c1d27d0e5d4b883bd87798278761a16ad5973dc78b3b3b867e08c8","src/chinook.ts":"97310193de9dda474899a027d3519bbd536db9ee2a6ca6530a7e218f7fe5f32a","src/core.ts":"516f8b970c8cd1298882b76b8e61552f74464ea4224207c304f436e2e3532c6b","src/draws.ts":"e256daaef8fb43b498e8adcb71a77451c55aa9b1c24fc0a44bc36ee613dda4d1","src/endgame.ts":"f9f6cea20233c09dbd4cc3cf1337300ecc0cd5b833674e94baa193d04db98821","src/international-corpus.ts":"356c00f5c25642a9393e73e16306f0e02bb31e10818e0cdcfd99e26534b84a8a","src/international-indexes.ts":"fb56f60992bbbb589bd4069d565672aba4f5a61227a5380a874e6001ee991625","src/international-search.ts":"67b4ba228bfbf4e122c65c3619a0d529be07a3e3423f1ad5c51227d5f99962ee","src/international-six-data.ts":"08566eb9e7c6d7b324ac3a26f72edf86f8b22634361ec052d099bdab88e851d6","src/international-six-indexes.ts":"641218fe08800d06c9ec0b592cbac46978cd0d64249cff4f32b32eff77797c99","src/international.ts":"832f0dc95b0d8ac14e61af29914796df3128856c1617dbd8c8c24d20319b21ce","src/moves.ts":"d4ea90d730fb1add4f3d8fb98401fb9030a3e1e5ab83eb209b4a7839bd0044e1","src/play.template.html":"2d0345f395daa04b5bbe7153b4045bd2b553d28f0deaeaa689ad4aedc559dcef","src/retrograde.ts":"62ac9082dd82914f4a39e29d448b2e2defb03d2292090a110d747545052eca03","src/schema.ts":"416cb6ea418a0c71eb31e4cf8452bb16fbf455d23bd338a0326a76c22e0670ee","src/types.ts":"079cd5dbb2e20329bf386c3f506c3009534d2afce98804a1a999a239fe1cb16a","THIRD-PARTY-LICENSES.txt":"872acef306116e979ae43e6f20df09f3b040019ebbbcb2070d229f0ab5fe52f6","tsconfig.json":"fcc94a699ca26c01b4f9c4422dd4e5ab6811420993f5af01d9c6659549cd257c"},"command":"node scripts/browser-check.mjs --capture","htmlPath":"/home/runner/work/partybox-game-cores/partybox-game-cores/jobs/G10-checkers/.work/play.html","htmlBytes":1390845993,"loadTimeoutMs":300000,"sourceSha256":"5ed2173b7264574565dd29ff14773236cac5a00833bf75df3de9e64a66451801","profiles":[{"name":"desktop","width":1920,"height":1080,"throttle":1,"loadMs":8349.805440999999,"checks":15,"frameResults":[{"variant":"american","frames":600,"meanFps":60.00240009600385,"p99Ms":16.799999999999272},{"variant":"international","frames":600,"meanFps":60.00240009600385,"p99Ms":16.80000000000291}],"pageErrorCount":0,"httpRequestCount":0,"pageErrors":[],"httpRequests":[],"video":{"file":"desktop.webm","bytes":1220920,"sha256":"cefa1f645e518b6e7e40a758c852194a92018d196e6ef228cbb29ce848c30d7b","probe":{"container":"matroska,webm","codec":"vp8","width":1920,"height":1080,"frameRate":"25/1","frames":250,"durationSeconds":10},"original":{"file":"desktop-original.webm","bytes":5400441,"sha256":"d48e6f1fd84964a8b6483120c51bdc3fee3f0bca8e5b7ae415bbeda910d28c96","probe":{"container":"matroska,webm","codec":"vp8","width":1920,"height":1080,"frameRate":"25/1","frames":1254,"durationSeconds":50.16}},"sourceSeekSeconds":40.16,"command":["ffmpeg","-hide_banner","-loglevel","error","-ss","40.16","-i","/home/runner/work/partybox-game-cores/partybox-game-cores/jobs/G10-checkers/.work/media/desktop-original.webm","-t","10","-an","-c:v","libvpx","-deadline","realtime","-cpu-used","8","-threads","2","-b:v","900k","-y","/home/runner/work/partybox-game-cores/partybox-game-cores/jobs/G10-checkers/.work/media/desktop.webm"],"scope":"Last ten seconds of actual recorded International hot-seat legal moves; diagnostic recording, never frame acceptance."},"gameplay":{"variant":"international","startPly":0,"endPly":24,"elapsedMs":10777.790506999998}},{"name":"phone","width":390,"height":844,"throttle":4,"loadMs":36929.106587,"checks":15,"frameResults":[{"variant":"american","frames":600,"meanFps":59.90295720932088,"p99Ms":16.80000000000291},{"variant":"international","frames":600,"meanFps":60.00259211197924,"p99Ms":16.80000000000291}],"pageErrorCount":0,"httpRequestCount":0,"pageErrors":[],"httpRequests":[],"video":{"file":"phone.webm","bytes":537003,"sha256":"275da88b47adbc457fda5fbc92525df8874c72d2616e0dd0fd53296a9d565103","probe":{"container":"matroska,webm","codec":"vp8","width":390,"height":844,"frameRate":"25/1","frames":250,"durationSeconds":10},"original":{"file":"phone-original.webm","bytes":2878224,"sha256":"bc49a333bd6b1499a852dc78ea9097ac39bd51b606cb483439f8887b7259d894","probe":{"container":"matroska,webm","codec":"vp8","width":390,"height":844,"frameRate":"25/1","frames":2042,"durationSeconds":81.68}},"sourceSeekSeconds":71.68,"command":["ffmpeg","-hide_banner","-loglevel","error","-ss","71.68","-i","/home/runner/work/partybox-game-cores/partybox-game-cores/jobs/G10-checkers/.work/media/phone-original.webm","-t","10","-an","-c:v","libvpx","-deadline","realtime","-cpu-used","8","-threads","2","-b:v","400k","-y","/home/runner/work/partybox-game-cores/partybox-game-cores/jobs/G10-checkers/.work/media/phone.webm"],"scope":"Last ten seconds of actual recorded International hot-seat legal moves; diagnostic recording, never frame acceptance."},"gameplay":{"variant":"international","startPly":0,"endPly":22,"elapsedMs":10939.059963999985}}],"capture":true,"functionalOnly":false,"frameVariants":["american","international"],"sourceGuardsAfter":{"../../contract/constants.ts":"27cdd23112ea03f344457e6f6e6b5839ff536ebeadbba189751520353aa085ef","../../contract/contract.ts":"c0f999c153074769c99c67ab2a71ad66c879e45e834713f3367b2bde4a1873d5","../../contract/minigame-schema.ts":"2438655eeb8ca658543b475070e6fb3ccb3947f154f57caa3f619c87853c9bbb","../../contract/package.json":"ec1418bc79e3563ed63d2aebfbb0cb039529f6dc1ac0e8e6d61f790cb065f495","../../contract/player-count-schema.ts":"0748d9d9bcf795d0693c37a0f369b262fd8801dec9ab1e4a9a4f5ec23751a189","../../contract/rng.ts":"7cfcf3024723607e8dd1ce6ccc5683a48d71fcc617947304cc5b9f6d3d7842fe","data/chinook/DB6.bin":"baee42a2b49390edd96e5a751189366275619c941d79021f3ca45774c3e7071f","data/chinook/DB6.idx":"10cb5cfc2a8c67e18c322563c17ceef0adeac87786a16c767c4616e9a574f4fd","data/chinook/LICENSE.txt":"8ed5c1393322801ac395d3e6c9d8e8f4b18bcca9e41f7b8cdf312f33be242a2d","data/chinook/manifest.json":"90f1970372040946f299660c33ded627fe574c7fa2d52be168e7b16c391d55d0","data/endgames.json":"edb5d87a27caa83945e2a5587418fa6f246fb30dd3823652871a598272e0075d","data/international/BOOST-LICENSE.txt":"c9bff75738922193e67fa726fa225535870d2aa1059f91452c411736284ad566","data/international/db2.bin":"305a1e7eabb4bab13577774009592e1614ddf8a4efe334d6fe3cb8221000b4ed","data/international/db2.idx":"9622e861c67ea250396b384bb95fec00fd541964c3109bdc1b27ae7aae1f73f2","data/international/db3.bin":"9dd9170657b11b5e18e0a2d54b6475d9cfd2cf821c6f9e4e9ba78bdf130e10aa","data/international/db3.idx":"84862531a87da451037c3c1087b5c082c293ff508ffb447adbc8b7e020fa7aaa","data/international/db4.bin":"14e5a8fa159c33a2d7ca01538ca4cd088222c2f204a6b6ef174ffcebd28c72aa","data/international/db4.idx":"4514098c3a0fe91fb98ea1950eb53558f94017ed4c6553d10f117c94348e393e","data/international/db5.bin":"b3e65f71d2c801a68fe8928f62e32c40266f7d8ae4e5ab99b643805b1ace2e02","data/international/db5.idx":"4a94297121f50feca73beaea7ab10622942194d2b5c098d1c30c5cbe5b78715a","data/international/LICENSE.md":"34055034c8caa4d7637c91adc11f28229cea6a097c9b9d2610318cb66e1ef6cc","data/international/manifest.json":"6cc33b38df4f1f2b1ea79fa7fcbe11972976986828e7adee28934b4ad3921a04","data/international/six/db6-0303.000.chunk":"75d63f54a4aefbb6a29871ac2c96fe8064239630c141c79298c99ede5af7bfae","data/international/six/db6-0303.idx":"9f6e7dddd055eb1234cc79750e749c9b2ef49bdf410d7761a0a27f76dc606b04","data/international/six/db6-0312.000.chunk":"a65ac7e0daf00efcb905cec95900ce8fe7c7afda3d242a693a229b2584fcdd89","data/international/six/db6-0312.idx":"9df486596addc03a3454c242a25198c35f0a371dbd0055ca1ad777bff28bc43a","data/international/six/db6-0321.000.chunk":"4f4af0182c39c3646128b9e17d2b283196e8cb4441452b4a01e9c2532e4b6b53","data/international/six/db6-0321.001.chunk":"b8d62083255a57d82395b04eddf6cf735700f3ead646b526fc9882bace3a0e40","data/international/six/db6-0321.idx":"af4c2df56553f4386223b11ad75e7ad4f5c26625be854d52b1e6f8760d8c3bee","data/international/six/db6-0330.000.chunk":"de1dfc76776fe69bf25a7e64b4f1800c17b196f7e9cf2258cb792f51d17fd5c1","data/international/six/db6-0330.idx":"ce6bba6b659d289f3823a0221a5927fe0cbdf313af052cadfbfe0259791590ca","data/international/six/db6-0402.000.chunk":"9508c060e20d0f01da854b4cd4e018f634241b5abb90e73ece71bd4ca69c2517","data/international/six/db6-0402.idx":"096c6e3b12ecf960f7012878baec51d00f1cafda9880d2b29128b21cb3821485","data/international/six/db6-0411.000.chunk":"d3a9300cbe73b288d4d897d20434b6f4373166f58cc69328043a835efbf03247","data/international/six/db6-0411.idx":"1c92044e7b38d59c1485a0b064ed22e5b685346a0d62ac8fce74c3d6d5130cf0","data/international/six/db6-0420.000.chunk":"26162642d1c3439d6e3abcef8c1a210857b371607d82a1714cb99a47ad803a6e","data/international/six/db6-0420.idx":"4d47ac027225d63cf773a0f5fe9258c5e5f3b3670b04de677bc0a10399e3a56d","data/international/six/db6-0501.000.chunk":"82881a78d8a5052037911bc0e1d33231fd1dce64f283fd5f53bb297c26e60221","data/international/six/db6-0501.idx":"d29f8d532adce5f2ba9befd66ae47413b3e91e0666b891c1f08b8b0c7eb4ea10","data/international/six/db6-0510.000.chunk":"28f286c57a29bac59c095d9efdbd2cd87ee648416a0d4e85099bd8c192bc8383","data/international/six/db6-0510.idx":"356a04a2d92ce1c614671b5e246d4c74215c55728480d79d24065252b1e3689a","data/international/six/db6-1212.000.chunk":"5f8cc263773a36546efb0af5e5f6e4bdb4bbd497a50bf00e477aec30e478923f","data/international/six/db6-1212.001.chunk":"578a53681f654ca3463c205428c02a2812751af0fc83aabb26912573bfeabf79","data/international/six/db6-1212.idx":"62c58abb6f24f8280d0f2b0d99cf2e78c85e4a8b8a37da142fdafce33911db7a","data/international/six/db6-1221.000.chunk":"acc65c6b904a669302b3f1dacf917f44852baa3febb2d33379ecdb9153dfd898","data/international/six/db6-1221.001.chunk":"44b31af46ccd5df50c10eea39107f33244be8d98ea39300c2ef739173573f775","data/international/six/db6-1221.002.chunk":"471ec101d7053b0029059f4ce617ffb88512a7d08d86f2be7e170abc29e8c2e9","data/international/six/db6-1221.003.chunk":"67460687baa048e40deaf19e4168f3fd644a9ffaad0475a02a7c65462a249738","data/international/six/db6-1221.idx":"893f2a20b42eb9b6a437b2a4c79635190b1b7d8303d67c2c6048ad762b654072","data/international/six/db6-1230.000.chunk":"45e595ea9c3279d783cf4632762912554f98103bb24fd3712ea5cd371ae077c6","data/international/six/db6-1230.001.chunk":"86282c8af312b2ee4e8a8c36a228ccd72b5a81ae7bd9e03ed86e63c92ba386cb","data/international/six/db6-1230.idx":"56f9a806af26475371ea04d7230e2316e6ce8206ea14fe28628b646ac5415d37","data/international/six/db6-1302.000.chunk":"a0bde8399fecc594fe8ad84b953018c2fd3796805de67f5361982b244027413f","data/international/six/db6-1302.001.chunk":"7398a50ae97329727420dca59b959f28ed295dbdd59e6dd54fb54d88554decfa","data/international/six/db6-1302.idx":"fc695c254e053157a79dfd22c287fcde716e887ba4a0e5765cc27be221efd7ab","data/international/six/db6-1311.000.chunk":"eac5625451bccbdee80bb5d98c1ae8b7d9dc7bcd218240d543e04ec76d692a36","data/international/six/db6-1311.001.chunk":"cc9e1d6f56f80b7f6fe73d30a878bd2c7e9be3cea795d0c64e2847976e57d88b","data/international/six/db6-1311.002.chunk":"33eb6b6262f6d2b248c2772ab41277231e227a0024007db766ae48edc31e7c6a","data/international/six/db6-1311.003.chunk":"d59c08b053c2d047da4cb9f793c9bcb905c689b0ada2108569428639f20eb107","data/international/six/db6-1311.idx":"824155526e1423c28dfc5a9e6ce803006fcdaabe5c5dcb72f52e4e0b29eb634a","data/international/six/db6-1320.000.chunk":"d37c461f883e519b95482bf38863e22c5cf71e3d4d26da2758aa06d8c5a69c1d","data/international/six/db6-1320.idx":"d9787b34307105c715e7b1f7cd463398386f5bdfa4d863fdee92af34b1dbf334","data/international/six/db6-1401.000.chunk":"45bb9b0339452bab7a464741003a168e43178944b286320b1eb70eb15458d17e","data/international/six/db6-1401.idx":"36c748d544a0d108e25f26a748f107ced6045229854dc0ec5cbabf39dccfd078","data/international/six/db6-1410.000.chunk":"6f3110cbbe9f88c12a01a7779b2034df76cc065e7767d153f17fd9d90efead51","data/international/six/db6-1410.idx":"f7a26d77bd12fb29b4d8492481e56c5c692a2c280062cc9518728882acd65890","data/international/six/db6-2121.000.chunk":"2b0d462e7d6f4e9188dec28fac5b91df1d93b655bd6f381e01dc7f82426dc742","data/international/six/db6-2121.001.chunk":"dd308ec8c23cb58e50f3be495b79934782cc3624036f88272a8526c87e6cd1f9","data/international/six/db6-2121.idx":"f3c643c2ac5d25da70b71339bc23d9c452e00244bd29562fd424b6a84ca3ad40","data/international/six/db6-2130.000.chunk":"320904de62832a1c6c9054c7650c61f10dd181da2e9b1b04aa86d2977656fde7","data/international/six/db6-2130.001.chunk":"a96061fbe9ec9d57d2edd5773fbd89145aafc7e5a5845c81bc58c5ecab63d2d6","data/international/six/db6-2130.idx":"9d6ed91ef56e08a1b98ee184839d9a880198c141aba47005a13587c572342a50","data/international/six/db6-2202.000.chunk":"43057f23a613a28f06bc9cd465b7ed44cf887dfe50e7001b7d1ef473cdbfd4b2","data/international/six/db6-2202.001.chunk":"585615fed0ec078a94e0ac32e3d52ac4d16b3eb7375663ff30d45e1293b3d44a","data/international/six/db6-2202.idx":"bae2e2b0a9709d4b46e397efdcdf322b2d461c492f221eb11f0638b2eb5951ec","data/international/six/db6-2211.000.chunk":"11dd5e990995f60597ec46e5f37a79429b072d11cf7353322dd95f7058c6d1ed","data/international/six/db6-2211.001.chunk":"8142e6725e68cefe12a42a8a8530a52182e9f44a2b85cb5ded48e445bc85bd7f","data/international/six/db6-2211.002.chunk":"c4d38e79e79b87802b26eded2a7c364946fea4d95450d35f10d7dcce343a8c69","data/international/six/db6-2211.003.chunk":"20b4af2d5329d20ebb3075c8cb31878935c15512cc2808546418879729f79402","data/international/six/db6-2211.004.chunk":"a4367099cfdacac510225de250b300e8fed1ba70d4438e14b311b7c796501089","data/international/six/db6-2211.005.chunk":"19b3a66dbf1497e2e455732a0f7ffb927c9e577f56c75419716439f524e9d514","data/international/six/db6-2211.006.chunk":"8bd6bc5bd76720a95a312bd8c6bae30701a6e99be19886e16126ca6abc3b2a7e","data/international/six/db6-2211.idx":"a525a93cfb7ccef53dce68366382a0c8764af216568b02b045edd8bd1230012a","data/international/six/db6-2220.000.chunk":"e1af2d5283389f43c81708a249e3c0b9968ed4aa322ac0bca48ca1ccc5d4dd7c","data/international/six/db6-2220.idx":"e3f4b23066c9f91d4a0f43984cbea7c01817d6a0e25c3705c7fb8327eb8a31a6","data/international/six/db6-2301.000.chunk":"0b6489a374a7680cb6697f2e78d0261558c15e5f6c629279b84f760cc5e2d4e4","data/international/six/db6-2301.idx":"fdcbc2bd251bf3b73822bd0e2b92cb8791deaa009bd2ab8730a25e3395ce7726","data/international/six/db6-2310.000.chunk":"13ae77b5d13ad94678dab0cfb4ca74f4db89190371eacc10bd92cadf10eb350f","data/international/six/db6-2310.idx":"1f8ece0f98423c4b9213ab41a2eec40fe32679fe71268bce240714d1b7896cda","data/international/six/db6-3030.000.chunk":"cecd125dd3e9f0e1fa8f42abd0d51c9b3f679839db56a60b50b380e764302569","data/international/six/db6-3030.idx":"c41521d134874aaa3151b4595373caf3a91afc0aea9e249c0d722612c0370a82","data/international/six/db6-3102.000.chunk":"c90c2e7384f00811e0445f566d7aa7243e861b65c71791df05f3679c1e6080c1","data/international/six/db6-3102.idx":"f0161e4b20319d077c04ae0e4607ac81a7b50315ea72ff456494b00072dac06d","data/international/six/db6-3111.000.chunk":"e62bab91ea59dbef862261975d320585d13f83fbaf709c7d686e0a085b594576","data/international/six/db6-3111.001.chunk":"49c653dccca0ad25d6c3e858f8dd55e540dfb48d6cee1dba749214d8d12b129b","data/international/six/db6-3111.002.chunk":"f3e3f75261fe41cc65d1ee5c3e4c391c5945e96c7635c091e384ed10d253043c","data/international/six/db6-3111.003.chunk":"5c6f451ee293fea2955580ac6717a2aeb991c58693c1f9a0aa5f7107c506d075","data/international/six/db6-3111.004.chunk":"53e58423b9d85e32bbb2eb3552df28124d5172ca983c214738558e7cf543234d","data/international/six/db6-3111.005.chunk":"6fa72cec7f0dcd4a79458b766c04f2fbbc3eeb1804f8ab8f1a3d546c1d0c04df","data/international/six/db6-3111.idx":"552cea6807e5de8bdaaa7430e48429d2876663c1c13bf8a80438ec3fc11222db","data/international/six/db6-3120.000.chunk":"4849d82cf6c7978ef034fc98ef90951d041b740fd79510c67f902a447061a5d2","data/international/six/db6-3120.idx":"b5243e519c0a2fb6f513062094758a95306e9144a48c7a555a79ed1887780c86","data/international/six/db6-3201.000.chunk":"8d899206c06202a55395530df8eab92bbd29b879e1310c0b704bdd26d1131772","data/international/six/db6-3201.idx":"f9b27e6e4cee762ed97a568b8f32673b1bfe5c22a64d0c5b47b7a18f39749958","data/international/six/db6-3210.000.chunk":"f829ad406b3b2b1f45e1ac30bc0e43440ce2b808025c27d3bfff2f704edeffb4","data/international/six/db6-3210.idx":"ab335ebeed4f38b97ad72512c77a84aa1a7a5b5d63f00278d205e9386b07c3be","data/international/six/db6-4002.000.chunk":"1f810fcb514771696b8b44d264a552607de2068b0595e165ee1b337f691d2530","data/international/six/db6-4002.idx":"7813f455b5b0225444c95e3424c3f30414373dae0cc6065d9b3e7bd07c304c67","data/international/six/db6-4011.000.chunk":"4e9176f2619ef1c62e5cbc5cb1e3ca7a0c45035148e4fb526eefc1266e1e7e38","data/international/six/db6-4011.idx":"84ad8d66b8560bdcf7a999b867381f36d93ee7724cf89d5abda8020ff9658e2d","data/international/six/db6-4020.000.chunk":"c1b0099c29929bd38f39e02b805bfa395e8b058bc73b3710bf6112efc2a56413","data/international/six/db6-4020.idx":"ed46094e80d77e4f27bdae4fe5678903eac0d72ff11bfbf0addf2d84205b7acd","data/international/six/db6-4101.000.chunk":"84e48039e29063ac53bb53f825c070190c6d424d91e41b3c6b8a5712d99dc07a","data/international/six/db6-4101.idx":"5b89058e3c8e2d225b5f80560b27f8001e42d648b410a616165747f2dc2f2a1b","data/international/six/db6-4110.000.chunk":"271c7e822c1a87b1a01c50a0705040d4e22f6f1a6850ba2baf547b09019a9e9c","data/international/six/db6-4110.idx":"99d0d61cfa656d9c84500f41892c66fbe9d24ebd96b873e63d8b3a3315a0fa78","data/international/six/db6-5001.000.chunk":"abb0af9db0c77accee65b836150e0eeed6c24d79d1c552ff21c9f1825e3846cf","data/international/six/db6-5001.idx":"3316a344e28cc3115daf8ed5d0dbf7f66dc57cafc39262172026d7efea6aab76","data/international/six/db6-5010.000.chunk":"b842fd58f936f742947a84e4587ba88fbc656ffa85371e2e75f57b79af612c5b","data/international/six/db6-5010.idx":"bd8c7a7853c0528d92799fbad5a1344a1ae4e7478598c9c82171afccef8cee41","data/international/six/manifest.json":"6532df5af4306b1b6b16723155b756faacef549bcc8292ccbf0e7663a707a28c","data/international/tunstall-v2.bin":"92fa921a410c270c3126811dc2d8af22e1691aedaaf0d020ee01adbe572d26a9","dist/corpus-pack.json":"6d570320bbb75d898f29cf6fe6c93faef556899cfa0be0a6a33e8cdd862b4cb9","dist/worker-american.mjs":"950c58445422dbd59898195a526ad4fc113d832dac49381fe49f2ea624b91175","dist/worker-international.mjs":"31d06dd836dd1567391b3c5051f8dc53a7904e833887b045be19354f70ae1ee2","LICENSE":"e65a07d64c485ec9ffc4f7af9bd03035e365d9cf6bd3f12151f94139ffa86421","manifest.json":"909e9ec620b946f1e5612e47f837ae4aa2701252bebf2f32d08af756a8514385","node_modules/zod/LICENSE":"3f1189b28e3866e0d979968d466b78f813f76827cfdca1fbb124cc0a5c8841f8","package-lock.json":"90e25862b9c85f01add8441dcfd1071b62d753ecdacb5bfeb1e830de52257c28","package.json":"d96d42f89bfa40bdb6ccf8f10adbec4cd59dff814e78d94bb136598b96631c66","scripts/browser-check.mjs":"ed17d67724ef0ea6af4142413b7b0130a6ee054d5653741ad6bd057b5c2443bb","scripts/browser-evidence-controls.mjs":"1355cbe8f4e12c0e8c76989abab0db6244436cbde77c893de833c329dd0fd38f","scripts/browser-evidence.mjs":"7c9a8c3c478f18535d42b49e48c815c59e82e8617de76560c473ee82a889586b","scripts/build.mjs":"d6ab129ec1f993805226a13a23bed6186c82c1047f4049fea2886a9207048c43","scripts/check.mjs":"d064d3b7b10d6186b0ecc7f3d9081d0c0936740c358ebc67ca98789be836ebc7","scripts/corpus-pack.mjs":"e5f4915f6bb14b3c6d437276091203557efff8df13caeee85970a45e38392cba","scripts/integrity.mjs":"a0049c52b21e0494a48e1b61012c1d8f3838e5fc939187e905f3a479d060d2f0","src/bot-worker.ts":"eba2ca17afbccf6bcf06c20eb8d2aa776a3157112c2ec3db922933a39c78d653","src/bots.ts":"450791148c7bb7c6c3d74dfa732917f51472c127abf2d32b9436376de3acc219","src/browser.ts":"dc29bcf9d10189bf92983344854970dcfb54b3366c25558d695d04e72e39dcdf","src/chinook-corpus.ts":"d38d8fc850c1d27d0e5d4b883bd87798278761a16ad5973dc78b3b3b867e08c8","src/chinook.ts":"97310193de9dda474899a027d3519bbd536db9ee2a6ca6530a7e218f7fe5f32a","src/core.ts":"516f8b970c8cd1298882b76b8e61552f74464ea4224207c304f436e2e3532c6b","src/draws.ts":"e256daaef8fb43b498e8adcb71a77451c55aa9b1c24fc0a44bc36ee613dda4d1","src/endgame.ts":"f9f6cea20233c09dbd4cc3cf1337300ecc0cd5b833674e94baa193d04db98821","src/international-corpus.ts":"356c00f5c25642a9393e73e16306f0e02bb31e10818e0cdcfd99e26534b84a8a","src/international-indexes.ts":"fb56f60992bbbb589bd4069d565672aba4f5a61227a5380a874e6001ee991625","src/international-search.ts":"67b4ba228bfbf4e122c65c3619a0d529be07a3e3423f1ad5c51227d5f99962ee","src/international-six-data.ts":"08566eb9e7c6d7b324ac3a26f72edf86f8b22634361ec052d099bdab88e851d6","src/international-six-indexes.ts":"641218fe08800d06c9ec0b592cbac46978cd0d64249cff4f32b32eff77797c99","src/international.ts":"832f0dc95b0d8ac14e61af29914796df3128856c1617dbd8c8c24d20319b21ce","src/moves.ts":"d4ea90d730fb1add4f3d8fb98401fb9030a3e1e5ab83eb209b4a7839bd0044e1","src/play.template.html":"2d0345f395daa04b5bbe7153b4045bd2b553d28f0deaeaa689ad4aedc559dcef","src/retrograde.ts":"62ac9082dd82914f4a39e29d448b2e2defb03d2292090a110d747545052eca03","src/schema.ts":"416cb6ea418a0c71eb31e4cf8452bb16fbf455d23bd338a0326a76c22e0670ee","src/types.ts":"079cd5dbb2e20329bf386c3f506c3009534d2afce98804a1a999a239fe1cb16a","THIRD-PARTY-LICENSES.txt":"872acef306116e979ae43e6f20df09f3b040019ebbbcb2070d229f0ab5fe52f6","tsconfig.json":"fcc94a699ca26c01b4f9c4422dd4e5ab6811420993f5af01d9c6659549cd257c"},"sourceSha256After":"5ed2173b7264574565dd29ff14773236cac5a00833bf75df3de9e64a66451801","htmlBytesAfter":1390845993,"checks":[{"profile":"desktop","name":"disk load, no external assets and reduced motion","pass":true},{"profile":"desktop","name":"American standard board and complete hot-seat turn","pass":true},{"profile":"desktop","name":"multi-jump draft leaves the actual position unchanged","pass":true},{"profile":"desktop","name":"American crown ends the capture turn","pass":true},{"profile":"desktop","name":"International full maximum capture and promotion","pass":true},{"profile":"desktop","name":"International crown transit stays a man","pass":true},{"profile":"desktop","name":"pause/resume and optional exact deadline forfeit","pass":true},{"profile":"desktop","name":"winner/results and explicit next table","pass":true},{"profile":"desktop","name":"manual Strong move uses local full-corpus worker and preserves legal core choice","pass":true},{"profile":"desktop","name":"International actual2–5 corpus worker prepares offline and preserves pending input","pass":true},{"profile":"desktop","name":"International actual six-piece Strong worker reads original local blocks","pass":true},{"profile":"desktop","name":"consecutive bot turns reuse the prepared worker and pause cancels it","pass":true},{"profile":"desktop","name":"pause cancels worker before it can apply an old move","pass":true},{"profile":"desktop","name":"names remain text and hostile original IDs have finite public results","pass":true},{"profile":"desktop","name":"viewport fits both boards and all controls","pass":true},{"profile":"phone","name":"disk load, no external assets and reduced motion","pass":true},{"profile":"phone","name":"American standard board and complete hot-seat turn","pass":true},{"profile":"phone","name":"multi-jump draft leaves the actual position unchanged","pass":true},{"profile":"phone","name":"American crown ends the capture turn","pass":true},{"profile":"phone","name":"International full maximum capture and promotion","pass":true},{"profile":"phone","name":"International crown transit stays a man","pass":true},{"profile":"phone","name":"pause/resume and optional exact deadline forfeit","pass":true},{"profile":"phone","name":"winner/results and explicit next table","pass":true},{"profile":"phone","name":"manual Strong move uses local full-corpus worker and preserves legal core choice","pass":true},{"profile":"phone","name":"International actual2–5 corpus worker prepares offline and preserves pending input","pass":true},{"profile":"phone","name":"International actual six-piece Strong worker reads original local blocks","pass":true},{"profile":"phone","name":"consecutive bot turns reuse the prepared worker and pause cancels it","pass":true},{"profile":"phone","name":"pause cancels worker before it can apply an old move","pass":true},{"profile":"phone","name":"names remain text and hostile original IDs have finite public results","pass":true},{"profile":"phone","name":"viewport fits both boards and all controls","pass":true}],"totalChecks":30}
2026-10-09T00:39:26.4008527Z {"status":"PASS","stage":"browser","sourceCommit":"8b4bf64639d690247cb1929a0ad0ae25af11de70","elapsedSeconds":304.60821053000006}
2026-10-09T00:39:26.4146805Z ##[group]Run actions/upload-artifact@v4
2026-10-09T00:39:26.4147150Z with:
2026-10-09T00:39:26.4147463Z   name: G10-stage-browser-8b4bf64639d690247cb1929a0ad0ae25af11de70
2026-10-09T00:39:26.4148229Z   path: jobs/G10-checkers/.work-stage-browser.stdout
jobs/G10-checkers/.work/checks
jobs/G10-checkers/.work/browser
jobs/G10-checkers/.work/media

2026-10-09T00:39:26.4148895Z   if-no-files-found: error
2026-10-09T00:39:26.4149152Z   include-hidden-files: true
2026-10-09T00:39:26.4149411Z   retention-days: 7
2026-10-09T00:39:26.4149631Z   compression-level: 6
2026-10-09T00:39:26.4149851Z   overwrite: false
2026-10-09T00:39:26.4150048Z env:
2026-10-09T00:39:26.4150309Z   G10_SOURCE_COMMIT: 8b4bf64639d690247cb1929a0ad0ae25af11de70
2026-10-09T00:39:26.4150644Z ##[endgroup]
2026-10-09T00:39:26.5926145Z (node:5069) [DEP0040] DeprecationWarning: The `punycode` module is deprecated. Please use a userland alternative instead.
2026-10-09T00:39:26.5927118Z (Use `node --trace-deprecation ...` to show where the warning was created)
2026-10-09T00:39:26.6062591Z Multiple search paths detected. Calculating the least common ancestor of all paths
2026-10-09T00:39:26.6066772Z The least common ancestor is /home/runner/work/partybox-game-cores/partybox-game-cores/jobs/G10-checkers. This will be the root directory of the artifact
2026-10-09T00:39:26.6068332Z With the provided path, there will be 18 files uploaded
2026-10-09T00:39:26.6073092Z Artifact name is valid!
2026-10-09T00:39:26.6074290Z Root directory input is valid!
2026-10-09T00:39:26.9369884Z Beginning upload of artifact content to blob storage
2026-10-09T00:39:27.2721838Z (node:5069) [DEP0169] DeprecationWarning: `url.parse()` behavior is not standardized and prone to errors that have security implications. Use the WHATWG URL API instead. CVEs are not issued for `url.parse()` vulnerabilities.
2026-10-09T00:39:27.9315345Z Uploaded bytes 8388608
2026-10-09T00:39:27.9921488Z Uploaded bytes 8642922
2026-10-09T00:39:28.0494414Z Finished uploading artifact content to blob storage!
2026-10-09T00:39:28.0495530Z SHA256 digest of uploaded artifact zip is 5cb879b8367d3eaa6ae5e5fd6f9249f06a65fa3dfb4583832a439a0d70649bca
2026-10-09T00:39:28.0497951Z Finalizing artifact upload
2026-10-09T00:39:28.3220078Z Artifact G10-stage-browser-8b4bf64639d690247cb1929a0ad0ae25af11de70.zip successfully finalized. Artifact ID 11588411120
2026-10-09T00:39:28.3222397Z Artifact G10-stage-browser-8b4bf64639d690247cb1929a0ad0ae25af11de70 has been successfully uploaded! Final size is 8642922 bytes. Artifact ID is 11588411120
2026-10-09T00:39:28.3227766Z Artifact download URL: https://github.com/luisitin/partybox-game-cores/actions/runs/37865331876/artifacts/11588411120
2026-10-09T00:39:28.3422441Z Post job cleanup.
2026-10-09T00:39:28.4636825Z (node:5083) [DEP0040] DeprecationWarning: The `punycode` module is deprecated. Please use a userland alternative instead.
2026-10-09T00:39:28.4638256Z (Use `node --trace-deprecation ...` to show where the warning was created)
2026-10-09T00:39:28.4641440Z Cache hit occurred on the primary key node-cache-Linux-x64-npm-b79e3f2344d4218dbbb2f93f566da8e1ac49738aa1184813b150890d461d0c8a, not saving cache.
2026-10-09T00:39:28.4778089Z Post job cleanup.
2026-10-09T00:39:28.5625809Z [command]/usr/bin/git version
2026-10-09T00:39:28.5670029Z git version 2.55.0
2026-10-09T00:39:28.5718840Z Temporarily overriding HOME='/home/runner/work/_temp/26223eeb-6f27-4d65-940e-f978cf7532c5' before making global git config changes
2026-10-09T00:39:28.5720364Z Adding repository directory to the temporary git global config as a safe directory
2026-10-09T00:39:28.5724894Z [command]/usr/bin/git config --global --add safe.directory /home/runner/work/partybox-game-cores/partybox-game-cores
2026-10-09T00:39:28.5765371Z [command]/usr/bin/git config --local --name-only --get-regexp core\.sshCommand
2026-10-09T00:39:28.5803261Z [command]/usr/bin/git submodule foreach --recursive sh -c "git config --local --name-only --get-regexp 'core\.sshCommand' && git config --local --unset-all 'core.sshCommand' || :"
2026-10-09T00:39:28.6058386Z [command]/usr/bin/git config --local --name-only --get-regexp http\.https\:\/\/github\.com\/\.extraheader
2026-10-09T00:39:28.6082365Z http.https://github.com/.extraheader
2026-10-09T00:39:28.6094355Z [command]/usr/bin/git config --local --unset-all http.https://github.com/.extraheader
2026-10-09T00:39:28.6130929Z [command]/usr/bin/git submodule foreach --recursive sh -c "git config --local --name-only --get-regexp 'http\.https\:\/\/github\.com\/\.extraheader' && git config --local --unset-all 'http.https://github.com/.extraheader' || :"
2026-10-09T00:39:28.6417041Z [command]/usr/bin/git config --local --name-only --get-regexp ^includeIf\.gitdir:
2026-10-09T00:39:28.6468935Z [command]/usr/bin/git submodule foreach --recursive git config --local --show-origin --name-only --get-regexp remote.origin.url
2026-10-09T00:39:28.6927914Z Cleaning up orphan processes
2026-10-09T00:39:28.7260845Z ##[warning]Node.js 20 is deprecated. The following actions target Node.js 20 but are being forced to run on Node.js 24: actions/checkout@v4, actions/setup-node@v4, actions/upload-artifact@v4. For more information see: https://github.blog/changelog/2025-09-19-deprecation-of-node-20-on-github-actions-runners/

