2026-10-09T00:32:52.9644701Z Current runner version: '2.337.0'
2026-10-09T00:32:52.9660369Z ##[group]Runner Image Provisioner
2026-10-09T00:32:52.9660916Z Hosted Compute Agent
2026-10-09T00:32:52.9661353Z Version: 20261002.596
2026-10-09T00:32:52.9661715Z Commit: c3d12f3313a95f25162a1503be624f3b0617f8c0
2026-10-09T00:32:52.9662118Z Build Date: 2026-10-02T22:28:27Z
2026-10-09T00:32:52.9662561Z Worker ID: {f0dc26bc-b13e-4f42-9d4a-b657bae3fb1c}
2026-10-09T00:32:52.9662996Z Region: centralus
2026-10-09T00:32:52.9663339Z Cloud: Azure
2026-10-09T00:32:52.9663662Z ##[endgroup]
2026-10-09T00:32:52.9664379Z ##[group]Operating System
2026-10-09T00:32:52.9664776Z Ubuntu
2026-10-09T00:32:52.9665115Z 24.04.5
2026-10-09T00:32:52.9665464Z LTS
2026-10-09T00:32:52.9665777Z ##[endgroup]
2026-10-09T00:32:52.9666094Z ##[group]Runner Image
2026-10-09T00:32:52.9666465Z Image: ubuntu-24.04
2026-10-09T00:32:52.9666826Z Version: 20261004.327.1
2026-10-09T00:32:52.9667586Z Included Software: https://github.com/actions/runner-images/blob/ubuntu24/20261004.327/images/ubuntu/Ubuntu2404-Readme.md
2026-10-09T00:32:52.9668619Z Image Release: https://github.com/actions/runner-images/releases/tag/ubuntu24%2F20261004.327
2026-10-09T00:32:52.9669266Z ##[endgroup]
2026-10-09T00:32:52.9669935Z ##[group]GITHUB_TOKEN Permissions
2026-10-09T00:32:52.9671103Z Contents: read
2026-10-09T00:32:52.9671437Z Metadata: read
2026-10-09T00:32:52.9671760Z ##[endgroup]
2026-10-09T00:32:52.9673120Z Secret source: Actions
2026-10-09T00:32:52.9673644Z Cache mode: write
2026-10-09T00:32:52.9674110Z Prepare workflow directory
2026-10-09T00:32:53.0003540Z Prepare all required actions
2026-10-09T00:32:53.0034475Z Getting action download info
2026-10-09T00:32:53.2282657Z Download action repository 'actions/checkout@v4' (SHA:11d5960a326750d5838078e36cf38b85af677262)
2026-10-09T00:32:53.3037651Z Download action repository 'actions/setup-node@v4' (SHA:49933ea5288caeca8642d1e84afbd3f7d6820020)
2026-10-09T00:32:53.3954295Z Download action repository 'actions/upload-artifact@v4' (SHA:ea165f8d65b6e75b540449e92b4886f43607fa02)
2026-10-09T00:32:53.5730307Z Complete job name: checks (node)
2026-10-09T00:32:53.6131094Z ##[group]Run actions/checkout@v4
2026-10-09T00:32:53.6131474Z with:
2026-10-09T00:32:53.6131719Z   ref: 8b4bf64639d690247cb1929a0ad0ae25af11de70
2026-10-09T00:32:53.6132049Z   repository: luisitin/partybox-game-cores
2026-10-09T00:32:53.6134015Z   token: ***
2026-10-09T00:32:53.6134236Z   ssh-strict: true
2026-10-09T00:32:53.6134459Z   ssh-user: git
2026-10-09T00:32:53.6134724Z   persist-credentials: true
2026-10-09T00:32:53.6134973Z   clean: true
2026-10-09T00:32:53.6135207Z   sparse-checkout-cone-mode: true
2026-10-09T00:32:53.6135478Z   fetch-depth: 1
2026-10-09T00:32:53.6135700Z   fetch-tags: false
2026-10-09T00:32:53.6135932Z   show-progress: true
2026-10-09T00:32:53.6136163Z   lfs: false
2026-10-09T00:32:53.6136375Z   submodules: false
2026-10-09T00:32:53.6136606Z   set-safe-directory: true
2026-10-09T00:32:53.6136867Z   allow-unsafe-pr-checkout: false
2026-10-09T00:32:53.6137199Z env:
2026-10-09T00:32:53.6137513Z   G10_SOURCE_COMMIT: 8b4bf64639d690247cb1929a0ad0ae25af11de70
2026-10-09T00:32:53.6137843Z ##[endgroup]
2026-10-09T00:32:53.6781008Z Syncing repository: luisitin/partybox-game-cores
2026-10-09T00:32:53.6782596Z ##[group]Getting Git version info
2026-10-09T00:32:53.6783293Z Working directory is '/home/runner/work/partybox-game-cores/partybox-game-cores'
2026-10-09T00:32:53.6784298Z [command]/usr/bin/git version
2026-10-09T00:32:53.6851726Z git version 2.55.0
2026-10-09T00:32:53.6864476Z ##[endgroup]
2026-10-09T00:32:53.6873714Z Temporarily overriding HOME='/home/runner/work/_temp/5976849b-5bcc-4290-8710-323e8edb852d' before making global git config changes
2026-10-09T00:32:53.6874986Z Adding repository directory to the temporary git global config as a safe directory
2026-10-09T00:32:53.6876926Z [command]/usr/bin/git config --global --add safe.directory /home/runner/work/partybox-game-cores/partybox-game-cores
2026-10-09T00:32:53.6917412Z Deleting the contents of '/home/runner/work/partybox-game-cores/partybox-game-cores'
2026-10-09T00:32:53.6920520Z ##[group]Initializing the repository
2026-10-09T00:32:53.6923031Z [command]/usr/bin/git init /home/runner/work/partybox-game-cores/partybox-game-cores
2026-10-09T00:32:53.7020164Z hint: Using 'master' as the name for the initial branch. This default branch name
2026-10-09T00:32:53.7021019Z hint: will change to "main" in Git 3.0. To configure the initial branch name
2026-10-09T00:32:53.7021843Z hint: to use in all of your new repositories, which will suppress this warning,
2026-10-09T00:32:53.7022487Z hint: call:
2026-10-09T00:32:53.7022829Z hint:
2026-10-09T00:32:53.7023305Z hint: 	git config --global init.defaultBranch <name>
2026-10-09T00:32:53.7023837Z hint:
2026-10-09T00:32:53.7024325Z hint: Names commonly chosen instead of 'master' are 'main', 'trunk' and
2026-10-09T00:32:53.7025135Z hint: 'development'. The just-created branch can be renamed via this command:
2026-10-09T00:32:53.7025781Z hint:
2026-10-09T00:32:53.7026142Z hint: 	git branch -m <name>
2026-10-09T00:32:53.7026565Z hint:
2026-10-09T00:32:53.7027108Z hint: Disable this message with "git config set advice.defaultBranchName false"
2026-10-09T00:32:53.7028249Z Initialized empty Git repository in /home/runner/work/partybox-game-cores/partybox-game-cores/.git/
2026-10-09T00:32:53.7031222Z [command]/usr/bin/git remote add origin https://github.com/luisitin/partybox-game-cores
2026-10-09T00:32:53.7078395Z ##[endgroup]
2026-10-09T00:32:53.7079213Z ##[group]Disabling automatic garbage collection
2026-10-09T00:32:53.7081701Z [command]/usr/bin/git config --local gc.auto 0
2026-10-09T00:32:53.7108082Z ##[endgroup]
2026-10-09T00:32:53.7108898Z ##[group]Setting up auth
2026-10-09T00:32:53.7113582Z [command]/usr/bin/git config --local --name-only --get-regexp core\.sshCommand
2026-10-09T00:32:53.7141664Z [command]/usr/bin/git submodule foreach --recursive sh -c "git config --local --name-only --get-regexp 'core\.sshCommand' && git config --local --unset-all 'core.sshCommand' || :"
2026-10-09T00:32:53.7444578Z [command]/usr/bin/git config --local --name-only --get-regexp http\.https\:\/\/github\.com\/\.extraheader
2026-10-09T00:32:53.7472351Z [command]/usr/bin/git submodule foreach --recursive sh -c "git config --local --name-only --get-regexp 'http\.https\:\/\/github\.com\/\.extraheader' && git config --local --unset-all 'http.https://github.com/.extraheader' || :"
2026-10-09T00:32:53.7644620Z [command]/usr/bin/git config --local --name-only --get-regexp ^includeIf\.gitdir:
2026-10-09T00:32:53.7671747Z [command]/usr/bin/git submodule foreach --recursive git config --local --show-origin --name-only --get-regexp remote.origin.url
2026-10-09T00:32:53.7839566Z [command]/usr/bin/git config --local http.https://github.com/.extraheader AUTHORIZATION: basic ***
2026-10-09T00:32:53.7871528Z ##[endgroup]
2026-10-09T00:32:53.7872126Z ##[group]Fetching the repository
2026-10-09T00:32:53.7877289Z [command]/usr/bin/git -c protocol.version=2 fetch --no-tags --prune --no-recurse-submodules --depth=1 origin 8b4bf64639d690247cb1929a0ad0ae25af11de70
2026-10-09T00:33:12.7163862Z From https://github.com/luisitin/partybox-game-cores
2026-10-09T00:33:12.7164443Z  * branch            8b4bf64639d690247cb1929a0ad0ae25af11de70 -> FETCH_HEAD
2026-10-09T00:33:12.7166498Z ##[endgroup]
2026-10-09T00:33:12.7166954Z ##[group]Determining the checkout info
2026-10-09T00:33:12.7168365Z ##[endgroup]
2026-10-09T00:33:12.7173468Z [command]/usr/bin/git sparse-checkout disable
2026-10-09T00:33:12.7224622Z [command]/usr/bin/git config --local --unset-all extensions.worktreeConfig
2026-10-09T00:33:12.7251333Z ##[group]Checking out the ref
2026-10-09T00:33:12.7253506Z [command]/usr/bin/git checkout --progress --force 8b4bf64639d690247cb1929a0ad0ae25af11de70
2026-10-09T00:33:14.3821426Z Updating files:  10% (189/1801)
2026-10-09T00:33:14.7619551Z Updating files:  11% (199/1801)
2026-10-09T00:33:15.2290905Z Updating files:  11% (204/1801)
2026-10-09T00:33:15.8234768Z Updating files:  12% (217/1801)
2026-10-09T00:33:16.2095733Z Updating files:  12% (225/1801)
2026-10-09T00:33:16.8279769Z Updating files:  13% (235/1801)
2026-10-09T00:33:17.0070962Z Updating files:  13% (244/1801)
2026-10-09T00:33:17.1865981Z Updating files:  14% (253/1801)
2026-10-09T00:33:17.1872068Z Updating files:  15% (271/1801)
2026-10-09T00:33:17.1880848Z Updating files:  16% (289/1801)
2026-10-09T00:33:17.1961214Z Updating files:  17% (307/1801)
2026-10-09T00:33:17.2034195Z Updating files:  18% (325/1801)
2026-10-09T00:33:17.2040076Z Updating files:  19% (343/1801)
2026-10-09T00:33:17.2157473Z Updating files:  20% (361/1801)
2026-10-09T00:33:17.2171656Z Updating files:  21% (379/1801)
2026-10-09T00:33:17.2179298Z Updating files:  22% (397/1801)
2026-10-09T00:33:17.2184160Z Updating files:  23% (415/1801)
2026-10-09T00:33:17.2200078Z Updating files:  24% (433/1801)
2026-10-09T00:33:17.2210974Z Updating files:  25% (451/1801)
2026-10-09T00:33:17.2220058Z Updating files:  26% (469/1801)
2026-10-09T00:33:17.2229095Z Updating files:  27% (487/1801)
2026-10-09T00:33:17.2237455Z Updating files:  28% (505/1801)
2026-10-09T00:33:17.2244021Z Updating files:  29% (523/1801)
2026-10-09T00:33:17.2299732Z Updating files:  30% (541/1801)
2026-10-09T00:33:17.2309869Z Updating files:  31% (559/1801)
2026-10-09T00:33:17.2552550Z Updating files:  32% (577/1801)
2026-10-09T00:33:17.2559551Z Updating files:  33% (595/1801)
2026-10-09T00:33:17.2622326Z Updating files:  34% (613/1801)
2026-10-09T00:33:17.2753837Z Updating files:  35% (631/1801)
2026-10-09T00:33:17.2885242Z Updating files:  36% (649/1801)
2026-10-09T00:33:17.2893705Z Updating files:  37% (667/1801)
2026-10-09T00:33:17.2900585Z Updating files:  38% (685/1801)
2026-10-09T00:33:17.3026488Z Updating files:  39% (703/1801)
2026-10-09T00:33:17.3038597Z Updating files:  40% (721/1801)
2026-10-09T00:33:17.3046414Z Updating files:  41% (739/1801)
2026-10-09T00:33:17.3084560Z Updating files:  42% (757/1801)
2026-10-09T00:33:17.3094951Z Updating files:  43% (775/1801)
2026-10-09T00:33:17.3100438Z Updating files:  44% (793/1801)
2026-10-09T00:33:17.3115848Z Updating files:  45% (811/1801)
2026-10-09T00:33:17.3216070Z Updating files:  46% (829/1801)
2026-10-09T00:33:17.3332948Z Updating files:  47% (847/1801)
2026-10-09T00:33:17.3392078Z Updating files:  48% (865/1801)
2026-10-09T00:33:17.3548158Z Updating files:  49% (883/1801)
2026-10-09T00:33:17.3589093Z Updating files:  50% (901/1801)
2026-10-09T00:33:17.3601969Z Updating files:  51% (919/1801)
2026-10-09T00:33:17.3616056Z Updating files:  52% (937/1801)
2026-10-09T00:33:17.3648787Z Updating files:  53% (955/1801)
2026-10-09T00:33:17.3683468Z Updating files:  54% (973/1801)
2026-10-09T00:33:17.3699688Z Updating files:  55% (991/1801)
2026-10-09T00:33:17.3722195Z Updating files:  56% (1009/1801)
2026-10-09T00:33:17.3756109Z Updating files:  57% (1027/1801)
2026-10-09T00:33:17.3790463Z Updating files:  58% (1045/1801)
2026-10-09T00:33:17.3827635Z Updating files:  59% (1063/1801)
2026-10-09T00:33:17.3843606Z Updating files:  60% (1081/1801)
2026-10-09T00:33:17.3861330Z Updating files:  61% (1099/1801)
2026-10-09T00:33:17.3883934Z Updating files:  62% (1117/1801)
2026-10-09T00:33:17.3908086Z Updating files:  63% (1135/1801)
2026-10-09T00:33:17.3936263Z Updating files:  64% (1153/1801)
2026-10-09T00:33:17.3965411Z Updating files:  65% (1171/1801)
2026-10-09T00:33:17.3982200Z Updating files:  66% (1189/1801)
2026-10-09T00:33:17.4005283Z Updating files:  67% (1207/1801)
2026-10-09T00:33:17.4031584Z Updating files:  68% (1225/1801)
2026-10-09T00:33:17.4071081Z Updating files:  69% (1243/1801)
2026-10-09T00:33:17.4095266Z Updating files:  70% (1261/1801)
2026-10-09T00:33:17.4103071Z Updating files:  71% (1279/1801)
2026-10-09T00:33:17.4113529Z Updating files:  72% (1297/1801)
2026-10-09T00:33:17.4124664Z Updating files:  73% (1315/1801)
2026-10-09T00:33:17.4131289Z Updating files:  74% (1333/1801)
2026-10-09T00:33:17.4137146Z Updating files:  75% (1351/1801)
2026-10-09T00:33:17.4142981Z Updating files:  76% (1369/1801)
2026-10-09T00:33:17.4155274Z Updating files:  77% (1387/1801)
2026-10-09T00:33:17.4176886Z Updating files:  78% (1405/1801)
2026-10-09T00:33:17.4185062Z Updating files:  79% (1423/1801)
2026-10-09T00:33:17.4192580Z Updating files:  80% (1441/1801)
2026-10-09T00:33:17.4199127Z Updating files:  81% (1459/1801)
2026-10-09T00:33:17.4205305Z Updating files:  82% (1477/1801)
2026-10-09T00:33:17.4211883Z Updating files:  83% (1495/1801)
2026-10-09T00:33:17.4230309Z Updating files:  84% (1513/1801)
2026-10-09T00:33:17.4236193Z Updating files:  85% (1531/1801)
2026-10-09T00:33:17.4243053Z Updating files:  86% (1549/1801)
2026-10-09T00:33:17.4248383Z Updating files:  87% (1567/1801)
2026-10-09T00:33:17.4253155Z Updating files:  88% (1585/1801)
2026-10-09T00:33:17.4264490Z Updating files:  89% (1603/1801)
2026-10-09T00:33:17.4275693Z Updating files:  90% (1621/1801)
2026-10-09T00:33:17.4305176Z Updating files:  91% (1639/1801)
2026-10-09T00:33:17.4389088Z Updating files:  92% (1657/1801)
2026-10-09T00:33:17.4410853Z Updating files:  93% (1675/1801)
2026-10-09T00:33:17.4583632Z Updating files:  94% (1693/1801)
2026-10-09T00:33:17.7017684Z Updating files:  95% (1711/1801)
2026-10-09T00:33:17.7022633Z Updating files:  96% (1729/1801)
2026-10-09T00:33:17.7030087Z Updating files:  97% (1747/1801)
2026-10-09T00:33:17.7037413Z Updating files:  98% (1765/1801)
2026-10-09T00:33:17.7044995Z Updating files:  99% (1783/1801)
2026-10-09T00:33:17.7045207Z Updating files: 100% (1801/1801)
2026-10-09T00:33:17.7045515Z Updating files: 100% (1801/1801), done.
2026-10-09T00:33:17.7062927Z Note: switching to '8b4bf64639d690247cb1929a0ad0ae25af11de70'.
2026-10-09T00:33:17.7063183Z 
2026-10-09T00:33:17.7063580Z You are in 'detached HEAD' state. You can look around, make experimental
2026-10-09T00:33:17.7063836Z changes and commit them, and you can discard any commits you make in this
2026-10-09T00:33:17.7064089Z state without impacting any branches by switching back to a branch.
2026-10-09T00:33:17.7064238Z 
2026-10-09T00:33:17.7064341Z If you want to create a new branch to retain commits you create, you may
2026-10-09T00:33:17.7064588Z do so (now or later) by using -c with the switch command. Example:
2026-10-09T00:33:17.7064934Z 
2026-10-09T00:33:17.7064999Z   git switch -c <new-branch-name>
2026-10-09T00:33:17.7065096Z 
2026-10-09T00:33:17.7065155Z Or undo this operation with:
2026-10-09T00:33:17.7065243Z 
2026-10-09T00:33:17.7065295Z   git switch -
2026-10-09T00:33:17.7065363Z 
2026-10-09T00:33:17.7065477Z Turn off this advice by setting config variable advice.detachedHead to false
2026-10-09T00:33:17.7065639Z 
2026-10-09T00:33:17.7065760Z HEAD is now at 8b4bf64 G10 verify complete source recovery and genuine startup output
2026-10-09T00:33:17.7192376Z ##[endgroup]
2026-10-09T00:33:17.7238312Z [command]/usr/bin/git log -1 --format=%H
2026-10-09T00:33:17.7261563Z 8b4bf64639d690247cb1929a0ad0ae25af11de70
2026-10-09T00:33:17.7456921Z ##[group]Run actions/setup-node@v4
2026-10-09T00:33:17.7457074Z with:
2026-10-09T00:33:17.7457188Z   node-version: 22.16.0
2026-10-09T00:33:17.7457312Z   cache: npm
2026-10-09T00:33:17.7457471Z   cache-dependency-path: jobs/G10-checkers/package-lock.json
2026-10-09T00:33:17.7457673Z   always-auth: false
2026-10-09T00:33:17.7457795Z   check-latest: false
2026-10-09T00:33:17.7459179Z   token: ***
2026-10-09T00:33:17.7459287Z env:
2026-10-09T00:33:17.7459434Z   G10_SOURCE_COMMIT: 8b4bf64639d690247cb1929a0ad0ae25af11de70
2026-10-09T00:33:17.7459617Z ##[endgroup]
2026-10-09T00:33:17.8286653Z Attempting to download 22.16.0...
2026-10-09T00:33:17.8351987Z (node:2075) [DEP0040] DeprecationWarning: The `punycode` module is deprecated. Please use a userland alternative instead.
2026-10-09T00:33:17.8352561Z (Use `node --trace-deprecation ...` to show where the warning was created)
2026-10-09T00:33:18.6005299Z Acquiring 22.16.0 - x64 from https://github.com/actions/node-versions/releases/download/22.16.0-15177438473/node-22.16.0-linux-x64.tar.gz
2026-10-09T00:33:19.0570496Z Extracting ...
2026-10-09T00:33:19.0643347Z [command]/usr/bin/tar xz --strip 1 --warning=no-unknown-keyword --overwrite -C /home/runner/work/_temp/579cc25b-1eb2-49e3-b6b5-148bae5416aa -f /home/runner/work/_temp/d38e96b3-2d77-4eb4-aff5-36630dddcb15
2026-10-09T00:33:19.9334129Z Adding to the cache ...
2026-10-09T00:33:22.0081232Z ##[group]Environment details
2026-10-09T00:33:22.1769786Z node: v22.16.0
2026-10-09T00:33:22.1770037Z npm: 10.9.2
2026-10-09T00:33:22.1770199Z yarn: 1.22.22
2026-10-09T00:33:22.1770651Z ##[endgroup]
2026-10-09T00:33:22.1781173Z [command]/opt/hostedtoolcache/node/22.16.0/x64/bin/npm config get cache
2026-10-09T00:33:22.2385889Z /home/runner/.npm
2026-10-09T00:33:22.3790662Z Cache hit for: node-cache-Linux-x64-npm-b79e3f2344d4218dbbb2f93f566da8e1ac49738aa1184813b150890d461d0c8a
2026-10-09T00:33:22.3856445Z (node:2075) [DEP0169] DeprecationWarning: `url.parse()` behavior is not standardized and prone to errors that have security implications. Use the WHATWG URL API instead. CVEs are not issued for `url.parse()` vulnerabilities.
2026-10-09T00:33:23.0801255Z Received 12676330 of 12676330 (100.0%), 22.1 MBs/sec
2026-10-09T00:33:23.0802153Z Cache Size: ~12 MB (12676330 B)
2026-10-09T00:33:23.0886852Z [command]/usr/bin/tar -xf /home/runner/work/_temp/bf5f1312-7813-410f-b730-6ecc0331b17b/cache.tzst -P -C /home/runner/work/partybox-game-cores/partybox-game-cores --use-compress-program unzstd
2026-10-09T00:33:23.1063852Z Cache restored successfully
2026-10-09T00:33:23.1072248Z Cache restored from key: node-cache-Linux-x64-npm-b79e3f2344d4218dbbb2f93f566da8e1ac49738aa1184813b150890d461d0c8a
2026-10-09T00:33:23.1215731Z ##[group]Run npm ci --ignore-scripts --no-audit --no-fund
2026-10-09T00:33:23.1216005Z [36;1mnpm ci --ignore-scripts --no-audit --no-fund[0m
2026-10-09T00:33:23.1439658Z shell: /usr/bin/bash -e {0}
2026-10-09T00:33:23.1439815Z env:
2026-10-09T00:33:23.1439975Z   G10_SOURCE_COMMIT: 8b4bf64639d690247cb1929a0ad0ae25af11de70
2026-10-09T00:33:23.1440164Z ##[endgroup]
2026-10-09T00:33:23.6690580Z 
2026-10-09T00:33:23.6695550Z added 6 packages in 487ms
2026-10-09T00:33:23.7524628Z ##[group]Run if [ -f /etc/apt/apt-mirrors.txt ]; then
2026-10-09T00:33:23.7524889Z [36;1mif [ -f /etc/apt/apt-mirrors.txt ]; then[0m
2026-10-09T00:33:23.7525243Z [36;1m  sudo sed -i 's#http://azure.archive.ubuntu.com/ubuntu#https://archive.ubuntu.com/ubuntu#g' /etc/apt/apt-mirrors.txt[0m
2026-10-09T00:33:23.7525546Z [36;1mfi[0m
2026-10-09T00:33:23.7581149Z shell: /usr/bin/bash -e {0}
2026-10-09T00:33:23.7581298Z env:
2026-10-09T00:33:23.7581462Z   G10_SOURCE_COMMIT: 8b4bf64639d690247cb1929a0ad0ae25af11de70
2026-10-09T00:33:23.7581655Z ##[endgroup]
2026-10-09T00:33:24.0058241Z ##[group]Run sudo apt-get update
2026-10-09T00:33:24.0058431Z [36;1msudo apt-get update[0m
2026-10-09T00:33:24.0058826Z [36;1msudo apt-get install -y ffmpeg[0m
2026-10-09T00:33:24.0058998Z [36;1mffprobe -version[0m
2026-10-09T00:33:24.0059138Z [36;1mffmpeg -version[0m
2026-10-09T00:33:24.0110411Z shell: /usr/bin/bash -e {0}
2026-10-09T00:33:24.0110555Z env:
2026-10-09T00:33:24.0110707Z   G10_SOURCE_COMMIT: 8b4bf64639d690247cb1929a0ad0ae25af11de70
2026-10-09T00:33:24.0110896Z ##[endgroup]
2026-10-09T00:33:24.1718275Z Get:1 file:/etc/apt/apt-mirrors.txt Mirrorlist [139 B]
2026-10-09T00:33:24.2408932Z Get:6 https://packages.microsoft.com/ubuntu/24.04/prod noble InRelease [3600 B]
2026-10-09T00:33:24.2924305Z Get:7 https://packages.microsoft.com/ubuntu/24.04/prod noble/main amd64 Packages [531 kB]
2026-10-09T00:33:24.3315644Z Get:8 https://packages.microsoft.com/ubuntu/24.04/prod noble/main all Packages [640 B]
2026-10-09T00:33:24.3744170Z Get:9 https://packages.microsoft.com/ubuntu/24.04/prod noble/main arm64 Packages [474 kB]
2026-10-09T00:33:24.4234075Z Get:10 https://packages.microsoft.com/ubuntu/24.04/prod noble/main armhf Packages [12.3 kB]
2026-10-09T00:33:24.8609342Z Hit:2 https://archive.ubuntu.com/ubuntu noble InRelease
2026-10-09T00:33:24.9720082Z Get:3 https://archive.ubuntu.com/ubuntu noble-updates InRelease [126 kB]
2026-10-09T00:33:25.4403073Z Get:4 https://archive.ubuntu.com/ubuntu noble-backports InRelease [126 kB]
2026-10-09T00:33:25.6891036Z Get:5 https://archive.ubuntu.com/ubuntu noble-security InRelease [126 kB]
2026-10-09T00:33:25.9285966Z Get:11 https://archive.ubuntu.com/ubuntu noble-updates/main amd64 Packages [1375 kB]
2026-10-09T00:33:26.4645544Z Get:12 https://archive.ubuntu.com/ubuntu noble-updates/main Translation-en [306 kB]
2026-10-09T00:33:26.7027882Z Get:13 https://archive.ubuntu.com/ubuntu noble-updates/universe amd64 Packages [1702 kB]
2026-10-09T00:33:27.0711257Z Get:14 https://archive.ubuntu.com/ubuntu noble-updates/universe Translation-en [342 kB]
2026-10-09T00:33:27.1903108Z Get:15 https://archive.ubuntu.com/ubuntu noble-updates/restricted amd64 Packages [1761 kB]
2026-10-09T00:33:27.4295231Z Get:16 https://archive.ubuntu.com/ubuntu noble-updates/restricted Translation-en [401 kB]
2026-10-09T00:33:27.5497177Z Get:17 https://archive.ubuntu.com/ubuntu noble-updates/multiverse amd64 Packages [55.0 kB]
2026-10-09T00:33:27.6688117Z Get:18 https://archive.ubuntu.com/ubuntu noble-updates/multiverse Translation-en [14.3 kB]
2026-10-09T00:33:27.7881036Z Get:19 https://archive.ubuntu.com/ubuntu noble-security/main amd64 Packages [1116 kB]
2026-10-09T00:33:28.0369934Z Get:20 https://archive.ubuntu.com/ubuntu noble-security/main Translation-en [228 kB]
2026-10-09T00:33:28.4319653Z Get:21 https://archive.ubuntu.com/ubuntu noble-security/universe amd64 Packages [1220 kB]
2026-10-09T00:33:28.5748995Z Get:22 https://archive.ubuntu.com/ubuntu noble-security/universe Translation-en [245 kB]
2026-10-09T00:33:28.7144329Z Get:23 https://archive.ubuntu.com/ubuntu noble-security/restricted amd64 Packages [1632 kB]
2026-10-09T00:33:28.9546428Z Get:24 https://archive.ubuntu.com/ubuntu noble-security/restricted Translation-en [376 kB]
2026-10-09T00:33:29.1626449Z Get:25 https://archive.ubuntu.com/ubuntu noble-security/multiverse Translation-en [11.6 kB]
2026-10-09T00:33:34.2619762Z Fetched 12.2 MB in 5s (2394 kB/s)
2026-10-09T00:33:34.7935893Z Reading package lists...
2026-10-09T00:33:34.8169629Z Reading package lists...
2026-10-09T00:33:34.9499685Z Building dependency tree...
2026-10-09T00:33:34.9505738Z Reading state information...
2026-10-09T00:33:35.0605106Z The following additional packages will be installed:
2026-10-09T00:33:35.0605609Z   i965-va-driver intel-media-va-driver libaacs0 libass9 libasyncns0
2026-10-09T00:33:35.0606057Z   libavc1394-0 libavcodec60 libavdevice60 libavfilter9 libavformat60
2026-10-09T00:33:35.0606473Z   libavutil58 libbdplus0 libblas3 libbluray2 libbs2b0 libcaca0
2026-10-09T00:33:35.0607519Z   libcdio-cdda2t64 libcdio-paranoia2t64 libcdio19t64 libchromaprint1 libcjson1
2026-10-09T00:33:35.0608006Z   libcodec2-1.2 libdav1d7 libdc1394-25 libdecor-0-0 libdecor-0-plugin-1-gtk
2026-10-09T00:33:35.0608680Z   libflac12t64 libflite1 libgme0 libgsm1 libhwy1t64 libiec61883-0 libigdgmm12
2026-10-09T00:33:35.0609162Z   libjack-jackd2-0 libjxl0.7 liblapack3 liblilv-0-0 libmbedcrypto7t64
2026-10-09T00:33:35.0609583Z   libmp3lame0 libmpg123-0t64 libmysofa1 libopenal-data libopenal1
2026-10-09T00:33:35.0609978Z   libopenmpt0t64 libopus0 libplacebo338 libpocketsphinx3 libpostproc57
2026-10-09T00:33:35.0610265Z   libpulse0 librav1e0 libraw1394-11 librist4 librsvg2-2 librsvg2-common
2026-10-09T00:33:35.0610541Z   librubberband2 libsamplerate0 libsdl2-2.0-0 libserd-0-0 libshine3
2026-10-09T00:33:35.0610818Z   libsndfile1 libsndio7.0 libsord-0-0 libsoxr0 libspeex1 libsphinxbase3t64
2026-10-09T00:33:35.0611099Z   libsratom-0-0 libsrt1.5-gnutls libssh-gcrypt-4 libsvtav1enc1d1
2026-10-09T00:33:35.0611383Z   libswresample4 libswscale7 libtheora0 libtwolame0 libudfread0 libunibreak5
2026-10-09T00:33:35.0611681Z   libva-drm2 libva-x11-2 libva2 libvdpau1 libvidstab1.1 libvorbisenc2 libvpl2
2026-10-09T00:33:35.0611978Z   libvpx9 libx264-164 libx265-199 libxcb-shape0 libxv1 libxvidcore4 libzimg2
2026-10-09T00:33:35.0612266Z   libzix-0-0 libzvbi-common libzvbi0t64 mesa-va-drivers mesa-vdpau-drivers
2026-10-09T00:33:35.0612558Z   ocl-icd-libopencl1 pocketsphinx-en-us va-driver-all vdpau-driver-all
2026-10-09T00:33:35.0613641Z Suggested packages:
2026-10-09T00:33:35.0613967Z   ffmpeg-doc i965-va-driver-shaders libcuda1 libnvcuvid1 libnvidia-encode1
2026-10-09T00:33:35.0614541Z   libbluray-bdj jackd2 libportaudio2 opus-tools pulseaudio libraw1394-doc
2026-10-09T00:33:35.0614822Z   librsvg2-bin serdi sndiod sordi speex opencl-icd libvdpau-va-gl1
2026-10-09T00:33:35.0938125Z The following NEW packages will be installed:
2026-10-09T00:33:35.0938709Z   ffmpeg i965-va-driver intel-media-va-driver libaacs0 libass9 libasyncns0
2026-10-09T00:33:35.0939230Z   libavc1394-0 libavcodec60 libavdevice60 libavfilter9 libavformat60
2026-10-09T00:33:35.0939640Z   libavutil58 libbdplus0 libblas3 libbluray2 libbs2b0 libcaca0
2026-10-09T00:33:35.0940077Z   libcdio-cdda2t64 libcdio-paranoia2t64 libcdio19t64 libchromaprint1 libcjson1
2026-10-09T00:33:35.0940539Z   libcodec2-1.2 libdav1d7 libdc1394-25 libdecor-0-0 libdecor-0-plugin-1-gtk
2026-10-09T00:33:35.0941048Z   libflac12t64 libflite1 libgme0 libgsm1 libhwy1t64 libiec61883-0 libigdgmm12
2026-10-09T00:33:35.0941487Z   libjack-jackd2-0 libjxl0.7 liblapack3 liblilv-0-0 libmbedcrypto7t64
2026-10-09T00:33:35.0941909Z   libmp3lame0 libmpg123-0t64 libmysofa1 libopenal-data libopenal1
2026-10-09T00:33:35.0942336Z   libopenmpt0t64 libopus0 libplacebo338 libpocketsphinx3 libpostproc57
2026-10-09T00:33:35.0942785Z   libpulse0 librav1e0 libraw1394-11 librist4 librsvg2-2 librsvg2-common
2026-10-09T00:33:35.0949404Z   librubberband2 libsamplerate0 libsdl2-2.0-0 libserd-0-0 libshine3
2026-10-09T00:33:35.0949912Z   libsndfile1 libsndio7.0 libsord-0-0 libsoxr0 libspeex1 libsphinxbase3t64
2026-10-09T00:33:35.0950377Z   libsratom-0-0 libsrt1.5-gnutls libssh-gcrypt-4 libsvtav1enc1d1
2026-10-09T00:33:35.0950839Z   libswresample4 libswscale7 libtheora0 libtwolame0 libudfread0 libunibreak5
2026-10-09T00:33:35.0951330Z   libva-drm2 libva-x11-2 libva2 libvdpau1 libvidstab1.1 libvorbisenc2 libvpl2
2026-10-09T00:33:35.0951817Z   libvpx9 libx264-164 libx265-199 libxcb-shape0 libxv1 libxvidcore4 libzimg2
2026-10-09T00:33:35.0952320Z   libzix-0-0 libzvbi-common libzvbi0t64 mesa-va-drivers mesa-vdpau-drivers
2026-10-09T00:33:35.0952835Z   ocl-icd-libopencl1 pocketsphinx-en-us va-driver-all vdpau-driver-all
2026-10-09T00:33:35.1099726Z 0 upgraded, 99 newly installed, 0 to remove and 23 not upgraded.
2026-10-09T00:33:35.1100109Z Need to get 94.1 MB of archives.
2026-10-09T00:33:35.1100391Z After this operation, 227 MB of additional disk space will be used.
2026-10-09T00:33:35.1100666Z Get:1 file:/etc/apt/apt-mirrors.txt Mirrorlist [139 B]
2026-10-09T00:33:35.4129162Z Get:2 https://archive.ubuntu.com/ubuntu noble-updates/universe amd64 libva2 amd64 2.20.0-2ubuntu0.2 [66.4 kB]
2026-10-09T00:33:35.5180616Z Get:3 https://archive.ubuntu.com/ubuntu noble-updates/universe amd64 libva-drm2 amd64 2.20.0-2ubuntu0.2 [7124 B]
2026-10-09T00:33:35.5587070Z Get:4 https://archive.ubuntu.com/ubuntu noble-updates/universe amd64 libva-x11-2 amd64 2.20.0-2ubuntu0.2 [12.0 kB]
2026-10-09T00:33:35.6245306Z Get:5 https://archive.ubuntu.com/ubuntu noble/main amd64 libvdpau1 amd64 1.5-2build1 [27.8 kB]
2026-10-09T00:33:35.6637599Z Get:6 https://archive.ubuntu.com/ubuntu noble/universe amd64 libvpl2 amd64 2023.3.0-1build1 [99.8 kB]
2026-10-09T00:33:35.7313991Z Get:7 https://archive.ubuntu.com/ubuntu noble/universe amd64 ocl-icd-libopencl1 amd64 2.3.2-1build1 [38.5 kB]
2026-10-09T00:33:35.7682401Z Get:8 https://archive.ubuntu.com/ubuntu noble/universe amd64 libavutil58 amd64 7:6.1.1-3ubuntu5 [401 kB]
2026-10-09T00:33:35.8683962Z Get:9 https://archive.ubuntu.com/ubuntu noble/universe amd64 libcodec2-1.2 amd64 1.2.0-2build1 [8998 kB]
2026-10-09T00:33:36.1437272Z Get:10 https://archive.ubuntu.com/ubuntu noble/universe amd64 libdav1d7 amd64 1.4.1-1build1 [604 kB]
2026-10-09T00:33:36.1805386Z Get:11 https://archive.ubuntu.com/ubuntu noble/universe amd64 libgsm1 amd64 1.0.22-1build1 [27.8 kB]
2026-10-09T00:33:36.2134535Z Get:12 https://archive.ubuntu.com/ubuntu noble/universe amd64 libhwy1t64 amd64 1.0.7-8.1build1 [584 kB]
2026-10-09T00:33:36.2503681Z Get:13 https://archive.ubuntu.com/ubuntu noble-updates/universe amd64 libjxl0.7 amd64 0.7.0-10.2ubuntu6.1 [1001 kB]
2026-10-09T00:33:36.2989529Z Get:14 https://archive.ubuntu.com/ubuntu noble/main amd64 libmp3lame0 amd64 3.100-6build1 [142 kB]
2026-10-09T00:33:36.3321249Z Get:15 https://archive.ubuntu.com/ubuntu noble/main amd64 libopus0 amd64 1.4-1build1 [208 kB]
2026-10-09T00:33:36.3655902Z Get:16 https://archive.ubuntu.com/ubuntu noble/universe amd64 librav1e0 amd64 0.7.1-2 [1022 kB]
2026-10-09T00:33:36.4025233Z Get:17 https://archive.ubuntu.com/ubuntu noble-updates/main amd64 librsvg2-2 amd64 2.58.0+dfsg-1ubuntu0.1 [2141 kB]
2026-10-09T00:33:36.4441769Z Get:18 https://archive.ubuntu.com/ubuntu noble/universe amd64 libshine3 amd64 3.1.1-2build1 [23.2 kB]
2026-10-09T00:33:36.4783399Z Get:19 https://archive.ubuntu.com/ubuntu noble-updates/main amd64 libspeex1 amd64 1.2.1-2ubuntu2.24.04.1 [59.6 kB]
2026-10-09T00:33:36.5111904Z Get:20 https://archive.ubuntu.com/ubuntu noble/universe amd64 libsvtav1enc1d1 amd64 1.7.0+dfsg-2build1 [2425 kB]
2026-10-09T00:33:36.6273834Z Get:21 https://archive.ubuntu.com/ubuntu noble/universe amd64 libsoxr0 amd64 0.1.3-4build3 [80.0 kB]
2026-10-09T00:33:36.6603768Z Get:22 https://archive.ubuntu.com/ubuntu noble/universe amd64 libswresample4 amd64 7:6.1.1-3ubuntu5 [63.8 kB]
2026-10-09T00:33:36.6933611Z Get:23 https://archive.ubuntu.com/ubuntu noble/main amd64 libtheora0 amd64 1.1.1+dfsg.1-16.1build3 [211 kB]
2026-10-09T00:33:36.7269012Z Get:24 https://archive.ubuntu.com/ubuntu noble/main amd64 libtwolame0 amd64 0.4.0-2build3 [52.3 kB]
2026-10-09T00:33:36.7597103Z Get:25 https://archive.ubuntu.com/ubuntu noble/main amd64 libvorbisenc2 amd64 1.3.7-1build3 [80.8 kB]
2026-10-09T00:33:36.7925898Z Get:26 https://archive.ubuntu.com/ubuntu noble-updates/main amd64 libvpx9 amd64 1.14.0-1ubuntu2.3 [1143 kB]
2026-10-09T00:33:36.8301092Z Get:27 https://archive.ubuntu.com/ubuntu noble/universe amd64 libx264-164 amd64 2:0.164.3108+git31e19f9-1 [604 kB]
2026-10-09T00:33:36.8652544Z Get:28 https://archive.ubuntu.com/ubuntu noble/universe amd64 libx265-199 amd64 3.5-2build1 [1226 kB]
2026-10-09T00:33:36.9030356Z Get:29 https://archive.ubuntu.com/ubuntu noble/universe amd64 libxvidcore4 amd64 2:1.3.7-1build1 [219 kB]
2026-10-09T00:33:36.9365375Z Get:30 https://archive.ubuntu.com/ubuntu noble/universe amd64 libzvbi-common all 0.2.42-2 [42.4 kB]
2026-10-09T00:33:36.9692840Z Get:31 https://archive.ubuntu.com/ubuntu noble/universe amd64 libzvbi0t64 amd64 0.2.42-2 [261 kB]
2026-10-09T00:33:37.0030374Z Get:32 https://archive.ubuntu.com/ubuntu noble/universe amd64 libavcodec60 amd64 7:6.1.1-3ubuntu5 [5851 kB]
2026-10-09T00:33:37.0710738Z Get:33 https://archive.ubuntu.com/ubuntu noble/main amd64 libraw1394-11 amd64 2.1.2-2build3 [26.2 kB]
2026-10-09T00:33:37.1038207Z Get:34 https://archive.ubuntu.com/ubuntu noble/main amd64 libavc1394-0 amd64 0.5.4-5build3 [15.4 kB]
2026-10-09T00:33:37.1364927Z Get:35 https://archive.ubuntu.com/ubuntu noble/universe amd64 libunibreak5 amd64 5.1-2build1 [25.0 kB]
2026-10-09T00:33:37.1696874Z Get:36 https://archive.ubuntu.com/ubuntu noble/universe amd64 libass9 amd64 1:0.17.1-2build1 [104 kB]
2026-10-09T00:33:37.2024789Z Get:37 https://archive.ubuntu.com/ubuntu noble/universe amd64 libudfread0 amd64 1.1.2-1build1 [19.0 kB]
2026-10-09T00:33:37.2352933Z Get:38 https://archive.ubuntu.com/ubuntu noble/universe amd64 libbluray2 amd64 1:1.3.4-1build1 [159 kB]
2026-10-09T00:33:37.2683852Z Get:39 https://archive.ubuntu.com/ubuntu noble/universe amd64 libchromaprint1 amd64 1.5.1-5 [30.5 kB]
2026-10-09T00:33:37.3733811Z Get:40 https://archive.ubuntu.com/ubuntu noble/universe amd64 libgme0 amd64 0.6.3-7build1 [134 kB]
2026-10-09T00:33:37.4068156Z Get:41 https://archive.ubuntu.com/ubuntu noble-updates/main amd64 libmpg123-0t64 amd64 1.32.5-1ubuntu1.1 [169 kB]
2026-10-09T00:33:37.4399420Z Get:42 https://archive.ubuntu.com/ubuntu noble/universe amd64 libopenmpt0t64 amd64 0.7.3-1.1build3 [647 kB]
2026-10-09T00:33:37.4751993Z Get:43 https://archive.ubuntu.com/ubuntu noble/universe amd64 libcjson1 amd64 1.7.17-1 [24.8 kB]
2026-10-09T00:33:37.5081549Z Get:44 https://archive.ubuntu.com/ubuntu noble/universe amd64 libmbedcrypto7t64 amd64 2.28.8-1 [209 kB]
2026-10-09T00:33:37.5420204Z Get:45 https://archive.ubuntu.com/ubuntu noble/universe amd64 librist4 amd64 0.2.10+dfsg-2 [74.9 kB]
2026-10-09T00:33:37.5749441Z Get:46 https://archive.ubuntu.com/ubuntu noble/universe amd64 libsrt1.5-gnutls amd64 1.5.3-1build2 [316 kB]
2026-10-09T00:33:37.6091531Z Get:47 https://archive.ubuntu.com/ubuntu noble-updates/main amd64 libssh-gcrypt-4 amd64 0.10.6-2ubuntu0.5 [226 kB]
2026-10-09T00:33:37.6426485Z Get:48 https://archive.ubuntu.com/ubuntu noble/universe amd64 libavformat60 amd64 7:6.1.1-3ubuntu5 [1153 kB]
2026-10-09T00:33:37.6797252Z Get:49 https://archive.ubuntu.com/ubuntu noble/universe amd64 libbs2b0 amd64 3.1.0+dfsg-7build1 [10.6 kB]
2026-10-09T00:33:37.7123530Z Get:50 https://archive.ubuntu.com/ubuntu noble/universe amd64 libflite1 amd64 2.2-6build3 [13.6 MB]
2026-10-09T00:33:37.8009534Z Get:51 https://archive.ubuntu.com/ubuntu noble/universe amd64 libserd-0-0 amd64 0.32.2-1 [43.6 kB]
2026-10-09T00:33:37.8337247Z Get:52 https://archive.ubuntu.com/ubuntu noble/universe amd64 libzix-0-0 amd64 0.4.2-2build1 [23.6 kB]
2026-10-09T00:33:37.8663534Z Get:53 https://archive.ubuntu.com/ubuntu noble/universe amd64 libsord-0-0 amd64 0.16.16-2build1 [15.8 kB]
2026-10-09T00:33:37.8990122Z Get:54 https://archive.ubuntu.com/ubuntu noble/universe amd64 libsratom-0-0 amd64 0.6.16-1build1 [17.3 kB]
2026-10-09T00:33:37.9317930Z Get:55 https://archive.ubuntu.com/ubuntu noble/universe amd64 liblilv-0-0 amd64 0.24.22-1build1 [41.0 kB]
2026-10-09T00:33:37.9647106Z Get:56 https://archive.ubuntu.com/ubuntu noble/universe amd64 libmysofa1 amd64 1.3.2+dfsg-2ubuntu2 [1158 kB]
2026-10-09T00:33:38.0019307Z Get:57 https://archive.ubuntu.com/ubuntu noble/universe amd64 libplacebo338 amd64 6.338.2-2build1 [2654 kB]
2026-10-09T00:33:38.0450824Z Get:58 https://archive.ubuntu.com/ubuntu noble-updates/main amd64 libblas3 amd64 3.12.0-3build1.1 [238 kB]
2026-10-09T00:33:38.0786253Z Get:59 https://archive.ubuntu.com/ubuntu noble-updates/main amd64 liblapack3 amd64 3.12.0-3build1.1 [2646 kB]
2026-10-09T00:33:38.1948871Z Get:60 https://archive.ubuntu.com/ubuntu noble/main amd64 libasyncns0 amd64 0.8-6build4 [11.3 kB]
2026-10-09T00:33:38.2278227Z Get:61 https://archive.ubuntu.com/ubuntu noble/main amd64 libflac12t64 amd64 1.4.3+ds-2.1ubuntu2 [197 kB]
2026-10-09T00:33:38.2611278Z Get:62 https://archive.ubuntu.com/ubuntu noble-updates/main amd64 libsndfile1 amd64 1.2.2-1ubuntu5.24.04.1 [209 kB]
2026-10-09T00:33:38.2947788Z Get:63 https://archive.ubuntu.com/ubuntu noble-updates/main amd64 libpulse0 amd64 1:16.1+dfsg1-2ubuntu10.1 [292 kB]
2026-10-09T00:33:38.3283569Z Get:64 https://archive.ubuntu.com/ubuntu noble/universe amd64 libsphinxbase3t64 amd64 0.8+5prealpha+1-17build2 [126 kB]
2026-10-09T00:33:38.3614503Z Get:65 https://archive.ubuntu.com/ubuntu noble/universe amd64 libpocketsphinx3 amd64 0.8.0+real5prealpha+1-15ubuntu5 [133 kB]
2026-10-09T00:33:38.3944404Z Get:66 https://archive.ubuntu.com/ubuntu noble/universe amd64 libpostproc57 amd64 7:6.1.1-3ubuntu5 [49.9 kB]
2026-10-09T00:33:38.4272383Z Get:67 https://archive.ubuntu.com/ubuntu noble/main amd64 libsamplerate0 amd64 0.2.2-4build1 [1344 kB]
2026-10-09T00:33:38.4652557Z Get:68 https://archive.ubuntu.com/ubuntu noble/universe amd64 librubberband2 amd64 3.3.0+dfsg-2build1 [130 kB]
2026-10-09T00:33:38.4988315Z Get:69 https://archive.ubuntu.com/ubuntu noble/universe amd64 libswscale7 amd64 7:6.1.1-3ubuntu5 [193 kB]
2026-10-09T00:33:38.5323773Z Get:70 https://archive.ubuntu.com/ubuntu noble/universe amd64 libvidstab1.1 amd64 1.1.0-2build1 [38.5 kB]
2026-10-09T00:33:38.5651420Z Get:71 https://archive.ubuntu.com/ubuntu noble/universe amd64 libzimg2 amd64 3.0.5+ds1-1build1 [254 kB]
2026-10-09T00:33:38.5986619Z Get:72 https://archive.ubuntu.com/ubuntu noble/universe amd64 libavfilter9 amd64 7:6.1.1-3ubuntu5 [4235 kB]
2026-10-09T00:33:38.6672437Z Get:73 https://archive.ubuntu.com/ubuntu noble-updates/main amd64 libcaca0 amd64 0.99.beta20-4ubuntu0.2 [209 kB]
2026-10-09T00:33:38.7008312Z Get:74 https://archive.ubuntu.com/ubuntu noble-updates/main amd64 libcdio19t64 amd64 2.1.0-4.1ubuntu1.2 [62.4 kB]
2026-10-09T00:33:38.7337160Z Get:75 https://archive.ubuntu.com/ubuntu noble/main amd64 libcdio-cdda2t64 amd64 10.2+2.0.1-1.1build2 [16.5 kB]
2026-10-09T00:33:38.7663828Z Get:76 https://archive.ubuntu.com/ubuntu noble/main amd64 libcdio-paranoia2t64 amd64 10.2+2.0.1-1.1build2 [16.6 kB]
2026-10-09T00:33:38.7991046Z Get:77 https://archive.ubuntu.com/ubuntu noble/universe amd64 libdc1394-25 amd64 2.2.6-4build1 [90.1 kB]
2026-10-09T00:33:38.9045322Z Get:78 https://archive.ubuntu.com/ubuntu noble/main amd64 libiec61883-0 amd64 1.2.0-6build1 [24.5 kB]
2026-10-09T00:33:38.9373141Z Get:79 https://archive.ubuntu.com/ubuntu noble/main amd64 libjack-jackd2-0 amd64 1.9.21~dfsg-3ubuntu3 [289 kB]
2026-10-09T00:33:38.9714186Z Get:80 https://archive.ubuntu.com/ubuntu noble/universe amd64 libopenal-data all 1:1.23.1-4build1 [161 kB]
2026-10-09T00:33:39.0047539Z Get:81 https://archive.ubuntu.com/ubuntu noble/universe amd64 libsndio7.0 amd64 1.9.0-0.3build3 [29.6 kB]
2026-10-09T00:33:39.0374598Z Get:82 https://archive.ubuntu.com/ubuntu noble/universe amd64 libopenal1 amd64 1:1.23.1-4build1 [540 kB]
2026-10-09T00:33:39.0725657Z Get:83 https://archive.ubuntu.com/ubuntu noble/main amd64 libdecor-0-0 amd64 0.2.2-1build2 [16.5 kB]
2026-10-09T00:33:39.1053678Z Get:84 https://archive.ubuntu.com/ubuntu noble-updates/main amd64 libsdl2-2.0-0 amd64 2.30.0+dfsg-1ubuntu3.1 [686 kB]
2026-10-09T00:33:39.1413472Z Get:85 https://archive.ubuntu.com/ubuntu noble/main amd64 libxcb-shape0 amd64 1.15-1ubuntu2 [6100 B]
2026-10-09T00:33:39.1740518Z Get:86 https://archive.ubuntu.com/ubuntu noble/main amd64 libxv1 amd64 2:1.0.11-1.1build1 [10.7 kB]
2026-10-09T00:33:39.2067981Z Get:87 https://archive.ubuntu.com/ubuntu noble/universe amd64 libavdevice60 amd64 7:6.1.1-3ubuntu5 [82.3 kB]
2026-10-09T00:33:39.2400246Z Get:88 https://archive.ubuntu.com/ubuntu noble/universe amd64 ffmpeg amd64 7:6.1.1-3ubuntu5 [1879 kB]
2026-10-09T00:33:39.2818692Z Get:89 https://archive.ubuntu.com/ubuntu noble-updates/universe amd64 libigdgmm12 amd64 22.3.17+ds1-1ubuntu1 [145 kB]
2026-10-09T00:33:39.3151420Z Get:90 https://archive.ubuntu.com/ubuntu noble-updates/universe amd64 intel-media-va-driver amd64 24.1.0+dfsg1-1ubuntu0.2 [3163 kB]
2026-10-09T00:33:39.3636834Z Get:91 https://archive.ubuntu.com/ubuntu noble/universe amd64 libaacs0 amd64 0.11.1-2build1 [62.9 kB]
2026-10-09T00:33:39.3966794Z Get:92 https://archive.ubuntu.com/ubuntu noble/universe amd64 libbdplus0 amd64 0.2.0-3build1 [52.2 kB]
2026-10-09T00:33:39.4295646Z Get:93 https://archive.ubuntu.com/ubuntu noble/main amd64 libdecor-0-plugin-1-gtk amd64 0.2.2-1build2 [22.2 kB]
2026-10-09T00:33:39.4622410Z Get:94 https://archive.ubuntu.com/ubuntu noble-updates/main amd64 librsvg2-common amd64 2.58.0+dfsg-1ubuntu0.1 [11.8 kB]
2026-10-09T00:33:39.4948127Z Get:95 https://archive.ubuntu.com/ubuntu noble-updates/universe amd64 mesa-va-drivers amd64 25.2.8-0ubuntu0.24.04.4 [6778 B]
2026-10-09T00:33:39.5274601Z Get:96 https://archive.ubuntu.com/ubuntu noble-updates/main amd64 mesa-vdpau-drivers amd64 25.2.8-0ubuntu0.24.04.4 [23.4 kB]
2026-10-09T00:33:39.6334096Z Get:97 https://archive.ubuntu.com/ubuntu noble-updates/universe amd64 i965-va-driver amd64 2.4.1+dfsg1-1ubuntu0.2 [332 kB]
2026-10-09T00:33:39.6676500Z Get:98 https://archive.ubuntu.com/ubuntu noble-updates/universe amd64 va-driver-all amd64 2.20.0-2ubuntu0.2 [5014 B]
2026-10-09T00:33:39.7001530Z Get:99 https://archive.ubuntu.com/ubuntu noble/main amd64 vdpau-driver-all amd64 1.5-2build1 [4414 B]
2026-10-09T00:33:39.7329539Z Get:100 https://archive.ubuntu.com/ubuntu noble/universe amd64 pocketsphinx-en-us all 0.8.0+real5prealpha+1-15ubuntu5 [27.4 MB]
2026-10-09T00:33:40.2187652Z Fetched 94.1 MB in 5s (19.3 MB/s)
2026-10-09T00:33:40.2363715Z Selecting previously unselected package libva2:amd64.
2026-10-09T00:33:40.2588771Z (Reading database ... 
2026-10-09T00:33:40.2589125Z (Reading database ... 5%
2026-10-09T00:33:40.2589461Z (Reading database ... 10%
2026-10-09T00:33:40.2589721Z (Reading database ... 15%
2026-10-09T00:33:40.2590029Z (Reading database ... 20%
2026-10-09T00:33:40.2590165Z (Reading database ... 25%
2026-10-09T00:33:40.2590298Z (Reading database ... 30%
2026-10-09T00:33:40.2590435Z (Reading database ... 35%
2026-10-09T00:33:40.2590565Z (Reading database ... 40%
2026-10-09T00:33:40.2590694Z (Reading database ... 45%
2026-10-09T00:33:40.2590827Z (Reading database ... 50%
2026-10-09T00:33:40.2625095Z (Reading database ... 55%
2026-10-09T00:33:40.3402957Z (Reading database ... 60%
2026-10-09T00:33:40.5040347Z (Reading database ... 65%
2026-10-09T00:33:40.7047624Z (Reading database ... 70%
2026-10-09T00:33:40.8528992Z (Reading database ... 75%
2026-10-09T00:33:41.0055034Z (Reading database ... 80%
2026-10-09T00:33:41.1174416Z (Reading database ... 85%
2026-10-09T00:33:41.2448612Z (Reading database ... 90%
2026-10-09T00:33:41.4030222Z (Reading database ... 95%
2026-10-09T00:33:41.4030534Z (Reading database ... 100%
2026-10-09T00:33:41.4030920Z (Reading database ... 203191 files and directories currently installed.)
2026-10-09T00:33:41.4068732Z Preparing to unpack .../00-libva2_2.20.0-2ubuntu0.2_amd64.deb ...
2026-10-09T00:33:41.4096574Z Unpacking libva2:amd64 (2.20.0-2ubuntu0.2) ...
2026-10-09T00:33:41.4300794Z Selecting previously unselected package libva-drm2:amd64.
2026-10-09T00:33:41.4394313Z Preparing to unpack .../01-libva-drm2_2.20.0-2ubuntu0.2_amd64.deb ...
2026-10-09T00:33:41.4400144Z Unpacking libva-drm2:amd64 (2.20.0-2ubuntu0.2) ...
2026-10-09T00:33:41.4556999Z Selecting previously unselected package libva-x11-2:amd64.
2026-10-09T00:33:41.4650168Z Preparing to unpack .../02-libva-x11-2_2.20.0-2ubuntu0.2_amd64.deb ...
2026-10-09T00:33:41.4655633Z Unpacking libva-x11-2:amd64 (2.20.0-2ubuntu0.2) ...
2026-10-09T00:33:41.4810975Z Selecting previously unselected package libvdpau1:amd64.
2026-10-09T00:33:41.4901297Z Preparing to unpack .../03-libvdpau1_1.5-2build1_amd64.deb ...
2026-10-09T00:33:41.4961281Z Unpacking libvdpau1:amd64 (1.5-2build1) ...
2026-10-09T00:33:41.5174945Z Selecting previously unselected package libvpl2.
2026-10-09T00:33:41.5269050Z Preparing to unpack .../04-libvpl2_2023.3.0-1build1_amd64.deb ...
2026-10-09T00:33:41.5274949Z Unpacking libvpl2 (2023.3.0-1build1) ...
2026-10-09T00:33:41.5444827Z Selecting previously unselected package ocl-icd-libopencl1:amd64.
2026-10-09T00:33:41.5533679Z Preparing to unpack .../05-ocl-icd-libopencl1_2.3.2-1build1_amd64.deb ...
2026-10-09T00:33:41.5539589Z Unpacking ocl-icd-libopencl1:amd64 (2.3.2-1build1) ...
2026-10-09T00:33:41.5732139Z Selecting previously unselected package libavutil58:amd64.
2026-10-09T00:33:41.5818768Z Preparing to unpack .../06-libavutil58_7%3a6.1.1-3ubuntu5_amd64.deb ...
2026-10-09T00:33:41.5824521Z Unpacking libavutil58:amd64 (7:6.1.1-3ubuntu5) ...
2026-10-09T00:33:41.6007119Z Selecting previously unselected package libcodec2-1.2:amd64.
2026-10-09T00:33:41.6092906Z Preparing to unpack .../07-libcodec2-1.2_1.2.0-2build1_amd64.deb ...
2026-10-09T00:33:41.6098300Z Unpacking libcodec2-1.2:amd64 (1.2.0-2build1) ...
2026-10-09T00:33:41.7590032Z Selecting previously unselected package libdav1d7:amd64.
2026-10-09T00:33:41.7686152Z Preparing to unpack .../08-libdav1d7_1.4.1-1build1_amd64.deb ...
2026-10-09T00:33:41.7691662Z Unpacking libdav1d7:amd64 (1.4.1-1build1) ...
2026-10-09T00:33:41.7900047Z Selecting previously unselected package libgsm1:amd64.
2026-10-09T00:33:41.7994192Z Preparing to unpack .../09-libgsm1_1.0.22-1build1_amd64.deb ...
2026-10-09T00:33:41.8000157Z Unpacking libgsm1:amd64 (1.0.22-1build1) ...
2026-10-09T00:33:41.8166237Z Selecting previously unselected package libhwy1t64:amd64.
2026-10-09T00:33:41.8260328Z Preparing to unpack .../10-libhwy1t64_1.0.7-8.1build1_amd64.deb ...
2026-10-09T00:33:41.8265521Z Unpacking libhwy1t64:amd64 (1.0.7-8.1build1) ...
2026-10-09T00:33:41.8571952Z Selecting previously unselected package libjxl0.7:amd64.
2026-10-09T00:33:41.8664739Z Preparing to unpack .../11-libjxl0.7_0.7.0-10.2ubuntu6.1_amd64.deb ...
2026-10-09T00:33:41.8670302Z Unpacking libjxl0.7:amd64 (0.7.0-10.2ubuntu6.1) ...
2026-10-09T00:33:41.8971277Z Selecting previously unselected package libmp3lame0:amd64.
2026-10-09T00:33:41.9065791Z Preparing to unpack .../12-libmp3lame0_3.100-6build1_amd64.deb ...
2026-10-09T00:33:41.9071491Z Unpacking libmp3lame0:amd64 (3.100-6build1) ...
2026-10-09T00:33:41.9236777Z Selecting previously unselected package libopus0:amd64.
2026-10-09T00:33:41.9329484Z Preparing to unpack .../13-libopus0_1.4-1build1_amd64.deb ...
2026-10-09T00:33:41.9335055Z Unpacking libopus0:amd64 (1.4-1build1) ...
2026-10-09T00:33:41.9662507Z Selecting previously unselected package librav1e0:amd64.
2026-10-09T00:33:41.9755102Z Preparing to unpack .../14-librav1e0_0.7.1-2_amd64.deb ...
2026-10-09T00:33:41.9761377Z Unpacking librav1e0:amd64 (0.7.1-2) ...
2026-10-09T00:33:42.0060800Z Selecting previously unselected package librsvg2-2:amd64.
2026-10-09T00:33:42.0153370Z Preparing to unpack .../15-librsvg2-2_2.58.0+dfsg-1ubuntu0.1_amd64.deb ...
2026-10-09T00:33:42.0159523Z Unpacking librsvg2-2:amd64 (2.58.0+dfsg-1ubuntu0.1) ...
2026-10-09T00:33:42.0772394Z Selecting previously unselected package libshine3:amd64.
2026-10-09T00:33:42.0868896Z Preparing to unpack .../16-libshine3_3.1.1-2build1_amd64.deb ...
2026-10-09T00:33:42.0874061Z Unpacking libshine3:amd64 (3.1.1-2build1) ...
2026-10-09T00:33:42.1035041Z Selecting previously unselected package libspeex1:amd64.
2026-10-09T00:33:42.1130053Z Preparing to unpack .../17-libspeex1_1.2.1-2ubuntu2.24.04.1_amd64.deb ...
2026-10-09T00:33:42.1136584Z Unpacking libspeex1:amd64 (1.2.1-2ubuntu2.24.04.1) ...
2026-10-09T00:33:42.1298773Z Selecting previously unselected package libsvtav1enc1d1:amd64.
2026-10-09T00:33:42.1392868Z Preparing to unpack .../18-libsvtav1enc1d1_1.7.0+dfsg-2build1_amd64.deb ...
2026-10-09T00:33:42.1398302Z Unpacking libsvtav1enc1d1:amd64 (1.7.0+dfsg-2build1) ...
2026-10-09T00:33:42.2125781Z Selecting previously unselected package libsoxr0:amd64.
2026-10-09T00:33:42.2221101Z Preparing to unpack .../19-libsoxr0_0.1.3-4build3_amd64.deb ...
2026-10-09T00:33:42.2227128Z Unpacking libsoxr0:amd64 (0.1.3-4build3) ...
2026-10-09T00:33:42.2394447Z Selecting previously unselected package libswresample4:amd64.
2026-10-09T00:33:42.2489988Z Preparing to unpack .../20-libswresample4_7%3a6.1.1-3ubuntu5_amd64.deb ...
2026-10-09T00:33:42.2495432Z Unpacking libswresample4:amd64 (7:6.1.1-3ubuntu5) ...
2026-10-09T00:33:42.2669445Z Selecting previously unselected package libtheora0:amd64.
2026-10-09T00:33:42.2762785Z Preparing to unpack .../21-libtheora0_1.1.1+dfsg.1-16.1build3_amd64.deb ...
2026-10-09T00:33:42.2768222Z Unpacking libtheora0:amd64 (1.1.1+dfsg.1-16.1build3) ...
2026-10-09T00:33:42.2946405Z Selecting previously unselected package libtwolame0:amd64.
2026-10-09T00:33:42.3040174Z Preparing to unpack .../22-libtwolame0_0.4.0-2build3_amd64.deb ...
2026-10-09T00:33:42.3045926Z Unpacking libtwolame0:amd64 (0.4.0-2build3) ...
2026-10-09T00:33:42.3209220Z Selecting previously unselected package libvorbisenc2:amd64.
2026-10-09T00:33:42.3302322Z Preparing to unpack .../23-libvorbisenc2_1.3.7-1build3_amd64.deb ...
2026-10-09T00:33:42.3307727Z Unpacking libvorbisenc2:amd64 (1.3.7-1build3) ...
2026-10-09T00:33:42.3480306Z Selecting previously unselected package libvpx9:amd64.
2026-10-09T00:33:42.3571788Z Preparing to unpack .../24-libvpx9_1.14.0-1ubuntu2.3_amd64.deb ...
2026-10-09T00:33:42.3577254Z Unpacking libvpx9:amd64 (1.14.0-1ubuntu2.3) ...
2026-10-09T00:33:42.4083003Z Selecting previously unselected package libx264-164:amd64.
2026-10-09T00:33:42.4178008Z Preparing to unpack .../25-libx264-164_2%3a0.164.3108+git31e19f9-1_amd64.deb ...
2026-10-09T00:33:42.4183734Z Unpacking libx264-164:amd64 (2:0.164.3108+git31e19f9-1) ...
2026-10-09T00:33:42.4439111Z Selecting previously unselected package libx265-199:amd64.
2026-10-09T00:33:42.4531459Z Preparing to unpack .../26-libx265-199_3.5-2build1_amd64.deb ...
2026-10-09T00:33:42.4537206Z Unpacking libx265-199:amd64 (3.5-2build1) ...
2026-10-09T00:33:42.5741466Z Selecting previously unselected package libxvidcore4:amd64.
2026-10-09T00:33:42.5838234Z Preparing to unpack .../27-libxvidcore4_2%3a1.3.7-1build1_amd64.deb ...
2026-10-09T00:33:42.5843816Z Unpacking libxvidcore4:amd64 (2:1.3.7-1build1) ...
2026-10-09T00:33:42.6104989Z Selecting previously unselected package libzvbi-common.
2026-10-09T00:33:42.6199317Z Preparing to unpack .../28-libzvbi-common_0.2.42-2_all.deb ...
2026-10-09T00:33:42.6204647Z Unpacking libzvbi-common (0.2.42-2) ...
2026-10-09T00:33:42.6422568Z Selecting previously unselected package libzvbi0t64:amd64.
2026-10-09T00:33:42.6514318Z Preparing to unpack .../29-libzvbi0t64_0.2.42-2_amd64.deb ...
2026-10-09T00:33:42.6519574Z Unpacking libzvbi0t64:amd64 (0.2.42-2) ...
2026-10-09T00:33:42.6693414Z Selecting previously unselected package libavcodec60:amd64.
2026-10-09T00:33:42.6783173Z Preparing to unpack .../30-libavcodec60_7%3a6.1.1-3ubuntu5_amd64.deb ...
2026-10-09T00:33:42.6788951Z Unpacking libavcodec60:amd64 (7:6.1.1-3ubuntu5) ...
2026-10-09T00:33:42.8204978Z Selecting previously unselected package libraw1394-11:amd64.
2026-10-09T00:33:42.8297903Z Preparing to unpack .../31-libraw1394-11_2.1.2-2build3_amd64.deb ...
2026-10-09T00:33:42.8302738Z Unpacking libraw1394-11:amd64 (2.1.2-2build3) ...
2026-10-09T00:33:42.8458305Z Selecting previously unselected package libavc1394-0:amd64.
2026-10-09T00:33:42.8549595Z Preparing to unpack .../32-libavc1394-0_0.5.4-5build3_amd64.deb ...
2026-10-09T00:33:42.8554676Z Unpacking libavc1394-0:amd64 (0.5.4-5build3) ...
2026-10-09T00:33:42.8710310Z Selecting previously unselected package libunibreak5:amd64.
2026-10-09T00:33:42.8799183Z Preparing to unpack .../33-libunibreak5_5.1-2build1_amd64.deb ...
2026-10-09T00:33:42.8804216Z Unpacking libunibreak5:amd64 (5.1-2build1) ...
2026-10-09T00:33:42.8957001Z Selecting previously unselected package libass9:amd64.
2026-10-09T00:33:42.9045347Z Preparing to unpack .../34-libass9_1%3a0.17.1-2build1_amd64.deb ...
2026-10-09T00:33:42.9050820Z Unpacking libass9:amd64 (1:0.17.1-2build1) ...
2026-10-09T00:33:42.9211193Z Selecting previously unselected package libudfread0:amd64.
2026-10-09T00:33:42.9299796Z Preparing to unpack .../35-libudfread0_1.1.2-1build1_amd64.deb ...
2026-10-09T00:33:42.9305343Z Unpacking libudfread0:amd64 (1.1.2-1build1) ...
2026-10-09T00:33:42.9458931Z Selecting previously unselected package libbluray2:amd64.
2026-10-09T00:33:42.9546985Z Preparing to unpack .../36-libbluray2_1%3a1.3.4-1build1_amd64.deb ...
2026-10-09T00:33:42.9552330Z Unpacking libbluray2:amd64 (1:1.3.4-1build1) ...
2026-10-09T00:33:42.9737154Z Selecting previously unselected package libchromaprint1:amd64.
2026-10-09T00:33:42.9824083Z Preparing to unpack .../37-libchromaprint1_1.5.1-5_amd64.deb ...
2026-10-09T00:33:42.9830819Z Unpacking libchromaprint1:amd64 (1.5.1-5) ...
2026-10-09T00:33:42.9987821Z Selecting previously unselected package libgme0:amd64.
2026-10-09T00:33:43.0074882Z Preparing to unpack .../38-libgme0_0.6.3-7build1_amd64.deb ...
2026-10-09T00:33:43.0081121Z Unpacking libgme0:amd64 (0.6.3-7build1) ...
2026-10-09T00:33:43.0357092Z Selecting previously unselected package libmpg123-0t64:amd64.
2026-10-09T00:33:43.0445500Z Preparing to unpack .../39-libmpg123-0t64_1.32.5-1ubuntu1.1_amd64.deb ...
2026-10-09T00:33:43.0450936Z Unpacking libmpg123-0t64:amd64 (1.32.5-1ubuntu1.1) ...
2026-10-09T00:33:43.0623733Z Selecting previously unselected package libopenmpt0t64:amd64.
2026-10-09T00:33:43.0714509Z Preparing to unpack .../40-libopenmpt0t64_0.7.3-1.1build3_amd64.deb ...
2026-10-09T00:33:43.0720553Z Unpacking libopenmpt0t64:amd64 (0.7.3-1.1build3) ...
2026-10-09T00:33:43.0922158Z Selecting previously unselected package libcjson1:amd64.
2026-10-09T00:33:43.1013478Z Preparing to unpack .../41-libcjson1_1.7.17-1_amd64.deb ...
2026-10-09T00:33:43.1020448Z Unpacking libcjson1:amd64 (1.7.17-1) ...
2026-10-09T00:33:43.1181635Z Selecting previously unselected package libmbedcrypto7t64:amd64.
2026-10-09T00:33:43.1270033Z Preparing to unpack .../42-libmbedcrypto7t64_2.28.8-1_amd64.deb ...
2026-10-09T00:33:43.1275737Z Unpacking libmbedcrypto7t64:amd64 (2.28.8-1) ...
2026-10-09T00:33:43.1446083Z Selecting previously unselected package librist4:amd64.
2026-10-09T00:33:43.1534362Z Preparing to unpack .../43-librist4_0.2.10+dfsg-2_amd64.deb ...
2026-10-09T00:33:43.1539919Z Unpacking librist4:amd64 (0.2.10+dfsg-2) ...
2026-10-09T00:33:43.1698274Z Selecting previously unselected package libsrt1.5-gnutls:amd64.
2026-10-09T00:33:43.1785971Z Preparing to unpack .../44-libsrt1.5-gnutls_1.5.3-1build2_amd64.deb ...
2026-10-09T00:33:43.1791831Z Unpacking libsrt1.5-gnutls:amd64 (1.5.3-1build2) ...
2026-10-09T00:33:43.1975434Z Selecting previously unselected package libssh-gcrypt-4:amd64.
2026-10-09T00:33:43.2064448Z Preparing to unpack .../45-libssh-gcrypt-4_0.10.6-2ubuntu0.5_amd64.deb ...
2026-10-09T00:33:43.2070138Z Unpacking libssh-gcrypt-4:amd64 (0.10.6-2ubuntu0.5) ...
2026-10-09T00:33:43.2248833Z Selecting previously unselected package libavformat60:amd64.
2026-10-09T00:33:43.2336573Z Preparing to unpack .../46-libavformat60_7%3a6.1.1-3ubuntu5_amd64.deb ...
2026-10-09T00:33:43.2441254Z Unpacking libavformat60:amd64 (7:6.1.1-3ubuntu5) ...
2026-10-09T00:33:43.2756520Z Selecting previously unselected package libbs2b0:amd64.
2026-10-09T00:33:43.2847755Z Preparing to unpack .../47-libbs2b0_3.1.0+dfsg-7build1_amd64.deb ...
2026-10-09T00:33:43.2853256Z Unpacking libbs2b0:amd64 (3.1.0+dfsg-7build1) ...
2026-10-09T00:33:43.3037011Z Selecting previously unselected package libflite1:amd64.
2026-10-09T00:33:43.3129467Z Preparing to unpack .../48-libflite1_2.2-6build3_amd64.deb ...
2026-10-09T00:33:43.3135739Z Unpacking libflite1:amd64 (2.2-6build3) ...
2026-10-09T00:33:43.5001909Z Selecting previously unselected package libserd-0-0:amd64.
2026-10-09T00:33:43.5098200Z Preparing to unpack .../49-libserd-0-0_0.32.2-1_amd64.deb ...
2026-10-09T00:33:43.5105261Z Unpacking libserd-0-0:amd64 (0.32.2-1) ...
2026-10-09T00:33:43.5273202Z Selecting previously unselected package libzix-0-0:amd64.
2026-10-09T00:33:43.5367730Z Preparing to unpack .../50-libzix-0-0_0.4.2-2build1_amd64.deb ...
2026-10-09T00:33:43.5373768Z Unpacking libzix-0-0:amd64 (0.4.2-2build1) ...
2026-10-09T00:33:43.5537639Z Selecting previously unselected package libsord-0-0:amd64.
2026-10-09T00:33:43.5632043Z Preparing to unpack .../51-libsord-0-0_0.16.16-2build1_amd64.deb ...
2026-10-09T00:33:43.5638150Z Unpacking libsord-0-0:amd64 (0.16.16-2build1) ...
2026-10-09T00:33:43.5799669Z Selecting previously unselected package libsratom-0-0:amd64.
2026-10-09T00:33:43.5893111Z Preparing to unpack .../52-libsratom-0-0_0.6.16-1build1_amd64.deb ...
2026-10-09T00:33:43.5898774Z Unpacking libsratom-0-0:amd64 (0.6.16-1build1) ...
2026-10-09T00:33:43.6055240Z Selecting previously unselected package liblilv-0-0:amd64.
2026-10-09T00:33:43.6146110Z Preparing to unpack .../53-liblilv-0-0_0.24.22-1build1_amd64.deb ...
2026-10-09T00:33:43.6151455Z Unpacking liblilv-0-0:amd64 (0.24.22-1build1) ...
2026-10-09T00:33:43.6307170Z Selecting previously unselected package libmysofa1:amd64.
2026-10-09T00:33:43.6395342Z Preparing to unpack .../54-libmysofa1_1.3.2+dfsg-2ubuntu2_amd64.deb ...
2026-10-09T00:33:43.6400773Z Unpacking libmysofa1:amd64 (1.3.2+dfsg-2ubuntu2) ...
2026-10-09T00:33:43.6587837Z Selecting previously unselected package libplacebo338:amd64.
2026-10-09T00:33:43.6678792Z Preparing to unpack .../55-libplacebo338_6.338.2-2build1_amd64.deb ...
2026-10-09T00:33:43.6684898Z Unpacking libplacebo338:amd64 (6.338.2-2build1) ...
2026-10-09T00:33:43.7393643Z Selecting previously unselected package libblas3:amd64.
2026-10-09T00:33:43.7487725Z Preparing to unpack .../56-libblas3_3.12.0-3build1.1_amd64.deb ...
2026-10-09T00:33:43.7511578Z Unpacking libblas3:amd64 (3.12.0-3build1.1) ...
2026-10-09T00:33:43.7694645Z Selecting previously unselected package liblapack3:amd64.
2026-10-09T00:33:43.7787269Z Preparing to unpack .../57-liblapack3_3.12.0-3build1.1_amd64.deb ...
2026-10-09T00:33:43.7811195Z Unpacking liblapack3:amd64 (3.12.0-3build1.1) ...
2026-10-09T00:33:43.8377844Z Selecting previously unselected package libasyncns0:amd64.
2026-10-09T00:33:43.8471618Z Preparing to unpack .../58-libasyncns0_0.8-6build4_amd64.deb ...
2026-10-09T00:33:43.8477234Z Unpacking libasyncns0:amd64 (0.8-6build4) ...
2026-10-09T00:33:43.8636980Z Selecting previously unselected package libflac12t64:amd64.
2026-10-09T00:33:43.8731908Z Preparing to unpack .../59-libflac12t64_1.4.3+ds-2.1ubuntu2_amd64.deb ...
2026-10-09T00:33:43.8738257Z Unpacking libflac12t64:amd64 (1.4.3+ds-2.1ubuntu2) ...
2026-10-09T00:33:43.8924530Z Selecting previously unselected package libsndfile1:amd64.
2026-10-09T00:33:43.9022884Z Preparing to unpack .../60-libsndfile1_1.2.2-1ubuntu5.24.04.1_amd64.deb ...
2026-10-09T00:33:43.9030696Z Unpacking libsndfile1:amd64 (1.2.2-1ubuntu5.24.04.1) ...
2026-10-09T00:33:43.9235533Z Selecting previously unselected package libpulse0:amd64.
2026-10-09T00:33:43.9332458Z Preparing to unpack .../61-libpulse0_1%3a16.1+dfsg1-2ubuntu10.1_amd64.deb ...
2026-10-09T00:33:43.9390955Z Unpacking libpulse0:amd64 (1:16.1+dfsg1-2ubuntu10.1) ...
2026-10-09T00:33:43.9590641Z Selecting previously unselected package libsphinxbase3t64:amd64.
2026-10-09T00:33:43.9689344Z Preparing to unpack .../62-libsphinxbase3t64_0.8+5prealpha+1-17build2_amd64.deb ...
2026-10-09T00:33:43.9695712Z Unpacking libsphinxbase3t64:amd64 (0.8+5prealpha+1-17build2) ...
2026-10-09T00:33:43.9869293Z Selecting previously unselected package libpocketsphinx3:amd64.
2026-10-09T00:33:43.9966199Z Preparing to unpack .../63-libpocketsphinx3_0.8.0+real5prealpha+1-15ubuntu5_amd64.deb ...
2026-10-09T00:33:43.9972446Z Unpacking libpocketsphinx3:amd64 (0.8.0+real5prealpha+1-15ubuntu5) ...
2026-10-09T00:33:44.0146377Z Selecting previously unselected package libpostproc57:amd64.
2026-10-09T00:33:44.0243019Z Preparing to unpack .../64-libpostproc57_7%3a6.1.1-3ubuntu5_amd64.deb ...
2026-10-09T00:33:44.0249306Z Unpacking libpostproc57:amd64 (7:6.1.1-3ubuntu5) ...
2026-10-09T00:33:44.0421791Z Selecting previously unselected package libsamplerate0:amd64.
2026-10-09T00:33:44.0520584Z Preparing to unpack .../65-libsamplerate0_0.2.2-4build1_amd64.deb ...
2026-10-09T00:33:44.0526762Z Unpacking libsamplerate0:amd64 (0.2.2-4build1) ...
2026-10-09T00:33:44.0747385Z Selecting previously unselected package librubberband2:amd64.
2026-10-09T00:33:44.0845068Z Preparing to unpack .../66-librubberband2_3.3.0+dfsg-2build1_amd64.deb ...
2026-10-09T00:33:44.0851368Z Unpacking librubberband2:amd64 (3.3.0+dfsg-2build1) ...
2026-10-09T00:33:44.1030947Z Selecting previously unselected package libswscale7:amd64.
2026-10-09T00:33:44.1127764Z Preparing to unpack .../67-libswscale7_7%3a6.1.1-3ubuntu5_amd64.deb ...
2026-10-09T00:33:44.1133223Z Unpacking libswscale7:amd64 (7:6.1.1-3ubuntu5) ...
2026-10-09T00:33:44.1318794Z Selecting previously unselected package libvidstab1.1:amd64.
2026-10-09T00:33:44.1415230Z Preparing to unpack .../68-libvidstab1.1_1.1.0-2build1_amd64.deb ...
2026-10-09T00:33:44.1421835Z Unpacking libvidstab1.1:amd64 (1.1.0-2build1) ...
2026-10-09T00:33:44.1592792Z Selecting previously unselected package libzimg2:amd64.
2026-10-09T00:33:44.1688381Z Preparing to unpack .../69-libzimg2_3.0.5+ds1-1build1_amd64.deb ...
2026-10-09T00:33:44.1696391Z Unpacking libzimg2:amd64 (3.0.5+ds1-1build1) ...
2026-10-09T00:33:44.1879006Z Selecting previously unselected package libavfilter9:amd64.
2026-10-09T00:33:44.1973147Z Preparing to unpack .../70-libavfilter9_7%3a6.1.1-3ubuntu5_amd64.deb ...
2026-10-09T00:33:44.1979159Z Unpacking libavfilter9:amd64 (7:6.1.1-3ubuntu5) ...
2026-10-09T00:33:44.3028852Z Selecting previously unselected package libcaca0:amd64.
2026-10-09T00:33:44.3125873Z Preparing to unpack .../71-libcaca0_0.99.beta20-4ubuntu0.2_amd64.deb ...
2026-10-09T00:33:44.3131894Z Unpacking libcaca0:amd64 (0.99.beta20-4ubuntu0.2) ...
2026-10-09T00:33:44.3330222Z Selecting previously unselected package libcdio19t64:amd64.
2026-10-09T00:33:44.3426063Z Preparing to unpack .../72-libcdio19t64_2.1.0-4.1ubuntu1.2_amd64.deb ...
2026-10-09T00:33:44.3432286Z Unpacking libcdio19t64:amd64 (2.1.0-4.1ubuntu1.2) ...
2026-10-09T00:33:44.3601908Z Selecting previously unselected package libcdio-cdda2t64:amd64.
2026-10-09T00:33:44.3694924Z Preparing to unpack .../73-libcdio-cdda2t64_10.2+2.0.1-1.1build2_amd64.deb ...
2026-10-09T00:33:44.3701447Z Unpacking libcdio-cdda2t64:amd64 (10.2+2.0.1-1.1build2) ...
2026-10-09T00:33:44.3864868Z Selecting previously unselected package libcdio-paranoia2t64:amd64.
2026-10-09T00:33:44.3956331Z Preparing to unpack .../74-libcdio-paranoia2t64_10.2+2.0.1-1.1build2_amd64.deb ...
2026-10-09T00:33:44.3962429Z Unpacking libcdio-paranoia2t64:amd64 (10.2+2.0.1-1.1build2) ...
2026-10-09T00:33:44.4120541Z Selecting previously unselected package libdc1394-25:amd64.
2026-10-09T00:33:44.4211044Z Preparing to unpack .../75-libdc1394-25_2.2.6-4build1_amd64.deb ...
2026-10-09T00:33:44.4217030Z Unpacking libdc1394-25:amd64 (2.2.6-4build1) ...
2026-10-09T00:33:44.4393084Z Selecting previously unselected package libiec61883-0:amd64.
2026-10-09T00:33:44.4486720Z Preparing to unpack .../76-libiec61883-0_1.2.0-6build1_amd64.deb ...
2026-10-09T00:33:44.4493310Z Unpacking libiec61883-0:amd64 (1.2.0-6build1) ...
2026-10-09T00:33:44.4654022Z Selecting previously unselected package libjack-jackd2-0:amd64.
2026-10-09T00:33:44.4744715Z Preparing to unpack .../77-libjack-jackd2-0_1.9.21~dfsg-3ubuntu3_amd64.deb ...
2026-10-09T00:33:44.4751558Z Unpacking libjack-jackd2-0:amd64 (1.9.21~dfsg-3ubuntu3) ...
2026-10-09T00:33:44.4965361Z Selecting previously unselected package libopenal-data.
2026-10-09T00:33:44.5057032Z Preparing to unpack .../78-libopenal-data_1%3a1.23.1-4build1_all.deb ...
2026-10-09T00:33:44.5063187Z Unpacking libopenal-data (1:1.23.1-4build1) ...
2026-10-09T00:33:44.5241583Z Selecting previously unselected package libsndio7.0:amd64.
2026-10-09T00:33:44.5332111Z Preparing to unpack .../79-libsndio7.0_1.9.0-0.3build3_amd64.deb ...
2026-10-09T00:33:44.5338951Z Unpacking libsndio7.0:amd64 (1.9.0-0.3build3) ...
2026-10-09T00:33:44.5504231Z Selecting previously unselected package libopenal1:amd64.
2026-10-09T00:33:44.5592153Z Preparing to unpack .../80-libopenal1_1%3a1.23.1-4build1_amd64.deb ...
2026-10-09T00:33:44.5597997Z Unpacking libopenal1:amd64 (1:1.23.1-4build1) ...
2026-10-09T00:33:44.5789293Z Selecting previously unselected package libdecor-0-0:amd64.
2026-10-09T00:33:44.5876131Z Preparing to unpack .../81-libdecor-0-0_0.2.2-1build2_amd64.deb ...
2026-10-09T00:33:44.5882168Z Unpacking libdecor-0-0:amd64 (0.2.2-1build2) ...
2026-10-09T00:33:44.6052294Z Selecting previously unselected package libsdl2-2.0-0:amd64.
2026-10-09T00:33:44.6138759Z Preparing to unpack .../82-libsdl2-2.0-0_2.30.0+dfsg-1ubuntu3.1_amd64.deb ...
2026-10-09T00:33:44.6144112Z Unpacking libsdl2-2.0-0:amd64 (2.30.0+dfsg-1ubuntu3.1) ...
2026-10-09T00:33:44.6814582Z Selecting previously unselected package libxcb-shape0:amd64.
2026-10-09T00:33:44.6903672Z Preparing to unpack .../83-libxcb-shape0_1.15-1ubuntu2_amd64.deb ...
2026-10-09T00:33:44.6909264Z Unpacking libxcb-shape0:amd64 (1.15-1ubuntu2) ...
2026-10-09T00:33:44.7061572Z Selecting previously unselected package libxv1:amd64.
2026-10-09T00:33:44.7149152Z Preparing to unpack .../84-libxv1_2%3a1.0.11-1.1build1_amd64.deb ...
2026-10-09T00:33:44.7154298Z Unpacking libxv1:amd64 (2:1.0.11-1.1build1) ...
2026-10-09T00:33:44.7311561Z Selecting previously unselected package libavdevice60:amd64.
2026-10-09T00:33:44.7397189Z Preparing to unpack .../85-libavdevice60_7%3a6.1.1-3ubuntu5_amd64.deb ...
2026-10-09T00:33:44.7402294Z Unpacking libavdevice60:amd64 (7:6.1.1-3ubuntu5) ...
2026-10-09T00:33:44.7558616Z Selecting previously unselected package ffmpeg.
2026-10-09T00:33:44.7644510Z Preparing to unpack .../86-ffmpeg_7%3a6.1.1-3ubuntu5_amd64.deb ...
2026-10-09T00:33:44.7649641Z Unpacking ffmpeg (7:6.1.1-3ubuntu5) ...
2026-10-09T00:33:44.7952935Z Selecting previously unselected package libigdgmm12:amd64.
2026-10-09T00:33:44.8040445Z Preparing to unpack .../87-libigdgmm12_22.3.17+ds1-1ubuntu1_amd64.deb ...
2026-10-09T00:33:44.8046257Z Unpacking libigdgmm12:amd64 (22.3.17+ds1-1ubuntu1) ...
2026-10-09T00:33:44.8212376Z Selecting previously unselected package intel-media-va-driver:amd64.
2026-10-09T00:33:44.8299664Z Preparing to unpack .../88-intel-media-va-driver_24.1.0+dfsg1-1ubuntu0.2_amd64.deb ...
2026-10-09T00:33:44.8305948Z Unpacking intel-media-va-driver:amd64 (24.1.0+dfsg1-1ubuntu0.2) ...
2026-10-09T00:33:44.9367112Z Selecting previously unselected package libaacs0:amd64.
2026-10-09T00:33:44.9460940Z Preparing to unpack .../89-libaacs0_0.11.1-2build1_amd64.deb ...
2026-10-09T00:33:44.9466822Z Unpacking libaacs0:amd64 (0.11.1-2build1) ...
2026-10-09T00:33:44.9632662Z Selecting previously unselected package libbdplus0:amd64.
2026-10-09T00:33:44.9723796Z Preparing to unpack .../90-libbdplus0_0.2.0-3build1_amd64.deb ...
2026-10-09T00:33:44.9729589Z Unpacking libbdplus0:amd64 (0.2.0-3build1) ...
2026-10-09T00:33:44.9882562Z Selecting previously unselected package libdecor-0-plugin-1-gtk:amd64.
2026-10-09T00:33:44.9971241Z Preparing to unpack .../91-libdecor-0-plugin-1-gtk_0.2.2-1build2_amd64.deb ...
2026-10-09T00:33:44.9976597Z Unpacking libdecor-0-plugin-1-gtk:amd64 (0.2.2-1build2) ...
2026-10-09T00:33:45.0126373Z Selecting previously unselected package librsvg2-common:amd64.
2026-10-09T00:33:45.0212847Z Preparing to unpack .../92-librsvg2-common_2.58.0+dfsg-1ubuntu0.1_amd64.deb ...
2026-10-09T00:33:45.0218190Z Unpacking librsvg2-common:amd64 (2.58.0+dfsg-1ubuntu0.1) ...
2026-10-09T00:33:45.0387587Z Selecting previously unselected package mesa-va-drivers:amd64.
2026-10-09T00:33:45.0473072Z Preparing to unpack .../93-mesa-va-drivers_25.2.8-0ubuntu0.24.04.4_amd64.deb ...
2026-10-09T00:33:45.0478663Z Unpacking mesa-va-drivers:amd64 (25.2.8-0ubuntu0.24.04.4) ...
2026-10-09T00:33:45.0643488Z Selecting previously unselected package mesa-vdpau-drivers:amd64.
2026-10-09T00:33:45.0731302Z Preparing to unpack .../94-mesa-vdpau-drivers_25.2.8-0ubuntu0.24.04.4_amd64.deb ...
2026-10-09T00:33:45.0736826Z Unpacking mesa-vdpau-drivers:amd64 (25.2.8-0ubuntu0.24.04.4) ...
2026-10-09T00:33:45.0902613Z Selecting previously unselected package i965-va-driver:amd64.
2026-10-09T00:33:45.0988812Z Preparing to unpack .../95-i965-va-driver_2.4.1+dfsg1-1ubuntu0.2_amd64.deb ...
2026-10-09T00:33:45.0994352Z Unpacking i965-va-driver:amd64 (2.4.1+dfsg1-1ubuntu0.2) ...
2026-10-09T00:33:45.1230434Z Selecting previously unselected package va-driver-all:amd64.
2026-10-09T00:33:45.1319324Z Preparing to unpack .../96-va-driver-all_2.20.0-2ubuntu0.2_amd64.deb ...
2026-10-09T00:33:45.1325559Z Unpacking va-driver-all:amd64 (2.20.0-2ubuntu0.2) ...
2026-10-09T00:33:45.1478625Z Selecting previously unselected package vdpau-driver-all:amd64.
2026-10-09T00:33:45.1567356Z Preparing to unpack .../97-vdpau-driver-all_1.5-2build1_amd64.deb ...
2026-10-09T00:33:45.1572987Z Unpacking vdpau-driver-all:amd64 (1.5-2build1) ...
2026-10-09T00:33:45.1722615Z Selecting previously unselected package pocketsphinx-en-us.
2026-10-09T00:33:45.1808222Z Preparing to unpack .../98-pocketsphinx-en-us_0.8.0+real5prealpha+1-15ubuntu5_all.deb ...
2026-10-09T00:33:45.1814968Z Unpacking pocketsphinx-en-us (0.8.0+real5prealpha+1-15ubuntu5) ...
2026-10-09T00:33:45.4356985Z Setting up libgme0:amd64 (0.6.3-7build1) ...
2026-10-09T00:33:45.4374833Z Setting up libchromaprint1:amd64 (1.5.1-5) ...
2026-10-09T00:33:45.4391359Z Setting up libssh-gcrypt-4:amd64 (0.10.6-2ubuntu0.5) ...
2026-10-09T00:33:45.4405970Z Setting up libhwy1t64:amd64 (1.0.7-8.1build1) ...
2026-10-09T00:33:45.4420667Z Setting up libudfread0:amd64 (1.1.2-1build1) ...
2026-10-09T00:33:45.4436953Z Setting up libraw1394-11:amd64 (2.1.2-2build3) ...
2026-10-09T00:33:45.4451536Z Setting up libspeex1:amd64 (1.2.1-2ubuntu2.24.04.1) ...
2026-10-09T00:33:45.4465158Z Setting up libshine3:amd64 (3.1.1-2build1) ...
2026-10-09T00:33:45.4482783Z Setting up libcaca0:amd64 (0.99.beta20-4ubuntu0.2) ...
2026-10-09T00:33:45.4497720Z Setting up libvpl2 (2023.3.0-1build1) ...
2026-10-09T00:33:45.4514775Z Setting up libx264-164:amd64 (2:0.164.3108+git31e19f9-1) ...
2026-10-09T00:33:45.4529002Z Setting up libtwolame0:amd64 (0.4.0-2build3) ...
2026-10-09T00:33:45.4543544Z Setting up libmbedcrypto7t64:amd64 (2.28.8-1) ...
2026-10-09T00:33:45.4560396Z Setting up libgsm1:amd64 (1.0.22-1build1) ...
2026-10-09T00:33:45.4574265Z Setting up libsoxr0:amd64 (0.1.3-4build3) ...
2026-10-09T00:33:45.4590460Z Setting up libzix-0-0:amd64 (0.4.2-2build1) ...
2026-10-09T00:33:45.4604568Z Setting up libcodec2-1.2:amd64 (1.2.0-2build1) ...
2026-10-09T00:33:45.4618974Z Setting up libmysofa1:amd64 (1.3.2+dfsg-2ubuntu2) ...
2026-10-09T00:33:45.4636614Z Setting up libxcb-shape0:amd64 (1.15-1ubuntu2) ...
2026-10-09T00:33:45.4650586Z Setting up libcdio19t64:amd64 (2.1.0-4.1ubuntu1.2) ...
2026-10-09T00:33:45.4666912Z Setting up libsvtav1enc1d1:amd64 (1.7.0+dfsg-2build1) ...
2026-10-09T00:33:45.4680786Z Setting up libigdgmm12:amd64 (22.3.17+ds1-1ubuntu1) ...
2026-10-09T00:33:45.4694305Z Setting up libmpg123-0t64:amd64 (1.32.5-1ubuntu1.1) ...
2026-10-09T00:33:45.4709774Z Setting up libcjson1:amd64 (1.7.17-1) ...
2026-10-09T00:33:45.4723062Z Setting up libxvidcore4:amd64 (2:1.3.7-1build1) ...
2026-10-09T00:33:45.4738441Z Setting up librav1e0:amd64 (0.7.1-2) ...
2026-10-09T00:33:45.4754177Z Setting up libcdio-cdda2t64:amd64 (10.2+2.0.1-1.1build2) ...
2026-10-09T00:33:45.4767827Z Setting up librist4:amd64 (0.2.10+dfsg-2) ...
2026-10-09T00:33:45.4783315Z Setting up librsvg2-2:amd64 (2.58.0+dfsg-1ubuntu0.1) ...
2026-10-09T00:33:45.4796690Z Setting up libblas3:amd64 (3.12.0-3build1.1) ...
2026-10-09T00:33:45.4839109Z update-alternatives: using /usr/lib/x86_64-linux-gnu/blas/libblas.so.3 to provide /usr/lib/x86_64-linux-gnu/libblas.so.3 (libblas.so.3-x86_64-linux-gnu) in auto mode
2026-10-09T00:33:45.4853338Z Setting up libplacebo338:amd64 (6.338.2-2build1) ...
2026-10-09T00:33:45.4867091Z Setting up libva2:amd64 (2.20.0-2ubuntu0.2) ...
2026-10-09T00:33:45.4880770Z Setting up libopus0:amd64 (1.4-1build1) ...
2026-10-09T00:33:45.4897176Z Setting up libcdio-paranoia2t64:amd64 (10.2+2.0.1-1.1build2) ...
2026-10-09T00:33:45.4911213Z Setting up libdc1394-25:amd64 (2.2.6-4build1) ...
2026-10-09T00:33:45.4935447Z Setting up intel-media-va-driver:amd64 (24.1.0+dfsg1-1ubuntu0.2) ...
2026-10-09T00:33:45.4943743Z Setting up libxv1:amd64 (2:1.0.11-1.1build1) ...
2026-10-09T00:33:45.4957686Z Setting up libunibreak5:amd64 (5.1-2build1) ...
2026-10-09T00:33:45.4973860Z Setting up libaacs0:amd64 (0.11.1-2build1) ...
2026-10-09T00:33:45.4987636Z Setting up libjxl0.7:amd64 (0.7.0-10.2ubuntu6.1) ...
2026-10-09T00:33:45.5003470Z Setting up librsvg2-common:amd64 (2.58.0+dfsg-1ubuntu0.1) ...
2026-10-09T00:33:45.5044481Z Setting up pocketsphinx-en-us (0.8.0+real5prealpha+1-15ubuntu5) ...
2026-10-09T00:33:45.5061110Z Setting up libx265-199:amd64 (3.5-2build1) ...
2026-10-09T00:33:45.5075645Z Setting up libsndio7.0:amd64 (1.9.0-0.3build3) ...
2026-10-09T00:33:45.5098718Z Setting up libbdplus0:amd64 (0.2.0-3build1) ...
2026-10-09T00:33:45.5113921Z Setting up libvidstab1.1:amd64 (1.1.0-2build1) ...
2026-10-09T00:33:45.5128829Z Setting up libvpx9:amd64 (1.14.0-1ubuntu2.3) ...
2026-10-09T00:33:45.5146312Z Setting up libsrt1.5-gnutls:amd64 (1.5.3-1build2) ...
2026-10-09T00:33:45.5161134Z Setting up libflite1:amd64 (2.2-6build3) ...
2026-10-09T00:33:45.5175321Z Setting up libdav1d7:amd64 (1.4.1-1build1) ...
2026-10-09T00:33:45.5190795Z Setting up libva-drm2:amd64 (2.20.0-2ubuntu0.2) ...
2026-10-09T00:33:45.5204570Z Setting up ocl-icd-libopencl1:amd64 (2.3.2-1build1) ...
2026-10-09T00:33:45.5220362Z Setting up libasyncns0:amd64 (0.8-6build4) ...
2026-10-09T00:33:45.5238788Z Setting up libvdpau1:amd64 (1.5-2build1) ...
2026-10-09T00:33:45.5259902Z Setting up libbs2b0:amd64 (3.1.0+dfsg-7build1) ...
2026-10-09T00:33:45.5276553Z Setting up libtheora0:amd64 (1.1.1+dfsg.1-16.1build3) ...
2026-10-09T00:33:45.5291157Z Setting up libdecor-0-0:amd64 (0.2.2-1build2) ...
2026-10-09T00:33:45.5306947Z Setting up libzimg2:amd64 (3.0.5+ds1-1build1) ...
2026-10-09T00:33:45.5321135Z Setting up libopenal-data (1:1.23.1-4build1) ...
2026-10-09T00:33:45.5348165Z Setting up libflac12t64:amd64 (1.4.3+ds-2.1ubuntu2) ...
2026-10-09T00:33:45.5362995Z Setting up mesa-va-drivers:amd64 (25.2.8-0ubuntu0.24.04.4) ...
2026-10-09T00:33:45.5379143Z Setting up libbluray2:amd64 (1:1.3.4-1build1) ...
2026-10-09T00:33:45.5393805Z Setting up libsamplerate0:amd64 (0.2.2-4build1) ...
2026-10-09T00:33:45.5408570Z Setting up libva-x11-2:amd64 (2.20.0-2ubuntu0.2) ...
2026-10-09T00:33:45.5424094Z Setting up libdecor-0-plugin-1-gtk:amd64 (0.2.2-1build2) ...
2026-10-09T00:33:45.5439832Z Setting up libopenmpt0t64:amd64 (0.7.3-1.1build3) ...
2026-10-09T00:33:45.5455775Z Setting up libzvbi-common (0.2.42-2) ...
2026-10-09T00:33:45.5469755Z Setting up libmp3lame0:amd64 (3.100-6build1) ...
2026-10-09T00:33:45.5483845Z Setting up i965-va-driver:amd64 (2.4.1+dfsg1-1ubuntu0.2) ...
2026-10-09T00:33:45.5498761Z Setting up libvorbisenc2:amd64 (1.3.7-1build3) ...
2026-10-09T00:33:45.5512186Z Setting up libiec61883-0:amd64 (1.2.0-6build1) ...
2026-10-09T00:33:45.5528224Z Setting up libserd-0-0:amd64 (0.32.2-1) ...
2026-10-09T00:33:45.5542130Z Setting up libavc1394-0:amd64 (0.5.4-5build3) ...
2026-10-09T00:33:45.5555730Z Setting up mesa-vdpau-drivers:amd64 (25.2.8-0ubuntu0.24.04.4) ...
2026-10-09T00:33:45.5573182Z Setting up liblapack3:amd64 (3.12.0-3build1.1) ...
2026-10-09T00:33:45.5612905Z update-alternatives: using /usr/lib/x86_64-linux-gnu/lapack/liblapack.so.3 to provide /usr/lib/x86_64-linux-gnu/liblapack.so.3 (liblapack.so.3-x86_64-linux-gnu) in auto mode
2026-10-09T00:33:45.5625066Z Setting up libzvbi0t64:amd64 (0.2.42-2) ...
2026-10-09T00:33:45.5642371Z Setting up libavutil58:amd64 (7:6.1.1-3ubuntu5) ...
2026-10-09T00:33:45.5656452Z Setting up libopenal1:amd64 (1:1.23.1-4build1) ...
2026-10-09T00:33:45.5672543Z Setting up libass9:amd64 (1:0.17.1-2build1) ...
2026-10-09T00:33:45.5686286Z Setting up libswresample4:amd64 (7:6.1.1-3ubuntu5) ...
2026-10-09T00:33:45.5701626Z Setting up va-driver-all:amd64 (2.20.0-2ubuntu0.2) ...
2026-10-09T00:33:45.5718330Z Setting up libavcodec60:amd64 (7:6.1.1-3ubuntu5) ...
2026-10-09T00:33:45.5733477Z Setting up librubberband2:amd64 (3.3.0+dfsg-2build1) ...
2026-10-09T00:33:45.6167599Z Setting up libjack-jackd2-0:amd64 (1.9.21~dfsg-3ubuntu3) ...
2026-10-09T00:33:45.6181933Z Setting up vdpau-driver-all:amd64 (1.5-2build1) ...
2026-10-09T00:33:45.6196778Z Setting up libsord-0-0:amd64 (0.16.16-2build1) ...
2026-10-09T00:33:45.6211018Z Setting up libpostproc57:amd64 (7:6.1.1-3ubuntu5) ...
2026-10-09T00:33:45.6225959Z Setting up libsratom-0-0:amd64 (0.6.16-1build1) ...
2026-10-09T00:33:45.6239572Z Setting up libsndfile1:amd64 (1.2.2-1ubuntu5.24.04.1) ...
2026-10-09T00:33:45.6254661Z Setting up liblilv-0-0:amd64 (0.24.22-1build1) ...
2026-10-09T00:33:45.6267936Z Setting up libswscale7:amd64 (7:6.1.1-3ubuntu5) ...
2026-10-09T00:33:45.6282016Z Setting up libpulse0:amd64 (1:16.1+dfsg1-2ubuntu10.1) ...
2026-10-09T00:33:45.6334275Z Setting up libavformat60:amd64 (7:6.1.1-3ubuntu5) ...
2026-10-09T00:33:45.6348830Z Setting up libsphinxbase3t64:amd64 (0.8+5prealpha+1-17build2) ...
2026-10-09T00:33:45.6362355Z Setting up libsdl2-2.0-0:amd64 (2.30.0+dfsg-1ubuntu3.1) ...
2026-10-09T00:33:45.6377353Z Setting up libpocketsphinx3:amd64 (0.8.0+real5prealpha+1-15ubuntu5) ...
2026-10-09T00:33:45.6390832Z Setting up libavfilter9:amd64 (7:6.1.1-3ubuntu5) ...
2026-10-09T00:33:45.6405428Z Setting up libavdevice60:amd64 (7:6.1.1-3ubuntu5) ...
2026-10-09T00:33:45.6420567Z Setting up ffmpeg (7:6.1.1-3ubuntu5) ...
2026-10-09T00:33:45.6435706Z Processing triggers for man-db (2.12.0-4build2) ...
2026-10-09T00:33:45.6450795Z Not building database; man-db/auto-update is not 'true'.
2026-10-09T00:33:45.6460653Z Processing triggers for libgdk-pixbuf-2.0-0:amd64 (2.42.10+dfsg-3ubuntu3.3) ...
2026-10-09T00:33:45.6740606Z Processing triggers for libc-bin (2.39-0ubuntu8.9) ...
2026-10-09T00:33:46.3119718Z 
2026-10-09T00:33:46.3120349Z Running kernel seems to be up-to-date.
2026-10-09T00:33:46.3120587Z 
2026-10-09T00:33:46.3120724Z No services need to be restarted.
2026-10-09T00:33:46.3120878Z 
2026-10-09T00:33:46.3121019Z No containers need to be restarted.
2026-10-09T00:33:46.3121172Z 
2026-10-09T00:33:46.3121330Z No user sessions are running outdated binaries.
2026-10-09T00:33:46.3121504Z 
2026-10-09T00:33:46.3121746Z No VM guests are running outdated hypervisor (qemu) binaries on this host.
2026-10-09T00:33:46.9749595Z ffprobe version 6.1.1-3ubuntu5 Copyright (c) 2007-2023 the FFmpeg developers
2026-10-09T00:33:46.9749913Z built with gcc 13 (Ubuntu 13.2.0-23ubuntu3)
2026-10-09T00:33:46.9753598Z configuration: --prefix=/usr --extra-version=3ubuntu5 --toolchain=hardened --libdir=/usr/lib/x86_64-linux-gnu --incdir=/usr/include/x86_64-linux-gnu --arch=amd64 --enable-gpl --disable-stripping --disable-omx --enable-gnutls --enable-libaom --enable-libass --enable-libbs2b --enable-libcaca --enable-libcdio --enable-libcodec2 --enable-libdav1d --enable-libflite --enable-libfontconfig --enable-libfreetype --enable-libfribidi --enable-libglslang --enable-libgme --enable-libgsm --enable-libharfbuzz --enable-libmp3lame --enable-libmysofa --enable-libopenjpeg --enable-libopenmpt --enable-libopus --enable-librubberband --enable-libshine --enable-libsnappy --enable-libsoxr --enable-libspeex --enable-libtheora --enable-libtwolame --enable-libvidstab --enable-libvorbis --enable-libvpx --enable-libwebp --enable-libx265 --enable-libxml2 --enable-libxvid --enable-libzimg --enable-openal --enable-opencl --enable-opengl --disable-sndio --enable-libvpl --disable-libmfx --enable-libdc1394 --enable-libdrm --enable-libiec61883 --enable-chromaprint --enable-frei0r --enable-ladspa --enable-libbluray --enable-libjack --enable-libpulse --enable-librabbitmq --enable-librist --enable-libsrt --enable-libssh --enable-libsvtav1 --enable-libx264 --enable-libzmq --enable-libzvbi --enable-lv2 --enable-sdl2 --enable-libplacebo --enable-librav1e --enable-pocketsphinx --enable-librsvg --enable-libjxl --enable-shared
2026-10-09T00:33:46.9756269Z libavutil      58. 29.100 / 58. 29.100
2026-10-09T00:33:46.9756440Z libavcodec     60. 31.102 / 60. 31.102
2026-10-09T00:33:46.9756604Z libavformat    60. 16.100 / 60. 16.100
2026-10-09T00:33:46.9756770Z libavdevice    60.  3.100 / 60.  3.100
2026-10-09T00:33:46.9756929Z libavfilter     9. 12.100 /  9. 12.100
2026-10-09T00:33:46.9757088Z libswscale      7.  5.100 /  7.  5.100
2026-10-09T00:33:46.9757256Z libswresample   4. 12.100 /  4. 12.100
2026-10-09T00:33:46.9757417Z libpostproc    57.  3.100 / 57.  3.100
2026-10-09T00:33:47.0116580Z ffmpeg version 6.1.1-3ubuntu5 Copyright (c) 2000-2023 the FFmpeg developers
2026-10-09T00:33:47.0117016Z built with gcc 13 (Ubuntu 13.2.0-23ubuntu3)
2026-10-09T00:33:47.0122767Z configuration: --prefix=/usr --extra-version=3ubuntu5 --toolchain=hardened --libdir=/usr/lib/x86_64-linux-gnu --incdir=/usr/include/x86_64-linux-gnu --arch=amd64 --enable-gpl --disable-stripping --disable-omx --enable-gnutls --enable-libaom --enable-libass --enable-libbs2b --enable-libcaca --enable-libcdio --enable-libcodec2 --enable-libdav1d --enable-libflite --enable-libfontconfig --enable-libfreetype --enable-libfribidi --enable-libglslang --enable-libgme --enable-libgsm --enable-libharfbuzz --enable-libmp3lame --enable-libmysofa --enable-libopenjpeg --enable-libopenmpt --enable-libopus --enable-librubberband --enable-libshine --enable-libsnappy --enable-libsoxr --enable-libspeex --enable-libtheora --enable-libtwolame --enable-libvidstab --enable-libvorbis --enable-libvpx --enable-libwebp --enable-libx265 --enable-libxml2 --enable-libxvid --enable-libzimg --enable-openal --enable-opencl --enable-opengl --disable-sndio --enable-libvpl --disable-libmfx --enable-libdc1394 --enable-libdrm --enable-libiec61883 --enable-chromaprint --enable-frei0r --enable-ladspa --enable-libbluray --enable-libjack --enable-libpulse --enable-librabbitmq --enable-librist --enable-libsrt --enable-libssh --enable-libsvtav1 --enable-libx264 --enable-libzmq --enable-libzvbi --enable-lv2 --enable-sdl2 --enable-libplacebo --enable-librav1e --enable-pocketsphinx --enable-librsvg --enable-libjxl --enable-shared
2026-10-09T00:33:47.0127063Z libavutil      58. 29.100 / 58. 29.100
2026-10-09T00:33:47.0127331Z libavcodec     60. 31.102 / 60. 31.102
2026-10-09T00:33:47.0127591Z libavformat    60. 16.100 / 60. 16.100
2026-10-09T00:33:47.0127848Z libavdevice    60.  3.100 / 60.  3.100
2026-10-09T00:33:47.0128245Z libavfilter     9. 12.100 /  9. 12.100
2026-10-09T00:33:47.0128601Z libswscale      7.  5.100 /  7.  5.100
2026-10-09T00:33:47.0128858Z libswresample   4. 12.100 /  4. 12.100
2026-10-09T00:33:47.0129116Z libpostproc    57.  3.100 / 57.  3.100
2026-10-09T00:33:47.0169251Z ##[group]Run node --version
2026-10-09T00:33:47.0169444Z [36;1mnode --version[0m
2026-10-09T00:33:47.0169571Z [36;1mnproc[0m
2026-10-09T00:33:47.0169705Z [36;1mawk '/MemTotal/ { print }' /proc/meminfo[0m
2026-10-09T00:33:47.0169871Z [36;1mdf -Pk .[0m
2026-10-09T00:33:47.0221011Z shell: /usr/bin/bash -e {0}
2026-10-09T00:33:47.0221147Z env:
2026-10-09T00:33:47.0221304Z   G10_SOURCE_COMMIT: 8b4bf64639d690247cb1929a0ad0ae25af11de70
2026-10-09T00:33:47.0221489Z ##[endgroup]
2026-10-09T00:33:47.0306142Z v22.16.0
2026-10-09T00:33:47.0322113Z 4
2026-10-09T00:33:47.0336792Z MemTotal:       16373448 kB
2026-10-09T00:33:47.0352618Z Filesystem     1024-blocks     Used Available Capacity Mounted on
2026-10-09T00:33:47.0352901Z /dev/root        151263856 64368564  86878908      43% /
2026-10-09T00:33:47.0393560Z ##[group]Run set -o pipefail
2026-10-09T00:33:47.0393739Z [36;1mset -o pipefail[0m
2026-10-09T00:33:47.0393945Z [36;1mnode scripts/check.mjs --stage 'node' 2>&1 | tee '.work-stage-node.stdout'[0m
2026-10-09T00:33:47.0439217Z shell: /usr/bin/bash -e {0}
2026-10-09T00:33:47.0439352Z env:
2026-10-09T00:33:47.0439500Z   G10_SOURCE_COMMIT: 8b4bf64639d690247cb1929a0ad0ae25af11de70
2026-10-09T00:33:47.0439680Z ##[endgroup]
2026-10-09T00:33:47.1279423Z 
2026-10-09T00:33:47.1279902Z > partybox-g10-checkers@1.0.0 build
2026-10-09T00:33:47.1280185Z > tsc --noEmit && node scripts/build.mjs
2026-10-09T00:33:47.1280299Z 
2026-10-09T00:33:54.4586009Z PASS: complete offline single-page game written to /home/runner/work/partybox-game-cores/partybox-game-cores/jobs/G10-checkers/.work/play.html; original six-piece data is read in bounded blocks.
2026-10-09T00:34:07.4862027Z PASS: checksums, authoritative schemas/manifest, pure core source, fixed corpus provenance, original offline page (delivery execution gates explicitly excluded).
2026-10-09T00:34:10.0211322Z {"status": "PASS", "positives": 4, "rejected": 21, "controls": ["wrong-part-order", "duplicate-part", "gap-offset", "wrong-part-size", "wrong-part-sha", "wrong-whole-sha", "wrong-checkout", "wrong-whole-size", "oversized-part-limit", "absolute-part-path", "wrong-helper-sha", "missing-accepted-stage", "coherent-sidecars-wrong-whole-sha", "truncated-part", "changed-part-same-size", "JOIN-removes-incomplete-output", "missing-part", "symlink-part", "extra-stale-part", "duplicate-json-key", "JOIN-keeps-existing-output"], "scope": "Real split/re-read/JOIN boundary fixture plus meaningful part/order/digest/source and incomplete-output corruptions; not game delivery acceptance"}
2026-10-09T00:34:16.9379441Z {"status":"PASS","positives":14,"rejected":127,"scope":"Independent host-validator component controls against genuine historical 30-check reports, American-only 600-frame data, actual failed International data and actual historical WebM clips, plus explicitly labeled structural identity/telemetry/relative-coordinate components and isolated counterfactual thresholds. No current browser/capture acceptance is inferred."}
2026-10-09T00:34:30.4909127Z {"status":"PASS","positives":10,"rejected":72,"scope":"Genuine current historical4000-game records replayed independently; derived partition metadata and explicit synthetic stage-schema fixtures test components only. No fresh partition execution, current hosted acceptance or CI-fit inference."}
2026-10-09T00:34:37.8875243Z {"suite":"endgame-generation","stats":{"american":{"positions":7216,"edges":16138,"wins":1552,"losses":924,"draws":4740,"maximumDtm":13,"tacticalThreeToSix":{"candidates":10931,"accepted":2000,"definition":"every legal forced capture removes the sole opposing piece"}},"international":{"positions":18070,"edges":105140,"wins":6600,"losses":4114,"draws":7356,"maximumDtm":17,"tacticalThreeToSix":{"candidates":5892,"accepted":2000,"definition":"every legal forced capture removes the sole opposing piece"}}},"totalRows":29286}
2026-10-09T00:34:44.9542209Z Two phase fixtures, projections, schemas and manifest generated.
2026-10-09T00:34:52.3018911Z {"suite":"endgame-generation","stats":{"american":{"positions":7216,"edges":16138,"wins":1552,"losses":924,"draws":4740,"maximumDtm":13,"tacticalThreeToSix":{"candidates":10931,"accepted":2000,"definition":"every legal forced capture removes the sole opposing piece"}},"international":{"positions":18070,"edges":105140,"wins":6600,"losses":4114,"draws":7356,"maximumDtm":17,"tacticalThreeToSix":{"candidates":5892,"accepted":2000,"definition":"every legal forced capture removes the sole opposing piece"}}},"totalRows":29286}
2026-10-09T00:34:59.4459124Z Two phase fixtures, projections, schemas and manifest generated.
2026-10-09T00:34:59.5045442Z {"phase": "start", "pid": 3791, "pgid": 1846}
2026-10-09T00:35:01.1084364Z {"phase": "complete", "manifest": {"schemaVersion": 1, "author": "Chinook project, University of Alberta", "archiveUrl": "https://webdocs.cs.ualberta.ca/~chinook/DataBases/DB6.zip", "termsUrl": "https://webdocs.cs.ualberta.ca/~chinook/Software/", "terms": "Free use requires acknowledgement of the Chinook project; sale of these databases is prohibited.", "formatSourceUrl": "https://webdocs.cs.ualberta.ca/~chinook/databases/code.c", "files": {"DB6.zip": {"bytes": 27701728, "sha256": "35835dae65a962eafdf5cde290bce380117445acb21819dd0e266b3b0efab3b3"}, "DB6": {"bytes": 48132029, "sha256": "baee42a2b49390edd96e5a751189366275619c941d79021f3ca45774c3e7071f"}, "DB6.idx": {"bytes": 900418, "sha256": "10cb5cfc2a8c67e18c322563c17ceef0adeac87786a16c767c4616e9a574f4fd"}}, "baseSlices": 3935, "materialCoverage": [{"pieces": 2, "pieceTypeTuples": 4, "materialSplits": [[1, 1]]}, {"pieces": 3, "pieceTypeTuples": 12, "materialSplits": [[1, 2]]}, {"pieces": 4, "pieceTypeTuples": 25, "materialSplits": [[1, 3], [2, 2]]}, {"pieces": 5, "pieceTypeTuples": 44, "materialSplits": [[1, 4], [2, 3]]}, {"pieces": 6, "pieceTypeTuples": 70, "materialSplits": [[1, 5], [2, 4], [3, 3]]}], "coverageCheckScope": "All nonempty 2\u20136 material/king/man tuples are present; probe/rank correctness requires separate independent checks.", "probeContract": "American theoretical WDL; direct stored queries require no capture for either side. Draw history is not stored."}}
2026-10-09T00:35:01.1701936Z {"phase": "start", "pid": 3793, "pgid": 1846}
2026-10-09T00:35:01.6206027Z {"phase": "complete", "manifest": {"schemaVersion": 1, "author": "Chinook project, University of Alberta", "archiveUrl": "https://webdocs.cs.ualberta.ca/~chinook/DataBases/DB6.zip", "termsUrl": "https://webdocs.cs.ualberta.ca/~chinook/Software/", "terms": "Free use requires acknowledgement of the Chinook project; sale of these databases is prohibited.", "formatSourceUrl": "https://webdocs.cs.ualberta.ca/~chinook/databases/code.c", "files": {"DB6.zip": {"bytes": 27701728, "sha256": "35835dae65a962eafdf5cde290bce380117445acb21819dd0e266b3b0efab3b3"}, "DB6": {"bytes": 48132029, "sha256": "baee42a2b49390edd96e5a751189366275619c941d79021f3ca45774c3e7071f"}, "DB6.idx": {"bytes": 900418, "sha256": "10cb5cfc2a8c67e18c322563c17ceef0adeac87786a16c767c4616e9a574f4fd"}}, "baseSlices": 3935, "materialCoverage": [{"pieces": 2, "pieceTypeTuples": 4, "materialSplits": [[1, 1]]}, {"pieces": 3, "pieceTypeTuples": 12, "materialSplits": [[1, 2]]}, {"pieces": 4, "pieceTypeTuples": 25, "materialSplits": [[1, 3], [2, 2]]}, {"pieces": 5, "pieceTypeTuples": 44, "materialSplits": [[1, 4], [2, 3]]}, {"pieces": 6, "pieceTypeTuples": 70, "materialSplits": [[1, 5], [2, 4], [3, 3]]}], "coverageCheckScope": "All nonempty 2\u20136 material/king/man tuples are present; probe/rank correctness requires separate independent checks.", "probeContract": "American theoretical WDL; direct stored queries require no capture for either side. Draw history is not stored."}}
2026-10-09T00:35:01.6718855Z TAP version 13
2026-10-09T00:35:10.3972724Z # Subtest: PVS/transposition tie handling agrees with independent exhaustive minimax and capture horizon
2026-10-09T00:35:10.3977411Z ok 1 - PVS/transposition tie handling agrees with independent exhaustive minimax and capture horizon
2026-10-09T00:35:10.3977817Z   ---
2026-10-09T00:35:10.3978018Z   duration_ms: 260.551295
2026-10-09T00:35:10.3978225Z   type: 'test'
2026-10-09T00:35:10.3978397Z   ...
2026-10-09T00:35:10.3979022Z # Subtest: independent Chinook reader decodes high-to-low ternary digits
2026-10-09T00:35:10.3979504Z ok 2 - independent Chinook reader decodes high-to-low ternary digits
2026-10-09T00:35:10.3979798Z   ---
2026-10-09T00:35:10.3979968Z   duration_ms: 0.714606
2026-10-09T00:35:10.3980164Z   type: 'test'
2026-10-09T00:35:10.3980329Z   ...
2026-10-09T00:35:10.3980690Z # Subtest: independent Chinook reader consumes default runs before ordinary records
2026-10-09T00:35:10.3981222Z ok 3 - independent Chinook reader consumes default runs before ordinary records
2026-10-09T00:35:10.3981545Z   ---
2026-10-09T00:35:10.3981710Z   duration_ms: 0.154724
2026-10-09T00:35:10.3981907Z   type: 'test'
2026-10-09T00:35:10.3982071Z   ...
2026-10-09T00:35:10.3982548Z # Subtest: independent Chinook uniform records need no binary payload
2026-10-09T00:35:10.3982985Z ok 4 - independent Chinook uniform records need no binary payload
2026-10-09T00:35:10.3983268Z   ---
2026-10-09T00:35:10.3983429Z   duration_ms: 0.083336
2026-10-09T00:35:10.3983619Z   type: 'test'
2026-10-09T00:35:10.3983784Z   ...
2026-10-09T00:35:10.3984186Z # Subtest: independent Chinook raw stored probe rejects current-side and opponent-only captures
2026-10-09T00:35:10.3984786Z ok 5 - independent Chinook raw stored probe rejects current-side and opponent-only captures
2026-10-09T00:35:10.3985140Z   ---
2026-10-09T00:35:10.3985304Z   duration_ms: 0.155645
2026-10-09T00:35:10.3985491Z   type: 'test'
2026-10-09T00:35:10.3985660Z   ...
2026-10-09T00:35:10.3986022Z # Subtest: independent Chinook reader rejects malformed or out-of-bounds index records
2026-10-09T00:35:10.3986562Z ok 6 - independent Chinook reader rejects malformed or out-of-bounds index records
2026-10-09T00:35:10.3986897Z   ---
2026-10-09T00:35:10.3987062Z   duration_ms: 0.199191
2026-10-09T00:35:10.3987249Z   type: 'test'
2026-10-09T00:35:10.3987417Z   ...
2026-10-09T00:35:10.3987780Z # Subtest: acquired full American corpus bytes/index match fixed primary-source hashes
2026-10-09T00:35:10.3988315Z ok 7 - acquired full American corpus bytes/index match fixed primary-source hashes
2026-10-09T00:35:10.3993558Z   ---
2026-10-09T00:35:10.3993725Z   duration_ms: 22.83191
2026-10-09T00:35:10.3993915Z   type: 'test'
2026-10-09T00:35:10.3994084Z   ...
2026-10-09T00:35:10.3994526Z # Subtest: both independent corpus readers match exact fully closed two-piece WDL where wire format applies
2026-10-09T00:35:10.3995193Z ok 8 - both independent corpus readers match exact fully closed two-piece WDL where wire format applies
2026-10-09T00:35:10.3995580Z   ---
2026-10-09T00:35:10.3995748Z   duration_ms: 203.628432
2026-10-09T00:35:10.3995943Z   type: 'test'
2026-10-09T00:35:10.3996115Z   ...
2026-10-09T00:35:10.3996924Z # Subtest: 10,000 mixed2–6piece production ranks/decodes equal independent enumeration and reject capture threats
2026-10-09T00:35:10.3997439Z ok 9 - 10,000 mixed2–6piece production ranks/decodes equal independent enumeration and reject capture threats
2026-10-09T00:35:10.3997693Z   ---
2026-10-09T00:35:10.3997801Z   duration_ms: 285.725043
2026-10-09T00:35:10.3997926Z   type: 'test'
2026-10-09T00:35:10.3998034Z   ...
2026-10-09T00:35:10.3998292Z # Subtest: production corpus factory snapshots inputs and rejects damaged or incompatible metadata
2026-10-09T00:35:10.3998944Z ok 10 - production corpus factory snapshots inputs and rejects damaged or incompatible metadata
2026-10-09T00:35:10.3999179Z   ---
2026-10-09T00:35:10.3999283Z   duration_ms: 0.728288
2026-10-09T00:35:10.3999432Z   type: 'test'
2026-10-09T00:35:10.3999600Z   ...
2026-10-09T00:35:10.3999858Z # Subtest: contract manifest/counts/settings and deterministic initial boards
2026-10-09T00:35:10.4000274Z ok 11 - contract manifest/counts/settings and deterministic initial boards
2026-10-09T00:35:10.4000467Z   ---
2026-10-09T00:35:10.4000574Z   duration_ms: 1.260329
2026-10-09T00:35:10.4000726Z   type: 'test'
2026-10-09T00:35:10.4000896Z   ...
2026-10-09T00:35:10.4001229Z # Subtest: contract total immutable reducer ignores malformed/unknown events in both phases
2026-10-09T00:35:10.4001639Z ok 12 - contract total immutable reducer ignores malformed/unknown events in both phases
2026-10-09T00:35:10.4001948Z   ---
2026-10-09T00:35:10.4002053Z   duration_ms: 2.682772
2026-10-09T00:35:10.4002174Z   type: 'test'
2026-10-09T00:35:10.4002279Z   ...
2026-10-09T00:35:10.4002491Z # Subtest: contract live timer requires exact phase instance and elapsed deadline
2026-10-09T00:35:10.4002800Z ok 13 - contract live timer requires exact phase instance and elapsed deadline
2026-10-09T00:35:10.4002996Z   ---
2026-10-09T00:35:10.4003099Z   duration_ms: 0.195194
2026-10-09T00:35:10.4003220Z   type: 'test'
2026-10-09T00:35:10.4003329Z   ...
2026-10-09T00:35:10.4003633Z # Subtest: VIP pause/resume shifts only the deadline; skip/end remain available
2026-10-09T00:35:10.4003938Z ok 14 - VIP pause/resume shifts only the deadline; skip/end remain available
2026-10-09T00:35:10.4004128Z   ---
2026-10-09T00:35:10.4004231Z   duration_ms: 1.773842
2026-10-09T00:35:10.4004406Z   type: 'test'
2026-10-09T00:35:10.4004572Z   ...
2026-10-09T00:35:10.4004908Z # Subtest: presence auto-holds empty rooms, resumes clocks and permanently preserves leavers
2026-10-09T00:35:10.4005303Z ok 15 - presence auto-holds empty rooms, resumes clocks and permanently preserves leavers
2026-10-09T00:35:10.4005582Z   ---
2026-10-09T00:35:10.4005686Z   duration_ms: 2.028977
2026-10-09T00:35:10.4005804Z   type: 'test'
2026-10-09T00:35:10.4005911Z   ...
2026-10-09T00:35:10.4006141Z # Subtest: hostile seat IDs, public view equality, spectator safety and cloned projections
2026-10-09T00:35:10.4006518Z ok 16 - hostile seat IDs, public view equality, spectator safety and cloned projections
2026-10-09T00:35:10.4006851Z   ---
2026-10-09T00:35:10.4007006Z   duration_ms: 1.655204
2026-10-09T00:35:10.4007150Z   type: 'test'
2026-10-09T00:35:10.4007257Z   ...
2026-10-09T00:35:10.4007570Z # Subtest: complete legal inputs and terminal scores preserve every original seat
2026-10-09T00:35:10.4007881Z ok 17 - complete legal inputs and terminal scores preserve every original seat
2026-10-09T00:35:10.4008079Z   ---
2026-10-09T00:35:10.4008181Z   duration_ms: 1.28064
2026-10-09T00:35:10.4008300Z   type: 'test'
2026-10-09T00:35:10.4008406Z   ...
2026-10-09T00:35:10.4008722Z # Subtest: all three bot levels are schema-valid deterministic pure choices in every phase/role
2026-10-09T00:35:10.4009081Z ok 18 - all three bot levels are schema-valid deterministic pure choices in every phase/role
2026-10-09T00:35:10.4009300Z   ---
2026-10-09T00:35:10.4009408Z   duration_ms: 121.143411
2026-10-09T00:35:10.4009531Z   type: 'test'
2026-10-09T00:35:10.4009636Z   ...
2026-10-09T00:35:53.0372739Z # Subtest: manifest and every generated phase fixture replay without throwing
2026-10-09T00:35:53.0375093Z ok 19 - manifest and every generated phase fixture replay without throwing
2026-10-09T00:35:53.0377429Z   ---
2026-10-09T00:35:53.0377931Z   duration_ms: 4.445954
2026-10-09T00:35:53.0378169Z   type: 'test'
2026-10-09T00:35:53.0378345Z   ...
2026-10-09T00:35:53.0378979Z # Subtest: authoritative state/data schemas validate generated files and reject corrupt rows
2026-10-09T00:35:53.0379589Z ok 20 - authoritative state/data schemas validate generated files and reject corrupt rows
2026-10-09T00:35:53.0379950Z   ---
2026-10-09T00:35:53.0380126Z   duration_ms: 119.790475
2026-10-09T00:35:53.0380330Z   type: 'test'
2026-10-09T00:35:53.0380497Z   ...
2026-10-09T00:35:53.0380869Z # Subtest: source-backed forty/25 move allowances use both players, with exact boundary
2026-10-09T00:35:53.0381412Z ok 21 - source-backed forty/25 move allowances use both players, with exact boundary
2026-10-09T00:35:53.0381750Z   ---
2026-10-09T00:35:53.0382218Z   duration_ms: 0.450419
2026-10-09T00:35:53.0382416Z   type: 'test'
2026-10-09T00:35:53.0382584Z   ...
2026-10-09T00:35:53.0382974Z # Subtest: quiet king moves increment while every man move and capture reset counters/history
2026-10-09T00:35:53.0383550Z ok 22 - quiet king moves increment while every man move and capture reset counters/history
2026-10-09T00:35:53.0383904Z   ---
2026-10-09T00:35:53.0384067Z   duration_ms: 0.96116
2026-10-09T00:35:53.0384256Z   type: 'test'
2026-10-09T00:35:53.0384422Z   ...
2026-10-09T00:35:53.0384747Z # Subtest: threefold includes side to move and can be disabled explicitly
2026-10-09T00:35:53.0385211Z ok 23 - threefold includes side to move and can be disabled explicitly
2026-10-09T00:35:53.0385507Z   ---
2026-10-09T00:35:53.0385671Z   duration_ms: 0.156376
2026-10-09T00:35:53.0385858Z   type: 'test'
2026-10-09T00:35:53.0386023Z   ...
2026-10-09T00:35:53.0386418Z # Subtest: official king windows start after creation, preserve old deadlines and intersect
2026-10-09T00:35:53.0387142Z ok 24 - official king windows start after creation, preserve old deadlines and intersect
2026-10-09T00:35:53.0387490Z   ---
2026-10-09T00:35:53.0387653Z   duration_ms: 0.372512
2026-10-09T00:35:53.0387845Z   type: 'test'
2026-10-09T00:35:53.0388014Z   ...
2026-10-09T00:35:53.0388421Z # Subtest: latest FMJD large diagonal has a five-each window only when occupied solely by weak king
2026-10-09T00:35:53.0388956Z ok 25 - latest FMJD large diagonal has a five-each window only when occupied solely by weak king
2026-10-09T00:35:53.0389190Z   ---
2026-10-09T00:35:53.0389297Z   duration_ms: 0.17892
2026-10-09T00:35:53.0389418Z   type: 'test'
2026-10-09T00:35:53.0389525Z   ...
2026-10-09T00:35:53.0389759Z # Subtest: published32-ply FMJD regression draws when original16-each window expires
2026-10-09T00:35:53.0390089Z ok 26 - published32-ply FMJD regression draws when original16-each window expires
2026-10-09T00:35:53.0390291Z   ---
2026-10-09T00:35:53.0390396Z   duration_ms: 1.304097
2026-10-09T00:35:53.0390521Z   type: 'test'
2026-10-09T00:35:53.0390632Z   ...
2026-10-09T00:35:53.0390865Z # Subtest: last permitted move capturing final opponent wins before a draw counter expires
2026-10-09T00:35:53.0391208Z ok 27 - last permitted move capturing final opponent wins before a draw counter expires
2026-10-09T00:35:53.0391420Z   ---
2026-10-09T00:35:53.0391525Z   duration_ms: 0.128924
2026-10-09T00:35:53.0391646Z   type: 'test'
2026-10-09T00:35:53.0391749Z   ...
2026-10-09T00:35:53.0392022Z # Subtest: optimized ending classification matches independently counted material and diagonal memberships
2026-10-09T00:35:53.0392438Z ok 28 - optimized ending classification matches independently counted material and diagonal memberships
2026-10-09T00:35:53.0392678Z   ---
2026-10-09T00:35:53.0392784Z   duration_ms: 45.168645
2026-10-09T00:35:53.0392912Z   type: 'test'
2026-10-09T00:35:53.0393016Z   ...
2026-10-09T00:35:53.0393208Z # Subtest: independent WDL never labels a truncated king graph as draw
2026-10-09T00:35:53.0393489Z ok 29 - independent WDL never labels a truncated king graph as draw
2026-10-09T00:35:53.0393672Z   ---
2026-10-09T00:35:53.0393775Z   duration_ms: 0.254053
2026-10-09T00:35:53.0393894Z   type: 'test'
2026-10-09T00:35:53.0394001Z   ...
2026-10-09T00:35:53.0394218Z # Subtest: independent WDL certifies complete six-piece forced-capture components
2026-10-09T00:35:53.0399243Z ok 30 - independent WDL certifies complete six-piece forced-capture components
2026-10-09T00:35:53.0399580Z   ---
2026-10-09T00:35:53.0399744Z   duration_ms: 0.413734
2026-10-09T00:35:53.0399936Z   type: 'test'
2026-10-09T00:35:53.0400105Z   ...
2026-10-09T00:35:53.0400527Z # Subtest: independent complete one-vs-one man/king domains have valid WDL and distance certificates
2026-10-09T00:35:53.0401171Z ok 31 - independent complete one-vs-one man/king domains have valid WDL and distance certificates
2026-10-09T00:35:53.0401542Z   ---
2026-10-09T00:35:53.0401708Z   duration_ms: 560.978069
2026-10-09T00:35:53.0401902Z   type: 'test'
2026-10-09T00:35:53.0402210Z   ...
2026-10-09T00:35:53.0402624Z # Subtest: production complete one-vs-one lookup matches independent WDL AND distance on every row
2026-10-09T00:35:53.0403241Z ok 32 - production complete one-vs-one lookup matches independent WDL AND distance on every row
2026-10-09T00:35:53.0403606Z   ---
2026-10-09T00:35:53.0403773Z   duration_ms: 459.988873
2026-10-09T00:35:53.0403964Z   type: 'test'
2026-10-09T00:35:53.0404130Z   ...
2026-10-09T00:35:53.0404496Z # Subtest: every generated three-to-six witness is independently one-turn terminal win
2026-10-09T00:35:53.0405031Z ok 33 - every generated three-to-six witness is independently one-turn terminal win
2026-10-09T00:35:53.0405295Z   ---
2026-10-09T00:35:53.0405402Z   duration_ms: 62.825886
2026-10-09T00:35:53.0405525Z   type: 'test'
2026-10-09T00:35:53.0405631Z   ...
2026-10-09T00:35:53.0405904Z # Subtest: six-piece full jumps and installed quiet draws resolve while absent or oversized data stays unknown
2026-10-09T00:35:53.0406449Z ok 34 - six-piece full jumps and installed quiet draws resolve while absent or oversized data stays unknown
2026-10-09T00:35:53.0406693Z   ---
2026-10-09T00:35:53.0406798Z   duration_ms: 8.143953
2026-10-09T00:35:53.0406919Z   type: 'test'
2026-10-09T00:35:53.0407025Z   ...
2026-10-09T00:35:53.0407269Z # Subtest: exact generator/dataset includes all legal one-per-side roots and cloned coverage
2026-10-09T00:35:53.0407627Z ok 35 - exact generator/dataset includes all legal one-per-side roots and cloned coverage
2026-10-09T00:35:53.0407845Z   ---
2026-10-09T00:35:53.0407953Z   duration_ms: 31.020446
2026-10-09T00:35:53.0408075Z   type: 'test'
2026-10-09T00:35:53.0408180Z   ...
2026-10-09T00:35:53.0408441Z # Subtest: actual public default has all41 files/156 slices and agrees with all10k native/reference cases
2026-10-09T00:35:53.0409168Z ok 36 - actual public default has all41 files/156 slices and agrees with all10k native/reference cases
2026-10-09T00:35:53.0409548Z   ---
2026-10-09T00:35:53.0409716Z   duration_ms: 1234.60579
2026-10-09T00:35:53.0409910Z   type: 'test'
2026-10-09T00:35:53.0410079Z   ...
2026-10-09T00:35:53.0410484Z # Subtest: actual default Strong game respects captures, official/house clocks and third repetition
2026-10-09T00:35:53.0411105Z ok 37 - actual default Strong game respects captures, official/house clocks and third repetition
2026-10-09T00:35:53.0411469Z   ---
2026-10-09T00:35:53.0411632Z   duration_ms: 95.612697
2026-10-09T00:35:53.0411826Z   type: 'test'
2026-10-09T00:35:53.0411990Z   ...
2026-10-09T00:35:53.0412402Z # Subtest: 48 predeclared default/block transactions preserve every report field and random cursor
2026-10-09T00:35:53.0413028Z ok 38 - 48 predeclared default/block transactions preserve every report field and random cursor
2026-10-09T00:35:53.0413389Z   ---
2026-10-09T00:35:53.0413558Z   duration_ms: 18836.410844
2026-10-09T00:35:53.0413756Z   type: 'test'
2026-10-09T00:35:53.0413923Z   ...
2026-10-09T00:35:53.0414359Z # Subtest: three complete game transcripts match default/block decisions and independent legal transitions
2026-10-09T00:35:53.0414802Z ok 39 - three complete game transcripts match default/block decisions and independent legal transitions
2026-10-09T00:35:53.0415044Z   ---
2026-10-09T00:35:53.0415148Z   duration_ms: 15493.430878
2026-10-09T00:35:53.0415301Z   type: 'test'
2026-10-09T00:35:53.0415408Z   ...
2026-10-09T00:35:53.0415674Z # Subtest: immutable encoded and block transports equal all10k retained independent/native WLD outcomes
2026-10-09T00:35:53.0416066Z ok 40 - immutable encoded and block transports equal all10k retained independent/native WLD outcomes
2026-10-09T00:35:53.0416300Z   ---
2026-10-09T00:35:53.0416482Z   duration_ms: 662.497513
2026-10-09T00:35:53.0416616Z   type: 'test'
2026-10-09T00:35:53.0416722Z   ...
2026-10-09T00:35:53.0416961Z # Subtest: an absent nonuniform block is explicit; uniform slices require no synthetic bytes
2026-10-09T00:35:53.0417315Z ok 41 - an absent nonuniform block is explicit; uniform slices require no synthetic bytes
2026-10-09T00:35:53.0417638Z   ---
2026-10-09T00:35:53.0417829Z   duration_ms: 111.723507
2026-10-09T00:35:53.0427798Z   type: 'test'
2026-10-09T00:35:53.0429930Z   ...
2026-10-09T00:35:53.0430355Z # Subtest: transaction retries require all missing original blocks and then equal native outcomes
2026-10-09T00:35:53.0430887Z ok 42 - transaction retries require all missing original blocks and then equal native outcomes
2026-10-09T00:35:53.0431116Z   ---
2026-10-09T00:35:53.0431230Z   duration_ms: 33.410408
2026-10-09T00:35:53.0431366Z   type: 'test'
2026-10-09T00:35:53.0431479Z   ...
2026-10-09T00:35:53.0431766Z # Subtest: encoded lists, block buffers, source metadata and dictionary inputs remain immutable snapshots
2026-10-09T00:35:53.0432188Z ok 43 - encoded lists, block buffers, source metadata and dictionary inputs remain immutable snapshots
2026-10-09T00:35:53.0432427Z   ---
2026-10-09T00:35:53.0432537Z   duration_ms: 38.586904
2026-10-09T00:35:53.0432669Z   type: 'test'
2026-10-09T00:35:53.0432788Z   ...
2026-10-09T00:35:53.0433177Z # Subtest: canonical encoding and bounded block metadata reject corrupt input before probing
2026-10-09T00:35:53.0433535Z ok 44 - canonical encoding and bounded block metadata reject corrupt input before probing
2026-10-09T00:35:53.0433758Z   ---
2026-10-09T00:35:53.0433864Z   duration_ms: 2.725129
2026-10-09T00:35:53.0433989Z   type: 'test'
2026-10-09T00:35:53.0434100Z   ...
2026-10-09T00:35:53.0434342Z # Subtest: one-byte final blocks and nonaligned encoded ranges match the full snapshot decoder
2026-10-09T00:35:53.0434699Z ok 45 - one-byte final blocks and nonaligned encoded ranges match the full snapshot decoder
2026-10-09T00:35:53.0434925Z   ---
2026-10-09T00:35:53.0435031Z   duration_ms: 26.085112
2026-10-09T00:35:53.0435155Z   type: 'test'
2026-10-09T00:35:53.0435266Z   ...
2026-10-09T00:35:53.0435905Z # Subtest: production actual2–5 WLD/ranks match 10,000 retained original C++ and independent queries
2026-10-09T00:35:53.0436452Z ok 46 - production actual2–5 WLD/ranks match 10,000 retained original C++ and independent queries
2026-10-09T00:35:53.0436877Z   ---
2026-10-09T00:35:53.0436991Z   duration_ms: 193.798029
2026-10-09T00:35:53.0437123Z   type: 'test'
2026-10-09T00:35:53.0437238Z   ...
2026-10-09T00:35:53.0437475Z # Subtest: actual International dictionary/data match pinned licensed-source hashes
2026-10-09T00:35:53.0437806Z ok 47 - actual International dictionary/data match pinned licensed-source hashes
2026-10-09T00:35:53.0438012Z   ---
2026-10-09T00:35:53.0438125Z   duration_ms: 0.208394
2026-10-09T00:35:53.0438251Z   type: 'test'
2026-10-09T00:35:53.0438361Z   ...
2026-10-09T00:35:53.0438775Z # Subtest: production/reference International probes agree with independently closed full two-piece WLD
2026-10-09T00:35:53.0439183Z ok 48 - production/reference International probes agree with independently closed full two-piece WLD
2026-10-09T00:35:53.0439426Z   ---
2026-10-09T00:35:53.0439537Z   duration_ms: 839.774666
2026-10-09T00:35:53.0439663Z   type: 'test'
2026-10-09T00:35:53.0439775Z   ...
2026-10-09T00:35:53.0440034Z # Subtest: 10,000 International material/orientation ranks agree with separately authored reference
2026-10-09T00:35:53.0440420Z ok 49 - 10,000 International material/orientation ranks agree with separately authored reference
2026-10-09T00:35:53.0440647Z   ---
2026-10-09T00:35:53.0440755Z   duration_ms: 85.590558
2026-10-09T00:35:53.0440883Z   type: 'test'
2026-10-09T00:35:53.0440990Z   ...
2026-10-09T00:35:53.0441249Z # Subtest: International constructor snapshots buffers and rejects corrupt dictionaries/index metadata
2026-10-09T00:35:53.0441649Z ok 50 - International constructor snapshots buffers and rejects corrupt dictionaries/index metadata
2026-10-09T00:35:53.0441887Z   ---
2026-10-09T00:35:53.0441993Z   duration_ms: 9.152741
2026-10-09T00:35:53.0442118Z   type: 'test'
2026-10-09T00:35:53.0442226Z   ...
2026-10-09T00:35:53.0442450Z # Subtest: production rules: American forced complete double jump excludes quiet moves
2026-10-09T00:35:53.0442889Z ok 51 - production rules: American forced complete double jump excludes quiet moves
2026-10-09T00:35:53.0443100Z   ---
2026-10-09T00:35:53.0443207Z   duration_ms: 0.448326
2026-10-09T00:35:53.0443332Z   type: 'test'
2026-10-09T00:35:53.0443443Z   ...
2026-10-09T00:35:53.0443686Z # Subtest: production rules: American crown ends capture even with backward king jump available
2026-10-09T00:35:53.0444052Z ok 52 - production rules: American crown ends capture even with backward king jump available
2026-10-09T00:35:53.0444280Z   ---
2026-10-09T00:35:53.0444389Z   duration_ms: 0.109765
2026-10-09T00:35:53.0444514Z   type: 'test'
2026-10-09T00:35:53.0444625Z   ...
2026-10-09T00:35:53.0444876Z # Subtest: production rules: International man passes crown row and remains man after continuing
2026-10-09T00:35:53.0445255Z ok 53 - production rules: International man passes crown row and remains man after continuing
2026-10-09T00:35:53.0445483Z   ---
2026-10-09T00:35:53.0445589Z   duration_ms: 0.112199
2026-10-09T00:35:53.0445714Z   type: 'test'
2026-10-09T00:35:53.0445822Z   ...
2026-10-09T00:35:53.0446165Z # Subtest: production rules: International global longest route excludes another piece short route
2026-10-09T00:35:53.0446540Z ok 54 - production rules: International global longest route excludes another piece short route
2026-10-09T00:35:53.0446767Z   ---
2026-10-09T00:35:53.0446876Z   duration_ms: 0.073601
2026-10-09T00:35:53.0446997Z   type: 'test'
2026-10-09T00:35:53.0447105Z   ...
2026-10-09T00:35:53.0447364Z # Subtest: production rules: American permits shorter route from a different piece
2026-10-09T00:35:53.0447686Z ok 55 - production rules: American permits shorter route from a different piece
2026-10-09T00:35:53.0447890Z   ---
2026-10-09T00:35:53.0447998Z   duration_ms: 0.146311
2026-10-09T00:35:53.0448119Z   type: 'test'
2026-10-09T00:35:53.0448233Z   ...
2026-10-09T00:35:53.0448606Z # Subtest: production rules: International taken pieces block reversing king between two enemies
2026-10-09T00:35:53.0448983Z ok 56 - production rules: International taken pieces block reversing king between two enemies
2026-10-09T00:35:53.0449211Z   ---
2026-10-09T00:35:53.0449317Z   duration_ms: 0.23221
2026-10-09T00:35:53.0449439Z   type: 'test'
2026-10-09T00:35:53.0449548Z   ...
2026-10-09T00:35:53.0449752Z # Subtest: production rules: International uncrowned man captures backwards
2026-10-09T00:35:53.0450042Z ok 57 - production rules: International uncrowned man captures backwards
2026-10-09T00:35:53.0450230Z   ---
2026-10-09T00:35:53.0450338Z   duration_ms: 0.064126
2026-10-09T00:35:53.0450459Z   type: 'test'
2026-10-09T00:35:53.0450568Z   ...
2026-10-09T00:35:53.0450774Z # Subtest: production rules: American uncrowned man cannot capture backwards
2026-10-09T00:35:53.0451066Z ok 58 - production rules: American uncrowned man cannot capture backwards
2026-10-09T00:35:53.0451259Z   ---
2026-10-09T00:35:53.0451368Z   duration_ms: 0.052469
2026-10-09T00:35:53.0451492Z   type: 'test'
2026-10-09T00:35:53.0451601Z   ...
2026-10-09T00:35:53.0451827Z # Subtest: production rules: American king may return to origin in a four-enemy capture
2026-10-09T00:35:53.0452164Z ok 59 - production rules: American king may return to origin in a four-enemy capture
2026-10-09T00:35:53.0452372Z   ---
2026-10-09T00:35:53.0452474Z   duration_ms: 0.054853
2026-10-09T00:35:53.0452598Z   type: 'test'
2026-10-09T00:35:53.0452706Z   ...
2026-10-09T00:35:53.0452924Z # Subtest: production rules: American short king has only adjacent quiet destinations
2026-10-09T00:35:53.0453252Z ok 60 - production rules: American short king has only adjacent quiet destinations
2026-10-09T00:35:53.0453453Z   ---
2026-10-09T00:35:53.0453558Z   duration_ms: 0.057166
2026-10-09T00:35:53.0453685Z   type: 'test'
2026-10-09T00:35:53.0453793Z   ...
2026-10-09T00:35:53.0454049Z # Subtest: 10,000 independent move differentials plus color-rotated twins and every resulting board
2026-10-09T00:35:53.0454426Z ok 61 - 10,000 independent move differentials plus color-rotated twins and every resulting board
2026-10-09T00:35:53.0454797Z   ---
2026-10-09T00:35:53.0454905Z   duration_ms: 444.053196
2026-10-09T00:35:53.0455032Z   type: 'test'
2026-10-09T00:35:53.0455137Z   ...
2026-10-09T00:35:53.0455401Z # Subtest: property seeds1,2,3 plus1,000 recorded random seeds conserve material and deterministic replay
2026-10-09T00:35:53.0455805Z ok 62 - property seeds1,2,3 plus1,000 recorded random seeds conserve material and deterministic replay
2026-10-09T00:35:53.0456040Z   ---
2026-10-09T00:35:53.0456151Z   duration_ms: 3112.154588
2026-10-09T00:35:53.0456283Z   type: 'test'
2026-10-09T00:35:53.0456390Z   ...
2026-10-09T00:35:53.0456676Z # Subtest: purity scanner distinguishes actual host identifiers from comments, strings and local draw windows
2026-10-09T00:35:53.0457122Z ok 63 - purity scanner distinguishes actual host identifiers from comments, strings and local draw windows
2026-10-09T00:35:53.0457372Z   ---
2026-10-09T00:35:53.0457475Z   duration_ms: 9.202967
2026-10-09T00:35:53.0457594Z   type: 'test'
2026-10-09T00:35:53.0457703Z   ...
2026-10-09T00:35:53.0458040Z # Subtest: all delivered pure production modules pass AST inspection; host adapters are explicit
2026-10-09T00:35:53.0458442Z ok 64 - all delivered pure production modules pass AST inspection; host adapters are explicit
2026-10-09T00:35:53.0458989Z   ---
2026-10-09T00:35:53.0459105Z   duration_ms: 71.768226
2026-10-09T00:35:53.0459231Z   type: 'test'
2026-10-09T00:35:53.0459339Z   ...
2026-10-09T00:35:53.0459560Z # Subtest: independent International rank has exact back-rank group boundaries
2026-10-09T00:35:53.0459874Z ok 65 - independent International rank has exact back-rank group boundaries
2026-10-09T00:35:53.0460076Z   ---
2026-10-09T00:35:53.0460184Z   duration_ms: 0.40443
2026-10-09T00:35:53.0460308Z   type: 'test'
2026-10-09T00:35:53.0460414Z   ...
2026-10-09T00:35:53.0460615Z # Subtest: all two-piece material ranks are complete independent bijections
2026-10-09T00:35:53.0460916Z ok 66 - all two-piece material ranks are complete independent bijections
2026-10-09T00:35:53.0461116Z   ---
2026-10-09T00:35:53.0461227Z   duration_ms: 19.243967
2026-10-09T00:35:53.0461355Z   type: 'test'
2026-10-09T00:35:53.0461463Z   ...
2026-10-09T00:35:53.0461659Z # Subtest: rotation and colour reversal preserve canonical location
2026-10-09T00:35:53.0461931Z ok 67 - rotation and colour reversal preserve canonical location
2026-10-09T00:35:53.0462104Z   ---
2026-10-09T00:35:53.0462209Z   duration_ms: 0.419272
2026-10-09T00:35:53.0462331Z   type: 'test'
2026-10-09T00:35:53.0462442Z   ...
2026-10-09T00:35:53.0462601Z # Subtest: six-piece ranks include 3v3 and 5v1 kings
2026-10-09T00:35:53.0462811Z ok 68 - six-piece ranks include 3v3 and 5v1 kings
2026-10-09T00:35:53.0462970Z   ---
2026-10-09T00:35:53.0463078Z   duration_ms: 0.078067
2026-10-09T00:35:53.0463201Z   type: 'test'
2026-10-09T00:35:53.0463309Z   ...
2026-10-09T00:35:53.0463538Z # Subtest: invalid crowns, side, board and out-of-scope material do not produce ranks
2026-10-09T00:35:53.0463868Z ok 69 - invalid crowns, side, board and out-of-scope material do not produce ranks
2026-10-09T00:35:53.0464080Z   ---
2026-10-09T00:35:53.0464186Z   duration_ms: 0.050486
2026-10-09T00:35:53.0464310Z   type: 'test'
2026-10-09T00:35:53.0464418Z   ...
2026-10-09T00:35:53.0464633Z # Subtest: synthetic token mapping and uniform slice decode without mutation
2026-10-09T00:35:53.0464949Z ok 70 - synthetic token mapping and uniform slice decode without mutation
2026-10-09T00:35:53.0465149Z   ---
2026-10-09T00:35:53.0465256Z   duration_ms: 4.369158
2026-10-09T00:35:53.0465375Z   type: 'test'
2026-10-09T00:35:53.0465479Z   ...
2026-10-09T00:35:53.0465693Z # Subtest: synthetic checkpoint changes catalogue at the physical block boundary
2026-10-09T00:35:53.0466013Z ok 71 - synthetic checkpoint changes catalogue at the physical block boundary
2026-10-09T00:35:53.0466211Z   ---
2026-10-09T00:35:53.0466314Z   duration_ms: 0.794989
2026-10-09T00:35:53.0466436Z   type: 'test'
2026-10-09T00:35:53.0466544Z   ...
2026-10-09T00:35:53.0466907Z # Subtest: a token uses a declared-length prefix of a longer shared run record
2026-10-09T00:35:53.0467226Z ok 72 - a token uses a declared-length prefix of a longer shared run record
2026-10-09T00:35:53.0467434Z   ---
2026-10-09T00:35:53.0467542Z   duration_ms: 0.676951
2026-10-09T00:35:53.0467671Z   type: 'test'
2026-10-09T00:35:53.0467779Z   ...
2026-10-09T00:35:53.0468032Z # Subtest: current captures are excluded but opponent-only threats are valid for v2 at <=6
2026-10-09T00:35:53.0468409Z ok 73 - current captures are excluded but opponent-only threats are valid for v2 at <=6
2026-10-09T00:35:53.0468805Z   ---
2026-10-09T00:35:53.0468915Z   duration_ms: 3.195909
2026-10-09T00:35:53.0469041Z   type: 'test'
2026-10-09T00:35:53.0469151Z   ...
2026-10-09T00:35:53.0469357Z # Subtest: malformed dictionary, permutation and checkpoint are rejected
2026-10-09T00:35:53.0469657Z ok 74 - malformed dictionary, permutation and checkpoint are rejected
2026-10-09T00:35:53.0469860Z   ---
2026-10-09T00:35:53.0469975Z   duration_ms: 0.419672
2026-10-09T00:35:53.0470101Z   type: 'test'
2026-10-09T00:35:53.0470380Z   ...
2026-10-09T00:35:53.0470627Z # Subtest: actual licensed two-piece sample agrees with exact corner and quiet-king cases
2026-10-09T00:35:53.0471005Z ok 75 - actual licensed two-piece sample agrees with exact corner and quiet-king cases
2026-10-09T00:35:53.0471235Z   ---
2026-10-09T00:35:53.0471348Z   duration_ms: 8.081325
2026-10-09T00:35:53.0471473Z   type: 'test'
2026-10-09T00:35:53.0471583Z   ...
2026-10-09T00:35:53.0471823Z # Subtest: independent oracle: American forced complete double jump excludes quiet moves
2026-10-09T00:35:53.0472191Z ok 76 - independent oracle: American forced complete double jump excludes quiet moves
2026-10-09T00:35:53.0472417Z   ---
2026-10-09T00:35:53.0472526Z   duration_ms: 0.296868
2026-10-09T00:35:53.0472652Z   type: 'test'
2026-10-09T00:35:53.0472762Z   ...
2026-10-09T00:35:53.0473021Z # Subtest: independent oracle: American crown ends capture even with backward king jump available
2026-10-09T00:35:53.0473425Z ok 77 - independent oracle: American crown ends capture even with backward king jump available
2026-10-09T00:35:53.0473662Z   ---
2026-10-09T00:35:53.0473770Z   duration_ms: 0.054822
2026-10-09T00:35:53.0473894Z   type: 'test'
2026-10-09T00:35:53.0474005Z   ...
2026-10-09T00:35:53.0474272Z # Subtest: independent oracle: International man passes crown row and remains man after continuing
2026-10-09T00:35:53.0474692Z ok 78 - independent oracle: International man passes crown row and remains man after continuing
2026-10-09T00:35:53.0474939Z   ---
2026-10-09T00:35:53.0475052Z   duration_ms: 0.035674
2026-10-09T00:35:53.0475184Z   type: 'test'
2026-10-09T00:35:53.0475297Z   ...
2026-10-09T00:35:53.0475552Z # Subtest: independent oracle: International global longest route excludes another piece short route
2026-10-09T00:35:53.0475962Z ok 79 - independent oracle: International global longest route excludes another piece short route
2026-10-09T00:35:53.0476204Z   ---
2026-10-09T00:35:53.0476313Z   duration_ms: 0.036114
2026-10-09T00:35:53.0476438Z   type: 'test'
2026-10-09T00:35:53.0476552Z   ...
2026-10-09T00:35:53.0476787Z # Subtest: independent oracle: American permits shorter route from a different piece
2026-10-09T00:35:53.0477142Z ok 80 - independent oracle: American permits shorter route from a different piece
2026-10-09T00:35:53.0477364Z   ---
2026-10-09T00:35:53.0477474Z   duration_ms: 0.034672
2026-10-09T00:35:53.0477601Z   type: 'test'
2026-10-09T00:35:53.0477714Z   ...
2026-10-09T00:35:53.0477979Z # Subtest: independent oracle: International taken pieces block reversing king between two enemies
2026-10-09T00:35:53.0478387Z ok 81 - independent oracle: International taken pieces block reversing king between two enemies
2026-10-09T00:35:53.0478791Z   ---
2026-10-09T00:35:53.0478898Z   duration_ms: 0.136275
2026-10-09T00:35:53.0479022Z   type: 'test'
2026-10-09T00:35:53.0479136Z   ...
2026-10-09T00:35:53.0479360Z # Subtest: independent oracle: International uncrowned man captures backwards
2026-10-09T00:35:53.0479787Z ok 82 - independent oracle: International uncrowned man captures backwards
2026-10-09T00:35:53.0479998Z   ---
2026-10-09T00:35:53.0480111Z   duration_ms: 0.039931
2026-10-09T00:35:53.0480242Z   type: 'test'
2026-10-09T00:35:53.0480348Z   ...
2026-10-09T00:35:53.0480572Z # Subtest: independent oracle: American uncrowned man cannot capture backwards
2026-10-09T00:35:53.0480947Z ok 83 - independent oracle: American uncrowned man cannot capture backwards
2026-10-09T00:35:53.0481148Z   ---
2026-10-09T00:35:53.0481259Z   duration_ms: 0.035193
2026-10-09T00:35:53.0481384Z   type: 'test'
2026-10-09T00:35:53.0481494Z   ...
2026-10-09T00:35:53.0481733Z # Subtest: independent oracle: American king may return to origin in a four-enemy capture
2026-10-09T00:35:53.0482097Z ok 84 - independent oracle: American king may return to origin in a four-enemy capture
2026-10-09T00:35:53.0482320Z   ---
2026-10-09T00:35:53.0482428Z   duration_ms: 0.036165
2026-10-09T00:35:53.0482557Z   type: 'test'
2026-10-09T00:35:53.0482673Z   ...
2026-10-09T00:35:53.0482998Z # Subtest: independent oracle: American short king has only adjacent quiet destinations
2026-10-09T00:35:53.0483374Z ok 85 - independent oracle: American short king has only adjacent quiet destinations
2026-10-09T00:35:53.0483587Z   ---
2026-10-09T00:35:53.0483693Z   duration_ms: 0.037867
2026-10-09T00:35:53.0483824Z   type: 'test'
2026-10-09T00:35:53.0483938Z   ...
2026-10-09T00:35:53.0484170Z # Subtest: independent oracle: flying king has all seventeen quiet ray destinations
2026-10-09T00:35:53.0484511Z ok 86 - independent oracle: flying king has all seventeen quiet ray destinations
2026-10-09T00:35:53.0484725Z   ---
2026-10-09T00:35:53.0484833Z   duration_ms: 0.098479
2026-10-09T00:35:53.0484958Z   type: 'test'
2026-10-09T00:35:53.0485069Z   ...
2026-10-09T00:35:53.0485304Z # Subtest: independent oracle: International complete capture can return to its origin
2026-10-09T00:35:53.0485636Z ok 87 - independent oracle: International complete capture can return to its origin
2026-10-09T00:35:53.0485859Z   ---
2026-10-09T00:35:53.0485970Z   duration_ms: 0.062584
2026-10-09T00:35:53.0486093Z   type: 'test'
2026-10-09T00:35:53.0486203Z   ...
2026-10-09T00:35:53.0486454Z # Subtest: independent oracle: full published 16-each draw regression consists of legal turns
2026-10-09T00:35:53.0486831Z ok 88 - independent oracle: full published 16-each draw regression consists of legal turns
2026-10-09T00:35:53.0487067Z   ---
2026-10-09T00:35:53.0487173Z   duration_ms: 0.62336
2026-10-09T00:35:53.0487301Z   type: 'test'
2026-10-09T00:35:53.0487411Z   ...
2026-10-09T00:36:02.6630810Z # Subtest: variant bundles preserve exact choices, reports, cursors and complete game transcripts
2026-10-09T00:36:02.6631507Z ok 89 - variant bundles preserve exact choices, reports, cursors and complete game transcripts
2026-10-09T00:36:02.6631898Z   ---
2026-10-09T00:36:02.6632085Z   duration_ms: 8798.906145
2026-10-09T00:36:02.6632299Z   type: 'test'
2026-10-09T00:36:02.6632519Z   ...
2026-10-09T00:36:05.8934658Z # Subtest: native decompression reproduces exact installed corpora and preserves queued first requests
2026-10-09T00:36:05.8935421Z ok 90 - native decompression reproduces exact installed corpora and preserves queued first requests
2026-10-09T00:36:05.8935834Z   ---
2026-10-09T00:36:05.8936020Z   duration_ms: 4053.708985
2026-10-09T00:36:05.8936233Z   type: 'test'
2026-10-09T00:36:05.8936407Z   ...
2026-10-09T00:36:05.8939269Z # Subtest: bootstrap reports unsupported native decompression without losing a pending caller silently
2026-10-09T00:36:05.8939994Z ok 91 - bootstrap reports unsupported native decompression without losing a pending caller silently
2026-10-09T00:36:05.8940469Z   ---
2026-10-09T00:36:05.8940704Z   duration_ms: 3.852589
2026-10-09T00:36:05.8940965Z   type: 'test'
2026-10-09T00:36:05.8941193Z   ...
2026-10-09T00:36:05.9874548Z 1..91
2026-10-09T00:36:05.9874726Z # tests 91
2026-10-09T00:36:05.9874848Z # suites 0
2026-10-09T00:36:05.9874957Z # pass 91
2026-10-09T00:36:05.9875307Z # fail 0
2026-10-09T00:36:05.9875428Z # cancelled 0
2026-10-09T00:36:05.9875548Z # skipped 0
2026-10-09T00:36:05.9875786Z # todo 0
2026-10-09T00:36:05.9876119Z # duration_ms 64323.523849
2026-10-09T00:36:13.1965617Z {"baseline":"PASS","cases":9}
2026-10-09T00:36:13.3949751Z {"id":1,"name":"input admits extra fields","before":").max(21)}).strict(),","after":").max(21)}),","caseCount":9,"failedCases":["contract total immutable reducer ignores malformed/unknown events in both phases"],"assertionKilled":true}
2026-10-09T00:36:13.5836388Z {"id":2,"name":"International input truncated to32 squares","before":".int().min(0).max(49)","after":".int().min(0).max(31)","caseCount":9,"failedCases":["all three bot levels are schema-valid deterministic pure choices in every phase/role"],"assertionKilled":true}
2026-10-09T00:36:13.6907544Z {"id":3,"name":"International variant ignored","before":"values.variant==='international'","after":"false","caseCount":9,"failedCases":["contract manifest/counts/settings and deterministic initial boards","complete legal inputs and terminal scores preserve every original seat","all three bot levels are schema-valid deterministic pure choices in every phase/role"],"assertionKilled":true}
2026-10-09T00:36:13.8781129Z {"id":4,"name":"forty-move house setting ignored","before":"values.drawPolicy==='fortyMove'","after":"false","caseCount":9,"failedCases":["contract manifest/counts/settings and deterministic initial boards"],"assertionKilled":true}
2026-10-09T00:36:14.0569036Z {"id":5,"name":"repetition setting inverted","before":"typeof values.repetition==='boolean'?values.repetition:true","after":"typeof values.repetition==='boolean'?!values.repetition:true","caseCount":9,"failedCases":["contract manifest/counts/settings and deterministic initial boards"],"assertionKilled":true}
2026-10-09T00:36:14.2352072Z {"id":6,"name":"turn clock cap becomes30","before":"Math.min(300,Math.round(seconds))","after":"Math.min(30,Math.round(seconds))","caseCount":9,"failedCases":["contract manifest/counts/settings and deterministic initial boards"],"assertionKilled":true}
2026-10-09T00:36:14.4312400Z {"id":7,"name":"zero host time rejected","before":"now>=0","after":"now>0","caseCount":9,"failedCases":["contract manifest/counts/settings and deterministic initial boards"],"assertionKilled":true}
2026-10-09T00:36:14.6196606Z {"id":8,"name":"duplicate seats accepted","before":"new Set(ctx.players.map(player=>player.id)).size!==2","after":"false","caseCount":9,"failedCases":["contract manifest/counts/settings and deterministic initial boards"],"assertionKilled":true}
2026-10-09T00:36:14.6720705Z {"id":9,"name":"wrong player count accepted","before":"ctx.players.length!==2","after":"ctx.players.length===2","caseCount":9,"failedCases":["contract manifest/counts/settings and deterministic initial boards","contract total immutable reducer ignores malformed/unknown events in both phases","contract live timer requires exact phase instance and elapsed deadline","VIP pause/resume shifts only the deadline; skip/end remain available","presence auto-holds empty rooms, resumes clocks and permanently preserves leavers","hostile seat IDs, public view equality, spectator safety and cloned projections","complete legal inputs and terminal scores preserve every original seat","all three bot levels are schema-valid deterministic pure choices in every phase/role"],"assertionKilled":true}
2026-10-09T00:36:14.8642383Z {"id":10,"name":"disconnected seats always present","before":"s.players[id].connected&&!s.left.includes(id)","after":"true&&!s.left.includes(id)","caseCount":9,"failedCases":["presence auto-holds empty rooms, resumes clocks and permanently preserves leavers"],"assertionKilled":true}
2026-10-09T00:36:14.9277797Z {"id":11,"name":"light side assigned wrong turn","before":"s.side===1?0:1","after":"s.side===1?1:0","caseCount":9,"failedCases":["contract total immutable reducer ignores malformed/unknown events in both phases","contract live timer requires exact phase instance and elapsed deadline","presence auto-holds empty rooms, resumes clocks and permanently preserves leavers","hostile seat IDs, public view equality, spectator safety and cloned projections","complete legal inputs and terminal scores preserve every original seat","all three bot levels are schema-valid deterministic pure choices in every phase/role","manifest and every generated phase fixture replay without throwing"],"assertionKilled":true}
2026-10-09T00:36:15.1320309Z {"id":12,"name":"same-tick phase uniqueness removed","before":"Math.max(now,s.phaseClock+1)","after":"now","caseCount":9,"failedCases":["contract live timer requires exact phase instance and elapsed deadline"],"assertionKilled":true}
2026-10-09T00:36:15.3434555Z {"id":13,"name":"untimed game receives immediate clock","before":"s.settings.turnSeconds>0","after":"s.settings.turnSeconds>=0","caseCount":9,"failedCases":["contract manifest/counts/settings and deterministic initial boards","contract live timer requires exact phase instance and elapsed deadline"],"assertionKilled":true}
2026-10-09T00:36:15.5317124Z {"id":14,"name":"seed discarded","before":"rng:seedRng(ctx.seed)","after":"rng:seedRng(0)","caseCount":9,"failedCases":["contract manifest/counts/settings and deterministic initial boards"],"assertionKilled":true}
2026-10-09T00:36:15.7587532Z {"id":15,"name":"empty initialization misses automatic hold","before":"state={...state,autoPaused:true","after":"state={...state,autoPaused:false","caseCount":9,"failedCases":["presence auto-holds empty rooms, resumes clocks and permanently preserves leavers"],"assertionKilled":true}
2026-10-09T00:36:15.9491239Z {"id":16,"name":"winner assigned to losing side","before":"s.order[winner===1?0:1]","after":"s.order[winner===1?1:0]","caseCount":9,"failedCases":["contract live timer requires exact phase instance and elapsed deadline","complete legal inputs and terminal scores preserve every original seat","manifest and every generated phase fixture replay without throwing"],"assertionKilled":true}
2026-10-09T00:36:16.0148272Z {"id":17,"name":"finish reenters move phase","before":"endReason:reason},'done',now)","after":"endReason:reason},'move',now)","caseCount":9,"failedCases":["contract live timer requires exact phase instance and elapsed deadline","VIP pause/resume shifts only the deadline; skip/end remain available","hostile seat IDs, public view equality, spectator safety and cloned projections","complete legal inputs and terminal scores preserve every original seat","all three bot levels are schema-valid deterministic pure choices in every phase/role","manifest and every generated phase fixture replay without throwing"],"assertionKilled":true}
2026-10-09T00:36:16.1987502Z {"id":18,"name":"opponent legal moves cause incorrect win","before":"if(!legalMoves(next.board,next.variant,next.side).length)","after":"if(legalMoves(next.board,next.variant,next.side).length)","caseCount":9,"failedCases":["VIP pause/resume shifts only the deadline; skip/end remain available","hostile seat IDs, public view equality, spectator safety and cloned projections","complete legal inputs and terminal scores preserve every original seat"],"assertionKilled":true}
2026-10-09T00:36:16.3886408Z {"id":19,"name":"left seat reconnects","before":"connected=!wasLeft&&!gone&&e.connected","after":"connected=e.connected","caseCount":9,"failedCases":["presence auto-holds empty rooms, resumes clocks and permanently preserves leavers"],"assertionKilled":true}
2026-10-09T00:36:16.5740624Z {"id":20,"name":"resume subtracts held time","before":"next.phase.deadline+delta","after":"next.phase.deadline-delta","caseCount":9,"failedCases":["presence auto-holds empty rooms, resumes clocks and permanently preserves leavers"],"assertionKilled":true}
2026-10-09T00:36:16.7557441Z {"id":21,"name":"paused VIP skip forgets to hold next turn","before":"s.phase.paused&&next.phase.id!=='done'","after":"false&&next.phase.id!=='done'","caseCount":9,"failedCases":["VIP pause/resume shifts only the deadline; skip/end remain available"],"assertionKilled":true}
2026-10-09T00:36:16.9371816Z {"id":22,"name":"timer ignores instance identity","before":"e.startedAt===s.phase.startedAt&&","after":"","caseCount":9,"failedCases":["contract total immutable reducer ignores malformed/unknown events in both phases","contract live timer requires exact phase instance and elapsed deadline"],"assertionKilled":true}
2026-10-09T00:36:17.1122849Z {"id":23,"name":"exact deadline does not fire","before":"e.now>=s.phase.deadline","after":"e.now>s.phase.deadline","caseCount":9,"failedCases":["contract live timer requires exact phase instance and elapsed deadline"],"assertionKilled":true}
2026-10-09T00:36:17.2995348Z {"id":24,"name":"inactive seat can resign","before":"e.playerId!==turnId(s)||","after":"","caseCount":9,"failedCases":["contract total immutable reducer ignores malformed/unknown events in both phases"],"assertionKilled":true}
2026-10-09T00:36:17.4892362Z {"id":25,"name":"paused game accepts inputs/timers","before":"if(s.phase.paused||s.phase.id==='done')","after":"if(s.phase.id==='done')","caseCount":9,"failedCases":["VIP pause/resume shifts only the deadline; skip/end remain available"],"assertionKilled":true}
2026-10-09T00:36:28.3603477Z {"settings":{"variant":"american"},"playerCount":2,"games":1000,"wins":954,"draws":46,"moves":70215,"maximumPlies":219}
2026-10-09T00:36:31.2647562Z {"settings":{"variant":"american","drawPolicy":"fortyMove"},"playerCount":2,"games":1000,"wins":964,"draws":36,"moves":69087,"maximumPlies":221}
2026-10-09T00:36:34.5458747Z {"settings":{"variant":"american","repetition":false},"playerCount":2,"games":1000,"wins":993,"draws":7,"moves":72973,"maximumPlies":230}
2026-10-09T00:36:37.6425997Z {"settings":{"variant":"american","turnSeconds":20},"playerCount":2,"games":1000,"wins":964,"draws":36,"moves":69907,"maximumPlies":205}
2026-10-09T00:36:42.3143322Z {"settings":{"variant":"international"},"playerCount":2,"games":1000,"wins":972,"draws":28,"moves":92727,"maximumPlies":152}
2026-10-09T00:36:46.7959764Z {"settings":{"variant":"international","drawPolicy":"fortyMove"},"playerCount":2,"games":1000,"wins":1000,"draws":0,"moves":91599,"maximumPlies":166}
2026-10-09T00:36:51.3016151Z {"settings":{"variant":"international","repetition":false},"playerCount":2,"games":1000,"wins":973,"draws":27,"moves":91917,"maximumPlies":165}
2026-10-09T00:36:53.9051404Z {"status":"PASS","stage":"node","sourceCommit":"8b4bf64639d690247cb1929a0ad0ae25af11de70","elapsedSeconds":186.831517758}
2026-10-09T00:36:53.9169427Z ##[group]Run actions/upload-artifact@v4
2026-10-09T00:36:53.9169599Z with:
2026-10-09T00:36:53.9169762Z   name: G10-stage-node-8b4bf64639d690247cb1929a0ad0ae25af11de70
2026-10-09T00:36:53.9170153Z   path: jobs/G10-checkers/.work-stage-node.stdout
jobs/G10-checkers/.work/checks
jobs/G10-checkers/.work/browser
jobs/G10-checkers/.work/media

2026-10-09T00:36:53.9170487Z   if-no-files-found: error
2026-10-09T00:36:53.9170628Z   include-hidden-files: true
2026-10-09T00:36:53.9170762Z   retention-days: 7
2026-10-09T00:36:53.9170885Z   compression-level: 6
2026-10-09T00:36:53.9171008Z   overwrite: false
2026-10-09T00:36:53.9171131Z env:
2026-10-09T00:36:53.9171274Z   G10_SOURCE_COMMIT: 8b4bf64639d690247cb1929a0ad0ae25af11de70
2026-10-09T00:36:53.9171456Z ##[endgroup]
2026-10-09T00:36:54.0230086Z (node:3893) [DEP0040] DeprecationWarning: The `punycode` module is deprecated. Please use a userland alternative instead.
2026-10-09T00:36:54.0230832Z (Use `node --trace-deprecation ...` to show where the warning was created)
2026-10-09T00:36:54.0332240Z Multiple search paths detected. Calculating the least common ancestor of all paths
2026-10-09T00:36:54.0333993Z The least common ancestor is /home/runner/work/partybox-game-cores/partybox-game-cores/jobs/G10-checkers. This will be the root directory of the artifact
2026-10-09T00:36:54.0334781Z With the provided path, there will be 51 files uploaded
2026-10-09T00:36:54.0337019Z Artifact name is valid!
2026-10-09T00:36:54.0337509Z Root directory input is valid!
2026-10-09T00:36:54.2987561Z Beginning upload of artifact content to blob storage
2026-10-09T00:36:54.3491860Z (node:3893) [DEP0169] DeprecationWarning: `url.parse()` behavior is not standardized and prone to errors that have security implications. Use the WHATWG URL API instead. CVEs are not issued for `url.parse()` vulnerabilities.
2026-10-09T00:36:54.6049278Z Uploaded bytes 136592
2026-10-09T00:36:54.6495964Z Finished uploading artifact content to blob storage!
2026-10-09T00:36:54.6496654Z SHA256 digest of uploaded artifact zip is c234e3609e2cd6557c338de53c16f8ab415ca0b71a76d8a398c73760773cebc4
2026-10-09T00:36:54.6497252Z Finalizing artifact upload
2026-10-09T00:36:54.8809679Z Artifact G10-stage-node-8b4bf64639d690247cb1929a0ad0ae25af11de70.zip successfully finalized. Artifact ID 11587819673
2026-10-09T00:36:54.8810426Z Artifact G10-stage-node-8b4bf64639d690247cb1929a0ad0ae25af11de70 has been successfully uploaded! Final size is 136592 bytes. Artifact ID is 11587819673
2026-10-09T00:36:54.8813327Z Artifact download URL: https://github.com/luisitin/partybox-game-cores/actions/runs/37865331876/artifacts/11587819673
2026-10-09T00:36:54.8973313Z Post job cleanup.
2026-10-09T00:36:54.9792390Z (node:3907) [DEP0040] DeprecationWarning: The `punycode` module is deprecated. Please use a userland alternative instead.
2026-10-09T00:36:54.9793171Z (Use `node --trace-deprecation ...` to show where the warning was created)
2026-10-09T00:36:54.9794154Z Cache hit occurred on the primary key node-cache-Linux-x64-npm-b79e3f2344d4218dbbb2f93f566da8e1ac49738aa1184813b150890d461d0c8a, not saving cache.
2026-10-09T00:36:54.9897379Z Post job cleanup.
2026-10-09T00:36:55.0530380Z [command]/usr/bin/git version
2026-10-09T00:36:55.0587836Z git version 2.55.0
2026-10-09T00:36:55.0615730Z Temporarily overriding HOME='/home/runner/work/_temp/286029c5-fad5-4a1d-b0d4-bc9f8f839352' before making global git config changes
2026-10-09T00:36:55.0617036Z Adding repository directory to the temporary git global config as a safe directory
2026-10-09T00:36:55.0618050Z [command]/usr/bin/git config --global --add safe.directory /home/runner/work/partybox-game-cores/partybox-game-cores
2026-10-09T00:36:55.0647639Z [command]/usr/bin/git config --local --name-only --get-regexp core\.sshCommand
2026-10-09T00:36:55.0682104Z [command]/usr/bin/git submodule foreach --recursive sh -c "git config --local --name-only --get-regexp 'core\.sshCommand' && git config --local --unset-all 'core.sshCommand' || :"
2026-10-09T00:36:55.0949688Z [command]/usr/bin/git config --local --name-only --get-regexp http\.https\:\/\/github\.com\/\.extraheader
2026-10-09T00:36:55.0979802Z http.https://github.com/.extraheader
2026-10-09T00:36:55.0992931Z [command]/usr/bin/git config --local --unset-all http.https://github.com/.extraheader
2026-10-09T00:36:55.1037600Z [command]/usr/bin/git submodule foreach --recursive sh -c "git config --local --name-only --get-regexp 'http\.https\:\/\/github\.com\/\.extraheader' && git config --local --unset-all 'http.https://github.com/.extraheader' || :"
2026-10-09T00:36:55.1267228Z [command]/usr/bin/git config --local --name-only --get-regexp ^includeIf\.gitdir:
2026-10-09T00:36:55.1296666Z [command]/usr/bin/git submodule foreach --recursive git config --local --show-origin --name-only --get-regexp remote.origin.url
2026-10-09T00:36:55.1582236Z Cleaning up orphan processes
2026-10-09T00:36:55.1775626Z ##[warning]Node.js 20 is deprecated. The following actions target Node.js 20 but are being forced to run on Node.js 24: actions/checkout@v4, actions/setup-node@v4, actions/upload-artifact@v4. For more information see: https://github.blog/changelog/2025-09-19-deprecation-of-node-20-on-github-actions-runners/

