2026-10-09T00:48:18.3872254Z Current runner version: '2.337.0'
2026-10-09T00:48:18.3892449Z ##[group]Runner Image Provisioner
2026-10-09T00:48:18.3893146Z Hosted Compute Agent
2026-10-09T00:48:18.3893626Z Version: 20261002.596
2026-10-09T00:48:18.3894117Z Commit: c3d12f3313a95f25162a1503be624f3b0617f8c0
2026-10-09T00:48:18.3894635Z Build Date: 2026-10-02T22:28:27Z
2026-10-09T00:48:18.3895110Z Worker ID: {849ccc0a-6801-42c5-b6b0-fa85093b0c8e}
2026-10-09T00:48:18.3895651Z Region: centralus
2026-10-09T00:48:18.3896040Z Cloud: Azure
2026-10-09T00:48:18.3896502Z ##[endgroup]
2026-10-09T00:48:18.3897423Z ##[group]Operating System
2026-10-09T00:48:18.3897847Z Ubuntu
2026-10-09T00:48:18.3898265Z 24.04.5
2026-10-09T00:48:18.3898627Z LTS
2026-10-09T00:48:18.3899262Z ##[endgroup]
2026-10-09T00:48:18.3899667Z ##[group]Runner Image
2026-10-09T00:48:18.3900109Z Image: ubuntu-24.04
2026-10-09T00:48:18.3900563Z Version: 20261004.327.1
2026-10-09T00:48:18.3901535Z Included Software: https://github.com/actions/runner-images/blob/ubuntu24/20261004.327/images/ubuntu/Ubuntu2404-Readme.md
2026-10-09T00:48:18.3902736Z Image Release: https://github.com/actions/runner-images/releases/tag/ubuntu24%2F20261004.327
2026-10-09T00:48:18.3903464Z ##[endgroup]
2026-10-09T00:48:18.3904309Z ##[group]GITHUB_TOKEN Permissions
2026-10-09T00:48:18.3905887Z Contents: read
2026-10-09T00:48:18.3906357Z Metadata: read
2026-10-09T00:48:18.3906773Z ##[endgroup]
2026-10-09T00:48:18.3908300Z Secret source: Actions
2026-10-09T00:48:18.3909227Z Cache mode: write
2026-10-09T00:48:18.3909794Z Prepare workflow directory
2026-10-09T00:48:18.4309106Z Prepare all required actions
2026-10-09T00:48:18.4350455Z Getting action download info
2026-10-09T00:48:18.6701258Z Download action repository 'actions/checkout@v4' (SHA:11d5960a326750d5838078e36cf38b85af677262)
2026-10-09T00:48:18.7634933Z Download action repository 'actions/setup-node@v4' (SHA:49933ea5288caeca8642d1e84afbd3f7d6820020)
2026-10-09T00:48:18.8632075Z Download action repository 'actions/download-artifact@v4' (SHA:d3f86a106a0bac45b974a628896c90dbdf5c8093)
2026-10-09T00:48:19.3030503Z Download action repository 'actions/upload-artifact@v4' (SHA:ea165f8d65b6e75b540449e92b4886f43607fa02)
2026-10-09T00:48:19.5219680Z Complete job name: delivery
2026-10-09T00:48:19.5824659Z ##[group]Run actions/checkout@v4
2026-10-09T00:48:19.5825441Z with:
2026-10-09T00:48:19.5825938Z   ref: 8b4bf64639d690247cb1929a0ad0ae25af11de70
2026-10-09T00:48:19.5826570Z   repository: luisitin/partybox-game-cores
2026-10-09T00:48:19.5830716Z   token: ***
2026-10-09T00:48:19.5831190Z   ssh-strict: true
2026-10-09T00:48:19.5831662Z   ssh-user: git
2026-10-09T00:48:19.5832129Z   persist-credentials: true
2026-10-09T00:48:19.5832615Z   clean: true
2026-10-09T00:48:19.5833144Z   sparse-checkout-cone-mode: true
2026-10-09T00:48:19.5833677Z   fetch-depth: 1
2026-10-09T00:48:19.5834126Z   fetch-tags: false
2026-10-09T00:48:19.5834613Z   show-progress: true
2026-10-09T00:48:19.5835105Z   lfs: false
2026-10-09T00:48:19.5835579Z   submodules: false
2026-10-09T00:48:19.5836041Z   set-safe-directory: true
2026-10-09T00:48:19.5836595Z   allow-unsafe-pr-checkout: false
2026-10-09T00:48:19.5837284Z env:
2026-10-09T00:48:19.5837906Z   G10_SOURCE_COMMIT: 8b4bf64639d690247cb1929a0ad0ae25af11de70
2026-10-09T00:48:19.5838641Z ##[endgroup]
2026-10-09T00:48:19.6741595Z Syncing repository: luisitin/partybox-game-cores
2026-10-09T00:48:19.6743768Z ##[group]Getting Git version info
2026-10-09T00:48:19.6744867Z Working directory is '/home/runner/work/partybox-game-cores/partybox-game-cores'
2026-10-09T00:48:19.6746281Z [command]/usr/bin/git version
2026-10-09T00:48:19.6781243Z git version 2.55.0
2026-10-09T00:48:19.6795504Z ##[endgroup]
2026-10-09T00:48:19.6805554Z Temporarily overriding HOME='/home/runner/work/_temp/16553d1f-6008-4b09-82b0-bc84740e884e' before making global git config changes
2026-10-09T00:48:19.6808294Z Adding repository directory to the temporary git global config as a safe directory
2026-10-09T00:48:19.6811441Z [command]/usr/bin/git config --global --add safe.directory /home/runner/work/partybox-game-cores/partybox-game-cores
2026-10-09T00:48:19.6865383Z Deleting the contents of '/home/runner/work/partybox-game-cores/partybox-game-cores'
2026-10-09T00:48:19.6870040Z ##[group]Initializing the repository
2026-10-09T00:48:19.6872771Z [command]/usr/bin/git init /home/runner/work/partybox-game-cores/partybox-game-cores
2026-10-09T00:48:19.6964370Z hint: Using 'master' as the name for the initial branch. This default branch name
2026-10-09T00:48:19.6966281Z hint: will change to "main" in Git 3.0. To configure the initial branch name
2026-10-09T00:48:19.6967777Z hint: to use in all of your new repositories, which will suppress this warning,
2026-10-09T00:48:19.6971008Z hint: call:
2026-10-09T00:48:19.6971889Z hint:
2026-10-09T00:48:19.6973083Z hint: 	git config --global init.defaultBranch <name>
2026-10-09T00:48:19.6974210Z hint:
2026-10-09T00:48:19.6975165Z hint: Names commonly chosen instead of 'master' are 'main', 'trunk' and
2026-10-09T00:48:19.6977263Z hint: 'development'. The just-created branch can be renamed via this command:
2026-10-09T00:48:19.6978566Z hint:
2026-10-09T00:48:19.6979849Z hint: 	git branch -m <name>
2026-10-09T00:48:19.6980908Z hint:
2026-10-09T00:48:19.6981923Z hint: Disable this message with "git config set advice.defaultBranchName false"
2026-10-09T00:48:19.6984595Z Initialized empty Git repository in /home/runner/work/partybox-game-cores/partybox-game-cores/.git/
2026-10-09T00:48:19.6987160Z [command]/usr/bin/git remote add origin https://github.com/luisitin/partybox-game-cores
2026-10-09T00:48:19.7016126Z ##[endgroup]
2026-10-09T00:48:19.7017295Z ##[group]Disabling automatic garbage collection
2026-10-09T00:48:19.7019724Z [command]/usr/bin/git config --local gc.auto 0
2026-10-09T00:48:19.7046955Z ##[endgroup]
2026-10-09T00:48:19.7048654Z ##[group]Setting up auth
2026-10-09T00:48:19.7052668Z [command]/usr/bin/git config --local --name-only --get-regexp core\.sshCommand
2026-10-09T00:48:19.7080514Z [command]/usr/bin/git submodule foreach --recursive sh -c "git config --local --name-only --get-regexp 'core\.sshCommand' && git config --local --unset-all 'core.sshCommand' || :"
2026-10-09T00:48:19.7373432Z [command]/usr/bin/git config --local --name-only --get-regexp http\.https\:\/\/github\.com\/\.extraheader
2026-10-09T00:48:19.7404725Z [command]/usr/bin/git submodule foreach --recursive sh -c "git config --local --name-only --get-regexp 'http\.https\:\/\/github\.com\/\.extraheader' && git config --local --unset-all 'http.https://github.com/.extraheader' || :"
2026-10-09T00:48:19.7559406Z [command]/usr/bin/git config --local --name-only --get-regexp ^includeIf\.gitdir:
2026-10-09T00:48:19.7584859Z [command]/usr/bin/git submodule foreach --recursive git config --local --show-origin --name-only --get-regexp remote.origin.url
2026-10-09T00:48:19.7740591Z [command]/usr/bin/git config --local http.https://github.com/.extraheader AUTHORIZATION: basic ***
2026-10-09T00:48:19.7773927Z ##[endgroup]
2026-10-09T00:48:19.7775255Z ##[group]Fetching the repository
2026-10-09T00:48:19.7782984Z [command]/usr/bin/git -c protocol.version=2 fetch --no-tags --prune --no-recurse-submodules --depth=1 origin 8b4bf64639d690247cb1929a0ad0ae25af11de70
2026-10-09T00:48:40.5736681Z From https://github.com/luisitin/partybox-game-cores
2026-10-09T00:48:40.5737693Z  * branch            8b4bf64639d690247cb1929a0ad0ae25af11de70 -> FETCH_HEAD
2026-10-09T00:48:40.5740270Z ##[endgroup]
2026-10-09T00:48:40.5741167Z ##[group]Determining the checkout info
2026-10-09T00:48:40.5742058Z ##[endgroup]
2026-10-09T00:48:40.5747604Z [command]/usr/bin/git sparse-checkout disable
2026-10-09T00:48:40.5803650Z [command]/usr/bin/git config --local --unset-all extensions.worktreeConfig
2026-10-09T00:48:40.5828538Z ##[group]Checking out the ref
2026-10-09T00:48:40.5831764Z [command]/usr/bin/git checkout --progress --force 8b4bf64639d690247cb1929a0ad0ae25af11de70
2026-10-09T00:48:41.7988047Z Updating files:   9% (178/1801)
2026-10-09T00:48:42.7320265Z Updating files:  10% (181/1801)
2026-10-09T00:48:42.9559853Z Updating files:  10% (196/1801)
2026-10-09T00:48:43.6667087Z Updating files:  11% (199/1801)
2026-10-09T00:48:44.2030438Z Updating files:  11% (205/1801)
2026-10-09T00:48:44.6114328Z Updating files:  12% (217/1801)
2026-10-09T00:48:45.6635833Z Updating files:  12% (222/1801)
2026-10-09T00:48:45.6796808Z Updating files:  12% (230/1801)
2026-10-09T00:48:46.6345416Z Updating files:  13% (235/1801)
2026-10-09T00:48:46.9077300Z Updating files:  13% (244/1801)
2026-10-09T00:48:47.1629807Z Updating files:  14% (253/1801)
2026-10-09T00:48:47.1634103Z Updating files:  15% (271/1801)
2026-10-09T00:48:47.1642513Z Updating files:  16% (289/1801)
2026-10-09T00:48:47.1771802Z Updating files:  17% (307/1801)
2026-10-09T00:48:47.1889455Z Updating files:  18% (325/1801)
2026-10-09T00:48:47.1920479Z Updating files:  19% (343/1801)
2026-10-09T00:48:47.2048852Z Updating files:  20% (361/1801)
2026-10-09T00:48:47.2063973Z Updating files:  21% (379/1801)
2026-10-09T00:48:47.2070978Z Updating files:  22% (397/1801)
2026-10-09T00:48:47.2072752Z Updating files:  23% (415/1801)
2026-10-09T00:48:47.2092761Z Updating files:  24% (433/1801)
2026-10-09T00:48:47.2104091Z Updating files:  25% (451/1801)
2026-10-09T00:48:47.2113631Z Updating files:  26% (469/1801)
2026-10-09T00:48:47.2122428Z Updating files:  27% (487/1801)
2026-10-09T00:48:47.2131462Z Updating files:  28% (505/1801)
2026-10-09T00:48:47.2136580Z Updating files:  29% (523/1801)
2026-10-09T00:48:47.2218568Z Updating files:  30% (541/1801)
2026-10-09T00:48:47.2228647Z Updating files:  31% (559/1801)
2026-10-09T00:48:47.2617979Z Updating files:  32% (577/1801)
2026-10-09T00:48:47.2624377Z Updating files:  33% (595/1801)
2026-10-09T00:48:47.2710868Z Updating files:  34% (613/1801)
2026-10-09T00:48:47.2904145Z Updating files:  35% (631/1801)
2026-10-09T00:48:47.3095152Z Updating files:  36% (649/1801)
2026-10-09T00:48:47.3100855Z Updating files:  37% (667/1801)
2026-10-09T00:48:47.3106276Z Updating files:  38% (685/1801)
2026-10-09T00:48:47.3279362Z Updating files:  39% (703/1801)
2026-10-09T00:48:47.3291700Z Updating files:  40% (721/1801)
2026-10-09T00:48:47.3297601Z Updating files:  41% (739/1801)
2026-10-09T00:48:47.3340029Z Updating files:  42% (757/1801)
2026-10-09T00:48:47.3349841Z Updating files:  43% (775/1801)
2026-10-09T00:48:47.3354031Z Updating files:  44% (793/1801)
2026-10-09T00:48:47.3368556Z Updating files:  45% (811/1801)
2026-10-09T00:48:47.3486755Z Updating files:  46% (829/1801)
2026-10-09T00:48:47.3632525Z Updating files:  47% (847/1801)
2026-10-09T00:48:47.3701954Z Updating files:  48% (865/1801)
2026-10-09T00:48:47.3909712Z Updating files:  49% (883/1801)
2026-10-09T00:48:47.3964848Z Updating files:  50% (901/1801)
2026-10-09T00:48:47.3977171Z Updating files:  51% (919/1801)
2026-10-09T00:48:47.3990751Z Updating files:  52% (937/1801)
2026-10-09T00:48:47.4029171Z Updating files:  53% (955/1801)
2026-10-09T00:48:47.4076292Z Updating files:  54% (973/1801)
2026-10-09T00:48:47.4092745Z Updating files:  55% (991/1801)
2026-10-09T00:48:47.4115177Z Updating files:  56% (1009/1801)
2026-10-09T00:48:47.4152736Z Updating files:  57% (1027/1801)
2026-10-09T00:48:47.4193015Z Updating files:  58% (1045/1801)
2026-10-09T00:48:47.4234126Z Updating files:  59% (1063/1801)
2026-10-09T00:48:47.4250204Z Updating files:  60% (1081/1801)
2026-10-09T00:48:47.4266342Z Updating files:  61% (1099/1801)
2026-10-09T00:48:47.4298116Z Updating files:  62% (1117/1801)
2026-10-09T00:48:47.4324016Z Updating files:  63% (1135/1801)
2026-10-09T00:48:47.4356209Z Updating files:  64% (1153/1801)
2026-10-09T00:48:47.4389690Z Updating files:  65% (1171/1801)
2026-10-09T00:48:47.4408038Z Updating files:  66% (1189/1801)
2026-10-09T00:48:47.4433432Z Updating files:  67% (1207/1801)
2026-10-09T00:48:47.4462589Z Updating files:  68% (1225/1801)
2026-10-09T00:48:47.4509462Z Updating files:  69% (1243/1801)
2026-10-09T00:48:47.4537092Z Updating files:  70% (1261/1801)
2026-10-09T00:48:47.4545623Z Updating files:  71% (1279/1801)
2026-10-09T00:48:47.4555752Z Updating files:  72% (1297/1801)
2026-10-09T00:48:47.4569295Z Updating files:  73% (1315/1801)
2026-10-09T00:48:47.4574412Z Updating files:  74% (1333/1801)
2026-10-09T00:48:47.4578938Z Updating files:  75% (1351/1801)
2026-10-09T00:48:47.4582212Z Updating files:  76% (1369/1801)
2026-10-09T00:48:47.4595429Z Updating files:  77% (1387/1801)
2026-10-09T00:48:47.4621189Z Updating files:  78% (1405/1801)
2026-10-09T00:48:47.4628280Z Updating files:  79% (1423/1801)
2026-10-09T00:48:47.4634341Z Updating files:  80% (1441/1801)
2026-10-09T00:48:47.4638908Z Updating files:  81% (1459/1801)
2026-10-09T00:48:47.4643143Z Updating files:  82% (1477/1801)
2026-10-09T00:48:47.4647889Z Updating files:  83% (1495/1801)
2026-10-09T00:48:47.4668043Z Updating files:  84% (1513/1801)
2026-10-09T00:48:47.4671993Z Updating files:  85% (1531/1801)
2026-10-09T00:48:47.4676814Z Updating files:  86% (1549/1801)
2026-10-09T00:48:47.4680920Z Updating files:  87% (1567/1801)
2026-10-09T00:48:47.4684551Z Updating files:  88% (1585/1801)
2026-10-09T00:48:47.4694727Z Updating files:  89% (1603/1801)
2026-10-09T00:48:47.4706370Z Updating files:  90% (1621/1801)
2026-10-09T00:48:47.4739768Z Updating files:  91% (1639/1801)
2026-10-09T00:48:47.4825829Z Updating files:  92% (1657/1801)
2026-10-09T00:48:47.4837221Z Updating files:  93% (1675/1801)
2026-10-09T00:48:47.4980126Z Updating files:  94% (1693/1801)
2026-10-09T00:48:47.8998332Z Updating files:  95% (1711/1801)
2026-10-09T00:48:47.8999646Z Updating files:  95% (1722/1801)
2026-10-09T00:48:47.9005588Z Updating files:  96% (1729/1801)
2026-10-09T00:48:47.9011724Z Updating files:  97% (1747/1801)
2026-10-09T00:48:47.9016243Z Updating files:  98% (1765/1801)
2026-10-09T00:48:47.9023332Z Updating files:  99% (1783/1801)
2026-10-09T00:48:47.9023759Z Updating files: 100% (1801/1801)
2026-10-09T00:48:47.9024261Z Updating files: 100% (1801/1801), done.
2026-10-09T00:48:47.9043292Z Note: switching to '8b4bf64639d690247cb1929a0ad0ae25af11de70'.
2026-10-09T00:48:47.9055829Z 
2026-10-09T00:48:47.9056529Z You are in 'detached HEAD' state. You can look around, make experimental
2026-10-09T00:48:47.9057069Z changes and commit them, and you can discard any commits you make in this
2026-10-09T00:48:47.9057577Z state without impacting any branches by switching back to a branch.
2026-10-09T00:48:47.9058061Z 
2026-10-09T00:48:47.9058266Z If you want to create a new branch to retain commits you create, you may
2026-10-09T00:48:47.9058881Z do so (now or later) by using -c with the switch command. Example:
2026-10-09T00:48:47.9059159Z 
2026-10-09T00:48:47.9059291Z   git switch -c <new-branch-name>
2026-10-09T00:48:47.9059488Z 
2026-10-09T00:48:47.9059598Z Or undo this operation with:
2026-10-09T00:48:47.9059780Z 
2026-10-09T00:48:47.9059861Z   git switch -
2026-10-09T00:48:47.9060040Z 
2026-10-09T00:48:47.9060337Z Turn off this advice by setting config variable advice.detachedHead to false
2026-10-09T00:48:47.9060614Z 
2026-10-09T00:48:47.9061042Z HEAD is now at 8b4bf64 G10 verify complete source recovery and genuine startup output
2026-10-09T00:48:47.9132095Z ##[endgroup]
2026-10-09T00:48:47.9167310Z [command]/usr/bin/git log -1 --format=%H
2026-10-09T00:48:47.9187753Z 8b4bf64639d690247cb1929a0ad0ae25af11de70
2026-10-09T00:48:47.9405700Z ##[group]Run actions/setup-node@v4
2026-10-09T00:48:47.9405992Z with:
2026-10-09T00:48:47.9406232Z   node-version: 22.16.0
2026-10-09T00:48:47.9406467Z   cache: npm
2026-10-09T00:48:47.9407059Z   cache-dependency-path: jobs/G10-checkers/package-lock.json
2026-10-09T00:48:47.9407449Z   always-auth: false
2026-10-09T00:48:47.9407716Z   check-latest: false
2026-10-09T00:48:47.9410067Z   token: ***
2026-10-09T00:48:47.9410281Z env:
2026-10-09T00:48:47.9410532Z   G10_SOURCE_COMMIT: 8b4bf64639d690247cb1929a0ad0ae25af11de70
2026-10-09T00:48:47.9410850Z ##[endgroup]
2026-10-09T00:48:48.0566151Z Attempting to download 22.16.0...
2026-10-09T00:48:48.0652925Z (node:2095) [DEP0040] DeprecationWarning: The `punycode` module is deprecated. Please use a userland alternative instead.
2026-10-09T00:48:48.0653748Z (Use `node --trace-deprecation ...` to show where the warning was created)
2026-10-09T00:48:48.7979247Z Acquiring 22.16.0 - x64 from https://github.com/actions/node-versions/releases/download/22.16.0-15177438473/node-22.16.0-linux-x64.tar.gz
2026-10-09T00:48:49.3223962Z Extracting ...
2026-10-09T00:48:49.3332760Z [command]/usr/bin/tar xz --strip 1 --warning=no-unknown-keyword --overwrite -C /home/runner/work/_temp/52c05bcf-b9ed-4298-b444-6b1db52a38ba -f /home/runner/work/_temp/14ebf919-ae2f-4449-821a-2609b75c0b25
2026-10-09T00:48:50.3893116Z Adding to the cache ...
2026-10-09T00:48:52.5353054Z ##[group]Environment details
2026-10-09T00:48:52.7199428Z node: v22.16.0
2026-10-09T00:48:52.7199880Z npm: 10.9.2
2026-10-09T00:48:52.7200133Z yarn: 1.22.22
2026-10-09T00:48:52.7200775Z ##[endgroup]
2026-10-09T00:48:52.7216792Z [command]/opt/hostedtoolcache/node/22.16.0/x64/bin/npm config get cache
2026-10-09T00:48:52.7915863Z /home/runner/.npm
2026-10-09T00:48:52.9690244Z Cache hit for: node-cache-Linux-x64-npm-b79e3f2344d4218dbbb2f93f566da8e1ac49738aa1184813b150890d461d0c8a
2026-10-09T00:48:52.9746788Z (node:2095) [DEP0169] DeprecationWarning: `url.parse()` behavior is not standardized and prone to errors that have security implications. Use the WHATWG URL API instead. CVEs are not issued for `url.parse()` vulnerabilities.
2026-10-09T00:48:53.8723545Z Received 12676330 of 12676330 (100.0%), 16.3 MBs/sec
2026-10-09T00:48:53.8724465Z Cache Size: ~12 MB (12676330 B)
2026-10-09T00:48:53.8744301Z [command]/usr/bin/tar -xf /home/runner/work/_temp/c520ba56-c140-407d-96f1-1c5206452ea6/cache.tzst -P -C /home/runner/work/partybox-game-cores/partybox-game-cores --use-compress-program unzstd
2026-10-09T00:48:53.8905374Z Cache restored successfully
2026-10-09T00:48:53.8912442Z Cache restored from key: node-cache-Linux-x64-npm-b79e3f2344d4218dbbb2f93f566da8e1ac49738aa1184813b150890d461d0c8a
2026-10-09T00:48:53.9060600Z ##[group]Run npm ci --ignore-scripts --no-audit --no-fund
2026-10-09T00:48:53.9061149Z [36;1mnpm ci --ignore-scripts --no-audit --no-fund[0m
2026-10-09T00:48:53.9237426Z shell: /usr/bin/bash -e {0}
2026-10-09T00:48:53.9237877Z env:
2026-10-09T00:48:53.9238230Z   G10_SOURCE_COMMIT: 8b4bf64639d690247cb1929a0ad0ae25af11de70
2026-10-09T00:48:53.9238624Z ##[endgroup]
2026-10-09T00:48:54.5962212Z 
2026-10-09T00:48:54.5969384Z added 6 packages in 627ms
2026-10-09T00:48:54.6338082Z ##[group]Run if [ -f /etc/apt/apt-mirrors.txt ]; then
2026-10-09T00:48:54.6338579Z [36;1mif [ -f /etc/apt/apt-mirrors.txt ]; then[0m
2026-10-09T00:48:54.6339401Z [36;1m  sudo sed -i 's#http://azure.archive.ubuntu.com/ubuntu#https://archive.ubuntu.com/ubuntu#g' /etc/apt/apt-mirrors.txt[0m
2026-10-09T00:48:54.6339994Z [36;1mfi[0m
2026-10-09T00:48:54.6378054Z shell: /usr/bin/bash -e {0}
2026-10-09T00:48:54.6378373Z env:
2026-10-09T00:48:54.6378901Z   G10_SOURCE_COMMIT: 8b4bf64639d690247cb1929a0ad0ae25af11de70
2026-10-09T00:48:54.6379306Z ##[endgroup]
2026-10-09T00:48:54.9138534Z ##[group]Run sudo apt-get update
2026-10-09T00:48:54.9139290Z [36;1msudo apt-get update[0m
2026-10-09T00:48:54.9139601Z [36;1msudo apt-get install -y ffmpeg[0m
2026-10-09T00:48:54.9139975Z [36;1mffprobe -version[0m
2026-10-09T00:48:54.9140262Z [36;1mffmpeg -version[0m
2026-10-09T00:48:54.9178627Z shell: /usr/bin/bash -e {0}
2026-10-09T00:48:54.9179129Z env:
2026-10-09T00:48:54.9179526Z   G10_SOURCE_COMMIT: 8b4bf64639d690247cb1929a0ad0ae25af11de70
2026-10-09T00:48:54.9179960Z ##[endgroup]
2026-10-09T00:48:55.0917826Z Get:1 file:/etc/apt/apt-mirrors.txt Mirrorlist [139 B]
2026-10-09T00:48:55.1374538Z Get:6 https://packages.microsoft.com/ubuntu/24.04/prod noble InRelease [3600 B]
2026-10-09T00:48:55.2042490Z Get:7 https://packages.microsoft.com/ubuntu/24.04/prod noble/main arm64 Packages [474 kB]
2026-10-09T00:48:55.2409755Z Get:8 https://packages.microsoft.com/ubuntu/24.04/prod noble/main armhf Packages [12.3 kB]
2026-10-09T00:48:55.2754653Z Get:9 https://packages.microsoft.com/ubuntu/24.04/prod noble/main amd64 Packages [531 kB]
2026-10-09T00:48:55.3431050Z Get:10 https://packages.microsoft.com/ubuntu/24.04/prod noble/main all Packages [640 B]
2026-10-09T00:48:55.5454626Z Hit:2 https://archive.ubuntu.com/ubuntu noble InRelease
2026-10-09T00:48:55.5948940Z Get:3 https://archive.ubuntu.com/ubuntu noble-updates InRelease [126 kB]
2026-10-09T00:48:55.7869727Z Get:4 https://archive.ubuntu.com/ubuntu noble-backports InRelease [126 kB]
2026-10-09T00:48:55.9064976Z Get:5 https://archive.ubuntu.com/ubuntu noble-security InRelease [126 kB]
2026-10-09T00:48:56.0287344Z Get:11 https://archive.ubuntu.com/ubuntu noble-updates/main amd64 Packages [1375 kB]
2026-10-09T00:48:56.2651731Z Get:12 https://archive.ubuntu.com/ubuntu noble-updates/main Translation-en [306 kB]
2026-10-09T00:48:56.3912509Z Get:13 https://archive.ubuntu.com/ubuntu noble-updates/universe amd64 Packages [1702 kB]
2026-10-09T00:48:56.5054306Z Get:14 https://archive.ubuntu.com/ubuntu noble-updates/universe Translation-en [342 kB]
2026-10-09T00:48:56.6250786Z Get:15 https://archive.ubuntu.com/ubuntu noble-updates/restricted amd64 Packages [1761 kB]
2026-10-09T00:48:56.7460630Z Get:16 https://archive.ubuntu.com/ubuntu noble-updates/restricted Translation-en [401 kB]
2026-10-09T00:48:56.8057539Z Get:17 https://archive.ubuntu.com/ubuntu noble-updates/multiverse amd64 Packages [55.0 kB]
2026-10-09T00:48:56.9250376Z Get:18 https://archive.ubuntu.com/ubuntu noble-updates/multiverse Translation-en [14.3 kB]
2026-10-09T00:48:57.0462450Z Get:19 https://archive.ubuntu.com/ubuntu noble-security/main amd64 Packages [1116 kB]
2026-10-09T00:48:57.1660392Z Get:20 https://archive.ubuntu.com/ubuntu noble-security/main Translation-en [228 kB]
2026-10-09T00:48:57.3728297Z Get:21 https://archive.ubuntu.com/ubuntu noble-security/universe amd64 Packages [1220 kB]
2026-10-09T00:48:57.5255177Z Get:22 https://archive.ubuntu.com/ubuntu noble-security/universe Translation-en [245 kB]
2026-10-09T00:48:57.6360797Z Get:23 https://archive.ubuntu.com/ubuntu noble-security/restricted amd64 Packages [1632 kB]
2026-10-09T00:48:57.7556028Z Get:24 https://archive.ubuntu.com/ubuntu noble-security/restricted Translation-en [376 kB]
2026-10-09T00:48:57.8656067Z Get:25 https://archive.ubuntu.com/ubuntu noble-security/multiverse Translation-en [11.6 kB]
2026-10-09T00:49:03.9466517Z Fetched 12.2 MB in 3s (4256 kB/s)
2026-10-09T00:49:04.6665336Z Reading package lists...
2026-10-09T00:49:04.6972188Z Reading package lists...
2026-10-09T00:49:04.8584158Z Building dependency tree...
2026-10-09T00:49:04.8592024Z Reading state information...
2026-10-09T00:49:05.0104775Z The following additional packages will be installed:
2026-10-09T00:49:05.0105916Z   i965-va-driver intel-media-va-driver libaacs0 libass9 libasyncns0
2026-10-09T00:49:05.0110907Z   libavc1394-0 libavcodec60 libavdevice60 libavfilter9 libavformat60
2026-10-09T00:49:05.0111619Z   libavutil58 libbdplus0 libblas3 libbluray2 libbs2b0 libcaca0
2026-10-09T00:49:05.0113026Z   libcdio-cdda2t64 libcdio-paranoia2t64 libcdio19t64 libchromaprint1 libcjson1
2026-10-09T00:49:05.0113760Z   libcodec2-1.2 libdav1d7 libdc1394-25 libdecor-0-0 libdecor-0-plugin-1-gtk
2026-10-09T00:49:05.0114824Z   libflac12t64 libflite1 libgme0 libgsm1 libhwy1t64 libiec61883-0 libigdgmm12
2026-10-09T00:49:05.0115531Z   libjack-jackd2-0 libjxl0.7 liblapack3 liblilv-0-0 libmbedcrypto7t64
2026-10-09T00:49:05.0116219Z   libmp3lame0 libmpg123-0t64 libmysofa1 libopenal-data libopenal1
2026-10-09T00:49:05.0116795Z   libopenmpt0t64 libopus0 libplacebo338 libpocketsphinx3 libpostproc57
2026-10-09T00:49:05.0117277Z   libpulse0 librav1e0 libraw1394-11 librist4 librsvg2-2 librsvg2-common
2026-10-09T00:49:05.0118415Z   librubberband2 libsamplerate0 libsdl2-2.0-0 libserd-0-0 libshine3
2026-10-09T00:49:05.0119414Z   libsndfile1 libsndio7.0 libsord-0-0 libsoxr0 libspeex1 libsphinxbase3t64
2026-10-09T00:49:05.0120107Z   libsratom-0-0 libsrt1.5-gnutls libssh-gcrypt-4 libsvtav1enc1d1
2026-10-09T00:49:05.0120782Z   libswresample4 libswscale7 libtheora0 libtwolame0 libudfread0 libunibreak5
2026-10-09T00:49:05.0121444Z   libva-drm2 libva-x11-2 libva2 libvdpau1 libvidstab1.1 libvorbisenc2 libvpl2
2026-10-09T00:49:05.0122266Z   libvpx9 libx264-164 libx265-199 libxcb-shape0 libxv1 libxvidcore4 libzimg2
2026-10-09T00:49:05.0123230Z   libzix-0-0 libzvbi-common libzvbi0t64 mesa-va-drivers mesa-vdpau-drivers
2026-10-09T00:49:05.0123933Z   ocl-icd-libopencl1 pocketsphinx-en-us va-driver-all vdpau-driver-all
2026-10-09T00:49:05.0124471Z Suggested packages:
2026-10-09T00:49:05.0125311Z   ffmpeg-doc i965-va-driver-shaders libcuda1 libnvcuvid1 libnvidia-encode1
2026-10-09T00:49:05.0126062Z   libbluray-bdj jackd2 libportaudio2 opus-tools pulseaudio libraw1394-doc
2026-10-09T00:49:05.0126775Z   librsvg2-bin serdi sndiod sordi speex opencl-icd libvdpau-va-gl1
2026-10-09T00:49:05.0415275Z The following NEW packages will be installed:
2026-10-09T00:49:05.0416025Z   ffmpeg i965-va-driver intel-media-va-driver libaacs0 libass9 libasyncns0
2026-10-09T00:49:05.0416893Z   libavc1394-0 libavcodec60 libavdevice60 libavfilter9 libavformat60
2026-10-09T00:49:05.0417432Z   libavutil58 libbdplus0 libblas3 libbluray2 libbs2b0 libcaca0
2026-10-09T00:49:05.0417966Z   libcdio-cdda2t64 libcdio-paranoia2t64 libcdio19t64 libchromaprint1 libcjson1
2026-10-09T00:49:05.0418518Z   libcodec2-1.2 libdav1d7 libdc1394-25 libdecor-0-0 libdecor-0-plugin-1-gtk
2026-10-09T00:49:05.0419352Z   libflac12t64 libflite1 libgme0 libgsm1 libhwy1t64 libiec61883-0 libigdgmm12
2026-10-09T00:49:05.0419990Z   libjack-jackd2-0 libjxl0.7 liblapack3 liblilv-0-0 libmbedcrypto7t64
2026-10-09T00:49:05.0439688Z   libmp3lame0 libmpg123-0t64 libmysofa1 libopenal-data libopenal1
2026-10-09T00:49:05.0470295Z   libopenmpt0t64 libopus0 libplacebo338 libpocketsphinx3 libpostproc57
2026-10-09T00:49:05.0471184Z   libpulse0 librav1e0 libraw1394-11 librist4 librsvg2-2 librsvg2-common
2026-10-09T00:49:05.0471924Z   librubberband2 libsamplerate0 libsdl2-2.0-0 libserd-0-0 libshine3
2026-10-09T00:49:05.0472650Z   libsndfile1 libsndio7.0 libsord-0-0 libsoxr0 libspeex1 libsphinxbase3t64
2026-10-09T00:49:05.0473277Z   libsratom-0-0 libsrt1.5-gnutls libssh-gcrypt-4 libsvtav1enc1d1
2026-10-09T00:49:05.0473977Z   libswresample4 libswscale7 libtheora0 libtwolame0 libudfread0 libunibreak5
2026-10-09T00:49:05.0474744Z   libva-drm2 libva-x11-2 libva2 libvdpau1 libvidstab1.1 libvorbisenc2 libvpl2
2026-10-09T00:49:05.0475447Z   libvpx9 libx264-164 libx265-199 libxcb-shape0 libxv1 libxvidcore4 libzimg2
2026-10-09T00:49:05.0476113Z   libzix-0-0 libzvbi-common libzvbi0t64 mesa-va-drivers mesa-vdpau-drivers
2026-10-09T00:49:05.0476839Z   ocl-icd-libopencl1 pocketsphinx-en-us va-driver-all vdpau-driver-all
2026-10-09T00:49:05.0601141Z 0 upgraded, 99 newly installed, 0 to remove and 23 not upgraded.
2026-10-09T00:49:05.0602501Z Need to get 94.1 MB of archives.
2026-10-09T00:49:05.0603372Z After this operation, 227 MB of additional disk space will be used.
2026-10-09T00:49:05.0604070Z Get:1 file:/etc/apt/apt-mirrors.txt Mirrorlist [139 B]
2026-10-09T00:49:05.6494336Z Get:2 https://archive.ubuntu.com/ubuntu noble-updates/universe amd64 libva2 amd64 2.20.0-2ubuntu0.2 [66.4 kB]
2026-10-09T00:49:05.9632932Z Get:3 https://archive.ubuntu.com/ubuntu noble-updates/universe amd64 libva-drm2 amd64 2.20.0-2ubuntu0.2 [7124 B]
2026-10-09T00:49:06.0703347Z Get:4 https://archive.ubuntu.com/ubuntu noble-updates/universe amd64 libva-x11-2 amd64 2.20.0-2ubuntu0.2 [12.0 kB]
2026-10-09T00:49:06.1815602Z Get:5 https://archive.ubuntu.com/ubuntu noble/main amd64 libvdpau1 amd64 1.5-2build1 [27.8 kB]
2026-10-09T00:49:06.3068558Z Get:6 https://archive.ubuntu.com/ubuntu noble/universe amd64 libvpl2 amd64 2023.3.0-1build1 [99.8 kB]
2026-10-09T00:49:06.5200537Z Get:7 https://archive.ubuntu.com/ubuntu noble/universe amd64 ocl-icd-libopencl1 amd64 2.3.2-1build1 [38.5 kB]
2026-10-09T00:49:06.6367355Z Get:8 https://archive.ubuntu.com/ubuntu noble/universe amd64 libavutil58 amd64 7:6.1.1-3ubuntu5 [401 kB]
2026-10-09T00:49:07.3132301Z Get:9 https://archive.ubuntu.com/ubuntu noble/universe amd64 libcodec2-1.2 amd64 1.2.0-2build1 [8998 kB]
2026-10-09T00:49:08.7609550Z Get:10 https://archive.ubuntu.com/ubuntu noble/universe amd64 libdav1d7 amd64 1.4.1-1build1 [604 kB]
2026-10-09T00:49:08.8700229Z Get:11 https://archive.ubuntu.com/ubuntu noble/universe amd64 libgsm1 amd64 1.0.22-1build1 [27.8 kB]
2026-10-09T00:49:08.9707533Z Get:12 https://archive.ubuntu.com/ubuntu noble/universe amd64 libhwy1t64 amd64 1.0.7-8.1build1 [584 kB]
2026-10-09T00:49:09.0787184Z Get:13 https://archive.ubuntu.com/ubuntu noble-updates/universe amd64 libjxl0.7 amd64 0.7.0-10.2ubuntu6.1 [1001 kB]
2026-10-09T00:49:09.1933947Z Get:14 https://archive.ubuntu.com/ubuntu noble/main amd64 libmp3lame0 amd64 3.100-6build1 [142 kB]
2026-10-09T00:49:09.2967063Z Get:15 https://archive.ubuntu.com/ubuntu noble/main amd64 libopus0 amd64 1.4-1build1 [208 kB]
2026-10-09T00:49:09.3988402Z Get:16 https://archive.ubuntu.com/ubuntu noble/universe amd64 librav1e0 amd64 0.7.1-2 [1022 kB]
2026-10-09T00:49:09.5128563Z Get:17 https://archive.ubuntu.com/ubuntu noble-updates/main amd64 librsvg2-2 amd64 2.58.0+dfsg-1ubuntu0.1 [2141 kB]
2026-10-09T00:49:09.6420863Z Get:18 https://archive.ubuntu.com/ubuntu noble/universe amd64 libshine3 amd64 3.1.1-2build1 [23.2 kB]
2026-10-09T00:49:09.7429617Z Get:19 https://archive.ubuntu.com/ubuntu noble-updates/main amd64 libspeex1 amd64 1.2.1-2ubuntu2.24.04.1 [59.6 kB]
2026-10-09T00:49:09.8448621Z Get:20 https://archive.ubuntu.com/ubuntu noble/universe amd64 libsvtav1enc1d1 amd64 1.7.0+dfsg-2build1 [2425 kB]
2026-10-09T00:49:09.9766307Z Get:21 https://archive.ubuntu.com/ubuntu noble/universe amd64 libsoxr0 amd64 0.1.3-4build3 [80.0 kB]
2026-10-09T00:49:10.0785568Z Get:22 https://archive.ubuntu.com/ubuntu noble/universe amd64 libswresample4 amd64 7:6.1.1-3ubuntu5 [63.8 kB]
2026-10-09T00:49:10.1803559Z Get:23 https://archive.ubuntu.com/ubuntu noble/main amd64 libtheora0 amd64 1.1.1+dfsg.1-16.1build3 [211 kB]
2026-10-09T00:49:10.2834260Z Get:24 https://archive.ubuntu.com/ubuntu noble/main amd64 libtwolame0 amd64 0.4.0-2build3 [52.3 kB]
2026-10-09T00:49:10.3859759Z Get:25 https://archive.ubuntu.com/ubuntu noble/main amd64 libvorbisenc2 amd64 1.3.7-1build3 [80.8 kB]
2026-10-09T00:49:10.4912090Z Get:26 https://archive.ubuntu.com/ubuntu noble-updates/main amd64 libvpx9 amd64 1.14.0-1ubuntu2.3 [1143 kB]
2026-10-09T00:49:10.6091736Z Get:27 https://archive.ubuntu.com/ubuntu noble/universe amd64 libx264-164 amd64 2:0.164.3108+git31e19f9-1 [604 kB]
2026-10-09T00:49:10.8592348Z Get:28 https://archive.ubuntu.com/ubuntu noble/universe amd64 libx265-199 amd64 3.5-2build1 [1226 kB]
2026-10-09T00:49:10.9759573Z Get:29 https://archive.ubuntu.com/ubuntu noble/universe amd64 libxvidcore4 amd64 2:1.3.7-1build1 [219 kB]
2026-10-09T00:49:11.0787123Z Get:30 https://archive.ubuntu.com/ubuntu noble/universe amd64 libzvbi-common all 0.2.42-2 [42.4 kB]
2026-10-09T00:49:11.1829146Z Get:31 https://archive.ubuntu.com/ubuntu noble/universe amd64 libzvbi0t64 amd64 0.2.42-2 [261 kB]
2026-10-09T00:49:11.2863695Z Get:32 https://archive.ubuntu.com/ubuntu noble/universe amd64 libavcodec60 amd64 7:6.1.1-3ubuntu5 [5851 kB]
2026-10-09T00:49:11.5020510Z Get:33 https://archive.ubuntu.com/ubuntu noble/main amd64 libraw1394-11 amd64 2.1.2-2build3 [26.2 kB]
2026-10-09T00:49:11.6030229Z Get:34 https://archive.ubuntu.com/ubuntu noble/main amd64 libavc1394-0 amd64 0.5.4-5build3 [15.4 kB]
2026-10-09T00:49:11.7046355Z Get:35 https://archive.ubuntu.com/ubuntu noble/universe amd64 libunibreak5 amd64 5.1-2build1 [25.0 kB]
2026-10-09T00:49:11.8112905Z Get:36 https://archive.ubuntu.com/ubuntu noble/universe amd64 libass9 amd64 1:0.17.1-2build1 [104 kB]
2026-10-09T00:49:11.9155324Z Get:37 https://archive.ubuntu.com/ubuntu noble/universe amd64 libudfread0 amd64 1.1.2-1build1 [19.0 kB]
2026-10-09T00:49:12.0171246Z Get:38 https://archive.ubuntu.com/ubuntu noble/universe amd64 libbluray2 amd64 1:1.3.4-1build1 [159 kB]
2026-10-09T00:49:12.1199517Z Get:39 https://archive.ubuntu.com/ubuntu noble/universe amd64 libchromaprint1 amd64 1.5.1-5 [30.5 kB]
2026-10-09T00:49:12.2219216Z Get:40 https://archive.ubuntu.com/ubuntu noble/universe amd64 libgme0 amd64 0.6.3-7build1 [134 kB]
2026-10-09T00:49:12.3241420Z Get:41 https://archive.ubuntu.com/ubuntu noble-updates/main amd64 libmpg123-0t64 amd64 1.32.5-1ubuntu1.1 [169 kB]
2026-10-09T00:49:12.4294414Z Get:42 https://archive.ubuntu.com/ubuntu noble/universe amd64 libopenmpt0t64 amd64 0.7.3-1.1build3 [647 kB]
2026-10-09T00:49:12.5394110Z Get:43 https://archive.ubuntu.com/ubuntu noble/universe amd64 libcjson1 amd64 1.7.17-1 [24.8 kB]
2026-10-09T00:49:12.6409652Z Get:44 https://archive.ubuntu.com/ubuntu noble/universe amd64 libmbedcrypto7t64 amd64 2.28.8-1 [209 kB]
2026-10-09T00:49:12.7439960Z Get:45 https://archive.ubuntu.com/ubuntu noble/universe amd64 librist4 amd64 0.2.10+dfsg-2 [74.9 kB]
2026-10-09T00:49:12.8464757Z Get:46 https://archive.ubuntu.com/ubuntu noble/universe amd64 libsrt1.5-gnutls amd64 1.5.3-1build2 [316 kB]
2026-10-09T00:49:13.0953043Z Get:47 https://archive.ubuntu.com/ubuntu noble-updates/main amd64 libssh-gcrypt-4 amd64 0.10.6-2ubuntu0.5 [226 kB]
2026-10-09T00:49:13.1980591Z Get:48 https://archive.ubuntu.com/ubuntu noble/universe amd64 libavformat60 amd64 7:6.1.1-3ubuntu5 [1153 kB]
2026-10-09T00:49:13.3078487Z Get:49 https://archive.ubuntu.com/ubuntu noble/universe amd64 libbs2b0 amd64 3.1.0+dfsg-7build1 [10.6 kB]
2026-10-09T00:49:13.4088434Z Get:50 https://archive.ubuntu.com/ubuntu noble/universe amd64 libflite1 amd64 2.2-6build3 [13.6 MB]
2026-10-09T00:49:13.6460964Z Get:51 https://archive.ubuntu.com/ubuntu noble/universe amd64 libserd-0-0 amd64 0.32.2-1 [43.6 kB]
2026-10-09T00:49:13.7478891Z Get:52 https://archive.ubuntu.com/ubuntu noble/universe amd64 libzix-0-0 amd64 0.4.2-2build1 [23.6 kB]
2026-10-09T00:49:13.8487492Z Get:53 https://archive.ubuntu.com/ubuntu noble/universe amd64 libsord-0-0 amd64 0.16.16-2build1 [15.8 kB]
2026-10-09T00:49:13.9490388Z Get:54 https://archive.ubuntu.com/ubuntu noble/universe amd64 libsratom-0-0 amd64 0.6.16-1build1 [17.3 kB]
2026-10-09T00:49:14.0522451Z Get:55 https://archive.ubuntu.com/ubuntu noble/universe amd64 liblilv-0-0 amd64 0.24.22-1build1 [41.0 kB]
2026-10-09T00:49:14.1556626Z Get:56 https://archive.ubuntu.com/ubuntu noble/universe amd64 libmysofa1 amd64 1.3.2+dfsg-2ubuntu2 [1158 kB]
2026-10-09T00:49:14.2803077Z Get:57 https://archive.ubuntu.com/ubuntu noble/universe amd64 libplacebo338 amd64 6.338.2-2build1 [2654 kB]
2026-10-09T00:49:14.3962101Z Get:58 https://archive.ubuntu.com/ubuntu noble-updates/main amd64 libblas3 amd64 3.12.0-3build1.1 [238 kB]
2026-10-09T00:49:14.4980372Z Get:59 https://archive.ubuntu.com/ubuntu noble-updates/main amd64 liblapack3 amd64 3.12.0-3build1.1 [2646 kB]
2026-10-09T00:49:14.6154352Z Get:60 https://archive.ubuntu.com/ubuntu noble/main amd64 libasyncns0 amd64 0.8-6build4 [11.3 kB]
2026-10-09T00:49:14.7169877Z Get:61 https://archive.ubuntu.com/ubuntu noble/main amd64 libflac12t64 amd64 1.4.3+ds-2.1ubuntu2 [197 kB]
2026-10-09T00:49:14.8209520Z Get:62 https://archive.ubuntu.com/ubuntu noble-updates/main amd64 libsndfile1 amd64 1.2.2-1ubuntu5.24.04.1 [209 kB]
2026-10-09T00:49:14.9228870Z Get:63 https://archive.ubuntu.com/ubuntu noble-updates/main amd64 libpulse0 amd64 1:16.1+dfsg1-2ubuntu10.1 [292 kB]
2026-10-09T00:49:15.0267583Z Get:64 https://archive.ubuntu.com/ubuntu noble/universe amd64 libsphinxbase3t64 amd64 0.8+5prealpha+1-17build2 [126 kB]
2026-10-09T00:49:15.1284702Z Get:65 https://archive.ubuntu.com/ubuntu noble/universe amd64 libpocketsphinx3 amd64 0.8.0+real5prealpha+1-15ubuntu5 [133 kB]
2026-10-09T00:49:15.3712111Z Get:66 https://archive.ubuntu.com/ubuntu noble/universe amd64 libpostproc57 amd64 7:6.1.1-3ubuntu5 [49.9 kB]
2026-10-09T00:49:15.4730129Z Get:67 https://archive.ubuntu.com/ubuntu noble/main amd64 libsamplerate0 amd64 0.2.2-4build1 [1344 kB]
2026-10-09T00:49:15.5939146Z Get:68 https://archive.ubuntu.com/ubuntu noble/universe amd64 librubberband2 amd64 3.3.0+dfsg-2build1 [130 kB]
2026-10-09T00:49:15.6970976Z Get:69 https://archive.ubuntu.com/ubuntu noble/universe amd64 libswscale7 amd64 7:6.1.1-3ubuntu5 [193 kB]
2026-10-09T00:49:15.8003358Z Get:70 https://archive.ubuntu.com/ubuntu noble/universe amd64 libvidstab1.1 amd64 1.1.0-2build1 [38.5 kB]
2026-10-09T00:49:15.9016782Z Get:71 https://archive.ubuntu.com/ubuntu noble/universe amd64 libzimg2 amd64 3.0.5+ds1-1build1 [254 kB]
2026-10-09T00:49:16.0037509Z Get:72 https://archive.ubuntu.com/ubuntu noble/universe amd64 libavfilter9 amd64 7:6.1.1-3ubuntu5 [4235 kB]
2026-10-09T00:49:16.1465768Z Get:73 https://archive.ubuntu.com/ubuntu noble-updates/main amd64 libcaca0 amd64 0.99.beta20-4ubuntu0.2 [209 kB]
2026-10-09T00:49:16.2495268Z Get:74 https://archive.ubuntu.com/ubuntu noble-updates/main amd64 libcdio19t64 amd64 2.1.0-4.1ubuntu1.2 [62.4 kB]
2026-10-09T00:49:16.3509428Z Get:75 https://archive.ubuntu.com/ubuntu noble/main amd64 libcdio-cdda2t64 amd64 10.2+2.0.1-1.1build2 [16.5 kB]
2026-10-09T00:49:16.4524662Z Get:76 https://archive.ubuntu.com/ubuntu noble/main amd64 libcdio-paranoia2t64 amd64 10.2+2.0.1-1.1build2 [16.6 kB]
2026-10-09T00:49:16.5539876Z Get:77 https://archive.ubuntu.com/ubuntu noble/universe amd64 libdc1394-25 amd64 2.2.6-4build1 [90.1 kB]
2026-10-09T00:49:16.6552765Z Get:78 https://archive.ubuntu.com/ubuntu noble/main amd64 libiec61883-0 amd64 1.2.0-6build1 [24.5 kB]
2026-10-09T00:49:16.7563339Z Get:79 https://archive.ubuntu.com/ubuntu noble/main amd64 libjack-jackd2-0 amd64 1.9.21~dfsg-3ubuntu3 [289 kB]
2026-10-09T00:49:16.8599705Z Get:80 https://archive.ubuntu.com/ubuntu noble/universe amd64 libopenal-data all 1:1.23.1-4build1 [161 kB]
2026-10-09T00:49:16.9613131Z Get:81 https://archive.ubuntu.com/ubuntu noble/universe amd64 libsndio7.0 amd64 1.9.0-0.3build3 [29.6 kB]
2026-10-09T00:49:17.0633686Z Get:82 https://archive.ubuntu.com/ubuntu noble/universe amd64 libopenal1 amd64 1:1.23.1-4build1 [540 kB]
2026-10-09T00:49:17.1690981Z Get:83 https://archive.ubuntu.com/ubuntu noble/main amd64 libdecor-0-0 amd64 0.2.2-1build2 [16.5 kB]
2026-10-09T00:49:17.2700546Z Get:84 https://archive.ubuntu.com/ubuntu noble-updates/main amd64 libsdl2-2.0-0 amd64 2.30.0+dfsg-1ubuntu3.1 [686 kB]
2026-10-09T00:49:17.5163862Z Get:85 https://archive.ubuntu.com/ubuntu noble/main amd64 libxcb-shape0 amd64 1.15-1ubuntu2 [6100 B]
2026-10-09T00:49:17.6165419Z Get:86 https://archive.ubuntu.com/ubuntu noble/main amd64 libxv1 amd64 2:1.0.11-1.1build1 [10.7 kB]
2026-10-09T00:49:17.7205476Z Get:87 https://archive.ubuntu.com/ubuntu noble/universe amd64 libavdevice60 amd64 7:6.1.1-3ubuntu5 [82.3 kB]
2026-10-09T00:49:17.8233865Z Get:88 https://archive.ubuntu.com/ubuntu noble/universe amd64 ffmpeg amd64 7:6.1.1-3ubuntu5 [1879 kB]
2026-10-09T00:49:17.9350532Z Get:89 https://archive.ubuntu.com/ubuntu noble-updates/universe amd64 libigdgmm12 amd64 22.3.17+ds1-1ubuntu1 [145 kB]
2026-10-09T00:49:18.0375011Z Get:90 https://archive.ubuntu.com/ubuntu noble-updates/universe amd64 intel-media-va-driver amd64 24.1.0+dfsg1-1ubuntu0.2 [3163 kB]
2026-10-09T00:49:18.1765355Z Get:91 https://archive.ubuntu.com/ubuntu noble/universe amd64 libaacs0 amd64 0.11.1-2build1 [62.9 kB]
2026-10-09T00:49:18.2779051Z Get:92 https://archive.ubuntu.com/ubuntu noble/universe amd64 libbdplus0 amd64 0.2.0-3build1 [52.2 kB]
2026-10-09T00:49:18.3800560Z Get:93 https://archive.ubuntu.com/ubuntu noble/main amd64 libdecor-0-plugin-1-gtk amd64 0.2.2-1build2 [22.2 kB]
2026-10-09T00:49:18.4798475Z Get:94 https://archive.ubuntu.com/ubuntu noble-updates/main amd64 librsvg2-common amd64 2.58.0+dfsg-1ubuntu0.1 [11.8 kB]
2026-10-09T00:49:18.5819327Z Get:95 https://archive.ubuntu.com/ubuntu noble-updates/universe amd64 mesa-va-drivers amd64 25.2.8-0ubuntu0.24.04.4 [6778 B]
2026-10-09T00:49:18.6849909Z Get:96 https://archive.ubuntu.com/ubuntu noble-updates/main amd64 mesa-vdpau-drivers amd64 25.2.8-0ubuntu0.24.04.4 [23.4 kB]
2026-10-09T00:49:18.7891368Z Get:97 https://archive.ubuntu.com/ubuntu noble-updates/universe amd64 i965-va-driver amd64 2.4.1+dfsg1-1ubuntu0.2 [332 kB]
2026-10-09T00:49:18.8932713Z Get:98 https://archive.ubuntu.com/ubuntu noble-updates/universe amd64 va-driver-all amd64 2.20.0-2ubuntu0.2 [5014 B]
2026-10-09T00:49:18.9937663Z Get:99 https://archive.ubuntu.com/ubuntu noble/main amd64 vdpau-driver-all amd64 1.5-2build1 [4414 B]
2026-10-09T00:49:19.0950060Z Get:100 https://archive.ubuntu.com/ubuntu noble/universe amd64 pocketsphinx-en-us all 0.8.0+real5prealpha+1-15ubuntu5 [27.4 MB]
2026-10-09T00:49:19.7760251Z Fetched 94.1 MB in 14s (6517 kB/s)
2026-10-09T00:49:19.7960666Z Selecting previously unselected package libva2:amd64.
2026-10-09T00:49:19.8146312Z (Reading database ... 
2026-10-09T00:49:19.8146798Z (Reading database ... 5%
2026-10-09T00:49:19.8147174Z (Reading database ... 10%
2026-10-09T00:49:19.8147503Z (Reading database ... 15%
2026-10-09T00:49:19.8147920Z (Reading database ... 20%
2026-10-09T00:49:19.8148281Z (Reading database ... 25%
2026-10-09T00:49:19.8148924Z (Reading database ... 30%
2026-10-09T00:49:19.8149260Z (Reading database ... 35%
2026-10-09T00:49:19.8149580Z (Reading database ... 40%
2026-10-09T00:49:19.8149889Z (Reading database ... 45%
2026-10-09T00:49:19.8150165Z (Reading database ... 50%
2026-10-09T00:49:19.8188558Z (Reading database ... 55%
2026-10-09T00:49:19.9152709Z (Reading database ... 60%
2026-10-09T00:49:20.1620185Z (Reading database ... 65%
2026-10-09T00:49:20.3642973Z (Reading database ... 70%
2026-10-09T00:49:20.5127170Z (Reading database ... 75%
2026-10-09T00:49:20.6719602Z (Reading database ... 80%
2026-10-09T00:49:20.9121484Z (Reading database ... 85%
2026-10-09T00:49:21.1163493Z (Reading database ... 90%
2026-10-09T00:49:21.2546361Z (Reading database ... 95%
2026-10-09T00:49:21.2547088Z (Reading database ... 100%
2026-10-09T00:49:21.2547642Z (Reading database ... 203191 files and directories currently installed.)
2026-10-09T00:49:21.2587013Z Preparing to unpack .../00-libva2_2.20.0-2ubuntu0.2_amd64.deb ...
2026-10-09T00:49:21.2617912Z Unpacking libva2:amd64 (2.20.0-2ubuntu0.2) ...
2026-10-09T00:49:21.2801224Z Selecting previously unselected package libva-drm2:amd64.
2026-10-09T00:49:21.2892633Z Preparing to unpack .../01-libva-drm2_2.20.0-2ubuntu0.2_amd64.deb ...
2026-10-09T00:49:21.2900627Z Unpacking libva-drm2:amd64 (2.20.0-2ubuntu0.2) ...
2026-10-09T00:49:21.3062442Z Selecting previously unselected package libva-x11-2:amd64.
2026-10-09T00:49:21.3150523Z Preparing to unpack .../02-libva-x11-2_2.20.0-2ubuntu0.2_amd64.deb ...
2026-10-09T00:49:21.3159478Z Unpacking libva-x11-2:amd64 (2.20.0-2ubuntu0.2) ...
2026-10-09T00:49:21.3318255Z Selecting previously unselected package libvdpau1:amd64.
2026-10-09T00:49:21.3403260Z Preparing to unpack .../03-libvdpau1_1.5-2build1_amd64.deb ...
2026-10-09T00:49:21.3411887Z Unpacking libvdpau1:amd64 (1.5-2build1) ...
2026-10-09T00:49:21.3566659Z Selecting previously unselected package libvpl2.
2026-10-09T00:49:21.3655646Z Preparing to unpack .../04-libvpl2_2023.3.0-1build1_amd64.deb ...
2026-10-09T00:49:21.3663719Z Unpacking libvpl2 (2023.3.0-1build1) ...
2026-10-09T00:49:21.3831489Z Selecting previously unselected package ocl-icd-libopencl1:amd64.
2026-10-09T00:49:21.3922569Z Preparing to unpack .../05-ocl-icd-libopencl1_2.3.2-1build1_amd64.deb ...
2026-10-09T00:49:21.3930561Z Unpacking ocl-icd-libopencl1:amd64 (2.3.2-1build1) ...
2026-10-09T00:49:21.4133392Z Selecting previously unselected package libavutil58:amd64.
2026-10-09T00:49:21.4222259Z Preparing to unpack .../06-libavutil58_7%3a6.1.1-3ubuntu5_amd64.deb ...
2026-10-09T00:49:21.4229965Z Unpacking libavutil58:amd64 (7:6.1.1-3ubuntu5) ...
2026-10-09T00:49:21.4437916Z Selecting previously unselected package libcodec2-1.2:amd64.
2026-10-09T00:49:21.4531474Z Preparing to unpack .../07-libcodec2-1.2_1.2.0-2build1_amd64.deb ...
2026-10-09T00:49:21.4541647Z Unpacking libcodec2-1.2:amd64 (1.2.0-2build1) ...
2026-10-09T00:49:21.5956133Z Selecting previously unselected package libdav1d7:amd64.
2026-10-09T00:49:21.6056021Z Preparing to unpack .../08-libdav1d7_1.4.1-1build1_amd64.deb ...
2026-10-09T00:49:21.6063382Z Unpacking libdav1d7:amd64 (1.4.1-1build1) ...
2026-10-09T00:49:21.6275032Z Selecting previously unselected package libgsm1:amd64.
2026-10-09T00:49:21.6379586Z Preparing to unpack .../09-libgsm1_1.0.22-1build1_amd64.deb ...
2026-10-09T00:49:21.6386742Z Unpacking libgsm1:amd64 (1.0.22-1build1) ...
2026-10-09T00:49:21.6540271Z Selecting previously unselected package libhwy1t64:amd64.
2026-10-09T00:49:21.6642439Z Preparing to unpack .../10-libhwy1t64_1.0.7-8.1build1_amd64.deb ...
2026-10-09T00:49:21.6649270Z Unpacking libhwy1t64:amd64 (1.0.7-8.1build1) ...
2026-10-09T00:49:21.6956431Z Selecting previously unselected package libjxl0.7:amd64.
2026-10-09T00:49:21.7058265Z Preparing to unpack .../11-libjxl0.7_0.7.0-10.2ubuntu6.1_amd64.deb ...
2026-10-09T00:49:21.7065827Z Unpacking libjxl0.7:amd64 (0.7.0-10.2ubuntu6.1) ...
2026-10-09T00:49:21.7445679Z Selecting previously unselected package libmp3lame0:amd64.
2026-10-09T00:49:21.7550865Z Preparing to unpack .../12-libmp3lame0_3.100-6build1_amd64.deb ...
2026-10-09T00:49:21.7558161Z Unpacking libmp3lame0:amd64 (3.100-6build1) ...
2026-10-09T00:49:21.7725879Z Selecting previously unselected package libopus0:amd64.
2026-10-09T00:49:21.7824065Z Preparing to unpack .../13-libopus0_1.4-1build1_amd64.deb ...
2026-10-09T00:49:21.7831848Z Unpacking libopus0:amd64 (1.4-1build1) ...
2026-10-09T00:49:21.8002037Z Selecting previously unselected package librav1e0:amd64.
2026-10-09T00:49:21.8096344Z Preparing to unpack .../14-librav1e0_0.7.1-2_amd64.deb ...
2026-10-09T00:49:21.8103673Z Unpacking librav1e0:amd64 (0.7.1-2) ...
2026-10-09T00:49:21.8433524Z Selecting previously unselected package librsvg2-2:amd64.
2026-10-09T00:49:21.8522327Z Preparing to unpack .../15-librsvg2-2_2.58.0+dfsg-1ubuntu0.1_amd64.deb ...
2026-10-09T00:49:21.8529696Z Unpacking librsvg2-2:amd64 (2.58.0+dfsg-1ubuntu0.1) ...
2026-10-09T00:49:21.9139170Z Selecting previously unselected package libshine3:amd64.
2026-10-09T00:49:21.9234317Z Preparing to unpack .../16-libshine3_3.1.1-2build1_amd64.deb ...
2026-10-09T00:49:21.9243835Z Unpacking libshine3:amd64 (3.1.1-2build1) ...
2026-10-09T00:49:21.9397031Z Selecting previously unselected package libspeex1:amd64.
2026-10-09T00:49:21.9492050Z Preparing to unpack .../17-libspeex1_1.2.1-2ubuntu2.24.04.1_amd64.deb ...
2026-10-09T00:49:21.9502442Z Unpacking libspeex1:amd64 (1.2.1-2ubuntu2.24.04.1) ...
2026-10-09T00:49:21.9809097Z Selecting previously unselected package libsvtav1enc1d1:amd64.
2026-10-09T00:49:21.9907924Z Preparing to unpack .../18-libsvtav1enc1d1_1.7.0+dfsg-2build1_amd64.deb ...
2026-10-09T00:49:21.9920711Z Unpacking libsvtav1enc1d1:amd64 (1.7.0+dfsg-2build1) ...
2026-10-09T00:49:22.0833379Z Selecting previously unselected package libsoxr0:amd64.
2026-10-09T00:49:22.0936931Z Preparing to unpack .../19-libsoxr0_0.1.3-4build3_amd64.deb ...
2026-10-09T00:49:22.0944710Z Unpacking libsoxr0:amd64 (0.1.3-4build3) ...
2026-10-09T00:49:22.1108285Z Selecting previously unselected package libswresample4:amd64.
2026-10-09T00:49:22.1200800Z Preparing to unpack .../20-libswresample4_7%3a6.1.1-3ubuntu5_amd64.deb ...
2026-10-09T00:49:22.1209450Z Unpacking libswresample4:amd64 (7:6.1.1-3ubuntu5) ...
2026-10-09T00:49:22.1370491Z Selecting previously unselected package libtheora0:amd64.
2026-10-09T00:49:22.1462904Z Preparing to unpack .../21-libtheora0_1.1.1+dfsg.1-16.1build3_amd64.deb ...
2026-10-09T00:49:22.1470572Z Unpacking libtheora0:amd64 (1.1.1+dfsg.1-16.1build3) ...
2026-10-09T00:49:22.1648498Z Selecting previously unselected package libtwolame0:amd64.
2026-10-09T00:49:22.1740473Z Preparing to unpack .../22-libtwolame0_0.4.0-2build3_amd64.deb ...
2026-10-09T00:49:22.1747923Z Unpacking libtwolame0:amd64 (0.4.0-2build3) ...
2026-10-09T00:49:22.1895190Z Selecting previously unselected package libvorbisenc2:amd64.
2026-10-09T00:49:22.1985557Z Preparing to unpack .../23-libvorbisenc2_1.3.7-1build3_amd64.deb ...
2026-10-09T00:49:22.1998195Z Unpacking libvorbisenc2:amd64 (1.3.7-1build3) ...
2026-10-09T00:49:22.2168476Z Selecting previously unselected package libvpx9:amd64.
2026-10-09T00:49:22.2262137Z Preparing to unpack .../24-libvpx9_1.14.0-1ubuntu2.3_amd64.deb ...
2026-10-09T00:49:22.2270394Z Unpacking libvpx9:amd64 (1.14.0-1ubuntu2.3) ...
2026-10-09T00:49:22.2620819Z Selecting previously unselected package libx264-164:amd64.
2026-10-09T00:49:22.2718586Z Preparing to unpack .../25-libx264-164_2%3a0.164.3108+git31e19f9-1_amd64.deb ...
2026-10-09T00:49:22.2732163Z Unpacking libx264-164:amd64 (2:0.164.3108+git31e19f9-1) ...
2026-10-09T00:49:22.2982679Z Selecting previously unselected package libx265-199:amd64.
2026-10-09T00:49:22.3084652Z Preparing to unpack .../26-libx265-199_3.5-2build1_amd64.deb ...
2026-10-09T00:49:22.3092561Z Unpacking libx265-199:amd64 (3.5-2build1) ...
2026-10-09T00:49:22.4352033Z Selecting previously unselected package libxvidcore4:amd64.
2026-10-09T00:49:22.4458486Z Preparing to unpack .../27-libxvidcore4_2%3a1.3.7-1build1_amd64.deb ...
2026-10-09T00:49:22.4466962Z Unpacking libxvidcore4:amd64 (2:1.3.7-1build1) ...
2026-10-09T00:49:22.4634948Z Selecting previously unselected package libzvbi-common.
2026-10-09T00:49:22.4736672Z Preparing to unpack .../28-libzvbi-common_0.2.42-2_all.deb ...
2026-10-09T00:49:22.4744157Z Unpacking libzvbi-common (0.2.42-2) ...
2026-10-09T00:49:22.5730985Z Selecting previously unselected package libzvbi0t64:amd64.
2026-10-09T00:49:22.5839572Z Preparing to unpack .../29-libzvbi0t64_0.2.42-2_amd64.deb ...
2026-10-09T00:49:22.5847692Z Unpacking libzvbi0t64:amd64 (0.2.42-2) ...
2026-10-09T00:49:22.6058993Z Selecting previously unselected package libavcodec60:amd64.
2026-10-09T00:49:22.6163659Z Preparing to unpack .../30-libavcodec60_7%3a6.1.1-3ubuntu5_amd64.deb ...
2026-10-09T00:49:22.6172340Z Unpacking libavcodec60:amd64 (7:6.1.1-3ubuntu5) ...
2026-10-09T00:49:22.7588369Z Selecting previously unselected package libraw1394-11:amd64.
2026-10-09T00:49:22.7696999Z Preparing to unpack .../31-libraw1394-11_2.1.2-2build3_amd64.deb ...
2026-10-09T00:49:22.7705539Z Unpacking libraw1394-11:amd64 (2.1.2-2build3) ...
2026-10-09T00:49:22.7869449Z Selecting previously unselected package libavc1394-0:amd64.
2026-10-09T00:49:22.7974422Z Preparing to unpack .../32-libavc1394-0_0.5.4-5build3_amd64.deb ...
2026-10-09T00:49:22.7983249Z Unpacking libavc1394-0:amd64 (0.5.4-5build3) ...
2026-10-09T00:49:22.8139877Z Selecting previously unselected package libunibreak5:amd64.
2026-10-09T00:49:22.8236717Z Preparing to unpack .../33-libunibreak5_5.1-2build1_amd64.deb ...
2026-10-09T00:49:22.8246479Z Unpacking libunibreak5:amd64 (5.1-2build1) ...
2026-10-09T00:49:22.8403021Z Selecting previously unselected package libass9:amd64.
2026-10-09T00:49:22.8498792Z Preparing to unpack .../34-libass9_1%3a0.17.1-2build1_amd64.deb ...
2026-10-09T00:49:22.8505907Z Unpacking libass9:amd64 (1:0.17.1-2build1) ...
2026-10-09T00:49:22.8663637Z Selecting previously unselected package libudfread0:amd64.
2026-10-09T00:49:22.8757945Z Preparing to unpack .../35-libudfread0_1.1.2-1build1_amd64.deb ...
2026-10-09T00:49:22.8766562Z Unpacking libudfread0:amd64 (1.1.2-1build1) ...
2026-10-09T00:49:22.8931267Z Selecting previously unselected package libbluray2:amd64.
2026-10-09T00:49:22.9024756Z Preparing to unpack .../36-libbluray2_1%3a1.3.4-1build1_amd64.deb ...
2026-10-09T00:49:22.9033014Z Unpacking libbluray2:amd64 (1:1.3.4-1build1) ...
2026-10-09T00:49:22.9208346Z Selecting previously unselected package libchromaprint1:amd64.
2026-10-09T00:49:22.9303569Z Preparing to unpack .../37-libchromaprint1_1.5.1-5_amd64.deb ...
2026-10-09T00:49:22.9311348Z Unpacking libchromaprint1:amd64 (1.5.1-5) ...
2026-10-09T00:49:22.9462335Z Selecting previously unselected package libgme0:amd64.
2026-10-09T00:49:22.9553268Z Preparing to unpack .../38-libgme0_0.6.3-7build1_amd64.deb ...
2026-10-09T00:49:22.9561272Z Unpacking libgme0:amd64 (0.6.3-7build1) ...
2026-10-09T00:49:22.9715831Z Selecting previously unselected package libmpg123-0t64:amd64.
2026-10-09T00:49:22.9808417Z Preparing to unpack .../39-libmpg123-0t64_1.32.5-1ubuntu1.1_amd64.deb ...
2026-10-09T00:49:22.9816779Z Unpacking libmpg123-0t64:amd64 (1.32.5-1ubuntu1.1) ...
2026-10-09T00:49:22.9988933Z Selecting previously unselected package libopenmpt0t64:amd64.
2026-10-09T00:49:23.0082468Z Preparing to unpack .../40-libopenmpt0t64_0.7.3-1.1build3_amd64.deb ...
2026-10-09T00:49:23.0090323Z Unpacking libopenmpt0t64:amd64 (0.7.3-1.1build3) ...
2026-10-09T00:49:23.0323038Z Selecting previously unselected package libcjson1:amd64.
2026-10-09T00:49:23.0425276Z Preparing to unpack .../41-libcjson1_1.7.17-1_amd64.deb ...
2026-10-09T00:49:23.0433369Z Unpacking libcjson1:amd64 (1.7.17-1) ...
2026-10-09T00:49:23.0580660Z Selecting previously unselected package libmbedcrypto7t64:amd64.
2026-10-09T00:49:23.0676018Z Preparing to unpack .../42-libmbedcrypto7t64_2.28.8-1_amd64.deb ...
2026-10-09T00:49:23.0683527Z Unpacking libmbedcrypto7t64:amd64 (2.28.8-1) ...
2026-10-09T00:49:23.0854126Z Selecting previously unselected package librist4:amd64.
2026-10-09T00:49:23.0951459Z Preparing to unpack .../43-librist4_0.2.10+dfsg-2_amd64.deb ...
2026-10-09T00:49:23.0958646Z Unpacking librist4:amd64 (0.2.10+dfsg-2) ...
2026-10-09T00:49:23.1115543Z Selecting previously unselected package libsrt1.5-gnutls:amd64.
2026-10-09T00:49:23.1214984Z Preparing to unpack .../44-libsrt1.5-gnutls_1.5.3-1build2_amd64.deb ...
2026-10-09T00:49:23.1223038Z Unpacking libsrt1.5-gnutls:amd64 (1.5.3-1build2) ...
2026-10-09T00:49:23.1404758Z Selecting previously unselected package libssh-gcrypt-4:amd64.
2026-10-09T00:49:23.1503214Z Preparing to unpack .../45-libssh-gcrypt-4_0.10.6-2ubuntu0.5_amd64.deb ...
2026-10-09T00:49:23.1512206Z Unpacking libssh-gcrypt-4:amd64 (0.10.6-2ubuntu0.5) ...
2026-10-09T00:49:23.1687106Z Selecting previously unselected package libavformat60:amd64.
2026-10-09T00:49:23.1784260Z Preparing to unpack .../46-libavformat60_7%3a6.1.1-3ubuntu5_amd64.deb ...
2026-10-09T00:49:23.1792365Z Unpacking libavformat60:amd64 (7:6.1.1-3ubuntu5) ...
2026-10-09T00:49:23.2133551Z Selecting previously unselected package libbs2b0:amd64.
2026-10-09T00:49:23.2227458Z Preparing to unpack .../47-libbs2b0_3.1.0+dfsg-7build1_amd64.deb ...
2026-10-09T00:49:23.2235182Z Unpacking libbs2b0:amd64 (3.1.0+dfsg-7build1) ...
2026-10-09T00:49:23.2408539Z Selecting previously unselected package libflite1:amd64.
2026-10-09T00:49:23.2496745Z Preparing to unpack .../48-libflite1_2.2-6build3_amd64.deb ...
2026-10-09T00:49:23.2504816Z Unpacking libflite1:amd64 (2.2-6build3) ...
2026-10-09T00:49:23.4006455Z Selecting previously unselected package libserd-0-0:amd64.
2026-10-09T00:49:23.4121069Z Preparing to unpack .../49-libserd-0-0_0.32.2-1_amd64.deb ...
2026-10-09T00:49:23.4128405Z Unpacking libserd-0-0:amd64 (0.32.2-1) ...
2026-10-09T00:49:23.4324626Z Selecting previously unselected package libzix-0-0:amd64.
2026-10-09T00:49:23.4432828Z Preparing to unpack .../50-libzix-0-0_0.4.2-2build1_amd64.deb ...
2026-10-09T00:49:23.4443410Z Unpacking libzix-0-0:amd64 (0.4.2-2build1) ...
2026-10-09T00:49:23.4608639Z Selecting previously unselected package libsord-0-0:amd64.
2026-10-09T00:49:23.4714001Z Preparing to unpack .../51-libsord-0-0_0.16.16-2build1_amd64.deb ...
2026-10-09T00:49:23.4722767Z Unpacking libsord-0-0:amd64 (0.16.16-2build1) ...
2026-10-09T00:49:23.4886500Z Selecting previously unselected package libsratom-0-0:amd64.
2026-10-09T00:49:23.4987823Z Preparing to unpack .../52-libsratom-0-0_0.6.16-1build1_amd64.deb ...
2026-10-09T00:49:23.4996076Z Unpacking libsratom-0-0:amd64 (0.6.16-1build1) ...
2026-10-09T00:49:23.5157808Z Selecting previously unselected package liblilv-0-0:amd64.
2026-10-09T00:49:23.5253552Z Preparing to unpack .../53-liblilv-0-0_0.24.22-1build1_amd64.deb ...
2026-10-09T00:49:23.5261785Z Unpacking liblilv-0-0:amd64 (0.24.22-1build1) ...
2026-10-09T00:49:23.5420642Z Selecting previously unselected package libmysofa1:amd64.
2026-10-09T00:49:23.5516397Z Preparing to unpack .../54-libmysofa1_1.3.2+dfsg-2ubuntu2_amd64.deb ...
2026-10-09T00:49:23.5524748Z Unpacking libmysofa1:amd64 (1.3.2+dfsg-2ubuntu2) ...
2026-10-09T00:49:23.5703964Z Selecting previously unselected package libplacebo338:amd64.
2026-10-09T00:49:23.5796188Z Preparing to unpack .../55-libplacebo338_6.338.2-2build1_amd64.deb ...
2026-10-09T00:49:23.5803177Z Unpacking libplacebo338:amd64 (6.338.2-2build1) ...
2026-10-09T00:49:23.6646428Z Selecting previously unselected package libblas3:amd64.
2026-10-09T00:49:23.6753640Z Preparing to unpack .../56-libblas3_3.12.0-3build1.1_amd64.deb ...
2026-10-09T00:49:23.6779010Z Unpacking libblas3:amd64 (3.12.0-3build1.1) ...
2026-10-09T00:49:23.6975877Z Selecting previously unselected package liblapack3:amd64.
2026-10-09T00:49:23.7082524Z Preparing to unpack .../57-liblapack3_3.12.0-3build1.1_amd64.deb ...
2026-10-09T00:49:23.7104334Z Unpacking liblapack3:amd64 (3.12.0-3build1.1) ...
2026-10-09T00:49:23.7828663Z Selecting previously unselected package libasyncns0:amd64.
2026-10-09T00:49:23.7933334Z Preparing to unpack .../58-libasyncns0_0.8-6build4_amd64.deb ...
2026-10-09T00:49:23.7941803Z Unpacking libasyncns0:amd64 (0.8-6build4) ...
2026-10-09T00:49:23.8099476Z Selecting previously unselected package libflac12t64:amd64.
2026-10-09T00:49:23.8194580Z Preparing to unpack .../59-libflac12t64_1.4.3+ds-2.1ubuntu2_amd64.deb ...
2026-10-09T00:49:23.8202444Z Unpacking libflac12t64:amd64 (1.4.3+ds-2.1ubuntu2) ...
2026-10-09T00:49:23.8373354Z Selecting previously unselected package libsndfile1:amd64.
2026-10-09T00:49:23.8471858Z Preparing to unpack .../60-libsndfile1_1.2.2-1ubuntu5.24.04.1_amd64.deb ...
2026-10-09T00:49:23.8480356Z Unpacking libsndfile1:amd64 (1.2.2-1ubuntu5.24.04.1) ...
2026-10-09T00:49:23.8680279Z Selecting previously unselected package libpulse0:amd64.
2026-10-09T00:49:23.8778171Z Preparing to unpack .../61-libpulse0_1%3a16.1+dfsg1-2ubuntu10.1_amd64.deb ...
2026-10-09T00:49:23.8831519Z Unpacking libpulse0:amd64 (1:16.1+dfsg1-2ubuntu10.1) ...
2026-10-09T00:49:23.9022497Z Selecting previously unselected package libsphinxbase3t64:amd64.
2026-10-09T00:49:23.9122842Z Preparing to unpack .../62-libsphinxbase3t64_0.8+5prealpha+1-17build2_amd64.deb ...
2026-10-09T00:49:23.9131068Z Unpacking libsphinxbase3t64:amd64 (0.8+5prealpha+1-17build2) ...
2026-10-09T00:49:23.9300389Z Selecting previously unselected package libpocketsphinx3:amd64.
2026-10-09T00:49:23.9399911Z Preparing to unpack .../63-libpocketsphinx3_0.8.0+real5prealpha+1-15ubuntu5_amd64.deb ...
2026-10-09T00:49:23.9407969Z Unpacking libpocketsphinx3:amd64 (0.8.0+real5prealpha+1-15ubuntu5) ...
2026-10-09T00:49:23.9577452Z Selecting previously unselected package libpostproc57:amd64.
2026-10-09T00:49:23.9675699Z Preparing to unpack .../64-libpostproc57_7%3a6.1.1-3ubuntu5_amd64.deb ...
2026-10-09T00:49:23.9686449Z Unpacking libpostproc57:amd64 (7:6.1.1-3ubuntu5) ...
2026-10-09T00:49:23.9848212Z Selecting previously unselected package libsamplerate0:amd64.
2026-10-09T00:49:23.9947316Z Preparing to unpack .../65-libsamplerate0_0.2.2-4build1_amd64.deb ...
2026-10-09T00:49:23.9954986Z Unpacking libsamplerate0:amd64 (0.2.2-4build1) ...
2026-10-09T00:49:24.0154034Z Selecting previously unselected package librubberband2:amd64.
2026-10-09T00:49:24.0254015Z Preparing to unpack .../66-librubberband2_3.3.0+dfsg-2build1_amd64.deb ...
2026-10-09T00:49:24.0262378Z Unpacking librubberband2:amd64 (3.3.0+dfsg-2build1) ...
2026-10-09T00:49:24.0433074Z Selecting previously unselected package libswscale7:amd64.
2026-10-09T00:49:24.0531332Z Preparing to unpack .../67-libswscale7_7%3a6.1.1-3ubuntu5_amd64.deb ...
2026-10-09T00:49:24.0539144Z Unpacking libswscale7:amd64 (7:6.1.1-3ubuntu5) ...
2026-10-09T00:49:24.0707295Z Selecting previously unselected package libvidstab1.1:amd64.
2026-10-09T00:49:24.0804159Z Preparing to unpack .../68-libvidstab1.1_1.1.0-2build1_amd64.deb ...
2026-10-09T00:49:24.0813751Z Unpacking libvidstab1.1:amd64 (1.1.0-2build1) ...
2026-10-09T00:49:24.0970803Z Selecting previously unselected package libzimg2:amd64.
2026-10-09T00:49:24.1063739Z Preparing to unpack .../69-libzimg2_3.0.5+ds1-1build1_amd64.deb ...
2026-10-09T00:49:24.1071844Z Unpacking libzimg2:amd64 (3.0.5+ds1-1build1) ...
2026-10-09T00:49:24.1249309Z Selecting previously unselected package libavfilter9:amd64.
2026-10-09T00:49:24.1347210Z Preparing to unpack .../70-libavfilter9_7%3a6.1.1-3ubuntu5_amd64.deb ...
2026-10-09T00:49:24.1355074Z Unpacking libavfilter9:amd64 (7:6.1.1-3ubuntu5) ...
2026-10-09T00:49:24.2565513Z Selecting previously unselected package libcaca0:amd64.
2026-10-09T00:49:24.2669317Z Preparing to unpack .../71-libcaca0_0.99.beta20-4ubuntu0.2_amd64.deb ...
2026-10-09T00:49:24.2677516Z Unpacking libcaca0:amd64 (0.99.beta20-4ubuntu0.2) ...
2026-10-09T00:49:24.2875691Z Selecting previously unselected package libcdio19t64:amd64.
2026-10-09T00:49:24.2980455Z Preparing to unpack .../72-libcdio19t64_2.1.0-4.1ubuntu1.2_amd64.deb ...
2026-10-09T00:49:24.2988879Z Unpacking libcdio19t64:amd64 (2.1.0-4.1ubuntu1.2) ...
2026-10-09T00:49:24.3162092Z Selecting previously unselected package libcdio-cdda2t64:amd64.
2026-10-09T00:49:24.3260760Z Preparing to unpack .../73-libcdio-cdda2t64_10.2+2.0.1-1.1build2_amd64.deb ...
2026-10-09T00:49:24.3269141Z Unpacking libcdio-cdda2t64:amd64 (10.2+2.0.1-1.1build2) ...
2026-10-09T00:49:24.3433719Z Selecting previously unselected package libcdio-paranoia2t64:amd64.
2026-10-09T00:49:24.3528941Z Preparing to unpack .../74-libcdio-paranoia2t64_10.2+2.0.1-1.1build2_amd64.deb ...
2026-10-09T00:49:24.3537414Z Unpacking libcdio-paranoia2t64:amd64 (10.2+2.0.1-1.1build2) ...
2026-10-09T00:49:24.3686102Z Selecting previously unselected package libdc1394-25:amd64.
2026-10-09T00:49:24.3779589Z Preparing to unpack .../75-libdc1394-25_2.2.6-4build1_amd64.deb ...
2026-10-09T00:49:24.3786918Z Unpacking libdc1394-25:amd64 (2.2.6-4build1) ...
2026-10-09T00:49:24.3945130Z Selecting previously unselected package libiec61883-0:amd64.
2026-10-09T00:49:24.4039902Z Preparing to unpack .../76-libiec61883-0_1.2.0-6build1_amd64.deb ...
2026-10-09T00:49:24.4048616Z Unpacking libiec61883-0:amd64 (1.2.0-6build1) ...
2026-10-09T00:49:24.4199599Z Selecting previously unselected package libjack-jackd2-0:amd64.
2026-10-09T00:49:24.4296055Z Preparing to unpack .../77-libjack-jackd2-0_1.9.21~dfsg-3ubuntu3_amd64.deb ...
2026-10-09T00:49:24.4307857Z Unpacking libjack-jackd2-0:amd64 (1.9.21~dfsg-3ubuntu3) ...
2026-10-09T00:49:24.4509256Z Selecting previously unselected package libopenal-data.
2026-10-09T00:49:24.4607947Z Preparing to unpack .../78-libopenal-data_1%3a1.23.1-4build1_all.deb ...
2026-10-09T00:49:24.4616701Z Unpacking libopenal-data (1:1.23.1-4build1) ...
2026-10-09T00:49:24.4788458Z Selecting previously unselected package libsndio7.0:amd64.
2026-10-09T00:49:24.4887409Z Preparing to unpack .../79-libsndio7.0_1.9.0-0.3build3_amd64.deb ...
2026-10-09T00:49:24.4895639Z Unpacking libsndio7.0:amd64 (1.9.0-0.3build3) ...
2026-10-09T00:49:24.5141285Z Selecting previously unselected package libopenal1:amd64.
2026-10-09T00:49:24.5239428Z Preparing to unpack .../80-libopenal1_1%3a1.23.1-4build1_amd64.deb ...
2026-10-09T00:49:24.5248092Z Unpacking libopenal1:amd64 (1:1.23.1-4build1) ...
2026-10-09T00:49:24.5439437Z Selecting previously unselected package libdecor-0-0:amd64.
2026-10-09T00:49:24.5530730Z Preparing to unpack .../81-libdecor-0-0_0.2.2-1build2_amd64.deb ...
2026-10-09T00:49:24.5546183Z Unpacking libdecor-0-0:amd64 (0.2.2-1build2) ...
2026-10-09T00:49:24.5715742Z Selecting previously unselected package libsdl2-2.0-0:amd64.
2026-10-09T00:49:24.5811340Z Preparing to unpack .../82-libsdl2-2.0-0_2.30.0+dfsg-1ubuntu3.1_amd64.deb ...
2026-10-09T00:49:24.5819066Z Unpacking libsdl2-2.0-0:amd64 (2.30.0+dfsg-1ubuntu3.1) ...
2026-10-09T00:49:24.6823105Z Selecting previously unselected package libxcb-shape0:amd64.
2026-10-09T00:49:24.6932112Z Preparing to unpack .../83-libxcb-shape0_1.15-1ubuntu2_amd64.deb ...
2026-10-09T00:49:24.6943815Z Unpacking libxcb-shape0:amd64 (1.15-1ubuntu2) ...
2026-10-09T00:49:24.7105979Z Selecting previously unselected package libxv1:amd64.
2026-10-09T00:49:24.7212552Z Preparing to unpack .../84-libxv1_2%3a1.0.11-1.1build1_amd64.deb ...
2026-10-09T00:49:24.7219435Z Unpacking libxv1:amd64 (2:1.0.11-1.1build1) ...
2026-10-09T00:49:24.7381696Z Selecting previously unselected package libavdevice60:amd64.
2026-10-09T00:49:24.7483964Z Preparing to unpack .../85-libavdevice60_7%3a6.1.1-3ubuntu5_amd64.deb ...
2026-10-09T00:49:24.7491472Z Unpacking libavdevice60:amd64 (7:6.1.1-3ubuntu5) ...
2026-10-09T00:49:24.7640348Z Selecting previously unselected package ffmpeg.
2026-10-09T00:49:24.7731640Z Preparing to unpack .../86-ffmpeg_7%3a6.1.1-3ubuntu5_amd64.deb ...
2026-10-09T00:49:24.7738470Z Unpacking ffmpeg (7:6.1.1-3ubuntu5) ...
2026-10-09T00:49:24.8047216Z Selecting previously unselected package libigdgmm12:amd64.
2026-10-09T00:49:24.8141728Z Preparing to unpack .../87-libigdgmm12_22.3.17+ds1-1ubuntu1_amd64.deb ...
2026-10-09T00:49:24.8149954Z Unpacking libigdgmm12:amd64 (22.3.17+ds1-1ubuntu1) ...
2026-10-09T00:49:24.8317445Z Selecting previously unselected package intel-media-va-driver:amd64.
2026-10-09T00:49:24.8404866Z Preparing to unpack .../88-intel-media-va-driver_24.1.0+dfsg1-1ubuntu0.2_amd64.deb ...
2026-10-09T00:49:24.8412618Z Unpacking intel-media-va-driver:amd64 (24.1.0+dfsg1-1ubuntu0.2) ...
2026-10-09T00:49:24.9552579Z Selecting previously unselected package libaacs0:amd64.
2026-10-09T00:49:24.9661658Z Preparing to unpack .../89-libaacs0_0.11.1-2build1_amd64.deb ...
2026-10-09T00:49:24.9670617Z Unpacking libaacs0:amd64 (0.11.1-2build1) ...
2026-10-09T00:49:24.9850137Z Selecting previously unselected package libbdplus0:amd64.
2026-10-09T00:49:24.9955180Z Preparing to unpack .../90-libbdplus0_0.2.0-3build1_amd64.deb ...
2026-10-09T00:49:24.9963048Z Unpacking libbdplus0:amd64 (0.2.0-3build1) ...
2026-10-09T00:49:25.0119798Z Selecting previously unselected package libdecor-0-plugin-1-gtk:amd64.
2026-10-09T00:49:25.0217642Z Preparing to unpack .../91-libdecor-0-plugin-1-gtk_0.2.2-1build2_amd64.deb ...
2026-10-09T00:49:25.0231892Z Unpacking libdecor-0-plugin-1-gtk:amd64 (0.2.2-1build2) ...
2026-10-09T00:49:25.0373061Z Selecting previously unselected package librsvg2-common:amd64.
2026-10-09T00:49:25.0467871Z Preparing to unpack .../92-librsvg2-common_2.58.0+dfsg-1ubuntu0.1_amd64.deb ...
2026-10-09T00:49:25.0475225Z Unpacking librsvg2-common:amd64 (2.58.0+dfsg-1ubuntu0.1) ...
2026-10-09T00:49:25.0633487Z Selecting previously unselected package mesa-va-drivers:amd64.
2026-10-09T00:49:25.0725941Z Preparing to unpack .../93-mesa-va-drivers_25.2.8-0ubuntu0.24.04.4_amd64.deb ...
2026-10-09T00:49:25.0733571Z Unpacking mesa-va-drivers:amd64 (25.2.8-0ubuntu0.24.04.4) ...
2026-10-09T00:49:25.0884104Z Selecting previously unselected package mesa-vdpau-drivers:amd64.
2026-10-09T00:49:25.0975044Z Preparing to unpack .../94-mesa-vdpau-drivers_25.2.8-0ubuntu0.24.04.4_amd64.deb ...
2026-10-09T00:49:25.0982583Z Unpacking mesa-vdpau-drivers:amd64 (25.2.8-0ubuntu0.24.04.4) ...
2026-10-09T00:49:25.1127189Z Selecting previously unselected package i965-va-driver:amd64.
2026-10-09T00:49:25.1215657Z Preparing to unpack .../95-i965-va-driver_2.4.1+dfsg1-1ubuntu0.2_amd64.deb ...
2026-10-09T00:49:25.1223189Z Unpacking i965-va-driver:amd64 (2.4.1+dfsg1-1ubuntu0.2) ...
2026-10-09T00:49:25.1502359Z Selecting previously unselected package va-driver-all:amd64.
2026-10-09T00:49:25.1590070Z Preparing to unpack .../96-va-driver-all_2.20.0-2ubuntu0.2_amd64.deb ...
2026-10-09T00:49:25.1600695Z Unpacking va-driver-all:amd64 (2.20.0-2ubuntu0.2) ...
2026-10-09T00:49:25.1737325Z Selecting previously unselected package vdpau-driver-all:amd64.
2026-10-09T00:49:25.1824187Z Preparing to unpack .../97-vdpau-driver-all_1.5-2build1_amd64.deb ...
2026-10-09T00:49:25.1836549Z Unpacking vdpau-driver-all:amd64 (1.5-2build1) ...
2026-10-09T00:49:25.1982695Z Selecting previously unselected package pocketsphinx-en-us.
2026-10-09T00:49:25.2072787Z Preparing to unpack .../98-pocketsphinx-en-us_0.8.0+real5prealpha+1-15ubuntu5_all.deb ...
2026-10-09T00:49:25.2080667Z Unpacking pocketsphinx-en-us (0.8.0+real5prealpha+1-15ubuntu5) ...
2026-10-09T00:49:25.4953964Z Setting up libgme0:amd64 (0.6.3-7build1) ...
2026-10-09T00:49:25.4979365Z Setting up libchromaprint1:amd64 (1.5.1-5) ...
2026-10-09T00:49:25.5000577Z Setting up libssh-gcrypt-4:amd64 (0.10.6-2ubuntu0.5) ...
2026-10-09T00:49:25.5023577Z Setting up libhwy1t64:amd64 (1.0.7-8.1build1) ...
2026-10-09T00:49:25.5048473Z Setting up libudfread0:amd64 (1.1.2-1build1) ...
2026-10-09T00:49:25.5069652Z Setting up libraw1394-11:amd64 (2.1.2-2build3) ...
2026-10-09T00:49:25.5094943Z Setting up libspeex1:amd64 (1.2.1-2ubuntu2.24.04.1) ...
2026-10-09T00:49:25.5118283Z Setting up libshine3:amd64 (3.1.1-2build1) ...
2026-10-09T00:49:25.5148343Z Setting up libcaca0:amd64 (0.99.beta20-4ubuntu0.2) ...
2026-10-09T00:49:25.5179176Z Setting up libvpl2 (2023.3.0-1build1) ...
2026-10-09T00:49:25.5202987Z Setting up libx264-164:amd64 (2:0.164.3108+git31e19f9-1) ...
2026-10-09T00:49:25.5226855Z Setting up libtwolame0:amd64 (0.4.0-2build3) ...
2026-10-09T00:49:25.5254731Z Setting up libmbedcrypto7t64:amd64 (2.28.8-1) ...
2026-10-09T00:49:25.5283476Z Setting up libgsm1:amd64 (1.0.22-1build1) ...
2026-10-09T00:49:25.5305647Z Setting up libsoxr0:amd64 (0.1.3-4build3) ...
2026-10-09T00:49:25.5333858Z Setting up libzix-0-0:amd64 (0.4.2-2build1) ...
2026-10-09T00:49:25.5359393Z Setting up libcodec2-1.2:amd64 (1.2.0-2build1) ...
2026-10-09T00:49:25.5387475Z Setting up libmysofa1:amd64 (1.3.2+dfsg-2ubuntu2) ...
2026-10-09T00:49:25.5415839Z Setting up libxcb-shape0:amd64 (1.15-1ubuntu2) ...
2026-10-09T00:49:25.5444549Z Setting up libcdio19t64:amd64 (2.1.0-4.1ubuntu1.2) ...
2026-10-09T00:49:25.5471146Z Setting up libsvtav1enc1d1:amd64 (1.7.0+dfsg-2build1) ...
2026-10-09T00:49:25.5492772Z Setting up libigdgmm12:amd64 (22.3.17+ds1-1ubuntu1) ...
2026-10-09T00:49:25.5516292Z Setting up libmpg123-0t64:amd64 (1.32.5-1ubuntu1.1) ...
2026-10-09T00:49:25.5540342Z Setting up libcjson1:amd64 (1.7.17-1) ...
2026-10-09T00:49:25.5561929Z Setting up libxvidcore4:amd64 (2:1.3.7-1build1) ...
2026-10-09T00:49:25.5587252Z Setting up librav1e0:amd64 (0.7.1-2) ...
2026-10-09T00:49:25.5609317Z Setting up libcdio-cdda2t64:amd64 (10.2+2.0.1-1.1build2) ...
2026-10-09T00:49:25.5630520Z Setting up librist4:amd64 (0.2.10+dfsg-2) ...
2026-10-09T00:49:25.5657813Z Setting up librsvg2-2:amd64 (2.58.0+dfsg-1ubuntu0.1) ...
2026-10-09T00:49:25.5679286Z Setting up libblas3:amd64 (3.12.0-3build1.1) ...
2026-10-09T00:49:25.5728040Z update-alternatives: using /usr/lib/x86_64-linux-gnu/blas/libblas.so.3 to provide /usr/lib/x86_64-linux-gnu/libblas.so.3 (libblas.so.3-x86_64-linux-gnu) in auto mode
2026-10-09T00:49:25.5748523Z Setting up libplacebo338:amd64 (6.338.2-2build1) ...
2026-10-09T00:49:25.5768572Z Setting up libva2:amd64 (2.20.0-2ubuntu0.2) ...
2026-10-09T00:49:25.5792845Z Setting up libopus0:amd64 (1.4-1build1) ...
2026-10-09T00:49:25.5816592Z Setting up libcdio-paranoia2t64:amd64 (10.2+2.0.1-1.1build2) ...
2026-10-09T00:49:25.5837746Z Setting up libdc1394-25:amd64 (2.2.6-4build1) ...
2026-10-09T00:49:25.5861348Z Setting up intel-media-va-driver:amd64 (24.1.0+dfsg1-1ubuntu0.2) ...
2026-10-09T00:49:25.5884289Z Setting up libxv1:amd64 (2:1.0.11-1.1build1) ...
2026-10-09T00:49:25.5910222Z Setting up libunibreak5:amd64 (5.1-2build1) ...
2026-10-09T00:49:25.5932018Z Setting up libaacs0:amd64 (0.11.1-2build1) ...
2026-10-09T00:49:25.5954819Z Setting up libjxl0.7:amd64 (0.7.0-10.2ubuntu6.1) ...
2026-10-09T00:49:25.5978383Z Setting up librsvg2-common:amd64 (2.58.0+dfsg-1ubuntu0.1) ...
2026-10-09T00:49:25.6106439Z Setting up pocketsphinx-en-us (0.8.0+real5prealpha+1-15ubuntu5) ...
2026-10-09T00:49:25.6135009Z Setting up libx265-199:amd64 (3.5-2build1) ...
2026-10-09T00:49:25.6156450Z Setting up libsndio7.0:amd64 (1.9.0-0.3build3) ...
2026-10-09T00:49:25.6179142Z Setting up libbdplus0:amd64 (0.2.0-3build1) ...
2026-10-09T00:49:25.6199911Z Setting up libvidstab1.1:amd64 (1.1.0-2build1) ...
2026-10-09T00:49:25.6220291Z Setting up libvpx9:amd64 (1.14.0-1ubuntu2.3) ...
2026-10-09T00:49:25.6247159Z Setting up libsrt1.5-gnutls:amd64 (1.5.3-1build2) ...
2026-10-09T00:49:25.6267678Z Setting up libflite1:amd64 (2.2-6build3) ...
2026-10-09T00:49:25.6291968Z Setting up libdav1d7:amd64 (1.4.1-1build1) ...
2026-10-09T00:49:25.6315236Z Setting up libva-drm2:amd64 (2.20.0-2ubuntu0.2) ...
2026-10-09T00:49:25.6336214Z Setting up ocl-icd-libopencl1:amd64 (2.3.2-1build1) ...
2026-10-09T00:49:25.6374277Z Setting up libasyncns0:amd64 (0.8-6build4) ...
2026-10-09T00:49:25.6402949Z Setting up libvdpau1:amd64 (1.5-2build1) ...
2026-10-09T00:49:25.6436473Z Setting up libbs2b0:amd64 (3.1.0+dfsg-7build1) ...
2026-10-09T00:49:25.6456614Z Setting up libtheora0:amd64 (1.1.1+dfsg.1-16.1build3) ...
2026-10-09T00:49:25.6481007Z Setting up libdecor-0-0:amd64 (0.2.2-1build2) ...
2026-10-09T00:49:25.6507245Z Setting up libzimg2:amd64 (3.0.5+ds1-1build1) ...
2026-10-09T00:49:25.6527219Z Setting up libopenal-data (1:1.23.1-4build1) ...
2026-10-09T00:49:25.6561477Z Setting up libflac12t64:amd64 (1.4.3+ds-2.1ubuntu2) ...
2026-10-09T00:49:25.6583696Z Setting up mesa-va-drivers:amd64 (25.2.8-0ubuntu0.24.04.4) ...
2026-10-09T00:49:25.6608366Z Setting up libbluray2:amd64 (1:1.3.4-1build1) ...
2026-10-09T00:49:25.6632454Z Setting up libsamplerate0:amd64 (0.2.2-4build1) ...
2026-10-09T00:49:25.6657665Z Setting up libva-x11-2:amd64 (2.20.0-2ubuntu0.2) ...
2026-10-09T00:49:25.6678064Z Setting up libdecor-0-plugin-1-gtk:amd64 (0.2.2-1build2) ...
2026-10-09T00:49:25.6700011Z Setting up libopenmpt0t64:amd64 (0.7.3-1.1build3) ...
2026-10-09T00:49:25.6728125Z Setting up libzvbi-common (0.2.42-2) ...
2026-10-09T00:49:25.6750202Z Setting up libmp3lame0:amd64 (3.100-6build1) ...
2026-10-09T00:49:25.6775086Z Setting up i965-va-driver:amd64 (2.4.1+dfsg1-1ubuntu0.2) ...
2026-10-09T00:49:25.6797428Z Setting up libvorbisenc2:amd64 (1.3.7-1build3) ...
2026-10-09T00:49:25.6820183Z Setting up libiec61883-0:amd64 (1.2.0-6build1) ...
2026-10-09T00:49:25.6844800Z Setting up libserd-0-0:amd64 (0.32.2-1) ...
2026-10-09T00:49:25.6866137Z Setting up libavc1394-0:amd64 (0.5.4-5build3) ...
2026-10-09T00:49:25.6886776Z Setting up mesa-vdpau-drivers:amd64 (25.2.8-0ubuntu0.24.04.4) ...
2026-10-09T00:49:25.6912545Z Setting up liblapack3:amd64 (3.12.0-3build1.1) ...
2026-10-09T00:49:25.6963538Z update-alternatives: using /usr/lib/x86_64-linux-gnu/lapack/liblapack.so.3 to provide /usr/lib/x86_64-linux-gnu/liblapack.so.3 (liblapack.so.3-x86_64-linux-gnu) in auto mode
2026-10-09T00:49:25.6978842Z Setting up libzvbi0t64:amd64 (0.2.42-2) ...
2026-10-09T00:49:25.7003831Z Setting up libavutil58:amd64 (7:6.1.1-3ubuntu5) ...
2026-10-09T00:49:25.7024170Z Setting up libopenal1:amd64 (1:1.23.1-4build1) ...
2026-10-09T00:49:25.7048303Z Setting up libass9:amd64 (1:0.17.1-2build1) ...
2026-10-09T00:49:25.7068062Z Setting up libswresample4:amd64 (7:6.1.1-3ubuntu5) ...
2026-10-09T00:49:25.7086852Z Setting up va-driver-all:amd64 (2.20.0-2ubuntu0.2) ...
2026-10-09T00:49:25.7110941Z Setting up libavcodec60:amd64 (7:6.1.1-3ubuntu5) ...
2026-10-09T00:49:25.7132508Z Setting up librubberband2:amd64 (3.3.0+dfsg-2build1) ...
2026-10-09T00:49:25.7890165Z Setting up libjack-jackd2-0:amd64 (1.9.21~dfsg-3ubuntu3) ...
2026-10-09T00:49:25.7915886Z Setting up vdpau-driver-all:amd64 (1.5-2build1) ...
2026-10-09T00:49:25.7935639Z Setting up libsord-0-0:amd64 (0.16.16-2build1) ...
2026-10-09T00:49:25.7957234Z Setting up libpostproc57:amd64 (7:6.1.1-3ubuntu5) ...
2026-10-09T00:49:25.7980103Z Setting up libsratom-0-0:amd64 (0.6.16-1build1) ...
2026-10-09T00:49:25.7999582Z Setting up libsndfile1:amd64 (1.2.2-1ubuntu5.24.04.1) ...
2026-10-09T00:49:25.8023533Z Setting up liblilv-0-0:amd64 (0.24.22-1build1) ...
2026-10-09T00:49:25.8043548Z Setting up libswscale7:amd64 (7:6.1.1-3ubuntu5) ...
2026-10-09T00:49:25.8063585Z Setting up libpulse0:amd64 (1:16.1+dfsg1-2ubuntu10.1) ...
2026-10-09T00:49:25.8133186Z Setting up libavformat60:amd64 (7:6.1.1-3ubuntu5) ...
2026-10-09T00:49:25.8155022Z Setting up libsphinxbase3t64:amd64 (0.8+5prealpha+1-17build2) ...
2026-10-09T00:49:25.8183813Z Setting up libsdl2-2.0-0:amd64 (2.30.0+dfsg-1ubuntu3.1) ...
2026-10-09T00:49:25.8210756Z Setting up libpocketsphinx3:amd64 (0.8.0+real5prealpha+1-15ubuntu5) ...
2026-10-09T00:49:25.8231334Z Setting up libavfilter9:amd64 (7:6.1.1-3ubuntu5) ...
2026-10-09T00:49:25.8261684Z Setting up libavdevice60:amd64 (7:6.1.1-3ubuntu5) ...
2026-10-09T00:49:25.8285331Z Setting up ffmpeg (7:6.1.1-3ubuntu5) ...
2026-10-09T00:49:25.8313517Z Processing triggers for man-db (2.12.0-4build2) ...
2026-10-09T00:49:25.8335182Z Not building database; man-db/auto-update is not 'true'.
2026-10-09T00:49:25.8348663Z Processing triggers for libgdk-pixbuf-2.0-0:amd64 (2.42.10+dfsg-3ubuntu3.3) ...
2026-10-09T00:49:26.0049443Z Processing triggers for libc-bin (2.39-0ubuntu8.9) ...
2026-10-09T00:49:26.6659468Z 
2026-10-09T00:49:26.6660294Z Running kernel seems to be up-to-date.
2026-10-09T00:49:26.6660968Z 
2026-10-09T00:49:26.6661206Z No services need to be restarted.
2026-10-09T00:49:26.6661443Z 
2026-10-09T00:49:26.6661596Z No containers need to be restarted.
2026-10-09T00:49:26.6661816Z 
2026-10-09T00:49:26.6661978Z No user sessions are running outdated binaries.
2026-10-09T00:49:26.6662192Z 
2026-10-09T00:49:26.6662461Z No VM guests are running outdated hypervisor (qemu) binaries on this host.
2026-10-09T00:49:27.6707882Z ffprobe version 6.1.1-3ubuntu5 Copyright (c) 2007-2023 the FFmpeg developers
2026-10-09T00:49:27.6708554Z built with gcc 13 (Ubuntu 13.2.0-23ubuntu3)
2026-10-09T00:49:27.6713652Z configuration: --prefix=/usr --extra-version=3ubuntu5 --toolchain=hardened --libdir=/usr/lib/x86_64-linux-gnu --incdir=/usr/include/x86_64-linux-gnu --arch=amd64 --enable-gpl --disable-stripping --disable-omx --enable-gnutls --enable-libaom --enable-libass --enable-libbs2b --enable-libcaca --enable-libcdio --enable-libcodec2 --enable-libdav1d --enable-libflite --enable-libfontconfig --enable-libfreetype --enable-libfribidi --enable-libglslang --enable-libgme --enable-libgsm --enable-libharfbuzz --enable-libmp3lame --enable-libmysofa --enable-libopenjpeg --enable-libopenmpt --enable-libopus --enable-librubberband --enable-libshine --enable-libsnappy --enable-libsoxr --enable-libspeex --enable-libtheora --enable-libtwolame --enable-libvidstab --enable-libvorbis --enable-libvpx --enable-libwebp --enable-libx265 --enable-libxml2 --enable-libxvid --enable-libzimg --enable-openal --enable-opencl --enable-opengl --disable-sndio --enable-libvpl --disable-libmfx --enable-libdc1394 --enable-libdrm --enable-libiec61883 --enable-chromaprint --enable-frei0r --enable-ladspa --enable-libbluray --enable-libjack --enable-libpulse --enable-librabbitmq --enable-librist --enable-libsrt --enable-libssh --enable-libsvtav1 --enable-libx264 --enable-libzmq --enable-libzvbi --enable-lv2 --enable-sdl2 --enable-libplacebo --enable-librav1e --enable-pocketsphinx --enable-librsvg --enable-libjxl --enable-shared
2026-10-09T00:49:27.6718307Z libavutil      58. 29.100 / 58. 29.100
2026-10-09T00:49:27.6718665Z libavcodec     60. 31.102 / 60. 31.102
2026-10-09T00:49:27.6719166Z libavformat    60. 16.100 / 60. 16.100
2026-10-09T00:49:27.6719536Z libavdevice    60.  3.100 / 60.  3.100
2026-10-09T00:49:27.6719877Z libavfilter     9. 12.100 /  9. 12.100
2026-10-09T00:49:27.6720251Z libswscale      7.  5.100 /  7.  5.100
2026-10-09T00:49:27.6720608Z libswresample   4. 12.100 /  4. 12.100
2026-10-09T00:49:27.6720973Z libpostproc    57.  3.100 / 57.  3.100
2026-10-09T00:49:27.7197498Z ffmpeg version 6.1.1-3ubuntu5 Copyright (c) 2000-2023 the FFmpeg developers
2026-10-09T00:49:27.7198199Z built with gcc 13 (Ubuntu 13.2.0-23ubuntu3)
2026-10-09T00:49:27.7203199Z configuration: --prefix=/usr --extra-version=3ubuntu5 --toolchain=hardened --libdir=/usr/lib/x86_64-linux-gnu --incdir=/usr/include/x86_64-linux-gnu --arch=amd64 --enable-gpl --disable-stripping --disable-omx --enable-gnutls --enable-libaom --enable-libass --enable-libbs2b --enable-libcaca --enable-libcdio --enable-libcodec2 --enable-libdav1d --enable-libflite --enable-libfontconfig --enable-libfreetype --enable-libfribidi --enable-libglslang --enable-libgme --enable-libgsm --enable-libharfbuzz --enable-libmp3lame --enable-libmysofa --enable-libopenjpeg --enable-libopenmpt --enable-libopus --enable-librubberband --enable-libshine --enable-libsnappy --enable-libsoxr --enable-libspeex --enable-libtheora --enable-libtwolame --enable-libvidstab --enable-libvorbis --enable-libvpx --enable-libwebp --enable-libx265 --enable-libxml2 --enable-libxvid --enable-libzimg --enable-openal --enable-opencl --enable-opengl --disable-sndio --enable-libvpl --disable-libmfx --enable-libdc1394 --enable-libdrm --enable-libiec61883 --enable-chromaprint --enable-frei0r --enable-ladspa --enable-libbluray --enable-libjack --enable-libpulse --enable-librabbitmq --enable-librist --enable-libsrt --enable-libssh --enable-libsvtav1 --enable-libx264 --enable-libzmq --enable-libzvbi --enable-lv2 --enable-sdl2 --enable-libplacebo --enable-librav1e --enable-pocketsphinx --enable-librsvg --enable-libjxl --enable-shared
2026-10-09T00:49:27.7207410Z libavutil      58. 29.100 / 58. 29.100
2026-10-09T00:49:27.7207773Z libavcodec     60. 31.102 / 60. 31.102
2026-10-09T00:49:27.7208303Z libavformat    60. 16.100 / 60. 16.100
2026-10-09T00:49:27.7208644Z libavdevice    60.  3.100 / 60.  3.100
2026-10-09T00:49:27.7209236Z libavfilter     9. 12.100 /  9. 12.100
2026-10-09T00:49:27.7209572Z libswscale      7.  5.100 /  7.  5.100
2026-10-09T00:49:27.7209891Z libswresample   4. 12.100 /  4. 12.100
2026-10-09T00:49:27.7210401Z libpostproc    57.  3.100 / 57.  3.100
2026-10-09T00:49:27.7340631Z ##[group]Run actions/download-artifact@v4
2026-10-09T00:49:27.7340934Z with:
2026-10-09T00:49:27.7341229Z   pattern: G10-stage-*-8b4bf64639d690247cb1929a0ad0ae25af11de70
2026-10-09T00:49:27.7341557Z   path: jobs/G10-checkers
2026-10-09T00:49:27.7341837Z   merge-multiple: true
2026-10-09T00:49:27.7342128Z   repository: luisitin/partybox-game-cores
2026-10-09T00:49:27.7342422Z   run-id: 37865331876
2026-10-09T00:49:27.7342660Z env:
2026-10-09T00:49:27.7342959Z   G10_SOURCE_COMMIT: 8b4bf64639d690247cb1929a0ad0ae25af11de70
2026-10-09T00:49:27.7343257Z ##[endgroup]
2026-10-09T00:49:27.8684315Z (node:3517) [DEP0040] DeprecationWarning: The `punycode` module is deprecated. Please use a userland alternative instead.
2026-10-09T00:49:27.8685153Z (Use `node --trace-deprecation ...` to show where the warning was created)
2026-10-09T00:49:28.0296726Z Found 4 artifact(s)
2026-10-09T00:49:28.0298235Z Filtering artifacts by pattern 'G10-stage-*-8b4bf64639d690247cb1929a0ad0ae25af11de70'
2026-10-09T00:49:28.0315204Z Preparing to download the following artifacts:
2026-10-09T00:49:28.0316525Z - G10-stage-browser-8b4bf64639d690247cb1929a0ad0ae25af11de70 (ID: 11588411120, Size: 8642922, Expected Digest: sha256:5cb879b8367d3eaa6ae5e5fd6f9249f06a65fa3dfb4583832a439a0d70649bca)
2026-10-09T00:49:28.0318537Z - G10-stage-league-american-8b4bf64639d690247cb1929a0ad0ae25af11de70 (ID: 11588286290, Size: 372086, Expected Digest: sha256:8fdda73d93f80c9e41ea1f79a2fcc1253c63bbdb583b9bb67c5a5c495ba5997d)
2026-10-09T00:49:28.0320684Z - G10-stage-league-international-8b4bf64639d690247cb1929a0ad0ae25af11de70 (ID: 11588108666, Size: 490238, Expected Digest: sha256:4aae66fd416ec341749ca4fafe89c6e637df0d8a6d5880f83ff3077742e4537c)
2026-10-09T00:49:28.0322545Z - G10-stage-node-8b4bf64639d690247cb1929a0ad0ae25af11de70 (ID: 11587819673, Size: 136592, Expected Digest: sha256:c234e3609e2cd6557c338de53c16f8ab415ca0b71a76d8a398c73760773cebc4)
2026-10-09T00:49:28.2061258Z Redirecting to blob download url: https://productionresultssa9.blob.core.windows.net/actions-results/a88483c3-ce3b-82a9-a80c-5fbf0752f429/workflow-job-run-892b810c-939c-5acb-82b0-d0c049ba42dc/artifacts/00db59401c8d15697bd6ff0a3446d3eb5f6dc2e4533d2ace9b961b4e270680c8.zip
2026-10-09T00:49:28.2063101Z Starting download of artifact to: /home/runner/work/partybox-game-cores/partybox-game-cores/jobs/G10-checkers
2026-10-09T00:49:28.2750640Z Redirecting to blob download url: https://productionresultssa9.blob.core.windows.net/actions-results/a88483c3-ce3b-82a9-a80c-5fbf0752f429/workflow-job-run-2d2e06a4-3166-51ac-90e4-5dc7ea99da10/artifacts/a9b630a7b123f0481169c40a230746cc9efe6fbf2f6f3a670f31d6fec38ffb1b.zip
2026-10-09T00:49:28.2756517Z Starting download of artifact to: /home/runner/work/partybox-game-cores/partybox-game-cores/jobs/G10-checkers
2026-10-09T00:49:28.2776336Z Redirecting to blob download url: https://productionresultssa9.blob.core.windows.net/actions-results/a88483c3-ce3b-82a9-a80c-5fbf0752f429/workflow-job-run-1e49532b-545e-50bd-bb79-d82e47ad081f/artifacts/7bd241a31f3760aa55864720cb40f8df44b68110e7253ccf6fc84a19094d813e.zip
2026-10-09T00:49:28.2778190Z Starting download of artifact to: /home/runner/work/partybox-game-cores/partybox-game-cores/jobs/G10-checkers
2026-10-09T00:49:28.3060083Z Redirecting to blob download url: https://productionresultssa9.blob.core.windows.net/actions-results/a88483c3-ce3b-82a9-a80c-5fbf0752f429/workflow-job-run-957404e4-c19e-568f-97f4-425c8520c9cd/artifacts/5b55742b34c56069f5eb7172062cd95c1ed1760df1a06d4382e422af478f6cfb.zip
2026-10-09T00:49:28.3062240Z Starting download of artifact to: /home/runner/work/partybox-game-cores/partybox-game-cores/jobs/G10-checkers
2026-10-09T00:49:28.4346230Z (node:3517) [DEP0005] DeprecationWarning: Buffer() is deprecated due to security and usability issues. Please use the Buffer.alloc(), Buffer.allocUnsafe(), or Buffer.from() methods instead.
2026-10-09T00:49:28.5523054Z SHA256 digest of downloaded artifact is c234e3609e2cd6557c338de53c16f8ab415ca0b71a76d8a398c73760773cebc4
2026-10-09T00:49:28.5523836Z Artifact download completed successfully.
2026-10-09T00:49:28.6143809Z SHA256 digest of downloaded artifact is 8fdda73d93f80c9e41ea1f79a2fcc1253c63bbdb583b9bb67c5a5c495ba5997d
2026-10-09T00:49:28.6144627Z Artifact download completed successfully.
2026-10-09T00:49:28.6277245Z SHA256 digest of downloaded artifact is 4aae66fd416ec341749ca4fafe89c6e637df0d8a6d5880f83ff3077742e4537c
2026-10-09T00:49:28.6278104Z Artifact download completed successfully.
2026-10-09T00:49:28.9890548Z SHA256 digest of downloaded artifact is 5cb879b8367d3eaa6ae5e5fd6f9249f06a65fa3dfb4583832a439a0d70649bca
2026-10-09T00:49:28.9891662Z Artifact download completed successfully.
2026-10-09T00:49:28.9892177Z Total of 4 artifact(s) downloaded
2026-10-09T00:49:28.9896798Z Download artifact has finished successfully
2026-10-09T00:49:28.9996212Z ##[group]Run set -o pipefail
2026-10-09T00:49:28.9996567Z [36;1mset -o pipefail[0m
2026-10-09T00:49:28.9996994Z [36;1mnode scripts/check.mjs --stage final 2>&1 | tee .work-stage-final.stdout[0m
2026-10-09T00:49:29.0035855Z shell: /usr/bin/bash -e {0}
2026-10-09T00:49:29.0036218Z env:
2026-10-09T00:49:29.0036614Z   G10_SOURCE_COMMIT: 8b4bf64639d690247cb1929a0ad0ae25af11de70
2026-10-09T00:49:29.0037003Z ##[endgroup]
2026-10-09T00:49:29.1337887Z 
2026-10-09T00:49:29.1338316Z > partybox-g10-checkers@1.0.0 build
2026-10-09T00:49:29.1338699Z > tsc --noEmit && node scripts/build.mjs
2026-10-09T00:49:29.1339097Z 
2026-10-09T00:49:41.9580935Z PASS: complete offline single-page game written to /home/runner/work/partybox-game-cores/partybox-game-cores/jobs/G10-checkers/.work/play.html; original six-piece data is read in bounded blocks.
2026-10-09T00:49:59.0856301Z PASS: checksums, authoritative schemas/manifest, pure core source, fixed corpus provenance, original offline page (delivery execution gates explicitly excluded).
2026-10-09T00:50:20.0060967Z {"status":"PASS","games":4000,"files":80,"independentLegalMoveReplay":true}
2026-10-09T00:50:46.7068897Z PASS: checksums, authoritative schemas/manifest, pure core source, fixed corpus provenance, original offline page, required simulations/mutations/leagues and source-matched browser/media proof.
2026-10-09T00:50:50.0682370Z {"status":"PASS","stage":"final","sourceCommit":"8b4bf64639d690247cb1929a0ad0ae25af11de70","elapsedSeconds":81.00096748699998}
2026-10-09T00:50:50.0778510Z ##[group]Run node scripts/standalone-receipt.mjs
2026-10-09T00:50:50.0780098Z [36;1mnode scripts/standalone-receipt.mjs[0m
2026-10-09T00:50:50.0826133Z shell: /usr/bin/bash -e {0}
2026-10-09T00:50:50.0826390Z env:
2026-10-09T00:50:50.0826653Z   G10_SOURCE_COMMIT: 8b4bf64639d690247cb1929a0ad0ae25af11de70
2026-10-09T00:50:50.0826954Z ##[endgroup]
2026-10-09T00:50:53.5363356Z Standalone page digest and exact-checkout receipt written.
2026-10-09T00:50:53.5444513Z ##[group]Run python3 scripts/standalone-parts.py split .work/play.html .work/standalone-delivery.json .work/standalone-parts
2026-10-09T00:50:53.5445542Z [36;1mpython3 scripts/standalone-parts.py split .work/play.html .work/standalone-delivery.json .work/standalone-parts[0m
2026-10-09T00:50:53.5496490Z shell: /usr/bin/bash -e {0}
2026-10-09T00:50:53.5496872Z env:
2026-10-09T00:50:53.5497251Z   G10_SOURCE_COMMIT: 8b4bf64639d690247cb1929a0ad0ae25af11de70
2026-10-09T00:50:53.5497714Z ##[endgroup]
2026-10-09T00:50:57.3626578Z {"status": "PASS", "sourceCommit": "8b4bf64639d690247cb1929a0ad0ae25af11de70", "parts": 4, "bytes": 1390845993, "sha256": "5ed2173b7264574565dd29ff14773236cac5a00833bf75df3de9e64a66451801"}
2026-10-09T00:50:57.3733105Z ##[group]Run actions/upload-artifact@v4
2026-10-09T00:50:57.3733378Z with:
2026-10-09T00:50:57.3733680Z   name: G10-standalone-part-00-8b4bf64639d690247cb1929a0ad0ae25af11de70
2026-10-09T00:50:57.3734248Z   path: jobs/G10-checkers/.work/standalone-parts/play.html.part-00
jobs/G10-checkers/.work/standalone-parts/standalone-*

2026-10-09T00:50:57.3734720Z   if-no-files-found: error
2026-10-09T00:50:57.3734973Z   include-hidden-files: true
2026-10-09T00:50:57.3735214Z   compression-level: 1
2026-10-09T00:50:57.3735430Z   retention-days: 7
2026-10-09T00:50:57.3735641Z   overwrite: false
2026-10-09T00:50:57.3735840Z env:
2026-10-09T00:50:57.3736092Z   G10_SOURCE_COMMIT: 8b4bf64639d690247cb1929a0ad0ae25af11de70
2026-10-09T00:50:57.3736392Z ##[endgroup]
2026-10-09T00:50:57.5017437Z (node:3680) [DEP0040] DeprecationWarning: The `punycode` module is deprecated. Please use a userland alternative instead.
2026-10-09T00:50:57.5018112Z (Use `node --trace-deprecation ...` to show where the warning was created)
2026-10-09T00:50:57.5070549Z With the provided path, there will be 4 files uploaded
2026-10-09T00:50:57.5079561Z Artifact name is valid!
2026-10-09T00:50:57.5081867Z Root directory input is valid!
2026-10-09T00:50:57.8041609Z Beginning upload of artifact content to blob storage
2026-10-09T00:50:58.1181213Z (node:3680) [DEP0169] DeprecationWarning: `url.parse()` behavior is not standardized and prone to errors that have security implications. Use the WHATWG URL API instead. CVEs are not issued for `url.parse()` vulnerabilities.
2026-10-09T00:50:58.6199210Z Uploaded bytes 8388608
2026-10-09T00:50:58.8997092Z Uploaded bytes 16777216
2026-10-09T00:50:58.9092316Z Uploaded bytes 25165824
2026-10-09T00:50:59.2098968Z Uploaded bytes 33554432
2026-10-09T00:50:59.5627546Z Uploaded bytes 41943040
2026-10-09T00:50:59.8177185Z Uploaded bytes 50331648
2026-10-09T00:51:00.1221203Z Uploaded bytes 58720256
2026-10-09T00:51:00.3949382Z Uploaded bytes 67108864
2026-10-09T00:51:00.7275243Z Uploaded bytes 75497472
2026-10-09T00:51:01.0041110Z Uploaded bytes 83886080
2026-10-09T00:51:01.2849632Z Uploaded bytes 92274688
2026-10-09T00:51:01.7101025Z Uploaded bytes 100663296
2026-10-09T00:51:02.1066207Z Uploaded bytes 109051904
2026-10-09T00:51:02.4248288Z Uploaded bytes 117440512
2026-10-09T00:51:02.5712079Z Uploaded bytes 125829120
2026-10-09T00:51:03.0229024Z Uploaded bytes 134217728
2026-10-09T00:51:03.2315334Z Uploaded bytes 142606336
2026-10-09T00:51:03.6193105Z Uploaded bytes 150994944
2026-10-09T00:51:03.8306752Z Uploaded bytes 159383552
2026-10-09T00:51:04.2029242Z Uploaded bytes 167772160
2026-10-09T00:51:04.4193026Z Uploaded bytes 176160768
2026-10-09T00:51:04.7955296Z Uploaded bytes 184549376
2026-10-09T00:51:04.9847595Z Uploaded bytes 192937984
2026-10-09T00:51:05.2918541Z Uploaded bytes 201326592
2026-10-09T00:51:05.5810185Z Uploaded bytes 209715200
2026-10-09T00:51:05.8543613Z Uploaded bytes 218103808
2026-10-09T00:51:06.0839170Z Uploaded bytes 226492416
2026-10-09T00:51:06.5445295Z Uploaded bytes 234881024
2026-10-09T00:51:06.6934032Z Uploaded bytes 243269632
2026-10-09T00:51:06.9841761Z Uploaded bytes 251658240
2026-10-09T00:51:07.3164156Z Uploaded bytes 260046848
2026-10-09T00:51:07.6832072Z Uploaded bytes 268435456
2026-10-09T00:51:08.0226213Z Uploaded bytes 275345041
2026-10-09T00:51:08.0656462Z Finished uploading artifact content to blob storage!
2026-10-09T00:51:08.0659071Z SHA256 digest of uploaded artifact zip is 177b559e8f2cbf8feaf49f8b28ecb06b0ba57d81d99b7680f69dcc2185daeb13
2026-10-09T00:51:08.0660665Z Finalizing artifact upload
2026-10-09T00:51:08.3701644Z Artifact G10-standalone-part-00-8b4bf64639d690247cb1929a0ad0ae25af11de70.zip successfully finalized. Artifact ID 11587939515
2026-10-09T00:51:08.3703163Z Artifact G10-standalone-part-00-8b4bf64639d690247cb1929a0ad0ae25af11de70 has been successfully uploaded! Final size is 275345041 bytes. Artifact ID is 11587939515
2026-10-09T00:51:08.3705044Z Artifact download URL: https://github.com/luisitin/partybox-game-cores/actions/runs/37865331876/artifacts/11587939515
2026-10-09T00:51:08.3836541Z ##[group]Run actions/upload-artifact@v4
2026-10-09T00:51:08.3836833Z with:
2026-10-09T00:51:08.3837136Z   name: G10-standalone-part-01-8b4bf64639d690247cb1929a0ad0ae25af11de70
2026-10-09T00:51:08.3837721Z   path: jobs/G10-checkers/.work/standalone-parts/play.html.part-01
jobs/G10-checkers/.work/standalone-parts/standalone-*

2026-10-09T00:51:08.3838205Z   if-no-files-found: error
2026-10-09T00:51:08.3838455Z   include-hidden-files: true
2026-10-09T00:51:08.3838705Z   compression-level: 1
2026-10-09T00:51:08.3839672Z   retention-days: 7
2026-10-09T00:51:08.3839896Z   overwrite: false
2026-10-09T00:51:08.3840111Z env:
2026-10-09T00:51:08.3840381Z   G10_SOURCE_COMMIT: 8b4bf64639d690247cb1929a0ad0ae25af11de70
2026-10-09T00:51:08.3840745Z ##[endgroup]
2026-10-09T00:51:08.5177588Z (node:3695) [DEP0040] DeprecationWarning: The `punycode` module is deprecated. Please use a userland alternative instead.
2026-10-09T00:51:08.5178964Z (Use `node --trace-deprecation ...` to show where the warning was created)
2026-10-09T00:51:08.5271897Z With the provided path, there will be 4 files uploaded
2026-10-09T00:51:08.5278710Z Artifact name is valid!
2026-10-09T00:51:08.5279725Z Root directory input is valid!
2026-10-09T00:51:08.8221074Z Beginning upload of artifact content to blob storage
2026-10-09T00:51:09.1299212Z (node:3695) [DEP0169] DeprecationWarning: `url.parse()` behavior is not standardized and prone to errors that have security implications. Use the WHATWG URL API instead. CVEs are not issued for `url.parse()` vulnerabilities.
2026-10-09T00:51:09.6083419Z Uploaded bytes 8388608
2026-10-09T00:51:09.8499115Z Uploaded bytes 16777216
2026-10-09T00:51:09.8638221Z Uploaded bytes 25165824
2026-10-09T00:51:10.2401969Z Uploaded bytes 33554432
2026-10-09T00:51:10.4505731Z Uploaded bytes 41943040
2026-10-09T00:51:10.8039949Z Uploaded bytes 50331648
2026-10-09T00:51:11.0812690Z Uploaded bytes 58720256
2026-10-09T00:51:11.3560873Z Uploaded bytes 67108864
2026-10-09T00:51:11.6494476Z Uploaded bytes 75497472
2026-10-09T00:51:11.9103277Z Uploaded bytes 83886080
2026-10-09T00:51:12.2440723Z Uploaded bytes 92274688
2026-10-09T00:51:12.4830267Z Uploaded bytes 100663296
2026-10-09T00:51:12.7612844Z Uploaded bytes 109051904
2026-10-09T00:51:13.0540022Z Uploaded bytes 117440512
2026-10-09T00:51:13.3411011Z Uploaded bytes 125829120
2026-10-09T00:51:13.6296459Z Uploaded bytes 134217728
2026-10-09T00:51:13.9410781Z Uploaded bytes 142606336
2026-10-09T00:51:14.2515175Z Uploaded bytes 150994944
2026-10-09T00:51:14.5210480Z Uploaded bytes 159383552
2026-10-09T00:51:14.7862031Z Uploaded bytes 167772160
2026-10-09T00:51:15.1337589Z Uploaded bytes 176160768
2026-10-09T00:51:15.4203222Z Uploaded bytes 184549376
2026-10-09T00:51:15.6649767Z Uploaded bytes 192937984
2026-10-09T00:51:15.9607511Z Uploaded bytes 201326592
2026-10-09T00:51:16.2575051Z Uploaded bytes 209715200
2026-10-09T00:51:16.5459599Z Uploaded bytes 218103808
2026-10-09T00:51:16.8516251Z Uploaded bytes 226492416
2026-10-09T00:51:17.1660418Z Uploaded bytes 234881024
2026-10-09T00:51:17.4819177Z Uploaded bytes 243269632
2026-10-09T00:51:17.7774944Z Uploaded bytes 251658240
2026-10-09T00:51:18.1665078Z Uploaded bytes 260046848
2026-10-09T00:51:18.3710346Z Uploaded bytes 268435456
2026-10-09T00:51:18.6645223Z Uploaded bytes 276824064
2026-10-09T00:51:18.7663074Z Uploaded bytes 278877122
2026-10-09T00:51:18.8061578Z Finished uploading artifact content to blob storage!
2026-10-09T00:51:18.8064031Z SHA256 digest of uploaded artifact zip is a6e078f90f880b4c227b921c2e56e68695fbf9550e8e1f5f64a70c2a6665f2ba
2026-10-09T00:51:18.8066089Z Finalizing artifact upload
2026-10-09T00:51:19.1296880Z Artifact G10-standalone-part-01-8b4bf64639d690247cb1929a0ad0ae25af11de70.zip successfully finalized. Artifact ID 11587949615
2026-10-09T00:51:19.1297859Z Artifact G10-standalone-part-01-8b4bf64639d690247cb1929a0ad0ae25af11de70 has been successfully uploaded! Final size is 278877122 bytes. Artifact ID is 11587949615
2026-10-09T00:51:19.1304719Z Artifact download URL: https://github.com/luisitin/partybox-game-cores/actions/runs/37865331876/artifacts/11587949615
2026-10-09T00:51:19.1432423Z ##[group]Run actions/upload-artifact@v4
2026-10-09T00:51:19.1432715Z with:
2026-10-09T00:51:19.1433026Z   name: G10-standalone-part-02-8b4bf64639d690247cb1929a0ad0ae25af11de70
2026-10-09T00:51:19.1433606Z   path: jobs/G10-checkers/.work/standalone-parts/play.html.part-02
jobs/G10-checkers/.work/standalone-parts/standalone-*

2026-10-09T00:51:19.1434090Z   if-no-files-found: error
2026-10-09T00:51:19.1434362Z   include-hidden-files: true
2026-10-09T00:51:19.1434742Z   compression-level: 1
2026-10-09T00:51:19.1434990Z   retention-days: 7
2026-10-09T00:51:19.1435213Z   overwrite: false
2026-10-09T00:51:19.1435431Z env:
2026-10-09T00:51:19.1435696Z   G10_SOURCE_COMMIT: 8b4bf64639d690247cb1929a0ad0ae25af11de70
2026-10-09T00:51:19.1436016Z ##[endgroup]
2026-10-09T00:51:19.2823267Z (node:3709) [DEP0040] DeprecationWarning: The `punycode` module is deprecated. Please use a userland alternative instead.
2026-10-09T00:51:19.2824491Z (Use `node --trace-deprecation ...` to show where the warning was created)
2026-10-09T00:51:19.2920902Z With the provided path, there will be 4 files uploaded
2026-10-09T00:51:19.2921616Z Artifact name is valid!
2026-10-09T00:51:19.2922010Z Root directory input is valid!
2026-10-09T00:51:19.5680929Z Beginning upload of artifact content to blob storage
2026-10-09T00:51:19.8810648Z (node:3709) [DEP0169] DeprecationWarning: `url.parse()` behavior is not standardized and prone to errors that have security implications. Use the WHATWG URL API instead. CVEs are not issued for `url.parse()` vulnerabilities.
2026-10-09T00:51:20.3855256Z Uploaded bytes 8388608
2026-10-09T00:51:20.6552477Z Uploaded bytes 16777216
2026-10-09T00:51:20.7429415Z Uploaded bytes 25165824
2026-10-09T00:51:20.9737875Z Uploaded bytes 33554432
2026-10-09T00:51:21.2632255Z Uploaded bytes 41943040
2026-10-09T00:51:21.5557651Z Uploaded bytes 50331648
2026-10-09T00:51:21.8417975Z Uploaded bytes 58720256
2026-10-09T00:51:22.1450794Z Uploaded bytes 67108864
2026-10-09T00:51:22.4816185Z Uploaded bytes 75497472
2026-10-09T00:51:22.7043487Z Uploaded bytes 83886080
2026-10-09T00:51:23.0020377Z Uploaded bytes 92274688
2026-10-09T00:51:23.2908621Z Uploaded bytes 100663296
2026-10-09T00:51:23.5978359Z Uploaded bytes 109051904
2026-10-09T00:51:23.8655848Z Uploaded bytes 117440512
2026-10-09T00:51:24.1636390Z Uploaded bytes 125829120
2026-10-09T00:51:24.4693631Z Uploaded bytes 134217728
2026-10-09T00:51:24.7317459Z Uploaded bytes 142606336
2026-10-09T00:51:25.0278004Z Uploaded bytes 150994944
2026-10-09T00:51:25.3090200Z Uploaded bytes 159383552
2026-10-09T00:51:25.5856143Z Uploaded bytes 167772160
2026-10-09T00:51:25.9522310Z Uploaded bytes 176160768
2026-10-09T00:51:26.1925386Z Uploaded bytes 184549376
2026-10-09T00:51:26.5479715Z Uploaded bytes 192937984
2026-10-09T00:51:26.7913083Z Uploaded bytes 201326592
2026-10-09T00:51:27.0531197Z Uploaded bytes 209715200
2026-10-09T00:51:27.3595749Z Uploaded bytes 218103808
2026-10-09T00:51:27.6533948Z Uploaded bytes 226492416
2026-10-09T00:51:27.9769673Z Uploaded bytes 234881024
2026-10-09T00:51:28.2331722Z Uploaded bytes 243269632
2026-10-09T00:51:28.5111376Z Uploaded bytes 251658240
2026-10-09T00:51:28.8005543Z Uploaded bytes 260046848
2026-10-09T00:51:29.1290263Z Uploaded bytes 268435456
2026-10-09T00:51:29.4443716Z Uploaded bytes 276824064
2026-10-09T00:51:29.6629787Z Uploaded bytes 285212672
2026-10-09T00:51:29.7589222Z Uploaded bytes 286220426
2026-10-09T00:51:29.8077181Z Finished uploading artifact content to blob storage!
2026-10-09T00:51:29.8079661Z SHA256 digest of uploaded artifact zip is aad9aa900138e0533d443b5b5411d9705005152c2932c93381517fdb39c5c32f
2026-10-09T00:51:29.8081418Z Finalizing artifact upload
2026-10-09T00:51:30.1234817Z Artifact G10-standalone-part-02-8b4bf64639d690247cb1929a0ad0ae25af11de70.zip successfully finalized. Artifact ID 11588123989
2026-10-09T00:51:30.1236327Z Artifact G10-standalone-part-02-8b4bf64639d690247cb1929a0ad0ae25af11de70 has been successfully uploaded! Final size is 286220426 bytes. Artifact ID is 11588123989
2026-10-09T00:51:30.1242379Z Artifact download URL: https://github.com/luisitin/partybox-game-cores/actions/runs/37865331876/artifacts/11588123989
2026-10-09T00:51:30.1367539Z ##[group]Run actions/upload-artifact@v4
2026-10-09T00:51:30.1367856Z with:
2026-10-09T00:51:30.1368215Z   name: G10-standalone-part-03-8b4bf64639d690247cb1929a0ad0ae25af11de70
2026-10-09T00:51:30.1369024Z   path: jobs/G10-checkers/.work/standalone-parts/play.html.part-03
jobs/G10-checkers/.work/standalone-parts/standalone-*

2026-10-09T00:51:30.1369712Z   if-no-files-found: error
2026-10-09T00:51:30.1370038Z   include-hidden-files: true
2026-10-09T00:51:30.1370310Z   compression-level: 1
2026-10-09T00:51:30.1370555Z   retention-days: 7
2026-10-09T00:51:30.1370786Z   overwrite: false
2026-10-09T00:51:30.1371014Z env:
2026-10-09T00:51:30.1371297Z   G10_SOURCE_COMMIT: 8b4bf64639d690247cb1929a0ad0ae25af11de70
2026-10-09T00:51:30.1371644Z ##[endgroup]
2026-10-09T00:51:30.2700051Z (node:3722) [DEP0040] DeprecationWarning: The `punycode` module is deprecated. Please use a userland alternative instead.
2026-10-09T00:51:30.2701173Z (Use `node --trace-deprecation ...` to show where the warning was created)
2026-10-09T00:51:30.2771630Z With the provided path, there will be 4 files uploaded
2026-10-09T00:51:30.2772787Z Artifact name is valid!
2026-10-09T00:51:30.2773368Z Root directory input is valid!
2026-10-09T00:51:30.5538458Z Beginning upload of artifact content to blob storage
2026-10-09T00:51:30.8507845Z (node:3722) [DEP0169] DeprecationWarning: `url.parse()` behavior is not standardized and prone to errors that have security implications. Use the WHATWG URL API instead. CVEs are not issued for `url.parse()` vulnerabilities.
2026-10-09T00:51:31.3273340Z Uploaded bytes 8388608
2026-10-09T00:51:31.5846807Z Uploaded bytes 16777216
2026-10-09T00:51:31.7034896Z Uploaded bytes 25165824
2026-10-09T00:51:31.9825902Z Uploaded bytes 33554432
2026-10-09T00:51:32.2259727Z Uploaded bytes 41943040
2026-10-09T00:51:32.5237854Z Uploaded bytes 50331648
2026-10-09T00:51:32.8030365Z Uploaded bytes 58720256
2026-10-09T00:51:33.1224681Z Uploaded bytes 67108864
2026-10-09T00:51:33.3986946Z Uploaded bytes 75497472
2026-10-09T00:51:33.7133435Z Uploaded bytes 83886080
2026-10-09T00:51:33.9789925Z Uploaded bytes 92274688
2026-10-09T00:51:34.2721940Z Uploaded bytes 100663296
2026-10-09T00:51:34.6029081Z Uploaded bytes 109051904
2026-10-09T00:51:34.8930308Z Uploaded bytes 117440512
2026-10-09T00:51:35.1889413Z Uploaded bytes 125829120
2026-10-09T00:51:35.2749227Z Uploaded bytes 127624361
2026-10-09T00:51:35.3261953Z Finished uploading artifact content to blob storage!
2026-10-09T00:51:35.3264207Z SHA256 digest of uploaded artifact zip is 1a2e8fd643f56d91192b75f188a9592f4b36b4fde708a0ab949cc09cc72dc8fa
2026-10-09T00:51:35.3266200Z Finalizing artifact upload
2026-10-09T00:51:35.5812856Z Artifact G10-standalone-part-03-8b4bf64639d690247cb1929a0ad0ae25af11de70.zip successfully finalized. Artifact ID 11587994396
2026-10-09T00:51:35.5813874Z Artifact G10-standalone-part-03-8b4bf64639d690247cb1929a0ad0ae25af11de70 has been successfully uploaded! Final size is 127624361 bytes. Artifact ID is 11587994396
2026-10-09T00:51:35.5818662Z Artifact download URL: https://github.com/luisitin/partybox-game-cores/actions/runs/37865331876/artifacts/11587994396
2026-10-09T00:51:35.5962327Z ##[group]Run actions/upload-artifact@v4
2026-10-09T00:51:35.5962635Z with:
2026-10-09T00:51:35.5962945Z   name: G10-check-evidence-8b4bf64639d690247cb1929a0ad0ae25af11de70
2026-10-09T00:51:35.5963549Z   path: jobs/G10-checkers/.work-stage-*.stdout
jobs/G10-checkers/.work/checks
jobs/G10-checkers/.work/browser
jobs/G10-checkers/.work/media

2026-10-09T00:51:35.5964070Z   include-hidden-files: true
2026-10-09T00:51:35.5964343Z   retention-days: 7
2026-10-09T00:51:35.5964584Z   if-no-files-found: warn
2026-10-09T00:51:35.5964832Z   compression-level: 6
2026-10-09T00:51:35.5965202Z   overwrite: false
2026-10-09T00:51:35.5965427Z env:
2026-10-09T00:51:35.5965697Z   G10_SOURCE_COMMIT: 8b4bf64639d690247cb1929a0ad0ae25af11de70
2026-10-09T00:51:35.5966030Z ##[endgroup]
2026-10-09T00:51:35.7529753Z (node:3736) [DEP0040] DeprecationWarning: The `punycode` module is deprecated. Please use a userland alternative instead.
2026-10-09T00:51:35.7530651Z (Use `node --trace-deprecation ...` to show where the warning was created)
2026-10-09T00:51:35.7871224Z With the provided path, there will be 239 files uploaded
2026-10-09T00:51:35.7889892Z Artifact name is valid!
2026-10-09T00:51:35.7899783Z Root directory input is valid!
2026-10-09T00:51:36.0662594Z Beginning upload of artifact content to blob storage
2026-10-09T00:51:36.6375458Z (node:3736) [DEP0169] DeprecationWarning: `url.parse()` behavior is not standardized and prone to errors that have security implications. Use the WHATWG URL API instead. CVEs are not issued for `url.parse()` vulnerabilities.
2026-10-09T00:51:37.1345371Z Uploaded bytes 8388608
2026-10-09T00:51:37.2218410Z Uploaded bytes 10482612
2026-10-09T00:51:37.2659100Z Finished uploading artifact content to blob storage!
2026-10-09T00:51:37.2659964Z SHA256 digest of uploaded artifact zip is 82fc791ae73f17e99cb8d71f3d99595769e9cb584f42a97c743e6c167c019779
2026-10-09T00:51:37.2660871Z Finalizing artifact upload
2026-10-09T00:51:37.5157882Z Artifact G10-check-evidence-8b4bf64639d690247cb1929a0ad0ae25af11de70.zip successfully finalized. Artifact ID 11588353316
2026-10-09T00:51:37.5159416Z Artifact G10-check-evidence-8b4bf64639d690247cb1929a0ad0ae25af11de70 has been successfully uploaded! Final size is 10482612 bytes. Artifact ID is 11588353316
2026-10-09T00:51:37.5164088Z Artifact download URL: https://github.com/luisitin/partybox-game-cores/actions/runs/37865331876/artifacts/11588353316
2026-10-09T00:51:37.5318397Z Post job cleanup.
2026-10-09T00:51:37.6342441Z (node:3748) [DEP0040] DeprecationWarning: The `punycode` module is deprecated. Please use a userland alternative instead.
2026-10-09T00:51:37.6343186Z (Use `node --trace-deprecation ...` to show where the warning was created)
2026-10-09T00:51:37.6345254Z Cache hit occurred on the primary key node-cache-Linux-x64-npm-b79e3f2344d4218dbbb2f93f566da8e1ac49738aa1184813b150890d461d0c8a, not saving cache.
2026-10-09T00:51:37.6447993Z Post job cleanup.
2026-10-09T00:51:37.7158841Z [command]/usr/bin/git version
2026-10-09T00:51:37.7191323Z git version 2.55.0
2026-10-09T00:51:37.7219387Z Temporarily overriding HOME='/home/runner/work/_temp/1ce2a418-c8d6-4938-8d97-3c83b8ad10a6' before making global git config changes
2026-10-09T00:51:37.7220666Z Adding repository directory to the temporary git global config as a safe directory
2026-10-09T00:51:37.7223150Z [command]/usr/bin/git config --global --add safe.directory /home/runner/work/partybox-game-cores/partybox-game-cores
2026-10-09T00:51:37.7252907Z [command]/usr/bin/git config --local --name-only --get-regexp core\.sshCommand
2026-10-09T00:51:37.7293653Z [command]/usr/bin/git submodule foreach --recursive sh -c "git config --local --name-only --get-regexp 'core\.sshCommand' && git config --local --unset-all 'core.sshCommand' || :"
2026-10-09T00:51:37.7460772Z [command]/usr/bin/git config --local --name-only --get-regexp http\.https\:\/\/github\.com\/\.extraheader
2026-10-09T00:51:37.7476560Z http.https://github.com/.extraheader
2026-10-09T00:51:37.7485774Z [command]/usr/bin/git config --local --unset-all http.https://github.com/.extraheader
2026-10-09T00:51:37.7513081Z [command]/usr/bin/git submodule foreach --recursive sh -c "git config --local --name-only --get-regexp 'http\.https\:\/\/github\.com\/\.extraheader' && git config --local --unset-all 'http.https://github.com/.extraheader' || :"
2026-10-09T00:51:37.7671562Z [command]/usr/bin/git config --local --name-only --get-regexp ^includeIf\.gitdir:
2026-10-09T00:51:37.7697186Z [command]/usr/bin/git submodule foreach --recursive git config --local --show-origin --name-only --get-regexp remote.origin.url
2026-10-09T00:51:37.8001244Z Cleaning up orphan processes
2026-10-09T00:51:37.8220490Z ##[warning]Node.js 20 is deprecated. The following actions target Node.js 20 but are being forced to run on Node.js 24: actions/checkout@v4, actions/download-artifact@v4, actions/setup-node@v4, actions/upload-artifact@v4. For more information see: https://github.blog/changelog/2025-09-19-deprecation-of-node-20-on-github-actions-runners/
