2026-10-08T22:38:42.2328540Z Current runner version: '2.337.0'
2026-10-08T22:38:42.2349610Z ##[group]Runner Image Provisioner
2026-10-08T22:38:42.2350475Z Hosted Compute Agent
2026-10-08T22:38:42.2351058Z Version: 20261002.596
2026-10-08T22:38:42.2351618Z Commit: c3d12f3313a95f25162a1503be624f3b0617f8c0
2026-10-08T22:38:42.2352242Z Build Date: 2026-10-02T22:28:27Z
2026-10-08T22:38:42.2352853Z Worker ID: {73cc2550-d931-4fd3-ac8e-e2fc81a38666}
2026-10-08T22:38:42.2353470Z Region: westus3
2026-10-08T22:38:42.2353919Z Cloud: Azure
2026-10-08T22:38:42.2354441Z ##[endgroup]
2026-10-08T22:38:42.2355574Z ##[group]Operating System
2026-10-08T22:38:42.2356155Z Ubuntu
2026-10-08T22:38:42.2356643Z 24.04.5
2026-10-08T22:38:42.2357060Z LTS
2026-10-08T22:38:42.2357496Z ##[endgroup]
2026-10-08T22:38:42.2358176Z ##[group]Runner Image
2026-10-08T22:38:42.2358688Z Image: ubuntu-24.04
2026-10-08T22:38:42.2359167Z Version: 20261004.327.1
2026-10-08T22:38:42.2360205Z Included Software: https://github.com/actions/runner-images/blob/ubuntu24/20261004.327/images/ubuntu/Ubuntu2404-Readme.md
2026-10-08T22:38:42.2361594Z Image Release: https://github.com/actions/runner-images/releases/tag/ubuntu24%2F20261004.327
2026-10-08T22:38:42.2362435Z ##[endgroup]
2026-10-08T22:38:42.2363377Z ##[group]GITHUB_TOKEN Permissions
2026-10-08T22:38:42.2365196Z Contents: read
2026-10-08T22:38:42.2365732Z Metadata: read
2026-10-08T22:38:42.2366191Z ##[endgroup]
2026-10-08T22:38:42.2368096Z Secret source: Actions
2026-10-08T22:38:42.2368942Z Cache mode: write
2026-10-08T22:38:42.2369495Z Prepare workflow directory
2026-10-08T22:38:42.2783296Z Prepare all required actions
2026-10-08T22:38:42.2823661Z Getting action download info
2026-10-08T22:38:42.6037431Z Download action repository 'actions/checkout@v4' (SHA:11d5960a326750d5838078e36cf38b85af677262)
2026-10-08T22:38:42.6992993Z Download action repository 'actions/setup-node@v4' (SHA:49933ea5288caeca8642d1e84afbd3f7d6820020)
2026-10-08T22:38:42.8102731Z Download action repository 'actions/upload-artifact@v4' (SHA:ea165f8d65b6e75b540449e92b4886f43607fa02)
2026-10-08T22:38:43.0285868Z Complete job name: checks (browser)
2026-10-08T22:38:43.0843803Z ##[group]Run actions/checkout@v4
2026-10-08T22:38:43.0844555Z with:
2026-10-08T22:38:43.0845012Z   ref: 9109bd50a9b851b68c97ae932f024f2911f6b54d
2026-10-08T22:38:43.0845607Z   repository: luisitin/partybox-game-cores
2026-10-08T22:38:43.0849013Z   token: ***
2026-10-08T22:38:43.0849424Z   ssh-strict: true
2026-10-08T22:38:43.0849876Z   ssh-user: git
2026-10-08T22:38:43.0850301Z   persist-credentials: true
2026-10-08T22:38:43.0850762Z   clean: true
2026-10-08T22:38:43.0851224Z   sparse-checkout-cone-mode: true
2026-10-08T22:38:43.0851714Z   fetch-depth: 1
2026-10-08T22:38:43.0852150Z   fetch-tags: false
2026-10-08T22:38:43.0852608Z   show-progress: true
2026-10-08T22:38:43.0853037Z   lfs: false
2026-10-08T22:38:43.0853471Z   submodules: false
2026-10-08T22:38:43.0854001Z   set-safe-directory: true
2026-10-08T22:38:43.0854497Z   allow-unsafe-pr-checkout: false
2026-10-08T22:38:43.0855120Z env:
2026-10-08T22:38:43.0855730Z   G10_SOURCE_COMMIT: 9109bd50a9b851b68c97ae932f024f2911f6b54d
2026-10-08T22:38:43.0856343Z ##[endgroup]
2026-10-08T22:38:43.1714624Z Syncing repository: luisitin/partybox-game-cores
2026-10-08T22:38:43.1717019Z ##[group]Getting Git version info
2026-10-08T22:38:43.1718382Z Working directory is '/home/runner/work/partybox-game-cores/partybox-game-cores'
2026-10-08T22:38:43.1719494Z [command]/usr/bin/git version
2026-10-08T22:38:43.1808430Z git version 2.55.0
2026-10-08T22:38:43.1825039Z ##[endgroup]
2026-10-08T22:38:43.1836973Z Temporarily overriding HOME='/home/runner/work/_temp/a6925137-a776-4ca4-b6d2-372ec903dbdc' before making global git config changes
2026-10-08T22:38:43.1839146Z Adding repository directory to the temporary git global config as a safe directory
2026-10-08T22:38:43.1841388Z [command]/usr/bin/git config --global --add safe.directory /home/runner/work/partybox-game-cores/partybox-game-cores
2026-10-08T22:38:43.1885137Z Deleting the contents of '/home/runner/work/partybox-game-cores/partybox-game-cores'
2026-10-08T22:38:43.1889057Z ##[group]Initializing the repository
2026-10-08T22:38:43.1893739Z [command]/usr/bin/git init /home/runner/work/partybox-game-cores/partybox-game-cores
2026-10-08T22:38:43.2001575Z hint: Using 'master' as the name for the initial branch. This default branch name
2026-10-08T22:38:43.2003143Z hint: will change to "main" in Git 3.0. To configure the initial branch name
2026-10-08T22:38:43.2004584Z hint: to use in all of your new repositories, which will suppress this warning,
2026-10-08T22:38:43.2005628Z hint: call:
2026-10-08T22:38:43.2006311Z hint:
2026-10-08T22:38:43.2007272Z hint: 	git config --global init.defaultBranch <name>
2026-10-08T22:38:43.2008370Z hint:
2026-10-08T22:38:43.2009193Z hint: Names commonly chosen instead of 'master' are 'main', 'trunk' and
2026-10-08T22:38:43.2010663Z hint: 'development'. The just-created branch can be renamed via this command:
2026-10-08T22:38:43.2011683Z hint:
2026-10-08T22:38:43.2012416Z hint: 	git branch -m <name>
2026-10-08T22:38:43.2013074Z hint:
2026-10-08T22:38:43.2013768Z hint: Disable this message with "git config set advice.defaultBranchName false"
2026-10-08T22:38:43.2014882Z Initialized empty Git repository in /home/runner/work/partybox-game-cores/partybox-game-cores/.git/
2026-10-08T22:38:43.2016893Z [command]/usr/bin/git remote add origin https://github.com/luisitin/partybox-game-cores
2026-10-08T22:38:43.2110876Z ##[endgroup]
2026-10-08T22:38:43.2112008Z ##[group]Disabling automatic garbage collection
2026-10-08T22:38:43.2112921Z [command]/usr/bin/git config --local gc.auto 0
2026-10-08T22:38:43.2120997Z ##[endgroup]
2026-10-08T22:38:43.2122286Z ##[group]Setting up auth
2026-10-08T22:38:43.2128222Z [command]/usr/bin/git config --local --name-only --get-regexp core\.sshCommand
2026-10-08T22:38:43.2160880Z [command]/usr/bin/git submodule foreach --recursive sh -c "git config --local --name-only --get-regexp 'core\.sshCommand' && git config --local --unset-all 'core.sshCommand' || :"
2026-10-08T22:38:43.2484283Z [command]/usr/bin/git config --local --name-only --get-regexp http\.https\:\/\/github\.com\/\.extraheader
2026-10-08T22:38:43.2509740Z [command]/usr/bin/git submodule foreach --recursive sh -c "git config --local --name-only --get-regexp 'http\.https\:\/\/github\.com\/\.extraheader' && git config --local --unset-all 'http.https://github.com/.extraheader' || :"
2026-10-08T22:38:43.2676270Z [command]/usr/bin/git config --local --name-only --get-regexp ^includeIf\.gitdir:
2026-10-08T22:38:43.2705498Z [command]/usr/bin/git submodule foreach --recursive git config --local --show-origin --name-only --get-regexp remote.origin.url
2026-10-08T22:38:43.2880698Z [command]/usr/bin/git config --local http.https://github.com/.extraheader AUTHORIZATION: basic ***
2026-10-08T22:38:43.2919315Z ##[endgroup]
2026-10-08T22:38:43.2920487Z ##[group]Fetching the repository
2026-10-08T22:38:43.2928376Z [command]/usr/bin/git -c protocol.version=2 fetch --no-tags --prune --no-recurse-submodules --depth=1 origin 9109bd50a9b851b68c97ae932f024f2911f6b54d
2026-10-08T22:39:04.7114172Z From https://github.com/luisitin/partybox-game-cores
2026-10-08T22:39:04.7115240Z  * branch            9109bd50a9b851b68c97ae932f024f2911f6b54d -> FETCH_HEAD
2026-10-08T22:39:04.7124561Z ##[endgroup]
2026-10-08T22:39:04.7125605Z ##[group]Determining the checkout info
2026-10-08T22:39:04.7126539Z ##[endgroup]
2026-10-08T22:39:04.7127236Z [command]/usr/bin/git sparse-checkout disable
2026-10-08T22:39:04.7180884Z [command]/usr/bin/git config --local --unset-all extensions.worktreeConfig
2026-10-08T22:39:04.7205329Z ##[group]Checking out the ref
2026-10-08T22:39:04.7208662Z [command]/usr/bin/git checkout --progress --force 9109bd50a9b851b68c97ae932f024f2911f6b54d
2026-10-08T22:39:06.7894209Z Updating files:  11% (178/1609)
2026-10-08T22:39:07.7469205Z Updating files:  12% (194/1609)
2026-10-08T22:39:07.9481104Z Updating files:  12% (204/1609)
2026-10-08T22:39:08.8302112Z Updating files:  13% (210/1609)
2026-10-08T22:39:09.4471701Z Updating files:  13% (222/1609)
2026-10-08T22:39:09.7693260Z Updating files:  14% (226/1609)
2026-10-08T22:39:10.5235903Z Updating files:  14% (228/1609)
2026-10-08T22:39:10.8319193Z Updating files:  15% (242/1609)
2026-10-08T22:39:11.3055385Z Updating files:  15% (244/1609)
2026-10-08T22:39:11.3616111Z Updating files:  16% (258/1609)
2026-10-08T22:39:11.3620400Z Updating files:  17% (274/1609)
2026-10-08T22:39:11.3626939Z Updating files:  18% (290/1609)
2026-10-08T22:39:11.3633526Z Updating files:  19% (306/1609)
2026-10-08T22:39:11.3877606Z Updating files:  20% (322/1609)
2026-10-08T22:39:11.3881242Z Updating files:  21% (338/1609)
2026-10-08T22:39:11.3897174Z Updating files:  22% (354/1609)
2026-10-08T22:39:11.4125618Z Updating files:  23% (371/1609)
2026-10-08T22:39:11.4128478Z Updating files:  24% (387/1609)
2026-10-08T22:39:11.4133012Z Updating files:  25% (403/1609)
2026-10-08T22:39:11.4136471Z Updating files:  26% (419/1609)
2026-10-08T22:39:11.4145881Z Updating files:  27% (435/1609)
2026-10-08T22:39:11.4157442Z Updating files:  28% (451/1609)
2026-10-08T22:39:11.4166380Z Updating files:  29% (467/1609)
2026-10-08T22:39:11.4175218Z Updating files:  30% (483/1609)
2026-10-08T22:39:11.4184604Z Updating files:  31% (499/1609)
2026-10-08T22:39:11.4189429Z Updating files:  32% (515/1609)
2026-10-08T22:39:11.4195227Z Updating files:  33% (531/1609)
2026-10-08T22:39:11.4274766Z Updating files:  34% (548/1609)
2026-10-08T22:39:11.4477043Z Updating files:  35% (564/1609)
2026-10-08T22:39:11.4657628Z Updating files:  36% (580/1609)
2026-10-08T22:39:11.4664918Z Updating files:  37% (596/1609)
2026-10-08T22:39:11.4754552Z Updating files:  38% (612/1609)
2026-10-08T22:39:11.4939810Z Updating files:  39% (628/1609)
2026-10-08T22:39:11.4948761Z Updating files:  40% (644/1609)
2026-10-08T22:39:11.5141423Z Updating files:  41% (660/1609)
2026-10-08T22:39:11.5146070Z Updating files:  42% (676/1609)
2026-10-08T22:39:11.5160170Z Updating files:  43% (692/1609)
2026-10-08T22:39:11.5205409Z Updating files:  44% (708/1609)
2026-10-08T22:39:11.5212074Z Updating files:  45% (725/1609)
2026-10-08T22:39:11.5216920Z Updating files:  46% (741/1609)
2026-10-08T22:39:11.5233909Z Updating files:  47% (757/1609)
2026-10-08T22:39:11.5327309Z Updating files:  48% (773/1609)
2026-10-08T22:39:11.5411842Z Updating files:  49% (789/1609)
2026-10-08T22:39:11.5561778Z Updating files:  50% (805/1609)
2026-10-08T22:39:11.5633782Z Updating files:  51% (821/1609)
2026-10-08T22:39:11.5789041Z Updating files:  52% (837/1609)
2026-10-08T22:39:11.5801825Z Updating files:  53% (853/1609)
2026-10-08T22:39:11.5807182Z Updating files:  54% (869/1609)
2026-10-08T22:39:11.5827967Z Updating files:  55% (885/1609)
2026-10-08T22:39:11.5861917Z Updating files:  56% (902/1609)
2026-10-08T22:39:11.5903314Z Updating files:  57% (918/1609)
2026-10-08T22:39:11.5906865Z Updating files:  58% (934/1609)
2026-10-08T22:39:11.5940757Z Updating files:  59% (950/1609)
2026-10-08T22:39:11.5978375Z Updating files:  60% (966/1609)
2026-10-08T22:39:11.6018232Z Updating files:  61% (982/1609)
2026-10-08T22:39:11.6051519Z Updating files:  62% (998/1609)
2026-10-08T22:39:11.6096223Z Updating files:  63% (1014/1609)
2026-10-08T22:39:11.6102415Z Updating files:  64% (1030/1609)
2026-10-08T22:39:11.6121338Z Updating files:  65% (1046/1609)
2026-10-08T22:39:11.6147102Z Updating files:  66% (1062/1609)
2026-10-08T22:39:11.6173402Z Updating files:  67% (1079/1609)
2026-10-08T22:39:11.6196016Z Updating files:  68% (1095/1609)
2026-10-08T22:39:11.6237824Z Updating files:  69% (1111/1609)
2026-10-08T22:39:11.6259922Z Updating files:  70% (1127/1609)
2026-10-08T22:39:11.6285631Z Updating files:  71% (1143/1609)
2026-10-08T22:39:11.6318765Z Updating files:  72% (1159/1609)
2026-10-08T22:39:11.6356729Z Updating files:  73% (1175/1609)
2026-10-08T22:39:11.6425764Z Updating files:  74% (1191/1609)
2026-10-08T22:39:11.6465516Z Updating files:  75% (1207/1609)
2026-10-08T22:39:11.6473367Z Updating files:  76% (1223/1609)
2026-10-08T22:39:11.6478040Z Updating files:  77% (1239/1609)
2026-10-08T22:39:11.6503802Z Updating files:  78% (1256/1609)
2026-10-08T22:39:11.6511566Z Updating files:  79% (1272/1609)
2026-10-08T22:39:11.6516268Z Updating files:  80% (1288/1609)
2026-10-08T22:39:11.6522144Z Updating files:  81% (1304/1609)
2026-10-08T22:39:11.6525482Z Updating files:  82% (1320/1609)
2026-10-08T22:39:11.6548338Z Updating files:  83% (1336/1609)
2026-10-08T22:39:11.6553975Z Updating files:  84% (1352/1609)
2026-10-08T22:39:11.6572546Z Updating files:  85% (1368/1609)
2026-10-08T22:39:11.6582088Z Updating files:  86% (1384/1609)
2026-10-08T22:39:11.6586067Z Updating files:  87% (1400/1609)
2026-10-08T22:39:11.6599024Z Updating files:  88% (1416/1609)
2026-10-08T22:39:11.6611680Z Updating files:  89% (1433/1609)
2026-10-08T22:39:11.6644489Z Updating files:  90% (1449/1609)
2026-10-08T22:39:11.6726554Z Updating files:  91% (1465/1609)
2026-10-08T22:39:11.6737150Z Updating files:  92% (1481/1609)
2026-10-08T22:39:11.6742780Z Updating files:  93% (1497/1609)
2026-10-08T22:39:11.7127579Z Updating files:  94% (1513/1609)
2026-10-08T22:39:12.0901943Z Updating files:  95% (1529/1609)
2026-10-08T22:39:12.0904056Z Updating files:  95% (1530/1609)
2026-10-08T22:39:12.0909911Z Updating files:  96% (1545/1609)
2026-10-08T22:39:12.0915398Z Updating files:  97% (1561/1609)
2026-10-08T22:39:12.0920475Z Updating files:  98% (1577/1609)
2026-10-08T22:39:12.0928139Z Updating files:  99% (1593/1609)
2026-10-08T22:39:12.0929106Z Updating files: 100% (1609/1609)
2026-10-08T22:39:12.0929723Z Updating files: 100% (1609/1609), done.
2026-10-08T22:39:12.0945968Z Note: switching to '9109bd50a9b851b68c97ae932f024f2911f6b54d'.
2026-10-08T22:39:12.0946675Z 
2026-10-08T22:39:12.0947008Z You are in 'detached HEAD' state. You can look around, make experimental
2026-10-08T22:39:12.0947577Z changes and commit them, and you can discard any commits you make in this
2026-10-08T22:39:12.0948164Z state without impacting any branches by switching back to a branch.
2026-10-08T22:39:12.0948454Z 
2026-10-08T22:39:12.0948690Z If you want to create a new branch to retain commits you create, you may
2026-10-08T22:39:12.0949431Z do so (now or later) by using -c with the switch command. Example:
2026-10-08T22:39:12.0949673Z 
2026-10-08T22:39:12.0949836Z   git switch -c <new-branch-name>
2026-10-08T22:39:12.0950035Z 
2026-10-08T22:39:12.0950180Z Or undo this operation with:
2026-10-08T22:39:12.0950378Z 
2026-10-08T22:39:12.0950478Z   git switch -
2026-10-08T22:39:12.0950661Z 
2026-10-08T22:39:12.0950861Z Turn off this advice by setting config variable advice.detachedHead to false
2026-10-08T22:39:12.0951159Z 
2026-10-08T22:39:12.0951396Z HEAD is now at 9109bd5 G10 verify current PR downloads and repair Ubuntu mirror
2026-10-08T22:39:12.1033372Z ##[endgroup]
2026-10-08T22:39:12.1081188Z [command]/usr/bin/git log -1 --format=%H
2026-10-08T22:39:12.1104219Z 9109bd50a9b851b68c97ae932f024f2911f6b54d
2026-10-08T22:39:12.1322973Z ##[group]Run actions/setup-node@v4
2026-10-08T22:39:12.1323375Z with:
2026-10-08T22:39:12.1323682Z   node-version: 22.16.0
2026-10-08T22:39:12.1324051Z   cache: npm
2026-10-08T22:39:12.1324443Z   cache-dependency-path: jobs/G10-checkers/package-lock.json
2026-10-08T22:39:12.1324867Z   always-auth: false
2026-10-08T22:39:12.1325215Z   check-latest: false
2026-10-08T22:39:12.1327453Z   token: ***
2026-10-08T22:39:12.1327889Z env:
2026-10-08T22:39:12.1328286Z   G10_SOURCE_COMMIT: 9109bd50a9b851b68c97ae932f024f2911f6b54d
2026-10-08T22:39:12.1328693Z ##[endgroup]
2026-10-08T22:39:12.2480202Z Attempting to download 22.16.0...
2026-10-08T22:39:12.2572240Z (node:2146) [DEP0040] DeprecationWarning: The `punycode` module is deprecated. Please use a userland alternative instead.
2026-10-08T22:39:12.2573635Z (Use `node --trace-deprecation ...` to show where the warning was created)
2026-10-08T22:39:13.3005198Z Acquiring 22.16.0 - x64 from https://github.com/actions/node-versions/releases/download/22.16.0-15177438473/node-22.16.0-linux-x64.tar.gz
2026-10-08T22:39:13.8532157Z Extracting ...
2026-10-08T22:39:13.8621085Z [command]/usr/bin/tar xz --strip 1 --warning=no-unknown-keyword --overwrite -C /home/runner/work/_temp/aa19e1f7-c9b0-4b11-8033-ed62404a0456 -f /home/runner/work/_temp/cd0830e3-103e-4387-afb5-ba171e0fc829
2026-10-08T22:39:14.9693040Z Adding to the cache ...
2026-10-08T22:39:16.9072614Z ##[group]Environment details
2026-10-08T22:39:17.0916927Z node: v22.16.0
2026-10-08T22:39:17.0918752Z npm: 10.9.2
2026-10-08T22:39:17.0919276Z yarn: 1.22.22
2026-10-08T22:39:17.0920369Z ##[endgroup]
2026-10-08T22:39:17.0933264Z [command]/opt/hostedtoolcache/node/22.16.0/x64/bin/npm config get cache
2026-10-08T22:39:17.1656939Z /home/runner/.npm
2026-10-08T22:39:17.4080020Z Cache hit for: node-cache-Linux-x64-npm-b79e3f2344d4218dbbb2f93f566da8e1ac49738aa1184813b150890d461d0c8a
2026-10-08T22:39:17.4172228Z (node:2146) [DEP0169] DeprecationWarning: `url.parse()` behavior is not standardized and prone to errors that have security implications. Use the WHATWG URL API instead. CVEs are not issued for `url.parse()` vulnerabilities.
2026-10-08T22:39:18.4530849Z Received 12676330 of 12676330 (100.0%), 14.7 MBs/sec
2026-10-08T22:39:18.4531450Z Cache Size: ~12 MB (12676330 B)
2026-10-08T22:39:18.4552050Z [command]/usr/bin/tar -xf /home/runner/work/_temp/09c3343a-e799-4378-ab75-bffd766dd364/cache.tzst -P -C /home/runner/work/partybox-game-cores/partybox-game-cores --use-compress-program unzstd
2026-10-08T22:39:18.4713382Z Cache restored successfully
2026-10-08T22:39:18.4720727Z Cache restored from key: node-cache-Linux-x64-npm-b79e3f2344d4218dbbb2f93f566da8e1ac49738aa1184813b150890d461d0c8a
2026-10-08T22:39:18.4856285Z ##[group]Run npm ci --ignore-scripts --no-audit --no-fund
2026-10-08T22:39:18.4856899Z [36;1mnpm ci --ignore-scripts --no-audit --no-fund[0m
2026-10-08T22:39:18.5038818Z shell: /usr/bin/bash -e {0}
2026-10-08T22:39:18.5039236Z env:
2026-10-08T22:39:18.5039573Z   G10_SOURCE_COMMIT: 9109bd50a9b851b68c97ae932f024f2911f6b54d
2026-10-08T22:39:18.5039990Z ##[endgroup]
2026-10-08T22:39:19.1746898Z 
2026-10-08T22:39:19.1753010Z added 6 packages in 625ms
2026-10-08T22:39:19.2266349Z ##[group]Run if [ -f /etc/apt/apt-mirrors.txt ]; then
2026-10-08T22:39:19.2266803Z [36;1mif [ -f /etc/apt/apt-mirrors.txt ]; then[0m
2026-10-08T22:39:19.2267476Z [36;1m  sudo sed -i 's#http://azure.archive.ubuntu.com/ubuntu#https://archive.ubuntu.com/ubuntu#g' /etc/apt/apt-mirrors.txt[0m
2026-10-08T22:39:19.2268305Z [36;1mfi[0m
2026-10-08T22:39:19.2308686Z shell: /usr/bin/bash -e {0}
2026-10-08T22:39:19.2309000Z env:
2026-10-08T22:39:19.2309462Z   G10_SOURCE_COMMIT: 9109bd50a9b851b68c97ae932f024f2911f6b54d
2026-10-08T22:39:19.2309841Z ##[endgroup]
2026-10-08T22:39:19.5532009Z ##[group]Run sudo apt-get update
2026-10-08T22:39:19.5532573Z [36;1msudo apt-get update[0m
2026-10-08T22:39:19.5533060Z [36;1msudo apt-get install -y ffmpeg[0m
2026-10-08T22:39:19.5533561Z [36;1mffprobe -version[0m
2026-10-08T22:39:19.5533958Z [36;1mffmpeg -version[0m
2026-10-08T22:39:19.5591361Z shell: /usr/bin/bash -e {0}
2026-10-08T22:39:19.5591831Z env:
2026-10-08T22:39:19.5592414Z   G10_SOURCE_COMMIT: 9109bd50a9b851b68c97ae932f024f2911f6b54d
2026-10-08T22:39:19.5592998Z ##[endgroup]
2026-10-08T22:39:19.7418698Z Get:1 file:/etc/apt/apt-mirrors.txt Mirrorlist [139 B]
2026-10-08T22:39:19.7760091Z Get:6 https://packages.microsoft.com/ubuntu/24.04/prod noble InRelease [3600 B]
2026-10-08T22:39:19.8902060Z Get:7 https://packages.microsoft.com/ubuntu/24.04/prod noble/main armhf Packages [12.3 kB]
2026-10-08T22:39:19.9316877Z Get:8 https://packages.microsoft.com/ubuntu/24.04/prod noble/main all Packages [640 B]
2026-10-08T22:39:19.9851739Z Get:9 https://packages.microsoft.com/ubuntu/24.04/prod noble/main arm64 Packages [474 kB]
2026-10-08T22:39:20.0436356Z Get:10 https://packages.microsoft.com/ubuntu/24.04/prod noble/main amd64 Packages [531 kB]
2026-10-08T22:39:20.2027420Z Hit:2 https://archive.ubuntu.com/ubuntu noble InRelease
2026-10-08T22:39:20.2713684Z Get:3 https://archive.ubuntu.com/ubuntu noble-updates InRelease [126 kB]
2026-10-08T22:39:20.5460763Z Get:4 https://archive.ubuntu.com/ubuntu noble-backports InRelease [126 kB]
2026-10-08T22:39:20.7948117Z Get:5 https://archive.ubuntu.com/ubuntu noble-security InRelease [126 kB]
2026-10-08T22:39:20.9088983Z Get:11 https://archive.ubuntu.com/ubuntu noble-updates/main amd64 Packages [1375 kB]
2026-10-08T22:39:21.3161876Z Get:12 https://archive.ubuntu.com/ubuntu noble-updates/main Translation-en [306 kB]
2026-10-08T22:39:21.4372110Z Get:13 https://archive.ubuntu.com/ubuntu noble-updates/universe amd64 Packages [1702 kB]
2026-10-08T22:39:21.6836011Z Get:14 https://archive.ubuntu.com/ubuntu noble-updates/universe Translation-en [342 kB]
2026-10-08T22:39:21.8066541Z Get:15 https://archive.ubuntu.com/ubuntu noble-updates/restricted amd64 Packages [1761 kB]
2026-10-08T22:39:21.9273132Z Get:16 https://archive.ubuntu.com/ubuntu noble-updates/restricted Translation-en [401 kB]
2026-10-08T22:39:22.0462315Z Get:17 https://archive.ubuntu.com/ubuntu noble-updates/multiverse amd64 Packages [55.0 kB]
2026-10-08T22:39:22.1673184Z Get:18 https://archive.ubuntu.com/ubuntu noble-updates/multiverse Translation-en [14.3 kB]
2026-10-08T22:39:22.2934300Z Get:19 https://archive.ubuntu.com/ubuntu noble-security/main amd64 Packages [1115 kB]
2026-10-08T22:39:22.4125150Z Get:20 https://archive.ubuntu.com/ubuntu noble-security/main Translation-en [227 kB]
2026-10-08T22:39:22.6364335Z Get:21 https://archive.ubuntu.com/ubuntu noble-security/universe amd64 Packages [1218 kB]
2026-10-08T22:39:22.7673190Z Get:22 https://archive.ubuntu.com/ubuntu noble-security/universe Translation-en [245 kB]
2026-10-08T22:39:22.8961011Z Get:23 https://archive.ubuntu.com/ubuntu noble-security/restricted amd64 Packages [1632 kB]
2026-10-08T22:39:23.0168542Z Get:24 https://archive.ubuntu.com/ubuntu noble-security/restricted Translation-en [376 kB]
2026-10-08T22:39:23.1437281Z Get:25 https://archive.ubuntu.com/ubuntu noble-security/multiverse Translation-en [11.6 kB]
2026-10-08T22:39:29.4384274Z Fetched 12.2 MB in 3s (3504 kB/s)
2026-10-08T22:39:30.1738286Z Reading package lists...
2026-10-08T22:39:30.2027565Z Reading package lists...
2026-10-08T22:39:30.3476720Z Building dependency tree...
2026-10-08T22:39:30.3482503Z Reading state information...
2026-10-08T22:39:30.4923006Z The following additional packages will be installed:
2026-10-08T22:39:30.4924013Z   i965-va-driver intel-media-va-driver libaacs0 libass9 libasyncns0
2026-10-08T22:39:30.4925167Z   libavc1394-0 libavcodec60 libavdevice60 libavfilter9 libavformat60
2026-10-08T22:39:30.4926016Z   libavutil58 libbdplus0 libblas3 libbluray2 libbs2b0 libcaca0
2026-10-08T22:39:30.4927487Z   libcdio-cdda2t64 libcdio-paranoia2t64 libcdio19t64 libchromaprint1 libcjson1
2026-10-08T22:39:30.4928550Z   libcodec2-1.2 libdav1d7 libdc1394-25 libdecor-0-0 libdecor-0-plugin-1-gtk
2026-10-08T22:39:30.4929317Z   libflac12t64 libflite1 libgme0 libgsm1 libhwy1t64 libiec61883-0 libigdgmm12
2026-10-08T22:39:30.4930102Z   libjack-jackd2-0 libjxl0.7 liblapack3 liblilv-0-0 libmbedcrypto7t64
2026-10-08T22:39:30.4930800Z   libmp3lame0 libmpg123-0t64 libmysofa1 libopenal-data libopenal1
2026-10-08T22:39:30.4931553Z   libopenmpt0t64 libopus0 libplacebo338 libpocketsphinx3 libpostproc57
2026-10-08T22:39:30.4932295Z   libpulse0 librav1e0 libraw1394-11 librist4 librsvg2-2 librsvg2-common
2026-10-08T22:39:30.4932832Z   librubberband2 libsamplerate0 libsdl2-2.0-0 libserd-0-0 libshine3
2026-10-08T22:39:30.4933331Z   libsndfile1 libsndio7.0 libsord-0-0 libsoxr0 libspeex1 libsphinxbase3t64
2026-10-08T22:39:30.4933865Z   libsratom-0-0 libsrt1.5-gnutls libssh-gcrypt-4 libsvtav1enc1d1
2026-10-08T22:39:30.4934384Z   libswresample4 libswscale7 libtheora0 libtwolame0 libudfread0 libunibreak5
2026-10-08T22:39:30.4934936Z   libva-drm2 libva-x11-2 libva2 libvdpau1 libvidstab1.1 libvorbisenc2 libvpl2
2026-10-08T22:39:30.4935515Z   libvpx9 libx264-164 libx265-199 libxcb-shape0 libxv1 libxvidcore4 libzimg2
2026-10-08T22:39:30.4936026Z   libzix-0-0 libzvbi-common libzvbi0t64 mesa-va-drivers mesa-vdpau-drivers
2026-10-08T22:39:30.4936541Z   ocl-icd-libopencl1 pocketsphinx-en-us va-driver-all vdpau-driver-all
2026-10-08T22:39:30.4938526Z Suggested packages:
2026-10-08T22:39:30.4939228Z   ffmpeg-doc i965-va-driver-shaders libcuda1 libnvcuvid1 libnvidia-encode1
2026-10-08T22:39:30.4939806Z   libbluray-bdj jackd2 libportaudio2 opus-tools pulseaudio libraw1394-doc
2026-10-08T22:39:30.4940322Z   librsvg2-bin serdi sndiod sordi speex opencl-icd libvdpau-va-gl1
2026-10-08T22:39:30.5251202Z The following NEW packages will be installed:
2026-10-08T22:39:30.5252105Z   ffmpeg i965-va-driver intel-media-va-driver libaacs0 libass9 libasyncns0
2026-10-08T22:39:30.5253197Z   libavc1394-0 libavcodec60 libavdevice60 libavfilter9 libavformat60
2026-10-08T22:39:30.5253941Z   libavutil58 libbdplus0 libblas3 libbluray2 libbs2b0 libcaca0
2026-10-08T22:39:30.5254883Z   libcdio-cdda2t64 libcdio-paranoia2t64 libcdio19t64 libchromaprint1 libcjson1
2026-10-08T22:39:30.5255826Z   libcodec2-1.2 libdav1d7 libdc1394-25 libdecor-0-0 libdecor-0-plugin-1-gtk
2026-10-08T22:39:30.5256916Z   libflac12t64 libflite1 libgme0 libgsm1 libhwy1t64 libiec61883-0 libigdgmm12
2026-10-08T22:39:30.5258017Z   libjack-jackd2-0 libjxl0.7 liblapack3 liblilv-0-0 libmbedcrypto7t64
2026-10-08T22:39:30.5258768Z   libmp3lame0 libmpg123-0t64 libmysofa1 libopenal-data libopenal1
2026-10-08T22:39:30.5259559Z   libopenmpt0t64 libopus0 libplacebo338 libpocketsphinx3 libpostproc57
2026-10-08T22:39:30.5260310Z   libpulse0 librav1e0 libraw1394-11 librist4 librsvg2-2 librsvg2-common
2026-10-08T22:39:30.5261040Z   librubberband2 libsamplerate0 libsdl2-2.0-0 libserd-0-0 libshine3
2026-10-08T22:39:30.5261919Z   libsndfile1 libsndio7.0 libsord-0-0 libsoxr0 libspeex1 libsphinxbase3t64
2026-10-08T22:39:30.5262705Z   libsratom-0-0 libsrt1.5-gnutls libssh-gcrypt-4 libsvtav1enc1d1
2026-10-08T22:39:30.5263553Z   libswresample4 libswscale7 libtheora0 libtwolame0 libudfread0 libunibreak5
2026-10-08T22:39:30.5264587Z   libva-drm2 libva-x11-2 libva2 libvdpau1 libvidstab1.1 libvorbisenc2 libvpl2
2026-10-08T22:39:30.5265479Z   libvpx9 libx264-164 libx265-199 libxcb-shape0 libxv1 libxvidcore4 libzimg2
2026-10-08T22:39:30.5266410Z   libzix-0-0 libzvbi-common libzvbi0t64 mesa-va-drivers mesa-vdpau-drivers
2026-10-08T22:39:30.5267563Z   ocl-icd-libopencl1 pocketsphinx-en-us va-driver-all vdpau-driver-all
2026-10-08T22:39:30.5418402Z 0 upgraded, 99 newly installed, 0 to remove and 23 not upgraded.
2026-10-08T22:39:30.5418957Z Need to get 94.1 MB of archives.
2026-10-08T22:39:30.5419501Z After this operation, 227 MB of additional disk space will be used.
2026-10-08T22:39:30.5419987Z Get:1 file:/etc/apt/apt-mirrors.txt Mirrorlist [139 B]
2026-10-08T22:39:31.3414228Z Get:2 https://archive.ubuntu.com/ubuntu noble-updates/universe amd64 libva2 amd64 2.20.0-2ubuntu0.2 [66.4 kB]
2026-10-08T22:39:31.8007513Z Get:3 https://archive.ubuntu.com/ubuntu noble-updates/universe amd64 libva-drm2 amd64 2.20.0-2ubuntu0.2 [7124 B]
2026-10-08T22:39:31.9558719Z Get:4 https://archive.ubuntu.com/ubuntu noble-updates/universe amd64 libva-x11-2 amd64 2.20.0-2ubuntu0.2 [12.0 kB]
2026-10-08T22:39:32.1170770Z Get:5 https://archive.ubuntu.com/ubuntu noble/main amd64 libvdpau1 amd64 1.5-2build1 [27.8 kB]
2026-10-08T22:39:32.2989491Z Get:6 https://archive.ubuntu.com/ubuntu noble/universe amd64 libvpl2 amd64 2023.3.0-1build1 [99.8 kB]
2026-10-08T22:39:32.6084405Z Get:7 https://archive.ubuntu.com/ubuntu noble/universe amd64 ocl-icd-libopencl1 amd64 2.3.2-1build1 [38.5 kB]
2026-10-08T22:39:32.7791186Z Get:8 https://archive.ubuntu.com/ubuntu noble/universe amd64 libavutil58 amd64 7:6.1.1-3ubuntu5 [401 kB]
2026-10-08T22:39:33.2428592Z Get:9 https://archive.ubuntu.com/ubuntu noble/universe amd64 libcodec2-1.2 amd64 1.2.0-2build1 [8998 kB]
2026-10-08T22:39:34.4913297Z Get:10 https://archive.ubuntu.com/ubuntu noble/universe amd64 libdav1d7 amd64 1.4.1-1build1 [604 kB]
2026-10-08T22:39:34.6514630Z Get:11 https://archive.ubuntu.com/ubuntu noble/universe amd64 libgsm1 amd64 1.0.22-1build1 [27.8 kB]
2026-10-08T22:39:34.8018064Z Get:12 https://archive.ubuntu.com/ubuntu noble/universe amd64 libhwy1t64 amd64 1.0.7-8.1build1 [584 kB]
2026-10-08T22:39:34.9620710Z Get:13 https://archive.ubuntu.com/ubuntu noble-updates/universe amd64 libjxl0.7 amd64 0.7.0-10.2ubuntu6.1 [1001 kB]
2026-10-08T22:39:35.1296533Z Get:14 https://archive.ubuntu.com/ubuntu noble/main amd64 libmp3lame0 amd64 3.100-6build1 [142 kB]
2026-10-08T22:39:35.2811810Z Get:15 https://archive.ubuntu.com/ubuntu noble/main amd64 libopus0 amd64 1.4-1build1 [208 kB]
2026-10-08T22:39:35.4345750Z Get:16 https://archive.ubuntu.com/ubuntu noble/universe amd64 librav1e0 amd64 0.7.1-2 [1022 kB]
2026-10-08T22:39:35.6026957Z Get:17 https://archive.ubuntu.com/ubuntu noble-updates/main amd64 librsvg2-2 amd64 2.58.0+dfsg-1ubuntu0.1 [2141 kB]
2026-10-08T22:39:36.0356948Z Get:18 https://archive.ubuntu.com/ubuntu noble/universe amd64 libshine3 amd64 3.1.1-2build1 [23.2 kB]
2026-10-08T22:39:36.1687278Z Get:19 https://archive.ubuntu.com/ubuntu noble-updates/main amd64 libspeex1 amd64 1.2.1-2ubuntu2.24.04.1 [59.6 kB]
2026-10-08T22:39:36.3046017Z Get:20 https://archive.ubuntu.com/ubuntu noble/universe amd64 libsvtav1enc1d1 amd64 1.7.0+dfsg-2build1 [2425 kB]
2026-10-08T22:39:36.8310282Z Get:21 https://archive.ubuntu.com/ubuntu noble/universe amd64 libsoxr0 amd64 0.1.3-4build3 [80.0 kB]
2026-10-08T22:39:36.8957651Z Get:22 https://archive.ubuntu.com/ubuntu noble/universe amd64 libswresample4 amd64 7:6.1.1-3ubuntu5 [63.8 kB]
2026-10-08T22:39:36.9607035Z Get:23 https://archive.ubuntu.com/ubuntu noble/main amd64 libtheora0 amd64 1.1.1+dfsg.1-16.1build3 [211 kB]
2026-10-08T22:39:37.0296974Z Get:24 https://archive.ubuntu.com/ubuntu noble/main amd64 libtwolame0 amd64 0.4.0-2build3 [52.3 kB]
2026-10-08T22:39:37.0943409Z Get:25 https://archive.ubuntu.com/ubuntu noble/main amd64 libvorbisenc2 amd64 1.3.7-1build3 [80.8 kB]
2026-10-08T22:39:37.1601601Z Get:26 https://archive.ubuntu.com/ubuntu noble-updates/main amd64 libvpx9 amd64 1.14.0-1ubuntu2.3 [1143 kB]
2026-10-08T22:39:37.2566244Z Get:27 https://archive.ubuntu.com/ubuntu noble/universe amd64 libx264-164 amd64 2:0.164.3108+git31e19f9-1 [604 kB]
2026-10-08T22:39:37.3367691Z Get:28 https://archive.ubuntu.com/ubuntu noble/universe amd64 libx265-199 amd64 3.5-2build1 [1226 kB]
2026-10-08T22:39:37.4353584Z Get:29 https://archive.ubuntu.com/ubuntu noble/universe amd64 libxvidcore4 amd64 2:1.3.7-1build1 [219 kB]
2026-10-08T22:39:37.5046769Z Get:30 https://archive.ubuntu.com/ubuntu noble/universe amd64 libzvbi-common all 0.2.42-2 [42.4 kB]
2026-10-08T22:39:37.5685306Z Get:31 https://archive.ubuntu.com/ubuntu noble/universe amd64 libzvbi0t64 amd64 0.2.42-2 [261 kB]
2026-10-08T22:39:37.6385112Z Get:32 https://archive.ubuntu.com/ubuntu noble/universe amd64 libavcodec60 amd64 7:6.1.1-3ubuntu5 [5851 kB]
2026-10-08T22:39:37.8420493Z Get:33 https://archive.ubuntu.com/ubuntu noble/main amd64 libraw1394-11 amd64 2.1.2-2build3 [26.2 kB]
2026-10-08T22:39:37.9059148Z Get:34 https://archive.ubuntu.com/ubuntu noble/main amd64 libavc1394-0 amd64 0.5.4-5build3 [15.4 kB]
2026-10-08T22:39:37.9698229Z Get:35 https://archive.ubuntu.com/ubuntu noble/universe amd64 libunibreak5 amd64 5.1-2build1 [25.0 kB]
2026-10-08T22:39:38.0335727Z Get:36 https://archive.ubuntu.com/ubuntu noble/universe amd64 libass9 amd64 1:0.17.1-2build1 [104 kB]
2026-10-08T22:39:38.2015215Z Get:37 https://archive.ubuntu.com/ubuntu noble/universe amd64 libudfread0 amd64 1.1.2-1build1 [19.0 kB]
2026-10-08T22:39:38.2652030Z Get:38 https://archive.ubuntu.com/ubuntu noble/universe amd64 libbluray2 amd64 1:1.3.4-1build1 [159 kB]
2026-10-08T22:39:38.3298637Z Get:39 https://archive.ubuntu.com/ubuntu noble/universe amd64 libchromaprint1 amd64 1.5.1-5 [30.5 kB]
2026-10-08T22:39:38.3939300Z Get:40 https://archive.ubuntu.com/ubuntu noble/universe amd64 libgme0 amd64 0.6.3-7build1 [134 kB]
2026-10-08T22:39:38.4581990Z Get:41 https://archive.ubuntu.com/ubuntu noble-updates/main amd64 libmpg123-0t64 amd64 1.32.5-1ubuntu1.1 [169 kB]
2026-10-08T22:39:38.5230283Z Get:42 https://archive.ubuntu.com/ubuntu noble/universe amd64 libopenmpt0t64 amd64 0.7.3-1.1build3 [647 kB]
2026-10-08T22:39:38.5909539Z Get:43 https://archive.ubuntu.com/ubuntu noble/universe amd64 libcjson1 amd64 1.7.17-1 [24.8 kB]
2026-10-08T22:39:38.6549256Z Get:44 https://archive.ubuntu.com/ubuntu noble/universe amd64 libmbedcrypto7t64 amd64 2.28.8-1 [209 kB]
2026-10-08T22:39:38.7198818Z Get:45 https://archive.ubuntu.com/ubuntu noble/universe amd64 librist4 amd64 0.2.10+dfsg-2 [74.9 kB]
2026-10-08T22:39:38.7837658Z Get:46 https://archive.ubuntu.com/ubuntu noble/universe amd64 libsrt1.5-gnutls amd64 1.5.3-1build2 [316 kB]
2026-10-08T22:39:38.8495272Z Get:47 https://archive.ubuntu.com/ubuntu noble-updates/main amd64 libssh-gcrypt-4 amd64 0.10.6-2ubuntu0.5 [226 kB]
2026-10-08T22:39:38.9148258Z Get:48 https://archive.ubuntu.com/ubuntu noble/universe amd64 libavformat60 amd64 7:6.1.1-3ubuntu5 [1153 kB]
2026-10-08T22:39:38.9862638Z Get:49 https://archive.ubuntu.com/ubuntu noble/universe amd64 libbs2b0 amd64 3.1.0+dfsg-7build1 [10.6 kB]
2026-10-08T22:39:39.0502039Z Get:50 https://archive.ubuntu.com/ubuntu noble/universe amd64 libflite1 amd64 2.2-6build3 [13.6 MB]
2026-10-08T22:39:39.2612781Z Get:51 https://archive.ubuntu.com/ubuntu noble/universe amd64 libserd-0-0 amd64 0.32.2-1 [43.6 kB]
2026-10-08T22:39:39.3248933Z Get:52 https://archive.ubuntu.com/ubuntu noble/universe amd64 libzix-0-0 amd64 0.4.2-2build1 [23.6 kB]
2026-10-08T22:39:39.3886564Z Get:53 https://archive.ubuntu.com/ubuntu noble/universe amd64 libsord-0-0 amd64 0.16.16-2build1 [15.8 kB]
2026-10-08T22:39:39.4523684Z Get:54 https://archive.ubuntu.com/ubuntu noble/universe amd64 libsratom-0-0 amd64 0.6.16-1build1 [17.3 kB]
2026-10-08T22:39:39.5162496Z Get:55 https://archive.ubuntu.com/ubuntu noble/universe amd64 liblilv-0-0 amd64 0.24.22-1build1 [41.0 kB]
2026-10-08T22:39:39.6834762Z Get:56 https://archive.ubuntu.com/ubuntu noble/universe amd64 libmysofa1 amd64 1.3.2+dfsg-2ubuntu2 [1158 kB]
2026-10-08T22:39:39.7540144Z Get:57 https://archive.ubuntu.com/ubuntu noble/universe amd64 libplacebo338 amd64 6.338.2-2build1 [2654 kB]
2026-10-08T22:39:39.8926637Z Get:58 https://archive.ubuntu.com/ubuntu noble-updates/main amd64 libblas3 amd64 3.12.0-3build1.1 [238 kB]
2026-10-08T22:39:39.9578769Z Get:59 https://archive.ubuntu.com/ubuntu noble-updates/main amd64 liblapack3 amd64 3.12.0-3build1.1 [2646 kB]
2026-10-08T22:39:40.0362814Z Get:60 https://archive.ubuntu.com/ubuntu noble/main amd64 libasyncns0 amd64 0.8-6build4 [11.3 kB]
2026-10-08T22:39:40.1000750Z Get:61 https://archive.ubuntu.com/ubuntu noble/main amd64 libflac12t64 amd64 1.4.3+ds-2.1ubuntu2 [197 kB]
2026-10-08T22:39:40.1649684Z Get:62 https://archive.ubuntu.com/ubuntu noble-updates/main amd64 libsndfile1 amd64 1.2.2-1ubuntu5.24.04.1 [209 kB]
2026-10-08T22:39:40.2297207Z Get:63 https://archive.ubuntu.com/ubuntu noble-updates/main amd64 libpulse0 amd64 1:16.1+dfsg1-2ubuntu10.1 [292 kB]
2026-10-08T22:39:40.2949207Z Get:64 https://archive.ubuntu.com/ubuntu noble/universe amd64 libsphinxbase3t64 amd64 0.8+5prealpha+1-17build2 [126 kB]
2026-10-08T22:39:40.3592374Z Get:65 https://archive.ubuntu.com/ubuntu noble/universe amd64 libpocketsphinx3 amd64 0.8.0+real5prealpha+1-15ubuntu5 [133 kB]
2026-10-08T22:39:40.4234343Z Get:66 https://archive.ubuntu.com/ubuntu noble/universe amd64 libpostproc57 amd64 7:6.1.1-3ubuntu5 [49.9 kB]
2026-10-08T22:39:40.4872612Z Get:67 https://archive.ubuntu.com/ubuntu noble/main amd64 libsamplerate0 amd64 0.2.2-4build1 [1344 kB]
2026-10-08T22:39:40.5598993Z Get:68 https://archive.ubuntu.com/ubuntu noble/universe amd64 librubberband2 amd64 3.3.0+dfsg-2build1 [130 kB]
2026-10-08T22:39:40.6241367Z Get:69 https://archive.ubuntu.com/ubuntu noble/universe amd64 libswscale7 amd64 7:6.1.1-3ubuntu5 [193 kB]
2026-10-08T22:39:40.6914731Z Get:70 https://archive.ubuntu.com/ubuntu noble/universe amd64 libvidstab1.1 amd64 1.1.0-2build1 [38.5 kB]
2026-10-08T22:39:40.7559361Z Get:71 https://archive.ubuntu.com/ubuntu noble/universe amd64 libzimg2 amd64 3.0.5+ds1-1build1 [254 kB]
2026-10-08T22:39:40.8210428Z Get:72 https://archive.ubuntu.com/ubuntu noble/universe amd64 libavfilter9 amd64 7:6.1.1-3ubuntu5 [4235 kB]
2026-10-08T22:39:40.9105585Z Get:73 https://archive.ubuntu.com/ubuntu noble-updates/main amd64 libcaca0 amd64 0.99.beta20-4ubuntu0.2 [209 kB]
2026-10-08T22:39:40.9764690Z Get:74 https://archive.ubuntu.com/ubuntu noble-updates/main amd64 libcdio19t64 amd64 2.1.0-4.1ubuntu1.2 [62.4 kB]
2026-10-08T22:39:41.1443129Z Get:75 https://archive.ubuntu.com/ubuntu noble/main amd64 libcdio-cdda2t64 amd64 10.2+2.0.1-1.1build2 [16.5 kB]
2026-10-08T22:39:41.2082576Z Get:76 https://archive.ubuntu.com/ubuntu noble/main amd64 libcdio-paranoia2t64 amd64 10.2+2.0.1-1.1build2 [16.6 kB]
2026-10-08T22:39:41.2718512Z Get:77 https://archive.ubuntu.com/ubuntu noble/universe amd64 libdc1394-25 amd64 2.2.6-4build1 [90.1 kB]
2026-10-08T22:39:41.3360670Z Get:78 https://archive.ubuntu.com/ubuntu noble/main amd64 libiec61883-0 amd64 1.2.0-6build1 [24.5 kB]
2026-10-08T22:39:41.4003174Z Get:79 https://archive.ubuntu.com/ubuntu noble/main amd64 libjack-jackd2-0 amd64 1.9.21~dfsg-3ubuntu3 [289 kB]
2026-10-08T22:39:41.4659099Z Get:80 https://archive.ubuntu.com/ubuntu noble/universe amd64 libopenal-data all 1:1.23.1-4build1 [161 kB]
2026-10-08T22:39:41.5307055Z Get:81 https://archive.ubuntu.com/ubuntu noble/universe amd64 libsndio7.0 amd64 1.9.0-0.3build3 [29.6 kB]
2026-10-08T22:39:41.5946183Z Get:82 https://archive.ubuntu.com/ubuntu noble/universe amd64 libopenal1 amd64 1:1.23.1-4build1 [540 kB]
2026-10-08T22:39:41.6617081Z Get:83 https://archive.ubuntu.com/ubuntu noble/main amd64 libdecor-0-0 amd64 0.2.2-1build2 [16.5 kB]
2026-10-08T22:39:41.7260174Z Get:84 https://archive.ubuntu.com/ubuntu noble-updates/main amd64 libsdl2-2.0-0 amd64 2.30.0+dfsg-1ubuntu3.1 [686 kB]
2026-10-08T22:39:41.7928638Z Get:85 https://archive.ubuntu.com/ubuntu noble/main amd64 libxcb-shape0 amd64 1.15-1ubuntu2 [6100 B]
2026-10-08T22:39:41.8566998Z Get:86 https://archive.ubuntu.com/ubuntu noble/main amd64 libxv1 amd64 2:1.0.11-1.1build1 [10.7 kB]
2026-10-08T22:39:41.9205849Z Get:87 https://archive.ubuntu.com/ubuntu noble/universe amd64 libavdevice60 amd64 7:6.1.1-3ubuntu5 [82.3 kB]
2026-10-08T22:39:41.9847668Z Get:88 https://archive.ubuntu.com/ubuntu noble/universe amd64 ffmpeg amd64 7:6.1.1-3ubuntu5 [1879 kB]
2026-10-08T22:39:42.0584717Z Get:89 https://archive.ubuntu.com/ubuntu noble-updates/universe amd64 libigdgmm12 amd64 22.3.17+ds1-1ubuntu1 [145 kB]
2026-10-08T22:39:42.1229487Z Get:90 https://archive.ubuntu.com/ubuntu noble-updates/universe amd64 intel-media-va-driver amd64 24.1.0+dfsg1-1ubuntu0.2 [3163 kB]
2026-10-08T22:39:42.2029289Z Get:91 https://archive.ubuntu.com/ubuntu noble/universe amd64 libaacs0 amd64 0.11.1-2build1 [62.9 kB]
2026-10-08T22:39:42.2668106Z Get:92 https://archive.ubuntu.com/ubuntu noble/universe amd64 libbdplus0 amd64 0.2.0-3build1 [52.2 kB]
2026-10-08T22:39:42.3306467Z Get:93 https://archive.ubuntu.com/ubuntu noble/main amd64 libdecor-0-plugin-1-gtk amd64 0.2.2-1build2 [22.2 kB]
2026-10-08T22:39:42.4992632Z Get:94 https://archive.ubuntu.com/ubuntu noble-updates/main amd64 librsvg2-common amd64 2.58.0+dfsg-1ubuntu0.1 [11.8 kB]
2026-10-08T22:39:42.5630993Z Get:95 https://archive.ubuntu.com/ubuntu noble-updates/universe amd64 mesa-va-drivers amd64 25.2.8-0ubuntu0.24.04.4 [6778 B]
2026-10-08T22:39:42.6266005Z Get:96 https://archive.ubuntu.com/ubuntu noble-updates/main amd64 mesa-vdpau-drivers amd64 25.2.8-0ubuntu0.24.04.4 [23.4 kB]
2026-10-08T22:39:42.6906652Z Get:97 https://archive.ubuntu.com/ubuntu noble-updates/universe amd64 i965-va-driver amd64 2.4.1+dfsg1-1ubuntu0.2 [332 kB]
2026-10-08T22:39:42.7558067Z Get:98 https://archive.ubuntu.com/ubuntu noble-updates/universe amd64 va-driver-all amd64 2.20.0-2ubuntu0.2 [5014 B]
2026-10-08T22:39:42.8192033Z Get:99 https://archive.ubuntu.com/ubuntu noble/main amd64 vdpau-driver-all amd64 1.5-2build1 [4414 B]
2026-10-08T22:39:42.8831156Z Get:100 https://archive.ubuntu.com/ubuntu noble/universe amd64 pocketsphinx-en-us all 0.8.0+real5prealpha+1-15ubuntu5 [27.4 MB]
2026-10-08T22:39:43.4193783Z Fetched 94.1 MB in 13s (7473 kB/s)
2026-10-08T22:39:43.4413231Z Selecting previously unselected package libva2:amd64.
2026-10-08T22:39:43.4648911Z (Reading database ... 
2026-10-08T22:39:43.4649317Z (Reading database ... 5%
2026-10-08T22:39:43.4649720Z (Reading database ... 10%
2026-10-08T22:39:43.4650245Z (Reading database ... 15%
2026-10-08T22:39:43.4650603Z (Reading database ... 20%
2026-10-08T22:39:43.4650908Z (Reading database ... 25%
2026-10-08T22:39:43.4651201Z (Reading database ... 30%
2026-10-08T22:39:43.4651692Z (Reading database ... 35%
2026-10-08T22:39:43.4652188Z (Reading database ... 40%
2026-10-08T22:39:43.4652485Z (Reading database ... 45%
2026-10-08T22:39:43.4652780Z (Reading database ... 50%
2026-10-08T22:39:43.4689538Z (Reading database ... 55%
2026-10-08T22:39:43.6038861Z (Reading database ... 60%
2026-10-08T22:39:43.7950562Z (Reading database ... 65%
2026-10-08T22:39:44.0037700Z (Reading database ... 70%
2026-10-08T22:39:44.1657477Z (Reading database ... 75%
2026-10-08T22:39:44.3052913Z (Reading database ... 80%
2026-10-08T22:39:44.5083423Z (Reading database ... 85%
2026-10-08T22:39:44.7006771Z (Reading database ... 90%
2026-10-08T22:39:44.8671990Z (Reading database ... 95%
2026-10-08T22:39:44.8672433Z (Reading database ... 100%
2026-10-08T22:39:44.8673037Z (Reading database ... 203191 files and directories currently installed.)
2026-10-08T22:39:44.8713165Z Preparing to unpack .../00-libva2_2.20.0-2ubuntu0.2_amd64.deb ...
2026-10-08T22:39:44.8740405Z Unpacking libva2:amd64 (2.20.0-2ubuntu0.2) ...
2026-10-08T22:39:44.8920024Z Selecting previously unselected package libva-drm2:amd64.
2026-10-08T22:39:44.9025916Z Preparing to unpack .../01-libva-drm2_2.20.0-2ubuntu0.2_amd64.deb ...
2026-10-08T22:39:44.9035654Z Unpacking libva-drm2:amd64 (2.20.0-2ubuntu0.2) ...
2026-10-08T22:39:44.9225527Z Selecting previously unselected package libva-x11-2:amd64.
2026-10-08T22:39:44.9334061Z Preparing to unpack .../02-libva-x11-2_2.20.0-2ubuntu0.2_amd64.deb ...
2026-10-08T22:39:44.9343637Z Unpacking libva-x11-2:amd64 (2.20.0-2ubuntu0.2) ...
2026-10-08T22:39:44.9489017Z Selecting previously unselected package libvdpau1:amd64.
2026-10-08T22:39:44.9592783Z Preparing to unpack .../03-libvdpau1_1.5-2build1_amd64.deb ...
2026-10-08T22:39:44.9601209Z Unpacking libvdpau1:amd64 (1.5-2build1) ...
2026-10-08T22:39:44.9745004Z Selecting previously unselected package libvpl2.
2026-10-08T22:39:44.9848377Z Preparing to unpack .../04-libvpl2_2023.3.0-1build1_amd64.deb ...
2026-10-08T22:39:44.9858071Z Unpacking libvpl2 (2023.3.0-1build1) ...
2026-10-08T22:39:45.0011502Z Selecting previously unselected package ocl-icd-libopencl1:amd64.
2026-10-08T22:39:45.0112430Z Preparing to unpack .../05-ocl-icd-libopencl1_2.3.2-1build1_amd64.deb ...
2026-10-08T22:39:45.0119361Z Unpacking ocl-icd-libopencl1:amd64 (2.3.2-1build1) ...
2026-10-08T22:39:45.0299191Z Selecting previously unselected package libavutil58:amd64.
2026-10-08T22:39:45.0400143Z Preparing to unpack .../06-libavutil58_7%3a6.1.1-3ubuntu5_amd64.deb ...
2026-10-08T22:39:45.0408076Z Unpacking libavutil58:amd64 (7:6.1.1-3ubuntu5) ...
2026-10-08T22:39:45.0583103Z Selecting previously unselected package libcodec2-1.2:amd64.
2026-10-08T22:39:45.0682124Z Preparing to unpack .../07-libcodec2-1.2_1.2.0-2build1_amd64.deb ...
2026-10-08T22:39:45.0690370Z Unpacking libcodec2-1.2:amd64 (1.2.0-2build1) ...
2026-10-08T22:39:45.2056518Z Selecting previously unselected package libdav1d7:amd64.
2026-10-08T22:39:45.2164645Z Preparing to unpack .../08-libdav1d7_1.4.1-1build1_amd64.deb ...
2026-10-08T22:39:45.2174587Z Unpacking libdav1d7:amd64 (1.4.1-1build1) ...
2026-10-08T22:39:45.2419210Z Selecting previously unselected package libgsm1:amd64.
2026-10-08T22:39:45.2527321Z Preparing to unpack .../09-libgsm1_1.0.22-1build1_amd64.deb ...
2026-10-08T22:39:45.2536086Z Unpacking libgsm1:amd64 (1.0.22-1build1) ...
2026-10-08T22:39:45.2682743Z Selecting previously unselected package libhwy1t64:amd64.
2026-10-08T22:39:45.2788657Z Preparing to unpack .../10-libhwy1t64_1.0.7-8.1build1_amd64.deb ...
2026-10-08T22:39:45.2797160Z Unpacking libhwy1t64:amd64 (1.0.7-8.1build1) ...
2026-10-08T22:39:45.3075781Z Selecting previously unselected package libjxl0.7:amd64.
2026-10-08T22:39:45.3182477Z Preparing to unpack .../11-libjxl0.7_0.7.0-10.2ubuntu6.1_amd64.deb ...
2026-10-08T22:39:45.3191545Z Unpacking libjxl0.7:amd64 (0.7.0-10.2ubuntu6.1) ...
2026-10-08T22:39:45.3478800Z Selecting previously unselected package libmp3lame0:amd64.
2026-10-08T22:39:45.3583570Z Preparing to unpack .../12-libmp3lame0_3.100-6build1_amd64.deb ...
2026-10-08T22:39:45.3590591Z Unpacking libmp3lame0:amd64 (3.100-6build1) ...
2026-10-08T22:39:45.3743436Z Selecting previously unselected package libopus0:amd64.
2026-10-08T22:39:45.3850647Z Preparing to unpack .../13-libopus0_1.4-1build1_amd64.deb ...
2026-10-08T22:39:45.3856878Z Unpacking libopus0:amd64 (1.4-1build1) ...
2026-10-08T22:39:45.4042037Z Selecting previously unselected package librav1e0:amd64.
2026-10-08T22:39:45.4150207Z Preparing to unpack .../14-librav1e0_0.7.1-2_amd64.deb ...
2026-10-08T22:39:45.4156354Z Unpacking librav1e0:amd64 (0.7.1-2) ...
2026-10-08T22:39:45.4480769Z Selecting previously unselected package librsvg2-2:amd64.
2026-10-08T22:39:45.4591617Z Preparing to unpack .../15-librsvg2-2_2.58.0+dfsg-1ubuntu0.1_amd64.deb ...
2026-10-08T22:39:45.4599026Z Unpacking librsvg2-2:amd64 (2.58.0+dfsg-1ubuntu0.1) ...
2026-10-08T22:39:45.5210079Z Selecting previously unselected package libshine3:amd64.
2026-10-08T22:39:45.5327381Z Preparing to unpack .../16-libshine3_3.1.1-2build1_amd64.deb ...
2026-10-08T22:39:45.5337581Z Unpacking libshine3:amd64 (3.1.1-2build1) ...
2026-10-08T22:39:45.5497691Z Selecting previously unselected package libspeex1:amd64.
2026-10-08T22:39:45.5605967Z Preparing to unpack .../17-libspeex1_1.2.1-2ubuntu2.24.04.1_amd64.deb ...
2026-10-08T22:39:45.5614845Z Unpacking libspeex1:amd64 (1.2.1-2ubuntu2.24.04.1) ...
2026-10-08T22:39:45.5758422Z Selecting previously unselected package libsvtav1enc1d1:amd64.
2026-10-08T22:39:45.5869580Z Preparing to unpack .../18-libsvtav1enc1d1_1.7.0+dfsg-2build1_amd64.deb ...
2026-10-08T22:39:45.5878571Z Unpacking libsvtav1enc1d1:amd64 (1.7.0+dfsg-2build1) ...
2026-10-08T22:39:45.6570859Z Selecting previously unselected package libsoxr0:amd64.
2026-10-08T22:39:45.6678395Z Preparing to unpack .../19-libsoxr0_0.1.3-4build3_amd64.deb ...
2026-10-08T22:39:45.6687876Z Unpacking libsoxr0:amd64 (0.1.3-4build3) ...
2026-10-08T22:39:45.6842892Z Selecting previously unselected package libswresample4:amd64.
2026-10-08T22:39:45.6948588Z Preparing to unpack .../20-libswresample4_7%3a6.1.1-3ubuntu5_amd64.deb ...
2026-10-08T22:39:45.6958104Z Unpacking libswresample4:amd64 (7:6.1.1-3ubuntu5) ...
2026-10-08T22:39:45.7114745Z Selecting previously unselected package libtheora0:amd64.
2026-10-08T22:39:45.7224491Z Preparing to unpack .../21-libtheora0_1.1.1+dfsg.1-16.1build3_amd64.deb ...
2026-10-08T22:39:45.7234542Z Unpacking libtheora0:amd64 (1.1.1+dfsg.1-16.1build3) ...
2026-10-08T22:39:45.7409638Z Selecting previously unselected package libtwolame0:amd64.
2026-10-08T22:39:45.7516331Z Preparing to unpack .../22-libtwolame0_0.4.0-2build3_amd64.deb ...
2026-10-08T22:39:45.7524666Z Unpacking libtwolame0:amd64 (0.4.0-2build3) ...
2026-10-08T22:39:45.7686998Z Selecting previously unselected package libvorbisenc2:amd64.
2026-10-08T22:39:45.7791133Z Preparing to unpack .../23-libvorbisenc2_1.3.7-1build3_amd64.deb ...
2026-10-08T22:39:45.7797945Z Unpacking libvorbisenc2:amd64 (1.3.7-1build3) ...
2026-10-08T22:39:45.7961607Z Selecting previously unselected package libvpx9:amd64.
2026-10-08T22:39:45.8064960Z Preparing to unpack .../24-libvpx9_1.14.0-1ubuntu2.3_amd64.deb ...
2026-10-08T22:39:45.8071912Z Unpacking libvpx9:amd64 (1.14.0-1ubuntu2.3) ...
2026-10-08T22:39:45.8371465Z Selecting previously unselected package libx264-164:amd64.
2026-10-08T22:39:45.8475698Z Preparing to unpack .../25-libx264-164_2%3a0.164.3108+git31e19f9-1_amd64.deb ...
2026-10-08T22:39:45.8482041Z Unpacking libx264-164:amd64 (2:0.164.3108+git31e19f9-1) ...
2026-10-08T22:39:45.8754145Z Selecting previously unselected package libx265-199:amd64.
2026-10-08T22:39:45.8857162Z Preparing to unpack .../26-libx265-199_3.5-2build1_amd64.deb ...
2026-10-08T22:39:45.8863636Z Unpacking libx265-199:amd64 (3.5-2build1) ...
2026-10-08T22:39:46.0099335Z Selecting previously unselected package libxvidcore4:amd64.
2026-10-08T22:39:46.0206497Z Preparing to unpack .../27-libxvidcore4_2%3a1.3.7-1build1_amd64.deb ...
2026-10-08T22:39:46.0215488Z Unpacking libxvidcore4:amd64 (2:1.3.7-1build1) ...
2026-10-08T22:39:46.0376517Z Selecting previously unselected package libzvbi-common.
2026-10-08T22:39:46.0482491Z Preparing to unpack .../28-libzvbi-common_0.2.42-2_all.deb ...
2026-10-08T22:39:46.0490993Z Unpacking libzvbi-common (0.2.42-2) ...
2026-10-08T22:39:46.0774317Z Selecting previously unselected package libzvbi0t64:amd64.
2026-10-08T22:39:46.0881175Z Preparing to unpack .../29-libzvbi0t64_0.2.42-2_amd64.deb ...
2026-10-08T22:39:46.0889662Z Unpacking libzvbi0t64:amd64 (0.2.42-2) ...
2026-10-08T22:39:46.1089346Z Selecting previously unselected package libavcodec60:amd64.
2026-10-08T22:39:46.1196052Z Preparing to unpack .../30-libavcodec60_7%3a6.1.1-3ubuntu5_amd64.deb ...
2026-10-08T22:39:46.1204572Z Unpacking libavcodec60:amd64 (7:6.1.1-3ubuntu5) ...
2026-10-08T22:39:46.2679140Z Selecting previously unselected package libraw1394-11:amd64.
2026-10-08T22:39:46.2788686Z Preparing to unpack .../31-libraw1394-11_2.1.2-2build3_amd64.deb ...
2026-10-08T22:39:46.2813543Z Unpacking libraw1394-11:amd64 (2.1.2-2build3) ...
2026-10-08T22:39:46.2970481Z Selecting previously unselected package libavc1394-0:amd64.
2026-10-08T22:39:46.3080044Z Preparing to unpack .../32-libavc1394-0_0.5.4-5build3_amd64.deb ...
2026-10-08T22:39:46.3089396Z Unpacking libavc1394-0:amd64 (0.5.4-5build3) ...
2026-10-08T22:39:46.3250891Z Selecting previously unselected package libunibreak5:amd64.
2026-10-08T22:39:46.3359889Z Preparing to unpack .../33-libunibreak5_5.1-2build1_amd64.deb ...
2026-10-08T22:39:46.3366725Z Unpacking libunibreak5:amd64 (5.1-2build1) ...
2026-10-08T22:39:46.3522775Z Selecting previously unselected package libass9:amd64.
2026-10-08T22:39:46.3628653Z Preparing to unpack .../34-libass9_1%3a0.17.1-2build1_amd64.deb ...
2026-10-08T22:39:46.3635376Z Unpacking libass9:amd64 (1:0.17.1-2build1) ...
2026-10-08T22:39:46.3780416Z Selecting previously unselected package libudfread0:amd64.
2026-10-08T22:39:46.3877963Z Preparing to unpack .../35-libudfread0_1.1.2-1build1_amd64.deb ...
2026-10-08T22:39:46.3884822Z Unpacking libudfread0:amd64 (1.1.2-1build1) ...
2026-10-08T22:39:46.4033495Z Selecting previously unselected package libbluray2:amd64.
2026-10-08T22:39:46.4128714Z Preparing to unpack .../36-libbluray2_1%3a1.3.4-1build1_amd64.deb ...
2026-10-08T22:39:46.4135616Z Unpacking libbluray2:amd64 (1:1.3.4-1build1) ...
2026-10-08T22:39:46.4292074Z Selecting previously unselected package libchromaprint1:amd64.
2026-10-08T22:39:46.4388029Z Preparing to unpack .../37-libchromaprint1_1.5.1-5_amd64.deb ...
2026-10-08T22:39:46.4394477Z Unpacking libchromaprint1:amd64 (1.5.1-5) ...
2026-10-08T22:39:46.4531928Z Selecting previously unselected package libgme0:amd64.
2026-10-08T22:39:46.4628418Z Preparing to unpack .../38-libgme0_0.6.3-7build1_amd64.deb ...
2026-10-08T22:39:46.4635780Z Unpacking libgme0:amd64 (0.6.3-7build1) ...
2026-10-08T22:39:46.4788459Z Selecting previously unselected package libmpg123-0t64:amd64.
2026-10-08T22:39:46.4892617Z Preparing to unpack .../39-libmpg123-0t64_1.32.5-1ubuntu1.1_amd64.deb ...
2026-10-08T22:39:46.4974717Z Unpacking libmpg123-0t64:amd64 (1.32.5-1ubuntu1.1) ...
2026-10-08T22:39:46.5664347Z Selecting previously unselected package libopenmpt0t64:amd64.
2026-10-08T22:39:46.5781234Z Preparing to unpack .../40-libopenmpt0t64_0.7.3-1.1build3_amd64.deb ...
2026-10-08T22:39:46.5791715Z Unpacking libopenmpt0t64:amd64 (0.7.3-1.1build3) ...
2026-10-08T22:39:46.5989694Z Selecting previously unselected package libcjson1:amd64.
2026-10-08T22:39:46.6096032Z Preparing to unpack .../41-libcjson1_1.7.17-1_amd64.deb ...
2026-10-08T22:39:46.6104493Z Unpacking libcjson1:amd64 (1.7.17-1) ...
2026-10-08T22:39:46.6247980Z Selecting previously unselected package libmbedcrypto7t64:amd64.
2026-10-08T22:39:46.6353966Z Preparing to unpack .../42-libmbedcrypto7t64_2.28.8-1_amd64.deb ...
2026-10-08T22:39:46.6363031Z Unpacking libmbedcrypto7t64:amd64 (2.28.8-1) ...
2026-10-08T22:39:46.6571657Z Selecting previously unselected package librist4:amd64.
2026-10-08T22:39:46.6674916Z Preparing to unpack .../43-librist4_0.2.10+dfsg-2_amd64.deb ...
2026-10-08T22:39:46.6681340Z Unpacking librist4:amd64 (0.2.10+dfsg-2) ...
2026-10-08T22:39:46.6851243Z Selecting previously unselected package libsrt1.5-gnutls:amd64.
2026-10-08T22:39:46.6953429Z Preparing to unpack .../44-libsrt1.5-gnutls_1.5.3-1build2_amd64.deb ...
2026-10-08T22:39:46.6959504Z Unpacking libsrt1.5-gnutls:amd64 (1.5.3-1build2) ...
2026-10-08T22:39:46.7129734Z Selecting previously unselected package libssh-gcrypt-4:amd64.
2026-10-08T22:39:46.7233105Z Preparing to unpack .../45-libssh-gcrypt-4_0.10.6-2ubuntu0.5_amd64.deb ...
2026-10-08T22:39:46.7241766Z Unpacking libssh-gcrypt-4:amd64 (0.10.6-2ubuntu0.5) ...
2026-10-08T22:39:46.7400810Z Selecting previously unselected package libavformat60:amd64.
2026-10-08T22:39:46.7510373Z Preparing to unpack .../46-libavformat60_7%3a6.1.1-3ubuntu5_amd64.deb ...
2026-10-08T22:39:46.7520376Z Unpacking libavformat60:amd64 (7:6.1.1-3ubuntu5) ...
2026-10-08T22:39:46.7853403Z Selecting previously unselected package libbs2b0:amd64.
2026-10-08T22:39:46.7956163Z Preparing to unpack .../47-libbs2b0_3.1.0+dfsg-7build1_amd64.deb ...
2026-10-08T22:39:46.7963731Z Unpacking libbs2b0:amd64 (3.1.0+dfsg-7build1) ...
2026-10-08T22:39:46.8120386Z Selecting previously unselected package libflite1:amd64.
2026-10-08T22:39:46.8222310Z Preparing to unpack .../48-libflite1_2.2-6build3_amd64.deb ...
2026-10-08T22:39:46.8232115Z Unpacking libflite1:amd64 (2.2-6build3) ...
2026-10-08T22:39:46.9692569Z Selecting previously unselected package libserd-0-0:amd64.
2026-10-08T22:39:46.9800979Z Preparing to unpack .../49-libserd-0-0_0.32.2-1_amd64.deb ...
2026-10-08T22:39:46.9809834Z Unpacking libserd-0-0:amd64 (0.32.2-1) ...
2026-10-08T22:39:46.9957016Z Selecting previously unselected package libzix-0-0:amd64.
2026-10-08T22:39:47.0064614Z Preparing to unpack .../50-libzix-0-0_0.4.2-2build1_amd64.deb ...
2026-10-08T22:39:47.0072954Z Unpacking libzix-0-0:amd64 (0.4.2-2build1) ...
2026-10-08T22:39:47.0220649Z Selecting previously unselected package libsord-0-0:amd64.
2026-10-08T22:39:47.0328450Z Preparing to unpack .../51-libsord-0-0_0.16.16-2build1_amd64.deb ...
2026-10-08T22:39:47.0336314Z Unpacking libsord-0-0:amd64 (0.16.16-2build1) ...
2026-10-08T22:39:47.0478893Z Selecting previously unselected package libsratom-0-0:amd64.
2026-10-08T22:39:47.0586225Z Preparing to unpack .../52-libsratom-0-0_0.6.16-1build1_amd64.deb ...
2026-10-08T22:39:47.0593775Z Unpacking libsratom-0-0:amd64 (0.6.16-1build1) ...
2026-10-08T22:39:47.0734512Z Selecting previously unselected package liblilv-0-0:amd64.
2026-10-08T22:39:47.0840152Z Preparing to unpack .../53-liblilv-0-0_0.24.22-1build1_amd64.deb ...
2026-10-08T22:39:47.0847038Z Unpacking liblilv-0-0:amd64 (0.24.22-1build1) ...
2026-10-08T22:39:47.0990742Z Selecting previously unselected package libmysofa1:amd64.
2026-10-08T22:39:47.1092937Z Preparing to unpack .../54-libmysofa1_1.3.2+dfsg-2ubuntu2_amd64.deb ...
2026-10-08T22:39:47.1104037Z Unpacking libmysofa1:amd64 (1.3.2+dfsg-2ubuntu2) ...
2026-10-08T22:39:47.1280218Z Selecting previously unselected package libplacebo338:amd64.
2026-10-08T22:39:47.1381486Z Preparing to unpack .../55-libplacebo338_6.338.2-2build1_amd64.deb ...
2026-10-08T22:39:47.1390079Z Unpacking libplacebo338:amd64 (6.338.2-2build1) ...
2026-10-08T22:39:47.2201652Z Selecting previously unselected package libblas3:amd64.
2026-10-08T22:39:47.2307526Z Preparing to unpack .../56-libblas3_3.12.0-3build1.1_amd64.deb ...
2026-10-08T22:39:47.2331921Z Unpacking libblas3:amd64 (3.12.0-3build1.1) ...
2026-10-08T22:39:47.2506224Z Selecting previously unselected package liblapack3:amd64.
2026-10-08T22:39:47.2616479Z Preparing to unpack .../57-liblapack3_3.12.0-3build1.1_amd64.deb ...
2026-10-08T22:39:47.2639374Z Unpacking liblapack3:amd64 (3.12.0-3build1.1) ...
2026-10-08T22:39:47.3291931Z Selecting previously unselected package libasyncns0:amd64.
2026-10-08T22:39:47.3400216Z Preparing to unpack .../58-libasyncns0_0.8-6build4_amd64.deb ...
2026-10-08T22:39:47.3408641Z Unpacking libasyncns0:amd64 (0.8-6build4) ...
2026-10-08T22:39:47.3549515Z Selecting previously unselected package libflac12t64:amd64.
2026-10-08T22:39:47.3659294Z Preparing to unpack .../59-libflac12t64_1.4.3+ds-2.1ubuntu2_amd64.deb ...
2026-10-08T22:39:47.3667640Z Unpacking libflac12t64:amd64 (1.4.3+ds-2.1ubuntu2) ...
2026-10-08T22:39:47.3835052Z Selecting previously unselected package libsndfile1:amd64.
2026-10-08T22:39:47.3939741Z Preparing to unpack .../60-libsndfile1_1.2.2-1ubuntu5.24.04.1_amd64.deb ...
2026-10-08T22:39:47.3946474Z Unpacking libsndfile1:amd64 (1.2.2-1ubuntu5.24.04.1) ...
2026-10-08T22:39:47.4122788Z Selecting previously unselected package libpulse0:amd64.
2026-10-08T22:39:47.4223103Z Preparing to unpack .../61-libpulse0_1%3a16.1+dfsg1-2ubuntu10.1_amd64.deb ...
2026-10-08T22:39:47.4274894Z Unpacking libpulse0:amd64 (1:16.1+dfsg1-2ubuntu10.1) ...
2026-10-08T22:39:47.4449919Z Selecting previously unselected package libsphinxbase3t64:amd64.
2026-10-08T22:39:47.4550223Z Preparing to unpack .../62-libsphinxbase3t64_0.8+5prealpha+1-17build2_amd64.deb ...
2026-10-08T22:39:47.4557321Z Unpacking libsphinxbase3t64:amd64 (0.8+5prealpha+1-17build2) ...
2026-10-08T22:39:47.4709634Z Selecting previously unselected package libpocketsphinx3:amd64.
2026-10-08T22:39:47.4807414Z Preparing to unpack .../63-libpocketsphinx3_0.8.0+real5prealpha+1-15ubuntu5_amd64.deb ...
2026-10-08T22:39:47.4815750Z Unpacking libpocketsphinx3:amd64 (0.8.0+real5prealpha+1-15ubuntu5) ...
2026-10-08T22:39:47.4964081Z Selecting previously unselected package libpostproc57:amd64.
2026-10-08T22:39:47.5062249Z Preparing to unpack .../64-libpostproc57_7%3a6.1.1-3ubuntu5_amd64.deb ...
2026-10-08T22:39:47.5069007Z Unpacking libpostproc57:amd64 (7:6.1.1-3ubuntu5) ...
2026-10-08T22:39:47.5213470Z Selecting previously unselected package libsamplerate0:amd64.
2026-10-08T22:39:47.5310940Z Preparing to unpack .../65-libsamplerate0_0.2.2-4build1_amd64.deb ...
2026-10-08T22:39:47.5319830Z Unpacking libsamplerate0:amd64 (0.2.2-4build1) ...
2026-10-08T22:39:47.5511474Z Selecting previously unselected package librubberband2:amd64.
2026-10-08T22:39:47.5610776Z Preparing to unpack .../66-librubberband2_3.3.0+dfsg-2build1_amd64.deb ...
2026-10-08T22:39:47.5619827Z Unpacking librubberband2:amd64 (3.3.0+dfsg-2build1) ...
2026-10-08T22:39:47.5773811Z Selecting previously unselected package libswscale7:amd64.
2026-10-08T22:39:47.5877925Z Preparing to unpack .../67-libswscale7_7%3a6.1.1-3ubuntu5_amd64.deb ...
2026-10-08T22:39:47.5887459Z Unpacking libswscale7:amd64 (7:6.1.1-3ubuntu5) ...
2026-10-08T22:39:47.6046670Z Selecting previously unselected package libvidstab1.1:amd64.
2026-10-08T22:39:47.6146574Z Preparing to unpack .../68-libvidstab1.1_1.1.0-2build1_amd64.deb ...
2026-10-08T22:39:47.6153363Z Unpacking libvidstab1.1:amd64 (1.1.0-2build1) ...
2026-10-08T22:39:47.6291224Z Selecting previously unselected package libzimg2:amd64.
2026-10-08T22:39:47.6391768Z Preparing to unpack .../69-libzimg2_3.0.5+ds1-1build1_amd64.deb ...
2026-10-08T22:39:47.6398323Z Unpacking libzimg2:amd64 (3.0.5+ds1-1build1) ...
2026-10-08T22:39:47.6566241Z Selecting previously unselected package libavfilter9:amd64.
2026-10-08T22:39:47.6667441Z Preparing to unpack .../70-libavfilter9_7%3a6.1.1-3ubuntu5_amd64.deb ...
2026-10-08T22:39:47.6674840Z Unpacking libavfilter9:amd64 (7:6.1.1-3ubuntu5) ...
2026-10-08T22:39:47.7849257Z Selecting previously unselected package libcaca0:amd64.
2026-10-08T22:39:47.7959127Z Preparing to unpack .../71-libcaca0_0.99.beta20-4ubuntu0.2_amd64.deb ...
2026-10-08T22:39:47.7966928Z Unpacking libcaca0:amd64 (0.99.beta20-4ubuntu0.2) ...
2026-10-08T22:39:47.8138006Z Selecting previously unselected package libcdio19t64:amd64.
2026-10-08T22:39:47.8252061Z Preparing to unpack .../72-libcdio19t64_2.1.0-4.1ubuntu1.2_amd64.deb ...
2026-10-08T22:39:47.8259864Z Unpacking libcdio19t64:amd64 (2.1.0-4.1ubuntu1.2) ...
2026-10-08T22:39:47.8408366Z Selecting previously unselected package libcdio-cdda2t64:amd64.
2026-10-08T22:39:47.8515240Z Preparing to unpack .../73-libcdio-cdda2t64_10.2+2.0.1-1.1build2_amd64.deb ...
2026-10-08T22:39:47.8523798Z Unpacking libcdio-cdda2t64:amd64 (10.2+2.0.1-1.1build2) ...
2026-10-08T22:39:47.8663759Z Selecting previously unselected package libcdio-paranoia2t64:amd64.
2026-10-08T22:39:47.8770777Z Preparing to unpack .../74-libcdio-paranoia2t64_10.2+2.0.1-1.1build2_amd64.deb ...
2026-10-08T22:39:47.8777329Z Unpacking libcdio-paranoia2t64:amd64 (10.2+2.0.1-1.1build2) ...
2026-10-08T22:39:47.8917901Z Selecting previously unselected package libdc1394-25:amd64.
2026-10-08T22:39:47.9020439Z Preparing to unpack .../75-libdc1394-25_2.2.6-4build1_amd64.deb ...
2026-10-08T22:39:47.9027087Z Unpacking libdc1394-25:amd64 (2.2.6-4build1) ...
2026-10-08T22:39:47.9173086Z Selecting previously unselected package libiec61883-0:amd64.
2026-10-08T22:39:47.9274309Z Preparing to unpack .../76-libiec61883-0_1.2.0-6build1_amd64.deb ...
2026-10-08T22:39:47.9282212Z Unpacking libiec61883-0:amd64 (1.2.0-6build1) ...
2026-10-08T22:39:47.9419010Z Selecting previously unselected package libjack-jackd2-0:amd64.
2026-10-08T22:39:47.9519894Z Preparing to unpack .../77-libjack-jackd2-0_1.9.21~dfsg-3ubuntu3_amd64.deb ...
2026-10-08T22:39:47.9529193Z Unpacking libjack-jackd2-0:amd64 (1.9.21~dfsg-3ubuntu3) ...
2026-10-08T22:39:47.9698413Z Selecting previously unselected package libopenal-data.
2026-10-08T22:39:47.9799799Z Preparing to unpack .../78-libopenal-data_1%3a1.23.1-4build1_all.deb ...
2026-10-08T22:39:47.9808939Z Unpacking libopenal-data (1:1.23.1-4build1) ...
2026-10-08T22:39:47.9966014Z Selecting previously unselected package libsndio7.0:amd64.
2026-10-08T22:39:48.0067649Z Preparing to unpack .../79-libsndio7.0_1.9.0-0.3build3_amd64.deb ...
2026-10-08T22:39:48.0098475Z Unpacking libsndio7.0:amd64 (1.9.0-0.3build3) ...
2026-10-08T22:39:48.0241909Z Selecting previously unselected package libopenal1:amd64.
2026-10-08T22:39:48.0341147Z Preparing to unpack .../80-libopenal1_1%3a1.23.1-4build1_amd64.deb ...
2026-10-08T22:39:48.0348874Z Unpacking libopenal1:amd64 (1:1.23.1-4build1) ...
2026-10-08T22:39:48.0587904Z Selecting previously unselected package libdecor-0-0:amd64.
2026-10-08T22:39:48.0687610Z Preparing to unpack .../81-libdecor-0-0_0.2.2-1build2_amd64.deb ...
2026-10-08T22:39:48.0695181Z Unpacking libdecor-0-0:amd64 (0.2.2-1build2) ...
2026-10-08T22:39:48.0845286Z Selecting previously unselected package libsdl2-2.0-0:amd64.
2026-10-08T22:39:48.0951187Z Preparing to unpack .../82-libsdl2-2.0-0_2.30.0+dfsg-1ubuntu3.1_amd64.deb ...
2026-10-08T22:39:48.0961493Z Unpacking libsdl2-2.0-0:amd64 (2.30.0+dfsg-1ubuntu3.1) ...
2026-10-08T22:39:48.1693242Z Selecting previously unselected package libxcb-shape0:amd64.
2026-10-08T22:39:48.1806279Z Preparing to unpack .../83-libxcb-shape0_1.15-1ubuntu2_amd64.deb ...
2026-10-08T22:39:48.1816175Z Unpacking libxcb-shape0:amd64 (1.15-1ubuntu2) ...
2026-10-08T22:39:48.1956460Z Selecting previously unselected package libxv1:amd64.
2026-10-08T22:39:48.2061802Z Preparing to unpack .../84-libxv1_2%3a1.0.11-1.1build1_amd64.deb ...
2026-10-08T22:39:48.2068280Z Unpacking libxv1:amd64 (2:1.0.11-1.1build1) ...
2026-10-08T22:39:48.2215243Z Selecting previously unselected package libavdevice60:amd64.
2026-10-08T22:39:48.2317412Z Preparing to unpack .../85-libavdevice60_7%3a6.1.1-3ubuntu5_amd64.deb ...
2026-10-08T22:39:48.2325388Z Unpacking libavdevice60:amd64 (7:6.1.1-3ubuntu5) ...
2026-10-08T22:39:48.2467195Z Selecting previously unselected package ffmpeg.
2026-10-08T22:39:48.2563852Z Preparing to unpack .../86-ffmpeg_7%3a6.1.1-3ubuntu5_amd64.deb ...
2026-10-08T22:39:48.2572142Z Unpacking ffmpeg (7:6.1.1-3ubuntu5) ...
2026-10-08T22:39:48.2864716Z Selecting previously unselected package libigdgmm12:amd64.
2026-10-08T22:39:48.2964158Z Preparing to unpack .../87-libigdgmm12_22.3.17+ds1-1ubuntu1_amd64.deb ...
2026-10-08T22:39:48.2971183Z Unpacking libigdgmm12:amd64 (22.3.17+ds1-1ubuntu1) ...
2026-10-08T22:39:48.3125992Z Selecting previously unselected package intel-media-va-driver:amd64.
2026-10-08T22:39:48.3228753Z Preparing to unpack .../88-intel-media-va-driver_24.1.0+dfsg1-1ubuntu0.2_amd64.deb ...
2026-10-08T22:39:48.3235108Z Unpacking intel-media-va-driver:amd64 (24.1.0+dfsg1-1ubuntu0.2) ...
2026-10-08T22:39:48.4309305Z Selecting previously unselected package libaacs0:amd64.
2026-10-08T22:39:48.4417357Z Preparing to unpack .../89-libaacs0_0.11.1-2build1_amd64.deb ...
2026-10-08T22:39:48.4428042Z Unpacking libaacs0:amd64 (0.11.1-2build1) ...
2026-10-08T22:39:48.4583150Z Selecting previously unselected package libbdplus0:amd64.
2026-10-08T22:39:48.4690587Z Preparing to unpack .../90-libbdplus0_0.2.0-3build1_amd64.deb ...
2026-10-08T22:39:48.4699886Z Unpacking libbdplus0:amd64 (0.2.0-3build1) ...
2026-10-08T22:39:48.4838389Z Selecting previously unselected package libdecor-0-plugin-1-gtk:amd64.
2026-10-08T22:39:48.4942735Z Preparing to unpack .../91-libdecor-0-plugin-1-gtk_0.2.2-1build2_amd64.deb ...
2026-10-08T22:39:48.4953962Z Unpacking libdecor-0-plugin-1-gtk:amd64 (0.2.2-1build2) ...
2026-10-08T22:39:48.5092170Z Selecting previously unselected package librsvg2-common:amd64.
2026-10-08T22:39:48.5193382Z Preparing to unpack .../92-librsvg2-common_2.58.0+dfsg-1ubuntu0.1_amd64.deb ...
2026-10-08T22:39:48.5218850Z Unpacking librsvg2-common:amd64 (2.58.0+dfsg-1ubuntu0.1) ...
2026-10-08T22:39:48.5372455Z Selecting previously unselected package mesa-va-drivers:amd64.
2026-10-08T22:39:48.5476531Z Preparing to unpack .../93-mesa-va-drivers_25.2.8-0ubuntu0.24.04.4_amd64.deb ...
2026-10-08T22:39:48.5489722Z Unpacking mesa-va-drivers:amd64 (25.2.8-0ubuntu0.24.04.4) ...
2026-10-08T22:39:48.5641219Z Selecting previously unselected package mesa-vdpau-drivers:amd64.
2026-10-08T22:39:48.5742421Z Preparing to unpack .../94-mesa-vdpau-drivers_25.2.8-0ubuntu0.24.04.4_amd64.deb ...
2026-10-08T22:39:48.5751157Z Unpacking mesa-vdpau-drivers:amd64 (25.2.8-0ubuntu0.24.04.4) ...
2026-10-08T22:39:48.5891758Z Selecting previously unselected package i965-va-driver:amd64.
2026-10-08T22:39:48.5992834Z Preparing to unpack .../95-i965-va-driver_2.4.1+dfsg1-1ubuntu0.2_amd64.deb ...
2026-10-08T22:39:48.6001563Z Unpacking i965-va-driver:amd64 (2.4.1+dfsg1-1ubuntu0.2) ...
2026-10-08T22:39:48.6184906Z Selecting previously unselected package va-driver-all:amd64.
2026-10-08T22:39:48.6286922Z Preparing to unpack .../96-va-driver-all_2.20.0-2ubuntu0.2_amd64.deb ...
2026-10-08T22:39:48.6293333Z Unpacking va-driver-all:amd64 (2.20.0-2ubuntu0.2) ...
2026-10-08T22:39:48.6429468Z Selecting previously unselected package vdpau-driver-all:amd64.
2026-10-08T22:39:48.6526695Z Preparing to unpack .../97-vdpau-driver-all_1.5-2build1_amd64.deb ...
2026-10-08T22:39:48.6538465Z Unpacking vdpau-driver-all:amd64 (1.5-2build1) ...
2026-10-08T22:39:48.6666991Z Selecting previously unselected package pocketsphinx-en-us.
2026-10-08T22:39:48.6764734Z Preparing to unpack .../98-pocketsphinx-en-us_0.8.0+real5prealpha+1-15ubuntu5_all.deb ...
2026-10-08T22:39:48.6772487Z Unpacking pocketsphinx-en-us (0.8.0+real5prealpha+1-15ubuntu5) ...
2026-10-08T22:39:48.9607155Z Setting up libgme0:amd64 (0.6.3-7build1) ...
2026-10-08T22:39:48.9629345Z Setting up libchromaprint1:amd64 (1.5.1-5) ...
2026-10-08T22:39:48.9647154Z Setting up libssh-gcrypt-4:amd64 (0.10.6-2ubuntu0.5) ...
2026-10-08T22:39:48.9664333Z Setting up libhwy1t64:amd64 (1.0.7-8.1build1) ...
2026-10-08T22:39:48.9682982Z Setting up libudfread0:amd64 (1.1.2-1build1) ...
2026-10-08T22:39:48.9700905Z Setting up libraw1394-11:amd64 (2.1.2-2build3) ...
2026-10-08T22:39:48.9719250Z Setting up libspeex1:amd64 (1.2.1-2ubuntu2.24.04.1) ...
2026-10-08T22:39:48.9737900Z Setting up libshine3:amd64 (3.1.1-2build1) ...
2026-10-08T22:39:48.9753380Z Setting up libcaca0:amd64 (0.99.beta20-4ubuntu0.2) ...
2026-10-08T22:39:48.9799160Z Setting up libvpl2 (2023.3.0-1build1) ...
2026-10-08T22:39:48.9817507Z Setting up libx264-164:amd64 (2:0.164.3108+git31e19f9-1) ...
2026-10-08T22:39:48.9833969Z Setting up libtwolame0:amd64 (0.4.0-2build3) ...
2026-10-08T22:39:48.9851367Z Setting up libmbedcrypto7t64:amd64 (2.28.8-1) ...
2026-10-08T22:39:48.9868333Z Setting up libgsm1:amd64 (1.0.22-1build1) ...
2026-10-08T22:39:48.9888753Z Setting up libsoxr0:amd64 (0.1.3-4build3) ...
2026-10-08T22:39:48.9905694Z Setting up libzix-0-0:amd64 (0.4.2-2build1) ...
2026-10-08T22:39:48.9922301Z Setting up libcodec2-1.2:amd64 (1.2.0-2build1) ...
2026-10-08T22:39:48.9941402Z Setting up libmysofa1:amd64 (1.3.2+dfsg-2ubuntu2) ...
2026-10-08T22:39:48.9956859Z Setting up libxcb-shape0:amd64 (1.15-1ubuntu2) ...
2026-10-08T22:39:48.9976696Z Setting up libcdio19t64:amd64 (2.1.0-4.1ubuntu1.2) ...
2026-10-08T22:39:48.9992013Z Setting up libsvtav1enc1d1:amd64 (1.7.0+dfsg-2build1) ...
2026-10-08T22:39:49.0007332Z Setting up libigdgmm12:amd64 (22.3.17+ds1-1ubuntu1) ...
2026-10-08T22:39:49.0026071Z Setting up libmpg123-0t64:amd64 (1.32.5-1ubuntu1.1) ...
2026-10-08T22:39:49.0041110Z Setting up libcjson1:amd64 (1.7.17-1) ...
2026-10-08T22:39:49.0067932Z Setting up libxvidcore4:amd64 (2:1.3.7-1build1) ...
2026-10-08T22:39:49.0084585Z Setting up librav1e0:amd64 (0.7.1-2) ...
2026-10-08T22:39:49.0101328Z Setting up libcdio-cdda2t64:amd64 (10.2+2.0.1-1.1build2) ...
2026-10-08T22:39:49.0119230Z Setting up librist4:amd64 (0.2.10+dfsg-2) ...
2026-10-08T22:39:49.0136769Z Setting up librsvg2-2:amd64 (2.58.0+dfsg-1ubuntu0.1) ...
2026-10-08T22:39:49.0152523Z Setting up libblas3:amd64 (3.12.0-3build1.1) ...
2026-10-08T22:39:49.0200046Z update-alternatives: using /usr/lib/x86_64-linux-gnu/blas/libblas.so.3 to provide /usr/lib/x86_64-linux-gnu/libblas.so.3 (libblas.so.3-x86_64-linux-gnu) in auto mode
2026-10-08T22:39:49.0212911Z Setting up libplacebo338:amd64 (6.338.2-2build1) ...
2026-10-08T22:39:49.0231198Z Setting up libva2:amd64 (2.20.0-2ubuntu0.2) ...
2026-10-08T22:39:49.0246411Z Setting up libopus0:amd64 (1.4-1build1) ...
2026-10-08T22:39:49.0264928Z Setting up libcdio-paranoia2t64:amd64 (10.2+2.0.1-1.1build2) ...
2026-10-08T22:39:49.0283696Z Setting up libdc1394-25:amd64 (2.2.6-4build1) ...
2026-10-08T22:39:49.0299992Z Setting up intel-media-va-driver:amd64 (24.1.0+dfsg1-1ubuntu0.2) ...
2026-10-08T22:39:49.0336219Z Setting up libxv1:amd64 (2:1.0.11-1.1build1) ...
2026-10-08T22:39:49.0353046Z Setting up libunibreak5:amd64 (5.1-2build1) ...
2026-10-08T22:39:49.0369311Z Setting up libaacs0:amd64 (0.11.1-2build1) ...
2026-10-08T22:39:49.0391487Z Setting up libjxl0.7:amd64 (0.7.0-10.2ubuntu6.1) ...
2026-10-08T22:39:49.0409248Z Setting up librsvg2-common:amd64 (2.58.0+dfsg-1ubuntu0.1) ...
2026-10-08T22:39:49.0514853Z Setting up pocketsphinx-en-us (0.8.0+real5prealpha+1-15ubuntu5) ...
2026-10-08T22:39:49.0531277Z Setting up libx265-199:amd64 (3.5-2build1) ...
2026-10-08T22:39:49.0550349Z Setting up libsndio7.0:amd64 (1.9.0-0.3build3) ...
2026-10-08T22:39:49.0569882Z Setting up libbdplus0:amd64 (0.2.0-3build1) ...
2026-10-08T22:39:49.0588252Z Setting up libvidstab1.1:amd64 (1.1.0-2build1) ...
2026-10-08T22:39:49.0607121Z Setting up libvpx9:amd64 (1.14.0-1ubuntu2.3) ...
2026-10-08T22:39:49.0623306Z Setting up libsrt1.5-gnutls:amd64 (1.5.3-1build2) ...
2026-10-08T22:39:49.0639790Z Setting up libflite1:amd64 (2.2-6build3) ...
2026-10-08T22:39:49.0678385Z Setting up libdav1d7:amd64 (1.4.1-1build1) ...
2026-10-08T22:39:49.0696503Z Setting up libva-drm2:amd64 (2.20.0-2ubuntu0.2) ...
2026-10-08T22:39:49.0717000Z Setting up ocl-icd-libopencl1:amd64 (2.3.2-1build1) ...
2026-10-08T22:39:49.0736447Z Setting up libasyncns0:amd64 (0.8-6build4) ...
2026-10-08T22:39:49.0753650Z Setting up libvdpau1:amd64 (1.5-2build1) ...
2026-10-08T22:39:49.0778844Z Setting up libbs2b0:amd64 (3.1.0+dfsg-7build1) ...
2026-10-08T22:39:49.0795303Z Setting up libtheora0:amd64 (1.1.1+dfsg.1-16.1build3) ...
2026-10-08T22:39:49.0817083Z Setting up libdecor-0-0:amd64 (0.2.2-1build2) ...
2026-10-08T22:39:49.0833901Z Setting up libzimg2:amd64 (3.0.5+ds1-1build1) ...
2026-10-08T22:39:49.0852212Z Setting up libopenal-data (1:1.23.1-4build1) ...
2026-10-08T22:39:49.0874078Z Setting up libflac12t64:amd64 (1.4.3+ds-2.1ubuntu2) ...
2026-10-08T22:39:49.0890019Z Setting up mesa-va-drivers:amd64 (25.2.8-0ubuntu0.24.04.4) ...
2026-10-08T22:39:49.0908514Z Setting up libbluray2:amd64 (1:1.3.4-1build1) ...
2026-10-08T22:39:49.0925702Z Setting up libsamplerate0:amd64 (0.2.2-4build1) ...
2026-10-08T22:39:49.0944290Z Setting up libva-x11-2:amd64 (2.20.0-2ubuntu0.2) ...
2026-10-08T22:39:49.0965510Z Setting up libdecor-0-plugin-1-gtk:amd64 (0.2.2-1build2) ...
2026-10-08T22:39:49.0982770Z Setting up libopenmpt0t64:amd64 (0.7.3-1.1build3) ...
2026-10-08T22:39:49.1001337Z Setting up libzvbi-common (0.2.42-2) ...
2026-10-08T22:39:49.1021623Z Setting up libmp3lame0:amd64 (3.100-6build1) ...
2026-10-08T22:39:49.1040682Z Setting up i965-va-driver:amd64 (2.4.1+dfsg1-1ubuntu0.2) ...
2026-10-08T22:39:49.1059032Z Setting up libvorbisenc2:amd64 (1.3.7-1build3) ...
2026-10-08T22:39:49.1082073Z Setting up libiec61883-0:amd64 (1.2.0-6build1) ...
2026-10-08T22:39:49.1100335Z Setting up libserd-0-0:amd64 (0.32.2-1) ...
2026-10-08T22:39:49.1118737Z Setting up libavc1394-0:amd64 (0.5.4-5build3) ...
2026-10-08T22:39:49.1136295Z Setting up mesa-vdpau-drivers:amd64 (25.2.8-0ubuntu0.24.04.4) ...
2026-10-08T22:39:49.1152513Z Setting up liblapack3:amd64 (3.12.0-3build1.1) ...
2026-10-08T22:39:49.1200179Z update-alternatives: using /usr/lib/x86_64-linux-gnu/lapack/liblapack.so.3 to provide /usr/lib/x86_64-linux-gnu/liblapack.so.3 (liblapack.so.3-x86_64-linux-gnu) in auto mode
2026-10-08T22:39:49.1212278Z Setting up libzvbi0t64:amd64 (0.2.42-2) ...
2026-10-08T22:39:49.1228407Z Setting up libavutil58:amd64 (7:6.1.1-3ubuntu5) ...
2026-10-08T22:39:49.1248433Z Setting up libopenal1:amd64 (1:1.23.1-4build1) ...
2026-10-08T22:39:49.1265716Z Setting up libass9:amd64 (1:0.17.1-2build1) ...
2026-10-08T22:39:49.1281157Z Setting up libswresample4:amd64 (7:6.1.1-3ubuntu5) ...
2026-10-08T22:39:49.1299881Z Setting up va-driver-all:amd64 (2.20.0-2ubuntu0.2) ...
2026-10-08T22:39:49.1317015Z Setting up libavcodec60:amd64 (7:6.1.1-3ubuntu5) ...
2026-10-08T22:39:49.1335327Z Setting up librubberband2:amd64 (3.3.0+dfsg-2build1) ...
2026-10-08T22:39:49.1711404Z Setting up libjack-jackd2-0:amd64 (1.9.21~dfsg-3ubuntu3) ...
2026-10-08T22:39:49.1727831Z Setting up vdpau-driver-all:amd64 (1.5-2build1) ...
2026-10-08T22:39:49.1743825Z Setting up libsord-0-0:amd64 (0.16.16-2build1) ...
2026-10-08T22:39:49.1761352Z Setting up libpostproc57:amd64 (7:6.1.1-3ubuntu5) ...
2026-10-08T22:39:49.1779721Z Setting up libsratom-0-0:amd64 (0.6.16-1build1) ...
2026-10-08T22:39:49.1798716Z Setting up libsndfile1:amd64 (1.2.2-1ubuntu5.24.04.1) ...
2026-10-08T22:39:49.1815942Z Setting up liblilv-0-0:amd64 (0.24.22-1build1) ...
2026-10-08T22:39:49.1832882Z Setting up libswscale7:amd64 (7:6.1.1-3ubuntu5) ...
2026-10-08T22:39:49.1852569Z Setting up libpulse0:amd64 (1:16.1+dfsg1-2ubuntu10.1) ...
2026-10-08T22:39:49.1920765Z Setting up libavformat60:amd64 (7:6.1.1-3ubuntu5) ...
2026-10-08T22:39:49.1939783Z Setting up libsphinxbase3t64:amd64 (0.8+5prealpha+1-17build2) ...
2026-10-08T22:39:49.1956702Z Setting up libsdl2-2.0-0:amd64 (2.30.0+dfsg-1ubuntu3.1) ...
2026-10-08T22:39:49.1980816Z Setting up libpocketsphinx3:amd64 (0.8.0+real5prealpha+1-15ubuntu5) ...
2026-10-08T22:39:49.2004197Z Setting up libavfilter9:amd64 (7:6.1.1-3ubuntu5) ...
2026-10-08T22:39:49.2020909Z Setting up libavdevice60:amd64 (7:6.1.1-3ubuntu5) ...
2026-10-08T22:39:49.2039816Z Setting up ffmpeg (7:6.1.1-3ubuntu5) ...
2026-10-08T22:39:49.2060999Z Processing triggers for man-db (2.12.0-4build2) ...
2026-10-08T22:39:49.2081818Z Not building database; man-db/auto-update is not 'true'.
2026-10-08T22:39:49.2096807Z Processing triggers for libgdk-pixbuf-2.0-0:amd64 (2.42.10+dfsg-3ubuntu3.3) ...
2026-10-08T22:39:49.2645569Z Processing triggers for libc-bin (2.39-0ubuntu8.9) ...
2026-10-08T22:39:49.9771623Z 
2026-10-08T22:39:49.9772543Z Running kernel seems to be up-to-date.
2026-10-08T22:39:49.9773045Z 
2026-10-08T22:39:49.9773372Z No services need to be restarted.
2026-10-08T22:39:49.9773713Z 
2026-10-08T22:39:49.9773908Z No containers need to be restarted.
2026-10-08T22:39:49.9774115Z 
2026-10-08T22:39:49.9774370Z No user sessions are running outdated binaries.
2026-10-08T22:39:49.9774871Z 
2026-10-08T22:39:49.9775173Z No VM guests are running outdated hypervisor (qemu) binaries on this host.
2026-10-08T22:39:50.7930451Z ffprobe version 6.1.1-3ubuntu5 Copyright (c) 2007-2023 the FFmpeg developers
2026-10-08T22:39:50.7931007Z built with gcc 13 (Ubuntu 13.2.0-23ubuntu3)
2026-10-08T22:39:50.7936074Z configuration: --prefix=/usr --extra-version=3ubuntu5 --toolchain=hardened --libdir=/usr/lib/x86_64-linux-gnu --incdir=/usr/include/x86_64-linux-gnu --arch=amd64 --enable-gpl --disable-stripping --disable-omx --enable-gnutls --enable-libaom --enable-libass --enable-libbs2b --enable-libcaca --enable-libcdio --enable-libcodec2 --enable-libdav1d --enable-libflite --enable-libfontconfig --enable-libfreetype --enable-libfribidi --enable-libglslang --enable-libgme --enable-libgsm --enable-libharfbuzz --enable-libmp3lame --enable-libmysofa --enable-libopenjpeg --enable-libopenmpt --enable-libopus --enable-librubberband --enable-libshine --enable-libsnappy --enable-libsoxr --enable-libspeex --enable-libtheora --enable-libtwolame --enable-libvidstab --enable-libvorbis --enable-libvpx --enable-libwebp --enable-libx265 --enable-libxml2 --enable-libxvid --enable-libzimg --enable-openal --enable-opencl --enable-opengl --disable-sndio --enable-libvpl --disable-libmfx --enable-libdc1394 --enable-libdrm --enable-libiec61883 --enable-chromaprint --enable-frei0r --enable-ladspa --enable-libbluray --enable-libjack --enable-libpulse --enable-librabbitmq --enable-librist --enable-libsrt --enable-libssh --enable-libsvtav1 --enable-libx264 --enable-libzmq --enable-libzvbi --enable-lv2 --enable-sdl2 --enable-libplacebo --enable-librav1e --enable-pocketsphinx --enable-librsvg --enable-libjxl --enable-shared
2026-10-08T22:39:50.7940236Z libavutil      58. 29.100 / 58. 29.100
2026-10-08T22:39:50.7940631Z libavcodec     60. 31.102 / 60. 31.102
2026-10-08T22:39:50.7940960Z libavformat    60. 16.100 / 60. 16.100
2026-10-08T22:39:50.7941319Z libavdevice    60.  3.100 / 60.  3.100
2026-10-08T22:39:50.7941705Z libavfilter     9. 12.100 /  9. 12.100
2026-10-08T22:39:50.7942054Z libswscale      7.  5.100 /  7.  5.100
2026-10-08T22:39:50.7942381Z libswresample   4. 12.100 /  4. 12.100
2026-10-08T22:39:50.7942742Z libpostproc    57.  3.100 / 57.  3.100
2026-10-08T22:39:50.8333743Z ffmpeg version 6.1.1-3ubuntu5 Copyright (c) 2000-2023 the FFmpeg developers
2026-10-08T22:39:50.8334466Z built with gcc 13 (Ubuntu 13.2.0-23ubuntu3)
2026-10-08T22:39:50.8339690Z configuration: --prefix=/usr --extra-version=3ubuntu5 --toolchain=hardened --libdir=/usr/lib/x86_64-linux-gnu --incdir=/usr/include/x86_64-linux-gnu --arch=amd64 --enable-gpl --disable-stripping --disable-omx --enable-gnutls --enable-libaom --enable-libass --enable-libbs2b --enable-libcaca --enable-libcdio --enable-libcodec2 --enable-libdav1d --enable-libflite --enable-libfontconfig --enable-libfreetype --enable-libfribidi --enable-libglslang --enable-libgme --enable-libgsm --enable-libharfbuzz --enable-libmp3lame --enable-libmysofa --enable-libopenjpeg --enable-libopenmpt --enable-libopus --enable-librubberband --enable-libshine --enable-libsnappy --enable-libsoxr --enable-libspeex --enable-libtheora --enable-libtwolame --enable-libvidstab --enable-libvorbis --enable-libvpx --enable-libwebp --enable-libx265 --enable-libxml2 --enable-libxvid --enable-libzimg --enable-openal --enable-opencl --enable-opengl --disable-sndio --enable-libvpl --disable-libmfx --enable-libdc1394 --enable-libdrm --enable-libiec61883 --enable-chromaprint --enable-frei0r --enable-ladspa --enable-libbluray --enable-libjack --enable-libpulse --enable-librabbitmq --enable-librist --enable-libsrt --enable-libssh --enable-libsvtav1 --enable-libx264 --enable-libzmq --enable-libzvbi --enable-lv2 --enable-sdl2 --enable-libplacebo --enable-librav1e --enable-pocketsphinx --enable-librsvg --enable-libjxl --enable-shared
2026-10-08T22:39:50.8343772Z libavutil      58. 29.100 / 58. 29.100
2026-10-08T22:39:50.8344176Z libavcodec     60. 31.102 / 60. 31.102
2026-10-08T22:39:50.8344559Z libavformat    60. 16.100 / 60. 16.100
2026-10-08T22:39:50.8345049Z libavdevice    60.  3.100 / 60.  3.100
2026-10-08T22:39:50.8345464Z libavfilter     9. 12.100 /  9. 12.100
2026-10-08T22:39:50.8345833Z libswscale      7.  5.100 /  7.  5.100
2026-10-08T22:39:50.8346187Z libswresample   4. 12.100 /  4. 12.100
2026-10-08T22:39:50.8346637Z libpostproc    57.  3.100 / 57.  3.100
2026-10-08T22:39:50.8385533Z ##[group]Run node --version
2026-10-08T22:39:50.8385912Z [36;1mnode --version[0m
2026-10-08T22:39:50.8386249Z [36;1mnproc[0m
2026-10-08T22:39:50.8386565Z [36;1mawk '/MemTotal/ { print }' /proc/meminfo[0m
2026-10-08T22:39:50.8386911Z [36;1mdf -Pk .[0m
2026-10-08T22:39:50.8424936Z shell: /usr/bin/bash -e {0}
2026-10-08T22:39:50.8425322Z env:
2026-10-08T22:39:50.8425704Z   G10_SOURCE_COMMIT: 9109bd50a9b851b68c97ae932f024f2911f6b54d
2026-10-08T22:39:50.8426103Z ##[endgroup]
2026-10-08T22:39:50.8509794Z v22.16.0
2026-10-08T22:39:50.8563633Z 4
2026-10-08T22:39:50.8578724Z MemTotal:       16372440 kB
2026-10-08T22:39:50.8595566Z Filesystem     1024-blocks     Used Available Capacity Mounted on
2026-10-08T22:39:50.8596375Z /dev/root        151263856 64344828  86902644      43% /
2026-10-08T22:39:50.8630232Z ##[group]Run npx playwright install --with-deps chromium
2026-10-08T22:39:50.8630685Z [36;1mnpx playwright install --with-deps chromium[0m
2026-10-08T22:39:50.8660896Z shell: /usr/bin/bash -e {0}
2026-10-08T22:39:50.8661213Z env:
2026-10-08T22:39:50.8661547Z   G10_SOURCE_COMMIT: 9109bd50a9b851b68c97ae932f024f2911f6b54d
2026-10-08T22:39:50.8661933Z ##[endgroup]
2026-10-08T22:39:51.4936046Z Installing dependencies...
2026-10-08T22:39:51.4981469Z Switching to root user to install dependencies...
2026-10-08T22:39:51.5401775Z Get:1 file:/etc/apt/apt-mirrors.txt Mirrorlist [139 B]
2026-10-08T22:39:51.5699358Z Hit:6 https://packages.microsoft.com/ubuntu/24.04/prod noble InRelease
2026-10-08T22:39:51.8614299Z Hit:2 https://archive.ubuntu.com/ubuntu noble InRelease
2026-10-08T22:39:51.9241393Z Hit:3 https://archive.ubuntu.com/ubuntu noble-updates InRelease
2026-10-08T22:39:51.9865303Z Hit:4 https://archive.ubuntu.com/ubuntu noble-backports InRelease
2026-10-08T22:39:52.0488339Z Hit:5 https://archive.ubuntu.com/ubuntu noble-security InRelease
2026-10-08T22:39:52.9169997Z Reading package lists...
2026-10-08T22:39:52.9398013Z Reading package lists...
2026-10-08T22:39:53.0874525Z Building dependency tree...
2026-10-08T22:39:53.0880774Z Reading state information...
2026-10-08T22:39:53.2319473Z libasound2t64 is already the newest version (1.2.11-1ubuntu0.3).
2026-10-08T22:39:53.2321053Z libasound2t64 set to manually installed.
2026-10-08T22:39:53.2322164Z libatk-bridge2.0-0t64 is already the newest version (2.52.0-1build1).
2026-10-08T22:39:53.2323173Z libatk-bridge2.0-0t64 set to manually installed.
2026-10-08T22:39:53.2324197Z libatk1.0-0t64 is already the newest version (2.52.0-1build1).
2026-10-08T22:39:53.2325012Z libatk1.0-0t64 set to manually installed.
2026-10-08T22:39:53.2325620Z libatspi2.0-0t64 is already the newest version (2.52.0-1build1).
2026-10-08T22:39:53.2326193Z libatspi2.0-0t64 set to manually installed.
2026-10-08T22:39:53.2326807Z libcairo2 is already the newest version (1.18.0-3build1).
2026-10-08T22:39:53.2327403Z libcairo2 set to manually installed.
2026-10-08T22:39:53.2328106Z libcups2t64 is already the newest version (2.4.7-1.2ubuntu7.14).
2026-10-08T22:39:53.2328782Z libcups2t64 set to manually installed.
2026-10-08T22:39:53.2329337Z libdbus-1-3 is already the newest version (1.14.10-4ubuntu4.1).
2026-10-08T22:39:53.2329968Z libdbus-1-3 set to manually installed.
2026-10-08T22:39:53.2330872Z libdrm2 is already the newest version (2.4.125-1ubuntu0.1~24.04.2).
2026-10-08T22:39:53.2331586Z libdrm2 set to manually installed.
2026-10-08T22:39:53.2332292Z libgbm1 is already the newest version (25.2.8-0ubuntu0.24.04.4).
2026-10-08T22:39:53.2332929Z libgbm1 set to manually installed.
2026-10-08T22:39:53.2333650Z libglib2.0-0t64 is already the newest version (2.80.0-6ubuntu3.9).
2026-10-08T22:39:53.2334318Z libglib2.0-0t64 set to manually installed.
2026-10-08T22:39:53.2335383Z libnspr4 is already the newest version (2:4.35-1.1build1).
2026-10-08T22:39:53.2336058Z libnspr4 set to manually installed.
2026-10-08T22:39:53.2336690Z libnss3 is already the newest version (2:3.98-1ubuntu0.2).
2026-10-08T22:39:53.2337365Z libnss3 set to manually installed.
2026-10-08T22:39:53.2338162Z libpango-1.0-0 is already the newest version (1.52.1+ds-1build1).
2026-10-08T22:39:53.2338794Z libpango-1.0-0 set to manually installed.
2026-10-08T22:39:53.2339455Z libx11-6 is already the newest version (2:1.8.7-1build1).
2026-10-08T22:39:53.2340051Z libx11-6 set to manually installed.
2026-10-08T22:39:53.2340616Z libxcb1 is already the newest version (1.15-1ubuntu2).
2026-10-08T22:39:53.2341189Z libxcb1 set to manually installed.
2026-10-08T22:39:53.2341798Z libxcomposite1 is already the newest version (1:0.4.5-1build3).
2026-10-08T22:39:53.2342361Z libxcomposite1 set to manually installed.
2026-10-08T22:39:53.2342994Z libxdamage1 is already the newest version (1:1.1.6-1build1).
2026-10-08T22:39:53.2343590Z libxdamage1 set to manually installed.
2026-10-08T22:39:53.2344449Z libxext6 is already the newest version (2:1.3.4-1build2).
2026-10-08T22:39:53.2345042Z libxext6 set to manually installed.
2026-10-08T22:39:53.2345657Z libxfixes3 is already the newest version (1:6.0.0-2build1).
2026-10-08T22:39:53.2346210Z libxfixes3 set to manually installed.
2026-10-08T22:39:53.2346955Z libxkbcommon0 is already the newest version (1.6.0-1build1).
2026-10-08T22:39:53.2347572Z libxkbcommon0 set to manually installed.
2026-10-08T22:39:53.2348398Z libxrandr2 is already the newest version (2:1.5.2-2build1).
2026-10-08T22:39:53.2348933Z libxrandr2 set to manually installed.
2026-10-08T22:39:53.2349396Z xvfb is already the newest version (2:21.1.12-1ubuntu1.8).
2026-10-08T22:39:53.2349997Z fonts-noto-color-emoji is already the newest version (2.047-0ubuntu0.24.04.1).
2026-10-08T22:39:53.2350684Z libfontconfig1 is already the newest version (2.15.0-1.1ubuntu2).
2026-10-08T22:39:53.2351318Z libfontconfig1 set to manually installed.
2026-10-08T22:39:53.2351917Z fonts-liberation is already the newest version (1:2.1.5-3).
2026-10-08T22:39:53.2352579Z fonts-liberation set to manually installed.
2026-10-08T22:39:53.2353150Z The following additional packages will be installed:
2026-10-08T22:39:53.2353644Z   xfonts-encodings xfonts-utils
2026-10-08T22:39:53.2354195Z Recommended packages:
2026-10-08T22:39:53.2354625Z   fonts-ipafont-mincho fonts-tlwg-loma
2026-10-08T22:39:53.2456273Z The following NEW packages will be installed:
2026-10-08T22:39:53.2457082Z   fonts-freefont-ttf fonts-ipafont-gothic fonts-tlwg-loma-otf fonts-unifont
2026-10-08T22:39:53.2462783Z   fonts-wqy-zenhei xfonts-cyrillic xfonts-encodings xfonts-scalable
2026-10-08T22:39:53.2463651Z   xfonts-utils
2026-10-08T22:39:53.2467486Z The following packages will be upgraded:
2026-10-08T22:39:53.2472421Z   libfreetype6
2026-10-08T22:39:53.2602858Z 1 upgraded, 9 newly installed, 0 to remove and 22 not upgraded.
2026-10-08T22:39:53.2603730Z Need to get 21.5 MB of archives.
2026-10-08T22:39:53.2604390Z After this operation, 79.5 MB of additional disk space will be used.
2026-10-08T22:39:53.2604946Z Get:1 file:/etc/apt/apt-mirrors.txt Mirrorlist [139 B]
2026-10-08T22:39:53.5775715Z Get:2 https://archive.ubuntu.com/ubuntu noble/universe amd64 fonts-ipafont-gothic all 00303-21ubuntu1 [3513 kB]
2026-10-08T22:39:54.4153221Z Get:3 https://archive.ubuntu.com/ubuntu noble/main amd64 fonts-freefont-ttf all 20211204+svn4273-2 [5641 kB]
2026-10-08T22:39:54.6313234Z Get:4 https://archive.ubuntu.com/ubuntu noble/universe amd64 fonts-tlwg-loma-otf all 1:0.7.3-1 [107 kB]
2026-10-08T22:39:54.6945830Z Get:5 https://archive.ubuntu.com/ubuntu noble/universe amd64 fonts-unifont all 1:15.1.01-1build1 [2993 kB]
2026-10-08T22:39:54.7831714Z Get:6 https://archive.ubuntu.com/ubuntu noble/universe amd64 fonts-wqy-zenhei all 0.9.45-8 [7472 kB]
2026-10-08T22:39:54.9360601Z Get:7 https://archive.ubuntu.com/ubuntu noble-updates/main amd64 libfreetype6 amd64 2.13.2+dfsg-1ubuntu0.2 [403 kB]
2026-10-08T22:39:55.0019309Z Get:8 https://archive.ubuntu.com/ubuntu noble/main amd64 xfonts-encodings all 1:1.0.5-0ubuntu2 [578 kB]
2026-10-08T22:39:55.0683001Z Get:9 https://archive.ubuntu.com/ubuntu noble/main amd64 xfonts-utils amd64 1:7.7+6build3 [94.4 kB]
2026-10-08T22:39:55.1316559Z Get:10 https://archive.ubuntu.com/ubuntu noble/universe amd64 xfonts-cyrillic all 1:1.0.5+nmu1 [384 kB]
2026-10-08T22:39:55.1966957Z Get:11 https://archive.ubuntu.com/ubuntu noble/main amd64 xfonts-scalable all 1:1.0.3-1.3 [304 kB]
2026-10-08T22:39:55.4209559Z Fetched 21.5 MB in 2s (11.0 MB/s)
2026-10-08T22:39:55.4412175Z Selecting previously unselected package fonts-ipafont-gothic.
2026-10-08T22:39:55.4443866Z (Reading database ... 
2026-10-08T22:39:55.4444353Z (Reading database ... 5%
2026-10-08T22:39:55.4445079Z (Reading database ... 10%
2026-10-08T22:39:55.4445498Z (Reading database ... 15%
2026-10-08T22:39:55.4446067Z (Reading database ... 20%
2026-10-08T22:39:55.4446600Z (Reading database ... 25%
2026-10-08T22:39:55.4447145Z (Reading database ... 30%
2026-10-08T22:39:55.4447640Z (Reading database ... 35%
2026-10-08T22:39:55.4448559Z (Reading database ... 40%
2026-10-08T22:39:55.4449050Z (Reading database ... 45%
2026-10-08T22:39:55.4449347Z (Reading database ... 50%
2026-10-08T22:39:55.4468604Z (Reading database ... 55%
2026-10-08T22:39:55.4558040Z (Reading database ... 60%
2026-10-08T22:39:55.4579327Z (Reading database ... 65%
2026-10-08T22:39:55.4595589Z (Reading database ... 70%
2026-10-08T22:39:55.4628712Z (Reading database ... 75%
2026-10-08T22:39:55.4653022Z (Reading database ... 80%
2026-10-08T22:39:55.4779438Z (Reading database ... 85%
2026-10-08T22:39:55.4978883Z (Reading database ... 90%
2026-10-08T22:39:55.5052204Z (Reading database ... 95%
2026-10-08T22:39:55.5052615Z (Reading database ... 100%
2026-10-08T22:39:55.5053089Z (Reading database ... 203905 files and directories currently installed.)
2026-10-08T22:39:55.5091365Z Preparing to unpack .../0-fonts-ipafont-gothic_00303-21ubuntu1_all.deb ...
2026-10-08T22:39:55.5153071Z Unpacking fonts-ipafont-gothic (00303-21ubuntu1) ...
2026-10-08T22:39:55.7741098Z Selecting previously unselected package fonts-freefont-ttf.
2026-10-08T22:39:55.7848224Z Preparing to unpack .../1-fonts-freefont-ttf_20211204+svn4273-2_all.deb ...
2026-10-08T22:39:55.7856792Z Unpacking fonts-freefont-ttf (20211204+svn4273-2) ...
2026-10-08T22:39:55.8699769Z Selecting previously unselected package fonts-tlwg-loma-otf.
2026-10-08T22:39:55.8809002Z Preparing to unpack .../2-fonts-tlwg-loma-otf_1%3a0.7.3-1_all.deb ...
2026-10-08T22:39:55.8818586Z Unpacking fonts-tlwg-loma-otf (1:0.7.3-1) ...
2026-10-08T22:39:55.8967358Z Selecting previously unselected package fonts-unifont.
2026-10-08T22:39:55.9075197Z Preparing to unpack .../3-fonts-unifont_1%3a15.1.01-1build1_all.deb ...
2026-10-08T22:39:55.9082895Z Unpacking fonts-unifont (1:15.1.01-1build1) ...
2026-10-08T22:39:56.0952926Z Selecting previously unselected package fonts-wqy-zenhei.
2026-10-08T22:39:56.1059876Z Preparing to unpack .../4-fonts-wqy-zenhei_0.9.45-8_all.deb ...
2026-10-08T22:39:56.1133235Z Unpacking fonts-wqy-zenhei (0.9.45-8) ...
2026-10-08T22:39:56.6232793Z Preparing to unpack .../5-libfreetype6_2.13.2+dfsg-1ubuntu0.2_amd64.deb ...
2026-10-08T22:39:56.6269184Z Unpacking libfreetype6:amd64 (2.13.2+dfsg-1ubuntu0.2) over (2.13.2+dfsg-1ubuntu0.1) ...
2026-10-08T22:39:56.6468355Z Selecting previously unselected package xfonts-encodings.
2026-10-08T22:39:56.6581763Z Preparing to unpack .../6-xfonts-encodings_1%3a1.0.5-0ubuntu2_all.deb ...
2026-10-08T22:39:56.6591010Z Unpacking xfonts-encodings (1:1.0.5-0ubuntu2) ...
2026-10-08T22:39:56.6772203Z Selecting previously unselected package xfonts-utils.
2026-10-08T22:39:56.6881472Z Preparing to unpack .../7-xfonts-utils_1%3a7.7+6build3_amd64.deb ...
2026-10-08T22:39:56.6890994Z Unpacking xfonts-utils (1:7.7+6build3) ...
2026-10-08T22:39:56.7112303Z Selecting previously unselected package xfonts-cyrillic.
2026-10-08T22:39:56.7223857Z Preparing to unpack .../8-xfonts-cyrillic_1%3a1.0.5+nmu1_all.deb ...
2026-10-08T22:39:56.7239627Z Unpacking xfonts-cyrillic (1:1.0.5+nmu1) ...
2026-10-08T22:39:56.7451712Z Selecting previously unselected package xfonts-scalable.
2026-10-08T22:39:56.7562963Z Preparing to unpack .../9-xfonts-scalable_1%3a1.0.3-1.3_all.deb ...
2026-10-08T22:39:56.7572273Z Unpacking xfonts-scalable (1:1.0.3-1.3) ...
2026-10-08T22:39:56.7927976Z Setting up fonts-wqy-zenhei (0.9.45-8) ...
2026-10-08T22:39:56.8032121Z Setting up fonts-freefont-ttf (20211204+svn4273-2) ...
2026-10-08T22:39:56.8054803Z Setting up fonts-tlwg-loma-otf (1:0.7.3-1) ...
2026-10-08T22:39:56.8080231Z Setting up libfreetype6:amd64 (2.13.2+dfsg-1ubuntu0.2) ...
2026-10-08T22:39:56.8100214Z Setting up xfonts-encodings (1:1.0.5-0ubuntu2) ...
2026-10-08T22:39:56.8120962Z Setting up fonts-ipafont-gothic (00303-21ubuntu1) ...
2026-10-08T22:39:56.8176083Z update-alternatives: using /usr/share/fonts/opentype/ipafont-gothic/ipag.ttf to provide /usr/share/fonts/truetype/fonts-japanese-gothic.ttf (fonts-japanese-gothic.ttf) in auto mode
2026-10-08T22:39:56.8193807Z Setting up fonts-unifont (1:15.1.01-1build1) ...
2026-10-08T22:39:56.8211364Z Setting up xfonts-utils (1:7.7+6build3) ...
2026-10-08T22:39:56.8249821Z Setting up xfonts-cyrillic (1:1.0.5+nmu1) ...
2026-10-08T22:39:56.8476294Z Setting up xfonts-scalable (1:1.0.3-1.3) ...
2026-10-08T22:39:56.8683280Z Processing triggers for libc-bin (2.39-0ubuntu8.9) ...
2026-10-08T22:39:56.8803465Z Processing triggers for man-db (2.12.0-4build2) ...
2026-10-08T22:39:56.8816501Z Not building database; man-db/auto-update is not 'true'.
2026-10-08T22:39:56.8832286Z Processing triggers for fontconfig (2.15.0-1.1ubuntu2) ...
2026-10-08T22:39:57.3591853Z 
2026-10-08T22:39:57.3592880Z Running kernel seems to be up-to-date.
2026-10-08T22:39:57.3593229Z 
2026-10-08T22:39:57.3593499Z Restarting services...
2026-10-08T22:39:57.4052619Z  systemctl restart php8.3-fpm.service
2026-10-08T22:39:57.5056795Z 
2026-10-08T22:39:57.5058048Z No containers need to be restarted.
2026-10-08T22:39:57.5058593Z 
2026-10-08T22:39:57.5059050Z No user sessions are running outdated binaries.
2026-10-08T22:39:57.5059444Z 
2026-10-08T22:39:57.5059970Z No VM guests are running outdated hypervisor (qemu) binaries on this host.
2026-10-08T22:39:58.2875797Z Downloading Chromium 141.0.7390.37 (playwright build v1194) from https://cdn.playwright.dev/dbazure/download/playwright/builds/chromium/1194/chromium-linux.zip
2026-10-08T22:39:58.4735034Z |                                                                                |   0% of 173.9 MiB
2026-10-08T22:39:58.6133823Z |■■■■■■■■                                                                        |  10% of 173.9 MiB
2026-10-08T22:39:58.6685225Z |■■■■■■■■■■■■■■■■                                                                |  20% of 173.9 MiB
2026-10-08T22:39:58.7178148Z |■■■■■■■■■■■■■■■■■■■■■■■■                                                        |  30% of 173.9 MiB
2026-10-08T22:39:58.7543325Z |■■■■■■■■■■■■■■■■■■■■■■■■■■■■■■■■                                                |  40% of 173.9 MiB
2026-10-08T22:39:58.7917645Z |■■■■■■■■■■■■■■■■■■■■■■■■■■■■■■■■■■■■■■■■                                        |  50% of 173.9 MiB
2026-10-08T22:39:58.8269687Z |■■■■■■■■■■■■■■■■■■■■■■■■■■■■■■■■■■■■■■■■■■■■■■■■                                |  60% of 173.9 MiB
2026-10-08T22:39:58.8642219Z |■■■■■■■■■■■■■■■■■■■■■■■■■■■■■■■■■■■■■■■■■■■■■■■■■■■■■■■■                        |  70% of 173.9 MiB
2026-10-08T22:39:58.9122908Z |■■■■■■■■■■■■■■■■■■■■■■■■■■■■■■■■■■■■■■■■■■■■■■■■■■■■■■■■■■■■■■■■                |  80% of 173.9 MiB
2026-10-08T22:39:58.9473568Z |■■■■■■■■■■■■■■■■■■■■■■■■■■■■■■■■■■■■■■■■■■■■■■■■■■■■■■■■■■■■■■■■■■■■■■■■        |  90% of 173.9 MiB
2026-10-08T22:39:58.9806943Z |■■■■■■■■■■■■■■■■■■■■■■■■■■■■■■■■■■■■■■■■■■■■■■■■■■■■■■■■■■■■■■■■■■■■■■■■■■■■■■■■| 100% of 173.9 MiB
2026-10-08T22:40:02.2416504Z Chromium 141.0.7390.37 (playwright build v1194) downloaded to /home/runner/.cache/ms-playwright/chromium-1194
2026-10-08T22:40:02.2420723Z Downloading FFMPEG playwright build v1011 from https://cdn.playwright.dev/dbazure/download/playwright/builds/ffmpeg/1011/ffmpeg-linux.zip
2026-10-08T22:40:02.3925426Z |                                                                                |   0% of 2.3 MiB
2026-10-08T22:40:02.4158735Z |■■■■■■■■                                                                        |  10% of 2.3 MiB
2026-10-08T22:40:02.4263762Z |■■■■■■■■■■■■■■■■                                                                |  20% of 2.3 MiB
2026-10-08T22:40:02.4335016Z |■■■■■■■■■■■■■■■■■■■■■■■■                                                        |  30% of 2.3 MiB
2026-10-08T22:40:02.4409837Z |■■■■■■■■■■■■■■■■■■■■■■■■■■■■■■■■                                                |  40% of 2.3 MiB
2026-10-08T22:40:02.4430404Z |■■■■■■■■■■■■■■■■■■■■■■■■■■■■■■■■■■■■■■■■                                        |  50% of 2.3 MiB
2026-10-08T22:40:02.4499691Z |■■■■■■■■■■■■■■■■■■■■■■■■■■■■■■■■■■■■■■■■■■■■■■■■                                |  60% of 2.3 MiB
2026-10-08T22:40:02.4512017Z |■■■■■■■■■■■■■■■■■■■■■■■■■■■■■■■■■■■■■■■■■■■■■■■■■■■■■■■■                        |  70% of 2.3 MiB
2026-10-08T22:40:02.4522230Z |■■■■■■■■■■■■■■■■■■■■■■■■■■■■■■■■■■■■■■■■■■■■■■■■■■■■■■■■■■■■■■■■                |  80% of 2.3 MiB
2026-10-08T22:40:02.4581405Z |■■■■■■■■■■■■■■■■■■■■■■■■■■■■■■■■■■■■■■■■■■■■■■■■■■■■■■■■■■■■■■■■■■■■■■■■        |  90% of 2.3 MiB
2026-10-08T22:40:02.4596724Z |■■■■■■■■■■■■■■■■■■■■■■■■■■■■■■■■■■■■■■■■■■■■■■■■■■■■■■■■■■■■■■■■■■■■■■■■■■■■■■■■| 100% of 2.3 MiB
2026-10-08T22:40:02.5090435Z FFMPEG playwright build v1011 downloaded to /home/runner/.cache/ms-playwright/ffmpeg-1011
2026-10-08T22:40:02.5093645Z Downloading Chromium Headless Shell 141.0.7390.37 (playwright build v1194) from https://cdn.playwright.dev/dbazure/download/playwright/builds/chromium/1194/chromium-headless-shell-linux.zip
2026-10-08T22:40:02.6640391Z |                                                                                |   0% of 104.3 MiB
2026-10-08T22:40:02.7937474Z |■■■■■■■■                                                                        |  10% of 104.3 MiB
2026-10-08T22:40:02.8386308Z |■■■■■■■■■■■■■■■■                                                                |  20% of 104.3 MiB
2026-10-08T22:40:02.8717945Z |■■■■■■■■■■■■■■■■■■■■■■■■                                                        |  30% of 104.3 MiB
2026-10-08T22:40:02.9026800Z |■■■■■■■■■■■■■■■■■■■■■■■■■■■■■■■■                                                |  40% of 104.3 MiB
2026-10-08T22:40:02.9354712Z |■■■■■■■■■■■■■■■■■■■■■■■■■■■■■■■■■■■■■■■■                                        |  50% of 104.3 MiB
2026-10-08T22:40:02.9594977Z |■■■■■■■■■■■■■■■■■■■■■■■■■■■■■■■■■■■■■■■■■■■■■■■■                                |  60% of 104.3 MiB
2026-10-08T22:40:02.9818983Z |■■■■■■■■■■■■■■■■■■■■■■■■■■■■■■■■■■■■■■■■■■■■■■■■■■■■■■■■                        |  70% of 104.3 MiB
2026-10-08T22:40:03.0119423Z |■■■■■■■■■■■■■■■■■■■■■■■■■■■■■■■■■■■■■■■■■■■■■■■■■■■■■■■■■■■■■■■■                |  80% of 104.3 MiB
2026-10-08T22:40:03.0367120Z |■■■■■■■■■■■■■■■■■■■■■■■■■■■■■■■■■■■■■■■■■■■■■■■■■■■■■■■■■■■■■■■■■■■■■■■■        |  90% of 104.3 MiB
2026-10-08T22:40:03.0670159Z |■■■■■■■■■■■■■■■■■■■■■■■■■■■■■■■■■■■■■■■■■■■■■■■■■■■■■■■■■■■■■■■■■■■■■■■■■■■■■■■■| 100% of 104.3 MiB
2026-10-08T22:40:04.7188986Z Chromium Headless Shell 141.0.7390.37 (playwright build v1194) downloaded to /home/runner/.cache/ms-playwright/chromium_headless_shell-1194
2026-10-08T22:40:04.7819683Z ##[group]Run set -o pipefail
2026-10-08T22:40:04.7820129Z [36;1mset -o pipefail[0m
2026-10-08T22:40:04.7820582Z [36;1mnode scripts/check.mjs --stage 'browser' 2>&1 | tee '.work-stage-browser.stdout'[0m
2026-10-08T22:40:04.7856997Z shell: /usr/bin/bash -e {0}
2026-10-08T22:40:04.7857429Z env:
2026-10-08T22:40:04.7857860Z   G10_SOURCE_COMMIT: 9109bd50a9b851b68c97ae932f024f2911f6b54d
2026-10-08T22:40:04.7858384Z ##[endgroup]
2026-10-08T22:40:04.8904112Z 
2026-10-08T22:40:04.8904729Z > partybox-g10-checkers@1.0.0 build
2026-10-08T22:40:04.8905290Z > tsc --noEmit && node scripts/build.mjs
2026-10-08T22:40:04.8905498Z 
2026-10-08T22:40:17.6081980Z PASS: complete offline single-page game written to /home/runner/work/partybox-game-cores/partybox-game-cores/jobs/G10-checkers/.work/play.html; original six-piece data is read in bounded blocks.
2026-10-08T22:40:35.2095948Z PASS: checksums, authoritative schemas/manifest, pure core source, fixed corpus provenance, original offline page (delivery execution gates explicitly excluded).
2026-10-08T22:42:21.4266869Z {"evidenceVersion":1,"runId":"95558776-b6dc-4e73-bee5-6007d425c261","sourceGuardsBefore":{"../../contract/constants.ts":"27cdd23112ea03f344457e6f6e6b5839ff536ebeadbba189751520353aa085ef","../../contract/contract.ts":"c0f999c153074769c99c67ab2a71ad66c879e45e834713f3367b2bde4a1873d5","../../contract/minigame-schema.ts":"2438655eeb8ca658543b475070e6fb3ccb3947f154f57caa3f619c87853c9bbb","../../contract/package.json":"ec1418bc79e3563ed63d2aebfbb0cb039529f6dc1ac0e8e6d61f790cb065f495","../../contract/player-count-schema.ts":"0748d9d9bcf795d0693c37a0f369b262fd8801dec9ab1e4a9a4f5ec23751a189","../../contract/rng.ts":"7cfcf3024723607e8dd1ce6ccc5683a48d71fcc617947304cc5b9f6d3d7842fe","data/chinook/DB6.bin":"baee42a2b49390edd96e5a751189366275619c941d79021f3ca45774c3e7071f","data/chinook/DB6.idx":"10cb5cfc2a8c67e18c322563c17ceef0adeac87786a16c767c4616e9a574f4fd","data/chinook/LICENSE.txt":"8ed5c1393322801ac395d3e6c9d8e8f4b18bcca9e41f7b8cdf312f33be242a2d","data/chinook/manifest.json":"90f1970372040946f299660c33ded627fe574c7fa2d52be168e7b16c391d55d0","data/endgames.json":"edb5d87a27caa83945e2a5587418fa6f246fb30dd3823652871a598272e0075d","data/international/BOOST-LICENSE.txt":"c9bff75738922193e67fa726fa225535870d2aa1059f91452c411736284ad566","data/international/db2.bin":"305a1e7eabb4bab13577774009592e1614ddf8a4efe334d6fe3cb8221000b4ed","data/international/db2.idx":"9622e861c67ea250396b384bb95fec00fd541964c3109bdc1b27ae7aae1f73f2","data/international/db3.bin":"9dd9170657b11b5e18e0a2d54b6475d9cfd2cf821c6f9e4e9ba78bdf130e10aa","data/international/db3.idx":"84862531a87da451037c3c1087b5c082c293ff508ffb447adbc8b7e020fa7aaa","data/international/db4.bin":"14e5a8fa159c33a2d7ca01538ca4cd088222c2f204a6b6ef174ffcebd28c72aa","data/international/db4.idx":"4514098c3a0fe91fb98ea1950eb53558f94017ed4c6553d10f117c94348e393e","data/international/db5.bin":"b3e65f71d2c801a68fe8928f62e32c40266f7d8ae4e5ab99b643805b1ace2e02","data/international/db5.idx":"4a94297121f50feca73beaea7ab10622942194d2b5c098d1c30c5cbe5b78715a","data/international/LICENSE.md":"34055034c8caa4d7637c91adc11f28229cea6a097c9b9d2610318cb66e1ef6cc","data/international/manifest.json":"6cc33b38df4f1f2b1ea79fa7fcbe11972976986828e7adee28934b4ad3921a04","data/international/six/db6-0303.000.chunk":"75d63f54a4aefbb6a29871ac2c96fe8064239630c141c79298c99ede5af7bfae","data/international/six/db6-0303.idx":"9f6e7dddd055eb1234cc79750e749c9b2ef49bdf410d7761a0a27f76dc606b04","data/international/six/db6-0312.000.chunk":"a65ac7e0daf00efcb905cec95900ce8fe7c7afda3d242a693a229b2584fcdd89","data/international/six/db6-0312.idx":"9df486596addc03a3454c242a25198c35f0a371dbd0055ca1ad777bff28bc43a","data/international/six/db6-0321.000.chunk":"4f4af0182c39c3646128b9e17d2b283196e8cb4441452b4a01e9c2532e4b6b53","data/international/six/db6-0321.001.chunk":"b8d62083255a57d82395b04eddf6cf735700f3ead646b526fc9882bace3a0e40","data/international/six/db6-0321.idx":"af4c2df56553f4386223b11ad75e7ad4f5c26625be854d52b1e6f8760d8c3bee","data/international/six/db6-0330.000.chunk":"de1dfc76776fe69bf25a7e64b4f1800c17b196f7e9cf2258cb792f51d17fd5c1","data/international/six/db6-0330.idx":"ce6bba6b659d289f3823a0221a5927fe0cbdf313af052cadfbfe0259791590ca","data/international/six/db6-0402.000.chunk":"9508c060e20d0f01da854b4cd4e018f634241b5abb90e73ece71bd4ca69c2517","data/international/six/db6-0402.idx":"096c6e3b12ecf960f7012878baec51d00f1cafda9880d2b29128b21cb3821485","data/international/six/db6-0411.000.chunk":"d3a9300cbe73b288d4d897d20434b6f4373166f58cc69328043a835efbf03247","data/international/six/db6-0411.idx":"1c92044e7b38d59c1485a0b064ed22e5b685346a0d62ac8fce74c3d6d5130cf0","data/international/six/db6-0420.000.chunk":"26162642d1c3439d6e3abcef8c1a210857b371607d82a1714cb99a47ad803a6e","data/international/six/db6-0420.idx":"4d47ac027225d63cf773a0f5fe9258c5e5f3b3670b04de677bc0a10399e3a56d","data/international/six/db6-0501.000.chunk":"82881a78d8a5052037911bc0e1d33231fd1dce64f283fd5f53bb297c26e60221","data/international/six/db6-0501.idx":"d29f8d532adce5f2ba9befd66ae47413b3e91e0666b891c1f08b8b0c7eb4ea10","data/international/six/db6-0510.000.chunk":"28f286c57a29bac59c095d9efdbd2cd87ee648416a0d4e85099bd8c192bc8383","data/international/six/db6-0510.idx":"356a04a2d92ce1c614671b5e246d4c74215c55728480d79d24065252b1e3689a","data/international/six/db6-1212.000.chunk":"5f8cc263773a36546efb0af5e5f6e4bdb4bbd497a50bf00e477aec30e478923f","data/international/six/db6-1212.001.chunk":"578a53681f654ca3463c205428c02a2812751af0fc83aabb26912573bfeabf79","data/international/six/db6-1212.idx":"62c58abb6f24f8280d0f2b0d99cf2e78c85e4a8b8a37da142fdafce33911db7a","data/international/six/db6-1221.000.chunk":"acc65c6b904a669302b3f1dacf917f44852baa3febb2d33379ecdb9153dfd898","data/international/six/db6-1221.001.chunk":"44b31af46ccd5df50c10eea39107f33244be8d98ea39300c2ef739173573f775","data/international/six/db6-1221.002.chunk":"471ec101d7053b0029059f4ce617ffb88512a7d08d86f2be7e170abc29e8c2e9","data/international/six/db6-1221.003.chunk":"67460687baa048e40deaf19e4168f3fd644a9ffaad0475a02a7c65462a249738","data/international/six/db6-1221.idx":"893f2a20b42eb9b6a437b2a4c79635190b1b7d8303d67c2c6048ad762b654072","data/international/six/db6-1230.000.chunk":"45e595ea9c3279d783cf4632762912554f98103bb24fd3712ea5cd371ae077c6","data/international/six/db6-1230.001.chunk":"86282c8af312b2ee4e8a8c36a228ccd72b5a81ae7bd9e03ed86e63c92ba386cb","data/international/six/db6-1230.idx":"56f9a806af26475371ea04d7230e2316e6ce8206ea14fe28628b646ac5415d37","data/international/six/db6-1302.000.chunk":"a0bde8399fecc594fe8ad84b953018c2fd3796805de67f5361982b244027413f","data/international/six/db6-1302.001.chunk":"7398a50ae97329727420dca59b959f28ed295dbdd59e6dd54fb54d88554decfa","data/international/six/db6-1302.idx":"fc695c254e053157a79dfd22c287fcde716e887ba4a0e5765cc27be221efd7ab","data/international/six/db6-1311.000.chunk":"eac5625451bccbdee80bb5d98c1ae8b7d9dc7bcd218240d543e04ec76d692a36","data/international/six/db6-1311.001.chunk":"cc9e1d6f56f80b7f6fe73d30a878bd2c7e9be3cea795d0c64e2847976e57d88b","data/international/six/db6-1311.002.chunk":"33eb6b6262f6d2b248c2772ab41277231e227a0024007db766ae48edc31e7c6a","data/international/six/db6-1311.003.chunk":"d59c08b053c2d047da4cb9f793c9bcb905c689b0ada2108569428639f20eb107","data/international/six/db6-1311.idx":"824155526e1423c28dfc5a9e6ce803006fcdaabe5c5dcb72f52e4e0b29eb634a","data/international/six/db6-1320.000.chunk":"d37c461f883e519b95482bf38863e22c5cf71e3d4d26da2758aa06d8c5a69c1d","data/international/six/db6-1320.idx":"d9787b34307105c715e7b1f7cd463398386f5bdfa4d863fdee92af34b1dbf334","data/international/six/db6-1401.000.chunk":"45bb9b0339452bab7a464741003a168e43178944b286320b1eb70eb15458d17e","data/international/six/db6-1401.idx":"36c748d544a0d108e25f26a748f107ced6045229854dc0ec5cbabf39dccfd078","data/international/six/db6-1410.000.chunk":"6f3110cbbe9f88c12a01a7779b2034df76cc065e7767d153f17fd9d90efead51","data/international/six/db6-1410.idx":"f7a26d77bd12fb29b4d8492481e56c5c692a2c280062cc9518728882acd65890","data/international/six/db6-2121.000.chunk":"2b0d462e7d6f4e9188dec28fac5b91df1d93b655bd6f381e01dc7f82426dc742","data/international/six/db6-2121.001.chunk":"dd308ec8c23cb58e50f3be495b79934782cc3624036f88272a8526c87e6cd1f9","data/international/six/db6-2121.idx":"f3c643c2ac5d25da70b71339bc23d9c452e00244bd29562fd424b6a84ca3ad40","data/international/six/db6-2130.000.chunk":"320904de62832a1c6c9054c7650c61f10dd181da2e9b1b04aa86d2977656fde7","data/international/six/db6-2130.001.chunk":"a96061fbe9ec9d57d2edd5773fbd89145aafc7e5a5845c81bc58c5ecab63d2d6","data/international/six/db6-2130.idx":"9d6ed91ef56e08a1b98ee184839d9a880198c141aba47005a13587c572342a50","data/international/six/db6-2202.000.chunk":"43057f23a613a28f06bc9cd465b7ed44cf887dfe50e7001b7d1ef473cdbfd4b2","data/international/six/db6-2202.001.chunk":"585615fed0ec078a94e0ac32e3d52ac4d16b3eb7375663ff30d45e1293b3d44a","data/international/six/db6-2202.idx":"bae2e2b0a9709d4b46e397efdcdf322b2d461c492f221eb11f0638b2eb5951ec","data/international/six/db6-2211.000.chunk":"11dd5e990995f60597ec46e5f37a79429b072d11cf7353322dd95f7058c6d1ed","data/international/six/db6-2211.001.chunk":"8142e6725e68cefe12a42a8a8530a52182e9f44a2b85cb5ded48e445bc85bd7f","data/international/six/db6-2211.002.chunk":"c4d38e79e79b87802b26eded2a7c364946fea4d95450d35f10d7dcce343a8c69","data/international/six/db6-2211.003.chunk":"20b4af2d5329d20ebb3075c8cb31878935c15512cc2808546418879729f79402","data/international/six/db6-2211.004.chunk":"a4367099cfdacac510225de250b300e8fed1ba70d4438e14b311b7c796501089","data/international/six/db6-2211.005.chunk":"19b3a66dbf1497e2e455732a0f7ffb927c9e577f56c75419716439f524e9d514","data/international/six/db6-2211.006.chunk":"8bd6bc5bd76720a95a312bd8c6bae30701a6e99be19886e16126ca6abc3b2a7e","data/international/six/db6-2211.idx":"a525a93cfb7ccef53dce68366382a0c8764af216568b02b045edd8bd1230012a","data/international/six/db6-2220.000.chunk":"e1af2d5283389f43c81708a249e3c0b9968ed4aa322ac0bca48ca1ccc5d4dd7c","data/international/six/db6-2220.idx":"e3f4b23066c9f91d4a0f43984cbea7c01817d6a0e25c3705c7fb8327eb8a31a6","data/international/six/db6-2301.000.chunk":"0b6489a374a7680cb6697f2e78d0261558c15e5f6c629279b84f760cc5e2d4e4","data/international/six/db6-2301.idx":"fdcbc2bd251bf3b73822bd0e2b92cb8791deaa009bd2ab8730a25e3395ce7726","data/international/six/db6-2310.000.chunk":"13ae77b5d13ad94678dab0cfb4ca74f4db89190371eacc10bd92cadf10eb350f","data/international/six/db6-2310.idx":"1f8ece0f98423c4b9213ab41a2eec40fe32679fe71268bce240714d1b7896cda","data/international/six/db6-3030.000.chunk":"cecd125dd3e9f0e1fa8f42abd0d51c9b3f679839db56a60b50b380e764302569","data/international/six/db6-3030.idx":"c41521d134874aaa3151b4595373caf3a91afc0aea9e249c0d722612c0370a82","data/international/six/db6-3102.000.chunk":"c90c2e7384f00811e0445f566d7aa7243e861b65c71791df05f3679c1e6080c1","data/international/six/db6-3102.idx":"f0161e4b20319d077c04ae0e4607ac81a7b50315ea72ff456494b00072dac06d","data/international/six/db6-3111.000.chunk":"e62bab91ea59dbef862261975d320585d13f83fbaf709c7d686e0a085b594576","data/international/six/db6-3111.001.chunk":"49c653dccca0ad25d6c3e858f8dd55e540dfb48d6cee1dba749214d8d12b129b","data/international/six/db6-3111.002.chunk":"f3e3f75261fe41cc65d1ee5c3e4c391c5945e96c7635c091e384ed10d253043c","data/international/six/db6-3111.003.chunk":"5c6f451ee293fea2955580ac6717a2aeb991c58693c1f9a0aa5f7107c506d075","data/international/six/db6-3111.004.chunk":"53e58423b9d85e32bbb2eb3552df28124d5172ca983c214738558e7cf543234d","data/international/six/db6-3111.005.chunk":"6fa72cec7f0dcd4a79458b766c04f2fbbc3eeb1804f8ab8f1a3d546c1d0c04df","data/international/six/db6-3111.idx":"552cea6807e5de8bdaaa7430e48429d2876663c1c13bf8a80438ec3fc11222db","data/international/six/db6-3120.000.chunk":"4849d82cf6c7978ef034fc98ef90951d041b740fd79510c67f902a447061a5d2","data/international/six/db6-3120.idx":"b5243e519c0a2fb6f513062094758a95306e9144a48c7a555a79ed1887780c86","data/international/six/db6-3201.000.chunk":"8d899206c06202a55395530df8eab92bbd29b879e1310c0b704bdd26d1131772","data/international/six/db6-3201.idx":"f9b27e6e4cee762ed97a568b8f32673b1bfe5c22a64d0c5b47b7a18f39749958","data/international/six/db6-3210.000.chunk":"f829ad406b3b2b1f45e1ac30bc0e43440ce2b808025c27d3bfff2f704edeffb4","data/international/six/db6-3210.idx":"ab335ebeed4f38b97ad72512c77a84aa1a7a5b5d63f00278d205e9386b07c3be","data/international/six/db6-4002.000.chunk":"1f810fcb514771696b8b44d264a552607de2068b0595e165ee1b337f691d2530","data/international/six/db6-4002.idx":"7813f455b5b0225444c95e3424c3f30414373dae0cc6065d9b3e7bd07c304c67","data/international/six/db6-4011.000.chunk":"4e9176f2619ef1c62e5cbc5cb1e3ca7a0c45035148e4fb526eefc1266e1e7e38","data/international/six/db6-4011.idx":"84ad8d66b8560bdcf7a999b867381f36d93ee7724cf89d5abda8020ff9658e2d","data/international/six/db6-4020.000.chunk":"c1b0099c29929bd38f39e02b805bfa395e8b058bc73b3710bf6112efc2a56413","data/international/six/db6-4020.idx":"ed46094e80d77e4f27bdae4fe5678903eac0d72ff11bfbf0addf2d84205b7acd","data/international/six/db6-4101.000.chunk":"84e48039e29063ac53bb53f825c070190c6d424d91e41b3c6b8a5712d99dc07a","data/international/six/db6-4101.idx":"5b89058e3c8e2d225b5f80560b27f8001e42d648b410a616165747f2dc2f2a1b","data/international/six/db6-4110.000.chunk":"271c7e822c1a87b1a01c50a0705040d4e22f6f1a6850ba2baf547b09019a9e9c","data/international/six/db6-4110.idx":"99d0d61cfa656d9c84500f41892c66fbe9d24ebd96b873e63d8b3a3315a0fa78","data/international/six/db6-5001.000.chunk":"abb0af9db0c77accee65b836150e0eeed6c24d79d1c552ff21c9f1825e3846cf","data/international/six/db6-5001.idx":"3316a344e28cc3115daf8ed5d0dbf7f66dc57cafc39262172026d7efea6aab76","data/international/six/db6-5010.000.chunk":"b842fd58f936f742947a84e4587ba88fbc656ffa85371e2e75f57b79af612c5b","data/international/six/db6-5010.idx":"bd8c7a7853c0528d92799fbad5a1344a1ae4e7478598c9c82171afccef8cee41","data/international/six/manifest.json":"6532df5af4306b1b6b16723155b756faacef549bcc8292ccbf0e7663a707a28c","data/international/tunstall-v2.bin":"92fa921a410c270c3126811dc2d8af22e1691aedaaf0d020ee01adbe572d26a9","dist/corpus-pack.json":"6d570320bbb75d898f29cf6fe6c93faef556899cfa0be0a6a33e8cdd862b4cb9","dist/worker-american.mjs":"950c58445422dbd59898195a526ad4fc113d832dac49381fe49f2ea624b91175","dist/worker-international.mjs":"31d06dd836dd1567391b3c5051f8dc53a7904e833887b045be19354f70ae1ee2","LICENSE":"e65a07d64c485ec9ffc4f7af9bd03035e365d9cf6bd3f12151f94139ffa86421","manifest.json":"909e9ec620b946f1e5612e47f837ae4aa2701252bebf2f32d08af756a8514385","node_modules/zod/LICENSE":"3f1189b28e3866e0d979968d466b78f813f76827cfdca1fbb124cc0a5c8841f8","package-lock.json":"90e25862b9c85f01add8441dcfd1071b62d753ecdacb5bfeb1e830de52257c28","package.json":"d96d42f89bfa40bdb6ccf8f10adbec4cd59dff814e78d94bb136598b96631c66","scripts/browser-check.mjs":"ed17d67724ef0ea6af4142413b7b0130a6ee054d5653741ad6bd057b5c2443bb","scripts/browser-evidence-controls.mjs":"1355cbe8f4e12c0e8c76989abab0db6244436cbde77c893de833c329dd0fd38f","scripts/browser-evidence.mjs":"7c9a8c3c478f18535d42b49e48c815c59e82e8617de76560c473ee82a889586b","scripts/build.mjs":"d6ab129ec1f993805226a13a23bed6186c82c1047f4049fea2886a9207048c43","scripts/check.mjs":"d064d3b7b10d6186b0ecc7f3d9081d0c0936740c358ebc67ca98789be836ebc7","scripts/corpus-pack.mjs":"e5f4915f6bb14b3c6d437276091203557efff8df13caeee85970a45e38392cba","scripts/integrity.mjs":"a0049c52b21e0494a48e1b61012c1d8f3838e5fc939187e905f3a479d060d2f0","src/bot-worker.ts":"eba2ca17afbccf6bcf06c20eb8d2aa776a3157112c2ec3db922933a39c78d653","src/bots.ts":"450791148c7bb7c6c3d74dfa732917f51472c127abf2d32b9436376de3acc219","src/browser.ts":"dc29bcf9d10189bf92983344854970dcfb54b3366c25558d695d04e72e39dcdf","src/chinook-corpus.ts":"d38d8fc850c1d27d0e5d4b883bd87798278761a16ad5973dc78b3b3b867e08c8","src/chinook.ts":"97310193de9dda474899a027d3519bbd536db9ee2a6ca6530a7e218f7fe5f32a","src/core.ts":"516f8b970c8cd1298882b76b8e61552f74464ea4224207c304f436e2e3532c6b","src/draws.ts":"e256daaef8fb43b498e8adcb71a77451c55aa9b1c24fc0a44bc36ee613dda4d1","src/endgame.ts":"f9f6cea20233c09dbd4cc3cf1337300ecc0cd5b833674e94baa193d04db98821","src/international-corpus.ts":"356c00f5c25642a9393e73e16306f0e02bb31e10818e0cdcfd99e26534b84a8a","src/international-indexes.ts":"fb56f60992bbbb589bd4069d565672aba4f5a61227a5380a874e6001ee991625","src/international-search.ts":"67b4ba228bfbf4e122c65c3619a0d529be07a3e3423f1ad5c51227d5f99962ee","src/international-six-data.ts":"08566eb9e7c6d7b324ac3a26f72edf86f8b22634361ec052d099bdab88e851d6","src/international-six-indexes.ts":"641218fe08800d06c9ec0b592cbac46978cd0d64249cff4f32b32eff77797c99","src/international.ts":"832f0dc95b0d8ac14e61af29914796df3128856c1617dbd8c8c24d20319b21ce","src/moves.ts":"d4ea90d730fb1add4f3d8fb98401fb9030a3e1e5ab83eb209b4a7839bd0044e1","src/play.template.html":"2d0345f395daa04b5bbe7153b4045bd2b553d28f0deaeaa689ad4aedc559dcef","src/retrograde.ts":"62ac9082dd82914f4a39e29d448b2e2defb03d2292090a110d747545052eca03","src/schema.ts":"416cb6ea418a0c71eb31e4cf8452bb16fbf455d23bd338a0326a76c22e0670ee","src/types.ts":"079cd5dbb2e20329bf386c3f506c3009534d2afce98804a1a999a239fe1cb16a","THIRD-PARTY-LICENSES.txt":"872acef306116e979ae43e6f20df09f3b040019ebbbcb2070d229f0ab5fe52f6","tsconfig.json":"fcc94a699ca26c01b4f9c4422dd4e5ab6811420993f5af01d9c6659549cd257c"},"command":"node scripts/browser-check.mjs","htmlPath":"/home/runner/work/partybox-game-cores/partybox-game-cores/jobs/G10-checkers/.work/play.html","htmlBytes":1390845993,"loadTimeoutMs":300000,"sourceSha256":"5ed2173b7264574565dd29ff14773236cac5a00833bf75df3de9e64a66451801","profiles":[{"name":"desktop","width":1920,"height":1080,"throttle":1,"loadMs":7750.7889620000005,"checks":15,"frameResults":[{"variant":"american","frames":600,"meanFps":60.00240009600385,"p99Ms":16.80000000000291},{"variant":"international","frames":600,"meanFps":60.002400096003825,"p99Ms":16.80000000000291}],"pageErrorCount":0,"httpRequestCount":0,"pageErrors":[],"httpRequests":[]},{"name":"phone","width":390,"height":844,"throttle":4,"loadMs":32428.114674999997,"checks":15,"frameResults":[{"variant":"american","frames":600,"meanFps":60.00319216982343,"p99Ms":16.80000000000291},{"variant":"international","frames":600,"meanFps":60.00279613029967,"p99Ms":16.80000000000291}],"pageErrorCount":0,"httpRequestCount":0,"pageErrors":[],"httpRequests":[]}],"capture":false,"functionalOnly":false,"frameVariants":["american","international"],"sourceGuardsAfter":{"../../contract/constants.ts":"27cdd23112ea03f344457e6f6e6b5839ff536ebeadbba189751520353aa085ef","../../contract/contract.ts":"c0f999c153074769c99c67ab2a71ad66c879e45e834713f3367b2bde4a1873d5","../../contract/minigame-schema.ts":"2438655eeb8ca658543b475070e6fb3ccb3947f154f57caa3f619c87853c9bbb","../../contract/package.json":"ec1418bc79e3563ed63d2aebfbb0cb039529f6dc1ac0e8e6d61f790cb065f495","../../contract/player-count-schema.ts":"0748d9d9bcf795d0693c37a0f369b262fd8801dec9ab1e4a9a4f5ec23751a189","../../contract/rng.ts":"7cfcf3024723607e8dd1ce6ccc5683a48d71fcc617947304cc5b9f6d3d7842fe","data/chinook/DB6.bin":"baee42a2b49390edd96e5a751189366275619c941d79021f3ca45774c3e7071f","data/chinook/DB6.idx":"10cb5cfc2a8c67e18c322563c17ceef0adeac87786a16c767c4616e9a574f4fd","data/chinook/LICENSE.txt":"8ed5c1393322801ac395d3e6c9d8e8f4b18bcca9e41f7b8cdf312f33be242a2d","data/chinook/manifest.json":"90f1970372040946f299660c33ded627fe574c7fa2d52be168e7b16c391d55d0","data/endgames.json":"edb5d87a27caa83945e2a5587418fa6f246fb30dd3823652871a598272e0075d","data/international/BOOST-LICENSE.txt":"c9bff75738922193e67fa726fa225535870d2aa1059f91452c411736284ad566","data/international/db2.bin":"305a1e7eabb4bab13577774009592e1614ddf8a4efe334d6fe3cb8221000b4ed","data/international/db2.idx":"9622e861c67ea250396b384bb95fec00fd541964c3109bdc1b27ae7aae1f73f2","data/international/db3.bin":"9dd9170657b11b5e18e0a2d54b6475d9cfd2cf821c6f9e4e9ba78bdf130e10aa","data/international/db3.idx":"84862531a87da451037c3c1087b5c082c293ff508ffb447adbc8b7e020fa7aaa","data/international/db4.bin":"14e5a8fa159c33a2d7ca01538ca4cd088222c2f204a6b6ef174ffcebd28c72aa","data/international/db4.idx":"4514098c3a0fe91fb98ea1950eb53558f94017ed4c6553d10f117c94348e393e","data/international/db5.bin":"b3e65f71d2c801a68fe8928f62e32c40266f7d8ae4e5ab99b643805b1ace2e02","data/international/db5.idx":"4a94297121f50feca73beaea7ab10622942194d2b5c098d1c30c5cbe5b78715a","data/international/LICENSE.md":"34055034c8caa4d7637c91adc11f28229cea6a097c9b9d2610318cb66e1ef6cc","data/international/manifest.json":"6cc33b38df4f1f2b1ea79fa7fcbe11972976986828e7adee28934b4ad3921a04","data/international/six/db6-0303.000.chunk":"75d63f54a4aefbb6a29871ac2c96fe8064239630c141c79298c99ede5af7bfae","data/international/six/db6-0303.idx":"9f6e7dddd055eb1234cc79750e749c9b2ef49bdf410d7761a0a27f76dc606b04","data/international/six/db6-0312.000.chunk":"a65ac7e0daf00efcb905cec95900ce8fe7c7afda3d242a693a229b2584fcdd89","data/international/six/db6-0312.idx":"9df486596addc03a3454c242a25198c35f0a371dbd0055ca1ad777bff28bc43a","data/international/six/db6-0321.000.chunk":"4f4af0182c39c3646128b9e17d2b283196e8cb4441452b4a01e9c2532e4b6b53","data/international/six/db6-0321.001.chunk":"b8d62083255a57d82395b04eddf6cf735700f3ead646b526fc9882bace3a0e40","data/international/six/db6-0321.idx":"af4c2df56553f4386223b11ad75e7ad4f5c26625be854d52b1e6f8760d8c3bee","data/international/six/db6-0330.000.chunk":"de1dfc76776fe69bf25a7e64b4f1800c17b196f7e9cf2258cb792f51d17fd5c1","data/international/six/db6-0330.idx":"ce6bba6b659d289f3823a0221a5927fe0cbdf313af052cadfbfe0259791590ca","data/international/six/db6-0402.000.chunk":"9508c060e20d0f01da854b4cd4e018f634241b5abb90e73ece71bd4ca69c2517","data/international/six/db6-0402.idx":"096c6e3b12ecf960f7012878baec51d00f1cafda9880d2b29128b21cb3821485","data/international/six/db6-0411.000.chunk":"d3a9300cbe73b288d4d897d20434b6f4373166f58cc69328043a835efbf03247","data/international/six/db6-0411.idx":"1c92044e7b38d59c1485a0b064ed22e5b685346a0d62ac8fce74c3d6d5130cf0","data/international/six/db6-0420.000.chunk":"26162642d1c3439d6e3abcef8c1a210857b371607d82a1714cb99a47ad803a6e","data/international/six/db6-0420.idx":"4d47ac027225d63cf773a0f5fe9258c5e5f3b3670b04de677bc0a10399e3a56d","data/international/six/db6-0501.000.chunk":"82881a78d8a5052037911bc0e1d33231fd1dce64f283fd5f53bb297c26e60221","data/international/six/db6-0501.idx":"d29f8d532adce5f2ba9befd66ae47413b3e91e0666b891c1f08b8b0c7eb4ea10","data/international/six/db6-0510.000.chunk":"28f286c57a29bac59c095d9efdbd2cd87ee648416a0d4e85099bd8c192bc8383","data/international/six/db6-0510.idx":"356a04a2d92ce1c614671b5e246d4c74215c55728480d79d24065252b1e3689a","data/international/six/db6-1212.000.chunk":"5f8cc263773a36546efb0af5e5f6e4bdb4bbd497a50bf00e477aec30e478923f","data/international/six/db6-1212.001.chunk":"578a53681f654ca3463c205428c02a2812751af0fc83aabb26912573bfeabf79","data/international/six/db6-1212.idx":"62c58abb6f24f8280d0f2b0d99cf2e78c85e4a8b8a37da142fdafce33911db7a","data/international/six/db6-1221.000.chunk":"acc65c6b904a669302b3f1dacf917f44852baa3febb2d33379ecdb9153dfd898","data/international/six/db6-1221.001.chunk":"44b31af46ccd5df50c10eea39107f33244be8d98ea39300c2ef739173573f775","data/international/six/db6-1221.002.chunk":"471ec101d7053b0029059f4ce617ffb88512a7d08d86f2be7e170abc29e8c2e9","data/international/six/db6-1221.003.chunk":"67460687baa048e40deaf19e4168f3fd644a9ffaad0475a02a7c65462a249738","data/international/six/db6-1221.idx":"893f2a20b42eb9b6a437b2a4c79635190b1b7d8303d67c2c6048ad762b654072","data/international/six/db6-1230.000.chunk":"45e595ea9c3279d783cf4632762912554f98103bb24fd3712ea5cd371ae077c6","data/international/six/db6-1230.001.chunk":"86282c8af312b2ee4e8a8c36a228ccd72b5a81ae7bd9e03ed86e63c92ba386cb","data/international/six/db6-1230.idx":"56f9a806af26475371ea04d7230e2316e6ce8206ea14fe28628b646ac5415d37","data/international/six/db6-1302.000.chunk":"a0bde8399fecc594fe8ad84b953018c2fd3796805de67f5361982b244027413f","data/international/six/db6-1302.001.chunk":"7398a50ae97329727420dca59b959f28ed295dbdd59e6dd54fb54d88554decfa","data/international/six/db6-1302.idx":"fc695c254e053157a79dfd22c287fcde716e887ba4a0e5765cc27be221efd7ab","data/international/six/db6-1311.000.chunk":"eac5625451bccbdee80bb5d98c1ae8b7d9dc7bcd218240d543e04ec76d692a36","data/international/six/db6-1311.001.chunk":"cc9e1d6f56f80b7f6fe73d30a878bd2c7e9be3cea795d0c64e2847976e57d88b","data/international/six/db6-1311.002.chunk":"33eb6b6262f6d2b248c2772ab41277231e227a0024007db766ae48edc31e7c6a","data/international/six/db6-1311.003.chunk":"d59c08b053c2d047da4cb9f793c9bcb905c689b0ada2108569428639f20eb107","data/international/six/db6-1311.idx":"824155526e1423c28dfc5a9e6ce803006fcdaabe5c5dcb72f52e4e0b29eb634a","data/international/six/db6-1320.000.chunk":"d37c461f883e519b95482bf38863e22c5cf71e3d4d26da2758aa06d8c5a69c1d","data/international/six/db6-1320.idx":"d9787b34307105c715e7b1f7cd463398386f5bdfa4d863fdee92af34b1dbf334","data/international/six/db6-1401.000.chunk":"45bb9b0339452bab7a464741003a168e43178944b286320b1eb70eb15458d17e","data/international/six/db6-1401.idx":"36c748d544a0d108e25f26a748f107ced6045229854dc0ec5cbabf39dccfd078","data/international/six/db6-1410.000.chunk":"6f3110cbbe9f88c12a01a7779b2034df76cc065e7767d153f17fd9d90efead51","data/international/six/db6-1410.idx":"f7a26d77bd12fb29b4d8492481e56c5c692a2c280062cc9518728882acd65890","data/international/six/db6-2121.000.chunk":"2b0d462e7d6f4e9188dec28fac5b91df1d93b655bd6f381e01dc7f82426dc742","data/international/six/db6-2121.001.chunk":"dd308ec8c23cb58e50f3be495b79934782cc3624036f88272a8526c87e6cd1f9","data/international/six/db6-2121.idx":"f3c643c2ac5d25da70b71339bc23d9c452e00244bd29562fd424b6a84ca3ad40","data/international/six/db6-2130.000.chunk":"320904de62832a1c6c9054c7650c61f10dd181da2e9b1b04aa86d2977656fde7","data/international/six/db6-2130.001.chunk":"a96061fbe9ec9d57d2edd5773fbd89145aafc7e5a5845c81bc58c5ecab63d2d6","data/international/six/db6-2130.idx":"9d6ed91ef56e08a1b98ee184839d9a880198c141aba47005a13587c572342a50","data/international/six/db6-2202.000.chunk":"43057f23a613a28f06bc9cd465b7ed44cf887dfe50e7001b7d1ef473cdbfd4b2","data/international/six/db6-2202.001.chunk":"585615fed0ec078a94e0ac32e3d52ac4d16b3eb7375663ff30d45e1293b3d44a","data/international/six/db6-2202.idx":"bae2e2b0a9709d4b46e397efdcdf322b2d461c492f221eb11f0638b2eb5951ec","data/international/six/db6-2211.000.chunk":"11dd5e990995f60597ec46e5f37a79429b072d11cf7353322dd95f7058c6d1ed","data/international/six/db6-2211.001.chunk":"8142e6725e68cefe12a42a8a8530a52182e9f44a2b85cb5ded48e445bc85bd7f","data/international/six/db6-2211.002.chunk":"c4d38e79e79b87802b26eded2a7c364946fea4d95450d35f10d7dcce343a8c69","data/international/six/db6-2211.003.chunk":"20b4af2d5329d20ebb3075c8cb31878935c15512cc2808546418879729f79402","data/international/six/db6-2211.004.chunk":"a4367099cfdacac510225de250b300e8fed1ba70d4438e14b311b7c796501089","data/international/six/db6-2211.005.chunk":"19b3a66dbf1497e2e455732a0f7ffb927c9e577f56c75419716439f524e9d514","data/international/six/db6-2211.006.chunk":"8bd6bc5bd76720a95a312bd8c6bae30701a6e99be19886e16126ca6abc3b2a7e","data/international/six/db6-2211.idx":"a525a93cfb7ccef53dce68366382a0c8764af216568b02b045edd8bd1230012a","data/international/six/db6-2220.000.chunk":"e1af2d5283389f43c81708a249e3c0b9968ed4aa322ac0bca48ca1ccc5d4dd7c","data/international/six/db6-2220.idx":"e3f4b23066c9f91d4a0f43984cbea7c01817d6a0e25c3705c7fb8327eb8a31a6","data/international/six/db6-2301.000.chunk":"0b6489a374a7680cb6697f2e78d0261558c15e5f6c629279b84f760cc5e2d4e4","data/international/six/db6-2301.idx":"fdcbc2bd251bf3b73822bd0e2b92cb8791deaa009bd2ab8730a25e3395ce7726","data/international/six/db6-2310.000.chunk":"13ae77b5d13ad94678dab0cfb4ca74f4db89190371eacc10bd92cadf10eb350f","data/international/six/db6-2310.idx":"1f8ece0f98423c4b9213ab41a2eec40fe32679fe71268bce240714d1b7896cda","data/international/six/db6-3030.000.chunk":"cecd125dd3e9f0e1fa8f42abd0d51c9b3f679839db56a60b50b380e764302569","data/international/six/db6-3030.idx":"c41521d134874aaa3151b4595373caf3a91afc0aea9e249c0d722612c0370a82","data/international/six/db6-3102.000.chunk":"c90c2e7384f00811e0445f566d7aa7243e861b65c71791df05f3679c1e6080c1","data/international/six/db6-3102.idx":"f0161e4b20319d077c04ae0e4607ac81a7b50315ea72ff456494b00072dac06d","data/international/six/db6-3111.000.chunk":"e62bab91ea59dbef862261975d320585d13f83fbaf709c7d686e0a085b594576","data/international/six/db6-3111.001.chunk":"49c653dccca0ad25d6c3e858f8dd55e540dfb48d6cee1dba749214d8d12b129b","data/international/six/db6-3111.002.chunk":"f3e3f75261fe41cc65d1ee5c3e4c391c5945e96c7635c091e384ed10d253043c","data/international/six/db6-3111.003.chunk":"5c6f451ee293fea2955580ac6717a2aeb991c58693c1f9a0aa5f7107c506d075","data/international/six/db6-3111.004.chunk":"53e58423b9d85e32bbb2eb3552df28124d5172ca983c214738558e7cf543234d","data/international/six/db6-3111.005.chunk":"6fa72cec7f0dcd4a79458b766c04f2fbbc3eeb1804f8ab8f1a3d546c1d0c04df","data/international/six/db6-3111.idx":"552cea6807e5de8bdaaa7430e48429d2876663c1c13bf8a80438ec3fc11222db","data/international/six/db6-3120.000.chunk":"4849d82cf6c7978ef034fc98ef90951d041b740fd79510c67f902a447061a5d2","data/international/six/db6-3120.idx":"b5243e519c0a2fb6f513062094758a95306e9144a48c7a555a79ed1887780c86","data/international/six/db6-3201.000.chunk":"8d899206c06202a55395530df8eab92bbd29b879e1310c0b704bdd26d1131772","data/international/six/db6-3201.idx":"f9b27e6e4cee762ed97a568b8f32673b1bfe5c22a64d0c5b47b7a18f39749958","data/international/six/db6-3210.000.chunk":"f829ad406b3b2b1f45e1ac30bc0e43440ce2b808025c27d3bfff2f704edeffb4","data/international/six/db6-3210.idx":"ab335ebeed4f38b97ad72512c77a84aa1a7a5b5d63f00278d205e9386b07c3be","data/international/six/db6-4002.000.chunk":"1f810fcb514771696b8b44d264a552607de2068b0595e165ee1b337f691d2530","data/international/six/db6-4002.idx":"7813f455b5b0225444c95e3424c3f30414373dae0cc6065d9b3e7bd07c304c67","data/international/six/db6-4011.000.chunk":"4e9176f2619ef1c62e5cbc5cb1e3ca7a0c45035148e4fb526eefc1266e1e7e38","data/international/six/db6-4011.idx":"84ad8d66b8560bdcf7a999b867381f36d93ee7724cf89d5abda8020ff9658e2d","data/international/six/db6-4020.000.chunk":"c1b0099c29929bd38f39e02b805bfa395e8b058bc73b3710bf6112efc2a56413","data/international/six/db6-4020.idx":"ed46094e80d77e4f27bdae4fe5678903eac0d72ff11bfbf0addf2d84205b7acd","data/international/six/db6-4101.000.chunk":"84e48039e29063ac53bb53f825c070190c6d424d91e41b3c6b8a5712d99dc07a","data/international/six/db6-4101.idx":"5b89058e3c8e2d225b5f80560b27f8001e42d648b410a616165747f2dc2f2a1b","data/international/six/db6-4110.000.chunk":"271c7e822c1a87b1a01c50a0705040d4e22f6f1a6850ba2baf547b09019a9e9c","data/international/six/db6-4110.idx":"99d0d61cfa656d9c84500f41892c66fbe9d24ebd96b873e63d8b3a3315a0fa78","data/international/six/db6-5001.000.chunk":"abb0af9db0c77accee65b836150e0eeed6c24d79d1c552ff21c9f1825e3846cf","data/international/six/db6-5001.idx":"3316a344e28cc3115daf8ed5d0dbf7f66dc57cafc39262172026d7efea6aab76","data/international/six/db6-5010.000.chunk":"b842fd58f936f742947a84e4587ba88fbc656ffa85371e2e75f57b79af612c5b","data/international/six/db6-5010.idx":"bd8c7a7853c0528d92799fbad5a1344a1ae4e7478598c9c82171afccef8cee41","data/international/six/manifest.json":"6532df5af4306b1b6b16723155b756faacef549bcc8292ccbf0e7663a707a28c","data/international/tunstall-v2.bin":"92fa921a410c270c3126811dc2d8af22e1691aedaaf0d020ee01adbe572d26a9","dist/corpus-pack.json":"6d570320bbb75d898f29cf6fe6c93faef556899cfa0be0a6a33e8cdd862b4cb9","dist/worker-american.mjs":"950c58445422dbd59898195a526ad4fc113d832dac49381fe49f2ea624b91175","dist/worker-international.mjs":"31d06dd836dd1567391b3c5051f8dc53a7904e833887b045be19354f70ae1ee2","LICENSE":"e65a07d64c485ec9ffc4f7af9bd03035e365d9cf6bd3f12151f94139ffa86421","manifest.json":"909e9ec620b946f1e5612e47f837ae4aa2701252bebf2f32d08af756a8514385","node_modules/zod/LICENSE":"3f1189b28e3866e0d979968d466b78f813f76827cfdca1fbb124cc0a5c8841f8","package-lock.json":"90e25862b9c85f01add8441dcfd1071b62d753ecdacb5bfeb1e830de52257c28","package.json":"d96d42f89bfa40bdb6ccf8f10adbec4cd59dff814e78d94bb136598b96631c66","scripts/browser-check.mjs":"ed17d67724ef0ea6af4142413b7b0130a6ee054d5653741ad6bd057b5c2443bb","scripts/browser-evidence-controls.mjs":"1355cbe8f4e12c0e8c76989abab0db6244436cbde77c893de833c329dd0fd38f","scripts/browser-evidence.mjs":"7c9a8c3c478f18535d42b49e48c815c59e82e8617de76560c473ee82a889586b","scripts/build.mjs":"d6ab129ec1f993805226a13a23bed6186c82c1047f4049fea2886a9207048c43","scripts/check.mjs":"d064d3b7b10d6186b0ecc7f3d9081d0c0936740c358ebc67ca98789be836ebc7","scripts/corpus-pack.mjs":"e5f4915f6bb14b3c6d437276091203557efff8df13caeee85970a45e38392cba","scripts/integrity.mjs":"a0049c52b21e0494a48e1b61012c1d8f3838e5fc939187e905f3a479d060d2f0","src/bot-worker.ts":"eba2ca17afbccf6bcf06c20eb8d2aa776a3157112c2ec3db922933a39c78d653","src/bots.ts":"450791148c7bb7c6c3d74dfa732917f51472c127abf2d32b9436376de3acc219","src/browser.ts":"dc29bcf9d10189bf92983344854970dcfb54b3366c25558d695d04e72e39dcdf","src/chinook-corpus.ts":"d38d8fc850c1d27d0e5d4b883bd87798278761a16ad5973dc78b3b3b867e08c8","src/chinook.ts":"97310193de9dda474899a027d3519bbd536db9ee2a6ca6530a7e218f7fe5f32a","src/core.ts":"516f8b970c8cd1298882b76b8e61552f74464ea4224207c304f436e2e3532c6b","src/draws.ts":"e256daaef8fb43b498e8adcb71a77451c55aa9b1c24fc0a44bc36ee613dda4d1","src/endgame.ts":"f9f6cea20233c09dbd4cc3cf1337300ecc0cd5b833674e94baa193d04db98821","src/international-corpus.ts":"356c00f5c25642a9393e73e16306f0e02bb31e10818e0cdcfd99e26534b84a8a","src/international-indexes.ts":"fb56f60992bbbb589bd4069d565672aba4f5a61227a5380a874e6001ee991625","src/international-search.ts":"67b4ba228bfbf4e122c65c3619a0d529be07a3e3423f1ad5c51227d5f99962ee","src/international-six-data.ts":"08566eb9e7c6d7b324ac3a26f72edf86f8b22634361ec052d099bdab88e851d6","src/international-six-indexes.ts":"641218fe08800d06c9ec0b592cbac46978cd0d64249cff4f32b32eff77797c99","src/international.ts":"832f0dc95b0d8ac14e61af29914796df3128856c1617dbd8c8c24d20319b21ce","src/moves.ts":"d4ea90d730fb1add4f3d8fb98401fb9030a3e1e5ab83eb209b4a7839bd0044e1","src/play.template.html":"2d0345f395daa04b5bbe7153b4045bd2b553d28f0deaeaa689ad4aedc559dcef","src/retrograde.ts":"62ac9082dd82914f4a39e29d448b2e2defb03d2292090a110d747545052eca03","src/schema.ts":"416cb6ea418a0c71eb31e4cf8452bb16fbf455d23bd338a0326a76c22e0670ee","src/types.ts":"079cd5dbb2e20329bf386c3f506c3009534d2afce98804a1a999a239fe1cb16a","THIRD-PARTY-LICENSES.txt":"872acef306116e979ae43e6f20df09f3b040019ebbbcb2070d229f0ab5fe52f6","tsconfig.json":"fcc94a699ca26c01b4f9c4422dd4e5ab6811420993f5af01d9c6659549cd257c"},"sourceSha256After":"5ed2173b7264574565dd29ff14773236cac5a00833bf75df3de9e64a66451801","htmlBytesAfter":1390845993,"checks":[{"profile":"desktop","name":"disk load, no external assets and reduced motion","pass":true},{"profile":"desktop","name":"American standard board and complete hot-seat turn","pass":true},{"profile":"desktop","name":"multi-jump draft leaves the actual position unchanged","pass":true},{"profile":"desktop","name":"American crown ends the capture turn","pass":true},{"profile":"desktop","name":"International full maximum capture and promotion","pass":true},{"profile":"desktop","name":"International crown transit stays a man","pass":true},{"profile":"desktop","name":"pause/resume and optional exact deadline forfeit","pass":true},{"profile":"desktop","name":"winner/results and explicit next table","pass":true},{"profile":"desktop","name":"manual Strong move uses local full-corpus worker and preserves legal core choice","pass":true},{"profile":"desktop","name":"International actual2–5 corpus worker prepares offline and preserves pending input","pass":true},{"profile":"desktop","name":"International actual six-piece Strong worker reads original local blocks","pass":true},{"profile":"desktop","name":"consecutive bot turns reuse the prepared worker and pause cancels it","pass":true},{"profile":"desktop","name":"pause cancels worker before it can apply an old move","pass":true},{"profile":"desktop","name":"names remain text and hostile original IDs have finite public results","pass":true},{"profile":"desktop","name":"viewport fits both boards and all controls","pass":true},{"profile":"phone","name":"disk load, no external assets and reduced motion","pass":true},{"profile":"phone","name":"American standard board and complete hot-seat turn","pass":true},{"profile":"phone","name":"multi-jump draft leaves the actual position unchanged","pass":true},{"profile":"phone","name":"American crown ends the capture turn","pass":true},{"profile":"phone","name":"International full maximum capture and promotion","pass":true},{"profile":"phone","name":"International crown transit stays a man","pass":true},{"profile":"phone","name":"pause/resume and optional exact deadline forfeit","pass":true},{"profile":"phone","name":"winner/results and explicit next table","pass":true},{"profile":"phone","name":"manual Strong move uses local full-corpus worker and preserves legal core choice","pass":true},{"profile":"phone","name":"International actual2–5 corpus worker prepares offline and preserves pending input","pass":true},{"profile":"phone","name":"International actual six-piece Strong worker reads original local blocks","pass":true},{"profile":"phone","name":"consecutive bot turns reuse the prepared worker and pause cancels it","pass":true},{"profile":"phone","name":"pause cancels worker before it can apply an old move","pass":true},{"profile":"phone","name":"names remain text and hostile original IDs have finite public results","pass":true},{"profile":"phone","name":"viewport fits both boards and all controls","pass":true}],"totalChecks":30}
2026-10-08T22:44:40.0330008Z {"evidenceVersion":1,"runId":"2ab4e72b-86b0-4708-8d3e-421d12f07f2f","sourceGuardsBefore":{"../../contract/constants.ts":"27cdd23112ea03f344457e6f6e6b5839ff536ebeadbba189751520353aa085ef","../../contract/contract.ts":"c0f999c153074769c99c67ab2a71ad66c879e45e834713f3367b2bde4a1873d5","../../contract/minigame-schema.ts":"2438655eeb8ca658543b475070e6fb3ccb3947f154f57caa3f619c87853c9bbb","../../contract/package.json":"ec1418bc79e3563ed63d2aebfbb0cb039529f6dc1ac0e8e6d61f790cb065f495","../../contract/player-count-schema.ts":"0748d9d9bcf795d0693c37a0f369b262fd8801dec9ab1e4a9a4f5ec23751a189","../../contract/rng.ts":"7cfcf3024723607e8dd1ce6ccc5683a48d71fcc617947304cc5b9f6d3d7842fe","data/chinook/DB6.bin":"baee42a2b49390edd96e5a751189366275619c941d79021f3ca45774c3e7071f","data/chinook/DB6.idx":"10cb5cfc2a8c67e18c322563c17ceef0adeac87786a16c767c4616e9a574f4fd","data/chinook/LICENSE.txt":"8ed5c1393322801ac395d3e6c9d8e8f4b18bcca9e41f7b8cdf312f33be242a2d","data/chinook/manifest.json":"90f1970372040946f299660c33ded627fe574c7fa2d52be168e7b16c391d55d0","data/endgames.json":"edb5d87a27caa83945e2a5587418fa6f246fb30dd3823652871a598272e0075d","data/international/BOOST-LICENSE.txt":"c9bff75738922193e67fa726fa225535870d2aa1059f91452c411736284ad566","data/international/db2.bin":"305a1e7eabb4bab13577774009592e1614ddf8a4efe334d6fe3cb8221000b4ed","data/international/db2.idx":"9622e861c67ea250396b384bb95fec00fd541964c3109bdc1b27ae7aae1f73f2","data/international/db3.bin":"9dd9170657b11b5e18e0a2d54b6475d9cfd2cf821c6f9e4e9ba78bdf130e10aa","data/international/db3.idx":"84862531a87da451037c3c1087b5c082c293ff508ffb447adbc8b7e020fa7aaa","data/international/db4.bin":"14e5a8fa159c33a2d7ca01538ca4cd088222c2f204a6b6ef174ffcebd28c72aa","data/international/db4.idx":"4514098c3a0fe91fb98ea1950eb53558f94017ed4c6553d10f117c94348e393e","data/international/db5.bin":"b3e65f71d2c801a68fe8928f62e32c40266f7d8ae4e5ab99b643805b1ace2e02","data/international/db5.idx":"4a94297121f50feca73beaea7ab10622942194d2b5c098d1c30c5cbe5b78715a","data/international/LICENSE.md":"34055034c8caa4d7637c91adc11f28229cea6a097c9b9d2610318cb66e1ef6cc","data/international/manifest.json":"6cc33b38df4f1f2b1ea79fa7fcbe11972976986828e7adee28934b4ad3921a04","data/international/six/db6-0303.000.chunk":"75d63f54a4aefbb6a29871ac2c96fe8064239630c141c79298c99ede5af7bfae","data/international/six/db6-0303.idx":"9f6e7dddd055eb1234cc79750e749c9b2ef49bdf410d7761a0a27f76dc606b04","data/international/six/db6-0312.000.chunk":"a65ac7e0daf00efcb905cec95900ce8fe7c7afda3d242a693a229b2584fcdd89","data/international/six/db6-0312.idx":"9df486596addc03a3454c242a25198c35f0a371dbd0055ca1ad777bff28bc43a","data/international/six/db6-0321.000.chunk":"4f4af0182c39c3646128b9e17d2b283196e8cb4441452b4a01e9c2532e4b6b53","data/international/six/db6-0321.001.chunk":"b8d62083255a57d82395b04eddf6cf735700f3ead646b526fc9882bace3a0e40","data/international/six/db6-0321.idx":"af4c2df56553f4386223b11ad75e7ad4f5c26625be854d52b1e6f8760d8c3bee","data/international/six/db6-0330.000.chunk":"de1dfc76776fe69bf25a7e64b4f1800c17b196f7e9cf2258cb792f51d17fd5c1","data/international/six/db6-0330.idx":"ce6bba6b659d289f3823a0221a5927fe0cbdf313af052cadfbfe0259791590ca","data/international/six/db6-0402.000.chunk":"9508c060e20d0f01da854b4cd4e018f634241b5abb90e73ece71bd4ca69c2517","data/international/six/db6-0402.idx":"096c6e3b12ecf960f7012878baec51d00f1cafda9880d2b29128b21cb3821485","data/international/six/db6-0411.000.chunk":"d3a9300cbe73b288d4d897d20434b6f4373166f58cc69328043a835efbf03247","data/international/six/db6-0411.idx":"1c92044e7b38d59c1485a0b064ed22e5b685346a0d62ac8fce74c3d6d5130cf0","data/international/six/db6-0420.000.chunk":"26162642d1c3439d6e3abcef8c1a210857b371607d82a1714cb99a47ad803a6e","data/international/six/db6-0420.idx":"4d47ac027225d63cf773a0f5fe9258c5e5f3b3670b04de677bc0a10399e3a56d","data/international/six/db6-0501.000.chunk":"82881a78d8a5052037911bc0e1d33231fd1dce64f283fd5f53bb297c26e60221","data/international/six/db6-0501.idx":"d29f8d532adce5f2ba9befd66ae47413b3e91e0666b891c1f08b8b0c7eb4ea10","data/international/six/db6-0510.000.chunk":"28f286c57a29bac59c095d9efdbd2cd87ee648416a0d4e85099bd8c192bc8383","data/international/six/db6-0510.idx":"356a04a2d92ce1c614671b5e246d4c74215c55728480d79d24065252b1e3689a","data/international/six/db6-1212.000.chunk":"5f8cc263773a36546efb0af5e5f6e4bdb4bbd497a50bf00e477aec30e478923f","data/international/six/db6-1212.001.chunk":"578a53681f654ca3463c205428c02a2812751af0fc83aabb26912573bfeabf79","data/international/six/db6-1212.idx":"62c58abb6f24f8280d0f2b0d99cf2e78c85e4a8b8a37da142fdafce33911db7a","data/international/six/db6-1221.000.chunk":"acc65c6b904a669302b3f1dacf917f44852baa3febb2d33379ecdb9153dfd898","data/international/six/db6-1221.001.chunk":"44b31af46ccd5df50c10eea39107f33244be8d98ea39300c2ef739173573f775","data/international/six/db6-1221.002.chunk":"471ec101d7053b0029059f4ce617ffb88512a7d08d86f2be7e170abc29e8c2e9","data/international/six/db6-1221.003.chunk":"67460687baa048e40deaf19e4168f3fd644a9ffaad0475a02a7c65462a249738","data/international/six/db6-1221.idx":"893f2a20b42eb9b6a437b2a4c79635190b1b7d8303d67c2c6048ad762b654072","data/international/six/db6-1230.000.chunk":"45e595ea9c3279d783cf4632762912554f98103bb24fd3712ea5cd371ae077c6","data/international/six/db6-1230.001.chunk":"86282c8af312b2ee4e8a8c36a228ccd72b5a81ae7bd9e03ed86e63c92ba386cb","data/international/six/db6-1230.idx":"56f9a806af26475371ea04d7230e2316e6ce8206ea14fe28628b646ac5415d37","data/international/six/db6-1302.000.chunk":"a0bde8399fecc594fe8ad84b953018c2fd3796805de67f5361982b244027413f","data/international/six/db6-1302.001.chunk":"7398a50ae97329727420dca59b959f28ed295dbdd59e6dd54fb54d88554decfa","data/international/six/db6-1302.idx":"fc695c254e053157a79dfd22c287fcde716e887ba4a0e5765cc27be221efd7ab","data/international/six/db6-1311.000.chunk":"eac5625451bccbdee80bb5d98c1ae8b7d9dc7bcd218240d543e04ec76d692a36","data/international/six/db6-1311.001.chunk":"cc9e1d6f56f80b7f6fe73d30a878bd2c7e9be3cea795d0c64e2847976e57d88b","data/international/six/db6-1311.002.chunk":"33eb6b6262f6d2b248c2772ab41277231e227a0024007db766ae48edc31e7c6a","data/international/six/db6-1311.003.chunk":"d59c08b053c2d047da4cb9f793c9bcb905c689b0ada2108569428639f20eb107","data/international/six/db6-1311.idx":"824155526e1423c28dfc5a9e6ce803006fcdaabe5c5dcb72f52e4e0b29eb634a","data/international/six/db6-1320.000.chunk":"d37c461f883e519b95482bf38863e22c5cf71e3d4d26da2758aa06d8c5a69c1d","data/international/six/db6-1320.idx":"d9787b34307105c715e7b1f7cd463398386f5bdfa4d863fdee92af34b1dbf334","data/international/six/db6-1401.000.chunk":"45bb9b0339452bab7a464741003a168e43178944b286320b1eb70eb15458d17e","data/international/six/db6-1401.idx":"36c748d544a0d108e25f26a748f107ced6045229854dc0ec5cbabf39dccfd078","data/international/six/db6-1410.000.chunk":"6f3110cbbe9f88c12a01a7779b2034df76cc065e7767d153f17fd9d90efead51","data/international/six/db6-1410.idx":"f7a26d77bd12fb29b4d8492481e56c5c692a2c280062cc9518728882acd65890","data/international/six/db6-2121.000.chunk":"2b0d462e7d6f4e9188dec28fac5b91df1d93b655bd6f381e01dc7f82426dc742","data/international/six/db6-2121.001.chunk":"dd308ec8c23cb58e50f3be495b79934782cc3624036f88272a8526c87e6cd1f9","data/international/six/db6-2121.idx":"f3c643c2ac5d25da70b71339bc23d9c452e00244bd29562fd424b6a84ca3ad40","data/international/six/db6-2130.000.chunk":"320904de62832a1c6c9054c7650c61f10dd181da2e9b1b04aa86d2977656fde7","data/international/six/db6-2130.001.chunk":"a96061fbe9ec9d57d2edd5773fbd89145aafc7e5a5845c81bc58c5ecab63d2d6","data/international/six/db6-2130.idx":"9d6ed91ef56e08a1b98ee184839d9a880198c141aba47005a13587c572342a50","data/international/six/db6-2202.000.chunk":"43057f23a613a28f06bc9cd465b7ed44cf887dfe50e7001b7d1ef473cdbfd4b2","data/international/six/db6-2202.001.chunk":"585615fed0ec078a94e0ac32e3d52ac4d16b3eb7375663ff30d45e1293b3d44a","data/international/six/db6-2202.idx":"bae2e2b0a9709d4b46e397efdcdf322b2d461c492f221eb11f0638b2eb5951ec","data/international/six/db6-2211.000.chunk":"11dd5e990995f60597ec46e5f37a79429b072d11cf7353322dd95f7058c6d1ed","data/international/six/db6-2211.001.chunk":"8142e6725e68cefe12a42a8a8530a52182e9f44a2b85cb5ded48e445bc85bd7f","data/international/six/db6-2211.002.chunk":"c4d38e79e79b87802b26eded2a7c364946fea4d95450d35f10d7dcce343a8c69","data/international/six/db6-2211.003.chunk":"20b4af2d5329d20ebb3075c8cb31878935c15512cc2808546418879729f79402","data/international/six/db6-2211.004.chunk":"a4367099cfdacac510225de250b300e8fed1ba70d4438e14b311b7c796501089","data/international/six/db6-2211.005.chunk":"19b3a66dbf1497e2e455732a0f7ffb927c9e577f56c75419716439f524e9d514","data/international/six/db6-2211.006.chunk":"8bd6bc5bd76720a95a312bd8c6bae30701a6e99be19886e16126ca6abc3b2a7e","data/international/six/db6-2211.idx":"a525a93cfb7ccef53dce68366382a0c8764af216568b02b045edd8bd1230012a","data/international/six/db6-2220.000.chunk":"e1af2d5283389f43c81708a249e3c0b9968ed4aa322ac0bca48ca1ccc5d4dd7c","data/international/six/db6-2220.idx":"e3f4b23066c9f91d4a0f43984cbea7c01817d6a0e25c3705c7fb8327eb8a31a6","data/international/six/db6-2301.000.chunk":"0b6489a374a7680cb6697f2e78d0261558c15e5f6c629279b84f760cc5e2d4e4","data/international/six/db6-2301.idx":"fdcbc2bd251bf3b73822bd0e2b92cb8791deaa009bd2ab8730a25e3395ce7726","data/international/six/db6-2310.000.chunk":"13ae77b5d13ad94678dab0cfb4ca74f4db89190371eacc10bd92cadf10eb350f","data/international/six/db6-2310.idx":"1f8ece0f98423c4b9213ab41a2eec40fe32679fe71268bce240714d1b7896cda","data/international/six/db6-3030.000.chunk":"cecd125dd3e9f0e1fa8f42abd0d51c9b3f679839db56a60b50b380e764302569","data/international/six/db6-3030.idx":"c41521d134874aaa3151b4595373caf3a91afc0aea9e249c0d722612c0370a82","data/international/six/db6-3102.000.chunk":"c90c2e7384f00811e0445f566d7aa7243e861b65c71791df05f3679c1e6080c1","data/international/six/db6-3102.idx":"f0161e4b20319d077c04ae0e4607ac81a7b50315ea72ff456494b00072dac06d","data/international/six/db6-3111.000.chunk":"e62bab91ea59dbef862261975d320585d13f83fbaf709c7d686e0a085b594576","data/international/six/db6-3111.001.chunk":"49c653dccca0ad25d6c3e858f8dd55e540dfb48d6cee1dba749214d8d12b129b","data/international/six/db6-3111.002.chunk":"f3e3f75261fe41cc65d1ee5c3e4c391c5945e96c7635c091e384ed10d253043c","data/international/six/db6-3111.003.chunk":"5c6f451ee293fea2955580ac6717a2aeb991c58693c1f9a0aa5f7107c506d075","data/international/six/db6-3111.004.chunk":"53e58423b9d85e32bbb2eb3552df28124d5172ca983c214738558e7cf543234d","data/international/six/db6-3111.005.chunk":"6fa72cec7f0dcd4a79458b766c04f2fbbc3eeb1804f8ab8f1a3d546c1d0c04df","data/international/six/db6-3111.idx":"552cea6807e5de8bdaaa7430e48429d2876663c1c13bf8a80438ec3fc11222db","data/international/six/db6-3120.000.chunk":"4849d82cf6c7978ef034fc98ef90951d041b740fd79510c67f902a447061a5d2","data/international/six/db6-3120.idx":"b5243e519c0a2fb6f513062094758a95306e9144a48c7a555a79ed1887780c86","data/international/six/db6-3201.000.chunk":"8d899206c06202a55395530df8eab92bbd29b879e1310c0b704bdd26d1131772","data/international/six/db6-3201.idx":"f9b27e6e4cee762ed97a568b8f32673b1bfe5c22a64d0c5b47b7a18f39749958","data/international/six/db6-3210.000.chunk":"f829ad406b3b2b1f45e1ac30bc0e43440ce2b808025c27d3bfff2f704edeffb4","data/international/six/db6-3210.idx":"ab335ebeed4f38b97ad72512c77a84aa1a7a5b5d63f00278d205e9386b07c3be","data/international/six/db6-4002.000.chunk":"1f810fcb514771696b8b44d264a552607de2068b0595e165ee1b337f691d2530","data/international/six/db6-4002.idx":"7813f455b5b0225444c95e3424c3f30414373dae0cc6065d9b3e7bd07c304c67","data/international/six/db6-4011.000.chunk":"4e9176f2619ef1c62e5cbc5cb1e3ca7a0c45035148e4fb526eefc1266e1e7e38","data/international/six/db6-4011.idx":"84ad8d66b8560bdcf7a999b867381f36d93ee7724cf89d5abda8020ff9658e2d","data/international/six/db6-4020.000.chunk":"c1b0099c29929bd38f39e02b805bfa395e8b058bc73b3710bf6112efc2a56413","data/international/six/db6-4020.idx":"ed46094e80d77e4f27bdae4fe5678903eac0d72ff11bfbf0addf2d84205b7acd","data/international/six/db6-4101.000.chunk":"84e48039e29063ac53bb53f825c070190c6d424d91e41b3c6b8a5712d99dc07a","data/international/six/db6-4101.idx":"5b89058e3c8e2d225b5f80560b27f8001e42d648b410a616165747f2dc2f2a1b","data/international/six/db6-4110.000.chunk":"271c7e822c1a87b1a01c50a0705040d4e22f6f1a6850ba2baf547b09019a9e9c","data/international/six/db6-4110.idx":"99d0d61cfa656d9c84500f41892c66fbe9d24ebd96b873e63d8b3a3315a0fa78","data/international/six/db6-5001.000.chunk":"abb0af9db0c77accee65b836150e0eeed6c24d79d1c552ff21c9f1825e3846cf","data/international/six/db6-5001.idx":"3316a344e28cc3115daf8ed5d0dbf7f66dc57cafc39262172026d7efea6aab76","data/international/six/db6-5010.000.chunk":"b842fd58f936f742947a84e4587ba88fbc656ffa85371e2e75f57b79af612c5b","data/international/six/db6-5010.idx":"bd8c7a7853c0528d92799fbad5a1344a1ae4e7478598c9c82171afccef8cee41","data/international/six/manifest.json":"6532df5af4306b1b6b16723155b756faacef549bcc8292ccbf0e7663a707a28c","data/international/tunstall-v2.bin":"92fa921a410c270c3126811dc2d8af22e1691aedaaf0d020ee01adbe572d26a9","dist/corpus-pack.json":"6d570320bbb75d898f29cf6fe6c93faef556899cfa0be0a6a33e8cdd862b4cb9","dist/worker-american.mjs":"950c58445422dbd59898195a526ad4fc113d832dac49381fe49f2ea624b91175","dist/worker-international.mjs":"31d06dd836dd1567391b3c5051f8dc53a7904e833887b045be19354f70ae1ee2","LICENSE":"e65a07d64c485ec9ffc4f7af9bd03035e365d9cf6bd3f12151f94139ffa86421","manifest.json":"909e9ec620b946f1e5612e47f837ae4aa2701252bebf2f32d08af756a8514385","node_modules/zod/LICENSE":"3f1189b28e3866e0d979968d466b78f813f76827cfdca1fbb124cc0a5c8841f8","package-lock.json":"90e25862b9c85f01add8441dcfd1071b62d753ecdacb5bfeb1e830de52257c28","package.json":"d96d42f89bfa40bdb6ccf8f10adbec4cd59dff814e78d94bb136598b96631c66","scripts/browser-check.mjs":"ed17d67724ef0ea6af4142413b7b0130a6ee054d5653741ad6bd057b5c2443bb","scripts/browser-evidence-controls.mjs":"1355cbe8f4e12c0e8c76989abab0db6244436cbde77c893de833c329dd0fd38f","scripts/browser-evidence.mjs":"7c9a8c3c478f18535d42b49e48c815c59e82e8617de76560c473ee82a889586b","scripts/build.mjs":"d6ab129ec1f993805226a13a23bed6186c82c1047f4049fea2886a9207048c43","scripts/check.mjs":"d064d3b7b10d6186b0ecc7f3d9081d0c0936740c358ebc67ca98789be836ebc7","scripts/corpus-pack.mjs":"e5f4915f6bb14b3c6d437276091203557efff8df13caeee85970a45e38392cba","scripts/integrity.mjs":"a0049c52b21e0494a48e1b61012c1d8f3838e5fc939187e905f3a479d060d2f0","src/bot-worker.ts":"eba2ca17afbccf6bcf06c20eb8d2aa776a3157112c2ec3db922933a39c78d653","src/bots.ts":"450791148c7bb7c6c3d74dfa732917f51472c127abf2d32b9436376de3acc219","src/browser.ts":"dc29bcf9d10189bf92983344854970dcfb54b3366c25558d695d04e72e39dcdf","src/chinook-corpus.ts":"d38d8fc850c1d27d0e5d4b883bd87798278761a16ad5973dc78b3b3b867e08c8","src/chinook.ts":"97310193de9dda474899a027d3519bbd536db9ee2a6ca6530a7e218f7fe5f32a","src/core.ts":"516f8b970c8cd1298882b76b8e61552f74464ea4224207c304f436e2e3532c6b","src/draws.ts":"e256daaef8fb43b498e8adcb71a77451c55aa9b1c24fc0a44bc36ee613dda4d1","src/endgame.ts":"f9f6cea20233c09dbd4cc3cf1337300ecc0cd5b833674e94baa193d04db98821","src/international-corpus.ts":"356c00f5c25642a9393e73e16306f0e02bb31e10818e0cdcfd99e26534b84a8a","src/international-indexes.ts":"fb56f60992bbbb589bd4069d565672aba4f5a61227a5380a874e6001ee991625","src/international-search.ts":"67b4ba228bfbf4e122c65c3619a0d529be07a3e3423f1ad5c51227d5f99962ee","src/international-six-data.ts":"08566eb9e7c6d7b324ac3a26f72edf86f8b22634361ec052d099bdab88e851d6","src/international-six-indexes.ts":"641218fe08800d06c9ec0b592cbac46978cd0d64249cff4f32b32eff77797c99","src/international.ts":"832f0dc95b0d8ac14e61af29914796df3128856c1617dbd8c8c24d20319b21ce","src/moves.ts":"d4ea90d730fb1add4f3d8fb98401fb9030a3e1e5ab83eb209b4a7839bd0044e1","src/play.template.html":"2d0345f395daa04b5bbe7153b4045bd2b553d28f0deaeaa689ad4aedc559dcef","src/retrograde.ts":"62ac9082dd82914f4a39e29d448b2e2defb03d2292090a110d747545052eca03","src/schema.ts":"416cb6ea418a0c71eb31e4cf8452bb16fbf455d23bd338a0326a76c22e0670ee","src/types.ts":"079cd5dbb2e20329bf386c3f506c3009534d2afce98804a1a999a239fe1cb16a","THIRD-PARTY-LICENSES.txt":"872acef306116e979ae43e6f20df09f3b040019ebbbcb2070d229f0ab5fe52f6","tsconfig.json":"fcc94a699ca26c01b4f9c4422dd4e5ab6811420993f5af01d9c6659549cd257c"},"command":"node scripts/browser-check.mjs --capture","htmlPath":"/home/runner/work/partybox-game-cores/partybox-game-cores/jobs/G10-checkers/.work/play.html","htmlBytes":1390845993,"loadTimeoutMs":300000,"sourceSha256":"5ed2173b7264574565dd29ff14773236cac5a00833bf75df3de9e64a66451801","profiles":[{"name":"desktop","width":1920,"height":1080,"throttle":1,"loadMs":7642.986459,"checks":15,"frameResults":[{"variant":"american","frames":600,"meanFps":60.00240009600385,"p99Ms":16.799999999999272},{"variant":"international","frames":600,"meanFps":60.00279613029966,"p99Ms":16.799999999999272}],"pageErrorCount":0,"httpRequestCount":0,"pageErrors":[],"httpRequests":[],"video":{"file":"desktop.webm","bytes":1255589,"sha256":"0218d06ee831c167e05244b6177ac27dde9d0bd981ff435810030194c4f4d6cb","probe":{"container":"matroska,webm","codec":"vp8","width":1920,"height":1080,"frameRate":"25/1","frames":250,"durationSeconds":10},"original":{"file":"desktop-original.webm","bytes":5104308,"sha256":"ceb92fd9fc93b63613d31dc17f6687a2fdec7d09afb9f747ccffd45e8d5a22a7","probe":{"container":"matroska,webm","codec":"vp8","width":1920,"height":1080,"frameRate":"25/1","frames":1161,"durationSeconds":46.44}},"sourceSeekSeconds":36.44,"command":["ffmpeg","-hide_banner","-loglevel","error","-ss","36.44","-i","/home/runner/work/partybox-game-cores/partybox-game-cores/jobs/G10-checkers/.work/media/desktop-original.webm","-t","10","-an","-c:v","libvpx","-deadline","realtime","-cpu-used","8","-threads","2","-b:v","900k","-y","/home/runner/work/partybox-game-cores/partybox-game-cores/jobs/G10-checkers/.work/media/desktop.webm"],"scope":"Last ten seconds of actual recorded International hot-seat legal moves; diagnostic recording, never frame acceptance."},"gameplay":{"variant":"international","startPly":0,"endPly":24,"elapsedMs":10731.179536999996}},{"name":"phone","width":390,"height":844,"throttle":4,"loadMs":33508.925451,"checks":15,"frameResults":[{"variant":"american","frames":600,"meanFps":60.002400096003804,"p99Ms":16.80000000000291},{"variant":"international","frames":600,"meanFps":60.00279613029967,"p99Ms":16.80000000000291}],"pageErrorCount":0,"httpRequestCount":0,"pageErrors":[],"httpRequests":[],"video":{"file":"phone.webm","bytes":582209,"sha256":"f19e830aa53ac302ab0d4a2b6ff9b76093acbbdab741b3e43626f0200cc37d2c","probe":{"container":"matroska,webm","codec":"vp8","width":390,"height":844,"frameRate":"25/1","frames":250,"durationSeconds":10},"original":{"file":"phone-original.webm","bytes":2750634,"sha256":"90d4c2a4bffa468c9f913c19f989f9d4b9141d66ccb665d6d189ddd087643f02","probe":{"container":"matroska,webm","codec":"vp8","width":390,"height":844,"frameRate":"25/1","frames":1896,"durationSeconds":75.84}},"sourceSeekSeconds":65.84,"command":["ffmpeg","-hide_banner","-loglevel","error","-ss","65.84","-i","/home/runner/work/partybox-game-cores/partybox-game-cores/jobs/G10-checkers/.work/media/phone-original.webm","-t","10","-an","-c:v","libvpx","-deadline","realtime","-cpu-used","8","-threads","2","-b:v","400k","-y","/home/runner/work/partybox-game-cores/partybox-game-cores/jobs/G10-checkers/.work/media/phone.webm"],"scope":"Last ten seconds of actual recorded International hot-seat legal moves; diagnostic recording, never frame acceptance."},"gameplay":{"variant":"international","startPly":0,"endPly":22,"elapsedMs":10896.720704000007}}],"capture":true,"functionalOnly":false,"frameVariants":["american","international"],"sourceGuardsAfter":{"../../contract/constants.ts":"27cdd23112ea03f344457e6f6e6b5839ff536ebeadbba189751520353aa085ef","../../contract/contract.ts":"c0f999c153074769c99c67ab2a71ad66c879e45e834713f3367b2bde4a1873d5","../../contract/minigame-schema.ts":"2438655eeb8ca658543b475070e6fb3ccb3947f154f57caa3f619c87853c9bbb","../../contract/package.json":"ec1418bc79e3563ed63d2aebfbb0cb039529f6dc1ac0e8e6d61f790cb065f495","../../contract/player-count-schema.ts":"0748d9d9bcf795d0693c37a0f369b262fd8801dec9ab1e4a9a4f5ec23751a189","../../contract/rng.ts":"7cfcf3024723607e8dd1ce6ccc5683a48d71fcc617947304cc5b9f6d3d7842fe","data/chinook/DB6.bin":"baee42a2b49390edd96e5a751189366275619c941d79021f3ca45774c3e7071f","data/chinook/DB6.idx":"10cb5cfc2a8c67e18c322563c17ceef0adeac87786a16c767c4616e9a574f4fd","data/chinook/LICENSE.txt":"8ed5c1393322801ac395d3e6c9d8e8f4b18bcca9e41f7b8cdf312f33be242a2d","data/chinook/manifest.json":"90f1970372040946f299660c33ded627fe574c7fa2d52be168e7b16c391d55d0","data/endgames.json":"edb5d87a27caa83945e2a5587418fa6f246fb30dd3823652871a598272e0075d","data/international/BOOST-LICENSE.txt":"c9bff75738922193e67fa726fa225535870d2aa1059f91452c411736284ad566","data/international/db2.bin":"305a1e7eabb4bab13577774009592e1614ddf8a4efe334d6fe3cb8221000b4ed","data/international/db2.idx":"9622e861c67ea250396b384bb95fec00fd541964c3109bdc1b27ae7aae1f73f2","data/international/db3.bin":"9dd9170657b11b5e18e0a2d54b6475d9cfd2cf821c6f9e4e9ba78bdf130e10aa","data/international/db3.idx":"84862531a87da451037c3c1087b5c082c293ff508ffb447adbc8b7e020fa7aaa","data/international/db4.bin":"14e5a8fa159c33a2d7ca01538ca4cd088222c2f204a6b6ef174ffcebd28c72aa","data/international/db4.idx":"4514098c3a0fe91fb98ea1950eb53558f94017ed4c6553d10f117c94348e393e","data/international/db5.bin":"b3e65f71d2c801a68fe8928f62e32c40266f7d8ae4e5ab99b643805b1ace2e02","data/international/db5.idx":"4a94297121f50feca73beaea7ab10622942194d2b5c098d1c30c5cbe5b78715a","data/international/LICENSE.md":"34055034c8caa4d7637c91adc11f28229cea6a097c9b9d2610318cb66e1ef6cc","data/international/manifest.json":"6cc33b38df4f1f2b1ea79fa7fcbe11972976986828e7adee28934b4ad3921a04","data/international/six/db6-0303.000.chunk":"75d63f54a4aefbb6a29871ac2c96fe8064239630c141c79298c99ede5af7bfae","data/international/six/db6-0303.idx":"9f6e7dddd055eb1234cc79750e749c9b2ef49bdf410d7761a0a27f76dc606b04","data/international/six/db6-0312.000.chunk":"a65ac7e0daf00efcb905cec95900ce8fe7c7afda3d242a693a229b2584fcdd89","data/international/six/db6-0312.idx":"9df486596addc03a3454c242a25198c35f0a371dbd0055ca1ad777bff28bc43a","data/international/six/db6-0321.000.chunk":"4f4af0182c39c3646128b9e17d2b283196e8cb4441452b4a01e9c2532e4b6b53","data/international/six/db6-0321.001.chunk":"b8d62083255a57d82395b04eddf6cf735700f3ead646b526fc9882bace3a0e40","data/international/six/db6-0321.idx":"af4c2df56553f4386223b11ad75e7ad4f5c26625be854d52b1e6f8760d8c3bee","data/international/six/db6-0330.000.chunk":"de1dfc76776fe69bf25a7e64b4f1800c17b196f7e9cf2258cb792f51d17fd5c1","data/international/six/db6-0330.idx":"ce6bba6b659d289f3823a0221a5927fe0cbdf313af052cadfbfe0259791590ca","data/international/six/db6-0402.000.chunk":"9508c060e20d0f01da854b4cd4e018f634241b5abb90e73ece71bd4ca69c2517","data/international/six/db6-0402.idx":"096c6e3b12ecf960f7012878baec51d00f1cafda9880d2b29128b21cb3821485","data/international/six/db6-0411.000.chunk":"d3a9300cbe73b288d4d897d20434b6f4373166f58cc69328043a835efbf03247","data/international/six/db6-0411.idx":"1c92044e7b38d59c1485a0b064ed22e5b685346a0d62ac8fce74c3d6d5130cf0","data/international/six/db6-0420.000.chunk":"26162642d1c3439d6e3abcef8c1a210857b371607d82a1714cb99a47ad803a6e","data/international/six/db6-0420.idx":"4d47ac027225d63cf773a0f5fe9258c5e5f3b3670b04de677bc0a10399e3a56d","data/international/six/db6-0501.000.chunk":"82881a78d8a5052037911bc0e1d33231fd1dce64f283fd5f53bb297c26e60221","data/international/six/db6-0501.idx":"d29f8d532adce5f2ba9befd66ae47413b3e91e0666b891c1f08b8b0c7eb4ea10","data/international/six/db6-0510.000.chunk":"28f286c57a29bac59c095d9efdbd2cd87ee648416a0d4e85099bd8c192bc8383","data/international/six/db6-0510.idx":"356a04a2d92ce1c614671b5e246d4c74215c55728480d79d24065252b1e3689a","data/international/six/db6-1212.000.chunk":"5f8cc263773a36546efb0af5e5f6e4bdb4bbd497a50bf00e477aec30e478923f","data/international/six/db6-1212.001.chunk":"578a53681f654ca3463c205428c02a2812751af0fc83aabb26912573bfeabf79","data/international/six/db6-1212.idx":"62c58abb6f24f8280d0f2b0d99cf2e78c85e4a8b8a37da142fdafce33911db7a","data/international/six/db6-1221.000.chunk":"acc65c6b904a669302b3f1dacf917f44852baa3febb2d33379ecdb9153dfd898","data/international/six/db6-1221.001.chunk":"44b31af46ccd5df50c10eea39107f33244be8d98ea39300c2ef739173573f775","data/international/six/db6-1221.002.chunk":"471ec101d7053b0029059f4ce617ffb88512a7d08d86f2be7e170abc29e8c2e9","data/international/six/db6-1221.003.chunk":"67460687baa048e40deaf19e4168f3fd644a9ffaad0475a02a7c65462a249738","data/international/six/db6-1221.idx":"893f2a20b42eb9b6a437b2a4c79635190b1b7d8303d67c2c6048ad762b654072","data/international/six/db6-1230.000.chunk":"45e595ea9c3279d783cf4632762912554f98103bb24fd3712ea5cd371ae077c6","data/international/six/db6-1230.001.chunk":"86282c8af312b2ee4e8a8c36a228ccd72b5a81ae7bd9e03ed86e63c92ba386cb","data/international/six/db6-1230.idx":"56f9a806af26475371ea04d7230e2316e6ce8206ea14fe28628b646ac5415d37","data/international/six/db6-1302.000.chunk":"a0bde8399fecc594fe8ad84b953018c2fd3796805de67f5361982b244027413f","data/international/six/db6-1302.001.chunk":"7398a50ae97329727420dca59b959f28ed295dbdd59e6dd54fb54d88554decfa","data/international/six/db6-1302.idx":"fc695c254e053157a79dfd22c287fcde716e887ba4a0e5765cc27be221efd7ab","data/international/six/db6-1311.000.chunk":"eac5625451bccbdee80bb5d98c1ae8b7d9dc7bcd218240d543e04ec76d692a36","data/international/six/db6-1311.001.chunk":"cc9e1d6f56f80b7f6fe73d30a878bd2c7e9be3cea795d0c64e2847976e57d88b","data/international/six/db6-1311.002.chunk":"33eb6b6262f6d2b248c2772ab41277231e227a0024007db766ae48edc31e7c6a","data/international/six/db6-1311.003.chunk":"d59c08b053c2d047da4cb9f793c9bcb905c689b0ada2108569428639f20eb107","data/international/six/db6-1311.idx":"824155526e1423c28dfc5a9e6ce803006fcdaabe5c5dcb72f52e4e0b29eb634a","data/international/six/db6-1320.000.chunk":"d37c461f883e519b95482bf38863e22c5cf71e3d4d26da2758aa06d8c5a69c1d","data/international/six/db6-1320.idx":"d9787b34307105c715e7b1f7cd463398386f5bdfa4d863fdee92af34b1dbf334","data/international/six/db6-1401.000.chunk":"45bb9b0339452bab7a464741003a168e43178944b286320b1eb70eb15458d17e","data/international/six/db6-1401.idx":"36c748d544a0d108e25f26a748f107ced6045229854dc0ec5cbabf39dccfd078","data/international/six/db6-1410.000.chunk":"6f3110cbbe9f88c12a01a7779b2034df76cc065e7767d153f17fd9d90efead51","data/international/six/db6-1410.idx":"f7a26d77bd12fb29b4d8492481e56c5c692a2c280062cc9518728882acd65890","data/international/six/db6-2121.000.chunk":"2b0d462e7d6f4e9188dec28fac5b91df1d93b655bd6f381e01dc7f82426dc742","data/international/six/db6-2121.001.chunk":"dd308ec8c23cb58e50f3be495b79934782cc3624036f88272a8526c87e6cd1f9","data/international/six/db6-2121.idx":"f3c643c2ac5d25da70b71339bc23d9c452e00244bd29562fd424b6a84ca3ad40","data/international/six/db6-2130.000.chunk":"320904de62832a1c6c9054c7650c61f10dd181da2e9b1b04aa86d2977656fde7","data/international/six/db6-2130.001.chunk":"a96061fbe9ec9d57d2edd5773fbd89145aafc7e5a5845c81bc58c5ecab63d2d6","data/international/six/db6-2130.idx":"9d6ed91ef56e08a1b98ee184839d9a880198c141aba47005a13587c572342a50","data/international/six/db6-2202.000.chunk":"43057f23a613a28f06bc9cd465b7ed44cf887dfe50e7001b7d1ef473cdbfd4b2","data/international/six/db6-2202.001.chunk":"585615fed0ec078a94e0ac32e3d52ac4d16b3eb7375663ff30d45e1293b3d44a","data/international/six/db6-2202.idx":"bae2e2b0a9709d4b46e397efdcdf322b2d461c492f221eb11f0638b2eb5951ec","data/international/six/db6-2211.000.chunk":"11dd5e990995f60597ec46e5f37a79429b072d11cf7353322dd95f7058c6d1ed","data/international/six/db6-2211.001.chunk":"8142e6725e68cefe12a42a8a8530a52182e9f44a2b85cb5ded48e445bc85bd7f","data/international/six/db6-2211.002.chunk":"c4d38e79e79b87802b26eded2a7c364946fea4d95450d35f10d7dcce343a8c69","data/international/six/db6-2211.003.chunk":"20b4af2d5329d20ebb3075c8cb31878935c15512cc2808546418879729f79402","data/international/six/db6-2211.004.chunk":"a4367099cfdacac510225de250b300e8fed1ba70d4438e14b311b7c796501089","data/international/six/db6-2211.005.chunk":"19b3a66dbf1497e2e455732a0f7ffb927c9e577f56c75419716439f524e9d514","data/international/six/db6-2211.006.chunk":"8bd6bc5bd76720a95a312bd8c6bae30701a6e99be19886e16126ca6abc3b2a7e","data/international/six/db6-2211.idx":"a525a93cfb7ccef53dce68366382a0c8764af216568b02b045edd8bd1230012a","data/international/six/db6-2220.000.chunk":"e1af2d5283389f43c81708a249e3c0b9968ed4aa322ac0bca48ca1ccc5d4dd7c","data/international/six/db6-2220.idx":"e3f4b23066c9f91d4a0f43984cbea7c01817d6a0e25c3705c7fb8327eb8a31a6","data/international/six/db6-2301.000.chunk":"0b6489a374a7680cb6697f2e78d0261558c15e5f6c629279b84f760cc5e2d4e4","data/international/six/db6-2301.idx":"fdcbc2bd251bf3b73822bd0e2b92cb8791deaa009bd2ab8730a25e3395ce7726","data/international/six/db6-2310.000.chunk":"13ae77b5d13ad94678dab0cfb4ca74f4db89190371eacc10bd92cadf10eb350f","data/international/six/db6-2310.idx":"1f8ece0f98423c4b9213ab41a2eec40fe32679fe71268bce240714d1b7896cda","data/international/six/db6-3030.000.chunk":"cecd125dd3e9f0e1fa8f42abd0d51c9b3f679839db56a60b50b380e764302569","data/international/six/db6-3030.idx":"c41521d134874aaa3151b4595373caf3a91afc0aea9e249c0d722612c0370a82","data/international/six/db6-3102.000.chunk":"c90c2e7384f00811e0445f566d7aa7243e861b65c71791df05f3679c1e6080c1","data/international/six/db6-3102.idx":"f0161e4b20319d077c04ae0e4607ac81a7b50315ea72ff456494b00072dac06d","data/international/six/db6-3111.000.chunk":"e62bab91ea59dbef862261975d320585d13f83fbaf709c7d686e0a085b594576","data/international/six/db6-3111.001.chunk":"49c653dccca0ad25d6c3e858f8dd55e540dfb48d6cee1dba749214d8d12b129b","data/international/six/db6-3111.002.chunk":"f3e3f75261fe41cc65d1ee5c3e4c391c5945e96c7635c091e384ed10d253043c","data/international/six/db6-3111.003.chunk":"5c6f451ee293fea2955580ac6717a2aeb991c58693c1f9a0aa5f7107c506d075","data/international/six/db6-3111.004.chunk":"53e58423b9d85e32bbb2eb3552df28124d5172ca983c214738558e7cf543234d","data/international/six/db6-3111.005.chunk":"6fa72cec7f0dcd4a79458b766c04f2fbbc3eeb1804f8ab8f1a3d546c1d0c04df","data/international/six/db6-3111.idx":"552cea6807e5de8bdaaa7430e48429d2876663c1c13bf8a80438ec3fc11222db","data/international/six/db6-3120.000.chunk":"4849d82cf6c7978ef034fc98ef90951d041b740fd79510c67f902a447061a5d2","data/international/six/db6-3120.idx":"b5243e519c0a2fb6f513062094758a95306e9144a48c7a555a79ed1887780c86","data/international/six/db6-3201.000.chunk":"8d899206c06202a55395530df8eab92bbd29b879e1310c0b704bdd26d1131772","data/international/six/db6-3201.idx":"f9b27e6e4cee762ed97a568b8f32673b1bfe5c22a64d0c5b47b7a18f39749958","data/international/six/db6-3210.000.chunk":"f829ad406b3b2b1f45e1ac30bc0e43440ce2b808025c27d3bfff2f704edeffb4","data/international/six/db6-3210.idx":"ab335ebeed4f38b97ad72512c77a84aa1a7a5b5d63f00278d205e9386b07c3be","data/international/six/db6-4002.000.chunk":"1f810fcb514771696b8b44d264a552607de2068b0595e165ee1b337f691d2530","data/international/six/db6-4002.idx":"7813f455b5b0225444c95e3424c3f30414373dae0cc6065d9b3e7bd07c304c67","data/international/six/db6-4011.000.chunk":"4e9176f2619ef1c62e5cbc5cb1e3ca7a0c45035148e4fb526eefc1266e1e7e38","data/international/six/db6-4011.idx":"84ad8d66b8560bdcf7a999b867381f36d93ee7724cf89d5abda8020ff9658e2d","data/international/six/db6-4020.000.chunk":"c1b0099c29929bd38f39e02b805bfa395e8b058bc73b3710bf6112efc2a56413","data/international/six/db6-4020.idx":"ed46094e80d77e4f27bdae4fe5678903eac0d72ff11bfbf0addf2d84205b7acd","data/international/six/db6-4101.000.chunk":"84e48039e29063ac53bb53f825c070190c6d424d91e41b3c6b8a5712d99dc07a","data/international/six/db6-4101.idx":"5b89058e3c8e2d225b5f80560b27f8001e42d648b410a616165747f2dc2f2a1b","data/international/six/db6-4110.000.chunk":"271c7e822c1a87b1a01c50a0705040d4e22f6f1a6850ba2baf547b09019a9e9c","data/international/six/db6-4110.idx":"99d0d61cfa656d9c84500f41892c66fbe9d24ebd96b873e63d8b3a3315a0fa78","data/international/six/db6-5001.000.chunk":"abb0af9db0c77accee65b836150e0eeed6c24d79d1c552ff21c9f1825e3846cf","data/international/six/db6-5001.idx":"3316a344e28cc3115daf8ed5d0dbf7f66dc57cafc39262172026d7efea6aab76","data/international/six/db6-5010.000.chunk":"b842fd58f936f742947a84e4587ba88fbc656ffa85371e2e75f57b79af612c5b","data/international/six/db6-5010.idx":"bd8c7a7853c0528d92799fbad5a1344a1ae4e7478598c9c82171afccef8cee41","data/international/six/manifest.json":"6532df5af4306b1b6b16723155b756faacef549bcc8292ccbf0e7663a707a28c","data/international/tunstall-v2.bin":"92fa921a410c270c3126811dc2d8af22e1691aedaaf0d020ee01adbe572d26a9","dist/corpus-pack.json":"6d570320bbb75d898f29cf6fe6c93faef556899cfa0be0a6a33e8cdd862b4cb9","dist/worker-american.mjs":"950c58445422dbd59898195a526ad4fc113d832dac49381fe49f2ea624b91175","dist/worker-international.mjs":"31d06dd836dd1567391b3c5051f8dc53a7904e833887b045be19354f70ae1ee2","LICENSE":"e65a07d64c485ec9ffc4f7af9bd03035e365d9cf6bd3f12151f94139ffa86421","manifest.json":"909e9ec620b946f1e5612e47f837ae4aa2701252bebf2f32d08af756a8514385","node_modules/zod/LICENSE":"3f1189b28e3866e0d979968d466b78f813f76827cfdca1fbb124cc0a5c8841f8","package-lock.json":"90e25862b9c85f01add8441dcfd1071b62d753ecdacb5bfeb1e830de52257c28","package.json":"d96d42f89bfa40bdb6ccf8f10adbec4cd59dff814e78d94bb136598b96631c66","scripts/browser-check.mjs":"ed17d67724ef0ea6af4142413b7b0130a6ee054d5653741ad6bd057b5c2443bb","scripts/browser-evidence-controls.mjs":"1355cbe8f4e12c0e8c76989abab0db6244436cbde77c893de833c329dd0fd38f","scripts/browser-evidence.mjs":"7c9a8c3c478f18535d42b49e48c815c59e82e8617de76560c473ee82a889586b","scripts/build.mjs":"d6ab129ec1f993805226a13a23bed6186c82c1047f4049fea2886a9207048c43","scripts/check.mjs":"d064d3b7b10d6186b0ecc7f3d9081d0c0936740c358ebc67ca98789be836ebc7","scripts/corpus-pack.mjs":"e5f4915f6bb14b3c6d437276091203557efff8df13caeee85970a45e38392cba","scripts/integrity.mjs":"a0049c52b21e0494a48e1b61012c1d8f3838e5fc939187e905f3a479d060d2f0","src/bot-worker.ts":"eba2ca17afbccf6bcf06c20eb8d2aa776a3157112c2ec3db922933a39c78d653","src/bots.ts":"450791148c7bb7c6c3d74dfa732917f51472c127abf2d32b9436376de3acc219","src/browser.ts":"dc29bcf9d10189bf92983344854970dcfb54b3366c25558d695d04e72e39dcdf","src/chinook-corpus.ts":"d38d8fc850c1d27d0e5d4b883bd87798278761a16ad5973dc78b3b3b867e08c8","src/chinook.ts":"97310193de9dda474899a027d3519bbd536db9ee2a6ca6530a7e218f7fe5f32a","src/core.ts":"516f8b970c8cd1298882b76b8e61552f74464ea4224207c304f436e2e3532c6b","src/draws.ts":"e256daaef8fb43b498e8adcb71a77451c55aa9b1c24fc0a44bc36ee613dda4d1","src/endgame.ts":"f9f6cea20233c09dbd4cc3cf1337300ecc0cd5b833674e94baa193d04db98821","src/international-corpus.ts":"356c00f5c25642a9393e73e16306f0e02bb31e10818e0cdcfd99e26534b84a8a","src/international-indexes.ts":"fb56f60992bbbb589bd4069d565672aba4f5a61227a5380a874e6001ee991625","src/international-search.ts":"67b4ba228bfbf4e122c65c3619a0d529be07a3e3423f1ad5c51227d5f99962ee","src/international-six-data.ts":"08566eb9e7c6d7b324ac3a26f72edf86f8b22634361ec052d099bdab88e851d6","src/international-six-indexes.ts":"641218fe08800d06c9ec0b592cbac46978cd0d64249cff4f32b32eff77797c99","src/international.ts":"832f0dc95b0d8ac14e61af29914796df3128856c1617dbd8c8c24d20319b21ce","src/moves.ts":"d4ea90d730fb1add4f3d8fb98401fb9030a3e1e5ab83eb209b4a7839bd0044e1","src/play.template.html":"2d0345f395daa04b5bbe7153b4045bd2b553d28f0deaeaa689ad4aedc559dcef","src/retrograde.ts":"62ac9082dd82914f4a39e29d448b2e2defb03d2292090a110d747545052eca03","src/schema.ts":"416cb6ea418a0c71eb31e4cf8452bb16fbf455d23bd338a0326a76c22e0670ee","src/types.ts":"079cd5dbb2e20329bf386c3f506c3009534d2afce98804a1a999a239fe1cb16a","THIRD-PARTY-LICENSES.txt":"872acef306116e979ae43e6f20df09f3b040019ebbbcb2070d229f0ab5fe52f6","tsconfig.json":"fcc94a699ca26c01b4f9c4422dd4e5ab6811420993f5af01d9c6659549cd257c"},"sourceSha256After":"5ed2173b7264574565dd29ff14773236cac5a00833bf75df3de9e64a66451801","htmlBytesAfter":1390845993,"checks":[{"profile":"desktop","name":"disk load, no external assets and reduced motion","pass":true},{"profile":"desktop","name":"American standard board and complete hot-seat turn","pass":true},{"profile":"desktop","name":"multi-jump draft leaves the actual position unchanged","pass":true},{"profile":"desktop","name":"American crown ends the capture turn","pass":true},{"profile":"desktop","name":"International full maximum capture and promotion","pass":true},{"profile":"desktop","name":"International crown transit stays a man","pass":true},{"profile":"desktop","name":"pause/resume and optional exact deadline forfeit","pass":true},{"profile":"desktop","name":"winner/results and explicit next table","pass":true},{"profile":"desktop","name":"manual Strong move uses local full-corpus worker and preserves legal core choice","pass":true},{"profile":"desktop","name":"International actual2–5 corpus worker prepares offline and preserves pending input","pass":true},{"profile":"desktop","name":"International actual six-piece Strong worker reads original local blocks","pass":true},{"profile":"desktop","name":"consecutive bot turns reuse the prepared worker and pause cancels it","pass":true},{"profile":"desktop","name":"pause cancels worker before it can apply an old move","pass":true},{"profile":"desktop","name":"names remain text and hostile original IDs have finite public results","pass":true},{"profile":"desktop","name":"viewport fits both boards and all controls","pass":true},{"profile":"phone","name":"disk load, no external assets and reduced motion","pass":true},{"profile":"phone","name":"American standard board and complete hot-seat turn","pass":true},{"profile":"phone","name":"multi-jump draft leaves the actual position unchanged","pass":true},{"profile":"phone","name":"American crown ends the capture turn","pass":true},{"profile":"phone","name":"International full maximum capture and promotion","pass":true},{"profile":"phone","name":"International crown transit stays a man","pass":true},{"profile":"phone","name":"pause/resume and optional exact deadline forfeit","pass":true},{"profile":"phone","name":"winner/results and explicit next table","pass":true},{"profile":"phone","name":"manual Strong move uses local full-corpus worker and preserves legal core choice","pass":true},{"profile":"phone","name":"International actual2–5 corpus worker prepares offline and preserves pending input","pass":true},{"profile":"phone","name":"International actual six-piece Strong worker reads original local blocks","pass":true},{"profile":"phone","name":"consecutive bot turns reuse the prepared worker and pause cancels it","pass":true},{"profile":"phone","name":"pause cancels worker before it can apply an old move","pass":true},{"profile":"phone","name":"names remain text and hostile original IDs have finite public results","pass":true},{"profile":"phone","name":"viewport fits both boards and all controls","pass":true}],"totalChecks":30}
2026-10-08T22:44:43.4137193Z {"status":"PASS","stage":"browser","sourceCommit":"9109bd50a9b851b68c97ae932f024f2911f6b54d","elapsedSeconds":278.594148179}
2026-10-08T22:44:43.4243125Z ##[group]Run actions/upload-artifact@v4
2026-10-08T22:44:43.4243406Z with:
2026-10-08T22:44:43.4243681Z   name: G10-stage-browser-9109bd50a9b851b68c97ae932f024f2911f6b54d
2026-10-08T22:44:43.4244283Z   path: jobs/G10-checkers/.work-stage-browser.stdout
jobs/G10-checkers/.work/checks
jobs/G10-checkers/.work/browser
jobs/G10-checkers/.work/media

2026-10-08T22:44:43.4244825Z   if-no-files-found: error
2026-10-08T22:44:43.4245055Z   include-hidden-files: true
2026-10-08T22:44:43.4245277Z   retention-days: 7
2026-10-08T22:44:43.4245475Z   compression-level: 6
2026-10-08T22:44:43.4245672Z   overwrite: false
2026-10-08T22:44:43.4245862Z env:
2026-10-08T22:44:43.4246087Z   G10_SOURCE_COMMIT: 9109bd50a9b851b68c97ae932f024f2911f6b54d
2026-10-08T22:44:43.4246364Z ##[endgroup]
2026-10-08T22:44:43.5746254Z (node:4788) [DEP0040] DeprecationWarning: The `punycode` module is deprecated. Please use a userland alternative instead.
2026-10-08T22:44:43.5747145Z (Use `node --trace-deprecation ...` to show where the warning was created)
2026-10-08T22:44:43.5858899Z Multiple search paths detected. Calculating the least common ancestor of all paths
2026-10-08T22:44:43.5861313Z The least common ancestor is /home/runner/work/partybox-game-cores/partybox-game-cores/jobs/G10-checkers. This will be the root directory of the artifact
2026-10-08T22:44:43.5862423Z With the provided path, there will be 18 files uploaded
2026-10-08T22:44:43.5863068Z Artifact name is valid!
2026-10-08T22:44:43.5863332Z Root directory input is valid!
2026-10-08T22:44:43.9272001Z Beginning upload of artifact content to blob storage
2026-10-08T22:44:44.2602193Z (node:4788) [DEP0169] DeprecationWarning: `url.parse()` behavior is not standardized and prone to errors that have security implications. Use the WHATWG URL API instead. CVEs are not issued for `url.parse()` vulnerabilities.
2026-10-08T22:44:44.9258744Z Uploaded bytes 8388608
2026-10-08T22:44:44.9876327Z Uploaded bytes 8751024
2026-10-08T22:44:45.0449206Z Finished uploading artifact content to blob storage!
2026-10-08T22:44:45.0450166Z SHA256 digest of uploaded artifact zip is 574314fcd4d5eb845e57b484001c1c0fb9fc01492972cfd648b72069938b97d1
2026-10-08T22:44:45.0451202Z Finalizing artifact upload
2026-10-08T22:44:45.3819860Z Artifact G10-stage-browser-9109bd50a9b851b68c97ae932f024f2911f6b54d.zip successfully finalized. Artifact ID 11583771790
2026-10-08T22:44:45.3821059Z Artifact G10-stage-browser-9109bd50a9b851b68c97ae932f024f2911f6b54d has been successfully uploaded! Final size is 8751024 bytes. Artifact ID is 11583771790
2026-10-08T22:44:45.3825458Z Artifact download URL: https://github.com/luisitin/partybox-game-cores/actions/runs/37854753140/artifacts/11583771790
2026-10-08T22:44:45.3969128Z Post job cleanup.
2026-10-08T22:44:45.5029943Z (node:4801) [DEP0040] DeprecationWarning: The `punycode` module is deprecated. Please use a userland alternative instead.
2026-10-08T22:44:45.5030886Z (Use `node --trace-deprecation ...` to show where the warning was created)
2026-10-08T22:44:45.5032370Z Cache hit occurred on the primary key node-cache-Linux-x64-npm-b79e3f2344d4218dbbb2f93f566da8e1ac49738aa1184813b150890d461d0c8a, not saving cache.
2026-10-08T22:44:45.5129298Z Post job cleanup.
2026-10-08T22:44:45.5888535Z [command]/usr/bin/git version
2026-10-08T22:44:45.5924871Z git version 2.55.0
2026-10-08T22:44:45.5963582Z Temporarily overriding HOME='/home/runner/work/_temp/ddc1f417-5fc0-4b64-af34-87f68cefa4eb' before making global git config changes
2026-10-08T22:44:45.5965382Z Adding repository directory to the temporary git global config as a safe directory
2026-10-08T22:44:45.5971532Z [command]/usr/bin/git config --global --add safe.directory /home/runner/work/partybox-game-cores/partybox-game-cores
2026-10-08T22:44:45.6019145Z [command]/usr/bin/git config --local --name-only --get-regexp core\.sshCommand
2026-10-08T22:44:45.6054052Z [command]/usr/bin/git submodule foreach --recursive sh -c "git config --local --name-only --get-regexp 'core\.sshCommand' && git config --local --unset-all 'core.sshCommand' || :"
2026-10-08T22:44:45.6252849Z [command]/usr/bin/git config --local --name-only --get-regexp http\.https\:\/\/github\.com\/\.extraheader
2026-10-08T22:44:45.6267524Z http.https://github.com/.extraheader
2026-10-08T22:44:45.6286696Z [command]/usr/bin/git config --local --unset-all http.https://github.com/.extraheader
2026-10-08T22:44:45.6315753Z [command]/usr/bin/git submodule foreach --recursive sh -c "git config --local --name-only --get-regexp 'http\.https\:\/\/github\.com\/\.extraheader' && git config --local --unset-all 'http.https://github.com/.extraheader' || :"
2026-10-08T22:44:45.6510532Z [command]/usr/bin/git config --local --name-only --get-regexp ^includeIf\.gitdir:
2026-10-08T22:44:45.6539885Z [command]/usr/bin/git submodule foreach --recursive git config --local --show-origin --name-only --get-regexp remote.origin.url
2026-10-08T22:44:45.6914990Z Cleaning up orphan processes
2026-10-08T22:44:45.7161099Z ##[warning]Node.js 20 is deprecated. The following actions target Node.js 20 but are being forced to run on Node.js 24: actions/checkout@v4, actions/setup-node@v4, actions/upload-artifact@v4. For more information see: https://github.blog/changelog/2025-09-19-deprecation-of-node-20-on-github-actions-runners/

