2026-10-08T22:55:09.0869791Z Current runner version: '2.337.0'
2026-10-08T22:55:09.0894644Z ##[group]Runner Image Provisioner
2026-10-08T22:55:09.0895442Z Hosted Compute Agent
2026-10-08T22:55:09.0896075Z Version: 20261002.596
2026-10-08T22:55:09.0896646Z Commit: c3d12f3313a95f25162a1503be624f3b0617f8c0
2026-10-08T22:55:09.0897318Z Build Date: 2026-10-02T22:28:27Z
2026-10-08T22:55:09.0897943Z Worker ID: {e9bcdb9f-90bd-4e9b-9297-f1e88387b4c1}
2026-10-08T22:55:09.0898603Z Region: westus3
2026-10-08T22:55:09.0899153Z Cloud: Azure
2026-10-08T22:55:09.0899633Z ##[endgroup]
2026-10-08T22:55:09.0901029Z ##[group]Operating System
2026-10-08T22:55:09.0902011Z Ubuntu
2026-10-08T22:55:09.0902473Z 24.04.5
2026-10-08T22:55:09.0902988Z LTS
2026-10-08T22:55:09.0903444Z ##[endgroup]
2026-10-08T22:55:09.0903919Z ##[group]Runner Image
2026-10-08T22:55:09.0904576Z Image: ubuntu-24.04
2026-10-08T22:55:09.0905104Z Version: 20261004.327.1
2026-10-08T22:55:09.0906304Z Included Software: https://github.com/actions/runner-images/blob/ubuntu24/20261004.327/images/ubuntu/Ubuntu2404-Readme.md
2026-10-08T22:55:09.0907660Z Image Release: https://github.com/actions/runner-images/releases/tag/ubuntu24%2F20261004.327
2026-10-08T22:55:09.0908601Z ##[endgroup]
2026-10-08T22:55:09.0909576Z ##[group]GITHUB_TOKEN Permissions
2026-10-08T22:55:09.0911762Z Contents: read
2026-10-08T22:55:09.0912322Z Metadata: read
2026-10-08T22:55:09.0912893Z ##[endgroup]
2026-10-08T22:55:09.0914980Z Secret source: Actions
2026-10-08T22:55:09.0915919Z Cache mode: write
2026-10-08T22:55:09.0916541Z Prepare workflow directory
2026-10-08T22:55:09.1447722Z Prepare all required actions
2026-10-08T22:55:09.1497890Z Getting action download info
2026-10-08T22:55:09.4515069Z Download action repository 'actions/checkout@v4' (SHA:11d5960a326750d5838078e36cf38b85af677262)
2026-10-08T22:55:09.5527733Z Download action repository 'actions/setup-node@v4' (SHA:49933ea5288caeca8642d1e84afbd3f7d6820020)
2026-10-08T22:55:09.6292908Z Download action repository 'actions/download-artifact@v4' (SHA:d3f86a106a0bac45b974a628896c90dbdf5c8093)
2026-10-08T22:55:10.3105953Z Download action repository 'actions/upload-artifact@v4' (SHA:ea165f8d65b6e75b540449e92b4886f43607fa02)
2026-10-08T22:55:10.5282164Z Complete job name: delivery
2026-10-08T22:55:10.5999364Z ##[group]Run actions/checkout@v4
2026-10-08T22:55:10.6000262Z with:
2026-10-08T22:55:10.6000793Z   ref: 9109bd50a9b851b68c97ae932f024f2911f6b54d
2026-10-08T22:55:10.6001906Z   repository: luisitin/partybox-game-cores
2026-10-08T22:55:10.6006067Z   token: ***
2026-10-08T22:55:10.6006548Z   ssh-strict: true
2026-10-08T22:55:10.6007028Z   ssh-user: git
2026-10-08T22:55:10.6007529Z   persist-credentials: true
2026-10-08T22:55:10.6008070Z   clean: true
2026-10-08T22:55:10.6008567Z   sparse-checkout-cone-mode: true
2026-10-08T22:55:10.6009137Z   fetch-depth: 1
2026-10-08T22:55:10.6009615Z   fetch-tags: false
2026-10-08T22:55:10.6010125Z   show-progress: true
2026-10-08T22:55:10.6010634Z   lfs: false
2026-10-08T22:55:10.6011221Z   submodules: false
2026-10-08T22:55:10.6011740Z   set-safe-directory: true
2026-10-08T22:55:10.6012340Z   allow-unsafe-pr-checkout: false
2026-10-08T22:55:10.6013276Z env:
2026-10-08T22:55:10.6013899Z   G10_SOURCE_COMMIT: 9109bd50a9b851b68c97ae932f024f2911f6b54d
2026-10-08T22:55:10.6014614Z ##[endgroup]
2026-10-08T22:55:10.7053280Z Syncing repository: luisitin/partybox-game-cores
2026-10-08T22:55:10.7055530Z ##[group]Getting Git version info
2026-10-08T22:55:10.7056589Z Working directory is '/home/runner/work/partybox-game-cores/partybox-game-cores'
2026-10-08T22:55:10.7057862Z [command]/usr/bin/git version
2026-10-08T22:55:10.7170025Z git version 2.55.0
2026-10-08T22:55:10.7190287Z ##[endgroup]
2026-10-08T22:55:10.7205995Z Temporarily overriding HOME='/home/runner/work/_temp/dd7cb67e-83b3-4899-be9b-ce1e6148c6b7' before making global git config changes
2026-10-08T22:55:10.7209256Z Adding repository directory to the temporary git global config as a safe directory
2026-10-08T22:55:10.7214342Z [command]/usr/bin/git config --global --add safe.directory /home/runner/work/partybox-game-cores/partybox-game-cores
2026-10-08T22:55:10.7267634Z Deleting the contents of '/home/runner/work/partybox-game-cores/partybox-game-cores'
2026-10-08T22:55:10.7271729Z ##[group]Initializing the repository
2026-10-08T22:55:10.7275539Z [command]/usr/bin/git init /home/runner/work/partybox-game-cores/partybox-game-cores
2026-10-08T22:55:10.7393244Z hint: Using 'master' as the name for the initial branch. This default branch name
2026-10-08T22:55:10.7395736Z hint: will change to "main" in Git 3.0. To configure the initial branch name
2026-10-08T22:55:10.7397753Z hint: to use in all of your new repositories, which will suppress this warning,
2026-10-08T22:55:10.7399443Z hint: call:
2026-10-08T22:55:10.7400307Z hint:
2026-10-08T22:55:10.7401637Z hint: 	git config --global init.defaultBranch <name>
2026-10-08T22:55:10.7403005Z hint:
2026-10-08T22:55:10.7404264Z hint: Names commonly chosen instead of 'master' are 'main', 'trunk' and
2026-10-08T22:55:10.7406454Z hint: 'development'. The just-created branch can be renamed via this command:
2026-10-08T22:55:10.7408047Z hint:
2026-10-08T22:55:10.7408922Z hint: 	git branch -m <name>
2026-10-08T22:55:10.7409927Z hint:
2026-10-08T22:55:10.7411535Z hint: Disable this message with "git config set advice.defaultBranchName false"
2026-10-08T22:55:10.7414437Z Initialized empty Git repository in /home/runner/work/partybox-game-cores/partybox-game-cores/.git/
2026-10-08T22:55:10.7418729Z [command]/usr/bin/git remote add origin https://github.com/luisitin/partybox-game-cores
2026-10-08T22:55:10.7466597Z ##[endgroup]
2026-10-08T22:55:10.7468309Z ##[group]Disabling automatic garbage collection
2026-10-08T22:55:10.7470584Z [command]/usr/bin/git config --local gc.auto 0
2026-10-08T22:55:10.7508378Z ##[endgroup]
2026-10-08T22:55:10.7510236Z ##[group]Setting up auth
2026-10-08T22:55:10.7515339Z [command]/usr/bin/git config --local --name-only --get-regexp core\.sshCommand
2026-10-08T22:55:10.7571990Z [command]/usr/bin/git submodule foreach --recursive sh -c "git config --local --name-only --get-regexp 'core\.sshCommand' && git config --local --unset-all 'core.sshCommand' || :"
2026-10-08T22:55:10.7970604Z [command]/usr/bin/git config --local --name-only --get-regexp http\.https\:\/\/github\.com\/\.extraheader
2026-10-08T22:55:10.8009394Z [command]/usr/bin/git submodule foreach --recursive sh -c "git config --local --name-only --get-regexp 'http\.https\:\/\/github\.com\/\.extraheader' && git config --local --unset-all 'http.https://github.com/.extraheader' || :"
2026-10-08T22:55:10.8203108Z [command]/usr/bin/git config --local --name-only --get-regexp ^includeIf\.gitdir:
2026-10-08T22:55:10.8236396Z [command]/usr/bin/git submodule foreach --recursive git config --local --show-origin --name-only --get-regexp remote.origin.url
2026-10-08T22:55:10.8426411Z [command]/usr/bin/git config --local http.https://github.com/.extraheader AUTHORIZATION: basic ***
2026-10-08T22:55:10.8463862Z ##[endgroup]
2026-10-08T22:55:10.8464844Z ##[group]Fetching the repository
2026-10-08T22:55:10.8473733Z [command]/usr/bin/git -c protocol.version=2 fetch --no-tags --prune --no-recurse-submodules --depth=1 origin 9109bd50a9b851b68c97ae932f024f2911f6b54d
2026-10-08T22:55:30.9517125Z From https://github.com/luisitin/partybox-game-cores
2026-10-08T22:55:30.9518285Z  * branch            9109bd50a9b851b68c97ae932f024f2911f6b54d -> FETCH_HEAD
2026-10-08T22:55:30.9522306Z ##[endgroup]
2026-10-08T22:55:30.9523406Z ##[group]Determining the checkout info
2026-10-08T22:55:30.9524482Z ##[endgroup]
2026-10-08T22:55:30.9530680Z [command]/usr/bin/git sparse-checkout disable
2026-10-08T22:55:30.9588605Z [command]/usr/bin/git config --local --unset-all extensions.worktreeConfig
2026-10-08T22:55:30.9615307Z ##[group]Checking out the ref
2026-10-08T22:55:30.9619524Z [command]/usr/bin/git checkout --progress --force 9109bd50a9b851b68c97ae932f024f2911f6b54d
2026-10-08T22:55:32.8483875Z Updating files:  11% (178/1609)
2026-10-08T22:55:32.9880489Z Updating files:  12% (194/1609)
2026-10-08T22:55:33.8974075Z Updating files:  12% (196/1609)
2026-10-08T22:55:34.0396493Z Updating files:  13% (210/1609)
2026-10-08T22:55:35.0095793Z Updating files:  13% (213/1609)
2026-10-08T22:55:35.2938822Z Updating files:  13% (224/1609)
2026-10-08T22:55:35.9813247Z Updating files:  14% (226/1609)
2026-10-08T22:55:36.2530308Z Updating files:  14% (240/1609)
2026-10-08T22:55:36.9689194Z Updating files:  15% (242/1609)
2026-10-08T22:55:36.9692757Z Updating files:  15% (257/1609)
2026-10-08T22:55:37.0231775Z Updating files:  16% (258/1609)
2026-10-08T22:55:37.0237113Z Updating files:  17% (274/1609)
2026-10-08T22:55:37.0244982Z Updating files:  18% (290/1609)
2026-10-08T22:55:37.0252119Z Updating files:  19% (306/1609)
2026-10-08T22:55:37.0461987Z Updating files:  20% (322/1609)
2026-10-08T22:55:37.0466870Z Updating files:  21% (338/1609)
2026-10-08T22:55:37.0483466Z Updating files:  22% (354/1609)
2026-10-08T22:55:37.0652013Z Updating files:  23% (371/1609)
2026-10-08T22:55:37.0662045Z Updating files:  24% (387/1609)
2026-10-08T22:55:37.0662908Z Updating files:  25% (403/1609)
2026-10-08T22:55:37.0667260Z Updating files:  26% (419/1609)
2026-10-08T22:55:37.0694673Z Updating files:  27% (435/1609)
2026-10-08T22:55:37.0711960Z Updating files:  28% (451/1609)
2026-10-08T22:55:37.0725980Z Updating files:  29% (467/1609)
2026-10-08T22:55:37.0737563Z Updating files:  30% (483/1609)
2026-10-08T22:55:37.0750889Z Updating files:  31% (499/1609)
2026-10-08T22:55:37.0758337Z Updating files:  32% (515/1609)
2026-10-08T22:55:37.0767224Z Updating files:  33% (531/1609)
2026-10-08T22:55:37.0872955Z Updating files:  34% (548/1609)
2026-10-08T22:55:37.1070382Z Updating files:  35% (564/1609)
2026-10-08T22:55:37.1255716Z Updating files:  36% (580/1609)
2026-10-08T22:55:37.1263764Z Updating files:  37% (596/1609)
2026-10-08T22:55:37.1375426Z Updating files:  38% (612/1609)
2026-10-08T22:55:37.1556041Z Updating files:  39% (628/1609)
2026-10-08T22:55:37.1561483Z Updating files:  40% (644/1609)
2026-10-08T22:55:37.1772259Z Updating files:  41% (660/1609)
2026-10-08T22:55:37.1782012Z Updating files:  42% (676/1609)
2026-10-08T22:55:37.1799650Z Updating files:  43% (692/1609)
2026-10-08T22:55:37.1863919Z Updating files:  44% (708/1609)
2026-10-08T22:55:37.1871465Z Updating files:  45% (725/1609)
2026-10-08T22:55:37.1878514Z Updating files:  46% (741/1609)
2026-10-08T22:55:37.1902347Z Updating files:  47% (757/1609)
2026-10-08T22:55:37.2009199Z Updating files:  48% (773/1609)
2026-10-08T22:55:37.2098443Z Updating files:  49% (789/1609)
2026-10-08T22:55:37.2261530Z Updating files:  50% (805/1609)
2026-10-08T22:55:37.2409637Z Updating files:  51% (821/1609)
2026-10-08T22:55:37.2569726Z Updating files:  52% (837/1609)
2026-10-08T22:55:37.2602039Z Updating files:  53% (853/1609)
2026-10-08T22:55:37.2602701Z Updating files:  54% (869/1609)
2026-10-08T22:55:37.2616774Z Updating files:  55% (885/1609)
2026-10-08T22:55:37.2655540Z Updating files:  56% (902/1609)
2026-10-08T22:55:37.2701774Z Updating files:  57% (918/1609)
2026-10-08T22:55:37.2706465Z Updating files:  58% (934/1609)
2026-10-08T22:55:37.2745604Z Updating files:  59% (950/1609)
2026-10-08T22:55:37.2783811Z Updating files:  60% (966/1609)
2026-10-08T22:55:37.2832585Z Updating files:  61% (982/1609)
2026-10-08T22:55:37.2867931Z Updating files:  62% (998/1609)
2026-10-08T22:55:37.2913525Z Updating files:  63% (1014/1609)
2026-10-08T22:55:37.2920213Z Updating files:  64% (1030/1609)
2026-10-08T22:55:37.2950215Z Updating files:  65% (1046/1609)
2026-10-08T22:55:37.2980933Z Updating files:  66% (1062/1609)
2026-10-08T22:55:37.3009509Z Updating files:  67% (1079/1609)
2026-10-08T22:55:37.3034402Z Updating files:  68% (1095/1609)
2026-10-08T22:55:37.3074963Z Updating files:  69% (1111/1609)
2026-10-08T22:55:37.3093408Z Updating files:  70% (1127/1609)
2026-10-08T22:55:37.3114164Z Updating files:  71% (1143/1609)
2026-10-08T22:55:37.3144779Z Updating files:  72% (1159/1609)
2026-10-08T22:55:37.3174528Z Updating files:  73% (1175/1609)
2026-10-08T22:55:37.3228849Z Updating files:  74% (1191/1609)
2026-10-08T22:55:37.3259108Z Updating files:  75% (1207/1609)
2026-10-08T22:55:37.3265920Z Updating files:  76% (1223/1609)
2026-10-08T22:55:37.3270865Z Updating files:  77% (1239/1609)
2026-10-08T22:55:37.3290350Z Updating files:  78% (1256/1609)
2026-10-08T22:55:37.3297010Z Updating files:  79% (1272/1609)
2026-10-08T22:55:37.3301586Z Updating files:  80% (1288/1609)
2026-10-08T22:55:37.3306926Z Updating files:  81% (1304/1609)
2026-10-08T22:55:37.3310418Z Updating files:  82% (1320/1609)
2026-10-08T22:55:37.3328217Z Updating files:  83% (1336/1609)
2026-10-08T22:55:37.3334298Z Updating files:  84% (1352/1609)
2026-10-08T22:55:37.3352996Z Updating files:  85% (1368/1609)
2026-10-08T22:55:37.3362830Z Updating files:  86% (1384/1609)
2026-10-08T22:55:37.3369892Z Updating files:  87% (1400/1609)
2026-10-08T22:55:37.3379738Z Updating files:  88% (1416/1609)
2026-10-08T22:55:37.3391445Z Updating files:  89% (1433/1609)
2026-10-08T22:55:37.3427016Z Updating files:  90% (1449/1609)
2026-10-08T22:55:37.3511278Z Updating files:  91% (1465/1609)
2026-10-08T22:55:37.3523024Z Updating files:  92% (1481/1609)
2026-10-08T22:55:37.3529552Z Updating files:  93% (1497/1609)
2026-10-08T22:55:37.3877092Z Updating files:  94% (1513/1609)
2026-10-08T22:55:37.7151468Z Updating files:  95% (1529/1609)
2026-10-08T22:55:37.7155055Z Updating files:  96% (1545/1609)
2026-10-08T22:55:37.7163425Z Updating files:  97% (1561/1609)
2026-10-08T22:55:37.7168352Z Updating files:  98% (1577/1609)
2026-10-08T22:55:37.7176582Z Updating files:  99% (1593/1609)
2026-10-08T22:55:37.7177697Z Updating files: 100% (1609/1609)
2026-10-08T22:55:37.7178556Z Updating files: 100% (1609/1609), done.
2026-10-08T22:55:37.7199815Z Note: switching to '9109bd50a9b851b68c97ae932f024f2911f6b54d'.
2026-10-08T22:55:37.7200396Z 
2026-10-08T22:55:37.7200819Z You are in 'detached HEAD' state. You can look around, make experimental
2026-10-08T22:55:37.7201951Z changes and commit them, and you can discard any commits you make in this
2026-10-08T22:55:37.7202743Z state without impacting any branches by switching back to a branch.
2026-10-08T22:55:37.7203098Z 
2026-10-08T22:55:37.7203313Z If you want to create a new branch to retain commits you create, you may
2026-10-08T22:55:37.7204081Z do so (now or later) by using -c with the switch command. Example:
2026-10-08T22:55:37.7204381Z 
2026-10-08T22:55:37.7204508Z   git switch -c <new-branch-name>
2026-10-08T22:55:37.7204715Z 
2026-10-08T22:55:37.7204834Z Or undo this operation with:
2026-10-08T22:55:37.7205025Z 
2026-10-08T22:55:37.7205135Z   git switch -
2026-10-08T22:55:37.7205277Z 
2026-10-08T22:55:37.7205522Z Turn off this advice by setting config variable advice.detachedHead to false
2026-10-08T22:55:37.7205861Z 
2026-10-08T22:55:37.7206109Z HEAD is now at 9109bd5 G10 verify current PR downloads and repair Ubuntu mirror
2026-10-08T22:55:37.7306091Z ##[endgroup]
2026-10-08T22:55:37.7342430Z [command]/usr/bin/git log -1 --format=%H
2026-10-08T22:55:37.7367486Z 9109bd50a9b851b68c97ae932f024f2911f6b54d
2026-10-08T22:55:37.7610349Z ##[group]Run actions/setup-node@v4
2026-10-08T22:55:37.7610677Z with:
2026-10-08T22:55:37.7610916Z   node-version: 22.16.0
2026-10-08T22:55:37.7611298Z   cache: npm
2026-10-08T22:55:37.7611605Z   cache-dependency-path: jobs/G10-checkers/package-lock.json
2026-10-08T22:55:37.7611996Z   always-auth: false
2026-10-08T22:55:37.7612266Z   check-latest: false
2026-10-08T22:55:37.7614702Z   token: ***
2026-10-08T22:55:37.7614911Z env:
2026-10-08T22:55:37.7615183Z   G10_SOURCE_COMMIT: 9109bd50a9b851b68c97ae932f024f2911f6b54d
2026-10-08T22:55:37.7615501Z ##[endgroup]
2026-10-08T22:55:37.8973793Z Attempting to download 22.16.0...
2026-10-08T22:55:37.9081406Z (node:2293) [DEP0040] DeprecationWarning: The `punycode` module is deprecated. Please use a userland alternative instead.
2026-10-08T22:55:37.9082125Z (Use `node --trace-deprecation ...` to show where the warning was created)
2026-10-08T22:55:38.9180543Z Acquiring 22.16.0 - x64 from https://github.com/actions/node-versions/releases/download/22.16.0-15177438473/node-22.16.0-linux-x64.tar.gz
2026-10-08T22:55:39.5121393Z Extracting ...
2026-10-08T22:55:39.5233420Z [command]/usr/bin/tar xz --strip 1 --warning=no-unknown-keyword --overwrite -C /home/runner/work/_temp/0960a90c-3e73-4866-8572-b75a19e8ba3a -f /home/runner/work/_temp/efb67311-047d-4770-a204-6933f47e3e1a
2026-10-08T22:55:40.6329183Z Adding to the cache ...
2026-10-08T22:55:42.6016210Z ##[group]Environment details
2026-10-08T22:55:42.8299217Z node: v22.16.0
2026-10-08T22:55:42.8299596Z npm: 10.9.2
2026-10-08T22:55:42.8299895Z yarn: 1.22.22
2026-10-08T22:55:42.8300395Z ##[endgroup]
2026-10-08T22:55:42.8319387Z [command]/opt/hostedtoolcache/node/22.16.0/x64/bin/npm config get cache
2026-10-08T22:55:42.9173779Z /home/runner/.npm
2026-10-08T22:55:43.1340697Z Cache hit for: node-cache-Linux-x64-npm-b79e3f2344d4218dbbb2f93f566da8e1ac49738aa1184813b150890d461d0c8a
2026-10-08T22:55:43.1458068Z (node:2293) [DEP0169] DeprecationWarning: `url.parse()` behavior is not standardized and prone to errors that have security implications. Use the WHATWG URL API instead. CVEs are not issued for `url.parse()` vulnerabilities.
2026-10-08T22:55:44.3161035Z Received 12676330 of 12676330 (100.0%), 12.5 MBs/sec
2026-10-08T22:55:44.3161888Z Cache Size: ~12 MB (12676330 B)
2026-10-08T22:55:44.3289636Z [command]/usr/bin/tar -xf /home/runner/work/_temp/50aec692-eb9b-4dd8-bf69-b2aedf5da7a9/cache.tzst -P -C /home/runner/work/partybox-game-cores/partybox-game-cores --use-compress-program unzstd
2026-10-08T22:55:44.3468606Z Cache restored successfully
2026-10-08T22:55:44.3477920Z Cache restored from key: node-cache-Linux-x64-npm-b79e3f2344d4218dbbb2f93f566da8e1ac49738aa1184813b150890d461d0c8a
2026-10-08T22:55:44.3697212Z ##[group]Run npm ci --ignore-scripts --no-audit --no-fund
2026-10-08T22:55:44.3697736Z [36;1mnpm ci --ignore-scripts --no-audit --no-fund[0m
2026-10-08T22:55:44.3937791Z shell: /usr/bin/bash -e {0}
2026-10-08T22:55:44.3938094Z env:
2026-10-08T22:55:44.3938379Z   G10_SOURCE_COMMIT: 9109bd50a9b851b68c97ae932f024f2911f6b54d
2026-10-08T22:55:44.3938744Z ##[endgroup]
2026-10-08T22:55:45.2371904Z 
2026-10-08T22:55:45.2381673Z added 6 packages in 790ms
2026-10-08T22:55:45.2646600Z ##[group]Run if [ -f /etc/apt/apt-mirrors.txt ]; then
2026-10-08T22:55:45.2647019Z [36;1mif [ -f /etc/apt/apt-mirrors.txt ]; then[0m
2026-10-08T22:55:45.2647625Z [36;1m  sudo sed -i 's#http://azure.archive.ubuntu.com/ubuntu#https://archive.ubuntu.com/ubuntu#g' /etc/apt/apt-mirrors.txt[0m
2026-10-08T22:55:45.2648155Z [36;1mfi[0m
2026-10-08T22:55:45.2685085Z shell: /usr/bin/bash -e {0}
2026-10-08T22:55:45.2685363Z env:
2026-10-08T22:55:45.2685655Z   G10_SOURCE_COMMIT: 9109bd50a9b851b68c97ae932f024f2911f6b54d
2026-10-08T22:55:45.2685978Z ##[endgroup]
2026-10-08T22:55:45.2841254Z ##[group]Run sudo apt-get update
2026-10-08T22:55:45.2841593Z [36;1msudo apt-get update[0m
2026-10-08T22:55:45.2841878Z [36;1msudo apt-get install -y ffmpeg[0m
2026-10-08T22:55:45.2842157Z [36;1mffprobe -version[0m
2026-10-08T22:55:45.2842395Z [36;1mffmpeg -version[0m
2026-10-08T22:55:45.2878567Z shell: /usr/bin/bash -e {0}
2026-10-08T22:55:45.2878848Z env:
2026-10-08T22:55:45.2879118Z   G10_SOURCE_COMMIT: 9109bd50a9b851b68c97ae932f024f2911f6b54d
2026-10-08T22:55:45.2879444Z ##[endgroup]
2026-10-08T22:55:45.3583689Z Get:1 file:/etc/apt/apt-mirrors.txt Mirrorlist [139 B]
2026-10-08T22:55:45.3915450Z Get:6 https://packages.microsoft.com/ubuntu/24.04/prod noble InRelease [3600 B]
2026-10-08T22:55:45.4692439Z Get:7 https://packages.microsoft.com/ubuntu/24.04/prod noble/main armhf Packages [12.3 kB]
2026-10-08T22:55:45.4842693Z Get:8 https://packages.microsoft.com/ubuntu/24.04/prod noble/main arm64 Packages [474 kB]
2026-10-08T22:55:45.4896604Z Get:9 https://packages.microsoft.com/ubuntu/24.04/prod noble/main amd64 Packages [531 kB]
2026-10-08T22:55:45.4950623Z Get:10 https://packages.microsoft.com/ubuntu/24.04/prod noble/main all Packages [640 B]
2026-10-08T22:55:46.2299911Z Hit:2 https://archive.ubuntu.com/ubuntu noble InRelease
2026-10-08T22:55:46.3719828Z Get:3 https://archive.ubuntu.com/ubuntu noble-updates InRelease [126 kB]
2026-10-08T22:55:46.9045269Z Get:4 https://archive.ubuntu.com/ubuntu noble-backports InRelease [126 kB]
2026-10-08T22:55:47.2544520Z Get:5 https://archive.ubuntu.com/ubuntu noble-security InRelease [126 kB]
2026-10-08T22:55:47.4371623Z Get:11 https://archive.ubuntu.com/ubuntu noble-updates/main amd64 Packages [1375 kB]
2026-10-08T22:55:48.1313511Z Get:12 https://archive.ubuntu.com/ubuntu noble-updates/main Translation-en [306 kB]
2026-10-08T22:55:48.2893858Z Get:13 https://archive.ubuntu.com/ubuntu noble-updates/universe amd64 Packages [1702 kB]
2026-10-08T22:55:48.6197258Z Get:14 https://archive.ubuntu.com/ubuntu noble-updates/universe Translation-en [342 kB]
2026-10-08T22:55:48.7671788Z Get:15 https://archive.ubuntu.com/ubuntu noble-updates/restricted amd64 Packages [1761 kB]
2026-10-08T22:55:48.9834902Z Get:16 https://archive.ubuntu.com/ubuntu noble-updates/restricted Translation-en [401 kB]
2026-10-08T22:55:49.1330035Z Get:17 https://archive.ubuntu.com/ubuntu noble-updates/multiverse amd64 Packages [55.0 kB]
2026-10-08T22:55:49.2690655Z Get:18 https://archive.ubuntu.com/ubuntu noble-updates/multiverse Translation-en [14.3 kB]
2026-10-08T22:55:49.4018909Z Get:19 https://archive.ubuntu.com/ubuntu noble-security/main amd64 Packages [1115 kB]
2026-10-08T22:55:49.5811666Z Get:20 https://archive.ubuntu.com/ubuntu noble-security/main Translation-en [227 kB]
2026-10-08T22:55:49.8962373Z Get:21 https://archive.ubuntu.com/ubuntu noble-security/universe amd64 Packages [1218 kB]
2026-10-08T22:55:50.0808799Z Get:22 https://archive.ubuntu.com/ubuntu noble-security/universe Translation-en [245 kB]
2026-10-08T22:55:50.2283377Z Get:23 https://archive.ubuntu.com/ubuntu noble-security/restricted amd64 Packages [1632 kB]
2026-10-08T22:55:50.4332662Z Get:24 https://archive.ubuntu.com/ubuntu noble-security/restricted Translation-en [376 kB]
2026-10-08T22:55:50.5805502Z Get:25 https://archive.ubuntu.com/ubuntu noble-security/multiverse Translation-en [11.6 kB]
2026-10-08T22:55:52.8015003Z Fetched 12.2 MB in 5s (2323 kB/s)
2026-10-08T22:55:53.7304452Z Reading package lists...
2026-10-08T22:55:53.7624676Z Reading package lists...
2026-10-08T22:55:53.9753142Z Building dependency tree...
2026-10-08T22:55:53.9758217Z Reading state information...
2026-10-08T22:55:54.1633297Z The following additional packages will be installed:
2026-10-08T22:55:54.1634390Z   i965-va-driver intel-media-va-driver libaacs0 libass9 libasyncns0
2026-10-08T22:55:54.1635428Z   libavc1394-0 libavcodec60 libavdevice60 libavfilter9 libavformat60
2026-10-08T22:55:54.1636384Z   libavutil58 libbdplus0 libblas3 libbluray2 libbs2b0 libcaca0
2026-10-08T22:55:54.1637630Z   libcdio-cdda2t64 libcdio-paranoia2t64 libcdio19t64 libchromaprint1 libcjson1
2026-10-08T22:55:54.1638321Z   libcodec2-1.2 libdav1d7 libdc1394-25 libdecor-0-0 libdecor-0-plugin-1-gtk
2026-10-08T22:55:54.1638967Z   libflac12t64 libflite1 libgme0 libgsm1 libhwy1t64 libiec61883-0 libigdgmm12
2026-10-08T22:55:54.1639772Z   libjack-jackd2-0 libjxl0.7 liblapack3 liblilv-0-0 libmbedcrypto7t64
2026-10-08T22:55:54.1640779Z   libmp3lame0 libmpg123-0t64 libmysofa1 libopenal-data libopenal1
2026-10-08T22:55:54.1641780Z   libopenmpt0t64 libopus0 libplacebo338 libpocketsphinx3 libpostproc57
2026-10-08T22:55:54.1642392Z   libpulse0 librav1e0 libraw1394-11 librist4 librsvg2-2 librsvg2-common
2026-10-08T22:55:54.1643012Z   librubberband2 libsamplerate0 libsdl2-2.0-0 libserd-0-0 libshine3
2026-10-08T22:55:54.1643999Z   libsndfile1 libsndio7.0 libsord-0-0 libsoxr0 libspeex1 libsphinxbase3t64
2026-10-08T22:55:54.1644591Z   libsratom-0-0 libsrt1.5-gnutls libssh-gcrypt-4 libsvtav1enc1d1
2026-10-08T22:55:54.1645195Z   libswresample4 libswscale7 libtheora0 libtwolame0 libudfread0 libunibreak5
2026-10-08T22:55:54.1646191Z   libva-drm2 libva-x11-2 libva2 libvdpau1 libvidstab1.1 libvorbisenc2 libvpl2
2026-10-08T22:55:54.1646860Z   libvpx9 libx264-164 libx265-199 libxcb-shape0 libxv1 libxvidcore4 libzimg2
2026-10-08T22:55:54.1647487Z   libzix-0-0 libzvbi-common libzvbi0t64 mesa-va-drivers mesa-vdpau-drivers
2026-10-08T22:55:54.1648107Z   ocl-icd-libopencl1 pocketsphinx-en-us va-driver-all vdpau-driver-all
2026-10-08T22:55:54.1657283Z Suggested packages:
2026-10-08T22:55:54.1658101Z   ffmpeg-doc i965-va-driver-shaders libcuda1 libnvcuvid1 libnvidia-encode1
2026-10-08T22:55:54.1658872Z   libbluray-bdj jackd2 libportaudio2 opus-tools pulseaudio libraw1394-doc
2026-10-08T22:55:54.1659585Z   librsvg2-bin serdi sndiod sordi speex opencl-icd libvdpau-va-gl1
2026-10-08T22:55:54.2091360Z The following NEW packages will be installed:
2026-10-08T22:55:54.2093073Z   ffmpeg i965-va-driver intel-media-va-driver libaacs0 libass9 libasyncns0
2026-10-08T22:55:54.2094050Z   libavc1394-0 libavcodec60 libavdevice60 libavfilter9 libavformat60
2026-10-08T22:55:54.2094894Z   libavutil58 libbdplus0 libblas3 libbluray2 libbs2b0 libcaca0
2026-10-08T22:55:54.2095772Z   libcdio-cdda2t64 libcdio-paranoia2t64 libcdio19t64 libchromaprint1 libcjson1
2026-10-08T22:55:54.2096729Z   libcodec2-1.2 libdav1d7 libdc1394-25 libdecor-0-0 libdecor-0-plugin-1-gtk
2026-10-08T22:55:54.2097721Z   libflac12t64 libflite1 libgme0 libgsm1 libhwy1t64 libiec61883-0 libigdgmm12
2026-10-08T22:55:54.2098628Z   libjack-jackd2-0 libjxl0.7 liblapack3 liblilv-0-0 libmbedcrypto7t64
2026-10-08T22:55:54.2099117Z   libmp3lame0 libmpg123-0t64 libmysofa1 libopenal-data libopenal1
2026-10-08T22:55:54.2099600Z   libopenmpt0t64 libopus0 libplacebo338 libpocketsphinx3 libpostproc57
2026-10-08T22:55:54.2100210Z   libpulse0 librav1e0 libraw1394-11 librist4 librsvg2-2 librsvg2-common
2026-10-08T22:55:54.2101149Z   librubberband2 libsamplerate0 libsdl2-2.0-0 libserd-0-0 libshine3
2026-10-08T22:55:54.2102042Z   libsndfile1 libsndio7.0 libsord-0-0 libsoxr0 libspeex1 libsphinxbase3t64
2026-10-08T22:55:54.2102922Z   libsratom-0-0 libsrt1.5-gnutls libssh-gcrypt-4 libsvtav1enc1d1
2026-10-08T22:55:54.2103633Z   libswresample4 libswscale7 libtheora0 libtwolame0 libudfread0 libunibreak5
2026-10-08T22:55:54.2104370Z   libva-drm2 libva-x11-2 libva2 libvdpau1 libvidstab1.1 libvorbisenc2 libvpl2
2026-10-08T22:55:54.2105112Z   libvpx9 libx264-164 libx265-199 libxcb-shape0 libxv1 libxvidcore4 libzimg2
2026-10-08T22:55:54.2105633Z   libzix-0-0 libzvbi-common libzvbi0t64 mesa-va-drivers mesa-vdpau-drivers
2026-10-08T22:55:54.2107544Z   ocl-icd-libopencl1 pocketsphinx-en-us va-driver-all vdpau-driver-all
2026-10-08T22:55:54.2291962Z 0 upgraded, 99 newly installed, 0 to remove and 23 not upgraded.
2026-10-08T22:55:54.2292441Z Need to get 94.1 MB of archives.
2026-10-08T22:55:54.2292851Z After this operation, 227 MB of additional disk space will be used.
2026-10-08T22:55:54.2293330Z Get:1 file:/etc/apt/apt-mirrors.txt Mirrorlist [139 B]
2026-10-08T22:55:54.6933074Z Get:2 https://archive.ubuntu.com/ubuntu noble-updates/universe amd64 libva2 amd64 2.20.0-2ubuntu0.2 [66.4 kB]
2026-10-08T22:55:54.8903412Z Get:3 https://archive.ubuntu.com/ubuntu noble-updates/universe amd64 libva-drm2 amd64 2.20.0-2ubuntu0.2 [7124 B]
2026-10-08T22:55:54.9579033Z Get:4 https://archive.ubuntu.com/ubuntu noble-updates/universe amd64 libva-x11-2 amd64 2.20.0-2ubuntu0.2 [12.0 kB]
2026-10-08T22:55:55.0292708Z Get:5 https://archive.ubuntu.com/ubuntu noble/main amd64 libvdpau1 amd64 1.5-2build1 [27.8 kB]
2026-10-08T22:55:55.1037727Z Get:6 https://archive.ubuntu.com/ubuntu noble/universe amd64 libvpl2 amd64 2023.3.0-1build1 [99.8 kB]
2026-10-08T22:55:55.2370455Z Get:7 https://archive.ubuntu.com/ubuntu noble/universe amd64 ocl-icd-libopencl1 amd64 2.3.2-1build1 [38.5 kB]
2026-10-08T22:55:55.3104427Z Get:8 https://archive.ubuntu.com/ubuntu noble/universe amd64 libavutil58 amd64 7:6.1.1-3ubuntu5 [401 kB]
2026-10-08T22:55:55.5071887Z Get:9 https://archive.ubuntu.com/ubuntu noble/universe amd64 libcodec2-1.2 amd64 1.2.0-2build1 [8998 kB]
2026-10-08T22:55:56.0395625Z Get:10 https://archive.ubuntu.com/ubuntu noble/universe amd64 libdav1d7 amd64 1.4.1-1build1 [604 kB]
2026-10-08T22:55:56.1077323Z Get:11 https://archive.ubuntu.com/ubuntu noble/universe amd64 libgsm1 amd64 1.0.22-1build1 [27.8 kB]
2026-10-08T22:55:56.1720600Z Get:12 https://archive.ubuntu.com/ubuntu noble/universe amd64 libhwy1t64 amd64 1.0.7-8.1build1 [584 kB]
2026-10-08T22:55:56.2421776Z Get:13 https://archive.ubuntu.com/ubuntu noble-updates/universe amd64 libjxl0.7 amd64 0.7.0-10.2ubuntu6.1 [1001 kB]
2026-10-08T22:55:56.3146807Z Get:14 https://archive.ubuntu.com/ubuntu noble/main amd64 libmp3lame0 amd64 3.100-6build1 [142 kB]
2026-10-08T22:55:56.3798007Z Get:15 https://archive.ubuntu.com/ubuntu noble/main amd64 libopus0 amd64 1.4-1build1 [208 kB]
2026-10-08T22:55:56.4457604Z Get:16 https://archive.ubuntu.com/ubuntu noble/universe amd64 librav1e0 amd64 0.7.1-2 [1022 kB]
2026-10-08T22:55:56.5174612Z Get:17 https://archive.ubuntu.com/ubuntu noble-updates/main amd64 librsvg2-2 amd64 2.58.0+dfsg-1ubuntu0.1 [2141 kB]
2026-10-08T22:55:56.5987117Z Get:18 https://archive.ubuntu.com/ubuntu noble/universe amd64 libshine3 amd64 3.1.1-2build1 [23.2 kB]
2026-10-08T22:55:56.6636008Z Get:19 https://archive.ubuntu.com/ubuntu noble-updates/main amd64 libspeex1 amd64 1.2.1-2ubuntu2.24.04.1 [59.6 kB]
2026-10-08T22:55:56.7281609Z Get:20 https://archive.ubuntu.com/ubuntu noble/universe amd64 libsvtav1enc1d1 amd64 1.7.0+dfsg-2build1 [2425 kB]
2026-10-08T22:55:56.9158153Z Get:21 https://archive.ubuntu.com/ubuntu noble/universe amd64 libsoxr0 amd64 0.1.3-4build3 [80.0 kB]
2026-10-08T22:55:56.9824055Z Get:22 https://archive.ubuntu.com/ubuntu noble/universe amd64 libswresample4 amd64 7:6.1.1-3ubuntu5 [63.8 kB]
2026-10-08T22:55:57.0471675Z Get:23 https://archive.ubuntu.com/ubuntu noble/main amd64 libtheora0 amd64 1.1.1+dfsg.1-16.1build3 [211 kB]
2026-10-08T22:55:57.1131627Z Get:24 https://archive.ubuntu.com/ubuntu noble/main amd64 libtwolame0 amd64 0.4.0-2build3 [52.3 kB]
2026-10-08T22:55:57.1779627Z Get:25 https://archive.ubuntu.com/ubuntu noble/main amd64 libvorbisenc2 amd64 1.3.7-1build3 [80.8 kB]
2026-10-08T22:55:57.2428452Z Get:26 https://archive.ubuntu.com/ubuntu noble-updates/main amd64 libvpx9 amd64 1.14.0-1ubuntu2.3 [1143 kB]
2026-10-08T22:55:57.3159018Z Get:27 https://archive.ubuntu.com/ubuntu noble/universe amd64 libx264-164 amd64 2:0.164.3108+git31e19f9-1 [604 kB]
2026-10-08T22:55:57.3844470Z Get:28 https://archive.ubuntu.com/ubuntu noble/universe amd64 libx265-199 amd64 3.5-2build1 [1226 kB]
2026-10-08T22:55:57.4574636Z Get:29 https://archive.ubuntu.com/ubuntu noble/universe amd64 libxvidcore4 amd64 2:1.3.7-1build1 [219 kB]
2026-10-08T22:55:57.5246588Z Get:30 https://archive.ubuntu.com/ubuntu noble/universe amd64 libzvbi-common all 0.2.42-2 [42.4 kB]
2026-10-08T22:55:57.5894235Z Get:31 https://archive.ubuntu.com/ubuntu noble/universe amd64 libzvbi0t64 amd64 0.2.42-2 [261 kB]
2026-10-08T22:55:57.6561733Z Get:32 https://archive.ubuntu.com/ubuntu noble/universe amd64 libavcodec60 amd64 7:6.1.1-3ubuntu5 [5851 kB]
2026-10-08T22:55:57.7865784Z Get:33 https://archive.ubuntu.com/ubuntu noble/main amd64 libraw1394-11 amd64 2.1.2-2build3 [26.2 kB]
2026-10-08T22:55:57.8510194Z Get:34 https://archive.ubuntu.com/ubuntu noble/main amd64 libavc1394-0 amd64 0.5.4-5build3 [15.4 kB]
2026-10-08T22:55:57.9152441Z Get:35 https://archive.ubuntu.com/ubuntu noble/universe amd64 libunibreak5 amd64 5.1-2build1 [25.0 kB]
2026-10-08T22:55:57.9798361Z Get:36 https://archive.ubuntu.com/ubuntu noble/universe amd64 libass9 amd64 1:0.17.1-2build1 [104 kB]
2026-10-08T22:55:58.0448476Z Get:37 https://archive.ubuntu.com/ubuntu noble/universe amd64 libudfread0 amd64 1.1.2-1build1 [19.0 kB]
2026-10-08T22:55:58.1094426Z Get:38 https://archive.ubuntu.com/ubuntu noble/universe amd64 libbluray2 amd64 1:1.3.4-1build1 [159 kB]
2026-10-08T22:55:58.1770246Z Get:39 https://archive.ubuntu.com/ubuntu noble/universe amd64 libchromaprint1 amd64 1.5.1-5 [30.5 kB]
2026-10-08T22:55:58.3448848Z Get:40 https://archive.ubuntu.com/ubuntu noble/universe amd64 libgme0 amd64 0.6.3-7build1 [134 kB]
2026-10-08T22:55:58.4101846Z Get:41 https://archive.ubuntu.com/ubuntu noble-updates/main amd64 libmpg123-0t64 amd64 1.32.5-1ubuntu1.1 [169 kB]
2026-10-08T22:55:58.4758369Z Get:42 https://archive.ubuntu.com/ubuntu noble/universe amd64 libopenmpt0t64 amd64 0.7.3-1.1build3 [647 kB]
2026-10-08T22:55:58.5465775Z Get:43 https://archive.ubuntu.com/ubuntu noble/universe amd64 libcjson1 amd64 1.7.17-1 [24.8 kB]
2026-10-08T22:55:58.6112242Z Get:44 https://archive.ubuntu.com/ubuntu noble/universe amd64 libmbedcrypto7t64 amd64 2.28.8-1 [209 kB]
2026-10-08T22:55:58.6764061Z Get:45 https://archive.ubuntu.com/ubuntu noble/universe amd64 librist4 amd64 0.2.10+dfsg-2 [74.9 kB]
2026-10-08T22:55:58.7410168Z Get:46 https://archive.ubuntu.com/ubuntu noble/universe amd64 libsrt1.5-gnutls amd64 1.5.3-1build2 [316 kB]
2026-10-08T22:55:58.8073366Z Get:47 https://archive.ubuntu.com/ubuntu noble-updates/main amd64 libssh-gcrypt-4 amd64 0.10.6-2ubuntu0.5 [226 kB]
2026-10-08T22:55:58.8739125Z Get:48 https://archive.ubuntu.com/ubuntu noble/universe amd64 libavformat60 amd64 7:6.1.1-3ubuntu5 [1153 kB]
2026-10-08T22:55:58.9466629Z Get:49 https://archive.ubuntu.com/ubuntu noble/universe amd64 libbs2b0 amd64 3.1.0+dfsg-7build1 [10.6 kB]
2026-10-08T22:55:59.0108491Z Get:50 https://archive.ubuntu.com/ubuntu noble/universe amd64 libflite1 amd64 2.2-6build3 [13.6 MB]
2026-10-08T22:55:59.1856643Z Get:51 https://archive.ubuntu.com/ubuntu noble/universe amd64 libserd-0-0 amd64 0.32.2-1 [43.6 kB]
2026-10-08T22:55:59.2503480Z Get:52 https://archive.ubuntu.com/ubuntu noble/universe amd64 libzix-0-0 amd64 0.4.2-2build1 [23.6 kB]
2026-10-08T22:55:59.3167251Z Get:53 https://archive.ubuntu.com/ubuntu noble/universe amd64 libsord-0-0 amd64 0.16.16-2build1 [15.8 kB]
2026-10-08T22:55:59.3825205Z Get:54 https://archive.ubuntu.com/ubuntu noble/universe amd64 libsratom-0-0 amd64 0.6.16-1build1 [17.3 kB]
2026-10-08T22:55:59.4468154Z Get:55 https://archive.ubuntu.com/ubuntu noble/universe amd64 liblilv-0-0 amd64 0.24.22-1build1 [41.0 kB]
2026-10-08T22:55:59.5120984Z Get:56 https://archive.ubuntu.com/ubuntu noble/universe amd64 libmysofa1 amd64 1.3.2+dfsg-2ubuntu2 [1158 kB]
2026-10-08T22:55:59.5858848Z Get:57 https://archive.ubuntu.com/ubuntu noble/universe amd64 libplacebo338 amd64 6.338.2-2build1 [2654 kB]
2026-10-08T22:55:59.6731804Z Get:58 https://archive.ubuntu.com/ubuntu noble-updates/main amd64 libblas3 amd64 3.12.0-3build1.1 [238 kB]
2026-10-08T22:55:59.7390566Z Get:59 https://archive.ubuntu.com/ubuntu noble-updates/main amd64 liblapack3 amd64 3.12.0-3build1.1 [2646 kB]
2026-10-08T22:55:59.9299560Z Get:60 https://archive.ubuntu.com/ubuntu noble/main amd64 libasyncns0 amd64 0.8-6build4 [11.3 kB]
2026-10-08T22:55:59.9945198Z Get:61 https://archive.ubuntu.com/ubuntu noble/main amd64 libflac12t64 amd64 1.4.3+ds-2.1ubuntu2 [197 kB]
2026-10-08T22:56:00.0613582Z Get:62 https://archive.ubuntu.com/ubuntu noble-updates/main amd64 libsndfile1 amd64 1.2.2-1ubuntu5.24.04.1 [209 kB]
2026-10-08T22:56:00.1333970Z Get:63 https://archive.ubuntu.com/ubuntu noble-updates/main amd64 libpulse0 amd64 1:16.1+dfsg1-2ubuntu10.1 [292 kB]
2026-10-08T22:56:00.2067682Z Get:64 https://archive.ubuntu.com/ubuntu noble/universe amd64 libsphinxbase3t64 amd64 0.8+5prealpha+1-17build2 [126 kB]
2026-10-08T22:56:00.2863295Z Get:65 https://archive.ubuntu.com/ubuntu noble/universe amd64 libpocketsphinx3 amd64 0.8.0+real5prealpha+1-15ubuntu5 [133 kB]
2026-10-08T22:56:00.3517079Z Get:66 https://archive.ubuntu.com/ubuntu noble/universe amd64 libpostproc57 amd64 7:6.1.1-3ubuntu5 [49.9 kB]
2026-10-08T22:56:00.4165113Z Get:67 https://archive.ubuntu.com/ubuntu noble/main amd64 libsamplerate0 amd64 0.2.2-4build1 [1344 kB]
2026-10-08T22:56:00.4900632Z Get:68 https://archive.ubuntu.com/ubuntu noble/universe amd64 librubberband2 amd64 3.3.0+dfsg-2build1 [130 kB]
2026-10-08T22:56:00.5551258Z Get:69 https://archive.ubuntu.com/ubuntu noble/universe amd64 libswscale7 amd64 7:6.1.1-3ubuntu5 [193 kB]
2026-10-08T22:56:00.6207092Z Get:70 https://archive.ubuntu.com/ubuntu noble/universe amd64 libvidstab1.1 amd64 1.1.0-2build1 [38.5 kB]
2026-10-08T22:56:00.6850553Z Get:71 https://archive.ubuntu.com/ubuntu noble/universe amd64 libzimg2 amd64 3.0.5+ds1-1build1 [254 kB]
2026-10-08T22:56:00.7514503Z Get:72 https://archive.ubuntu.com/ubuntu noble/universe amd64 libavfilter9 amd64 7:6.1.1-3ubuntu5 [4235 kB]
2026-10-08T22:56:00.8411016Z Get:73 https://archive.ubuntu.com/ubuntu noble-updates/main amd64 libcaca0 amd64 0.99.beta20-4ubuntu0.2 [209 kB]
2026-10-08T22:56:00.9073529Z Get:74 https://archive.ubuntu.com/ubuntu noble-updates/main amd64 libcdio19t64 amd64 2.1.0-4.1ubuntu1.2 [62.4 kB]
2026-10-08T22:56:00.9716623Z Get:75 https://archive.ubuntu.com/ubuntu noble/main amd64 libcdio-cdda2t64 amd64 10.2+2.0.1-1.1build2 [16.5 kB]
2026-10-08T22:56:01.0361934Z Get:76 https://archive.ubuntu.com/ubuntu noble/main amd64 libcdio-paranoia2t64 amd64 10.2+2.0.1-1.1build2 [16.6 kB]
2026-10-08T22:56:01.1003481Z Get:77 https://archive.ubuntu.com/ubuntu noble/universe amd64 libdc1394-25 amd64 2.2.6-4build1 [90.1 kB]
2026-10-08T22:56:01.2688487Z Get:78 https://archive.ubuntu.com/ubuntu noble/main amd64 libiec61883-0 amd64 1.2.0-6build1 [24.5 kB]
2026-10-08T22:56:01.3336437Z Get:79 https://archive.ubuntu.com/ubuntu noble/main amd64 libjack-jackd2-0 amd64 1.9.21~dfsg-3ubuntu3 [289 kB]
2026-10-08T22:56:01.4000628Z Get:80 https://archive.ubuntu.com/ubuntu noble/universe amd64 libopenal-data all 1:1.23.1-4build1 [161 kB]
2026-10-08T22:56:01.4651700Z Get:81 https://archive.ubuntu.com/ubuntu noble/universe amd64 libsndio7.0 amd64 1.9.0-0.3build3 [29.6 kB]
2026-10-08T22:56:01.5294466Z Get:82 https://archive.ubuntu.com/ubuntu noble/universe amd64 libopenal1 amd64 1:1.23.1-4build1 [540 kB]
2026-10-08T22:56:01.5984618Z Get:83 https://archive.ubuntu.com/ubuntu noble/main amd64 libdecor-0-0 amd64 0.2.2-1build2 [16.5 kB]
2026-10-08T22:56:01.6628276Z Get:84 https://archive.ubuntu.com/ubuntu noble-updates/main amd64 libsdl2-2.0-0 amd64 2.30.0+dfsg-1ubuntu3.1 [686 kB]
2026-10-08T22:56:01.7318484Z Get:85 https://archive.ubuntu.com/ubuntu noble/main amd64 libxcb-shape0 amd64 1.15-1ubuntu2 [6100 B]
2026-10-08T22:56:01.7958046Z Get:86 https://archive.ubuntu.com/ubuntu noble/main amd64 libxv1 amd64 2:1.0.11-1.1build1 [10.7 kB]
2026-10-08T22:56:01.8602294Z Get:87 https://archive.ubuntu.com/ubuntu noble/universe amd64 libavdevice60 amd64 7:6.1.1-3ubuntu5 [82.3 kB]
2026-10-08T22:56:01.9248147Z Get:88 https://archive.ubuntu.com/ubuntu noble/universe amd64 ffmpeg amd64 7:6.1.1-3ubuntu5 [1879 kB]
2026-10-08T22:56:02.0013757Z Get:89 https://archive.ubuntu.com/ubuntu noble-updates/universe amd64 libigdgmm12 amd64 22.3.17+ds1-1ubuntu1 [145 kB]
2026-10-08T22:56:02.0662950Z Get:90 https://archive.ubuntu.com/ubuntu noble-updates/universe amd64 intel-media-va-driver amd64 24.1.0+dfsg1-1ubuntu0.2 [3163 kB]
2026-10-08T22:56:02.1497681Z Get:91 https://archive.ubuntu.com/ubuntu noble/universe amd64 libaacs0 amd64 0.11.1-2build1 [62.9 kB]
2026-10-08T22:56:02.2141324Z Get:92 https://archive.ubuntu.com/ubuntu noble/universe amd64 libbdplus0 amd64 0.2.0-3build1 [52.2 kB]
2026-10-08T22:56:02.2793938Z Get:93 https://archive.ubuntu.com/ubuntu noble/main amd64 libdecor-0-plugin-1-gtk amd64 0.2.2-1build2 [22.2 kB]
2026-10-08T22:56:02.3444355Z Get:94 https://archive.ubuntu.com/ubuntu noble-updates/main amd64 librsvg2-common amd64 2.58.0+dfsg-1ubuntu0.1 [11.8 kB]
2026-10-08T22:56:02.4090466Z Get:95 https://archive.ubuntu.com/ubuntu noble-updates/universe amd64 mesa-va-drivers amd64 25.2.8-0ubuntu0.24.04.4 [6778 B]
2026-10-08T22:56:02.4736217Z Get:96 https://archive.ubuntu.com/ubuntu noble-updates/main amd64 mesa-vdpau-drivers amd64 25.2.8-0ubuntu0.24.04.4 [23.4 kB]
2026-10-08T22:56:02.6433381Z Get:97 https://archive.ubuntu.com/ubuntu noble-updates/universe amd64 i965-va-driver amd64 2.4.1+dfsg1-1ubuntu0.2 [332 kB]
2026-10-08T22:56:02.7103590Z Get:98 https://archive.ubuntu.com/ubuntu noble-updates/universe amd64 va-driver-all amd64 2.20.0-2ubuntu0.2 [5014 B]
2026-10-08T22:56:02.7743158Z Get:99 https://archive.ubuntu.com/ubuntu noble/main amd64 vdpau-driver-all amd64 1.5-2build1 [4414 B]
2026-10-08T22:56:02.8387106Z Get:100 https://archive.ubuntu.com/ubuntu noble/universe amd64 pocketsphinx-en-us all 0.8.0+real5prealpha+1-15ubuntu5 [27.4 MB]
2026-10-08T22:56:03.3488620Z Fetched 94.1 MB in 9s (10.7 MB/s)
2026-10-08T22:56:03.3738284Z Selecting previously unselected package libva2:amd64.
2026-10-08T22:56:03.3989982Z (Reading database ... 
2026-10-08T22:56:03.3990788Z (Reading database ... 5%
2026-10-08T22:56:03.3991262Z (Reading database ... 10%
2026-10-08T22:56:03.3991541Z (Reading database ... 15%
2026-10-08T22:56:03.3991788Z (Reading database ... 20%
2026-10-08T22:56:03.3992126Z (Reading database ... 25%
2026-10-08T22:56:03.3992375Z (Reading database ... 30%
2026-10-08T22:56:03.3992625Z (Reading database ... 35%
2026-10-08T22:56:03.3992877Z (Reading database ... 40%
2026-10-08T22:56:03.3993122Z (Reading database ... 45%
2026-10-08T22:56:03.3993363Z (Reading database ... 50%
2026-10-08T22:56:03.4049405Z (Reading database ... 55%
2026-10-08T22:56:03.5183069Z (Reading database ... 60%
2026-10-08T22:56:03.7613538Z (Reading database ... 65%
2026-10-08T22:56:03.9514794Z (Reading database ... 70%
2026-10-08T22:56:04.1206839Z (Reading database ... 75%
2026-10-08T22:56:04.2608371Z (Reading database ... 80%
2026-10-08T22:56:04.4672671Z (Reading database ... 85%
2026-10-08T22:56:04.6579575Z (Reading database ... 90%
2026-10-08T22:56:04.8540146Z (Reading database ... 95%
2026-10-08T22:56:04.8540776Z (Reading database ... 100%
2026-10-08T22:56:04.8541833Z (Reading database ... 203191 files and directories currently installed.)
2026-10-08T22:56:04.8585732Z Preparing to unpack .../00-libva2_2.20.0-2ubuntu0.2_amd64.deb ...
2026-10-08T22:56:04.8616261Z Unpacking libva2:amd64 (2.20.0-2ubuntu0.2) ...
2026-10-08T22:56:04.8807690Z Selecting previously unselected package libva-drm2:amd64.
2026-10-08T22:56:04.8925156Z Preparing to unpack .../01-libva-drm2_2.20.0-2ubuntu0.2_amd64.deb ...
2026-10-08T22:56:04.8934715Z Unpacking libva-drm2:amd64 (2.20.0-2ubuntu0.2) ...
2026-10-08T22:56:04.9097189Z Selecting previously unselected package libva-x11-2:amd64.
2026-10-08T22:56:04.9213318Z Preparing to unpack .../02-libva-x11-2_2.20.0-2ubuntu0.2_amd64.deb ...
2026-10-08T22:56:04.9223536Z Unpacking libva-x11-2:amd64 (2.20.0-2ubuntu0.2) ...
2026-10-08T22:56:04.9383611Z Selecting previously unselected package libvdpau1:amd64.
2026-10-08T22:56:04.9500849Z Preparing to unpack .../03-libvdpau1_1.5-2build1_amd64.deb ...
2026-10-08T22:56:04.9508869Z Unpacking libvdpau1:amd64 (1.5-2build1) ...
2026-10-08T22:56:04.9680607Z Selecting previously unselected package libvpl2.
2026-10-08T22:56:04.9798423Z Preparing to unpack .../04-libvpl2_2023.3.0-1build1_amd64.deb ...
2026-10-08T22:56:04.9810517Z Unpacking libvpl2 (2023.3.0-1build1) ...
2026-10-08T22:56:04.9984861Z Selecting previously unselected package ocl-icd-libopencl1:amd64.
2026-10-08T22:56:05.0100674Z Preparing to unpack .../05-ocl-icd-libopencl1_2.3.2-1build1_amd64.deb ...
2026-10-08T22:56:05.0113843Z Unpacking ocl-icd-libopencl1:amd64 (2.3.2-1build1) ...
2026-10-08T22:56:05.0322827Z Selecting previously unselected package libavutil58:amd64.
2026-10-08T22:56:05.0439104Z Preparing to unpack .../06-libavutil58_7%3a6.1.1-3ubuntu5_amd64.deb ...
2026-10-08T22:56:05.0455680Z Unpacking libavutil58:amd64 (7:6.1.1-3ubuntu5) ...
2026-10-08T22:56:05.0662979Z Selecting previously unselected package libcodec2-1.2:amd64.
2026-10-08T22:56:05.0780617Z Preparing to unpack .../07-libcodec2-1.2_1.2.0-2build1_amd64.deb ...
2026-10-08T22:56:05.0792914Z Unpacking libcodec2-1.2:amd64 (1.2.0-2build1) ...
2026-10-08T22:56:05.1455550Z Selecting previously unselected package libdav1d7:amd64.
2026-10-08T22:56:05.1570985Z Preparing to unpack .../08-libdav1d7_1.4.1-1build1_amd64.deb ...
2026-10-08T22:56:05.1586629Z Unpacking libdav1d7:amd64 (1.4.1-1build1) ...
2026-10-08T22:56:05.1801489Z Selecting previously unselected package libgsm1:amd64.
2026-10-08T22:56:05.1916608Z Preparing to unpack .../09-libgsm1_1.0.22-1build1_amd64.deb ...
2026-10-08T22:56:05.1926340Z Unpacking libgsm1:amd64 (1.0.22-1build1) ...
2026-10-08T22:56:05.2084433Z Selecting previously unselected package libhwy1t64:amd64.
2026-10-08T22:56:05.2199918Z Preparing to unpack .../10-libhwy1t64_1.0.7-8.1build1_amd64.deb ...
2026-10-08T22:56:05.2214549Z Unpacking libhwy1t64:amd64 (1.0.7-8.1build1) ...
2026-10-08T22:56:05.2482624Z Selecting previously unselected package libjxl0.7:amd64.
2026-10-08T22:56:05.2597545Z Preparing to unpack .../11-libjxl0.7_0.7.0-10.2ubuntu6.1_amd64.deb ...
2026-10-08T22:56:05.2616161Z Unpacking libjxl0.7:amd64 (0.7.0-10.2ubuntu6.1) ...
2026-10-08T22:56:05.2902852Z Selecting previously unselected package libmp3lame0:amd64.
2026-10-08T22:56:05.3019001Z Preparing to unpack .../12-libmp3lame0_3.100-6build1_amd64.deb ...
2026-10-08T22:56:05.3025296Z Unpacking libmp3lame0:amd64 (3.100-6build1) ...
2026-10-08T22:56:05.3197443Z Selecting previously unselected package libopus0:amd64.
2026-10-08T22:56:05.3310988Z Preparing to unpack .../13-libopus0_1.4-1build1_amd64.deb ...
2026-10-08T22:56:05.3320254Z Unpacking libopus0:amd64 (1.4-1build1) ...
2026-10-08T22:56:05.3500291Z Selecting previously unselected package librav1e0:amd64.
2026-10-08T22:56:05.3623024Z Preparing to unpack .../14-librav1e0_0.7.1-2_amd64.deb ...
2026-10-08T22:56:05.3626507Z Unpacking librav1e0:amd64 (0.7.1-2) ...
2026-10-08T22:56:05.3893646Z Selecting previously unselected package librsvg2-2:amd64.
2026-10-08T22:56:05.4008565Z Preparing to unpack .../15-librsvg2-2_2.58.0+dfsg-1ubuntu0.1_amd64.deb ...
2026-10-08T22:56:05.4017771Z Unpacking librsvg2-2:amd64 (2.58.0+dfsg-1ubuntu0.1) ...
2026-10-08T22:56:05.4426213Z Selecting previously unselected package libshine3:amd64.
2026-10-08T22:56:05.4542032Z Preparing to unpack .../16-libshine3_3.1.1-2build1_amd64.deb ...
2026-10-08T22:56:05.4551833Z Unpacking libshine3:amd64 (3.1.1-2build1) ...
2026-10-08T22:56:05.4706245Z Selecting previously unselected package libspeex1:amd64.
2026-10-08T22:56:05.4820995Z Preparing to unpack .../17-libspeex1_1.2.1-2ubuntu2.24.04.1_amd64.deb ...
2026-10-08T22:56:05.4828073Z Unpacking libspeex1:amd64 (1.2.1-2ubuntu2.24.04.1) ...
2026-10-08T22:56:05.4983811Z Selecting previously unselected package libsvtav1enc1d1:amd64.
2026-10-08T22:56:05.5098784Z Preparing to unpack .../18-libsvtav1enc1d1_1.7.0+dfsg-2build1_amd64.deb ...
2026-10-08T22:56:05.5105038Z Unpacking libsvtav1enc1d1:amd64 (1.7.0+dfsg-2build1) ...
2026-10-08T22:56:05.5533225Z Selecting previously unselected package libsoxr0:amd64.
2026-10-08T22:56:05.5648426Z Preparing to unpack .../19-libsoxr0_0.1.3-4build3_amd64.deb ...
2026-10-08T22:56:05.5655734Z Unpacking libsoxr0:amd64 (0.1.3-4build3) ...
2026-10-08T22:56:05.5821344Z Selecting previously unselected package libswresample4:amd64.
2026-10-08T22:56:05.5936432Z Preparing to unpack .../20-libswresample4_7%3a6.1.1-3ubuntu5_amd64.deb ...
2026-10-08T22:56:05.5945383Z Unpacking libswresample4:amd64 (7:6.1.1-3ubuntu5) ...
2026-10-08T22:56:05.6106642Z Selecting previously unselected package libtheora0:amd64.
2026-10-08T22:56:05.6221890Z Preparing to unpack .../21-libtheora0_1.1.1+dfsg.1-16.1build3_amd64.deb ...
2026-10-08T22:56:05.6236773Z Unpacking libtheora0:amd64 (1.1.1+dfsg.1-16.1build3) ...
2026-10-08T22:56:05.6416134Z Selecting previously unselected package libtwolame0:amd64.
2026-10-08T22:56:05.6530083Z Preparing to unpack .../22-libtwolame0_0.4.0-2build3_amd64.deb ...
2026-10-08T22:56:05.6541743Z Unpacking libtwolame0:amd64 (0.4.0-2build3) ...
2026-10-08T22:56:05.6705522Z Selecting previously unselected package libvorbisenc2:amd64.
2026-10-08T22:56:05.6821468Z Preparing to unpack .../23-libvorbisenc2_1.3.7-1build3_amd64.deb ...
2026-10-08T22:56:05.6833486Z Unpacking libvorbisenc2:amd64 (1.3.7-1build3) ...
2026-10-08T22:56:05.7009056Z Selecting previously unselected package libvpx9:amd64.
2026-10-08T22:56:05.7122756Z Preparing to unpack .../24-libvpx9_1.14.0-1ubuntu2.3_amd64.deb ...
2026-10-08T22:56:05.7129462Z Unpacking libvpx9:amd64 (1.14.0-1ubuntu2.3) ...
2026-10-08T22:56:05.7411650Z Selecting previously unselected package libx264-164:amd64.
2026-10-08T22:56:05.7526448Z Preparing to unpack .../25-libx264-164_2%3a0.164.3108+git31e19f9-1_amd64.deb ...
2026-10-08T22:56:05.7533169Z Unpacking libx264-164:amd64 (2:0.164.3108+git31e19f9-1) ...
2026-10-08T22:56:05.7761375Z Selecting previously unselected package libx265-199:amd64.
2026-10-08T22:56:05.7875826Z Preparing to unpack .../26-libx265-199_3.5-2build1_amd64.deb ...
2026-10-08T22:56:05.7882288Z Unpacking libx265-199:amd64 (3.5-2build1) ...
2026-10-08T22:56:05.8454390Z Selecting previously unselected package libxvidcore4:amd64.
2026-10-08T22:56:05.8570466Z Preparing to unpack .../27-libxvidcore4_2%3a1.3.7-1build1_amd64.deb ...
2026-10-08T22:56:05.8581946Z Unpacking libxvidcore4:amd64 (2:1.3.7-1build1) ...
2026-10-08T22:56:05.8759203Z Selecting previously unselected package libzvbi-common.
2026-10-08T22:56:05.8874874Z Preparing to unpack .../28-libzvbi-common_0.2.42-2_all.deb ...
2026-10-08T22:56:05.8881530Z Unpacking libzvbi-common (0.2.42-2) ...
2026-10-08T22:56:05.9115428Z Selecting previously unselected package libzvbi0t64:amd64.
2026-10-08T22:56:05.9228595Z Preparing to unpack .../29-libzvbi0t64_0.2.42-2_amd64.deb ...
2026-10-08T22:56:05.9241400Z Unpacking libzvbi0t64:amd64 (0.2.42-2) ...
2026-10-08T22:56:05.9424166Z Selecting previously unselected package libavcodec60:amd64.
2026-10-08T22:56:05.9538518Z Preparing to unpack .../30-libavcodec60_7%3a6.1.1-3ubuntu5_amd64.deb ...
2026-10-08T22:56:05.9544979Z Unpacking libavcodec60:amd64 (7:6.1.1-3ubuntu5) ...
2026-10-08T22:56:06.0350230Z Selecting previously unselected package libraw1394-11:amd64.
2026-10-08T22:56:06.0465182Z Preparing to unpack .../31-libraw1394-11_2.1.2-2build3_amd64.deb ...
2026-10-08T22:56:06.0478748Z Unpacking libraw1394-11:amd64 (2.1.2-2build3) ...
2026-10-08T22:56:06.0636780Z Selecting previously unselected package libavc1394-0:amd64.
2026-10-08T22:56:06.0753843Z Preparing to unpack .../32-libavc1394-0_0.5.4-5build3_amd64.deb ...
2026-10-08T22:56:06.0761596Z Unpacking libavc1394-0:amd64 (0.5.4-5build3) ...
2026-10-08T22:56:06.0917300Z Selecting previously unselected package libunibreak5:amd64.
2026-10-08T22:56:06.1033184Z Preparing to unpack .../33-libunibreak5_5.1-2build1_amd64.deb ...
2026-10-08T22:56:06.1040536Z Unpacking libunibreak5:amd64 (5.1-2build1) ...
2026-10-08T22:56:06.1196883Z Selecting previously unselected package libass9:amd64.
2026-10-08T22:56:06.1313748Z Preparing to unpack .../34-libass9_1%3a0.17.1-2build1_amd64.deb ...
2026-10-08T22:56:06.1319928Z Unpacking libass9:amd64 (1:0.17.1-2build1) ...
2026-10-08T22:56:06.1484072Z Selecting previously unselected package libudfread0:amd64.
2026-10-08T22:56:06.1599758Z Preparing to unpack .../35-libudfread0_1.1.2-1build1_amd64.deb ...
2026-10-08T22:56:06.1606154Z Unpacking libudfread0:amd64 (1.1.2-1build1) ...
2026-10-08T22:56:06.1762170Z Selecting previously unselected package libbluray2:amd64.
2026-10-08T22:56:06.1876166Z Preparing to unpack .../36-libbluray2_1%3a1.3.4-1build1_amd64.deb ...
2026-10-08T22:56:06.1883421Z Unpacking libbluray2:amd64 (1:1.3.4-1build1) ...
2026-10-08T22:56:06.2053115Z Selecting previously unselected package libchromaprint1:amd64.
2026-10-08T22:56:06.2167286Z Preparing to unpack .../37-libchromaprint1_1.5.1-5_amd64.deb ...
2026-10-08T22:56:06.2174483Z Unpacking libchromaprint1:amd64 (1.5.1-5) ...
2026-10-08T22:56:06.2334859Z Selecting previously unselected package libgme0:amd64.
2026-10-08T22:56:06.2450321Z Preparing to unpack .../38-libgme0_0.6.3-7build1_amd64.deb ...
2026-10-08T22:56:06.2466791Z Unpacking libgme0:amd64 (0.6.3-7build1) ...
2026-10-08T22:56:06.2632781Z Selecting previously unselected package libmpg123-0t64:amd64.
2026-10-08T22:56:06.2746413Z Preparing to unpack .../39-libmpg123-0t64_1.32.5-1ubuntu1.1_amd64.deb ...
2026-10-08T22:56:06.2763949Z Unpacking libmpg123-0t64:amd64 (1.32.5-1ubuntu1.1) ...
2026-10-08T22:56:06.2933365Z Selecting previously unselected package libopenmpt0t64:amd64.
2026-10-08T22:56:06.3046955Z Preparing to unpack .../40-libopenmpt0t64_0.7.3-1.1build3_amd64.deb ...
2026-10-08T22:56:06.3053711Z Unpacking libopenmpt0t64:amd64 (0.7.3-1.1build3) ...
2026-10-08T22:56:06.3288953Z Selecting previously unselected package libcjson1:amd64.
2026-10-08T22:56:06.3403898Z Preparing to unpack .../41-libcjson1_1.7.17-1_amd64.deb ...
2026-10-08T22:56:06.3411641Z Unpacking libcjson1:amd64 (1.7.17-1) ...
2026-10-08T22:56:06.3572981Z Selecting previously unselected package libmbedcrypto7t64:amd64.
2026-10-08T22:56:06.3688070Z Preparing to unpack .../42-libmbedcrypto7t64_2.28.8-1_amd64.deb ...
2026-10-08T22:56:06.3695298Z Unpacking libmbedcrypto7t64:amd64 (2.28.8-1) ...
2026-10-08T22:56:06.3874046Z Selecting previously unselected package librist4:amd64.
2026-10-08T22:56:06.3988800Z Preparing to unpack .../43-librist4_0.2.10+dfsg-2_amd64.deb ...
2026-10-08T22:56:06.3996159Z Unpacking librist4:amd64 (0.2.10+dfsg-2) ...
2026-10-08T22:56:06.4159692Z Selecting previously unselected package libsrt1.5-gnutls:amd64.
2026-10-08T22:56:06.4273877Z Preparing to unpack .../44-libsrt1.5-gnutls_1.5.3-1build2_amd64.deb ...
2026-10-08T22:56:06.4281812Z Unpacking libsrt1.5-gnutls:amd64 (1.5.3-1build2) ...
2026-10-08T22:56:06.4473504Z Selecting previously unselected package libssh-gcrypt-4:amd64.
2026-10-08T22:56:06.4589610Z Preparing to unpack .../45-libssh-gcrypt-4_0.10.6-2ubuntu0.5_amd64.deb ...
2026-10-08T22:56:06.4598097Z Unpacking libssh-gcrypt-4:amd64 (0.10.6-2ubuntu0.5) ...
2026-10-08T22:56:06.4789954Z Selecting previously unselected package libavformat60:amd64.
2026-10-08T22:56:06.4904078Z Preparing to unpack .../46-libavformat60_7%3a6.1.1-3ubuntu5_amd64.deb ...
2026-10-08T22:56:06.4911787Z Unpacking libavformat60:amd64 (7:6.1.1-3ubuntu5) ...
2026-10-08T22:56:06.5178523Z Selecting previously unselected package libbs2b0:amd64.
2026-10-08T22:56:06.5294787Z Preparing to unpack .../47-libbs2b0_3.1.0+dfsg-7build1_amd64.deb ...
2026-10-08T22:56:06.5303279Z Unpacking libbs2b0:amd64 (3.1.0+dfsg-7build1) ...
2026-10-08T22:56:06.5480667Z Selecting previously unselected package libflite1:amd64.
2026-10-08T22:56:06.5594983Z Preparing to unpack .../48-libflite1_2.2-6build3_amd64.deb ...
2026-10-08T22:56:06.5604198Z Unpacking libflite1:amd64 (2.2-6build3) ...
2026-10-08T22:56:06.6596434Z Selecting previously unselected package libserd-0-0:amd64.
2026-10-08T22:56:06.6712695Z Preparing to unpack .../49-libserd-0-0_0.32.2-1_amd64.deb ...
2026-10-08T22:56:06.6721370Z Unpacking libserd-0-0:amd64 (0.32.2-1) ...
2026-10-08T22:56:06.6877643Z Selecting previously unselected package libzix-0-0:amd64.
2026-10-08T22:56:06.6992334Z Preparing to unpack .../50-libzix-0-0_0.4.2-2build1_amd64.deb ...
2026-10-08T22:56:06.7002972Z Unpacking libzix-0-0:amd64 (0.4.2-2build1) ...
2026-10-08T22:56:06.7160275Z Selecting previously unselected package libsord-0-0:amd64.
2026-10-08T22:56:06.7277089Z Preparing to unpack .../51-libsord-0-0_0.16.16-2build1_amd64.deb ...
2026-10-08T22:56:06.7285994Z Unpacking libsord-0-0:amd64 (0.16.16-2build1) ...
2026-10-08T22:56:06.7440473Z Selecting previously unselected package libsratom-0-0:amd64.
2026-10-08T22:56:06.7554325Z Preparing to unpack .../52-libsratom-0-0_0.6.16-1build1_amd64.deb ...
2026-10-08T22:56:06.7561191Z Unpacking libsratom-0-0:amd64 (0.6.16-1build1) ...
2026-10-08T22:56:06.7712132Z Selecting previously unselected package liblilv-0-0:amd64.
2026-10-08T22:56:06.7826887Z Preparing to unpack .../53-liblilv-0-0_0.24.22-1build1_amd64.deb ...
2026-10-08T22:56:06.7835373Z Unpacking liblilv-0-0:amd64 (0.24.22-1build1) ...
2026-10-08T22:56:06.7996349Z Selecting previously unselected package libmysofa1:amd64.
2026-10-08T22:56:06.8111012Z Preparing to unpack .../54-libmysofa1_1.3.2+dfsg-2ubuntu2_amd64.deb ...
2026-10-08T22:56:06.8123060Z Unpacking libmysofa1:amd64 (1.3.2+dfsg-2ubuntu2) ...
2026-10-08T22:56:06.8318354Z Selecting previously unselected package libplacebo338:amd64.
2026-10-08T22:56:06.8433618Z Preparing to unpack .../55-libplacebo338_6.338.2-2build1_amd64.deb ...
2026-10-08T22:56:06.8458798Z Unpacking libplacebo338:amd64 (6.338.2-2build1) ...
2026-10-08T22:56:06.8954126Z Selecting previously unselected package libblas3:amd64.
2026-10-08T22:56:06.9068962Z Preparing to unpack .../56-libblas3_3.12.0-3build1.1_amd64.deb ...
2026-10-08T22:56:06.9093672Z Unpacking libblas3:amd64 (3.12.0-3build1.1) ...
2026-10-08T22:56:06.9275533Z Selecting previously unselected package liblapack3:amd64.
2026-10-08T22:56:06.9389976Z Preparing to unpack .../57-liblapack3_3.12.0-3build1.1_amd64.deb ...
2026-10-08T22:56:06.9415768Z Unpacking liblapack3:amd64 (3.12.0-3build1.1) ...
2026-10-08T22:56:06.9882283Z Selecting previously unselected package libasyncns0:amd64.
2026-10-08T22:56:06.9997664Z Preparing to unpack .../58-libasyncns0_0.8-6build4_amd64.deb ...
2026-10-08T22:56:07.0006587Z Unpacking libasyncns0:amd64 (0.8-6build4) ...
2026-10-08T22:56:07.0166717Z Selecting previously unselected package libflac12t64:amd64.
2026-10-08T22:56:07.0282364Z Preparing to unpack .../59-libflac12t64_1.4.3+ds-2.1ubuntu2_amd64.deb ...
2026-10-08T22:56:07.0290139Z Unpacking libflac12t64:amd64 (1.4.3+ds-2.1ubuntu2) ...
2026-10-08T22:56:07.0466232Z Selecting previously unselected package libsndfile1:amd64.
2026-10-08T22:56:07.0579998Z Preparing to unpack .../60-libsndfile1_1.2.2-1ubuntu5.24.04.1_amd64.deb ...
2026-10-08T22:56:07.0590757Z Unpacking libsndfile1:amd64 (1.2.2-1ubuntu5.24.04.1) ...
2026-10-08T22:56:07.0787221Z Selecting previously unselected package libpulse0:amd64.
2026-10-08T22:56:07.0901745Z Preparing to unpack .../61-libpulse0_1%3a16.1+dfsg1-2ubuntu10.1_amd64.deb ...
2026-10-08T22:56:07.0963072Z Unpacking libpulse0:amd64 (1:16.1+dfsg1-2ubuntu10.1) ...
2026-10-08T22:56:07.1157484Z Selecting previously unselected package libsphinxbase3t64:amd64.
2026-10-08T22:56:07.1273330Z Preparing to unpack .../62-libsphinxbase3t64_0.8+5prealpha+1-17build2_amd64.deb ...
2026-10-08T22:56:07.1284260Z Unpacking libsphinxbase3t64:amd64 (0.8+5prealpha+1-17build2) ...
2026-10-08T22:56:07.1452649Z Selecting previously unselected package libpocketsphinx3:amd64.
2026-10-08T22:56:07.1566966Z Preparing to unpack .../63-libpocketsphinx3_0.8.0+real5prealpha+1-15ubuntu5_amd64.deb ...
2026-10-08T22:56:07.1580311Z Unpacking libpocketsphinx3:amd64 (0.8.0+real5prealpha+1-15ubuntu5) ...
2026-10-08T22:56:07.1753327Z Selecting previously unselected package libpostproc57:amd64.
2026-10-08T22:56:07.1868990Z Preparing to unpack .../64-libpostproc57_7%3a6.1.1-3ubuntu5_amd64.deb ...
2026-10-08T22:56:07.1877367Z Unpacking libpostproc57:amd64 (7:6.1.1-3ubuntu5) ...
2026-10-08T22:56:07.2038450Z Selecting previously unselected package libsamplerate0:amd64.
2026-10-08T22:56:07.2153725Z Preparing to unpack .../65-libsamplerate0_0.2.2-4build1_amd64.deb ...
2026-10-08T22:56:07.2160752Z Unpacking libsamplerate0:amd64 (0.2.2-4build1) ...
2026-10-08T22:56:07.2377332Z Selecting previously unselected package librubberband2:amd64.
2026-10-08T22:56:07.2495347Z Preparing to unpack .../66-librubberband2_3.3.0+dfsg-2build1_amd64.deb ...
2026-10-08T22:56:07.2508608Z Unpacking librubberband2:amd64 (3.3.0+dfsg-2build1) ...
2026-10-08T22:56:07.2680905Z Selecting previously unselected package libswscale7:amd64.
2026-10-08T22:56:07.2797154Z Preparing to unpack .../67-libswscale7_7%3a6.1.1-3ubuntu5_amd64.deb ...
2026-10-08T22:56:07.2810640Z Unpacking libswscale7:amd64 (7:6.1.1-3ubuntu5) ...
2026-10-08T22:56:07.2997856Z Selecting previously unselected package libvidstab1.1:amd64.
2026-10-08T22:56:07.3113785Z Preparing to unpack .../68-libvidstab1.1_1.1.0-2build1_amd64.deb ...
2026-10-08T22:56:07.3123849Z Unpacking libvidstab1.1:amd64 (1.1.0-2build1) ...
2026-10-08T22:56:07.3280705Z Selecting previously unselected package libzimg2:amd64.
2026-10-08T22:56:07.3395708Z Preparing to unpack .../69-libzimg2_3.0.5+ds1-1build1_amd64.deb ...
2026-10-08T22:56:07.3409465Z Unpacking libzimg2:amd64 (3.0.5+ds1-1build1) ...
2026-10-08T22:56:07.3594945Z Selecting previously unselected package libavfilter9:amd64.
2026-10-08T22:56:07.3710000Z Preparing to unpack .../70-libavfilter9_7%3a6.1.1-3ubuntu5_amd64.deb ...
2026-10-08T22:56:07.3717812Z Unpacking libavfilter9:amd64 (7:6.1.1-3ubuntu5) ...
2026-10-08T22:56:07.4370434Z Selecting previously unselected package libcaca0:amd64.
2026-10-08T22:56:07.4486424Z Preparing to unpack .../71-libcaca0_0.99.beta20-4ubuntu0.2_amd64.deb ...
2026-10-08T22:56:07.4494672Z Unpacking libcaca0:amd64 (0.99.beta20-4ubuntu0.2) ...
2026-10-08T22:56:07.4689391Z Selecting previously unselected package libcdio19t64:amd64.
2026-10-08T22:56:07.4806841Z Preparing to unpack .../72-libcdio19t64_2.1.0-4.1ubuntu1.2_amd64.deb ...
2026-10-08T22:56:07.4814502Z Unpacking libcdio19t64:amd64 (2.1.0-4.1ubuntu1.2) ...
2026-10-08T22:56:07.4983908Z Selecting previously unselected package libcdio-cdda2t64:amd64.
2026-10-08T22:56:07.5100161Z Preparing to unpack .../73-libcdio-cdda2t64_10.2+2.0.1-1.1build2_amd64.deb ...
2026-10-08T22:56:07.5108946Z Unpacking libcdio-cdda2t64:amd64 (10.2+2.0.1-1.1build2) ...
2026-10-08T22:56:07.5271263Z Selecting previously unselected package libcdio-paranoia2t64:amd64.
2026-10-08T22:56:07.5386076Z Preparing to unpack .../74-libcdio-paranoia2t64_10.2+2.0.1-1.1build2_amd64.deb ...
2026-10-08T22:56:07.5396888Z Unpacking libcdio-paranoia2t64:amd64 (10.2+2.0.1-1.1build2) ...
2026-10-08T22:56:07.5568373Z Selecting previously unselected package libdc1394-25:amd64.
2026-10-08T22:56:07.5683127Z Preparing to unpack .../75-libdc1394-25_2.2.6-4build1_amd64.deb ...
2026-10-08T22:56:07.5692419Z Unpacking libdc1394-25:amd64 (2.2.6-4build1) ...
2026-10-08T22:56:07.5857207Z Selecting previously unselected package libiec61883-0:amd64.
2026-10-08T22:56:07.5973612Z Preparing to unpack .../76-libiec61883-0_1.2.0-6build1_amd64.deb ...
2026-10-08T22:56:07.5981881Z Unpacking libiec61883-0:amd64 (1.2.0-6build1) ...
2026-10-08T22:56:07.6138526Z Selecting previously unselected package libjack-jackd2-0:amd64.
2026-10-08T22:56:07.6254322Z Preparing to unpack .../77-libjack-jackd2-0_1.9.21~dfsg-3ubuntu3_amd64.deb ...
2026-10-08T22:56:07.6262013Z Unpacking libjack-jackd2-0:amd64 (1.9.21~dfsg-3ubuntu3) ...
2026-10-08T22:56:07.6451253Z Selecting previously unselected package libopenal-data.
2026-10-08T22:56:07.6565927Z Preparing to unpack .../78-libopenal-data_1%3a1.23.1-4build1_all.deb ...
2026-10-08T22:56:07.6574314Z Unpacking libopenal-data (1:1.23.1-4build1) ...
2026-10-08T22:56:07.6744022Z Selecting previously unselected package libsndio7.0:amd64.
2026-10-08T22:56:07.6858623Z Preparing to unpack .../79-libsndio7.0_1.9.0-0.3build3_amd64.deb ...
2026-10-08T22:56:07.6876393Z Unpacking libsndio7.0:amd64 (1.9.0-0.3build3) ...
2026-10-08T22:56:07.7038671Z Selecting previously unselected package libopenal1:amd64.
2026-10-08T22:56:07.7153867Z Preparing to unpack .../80-libopenal1_1%3a1.23.1-4build1_amd64.deb ...
2026-10-08T22:56:07.7163608Z Unpacking libopenal1:amd64 (1:1.23.1-4build1) ...
2026-10-08T22:56:07.7374439Z Selecting previously unselected package libdecor-0-0:amd64.
2026-10-08T22:56:07.7490176Z Preparing to unpack .../81-libdecor-0-0_0.2.2-1build2_amd64.deb ...
2026-10-08T22:56:07.7508454Z Unpacking libdecor-0-0:amd64 (0.2.2-1build2) ...
2026-10-08T22:56:07.7692389Z Selecting previously unselected package libsdl2-2.0-0:amd64.
2026-10-08T22:56:07.7806422Z Preparing to unpack .../82-libsdl2-2.0-0_2.30.0+dfsg-1ubuntu3.1_amd64.deb ...
2026-10-08T22:56:07.7823805Z Unpacking libsdl2-2.0-0:amd64 (2.30.0+dfsg-1ubuntu3.1) ...
2026-10-08T22:56:07.8237124Z Selecting previously unselected package libxcb-shape0:amd64.
2026-10-08T22:56:07.8351754Z Preparing to unpack .../83-libxcb-shape0_1.15-1ubuntu2_amd64.deb ...
2026-10-08T22:56:07.8368676Z Unpacking libxcb-shape0:amd64 (1.15-1ubuntu2) ...
2026-10-08T22:56:07.8526908Z Selecting previously unselected package libxv1:amd64.
2026-10-08T22:56:07.8642237Z Preparing to unpack .../84-libxv1_2%3a1.0.11-1.1build1_amd64.deb ...
2026-10-08T22:56:07.8654125Z Unpacking libxv1:amd64 (2:1.0.11-1.1build1) ...
2026-10-08T22:56:07.8807997Z Selecting previously unselected package libavdevice60:amd64.
2026-10-08T22:56:07.8922434Z Preparing to unpack .../85-libavdevice60_7%3a6.1.1-3ubuntu5_amd64.deb ...
2026-10-08T22:56:07.8929419Z Unpacking libavdevice60:amd64 (7:6.1.1-3ubuntu5) ...
2026-10-08T22:56:07.9087853Z Selecting previously unselected package ffmpeg.
2026-10-08T22:56:07.9204657Z Preparing to unpack .../86-ffmpeg_7%3a6.1.1-3ubuntu5_amd64.deb ...
2026-10-08T22:56:07.9215008Z Unpacking ffmpeg (7:6.1.1-3ubuntu5) ...
2026-10-08T22:56:07.9552003Z Selecting previously unselected package libigdgmm12:amd64.
2026-10-08T22:56:07.9668771Z Preparing to unpack .../87-libigdgmm12_22.3.17+ds1-1ubuntu1_amd64.deb ...
2026-10-08T22:56:07.9676458Z Unpacking libigdgmm12:amd64 (22.3.17+ds1-1ubuntu1) ...
2026-10-08T22:56:07.9853231Z Selecting previously unselected package intel-media-va-driver:amd64.
2026-10-08T22:56:07.9968531Z Preparing to unpack .../88-intel-media-va-driver_24.1.0+dfsg1-1ubuntu0.2_amd64.deb ...
2026-10-08T22:56:07.9976555Z Unpacking intel-media-va-driver:amd64 (24.1.0+dfsg1-1ubuntu0.2) ...
2026-10-08T22:56:08.0624420Z Selecting previously unselected package libaacs0:amd64.
2026-10-08T22:56:08.0741578Z Preparing to unpack .../89-libaacs0_0.11.1-2build1_amd64.deb ...
2026-10-08T22:56:08.0748686Z Unpacking libaacs0:amd64 (0.11.1-2build1) ...
2026-10-08T22:56:08.0916332Z Selecting previously unselected package libbdplus0:amd64.
2026-10-08T22:56:08.1032471Z Preparing to unpack .../90-libbdplus0_0.2.0-3build1_amd64.deb ...
2026-10-08T22:56:08.1040048Z Unpacking libbdplus0:amd64 (0.2.0-3build1) ...
2026-10-08T22:56:08.1196975Z Selecting previously unselected package libdecor-0-plugin-1-gtk:amd64.
2026-10-08T22:56:08.1311799Z Preparing to unpack .../91-libdecor-0-plugin-1-gtk_0.2.2-1build2_amd64.deb ...
2026-10-08T22:56:08.1322223Z Unpacking libdecor-0-plugin-1-gtk:amd64 (0.2.2-1build2) ...
2026-10-08T22:56:08.1476814Z Selecting previously unselected package librsvg2-common:amd64.
2026-10-08T22:56:08.1592609Z Preparing to unpack .../92-librsvg2-common_2.58.0+dfsg-1ubuntu0.1_amd64.deb ...
2026-10-08T22:56:08.1603721Z Unpacking librsvg2-common:amd64 (2.58.0+dfsg-1ubuntu0.1) ...
2026-10-08T22:56:08.1783471Z Selecting previously unselected package mesa-va-drivers:amd64.
2026-10-08T22:56:08.1898352Z Preparing to unpack .../93-mesa-va-drivers_25.2.8-0ubuntu0.24.04.4_amd64.deb ...
2026-10-08T22:56:08.1906253Z Unpacking mesa-va-drivers:amd64 (25.2.8-0ubuntu0.24.04.4) ...
2026-10-08T22:56:08.2074972Z Selecting previously unselected package mesa-vdpau-drivers:amd64.
2026-10-08T22:56:08.2189818Z Preparing to unpack .../94-mesa-vdpau-drivers_25.2.8-0ubuntu0.24.04.4_amd64.deb ...
2026-10-08T22:56:08.2204011Z Unpacking mesa-vdpau-drivers:amd64 (25.2.8-0ubuntu0.24.04.4) ...
2026-10-08T22:56:08.2362616Z Selecting previously unselected package i965-va-driver:amd64.
2026-10-08T22:56:08.2476964Z Preparing to unpack .../95-i965-va-driver_2.4.1+dfsg1-1ubuntu0.2_amd64.deb ...
2026-10-08T22:56:08.2482970Z Unpacking i965-va-driver:amd64 (2.4.1+dfsg1-1ubuntu0.2) ...
2026-10-08T22:56:08.2685444Z Selecting previously unselected package va-driver-all:amd64.
2026-10-08T22:56:08.2800865Z Preparing to unpack .../96-va-driver-all_2.20.0-2ubuntu0.2_amd64.deb ...
2026-10-08T22:56:08.2807113Z Unpacking va-driver-all:amd64 (2.20.0-2ubuntu0.2) ...
2026-10-08T22:56:08.2955217Z Selecting previously unselected package vdpau-driver-all:amd64.
2026-10-08T22:56:08.3070811Z Preparing to unpack .../97-vdpau-driver-all_1.5-2build1_amd64.deb ...
2026-10-08T22:56:08.3078196Z Unpacking vdpau-driver-all:amd64 (1.5-2build1) ...
2026-10-08T22:56:08.3227811Z Selecting previously unselected package pocketsphinx-en-us.
2026-10-08T22:56:08.3343936Z Preparing to unpack .../98-pocketsphinx-en-us_0.8.0+real5prealpha+1-15ubuntu5_all.deb ...
2026-10-08T22:56:08.3349951Z Unpacking pocketsphinx-en-us (0.8.0+real5prealpha+1-15ubuntu5) ...
2026-10-08T22:56:08.5134019Z Setting up libgme0:amd64 (0.6.3-7build1) ...
2026-10-08T22:56:08.5153765Z Setting up libchromaprint1:amd64 (1.5.1-5) ...
2026-10-08T22:56:08.5170115Z Setting up libssh-gcrypt-4:amd64 (0.10.6-2ubuntu0.5) ...
2026-10-08T22:56:08.5183587Z Setting up libhwy1t64:amd64 (1.0.7-8.1build1) ...
2026-10-08T22:56:08.5195083Z Setting up libudfread0:amd64 (1.1.2-1build1) ...
2026-10-08T22:56:08.5210060Z Setting up libraw1394-11:amd64 (2.1.2-2build3) ...
2026-10-08T22:56:08.5222918Z Setting up libspeex1:amd64 (1.2.1-2ubuntu2.24.04.1) ...
2026-10-08T22:56:08.5236061Z Setting up libshine3:amd64 (3.1.1-2build1) ...
2026-10-08T22:56:08.5250877Z Setting up libcaca0:amd64 (0.99.beta20-4ubuntu0.2) ...
2026-10-08T22:56:08.5264859Z Setting up libvpl2 (2023.3.0-1build1) ...
2026-10-08T22:56:08.5280442Z Setting up libx264-164:amd64 (2:0.164.3108+git31e19f9-1) ...
2026-10-08T22:56:08.5295153Z Setting up libtwolame0:amd64 (0.4.0-2build3) ...
2026-10-08T22:56:08.5309969Z Setting up libmbedcrypto7t64:amd64 (2.28.8-1) ...
2026-10-08T22:56:08.5322947Z Setting up libgsm1:amd64 (1.0.22-1build1) ...
2026-10-08T22:56:08.5337161Z Setting up libsoxr0:amd64 (0.1.3-4build3) ...
2026-10-08T22:56:08.5350207Z Setting up libzix-0-0:amd64 (0.4.2-2build1) ...
2026-10-08T22:56:08.5364884Z Setting up libcodec2-1.2:amd64 (1.2.0-2build1) ...
2026-10-08T22:56:08.5379936Z Setting up libmysofa1:amd64 (1.3.2+dfsg-2ubuntu2) ...
2026-10-08T22:56:08.5393415Z Setting up libxcb-shape0:amd64 (1.15-1ubuntu2) ...
2026-10-08T22:56:08.5409888Z Setting up libcdio19t64:amd64 (2.1.0-4.1ubuntu1.2) ...
2026-10-08T22:56:08.5424624Z Setting up libsvtav1enc1d1:amd64 (1.7.0+dfsg-2build1) ...
2026-10-08T22:56:08.5438506Z Setting up libigdgmm12:amd64 (22.3.17+ds1-1ubuntu1) ...
2026-10-08T22:56:08.5454111Z Setting up libmpg123-0t64:amd64 (1.32.5-1ubuntu1.1) ...
2026-10-08T22:56:08.5466797Z Setting up libcjson1:amd64 (1.7.17-1) ...
2026-10-08T22:56:08.5480904Z Setting up libxvidcore4:amd64 (2:1.3.7-1build1) ...
2026-10-08T22:56:08.5493790Z Setting up librav1e0:amd64 (0.7.1-2) ...
2026-10-08T22:56:08.5506909Z Setting up libcdio-cdda2t64:amd64 (10.2+2.0.1-1.1build2) ...
2026-10-08T22:56:08.5523652Z Setting up librist4:amd64 (0.2.10+dfsg-2) ...
2026-10-08T22:56:08.5537068Z Setting up librsvg2-2:amd64 (2.58.0+dfsg-1ubuntu0.1) ...
2026-10-08T22:56:08.5551372Z Setting up libblas3:amd64 (3.12.0-3build1.1) ...
2026-10-08T22:56:08.5600735Z update-alternatives: using /usr/lib/x86_64-linux-gnu/blas/libblas.so.3 to provide /usr/lib/x86_64-linux-gnu/libblas.so.3 (libblas.so.3-x86_64-linux-gnu) in auto mode
2026-10-08T22:56:08.5612432Z Setting up libplacebo338:amd64 (6.338.2-2build1) ...
2026-10-08T22:56:08.5626582Z Setting up libva2:amd64 (2.20.0-2ubuntu0.2) ...
2026-10-08T22:56:08.5640526Z Setting up libopus0:amd64 (1.4-1build1) ...
2026-10-08T22:56:08.5654235Z Setting up libcdio-paranoia2t64:amd64 (10.2+2.0.1-1.1build2) ...
2026-10-08T22:56:08.5668970Z Setting up libdc1394-25:amd64 (2.2.6-4build1) ...
2026-10-08T22:56:08.5682550Z Setting up intel-media-va-driver:amd64 (24.1.0+dfsg1-1ubuntu0.2) ...
2026-10-08T22:56:08.5696866Z Setting up libxv1:amd64 (2:1.0.11-1.1build1) ...
2026-10-08T22:56:08.5710502Z Setting up libunibreak5:amd64 (5.1-2build1) ...
2026-10-08T22:56:08.5727248Z Setting up libaacs0:amd64 (0.11.1-2build1) ...
2026-10-08T22:56:08.5742008Z Setting up libjxl0.7:amd64 (0.7.0-10.2ubuntu6.1) ...
2026-10-08T22:56:08.5755417Z Setting up librsvg2-common:amd64 (2.58.0+dfsg-1ubuntu0.1) ...
2026-10-08T22:56:08.6024011Z Setting up pocketsphinx-en-us (0.8.0+real5prealpha+1-15ubuntu5) ...
2026-10-08T22:56:08.6043735Z Setting up libx265-199:amd64 (3.5-2build1) ...
2026-10-08T22:56:08.6060233Z Setting up libsndio7.0:amd64 (1.9.0-0.3build3) ...
2026-10-08T22:56:08.6073811Z Setting up libbdplus0:amd64 (0.2.0-3build1) ...
2026-10-08T22:56:08.6087497Z Setting up libvidstab1.1:amd64 (1.1.0-2build1) ...
2026-10-08T22:56:08.6104739Z Setting up libvpx9:amd64 (1.14.0-1ubuntu2.3) ...
2026-10-08T22:56:08.6120069Z Setting up libsrt1.5-gnutls:amd64 (1.5.3-1build2) ...
2026-10-08T22:56:08.6137044Z Setting up libflite1:amd64 (2.2-6build3) ...
2026-10-08T22:56:08.6150736Z Setting up libdav1d7:amd64 (1.4.1-1build1) ...
2026-10-08T22:56:08.6164626Z Setting up libva-drm2:amd64 (2.20.0-2ubuntu0.2) ...
2026-10-08T22:56:08.6178588Z Setting up ocl-icd-libopencl1:amd64 (2.3.2-1build1) ...
2026-10-08T22:56:08.6193848Z Setting up libasyncns0:amd64 (0.8-6build4) ...
2026-10-08T22:56:08.6210165Z Setting up libvdpau1:amd64 (1.5-2build1) ...
2026-10-08T22:56:08.6228264Z Setting up libbs2b0:amd64 (3.1.0+dfsg-7build1) ...
2026-10-08T22:56:08.6242037Z Setting up libtheora0:amd64 (1.1.1+dfsg.1-16.1build3) ...
2026-10-08T22:56:08.6256613Z Setting up libdecor-0-0:amd64 (0.2.2-1build2) ...
2026-10-08T22:56:08.6272520Z Setting up libzimg2:amd64 (3.0.5+ds1-1build1) ...
2026-10-08T22:56:08.6288398Z Setting up libopenal-data (1:1.23.1-4build1) ...
2026-10-08T22:56:08.6308766Z Setting up libflac12t64:amd64 (1.4.3+ds-2.1ubuntu2) ...
2026-10-08T22:56:08.6325310Z Setting up mesa-va-drivers:amd64 (25.2.8-0ubuntu0.24.04.4) ...
2026-10-08T22:56:08.6339545Z Setting up libbluray2:amd64 (1:1.3.4-1build1) ...
2026-10-08T22:56:08.6353597Z Setting up libsamplerate0:amd64 (0.2.2-4build1) ...
2026-10-08T22:56:08.6371856Z Setting up libva-x11-2:amd64 (2.20.0-2ubuntu0.2) ...
2026-10-08T22:56:08.6387281Z Setting up libdecor-0-plugin-1-gtk:amd64 (0.2.2-1build2) ...
2026-10-08T22:56:08.6402086Z Setting up libopenmpt0t64:amd64 (0.7.3-1.1build3) ...
2026-10-08T22:56:08.6415629Z Setting up libzvbi-common (0.2.42-2) ...
2026-10-08T22:56:08.6429252Z Setting up libmp3lame0:amd64 (3.100-6build1) ...
2026-10-08T22:56:08.6444322Z Setting up i965-va-driver:amd64 (2.4.1+dfsg1-1ubuntu0.2) ...
2026-10-08T22:56:08.6457920Z Setting up libvorbisenc2:amd64 (1.3.7-1build3) ...
2026-10-08T22:56:08.6472899Z Setting up libiec61883-0:amd64 (1.2.0-6build1) ...
2026-10-08T22:56:08.6487510Z Setting up libserd-0-0:amd64 (0.32.2-1) ...
2026-10-08T22:56:08.6501284Z Setting up libavc1394-0:amd64 (0.5.4-5build3) ...
2026-10-08T22:56:08.6516077Z Setting up mesa-vdpau-drivers:amd64 (25.2.8-0ubuntu0.24.04.4) ...
2026-10-08T22:56:08.6532154Z Setting up liblapack3:amd64 (3.12.0-3build1.1) ...
2026-10-08T22:56:08.6585047Z update-alternatives: using /usr/lib/x86_64-linux-gnu/lapack/liblapack.so.3 to provide /usr/lib/x86_64-linux-gnu/liblapack.so.3 (liblapack.so.3-x86_64-linux-gnu) in auto mode
2026-10-08T22:56:08.6598602Z Setting up libzvbi0t64:amd64 (0.2.42-2) ...
2026-10-08T22:56:08.6611586Z Setting up libavutil58:amd64 (7:6.1.1-3ubuntu5) ...
2026-10-08T22:56:08.6625920Z Setting up libopenal1:amd64 (1:1.23.1-4build1) ...
2026-10-08T22:56:08.6641351Z Setting up libass9:amd64 (1:0.17.1-2build1) ...
2026-10-08T22:56:08.6654460Z Setting up libswresample4:amd64 (7:6.1.1-3ubuntu5) ...
2026-10-08T22:56:08.6672769Z Setting up va-driver-all:amd64 (2.20.0-2ubuntu0.2) ...
2026-10-08T22:56:08.6694119Z Setting up libavcodec60:amd64 (7:6.1.1-3ubuntu5) ...
2026-10-08T22:56:08.6707188Z Setting up librubberband2:amd64 (3.3.0+dfsg-2build1) ...
2026-10-08T22:56:08.6889468Z Setting up libjack-jackd2-0:amd64 (1.9.21~dfsg-3ubuntu3) ...
2026-10-08T22:56:08.6905577Z Setting up vdpau-driver-all:amd64 (1.5-2build1) ...
2026-10-08T22:56:08.6918595Z Setting up libsord-0-0:amd64 (0.16.16-2build1) ...
2026-10-08T22:56:08.6934420Z Setting up libpostproc57:amd64 (7:6.1.1-3ubuntu5) ...
2026-10-08T22:56:08.6948720Z Setting up libsratom-0-0:amd64 (0.6.16-1build1) ...
2026-10-08T22:56:08.6964722Z Setting up libsndfile1:amd64 (1.2.2-1ubuntu5.24.04.1) ...
2026-10-08T22:56:08.6977173Z Setting up liblilv-0-0:amd64 (0.24.22-1build1) ...
2026-10-08T22:56:08.6991738Z Setting up libswscale7:amd64 (7:6.1.1-3ubuntu5) ...
2026-10-08T22:56:08.7006916Z Setting up libpulse0:amd64 (1:16.1+dfsg1-2ubuntu10.1) ...
2026-10-08T22:56:08.7064850Z Setting up libavformat60:amd64 (7:6.1.1-3ubuntu5) ...
2026-10-08T22:56:08.7082856Z Setting up libsphinxbase3t64:amd64 (0.8+5prealpha+1-17build2) ...
2026-10-08T22:56:08.7098935Z Setting up libsdl2-2.0-0:amd64 (2.30.0+dfsg-1ubuntu3.1) ...
2026-10-08T22:56:08.7111680Z Setting up libpocketsphinx3:amd64 (0.8.0+real5prealpha+1-15ubuntu5) ...
2026-10-08T22:56:08.7126012Z Setting up libavfilter9:amd64 (7:6.1.1-3ubuntu5) ...
2026-10-08T22:56:08.7140104Z Setting up libavdevice60:amd64 (7:6.1.1-3ubuntu5) ...
2026-10-08T22:56:08.7153862Z Setting up ffmpeg (7:6.1.1-3ubuntu5) ...
2026-10-08T22:56:08.7173534Z Processing triggers for man-db (2.12.0-4build2) ...
2026-10-08T22:56:08.7194690Z Not building database; man-db/auto-update is not 'true'.
2026-10-08T22:56:08.7208081Z Processing triggers for libgdk-pixbuf-2.0-0:amd64 (2.42.10+dfsg-3ubuntu3.3) ...
2026-10-08T22:56:08.7812278Z Processing triggers for libc-bin (2.39-0ubuntu8.9) ...
2026-10-08T22:56:09.3983605Z 
2026-10-08T22:56:09.3984243Z Running kernel seems to be up-to-date.
2026-10-08T22:56:09.3984523Z 
2026-10-08T22:56:09.3984676Z No services need to be restarted.
2026-10-08T22:56:09.3984863Z 
2026-10-08T22:56:09.3985014Z No containers need to be restarted.
2026-10-08T22:56:09.3985473Z 
2026-10-08T22:56:09.3985663Z No user sessions are running outdated binaries.
2026-10-08T22:56:09.3985884Z 
2026-10-08T22:56:09.3986154Z No VM guests are running outdated hypervisor (qemu) binaries on this host.
2026-10-08T22:56:10.4895673Z ffprobe version 6.1.1-3ubuntu5 Copyright (c) 2007-2023 the FFmpeg developers
2026-10-08T22:56:10.4896230Z built with gcc 13 (Ubuntu 13.2.0-23ubuntu3)
2026-10-08T22:56:10.4902812Z configuration: --prefix=/usr --extra-version=3ubuntu5 --toolchain=hardened --libdir=/usr/lib/x86_64-linux-gnu --incdir=/usr/include/x86_64-linux-gnu --arch=amd64 --enable-gpl --disable-stripping --disable-omx --enable-gnutls --enable-libaom --enable-libass --enable-libbs2b --enable-libcaca --enable-libcdio --enable-libcodec2 --enable-libdav1d --enable-libflite --enable-libfontconfig --enable-libfreetype --enable-libfribidi --enable-libglslang --enable-libgme --enable-libgsm --enable-libharfbuzz --enable-libmp3lame --enable-libmysofa --enable-libopenjpeg --enable-libopenmpt --enable-libopus --enable-librubberband --enable-libshine --enable-libsnappy --enable-libsoxr --enable-libspeex --enable-libtheora --enable-libtwolame --enable-libvidstab --enable-libvorbis --enable-libvpx --enable-libwebp --enable-libx265 --enable-libxml2 --enable-libxvid --enable-libzimg --enable-openal --enable-opencl --enable-opengl --disable-sndio --enable-libvpl --disable-libmfx --enable-libdc1394 --enable-libdrm --enable-libiec61883 --enable-chromaprint --enable-frei0r --enable-ladspa --enable-libbluray --enable-libjack --enable-libpulse --enable-librabbitmq --enable-librist --enable-libsrt --enable-libssh --enable-libsvtav1 --enable-libx264 --enable-libzmq --enable-libzvbi --enable-lv2 --enable-sdl2 --enable-libplacebo --enable-librav1e --enable-pocketsphinx --enable-librsvg --enable-libjxl --enable-shared
2026-10-08T22:56:10.4907692Z libavutil      58. 29.100 / 58. 29.100
2026-10-08T22:56:10.4907997Z libavcodec     60. 31.102 / 60. 31.102
2026-10-08T22:56:10.4908295Z libavformat    60. 16.100 / 60. 16.100
2026-10-08T22:56:10.4908613Z libavdevice    60.  3.100 / 60.  3.100
2026-10-08T22:56:10.4908909Z libavfilter     9. 12.100 /  9. 12.100
2026-10-08T22:56:10.4909209Z libswscale      7.  5.100 /  7.  5.100
2026-10-08T22:56:10.4909509Z libswresample   4. 12.100 /  4. 12.100
2026-10-08T22:56:10.4909802Z libpostproc    57.  3.100 / 57.  3.100
2026-10-08T22:56:10.5310716Z ffmpeg version 6.1.1-3ubuntu5 Copyright (c) 2000-2023 the FFmpeg developers
2026-10-08T22:56:10.5311447Z built with gcc 13 (Ubuntu 13.2.0-23ubuntu3)
2026-10-08T22:56:10.5317939Z configuration: --prefix=/usr --extra-version=3ubuntu5 --toolchain=hardened --libdir=/usr/lib/x86_64-linux-gnu --incdir=/usr/include/x86_64-linux-gnu --arch=amd64 --enable-gpl --disable-stripping --disable-omx --enable-gnutls --enable-libaom --enable-libass --enable-libbs2b --enable-libcaca --enable-libcdio --enable-libcodec2 --enable-libdav1d --enable-libflite --enable-libfontconfig --enable-libfreetype --enable-libfribidi --enable-libglslang --enable-libgme --enable-libgsm --enable-libharfbuzz --enable-libmp3lame --enable-libmysofa --enable-libopenjpeg --enable-libopenmpt --enable-libopus --enable-librubberband --enable-libshine --enable-libsnappy --enable-libsoxr --enable-libspeex --enable-libtheora --enable-libtwolame --enable-libvidstab --enable-libvorbis --enable-libvpx --enable-libwebp --enable-libx265 --enable-libxml2 --enable-libxvid --enable-libzimg --enable-openal --enable-opencl --enable-opengl --disable-sndio --enable-libvpl --disable-libmfx --enable-libdc1394 --enable-libdrm --enable-libiec61883 --enable-chromaprint --enable-frei0r --enable-ladspa --enable-libbluray --enable-libjack --enable-libpulse --enable-librabbitmq --enable-librist --enable-libsrt --enable-libssh --enable-libsvtav1 --enable-libx264 --enable-libzmq --enable-libzvbi --enable-lv2 --enable-sdl2 --enable-libplacebo --enable-librav1e --enable-pocketsphinx --enable-librsvg --enable-libjxl --enable-shared
2026-10-08T22:56:10.5323295Z libavutil      58. 29.100 / 58. 29.100
2026-10-08T22:56:10.5323724Z libavcodec     60. 31.102 / 60. 31.102
2026-10-08T22:56:10.5324037Z libavformat    60. 16.100 / 60. 16.100
2026-10-08T22:56:10.5324349Z libavdevice    60.  3.100 / 60.  3.100
2026-10-08T22:56:10.5324664Z libavfilter     9. 12.100 /  9. 12.100
2026-10-08T22:56:10.5324978Z libswscale      7.  5.100 /  7.  5.100
2026-10-08T22:56:10.5325304Z libswresample   4. 12.100 /  4. 12.100
2026-10-08T22:56:10.5325622Z libpostproc    57.  3.100 / 57.  3.100
2026-10-08T22:56:10.5453856Z ##[group]Run actions/download-artifact@v4
2026-10-08T22:56:10.5454154Z with:
2026-10-08T22:56:10.5454435Z   pattern: G10-stage-*-9109bd50a9b851b68c97ae932f024f2911f6b54d
2026-10-08T22:56:10.5454794Z   path: jobs/G10-checkers
2026-10-08T22:56:10.5455036Z   merge-multiple: true
2026-10-08T22:56:10.5455289Z   repository: luisitin/partybox-game-cores
2026-10-08T22:56:10.5455572Z   run-id: 37854753140
2026-10-08T22:56:10.5455782Z env:
2026-10-08T22:56:10.5456033Z   G10_SOURCE_COMMIT: 9109bd50a9b851b68c97ae932f024f2911f6b54d
2026-10-08T22:56:10.5456364Z ##[endgroup]
2026-10-08T22:56:10.7168677Z (node:3698) [DEP0040] DeprecationWarning: The `punycode` module is deprecated. Please use a userland alternative instead.
2026-10-08T22:56:10.7169449Z (Use `node --trace-deprecation ...` to show where the warning was created)
2026-10-08T22:56:10.9375793Z Found 4 artifact(s)
2026-10-08T22:56:10.9376772Z Filtering artifacts by pattern 'G10-stage-*-9109bd50a9b851b68c97ae932f024f2911f6b54d'
2026-10-08T22:56:10.9399646Z Preparing to download the following artifacts:
2026-10-08T22:56:10.9401300Z - G10-stage-league-international-9109bd50a9b851b68c97ae932f024f2911f6b54d (ID: 11584316644, Size: 490253, Expected Digest: sha256:b87eb1379e5511abf892486541ac04a683fb714b49fd6d7f401a21071aaa68dc)
2026-10-08T22:56:10.9403235Z - G10-stage-league-american-9109bd50a9b851b68c97ae932f024f2911f6b54d (ID: 11583985969, Size: 372080, Expected Digest: sha256:d76ccf1d3d20e6b68b6c7d6f1671ca2d1946e486bda8cb894b216a34db821950)
2026-10-08T22:56:10.9404976Z - G10-stage-browser-9109bd50a9b851b68c97ae932f024f2911f6b54d (ID: 11583771790, Size: 8751024, Expected Digest: sha256:574314fcd4d5eb845e57b484001c1c0fb9fc01492972cfd648b72069938b97d1)
2026-10-08T22:56:10.9407670Z - G10-stage-node-9109bd50a9b851b68c97ae932f024f2911f6b54d (ID: 11583223942, Size: 136618, Expected Digest: sha256:dbda9a97579e6884c8c1bf51c2c987bf73647ae6b72990132cd80b7d49fad66a)
2026-10-08T22:56:11.1685420Z Redirecting to blob download url: https://productionresultssa8.blob.core.windows.net/actions-results/93d1e824-18dc-8dd5-bc71-d441c055ee8c/workflow-job-run-cc840c57-65d9-5159-8e05-bc57e42f3d91/artifacts/71a15293cc313bb835454177fc58b7fc640c8fd909f97fc7332c0f45ae18c53a.zip
2026-10-08T22:56:11.1687572Z Starting download of artifact to: /home/runner/work/partybox-game-cores/partybox-game-cores/jobs/G10-checkers
2026-10-08T22:56:11.2685086Z Redirecting to blob download url: https://productionresultssa8.blob.core.windows.net/actions-results/93d1e824-18dc-8dd5-bc71-d441c055ee8c/workflow-job-run-13f920ef-2a9f-544d-856e-3d492014f3d8/artifacts/09c5620ac940786250893ce4f96da61778137d3fa77a53c86644dd97c619bd9a.zip
2026-10-08T22:56:11.2687785Z Starting download of artifact to: /home/runner/work/partybox-game-cores/partybox-game-cores/jobs/G10-checkers
2026-10-08T22:56:11.2768730Z Redirecting to blob download url: https://productionresultssa8.blob.core.windows.net/actions-results/93d1e824-18dc-8dd5-bc71-d441c055ee8c/workflow-job-run-2ddcb51f-90c5-5015-b6af-9add258e5c55/artifacts/31b0f3445420663e7b728b98ea356af9ea5be662c75dcd0f8ff9f3353c0af72b.zip
2026-10-08T22:56:11.2771015Z Starting download of artifact to: /home/runner/work/partybox-game-cores/partybox-game-cores/jobs/G10-checkers
2026-10-08T22:56:11.2924857Z Redirecting to blob download url: https://productionresultssa8.blob.core.windows.net/actions-results/93d1e824-18dc-8dd5-bc71-d441c055ee8c/workflow-job-run-03546468-f15c-53bf-b468-c4e673c92395/artifacts/8899f7b07bea841a1ff1a95dc6bdf72fc1b34338deadb2829a43f9defa3d281a.zip
2026-10-08T22:56:11.2927503Z Starting download of artifact to: /home/runner/work/partybox-game-cores/partybox-game-cores/jobs/G10-checkers
2026-10-08T22:56:11.4081797Z (node:3698) [DEP0005] DeprecationWarning: Buffer() is deprecated due to security and usability issues. Please use the Buffer.alloc(), Buffer.allocUnsafe(), or Buffer.from() methods instead.
2026-10-08T22:56:11.6300488Z SHA256 digest of downloaded artifact is dbda9a97579e6884c8c1bf51c2c987bf73647ae6b72990132cd80b7d49fad66a
2026-10-08T22:56:11.6301581Z Artifact download completed successfully.
2026-10-08T22:56:11.6855644Z SHA256 digest of downloaded artifact is b87eb1379e5511abf892486541ac04a683fb714b49fd6d7f401a21071aaa68dc
2026-10-08T22:56:11.6856263Z Artifact download completed successfully.
2026-10-08T22:56:11.7064111Z SHA256 digest of downloaded artifact is d76ccf1d3d20e6b68b6c7d6f1671ca2d1946e486bda8cb894b216a34db821950
2026-10-08T22:56:11.7064916Z Artifact download completed successfully.
2026-10-08T22:56:12.4316782Z SHA256 digest of downloaded artifact is 574314fcd4d5eb845e57b484001c1c0fb9fc01492972cfd648b72069938b97d1
2026-10-08T22:56:12.4317819Z Artifact download completed successfully.
2026-10-08T22:56:12.4318421Z Total of 4 artifact(s) downloaded
2026-10-08T22:56:12.4323993Z Download artifact has finished successfully
2026-10-08T22:56:12.4537610Z ##[group]Run set -o pipefail
2026-10-08T22:56:12.4537967Z [36;1mset -o pipefail[0m
2026-10-08T22:56:12.4538376Z [36;1mnode scripts/check.mjs --stage final 2>&1 | tee .work-stage-final.stdout[0m
2026-10-08T22:56:12.4574950Z shell: /usr/bin/bash -e {0}
2026-10-08T22:56:12.4575239Z env:
2026-10-08T22:56:12.4575546Z   G10_SOURCE_COMMIT: 9109bd50a9b851b68c97ae932f024f2911f6b54d
2026-10-08T22:56:12.4575902Z ##[endgroup]
2026-10-08T22:56:12.5898055Z 
2026-10-08T22:56:12.5898744Z > partybox-g10-checkers@1.0.0 build
2026-10-08T22:56:12.5899431Z > tsc --noEmit && node scripts/build.mjs
2026-10-08T22:56:12.5899714Z 
2026-10-08T22:56:27.1105880Z PASS: complete offline single-page game written to /home/runner/work/partybox-game-cores/partybox-game-cores/jobs/G10-checkers/.work/play.html; original six-piece data is read in bounded blocks.
2026-10-08T22:56:46.9349482Z PASS: checksums, authoritative schemas/manifest, pure core source, fixed corpus provenance, original offline page (delivery execution gates explicitly excluded).
2026-10-08T22:57:14.1942023Z {"status":"PASS","games":4000,"files":80,"independentLegalMoveReplay":true}
2026-10-08T22:57:44.9717678Z PASS: checksums, authoritative schemas/manifest, pure core source, fixed corpus provenance, original offline page, required simulations/mutations/leagues and source-matched browser/media proof.
2026-10-08T22:57:49.0308503Z {"status":"PASS","stage":"final","sourceCommit":"9109bd50a9b851b68c97ae932f024f2911f6b54d","elapsedSeconds":96.53342666699999}
2026-10-08T22:57:49.0390091Z ##[group]Run node scripts/standalone-receipt.mjs
2026-10-08T22:57:49.0390515Z [36;1mnode scripts/standalone-receipt.mjs[0m
2026-10-08T22:57:49.0427927Z shell: /usr/bin/bash -e {0}
2026-10-08T22:57:49.0428233Z env:
2026-10-08T22:57:49.0428544Z   G10_SOURCE_COMMIT: 9109bd50a9b851b68c97ae932f024f2911f6b54d
2026-10-08T22:57:49.0428922Z ##[endgroup]
2026-10-08T22:57:53.3057798Z Standalone page digest and exact-checkout receipt written.
2026-10-08T22:57:53.3140546Z ##[group]Run python3 scripts/standalone-parts.py split .work/play.html .work/standalone-delivery.json .work/standalone-parts
2026-10-08T22:57:53.3141666Z [36;1mpython3 scripts/standalone-parts.py split .work/play.html .work/standalone-delivery.json .work/standalone-parts[0m
2026-10-08T22:57:53.3179714Z shell: /usr/bin/bash -e {0}
2026-10-08T22:57:53.3180027Z env:
2026-10-08T22:57:53.3180347Z   G10_SOURCE_COMMIT: 9109bd50a9b851b68c97ae932f024f2911f6b54d
2026-10-08T22:57:53.3180706Z ##[endgroup]
2026-10-08T22:57:58.2784864Z {"status": "PASS", "sourceCommit": "9109bd50a9b851b68c97ae932f024f2911f6b54d", "parts": 4, "bytes": 1390845993, "sha256": "5ed2173b7264574565dd29ff14773236cac5a00833bf75df3de9e64a66451801"}
2026-10-08T22:57:58.2891958Z ##[group]Run actions/upload-artifact@v4
2026-10-08T22:57:58.2892428Z with:
2026-10-08T22:57:58.2892782Z   name: G10-standalone-part-00-9109bd50a9b851b68c97ae932f024f2911f6b54d
2026-10-08T22:57:58.2893485Z   path: jobs/G10-checkers/.work/standalone-parts/play.html.part-00
jobs/G10-checkers/.work/standalone-parts/standalone-*

2026-10-08T22:57:58.2894066Z   if-no-files-found: error
2026-10-08T22:57:58.2894359Z   include-hidden-files: true
2026-10-08T22:57:58.2894633Z   compression-level: 1
2026-10-08T22:57:58.2894894Z   retention-days: 7
2026-10-08T22:57:58.2895136Z   overwrite: false
2026-10-08T22:57:58.2895372Z env:
2026-10-08T22:57:58.2895661Z   G10_SOURCE_COMMIT: 9109bd50a9b851b68c97ae932f024f2911f6b54d
2026-10-08T22:57:58.2896002Z ##[endgroup]
2026-10-08T22:57:58.4623852Z (node:3874) [DEP0040] DeprecationWarning: The `punycode` module is deprecated. Please use a userland alternative instead.
2026-10-08T22:57:58.4624731Z (Use `node --trace-deprecation ...` to show where the warning was created)
2026-10-08T22:57:58.4723025Z With the provided path, there will be 4 files uploaded
2026-10-08T22:57:58.4723976Z Artifact name is valid!
2026-10-08T22:57:58.4724457Z Root directory input is valid!
2026-10-08T22:57:58.8171453Z Beginning upload of artifact content to blob storage
2026-10-08T22:57:59.1555448Z (node:3874) [DEP0169] DeprecationWarning: `url.parse()` behavior is not standardized and prone to errors that have security implications. Use the WHATWG URL API instead. CVEs are not issued for `url.parse()` vulnerabilities.
2026-10-08T22:57:59.8503311Z Uploaded bytes 8388608
2026-10-08T22:58:00.1453269Z Uploaded bytes 16777216
2026-10-08T22:58:00.3061611Z Uploaded bytes 25165824
2026-10-08T22:58:00.5732698Z Uploaded bytes 33554432
2026-10-08T22:58:00.6766881Z Uploaded bytes 41943040
2026-10-08T22:58:01.0229597Z Uploaded bytes 50331648
2026-10-08T22:58:01.3171635Z Uploaded bytes 58720256
2026-10-08T22:58:01.6939886Z Uploaded bytes 67108864
2026-10-08T22:58:02.0362459Z Uploaded bytes 75497472
2026-10-08T22:58:02.4063945Z Uploaded bytes 83886080
2026-10-08T22:58:02.7155585Z Uploaded bytes 92274688
2026-10-08T22:58:03.0463390Z Uploaded bytes 100663296
2026-10-08T22:58:03.3838125Z Uploaded bytes 109051904
2026-10-08T22:58:03.7688774Z Uploaded bytes 117440512
2026-10-08T22:58:04.1579424Z Uploaded bytes 125829120
2026-10-08T22:58:04.4986368Z Uploaded bytes 134217728
2026-10-08T22:58:04.7873349Z Uploaded bytes 142606336
2026-10-08T22:58:05.1834479Z Uploaded bytes 150994944
2026-10-08T22:58:05.4621194Z Uploaded bytes 159383552
2026-10-08T22:58:05.7201921Z Uploaded bytes 167772160
2026-10-08T22:58:06.0506374Z Uploaded bytes 176160768
2026-10-08T22:58:06.3817524Z Uploaded bytes 184549376
2026-10-08T22:58:06.6489441Z Uploaded bytes 192937984
2026-10-08T22:58:07.0187964Z Uploaded bytes 201326592
2026-10-08T22:58:07.3568373Z Uploaded bytes 209715200
2026-10-08T22:58:07.6243316Z Uploaded bytes 218103808
2026-10-08T22:58:07.9169317Z Uploaded bytes 226492416
2026-10-08T22:58:08.2183057Z Uploaded bytes 234881024
2026-10-08T22:58:08.5432155Z Uploaded bytes 243269632
2026-10-08T22:58:08.8424829Z Uploaded bytes 251658240
2026-10-08T22:58:09.1374059Z Uploaded bytes 260046848
2026-10-08T22:58:09.4637955Z Uploaded bytes 268435456
2026-10-08T22:58:09.7114357Z Uploaded bytes 275345041
2026-10-08T22:58:09.7706734Z Finished uploading artifact content to blob storage!
2026-10-08T22:58:09.7710130Z SHA256 digest of uploaded artifact zip is ec15eeaa13d93690d8afa5661fff1d84a7f31b4630722758f3b79f151cf94114
2026-10-08T22:58:09.7712448Z Finalizing artifact upload
2026-10-08T22:58:10.1390043Z Artifact G10-standalone-part-00-9109bd50a9b851b68c97ae932f024f2911f6b54d.zip successfully finalized. Artifact ID 11583868736
2026-10-08T22:58:10.1392764Z Artifact G10-standalone-part-00-9109bd50a9b851b68c97ae932f024f2911f6b54d has been successfully uploaded! Final size is 275345041 bytes. Artifact ID is 11583868736
2026-10-08T22:58:10.1400382Z Artifact download URL: https://github.com/luisitin/partybox-game-cores/actions/runs/37854753140/artifacts/11583868736
2026-10-08T22:58:10.1566301Z ##[group]Run actions/upload-artifact@v4
2026-10-08T22:58:10.1566813Z with:
2026-10-08T22:58:10.1567247Z   name: G10-standalone-part-01-9109bd50a9b851b68c97ae932f024f2911f6b54d
2026-10-08T22:58:10.1568085Z   path: jobs/G10-checkers/.work/standalone-parts/play.html.part-01
jobs/G10-checkers/.work/standalone-parts/standalone-*

2026-10-08T22:58:10.1568783Z   if-no-files-found: error
2026-10-08T22:58:10.1569128Z   include-hidden-files: true
2026-10-08T22:58:10.1569467Z   compression-level: 1
2026-10-08T22:58:10.1569782Z   retention-days: 7
2026-10-08T22:58:10.1570079Z   overwrite: false
2026-10-08T22:58:10.1570362Z env:
2026-10-08T22:58:10.1570713Z   G10_SOURCE_COMMIT: 9109bd50a9b851b68c97ae932f024f2911f6b54d
2026-10-08T22:58:10.1571383Z ##[endgroup]
2026-10-08T22:58:10.3216890Z (node:3891) [DEP0040] DeprecationWarning: The `punycode` module is deprecated. Please use a userland alternative instead.
2026-10-08T22:58:10.3218305Z (Use `node --trace-deprecation ...` to show where the warning was created)
2026-10-08T22:58:10.3284422Z With the provided path, there will be 4 files uploaded
2026-10-08T22:58:10.3289889Z Artifact name is valid!
2026-10-08T22:58:10.3290631Z Root directory input is valid!
2026-10-08T22:58:10.6697962Z Beginning upload of artifact content to blob storage
2026-10-08T22:58:11.0170474Z (node:3891) [DEP0169] DeprecationWarning: `url.parse()` behavior is not standardized and prone to errors that have security implications. Use the WHATWG URL API instead. CVEs are not issued for `url.parse()` vulnerabilities.
2026-10-08T22:58:11.7007246Z Uploaded bytes 8388608
2026-10-08T22:58:12.0221520Z Uploaded bytes 16777216
2026-10-08T22:58:12.2318652Z Uploaded bytes 25165824
2026-10-08T22:58:12.3398540Z Uploaded bytes 33554432
2026-10-08T22:58:12.5422817Z Uploaded bytes 41943040
2026-10-08T22:58:12.8570085Z Uploaded bytes 50331648
2026-10-08T22:58:13.2010364Z Uploaded bytes 58720256
2026-10-08T22:58:13.4795349Z Uploaded bytes 67108864
2026-10-08T22:58:13.8152275Z Uploaded bytes 75497472
2026-10-08T22:58:14.1080706Z Uploaded bytes 83886080
2026-10-08T22:58:14.4443949Z Uploaded bytes 92274688
2026-10-08T22:58:14.7827361Z Uploaded bytes 100663296
2026-10-08T22:58:15.1003012Z Uploaded bytes 109051904
2026-10-08T22:58:15.3955064Z Uploaded bytes 117440512
2026-10-08T22:58:15.7038693Z Uploaded bytes 125829120
2026-10-08T22:58:15.9953419Z Uploaded bytes 134217728
2026-10-08T22:58:16.3698152Z Uploaded bytes 142606336
2026-10-08T22:58:16.6586332Z Uploaded bytes 150994944
2026-10-08T22:58:16.9486682Z Uploaded bytes 159383552
2026-10-08T22:58:17.2953494Z Uploaded bytes 167772160
2026-10-08T22:58:17.5993482Z Uploaded bytes 176160768
2026-10-08T22:58:17.9030720Z Uploaded bytes 184549376
2026-10-08T22:58:18.2683260Z Uploaded bytes 192937984
2026-10-08T22:58:18.5858714Z Uploaded bytes 201326592
2026-10-08T22:58:18.8779760Z Uploaded bytes 209715200
2026-10-08T22:58:19.1815798Z Uploaded bytes 218103808
2026-10-08T22:58:19.4841167Z Uploaded bytes 226492416
2026-10-08T22:58:19.8477152Z Uploaded bytes 234881024
2026-10-08T22:58:20.1333843Z Uploaded bytes 243269632
2026-10-08T22:58:20.4944399Z Uploaded bytes 251658240
2026-10-08T22:58:20.8111735Z Uploaded bytes 260046848
2026-10-08T22:58:21.1087747Z Uploaded bytes 268435456
2026-10-08T22:58:21.4055262Z Uploaded bytes 276824064
2026-10-08T22:58:21.4815620Z Uploaded bytes 278877122
2026-10-08T22:58:21.5409536Z Finished uploading artifact content to blob storage!
2026-10-08T22:58:21.5413165Z SHA256 digest of uploaded artifact zip is adc840327632b5446992df7750c65feca060ac7d1b64905fd3797914200c98c1
2026-10-08T22:58:21.5415701Z Finalizing artifact upload
2026-10-08T22:58:21.9287835Z Artifact G10-standalone-part-01-9109bd50a9b851b68c97ae932f024f2911f6b54d.zip successfully finalized. Artifact ID 11584920306
2026-10-08T22:58:21.9290370Z Artifact G10-standalone-part-01-9109bd50a9b851b68c97ae932f024f2911f6b54d has been successfully uploaded! Final size is 278877122 bytes. Artifact ID is 11584920306
2026-10-08T22:58:21.9297897Z Artifact download URL: https://github.com/luisitin/partybox-game-cores/actions/runs/37854753140/artifacts/11584920306
2026-10-08T22:58:21.9450584Z ##[group]Run actions/upload-artifact@v4
2026-10-08T22:58:21.9450996Z with:
2026-10-08T22:58:21.9451829Z   name: G10-standalone-part-02-9109bd50a9b851b68c97ae932f024f2911f6b54d
2026-10-08T22:58:21.9452671Z   path: jobs/G10-checkers/.work/standalone-parts/play.html.part-02
jobs/G10-checkers/.work/standalone-parts/standalone-*

2026-10-08T22:58:21.9453370Z   if-no-files-found: error
2026-10-08T22:58:21.9453723Z   include-hidden-files: true
2026-10-08T22:58:21.9454061Z   compression-level: 1
2026-10-08T22:58:21.9454373Z   retention-days: 7
2026-10-08T22:58:21.9454666Z   overwrite: false
2026-10-08T22:58:21.9454953Z env:
2026-10-08T22:58:21.9455298Z   G10_SOURCE_COMMIT: 9109bd50a9b851b68c97ae932f024f2911f6b54d
2026-10-08T22:58:21.9455722Z ##[endgroup]
2026-10-08T22:58:22.1128086Z (node:3906) [DEP0040] DeprecationWarning: The `punycode` module is deprecated. Please use a userland alternative instead.
2026-10-08T22:58:22.1129027Z (Use `node --trace-deprecation ...` to show where the warning was created)
2026-10-08T22:58:22.1202447Z With the provided path, there will be 4 files uploaded
2026-10-08T22:58:22.1203212Z Artifact name is valid!
2026-10-08T22:58:22.1203689Z Root directory input is valid!
2026-10-08T22:58:22.4397854Z Beginning upload of artifact content to blob storage
2026-10-08T22:58:22.7820452Z (node:3906) [DEP0169] DeprecationWarning: `url.parse()` behavior is not standardized and prone to errors that have security implications. Use the WHATWG URL API instead. CVEs are not issued for `url.parse()` vulnerabilities.
2026-10-08T22:58:23.4839912Z Uploaded bytes 8388608
2026-10-08T22:58:23.7528960Z Uploaded bytes 16777216
2026-10-08T22:58:23.9543116Z Uploaded bytes 25165824
2026-10-08T22:58:24.1653069Z Uploaded bytes 33554432
2026-10-08T22:58:24.2663718Z Uploaded bytes 41943040
2026-10-08T22:58:24.5977877Z Uploaded bytes 50331648
2026-10-08T22:58:24.9169234Z Uploaded bytes 58720256
2026-10-08T22:58:25.2388444Z Uploaded bytes 67108864
2026-10-08T22:58:25.5278601Z Uploaded bytes 75497472
2026-10-08T22:58:25.9491210Z Uploaded bytes 83886080
2026-10-08T22:58:26.2418749Z Uploaded bytes 92274688
2026-10-08T22:58:26.5120799Z Uploaded bytes 100663296
2026-10-08T22:58:26.7995398Z Uploaded bytes 109051904
2026-10-08T22:58:27.1867452Z Uploaded bytes 117440512
2026-10-08T22:58:27.4937967Z Uploaded bytes 125829120
2026-10-08T22:58:27.7752584Z Uploaded bytes 134217728
2026-10-08T22:58:28.0619103Z Uploaded bytes 142606336
2026-10-08T22:58:28.3929887Z Uploaded bytes 150994944
2026-10-08T22:58:28.6671575Z Uploaded bytes 159383552
2026-10-08T22:58:28.9865620Z Uploaded bytes 167772160
2026-10-08T22:58:29.3793266Z Uploaded bytes 176160768
2026-10-08T22:58:29.6116105Z Uploaded bytes 184549376
2026-10-08T22:58:29.9415073Z Uploaded bytes 192937984
2026-10-08T22:58:30.2346190Z Uploaded bytes 201326592
2026-10-08T22:58:30.5621367Z Uploaded bytes 209715200
2026-10-08T22:58:30.8862647Z Uploaded bytes 218103808
2026-10-08T22:58:31.1826708Z Uploaded bytes 226492416
2026-10-08T22:58:31.5144310Z Uploaded bytes 234881024
2026-10-08T22:58:31.8529774Z Uploaded bytes 243269632
2026-10-08T22:58:32.1712557Z Uploaded bytes 251658240
2026-10-08T22:58:32.4855372Z Uploaded bytes 260046848
2026-10-08T22:58:32.7510858Z Uploaded bytes 268435456
2026-10-08T22:58:33.0766266Z Uploaded bytes 276824064
2026-10-08T22:58:33.3932047Z Uploaded bytes 285212672
2026-10-08T22:58:33.4845920Z Uploaded bytes 286220426
2026-10-08T22:58:33.5440609Z Finished uploading artifact content to blob storage!
2026-10-08T22:58:33.5441998Z SHA256 digest of uploaded artifact zip is 4c81e3d211bbff12e704c1bf9bd4a42a002a8f622d26b88f91b5f8c894fcba91
2026-10-08T22:58:33.5445859Z Finalizing artifact upload
2026-10-08T22:58:33.9430184Z Artifact G10-standalone-part-02-9109bd50a9b851b68c97ae932f024f2911f6b54d.zip successfully finalized. Artifact ID 11584935214
2026-10-08T22:58:33.9431802Z Artifact G10-standalone-part-02-9109bd50a9b851b68c97ae932f024f2911f6b54d has been successfully uploaded! Final size is 286220426 bytes. Artifact ID is 11584935214
2026-10-08T22:58:33.9439187Z Artifact download URL: https://github.com/luisitin/partybox-game-cores/actions/runs/37854753140/artifacts/11584935214
2026-10-08T22:58:33.9589060Z ##[group]Run actions/upload-artifact@v4
2026-10-08T22:58:33.9589411Z with:
2026-10-08T22:58:33.9589778Z   name: G10-standalone-part-03-9109bd50a9b851b68c97ae932f024f2911f6b54d
2026-10-08T22:58:33.9590500Z   path: jobs/G10-checkers/.work/standalone-parts/play.html.part-03
jobs/G10-checkers/.work/standalone-parts/standalone-*

2026-10-08T22:58:33.9591285Z   if-no-files-found: error
2026-10-08T22:58:33.9591696Z   include-hidden-files: true
2026-10-08T22:58:33.9592000Z   compression-level: 1
2026-10-08T22:58:33.9592286Z   retention-days: 7
2026-10-08T22:58:33.9592551Z   overwrite: false
2026-10-08T22:58:33.9592813Z env:
2026-10-08T22:58:33.9593120Z   G10_SOURCE_COMMIT: 9109bd50a9b851b68c97ae932f024f2911f6b54d
2026-10-08T22:58:33.9593482Z ##[endgroup]
2026-10-08T22:58:34.1281775Z (node:3919) [DEP0040] DeprecationWarning: The `punycode` module is deprecated. Please use a userland alternative instead.
2026-10-08T22:58:34.1283262Z (Use `node --trace-deprecation ...` to show where the warning was created)
2026-10-08T22:58:34.1360154Z With the provided path, there will be 4 files uploaded
2026-10-08T22:58:34.1367208Z Artifact name is valid!
2026-10-08T22:58:34.1368190Z Root directory input is valid!
2026-10-08T22:58:34.4944820Z Beginning upload of artifact content to blob storage
2026-10-08T22:58:34.8344472Z (node:3919) [DEP0169] DeprecationWarning: `url.parse()` behavior is not standardized and prone to errors that have security implications. Use the WHATWG URL API instead. CVEs are not issued for `url.parse()` vulnerabilities.
2026-10-08T22:58:35.4932930Z Uploaded bytes 8388608
2026-10-08T22:58:35.8727214Z Uploaded bytes 16777216
2026-10-08T22:58:36.0521877Z Uploaded bytes 25165824
2026-10-08T22:58:36.1767179Z Uploaded bytes 33554432
2026-10-08T22:58:36.4025307Z Uploaded bytes 41943040
2026-10-08T22:58:36.6953540Z Uploaded bytes 50331648
2026-10-08T22:58:37.0372956Z Uploaded bytes 58720256
2026-10-08T22:58:37.2910304Z Uploaded bytes 67108864
2026-10-08T22:58:37.6080067Z Uploaded bytes 75497472
2026-10-08T22:58:37.9326391Z Uploaded bytes 83886080
2026-10-08T22:58:38.2367137Z Uploaded bytes 92274688
2026-10-08T22:58:38.5230775Z Uploaded bytes 100663296
2026-10-08T22:58:38.9133895Z Uploaded bytes 109051904
2026-10-08T22:58:39.2594011Z Uploaded bytes 117440512
2026-10-08T22:58:39.5138419Z Uploaded bytes 125829120
2026-10-08T22:58:39.6219452Z Uploaded bytes 127624361
2026-10-08T22:58:39.6805097Z Finished uploading artifact content to blob storage!
2026-10-08T22:58:39.6808609Z SHA256 digest of uploaded artifact zip is fe954c8450a9377f10a014cae6d041499dcd6d642ddeffb2890b4c48cfddcd76
2026-10-08T22:58:39.6810778Z Finalizing artifact upload
2026-10-08T22:58:40.0716610Z Artifact G10-standalone-part-03-9109bd50a9b851b68c97ae932f024f2911f6b54d.zip successfully finalized. Artifact ID 11583774273
2026-10-08T22:58:40.0718897Z Artifact G10-standalone-part-03-9109bd50a9b851b68c97ae932f024f2911f6b54d has been successfully uploaded! Final size is 127624361 bytes. Artifact ID is 11583774273
2026-10-08T22:58:40.0724702Z Artifact download URL: https://github.com/luisitin/partybox-game-cores/actions/runs/37854753140/artifacts/11583774273
2026-10-08T22:58:40.0882277Z ##[group]Run actions/upload-artifact@v4
2026-10-08T22:58:40.0882637Z with:
2026-10-08T22:58:40.0882996Z   name: G10-check-evidence-9109bd50a9b851b68c97ae932f024f2911f6b54d
2026-10-08T22:58:40.0883728Z   path: jobs/G10-checkers/.work-stage-*.stdout
jobs/G10-checkers/.work/checks
jobs/G10-checkers/.work/browser
jobs/G10-checkers/.work/media

2026-10-08T22:58:40.0884353Z   include-hidden-files: true
2026-10-08T22:58:40.0884653Z   retention-days: 7
2026-10-08T22:58:40.0884931Z   if-no-files-found: warn
2026-10-08T22:58:40.0885218Z   compression-level: 6
2026-10-08T22:58:40.0885499Z   overwrite: false
2026-10-08T22:58:40.0885756Z env:
2026-10-08T22:58:40.0886064Z   G10_SOURCE_COMMIT: 9109bd50a9b851b68c97ae932f024f2911f6b54d
2026-10-08T22:58:40.0886572Z ##[endgroup]
2026-10-08T22:58:40.2549994Z (node:3932) [DEP0040] DeprecationWarning: The `punycode` module is deprecated. Please use a userland alternative instead.
2026-10-08T22:58:40.2551553Z (Use `node --trace-deprecation ...` to show where the warning was created)
2026-10-08T22:58:40.3020590Z With the provided path, there will be 239 files uploaded
2026-10-08T22:58:40.3022056Z Artifact name is valid!
2026-10-08T22:58:40.3022780Z Root directory input is valid!
2026-10-08T22:58:40.6543081Z Beginning upload of artifact content to blob storage
2026-10-08T22:58:41.2586239Z (node:3932) [DEP0169] DeprecationWarning: `url.parse()` behavior is not standardized and prone to errors that have security implications. Use the WHATWG URL API instead. CVEs are not issued for `url.parse()` vulnerabilities.
2026-10-08T22:58:41.9767399Z Uploaded bytes 8388608
2026-10-08T22:58:42.1108792Z Uploaded bytes 10590774
2026-10-08T22:58:42.1687794Z Finished uploading artifact content to blob storage!
2026-10-08T22:58:42.1689032Z SHA256 digest of uploaded artifact zip is 88e16926eb5472bfd551cc886c93490989f37a58c1c8a7ace49c21b0f14f4c23
2026-10-08T22:58:42.1691009Z Finalizing artifact upload
2026-10-08T22:58:42.4257608Z Artifact G10-check-evidence-9109bd50a9b851b68c97ae932f024f2911f6b54d.zip successfully finalized. Artifact ID 11583709479
2026-10-08T22:58:42.4260189Z Artifact G10-check-evidence-9109bd50a9b851b68c97ae932f024f2911f6b54d has been successfully uploaded! Final size is 10590774 bytes. Artifact ID is 11583709479
2026-10-08T22:58:42.4265896Z Artifact download URL: https://github.com/luisitin/partybox-game-cores/actions/runs/37854753140/artifacts/11583709479
2026-10-08T22:58:42.4451568Z Post job cleanup.
2026-10-08T22:58:42.5667246Z (node:3947) [DEP0040] DeprecationWarning: The `punycode` module is deprecated. Please use a userland alternative instead.
2026-10-08T22:58:42.5670636Z (Use `node --trace-deprecation ...` to show where the warning was created)
2026-10-08T22:58:42.5672008Z Cache hit occurred on the primary key node-cache-Linux-x64-npm-b79e3f2344d4218dbbb2f93f566da8e1ac49738aa1184813b150890d461d0c8a, not saving cache.
2026-10-08T22:58:42.5787046Z Post job cleanup.
2026-10-08T22:58:42.6664502Z [command]/usr/bin/git version
2026-10-08T22:58:42.6716617Z git version 2.55.0
2026-10-08T22:58:42.6765117Z Temporarily overriding HOME='/home/runner/work/_temp/9439aa99-d8ca-44aa-8a2c-b626f3da24d6' before making global git config changes
2026-10-08T22:58:42.6767017Z Adding repository directory to the temporary git global config as a safe directory
2026-10-08T22:58:42.6772332Z [command]/usr/bin/git config --global --add safe.directory /home/runner/work/partybox-game-cores/partybox-game-cores
2026-10-08T22:58:42.6836931Z [command]/usr/bin/git config --local --name-only --get-regexp core\.sshCommand
2026-10-08T22:58:42.6886792Z [command]/usr/bin/git submodule foreach --recursive sh -c "git config --local --name-only --get-regexp 'core\.sshCommand' && git config --local --unset-all 'core.sshCommand' || :"
2026-10-08T22:58:42.7109686Z [command]/usr/bin/git config --local --name-only --get-regexp http\.https\:\/\/github\.com\/\.extraheader
2026-10-08T22:58:42.7149065Z http.https://github.com/.extraheader
2026-10-08T22:58:42.7153801Z [command]/usr/bin/git config --local --unset-all http.https://github.com/.extraheader
2026-10-08T22:58:42.7188746Z [command]/usr/bin/git submodule foreach --recursive sh -c "git config --local --name-only --get-regexp 'http\.https\:\/\/github\.com\/\.extraheader' && git config --local --unset-all 'http.https://github.com/.extraheader' || :"
2026-10-08T22:58:42.7396465Z [command]/usr/bin/git config --local --name-only --get-regexp ^includeIf\.gitdir:
2026-10-08T22:58:42.7435964Z [command]/usr/bin/git submodule foreach --recursive git config --local --show-origin --name-only --get-regexp remote.origin.url
2026-10-08T22:58:42.7848724Z Cleaning up orphan processes
2026-10-08T22:58:42.8124318Z ##[warning]Node.js 20 is deprecated. The following actions target Node.js 20 but are being forced to run on Node.js 24: actions/checkout@v4, actions/download-artifact@v4, actions/setup-node@v4, actions/upload-artifact@v4. For more information see: https://github.blog/changelog/2025-09-19-deprecation-of-node-20-on-github-actions-runners/

